PLAN_NAME,REGION,GENDER,AGE,RECHARGE_FREQUENCY,duree_jours,evenement
Blue One S,Adamawa,Male,17,2,7,0
Blue One S,Far North,Male,17,2,27,0
Blue One L,Adamawa,Female,32,0,197,1
Blue One L,South,Male,26,3,203,0
Blue One L,Far North,Male,33,3,189,0
Blue One L,North,Female,24,2,61,1
Blue One M,South West,Male,21,3,103,0
Blue One L,South West,Male,29,3,165,0
Blue One M,North West,Male,23,3,161,0
Blue One M,Adamawa,Female,22,2,112,0
Blue One M,Littoral,Female,19,3,87,0
Blue One S,West,Female,23,2,12,0
Blue One S,Adamawa,Female,19,1,13,0
Blue One S,Far North,Male,24,2,11,0
Blue One M,Adamawa,Male,24,3,102,0
Blue One L,Centre,Male,27,3,187,0
Blue One L,South West,Male,25,2,90,1
Blue One L,Far North,Female,26,3,188,0
Blue One L,South West,Male,29,3,166,0
Blue One M,North West,Female,25,3,139,0
Blue One M,East,Male,30,0,111,1
Blue One M,Littoral,Female,26,2,73,1
Blue One M,Centre,Female,22,2,91,0
Blue One S,Far North,Male,26,2,45,0
Blue One M,West,Male,17,0,79,1
Blue One L,Littoral,Female,26,2,74,1
Blue One L,East,Male,23,2,154,1
Blue One M,North West,Male,27,3,161,0
Blue One M,East,Female,19,2,103,0
Blue One S,Adamawa,Female,24,1,62,0
Blue One M,East,Female,26,2,69,1
Blue One L,West,Female,25,2,77,1
Blue One M,West,Male,24,2,84,1
Blue One M,North West,Female,22,2,91,1
Blue One S,Adamawa,Male,19,1,11,0
Blue One L,South,Male,29,2,196,0
Blue One L,Centre,Female,32,2,194,0
Blue One L,Adamawa,Male,25,2,161,1
Blue One L,Centre,Male,29,2,81,1
Blue One L,Centre,Female,27,0,195,1
Blue One L,East,Male,26,3,199,0
Blue One M,Far North,Male,25,3,90,0
Blue One S,North,Male,22,1,32,0
Blue One M,East,Female,23,2,81,0
Blue One M,Littoral,Male,23,2,87,0
Blue One M,Centre,Male,21,3,115,0
Blue One M,South,Female,26,2,88,1
Blue One L,Centre,Female,24,2,200,1
Blue One L,North West,Female,26,2,119,1
Blue One M,East,Male,24,2,152,0
Blue One M,Centre,Female,28,2,91,1
Blue One L,Centre,Female,23,0,108,1
Blue One L,North West,Female,23,2,154,1
Blue One M,Far North,Female,23,2,102,0
Blue One M,Littoral,Male,20,3,96,0
Blue One S,South West,Male,23,2,55,0
Blue One L,South,Female,26,0,130,1
Blue One S,East,Male,18,2,40,0
Blue One M,West,Female,24,0,68,1
Blue One L,North West,Male,23,2,189,0
Blue One M,Littoral,Male,25,2,138,0
Blue One L,South West,Female,28,0,152,1
Blue One M,Adamawa,Male,25,2,76,1
Blue One M,Littoral,Female,24,3,101,0
Blue One M,North,Male,24,3,97,0
Blue One M,West,Female,28,2,62,1
Blue One M,South West,Female,24,3,80,0
Blue One S,Littoral,Female,24,2,41,0
Blue One S,South,Male,25,2,47,0
Blue One S,South West,Male,25,1,16,0
Blue One S,North West,Male,20,2,14,0
Blue One S,West,Male,21,2,31,0
Blue One L,Littoral,Male,26,0,178,1
Blue One M,North,Female,26,2,153,1
Blue One M,South,Male,28,0,102,1
Blue One S,West,Female,20,1,39,0
Blue One S,East,Male,18,1,19,0
Blue One M,Adamawa,Male,28,0,90,1
Blue One M,South,Female,31,0,91,1
Blue One M,North West,Female,24,2,88,1
Blue One L,South,Female,30,0,126,1
Blue One S,Far North,Male,19,1,12,0
Blue One S,West,Female,19,1,13,0
Blue One S,North,Male,18,1,17,0
Blue One L,Centre,Male,29,2,207,0
Blue One L,South West,Male,26,2,91,1
Blue One M,Littoral,Male,26,0,94,1
Blue One L,East,Male,23,0,84,1
Blue One M,West,Male,25,2,132,0
Blue One L,Littoral,Male,25,2,181,1
Blue One L,South West,Female,31,2,176,1
Blue One L,Centre,Female,22,3,186,0
Blue One M,East,Male,21,3,103,0
Blue One L,North West,Female,28,2,192,0
Blue One L,Littoral,Male,27,3,178,0
Blue One L,Far North,Female,25,2,73,1
Blue One L,Centre,Female,24,0,133,1
Blue One L,Littoral,Male,29,2,178,0
Blue One L,South,Female,30,2,90,1
Blue One L,West,Female,29,3,174,0
Blue One S,South,Male,23,1,23,0
Blue One S,Far North,Female,24,2,41,0
Blue One S,Adamawa,Male,17,1,35,0
Blue One S,Centre,Female,19,2,32,0
Blue One L,Adamawa,Female,27,0,63,1
Blue One L,East,Male,26,2,191,0
Blue One L,Littoral,Male,25,2,136,1
Blue One L,East,Male,24,3,182,0
Blue One L,West,Male,28,3,182,0
Blue One L,Centre,Male,24,2,174,0
Blue One M,Adamawa,Female,28,2,73,1
Blue One M,East,Male,28,2,92,1
Blue One S,East,Male,18,2,55,0
Blue One S,Centre,Female,26,1,41,0
Blue One S,Littoral,Female,24,2,32,0
Blue One S,North West,Female,17,2,31,0
Blue One S,Centre,Female,22,1,31,0
Blue One L,Adamawa,Female,27,2,137,1
Blue One M,Littoral,Female,31,0,83,1
Blue One M,Littoral,Female,25,2,74,0
Blue One L,West,Male,24,2,91,1
Blue One L,North West,Male,28,0,118,1
Blue One L,South West,Male,27,2,186,0
Blue One L,North West,Female,22,2,195,0
Blue One L,West,Female,28,0,89,1
Blue One L,North West,Female,28,2,203,0
Blue One L,South,Male,25,0,162,1
Blue One L,Centre,Male,24,2,63,1
Blue One L,North West,Female,24,0,98,1
Blue One L,Adamawa,Female,26,0,102,1
Blue One M,North West,Male,25,2,130,0
Blue One L,South West,Female,28,2,63,1
Blue One L,Littoral,Female,23,2,89,1
Blue One L,North West,Male,26,2,170,0
Blue One L,North,Male,28,2,186,1
Blue One L,Centre,Male,20,2,114,1
Blue One L,West,Female,27,2,94,1
Blue One M,North,Male,25,0,87,1
Blue One M,Littoral,Male,25,0,86,1
Blue One M,North,Female,23,0,63,1
Blue One L,North West,Female,27,3,174,0
Blue One L,North West,Female,26,2,171,0
Blue One M,West,Male,23,0,96,1
Blue One M,Adamawa,Female,22,2,90,0
Blue One M,Far North,Male,28,0,111,1
Blue One L,West,Male,27,0,63,1
Blue One L,Centre,Male,28,2,97,1
Blue One L,Littoral,Male,25,2,67,1
Blue One L,Littoral,Female,27,0,129,1
Blue One L,Adamawa,Female,25,2,62,1
Blue One L,South West,Female,24,2,185,0
Blue One L,North West,Male,31,0,62,1
Blue One L,South West,Male,33,3,186,0
Blue One L,Adamawa,Female,20,3,175,0
Blue One L,South West,Female,24,3,183,0
Blue One L,West,Male,21,3,183,0
Blue One L,South,Male,29,2,66,1
Blue One L,West,Female,27,2,183,0
Blue One L,Centre,Female,22,2,63,1
Blue One L,South West,Male,26,2,178,0
Blue One L,East,Female,20,2,62,1
Blue One L,Littoral,Male,24,2,76,1
Blue One L,North,Female,29,2,133,1
Blue One L,West,Male,26,2,167,0
Blue One M,North,Male,26,2,124,1
Blue One L,Centre,Female,22,2,137,1
Blue One L,Littoral,Female,25,2,173,0
Blue One L,North West,Female,27,2,164,1
Blue One L,Far North,Female,32,3,185,0
Blue One L,Centre,Female,26,0,105,1
Blue One L,North,Male,24,2,63,1
Blue One L,North,Male,32,2,185,0
Blue One L,South,Female,23,0,119,1
Blue One L,Centre,Female,25,0,63,1
Blue One L,Adamawa,Male,25,3,183,0
Blue One L,East,Female,31,2,182,0
Blue One M,Centre,Female,24,3,90,0
Blue One S,East,Female,17,1,53,0
Blue One M,Littoral,Male,20,0,98,1
Blue One M,East,Female,26,3,78,0
Blue One L,Centre,Male,31,3,179,0
Blue One L,South,Female,26,2,170,0
Blue One L,Littoral,Male,30,2,203,0
Blue One L,Adamawa,Male,26,0,136,1
Blue One M,West,Male,24,0,71,1
Blue One M,North West,Female,24,2,156,0
Blue One L,North,Male,33,0,159,1
Blue One L,Littoral,Male,25,2,86,1
Blue One L,Adamawa,Female,28,3,169,0
Blue One L,East,Male,27,0,63,1
Blue One M,South,Male,23,3,83,0
Blue One L,South West,Female,29,2,199,0
Blue One L,Littoral,Female,26,0,65,1
Blue One L,North,Male,27,2,188,0
Blue One L,South,Female,28,2,123,1
Blue One L,Adamawa,Female,29,2,132,1
Blue One S,South West,Female,24,2,54,0
Blue One M,Centre,Male,22,2,116,0
Blue One L,West,Male,29,2,191,1
Blue One L,Littoral,Female,30,2,130,1
Blue One L,North,Male,25,0,137,1
Blue One L,South,Female,26,2,86,1
Blue One L,East,Male,26,0,165,1
Blue One L,North West,Female,27,0,190,1
Blue One L,South,Male,31,2,208,0
Blue One L,Adamawa,Female,24,2,140,1
Blue One M,Far North,Male,24,2,154,0
Blue One L,South,Male,28,2,207,0
Blue One L,Centre,Female,28,2,142,1
Blue One L,West,Female,24,2,166,1
Blue One L,Far North,Male,31,2,198,0
Blue One L,Centre,Female,29,3,204,0
Blue One L,Centre,Male,27,2,197,0
Blue One L,Centre,Male,30,2,188,1
Blue One M,West,Male,24,3,146,0
Blue One M,West,Female,27,3,154,0
Blue One L,Centre,Male,30,3,182,0
Blue One L,Littoral,Male,24,3,192,0
Blue One L,West,Female,29,0,123,1
Blue One M,East,Male,28,0,136,1
Blue One L,Far North,Female,30,3,207,0
Blue One S,North,Male,21,2,20,0
Blue One M,Far North,Male,26,2,152,0
Blue One L,South West,Male,20,3,180,0
Blue One M,East,Female,28,0,133,1
Blue One M,Far North,Male,28,2,68,1
Blue One M,Far North,Female,26,0,65,1
Blue One L,North,Male,33,0,109,1
Blue One L,North,Female,33,0,97,1
Blue One L,West,Male,28,2,69,1
Blue One L,East,Male,29,0,128,1
Blue One L,Adamawa,Male,30,0,62,1
Blue One L,Adamawa,Female,28,2,61,1
Blue One L,Centre,Male,27,2,202,0
Blue One L,Littoral,Male,29,3,203,0
Blue One M,Adamawa,Male,22,2,91,0
Blue One L,Adamawa,Male,28,2,159,1
Blue One L,South West,Female,25,0,153,1
Blue One M,North West,Female,24,0,63,1
Blue One M,South West,Female,22,3,90,0
Blue One L,West,Female,28,2,200,0
Blue One L,Far North,Male,30,2,97,1
Blue One S,North,Male,22,2,51,0
Blue One L,North West,Male,28,0,63,1
Blue One L,East,Male,28,2,200,0
Blue One L,South West,Female,24,2,203,0
Blue One L,North West,Female,25,2,62,1
Blue One L,North,Female,28,3,207,0
Blue One M,West,Male,24,2,91,1
Blue One M,Centre,Female,25,2,154,0
Blue One M,East,Male,21,2,83,0
Blue One M,Adamawa,Male,28,2,73,1
Blue One S,Far North,Male,20,1,45,0
Blue One S,Far North,Male,26,2,48,0
Blue One S,South,Male,22,2,49,0
Blue One M,South,Female,25,3,91,0
Blue One L,Centre,Female,28,3,207,0
Blue One L,Far North,Male,28,2,207,0
Blue One L,Littoral,Male,26,0,163,1
Blue One L,South West,Female,28,2,207,0
Blue One L,North,Female,27,3,187,0
Blue One L,Littoral,Female,26,0,74,1
Blue One L,North,Male,28,2,66,1
Blue One M,Littoral,Female,23,2,96,0
Blue One M,Far North,Male,25,0,64,1
Blue One S,South,Male,17,1,68,0
Blue One L,North West,Female,28,0,95,1
Blue One L,Centre,Female,24,2,108,1
Blue One M,East,Female,19,2,87,0
Blue One L,East,Female,31,2,188,1
Blue One L,North,Male,28,0,63,1
Blue One L,South West,Male,21,2,175,0
Blue One L,North West,Female,32,2,188,0
Blue One L,East,Male,31,2,115,1
Blue One L,West,Male,26,2,63,1
Blue One L,Centre,Female,32,2,62,1
Blue One L,Far North,Male,26,2,98,1
Blue One L,South,Male,23,2,80,1
Blue One M,Far North,Male,23,3,139,0
Blue One L,South,Female,29,0,181,1
Blue One L,East,Female,24,3,180,0
Blue One L,North West,Male,27,2,171,0
Blue One L,South West,Female,26,3,179,0
Blue One L,Littoral,Male,24,3,188,0
Blue One L,North,Female,29,2,182,0
Blue One M,North,Male,22,2,107,0
Blue One L,South West,Male,25,0,174,1
Blue One M,Centre,Male,27,0,70,1
Blue One L,North,Male,29,2,144,1
Blue One M,South,Female,27,2,134,1
Blue One L,Far North,Female,22,3,175,0
Blue One M,East,Male,32,0,103,1
Blue One M,North West,Male,25,0,63,1
Blue One L,West,Female,26,2,76,1
Blue One L,South West,Female,33,3,200,0
Blue One L,East,Male,29,3,201,0
Blue One L,Adamawa,Female,30,0,120,1
Blue One L,Far North,Male,24,3,178,0
Blue One L,South,Female,33,0,163,1
Blue One L,South,Female,26,3,198,0
Blue One L,North West,Male,30,3,195,0
Blue One L,South,Female,30,0,152,1
Blue One L,North,Male,23,2,165,1
Blue One L,South,Female,21,2,79,1
Blue One L,South,Male,30,0,91,1
Blue One M,Adamawa,Female,27,3,151,0
Blue One L,Adamawa,Male,25,2,61,1
Blue One L,Littoral,Female,21,3,181,0
Blue One L,Centre,Male,30,2,80,1
Blue One L,East,Female,32,2,185,0
Blue One L,North,Female,29,3,184,0
Blue One L,Littoral,Female,28,2,178,0
Blue One L,Adamawa,Male,25,2,107,1
Blue One L,North,Male,26,2,168,1
Blue One L,East,Female,23,2,135,1
Blue One L,South West,Male,27,2,178,1
Blue One L,Adamawa,Male,30,3,180,0
Blue One L,Centre,Male,29,0,113,1
Blue One L,North West,Female,33,0,136,1
Blue One M,South West,Female,20,0,161,1
Blue One L,South,Female,28,3,185,0
Blue One L,North,Male,25,0,172,1
Blue One L,East,Female,27,2,183,0
Blue One L,Centre,Female,28,0,177,1
Blue One L,Littoral,Female,21,2,185,0
Blue One L,West,Male,28,0,66,1
Blue One L,Littoral,Male,25,2,163,1
Blue One L,Adamawa,Male,24,2,177,1
Blue One L,Adamawa,Male,28,3,186,0
Blue One L,Littoral,Male,24,2,176,1
Blue One L,Far North,Female,30,2,187,0
Blue One L,Centre,Female,24,0,185,1
Blue One L,North West,Female,23,2,176,1
Blue One L,Adamawa,Male,29,2,185,1
Blue One L,Littoral,Female,27,0,64,1
Blue One L,Centre,Male,27,0,81,1
Blue One L,West,Female,21,2,76,1
Blue One L,Centre,Female,29,2,101,1
Blue One L,South West,Male,31,3,182,0
Blue One L,West,Female,32,2,182,0
Blue One L,Adamawa,Female,21,2,187,0
Blue One L,Centre,Male,23,2,137,1
Blue One L,North West,Male,28,0,101,1
Blue One L,South West,Female,23,2,187,0
Blue One L,North West,Female,29,2,149,1
Blue One L,North West,Female,24,2,147,1
Blue One M,North,Male,23,2,163,0
Blue One M,Adamawa,Female,27,2,154,0
Blue One M,South,Female,23,3,159,0
Blue One M,Littoral,Male,26,3,151,0
Blue One L,East,Male,33,0,164,1
Blue One M,South West,Male,29,3,158,0
Blue One M,South,Female,28,2,159,0
Blue One M,East,Female,28,3,159,0
Blue One M,North,Female,23,3,157,0
Blue One M,South West,Female,26,2,153,0
Blue One M,Centre,Female,26,2,65,1
Blue One M,South,Male,22,0,98,1
Blue One M,Adamawa,Female,28,3,149,0
Blue One L,Far North,Male,28,0,140,1
Blue One L,Centre,Female,24,2,119,1
Blue One M,Centre,Female,23,2,83,1
Blue One M,North West,Female,24,0,81,1
Blue One M,West,Female,24,3,161,0
Blue One M,North West,Female,23,3,153,0
Blue One M,Adamawa,Female,22,0,87,1
Blue One M,West,Male,24,0,110,1
Blue One L,West,Male,26,2,136,1
Blue One L,South,Female,24,3,168,0
Blue One M,Far North,Male,23,2,72,1
Blue One M,South West,Male,26,0,90,1
Blue One L,South,Male,24,3,166,0
Blue One L,Far North,Female,25,3,165,0
Blue One L,Far North,Female,27,3,169,0
Blue One M,Adamawa,Male,24,2,163,0
Blue One M,Adamawa,Female,26,2,163,0
Blue One L,North,Male,29,0,103,1
Blue One L,South West,Female,28,2,181,0
Blue One L,West,Female,29,2,167,1
Blue One M,North West,Female,24,2,153,0
Blue One M,North,Female,25,2,61,1
Blue One L,South,Female,26,3,182,0
Blue One L,North West,Female,26,3,177,0
Blue One L,Centre,Male,27,3,175,0
Blue One L,West,Male,27,0,121,1
Blue One M,South,Male,30,0,126,1
Blue One L,South West,Female,24,2,181,0
Blue One M,South,Female,26,3,139,0
Blue One L,Far North,Male,25,0,104,1
Blue One L,North,Female,31,3,173,0
Blue One M,Far North,Male,26,2,146,0
Blue One S,Adamawa,Female,27,2,74,0
Blue One L,Littoral,Male,21,3,170,0
Blue One M,West,Male,25,3,148,0
Blue One L,Littoral,Female,22,3,169,0
Blue One M,East,Male,25,2,69,1
Blue One M,West,Male,26,2,159,0
Blue One L,Centre,Female,33,0,64,1
Blue One M,North,Female,29,2,112,0
Blue One M,Centre,Male,25,2,79,0
Blue One M,South West,Female,29,3,141,0
Blue One M,Centre,Male,23,3,89,0
Blue One M,Far North,Male,25,2,74,1
Blue One L,South,Male,20,2,179,0
Blue One L,West,Male,24,0,154,1
Blue One L,Littoral,Female,27,2,82,1
Blue One L,Centre,Female,23,2,140,1
Blue One L,Adamawa,Male,25,0,130,1
Blue One M,East,Male,25,0,67,1
Blue One M,Adamawa,Female,27,2,161,0
Blue One M,Far North,Female,20,3,152,0
Blue One L,Far North,Male,28,2,175,0
Blue One M,Centre,Female,25,0,109,1
Blue One M,North West,Female,18,2,72,1
Blue One M,Far North,Male,25,3,157,0
Blue One M,North West,Male,28,2,151,0
Blue One M,West,Male,32,2,147,0
Blue One M,North,Male,21,3,133,0
Blue One M,West,Male,24,2,78,1
Blue One M,Far North,Female,23,2,112,0
Blue One M,West,Male,21,3,126,0
Blue One M,Adamawa,Female,28,2,152,0
Blue One M,North,Male,23,2,124,0
Blue One M,Littoral,Male,24,0,62,1
Blue One M,North,Male,29,2,77,1
Blue One M,West,Male,32,0,85,1
Blue One M,South,Male,28,3,153,0
Blue One M,Centre,Male,30,2,123,1
Blue One M,South West,Male,23,3,146,0
Blue One M,South,Female,22,2,131,0
Blue One M,South,Female,25,3,124,0
Blue One M,South,Female,23,2,73,1
Blue One M,South,Female,25,3,89,0
Blue One M,East,Female,26,3,76,0
Blue One M,South,Male,22,3,75,0
Blue One S,South West,Female,29,2,59,0
Blue One S,North West,Female,23,1,55,0
Blue One S,South,Female,26,1,44,0
Blue One M,Adamawa,Male,26,3,143,0
Blue One M,West,Female,27,2,120,1
Blue One M,Adamawa,Male,25,2,64,1
Blue One L,Far North,Male,29,0,159,1
Blue One M,Adamawa,Female,27,3,155,0
Blue One L,South,Male,32,2,170,0
Blue One L,Adamawa,Male,26,3,182,0
Blue One L,East,Female,28,2,75,1
Blue One M,West,Male,24,0,125,1
Blue One M,Centre,Male,32,2,153,0
Blue One M,North West,Male,31,0,75,1
Blue One L,South West,Female,29,3,182,0
Blue One M,Adamawa,Male,27,2,111,0
Blue One M,South West,Male,31,0,94,1
Blue One L,West,Female,24,3,179,0
Blue One L,Littoral,Male,30,2,116,1
Blue One L,Littoral,Female,24,2,182,0
Blue One L,South,Female,26,3,182,0
Blue One L,South West,Female,31,2,171,0
Blue One L,Littoral,Female,27,3,179,0
Blue One M,East,Male,23,2,154,0
Blue One L,South,Female,29,3,182,0
Blue One L,Centre,Male,28,2,118,1
Blue One L,North West,Male,27,2,123,1
Blue One L,Adamawa,Male,28,2,181,0
Blue One L,West,Male,24,2,181,0
Blue One L,North,Female,25,2,181,0
Blue One L,South West,Female,26,3,181,0
Blue One L,South,Female,26,2,101,1
Blue One M,Far North,Male,23,3,129,0
Blue One M,North West,Male,27,2,112,1
Blue One M,North,Male,29,2,157,0
Blue One M,West,Male,24,2,92,1
Blue One L,North West,Male,28,0,63,1
Blue One L,North West,Female,24,2,82,1
Blue One L,Littoral,Female,23,3,179,0
Blue One L,South West,Female,24,0,170,1
Blue One M,Far North,Male,28,0,111,1
Blue One L,West,Male,26,2,115,1
Blue One L,North,Female,26,2,168,1
Blue One L,West,Female,23,0,168,1
Blue One L,South West,Male,24,2,151,1
Blue One M,Adamawa,Female,29,0,63,1
Blue One M,South,Female,21,3,163,0
Blue One M,North,Female,29,2,146,0
Blue One S,East,Male,28,2,35,0
Blue One M,North,Male,23,3,137,0
Blue One M,Centre,Female,27,3,107,0
Blue One M,Centre,Male,26,3,161,0
Blue One M,Littoral,Female,27,3,147,0
Blue One M,Centre,Male,26,2,115,1
Blue One M,West,Male,22,3,130,0
Blue One M,Adamawa,Female,27,3,145,0
Blue One S,Far North,Female,19,2,34,0
Blue One M,South,Male,24,0,93,1
Blue One M,South,Female,21,0,63,1
Blue One M,North,Male,21,3,150,0
Blue One M,North West,Male,26,2,98,1
Blue One S,Centre,Male,23,2,16,0
Blue One M,North,Male,26,2,92,1
Blue One M,North West,Male,25,0,161,1
Blue One M,North West,Male,31,2,152,1
Blue One M,West,Male,27,2,151,0
Blue One M,Adamawa,Male,30,3,162,0
Blue One M,West,Female,27,2,99,1
Blue One M,South West,Male,29,3,148,0
Blue One M,South West,Male,24,2,134,0
Blue One M,North West,Male,28,3,157,0
Blue One M,South West,Male,20,2,92,1
Blue One M,North,Male,27,3,110,0
Blue One L,Littoral,Male,23,2,164,0
Blue One M,North,Male,28,2,113,1
Blue One M,West,Male,19,0,83,1
Blue One L,South,Female,24,2,84,1
Blue One L,Centre,Female,21,2,145,1
Blue One S,Adamawa,Female,26,1,53,0
Blue One M,South,Female,23,2,67,1
Blue One L,East,Female,29,2,195,1
Blue One L,Littoral,Male,30,2,114,1
Blue One L,Littoral,Female,24,0,175,1
Blue One M,East,Male,29,2,132,0
Blue One L,North,Female,23,2,180,0
Blue One L,North,Male,28,3,202,0
Blue One L,North,Male,32,0,174,1
Blue One L,North,Male,29,3,202,0
Blue One L,Centre,Female,29,2,189,0
Blue One L,North,Male,33,3,203,0
Blue One L,West,Female,24,0,64,1
Blue One L,Littoral,Male,29,2,170,0
Blue One M,South,Male,25,2,91,0
Blue One M,North West,Male,21,2,84,1
Blue One L,Far North,Female,23,2,202,0
Blue One L,South West,Female,25,2,63,1
Blue One L,Adamawa,Female,22,0,194,1
Blue One S,West,Female,17,1,40,0
Blue One M,South,Male,24,2,151,1
Blue One M,North,Male,27,2,105,0
Blue One S,South,Male,17,2,26,0
Blue One M,Adamawa,Male,31,2,110,1
Blue One L,West,Male,33,3,170,0
Blue One L,Far North,Male,26,0,92,1
Blue One S,Far North,Male,22,1,32,0
Blue One S,Adamawa,Male,17,1,14,0
Blue One S,Adamawa,Female,24,2,52,0
Blue One L,South,Male,28,0,183,1
Blue One L,Littoral,Female,31,2,166,0
Blue One L,Adamawa,Female,31,0,180,1
Blue One L,East,Male,21,2,80,1
Blue One M,North,Male,21,2,129,1
Blue One L,South West,Female,29,2,166,0
Blue One M,West,Female,29,2,135,0
Blue One M,South West,Female,25,2,80,1
Blue One L,North,Male,24,0,64,1
Blue One L,North West,Male,30,0,119,1
Blue One L,Littoral,Male,33,2,197,1
Blue One L,Adamawa,Male,29,0,99,1
Blue One S,Littoral,Male,17,1,6,0
Blue One M,Littoral,Female,32,0,65,1
Blue One L,North West,Female,26,2,194,0
Blue One L,North West,Female,28,0,142,1
Blue One L,Littoral,Male,23,2,188,0
Blue One L,Adamawa,Female,23,2,193,0
Blue One L,Adamawa,Female,24,2,188,0
Blue One L,North,Male,28,2,126,1
Blue One L,Far North,Female,24,2,131,1
Blue One L,East,Male,22,2,154,1
Blue One L,East,Male,27,0,98,1
Blue One L,North,Female,28,3,170,0
Blue One L,East,Female,21,2,90,1
Blue One L,Centre,Male,29,0,64,1
Blue One L,North West,Female,25,2,161,1
Blue One L,East,Female,24,0,67,1
Blue One L,South West,Female,28,0,84,1
Blue One L,Centre,Male,24,2,166,0
Blue One L,Adamawa,Female,29,0,73,1
Blue One L,Centre,Female,26,0,82,1
Blue One L,South West,Male,26,2,171,0
Blue One M,South,Male,24,2,122,1
Blue One L,West,Male,28,0,78,1
Blue One L,North,Male,23,2,80,1
Blue One L,South,Female,24,3,172,0
Blue One L,Far North,Male,24,3,172,0
Blue One L,South West,Male,33,0,140,1
Blue One S,North West,Female,19,2,48,0
Blue One L,Littoral,Female,27,2,140,1
Blue One L,West,Female,29,3,193,0
Blue One L,Far North,Male,26,0,74,1
Blue One L,North,Male,32,2,125,1
Blue One L,Adamawa,Female,21,3,200,0
Blue One L,Far North,Male,24,0,156,1
Blue One L,South,Male,27,3,196,0
Blue One L,North,Male,27,0,92,1
Blue One L,North West,Male,27,2,92,1
Blue One L,North,Male,27,2,171,1
Blue One L,West,Female,29,3,188,0
Blue One L,South,Male,27,0,131,1
Blue One M,Littoral,Male,28,3,110,0
Blue One L,Centre,Male,31,3,172,0
Blue One L,East,Female,28,3,175,0
Blue One L,South,Male,26,0,92,1
Blue One S,North,Male,17,2,24,0
Blue One L,Littoral,Male,29,2,174,0
Blue One L,North,Male,31,2,171,1
Blue One L,Centre,Male,23,3,194,0
Blue One L,South West,Female,28,0,136,1
Blue One L,Centre,Female,27,3,207,0
Blue One L,North,Female,27,2,165,0
Blue One L,Far North,Female,28,2,107,1
Blue One L,Centre,Female,26,2,166,0
Blue One L,South,Male,30,3,174,0
Blue One L,North,Female,29,2,202,0
Blue One M,South West,Female,28,3,94,0
Blue One M,Adamawa,Female,29,2,124,0
Blue One M,Centre,Male,20,3,95,0
Blue One L,South West,Male,27,3,175,0
Blue One L,West,Male,22,0,85,1
Blue One M,South,Male,21,0,136,1
Blue One S,North,Male,20,2,40,0
Blue One M,Far North,Female,27,2,121,1
Blue One M,East,Male,24,2,158,0
Blue One L,Far North,Male,28,3,185,0
Blue One L,Adamawa,Male,22,2,189,0
Blue One S,Littoral,Male,20,1,25,0
Blue One L,South West,Female,24,2,175,0
Blue One M,North,Male,28,0,91,1
Blue One L,South,Female,21,2,86,1
Blue One M,East,Male,28,2,126,1
Blue One L,Adamawa,Female,28,3,194,0
Blue One L,Littoral,Male,23,2,172,0
Blue One M,East,Female,27,0,138,1
Blue One L,West,Male,22,2,89,1
Blue One L,Littoral,Male,30,3,200,0
Blue One L,North West,Male,29,2,108,1
Blue One L,Littoral,Female,25,3,179,0
Blue One M,Adamawa,Male,32,2,159,0
Blue One M,East,Male,29,2,145,0
Blue One M,East,Male,19,2,144,0
Blue One M,West,Male,31,2,142,1
Blue One L,East,Male,30,3,202,0
Blue One L,Adamawa,Male,28,3,166,0
Blue One L,North,Male,25,0,99,1
Blue One L,North,Male,31,3,201,0
Blue One L,South,Male,29,0,159,1
Blue One L,West,Female,25,3,207,0
Blue One L,South,Male,33,3,207,0
Blue One L,South West,Female,33,0,149,1
Blue One M,Far North,Male,23,3,161,0
Blue One M,West,Male,33,0,90,1
Blue One L,South West,Female,24,0,99,1
Blue One S,Adamawa,Male,19,2,35,0
Blue One L,North West,Male,23,2,179,0
Blue One M,South,Female,23,3,147,0
Blue One L,South West,Female,28,2,189,0
Blue One S,Adamawa,Female,17,2,7,0
Blue One S,Centre,Female,17,2,12,0
Blue One M,North West,Female,25,2,68,1
Blue One M,South West,Male,24,2,161,0
Blue One M,East,Female,23,0,93,1
Blue One M,North,Male,24,2,88,1
Blue One M,Adamawa,Male,26,3,122,0
Blue One M,East,Male,24,3,125,0
Blue One M,Centre,Female,28,2,152,0
Blue One M,Far North,Male,21,0,93,1
Blue One M,Far North,Male,27,2,144,0
Blue One M,Adamawa,Male,26,2,147,0
Blue One M,North,Male,22,2,140,0
Blue One M,North,Male,29,3,143,0
Blue One M,South West,Female,25,2,139,0
Blue One M,North West,Female,29,2,127,1
Blue One M,Far North,Male,21,3,131,0
Blue One M,South,Female,25,2,89,1
Blue One M,West,Male,26,2,100,0
Blue One M,East,Male,28,2,123,0
Blue One M,South,Female,25,2,121,0
Blue One M,Centre,Male,26,2,95,1
Blue One M,Adamawa,Male,19,2,87,1
Blue One M,North,Male,26,2,104,1
Blue One M,East,Female,27,3,134,0
Blue One M,Adamawa,Female,20,0,96,1
Blue One M,Far North,Male,29,2,163,0
Blue One M,Centre,Female,23,2,163,0
Blue One M,Littoral,Female,26,2,139,0
Blue One M,West,Male,25,2,156,0
Blue One M,Centre,Male,25,2,151,0
Blue One M,West,Male,23,0,61,1
Blue One M,Adamawa,Male,25,0,158,1
Blue One M,Far North,Male,30,2,152,0
Blue One M,West,Male,28,3,152,0
Blue One M,Adamawa,Female,29,2,84,1
Blue One M,West,Male,23,3,161,0
Blue One M,North,Male,25,0,77,1
Blue One M,East,Female,19,2,117,1
Blue One M,East,Male,17,0,96,1
Blue One M,West,Male,22,0,151,1
Blue One M,Centre,Male,23,2,160,0
Blue One M,South,Female,27,2,150,0
Blue One M,Littoral,Male,25,0,123,1
Blue One M,South,Male,27,2,157,0
Blue One M,North,Male,22,0,63,1
Blue One M,South West,Female,29,3,159,0
Blue One M,East,Female,27,3,151,0
Blue One M,Centre,Female,23,0,72,1
Blue One M,Centre,Male,26,2,61,1
Blue One M,South,Female,26,2,65,1
Blue One M,South West,Male,27,3,143,0
Blue One M,North West,Male,28,0,130,1
Blue One M,Far North,Male,25,2,157,0
Blue One M,North,Male,29,2,147,0
Blue One M,Littoral,Female,25,2,144,0
Blue One M,South West,Male,20,3,140,0
Blue One M,South West,Male,23,3,132,0
Blue One M,Littoral,Female,24,2,143,0
Blue One M,North,Female,25,2,136,0
Blue One M,Littoral,Female,26,2,152,0
Blue One M,East,Male,23,0,86,1
Blue One M,South West,Male,29,0,151,1
Blue One M,Centre,Female,26,2,149,1
Blue One M,Far North,Male,22,3,143,0
Blue One M,Far North,Female,27,0,78,1
Blue One M,Centre,Female,25,3,149,0
Blue One M,Adamawa,Male,26,0,63,1
Blue One M,East,Female,24,2,124,1
Blue One M,Far North,Male,24,0,64,1
Blue One L,Far North,Female,27,2,99,1
Blue One M,Far North,Female,28,2,103,1
Blue One M,West,Female,29,3,155,0
Blue One M,Adamawa,Male,27,0,120,1
Blue One L,South,Female,33,0,82,1
Blue One L,East,Male,21,0,93,1
Blue One L,South West,Female,28,0,158,1
Blue One M,Far North,Male,25,3,155,0
Blue One M,North West,Male,24,2,82,0
Blue One S,South West,Female,20,1,54,0
Blue One M,West,Male,23,0,61,1
Blue One M,North,Male,23,0,121,1
Blue One M,West,Male,30,2,101,1
Blue One M,West,Male,19,2,97,1
Blue One M,South West,Male,24,2,63,1
Blue One M,Centre,Female,21,2,76,0
Blue One M,South,Male,23,0,62,1
Blue One M,East,Female,29,2,67,1
Blue One M,Littoral,Male,25,2,129,0
Blue One M,North West,Female,29,2,125,1
Blue One M,Far North,Male,22,0,65,1
Blue One M,Adamawa,Female,26,3,125,0
Blue One M,Littoral,Male,28,2,124,0
Blue One M,South,Male,31,3,136,0
Blue One M,Centre,Male,22,2,120,1
Blue One M,East,Female,26,3,123,0
Blue One M,West,Female,22,2,154,0
Blue One M,Adamawa,Female,22,2,90,1
Blue One M,Centre,Female,28,2,127,1
Blue One M,Adamawa,Male,24,2,144,0
Blue One M,West,Male,25,0,111,1
Blue One M,South,Female,23,3,156,0
Blue One M,West,Male,26,3,151,0
Blue One M,East,Male,26,2,101,0
Blue One M,South,Male,21,3,104,0
Blue One M,East,Male,24,2,112,0
Blue One M,Adamawa,Female,24,2,138,0
Blue One M,Adamawa,Female,27,2,106,1
Blue One M,Centre,Female,21,2,124,0
Blue One S,South West,Male,21,2,14,0
Blue One M,Far North,Male,21,3,76,0
Blue One M,South West,Female,27,3,149,0
Blue One M,South,Female,23,3,157,0
Blue One M,Centre,Female,23,0,70,1
Blue One L,North,Male,25,0,115,1
Blue One L,South,Female,25,2,167,0
Blue One L,North,Male,31,2,116,1
Blue One M,Centre,Male,27,2,164,0
Blue One L,West,Female,32,2,77,1
Blue One M,North West,Female,29,0,114,1
Blue One M,West,Female,26,2,62,1
Blue One M,North,Male,23,2,86,0
Blue One M,Far North,Male,23,2,93,1
Blue One M,North West,Female,28,2,86,1
Blue One M,South,Female,23,3,138,0
Blue One M,North West,Male,28,2,139,0
Blue One M,South,Male,23,3,125,0
Blue One M,North,Female,22,2,157,0
Blue One M,Adamawa,Female,22,2,150,0
Blue One L,North West,Female,30,0,127,1
Blue One M,Far North,Male,26,3,160,0
Blue One L,East,Male,29,3,164,0
Blue One L,Centre,Female,31,0,93,1
Blue One M,Centre,Male,26,2,84,1
Blue One M,East,Male,19,3,153,0
Blue One M,Adamawa,Female,29,2,78,1
Blue One M,Adamawa,Female,27,2,147,0
Blue One M,Centre,Female,26,0,62,1
Blue One M,Adamawa,Female,23,3,159,0
Blue One L,Far North,Female,21,0,140,1
Blue One M,Far North,Male,26,2,74,1
Blue One M,Centre,Female,23,2,83,0
Blue One L,East,Female,30,0,137,1
Blue One L,South,Female,21,0,105,1
Blue One M,North West,Female,28,3,88,0
Blue One S,East,Female,23,1,52,0
Blue One M,South West,Male,24,2,89,1
Blue One M,West,Male,29,2,129,0
Blue One M,North,Male,23,0,70,1
Blue One M,East,Female,27,2,117,0
Blue One S,Centre,Female,21,1,16,0
Blue One M,East,Male,22,3,125,0
Blue One S,Centre,Female,27,1,54,0
Blue One M,South West,Female,25,3,126,0
Blue One M,North West,Female,21,2,105,0
Blue One M,North,Male,25,3,96,0
Blue One M,Littoral,Male,30,0,81,1
Blue One M,North West,Male,24,2,140,0
Blue One S,South West,Female,26,2,39,0
Blue One M,Far North,Male,26,2,85,1
Blue One M,North West,Female,25,0,66,1
Blue One M,North West,Female,24,2,140,0
Blue One L,West,Female,21,2,166,0
Blue One L,Far North,Female,26,2,67,1
Blue One M,Far North,Male,21,2,85,0
Blue One M,East,Male,24,2,92,0
Blue One M,South West,Male,23,2,93,1
Blue One S,Far North,Male,23,1,74,0
Blue One M,West,Male,26,2,78,1
Blue One M,Far North,Male,20,2,62,1
Blue One M,Littoral,Female,22,3,88,0
Blue One S,North West,Male,25,2,47,0
Blue One M,West,Female,22,2,81,0
Blue One M,South,Female,21,3,77,0
Blue One M,North,Male,24,3,77,0
Blue One M,Littoral,Female,19,3,81,0
Blue One M,South West,Male,21,3,75,0
Blue One S,North,Female,29,2,56,0
Blue One S,East,Female,22,2,46,0
Blue One M,South West,Female,25,3,76,0
Blue One S,North,Male,26,1,28,0
Blue One S,North West,Male,28,1,56,0
Blue One L,East,Female,19,2,165,0
Blue One L,Littoral,Female,30,2,164,0
Blue One M,North West,Female,28,2,154,0
Blue One S,Far North,Male,21,1,40,0
Blue One M,South West,Male,26,2,68,1
Blue One M,East,Female,25,2,129,0
Blue One M,North West,Female,32,3,109,0
Blue One M,North West,Male,29,3,108,0
Blue One M,South West,Female,25,3,97,0
Blue One M,South,Female,27,0,85,1
Blue One M,Centre,Male,25,0,124,1
Blue One M,North,Female,28,3,159,0
Blue One M,North West,Male,23,0,65,1
Blue One M,Adamawa,Male,22,2,78,0
Blue One M,South West,Male,20,2,115,0
Blue One M,Far North,Female,29,3,123,0
Blue One S,Adamawa,Female,17,1,63,0
Blue One S,Adamawa,Female,21,1,56,0
Blue One M,North West,Male,29,0,72,1
Blue One M,East,Female,27,2,134,0
Blue One M,North,Female,21,3,133,0
Blue One L,East,Female,27,3,178,0
Blue One L,Far North,Male,21,0,98,1
Blue One M,East,Male,24,2,133,0
Blue One M,North,Female,27,0,92,1
Blue One M,Littoral,Male,24,3,150,0
Blue One M,Far North,Male,23,2,154,0
Blue One M,South,Male,22,2,159,0
Blue One L,South West,Female,31,3,166,0
Blue One L,Adamawa,Female,26,2,79,1
Blue One M,Littoral,Male,26,3,155,0
Blue One L,East,Female,22,0,149,1
Blue One L,Adamawa,Female,24,0,121,1
Blue One L,North West,Female,21,0,90,1
Blue One M,South,Male,21,2,65,1
Blue One M,North,Female,28,2,143,0
Blue One M,South West,Female,23,0,72,1
Blue One M,Far North,Male,28,2,92,1
Blue One M,Centre,Female,24,2,144,0
Blue One M,North,Male,24,2,144,0
Blue One M,East,Male,27,3,145,0
Blue One M,Far North,Male,22,2,138,1
Blue One M,North,Female,20,2,140,0
Blue One M,North West,Female,23,2,144,0
Blue One M,West,Male,29,3,130,0
Blue One M,North West,Female,26,2,140,0
Blue One M,Centre,Male,26,3,143,0
Blue One M,South,Male,25,2,143,0
Blue One M,Adamawa,Male,29,3,139,0
Blue One M,Far North,Female,24,2,63,1
Blue One M,Littoral,Male,23,2,63,1
Blue One M,Littoral,Female,25,2,139,0
Blue One M,North West,Male,20,2,69,1
Blue One M,North West,Male,19,0,62,1
Blue One M,Littoral,Male,21,2,80,1
Blue One M,South,Male,30,3,132,0
Blue One M,South West,Female,27,2,118,1
Blue One M,South West,Male,28,3,151,0
Blue One M,North,Female,26,3,151,0
Blue One M,South,Male,26,2,144,0
Blue One M,North,Female,26,2,102,1
Blue One M,South,Male,23,0,106,1
Blue One M,South West,Male,24,0,91,1
Blue One M,Far North,Male,24,0,75,1
Blue One M,Centre,Male,22,2,67,1
Blue One M,West,Female,28,0,63,1
Blue One M,South,Male,22,3,150,0
Blue One M,Centre,Male,23,2,130,1
Blue One M,Adamawa,Male,25,2,150,0
Blue One M,South,Female,32,2,115,1
Blue One M,South,Male,25,2,62,1
Blue One M,West,Male,22,2,147,0
Blue One M,Adamawa,Female,23,3,138,0
Blue One M,Far North,Male,23,2,82,1
Blue One M,Adamawa,Female,24,2,66,1
Blue One M,North,Male,27,2,70,1
Blue One M,South,Male,25,0,72,1
Blue One M,Littoral,Female,21,0,63,1
Blue One M,Centre,Male,23,0,63,1
Blue One M,North West,Female,29,2,142,0
Blue One M,Far North,Female,25,2,137,0
Blue One M,West,Female,25,2,101,1
Blue One M,Far North,Male,27,2,105,1
Blue One M,North,Male,30,3,141,0
Blue One M,Far North,Male,25,2,146,0
Blue One M,West,Female,26,2,92,1
Blue One M,West,Male,24,3,152,0
Blue One M,North West,Female,21,0,82,1
Blue One M,South,Male,21,0,67,1
Blue One M,West,Male,26,3,146,0
Blue One M,South,Male,25,0,115,1
Blue One M,North West,Female,26,2,143,0
Blue One M,Centre,Male,29,2,105,1
Blue One M,South West,Female,28,2,149,0
Blue One M,Centre,Female,25,2,123,1
Blue One M,West,Female,21,2,143,0
Blue One M,North,Male,27,0,75,1
Blue One M,West,Male,25,0,63,1
Blue One M,South West,Male,22,2,140,1
Blue One M,North,Male,32,2,76,1
Blue One M,West,Female,29,3,147,0
Blue One M,North,Male,25,2,134,0
Blue One M,North,Male,28,0,131,1
Blue One M,Littoral,Male,22,0,92,1
Blue One M,North,Male,25,3,149,0
Blue One M,South West,Male,26,2,108,1
Blue One M,East,Male,22,2,140,1
Blue One M,Centre,Male,33,3,145,0
Blue One M,East,Female,23,2,143,0
Blue One M,South,Male,29,0,61,1
Blue One M,South West,Male,30,2,137,1
Blue One M,East,Male,29,2,147,0
Blue One M,Centre,Male,21,3,147,0
Blue One M,South West,Male,26,3,145,0
Blue One M,South West,Female,28,3,135,0
Blue One M,West,Female,31,3,143,0
Blue One M,Littoral,Male,21,3,143,0
Blue One M,South,Female,24,2,121,1
Blue One M,Far North,Male,28,0,71,1
Blue One M,Far North,Female,26,2,92,1
Blue One M,West,Female,22,0,78,1
Blue One M,Adamawa,Male,25,2,62,1
Blue One M,East,Male,27,2,151,0
Blue One M,North,Male,20,2,91,1
Blue One M,North,Male,30,3,153,0
Blue One M,Centre,Male,21,0,68,1
Blue One M,South West,Male,26,2,147,1
Blue One M,North,Male,25,2,144,0
Blue One M,West,Male,24,2,95,1
Blue One M,Littoral,Male,24,0,62,1
Blue One M,South,Male,27,2,108,1
Blue One M,Centre,Female,32,2,153,0
Blue One M,North,Female,26,2,90,1
Blue One M,South West,Female,24,2,97,1
Blue One M,South West,Male,28,0,66,1
Blue One M,North West,Female,27,0,66,1
Blue One M,Far North,Female,28,3,147,0
Blue One M,Far North,Female,25,0,109,1
Blue One M,East,Male,25,2,72,1
Blue One M,Adamawa,Male,20,2,142,0
Blue One M,North,Male,27,2,63,1
Blue One M,Littoral,Female,24,0,103,1
Blue One M,North,Female,27,2,85,1
Blue One M,Far North,Male,24,2,63,1
Blue One M,North,Male,27,0,99,1
Blue One M,South West,Male,22,3,151,0
Blue One M,North,Male,24,2,150,0
Blue One M,North,Male,23,0,101,1
Blue One M,North West,Male,25,2,70,1
Blue One M,Far North,Male,23,3,131,0
Blue One M,Adamawa,Male,30,0,126,1
Blue One M,Littoral,Male,28,2,148,1
Blue One M,South West,Male,26,2,116,1
Blue One S,North West,Male,23,2,54,0
Blue One S,Far North,Male,17,2,41,0
Blue One S,Centre,Female,29,1,45,0
Blue One M,Littoral,Female,22,2,94,0
Blue One M,North,Male,28,2,104,0
Blue One M,North,Female,24,2,82,1
Blue One M,Adamawa,Female,31,3,126,0
Blue One M,North,Female,27,0,113,1
Blue One M,Littoral,Female,22,0,76,1
Blue One M,West,Male,22,2,125,0
Blue One M,Far North,Male,27,3,124,0
Blue One M,Far North,Male,25,2,71,1
Blue One M,North West,Male,24,2,121,0
Blue One M,North,Female,22,3,122,0
Blue One M,Far North,Male,24,2,75,1
Blue One M,North West,Female,24,2,107,0
Blue One M,Adamawa,Male,24,2,112,0
Blue One M,South,Female,26,0,101,1
Blue One M,North West,Female,29,2,97,1
Blue One M,South West,Male,20,0,62,1
Blue One M,Littoral,Male,23,2,91,1
Blue One M,Adamawa,Female,24,2,103,0
Blue One M,West,Female,24,3,105,0
Blue One M,Adamawa,Male,24,2,105,0
Blue One M,North West,Male,26,3,105,0
Blue One M,Littoral,Male,27,0,113,1
Blue One M,Littoral,Male,30,2,115,0
Blue One M,East,Female,25,3,110,0
Blue One M,North West,Female,21,2,91,1
Blue One M,North West,Male,25,2,131,0
Blue One M,South West,Female,26,3,102,0
Blue One M,North West,Male,28,3,109,0
Blue One M,North West,Female,26,2,118,0
Blue One M,Far North,Male,22,3,130,0
Blue One M,Adamawa,Female,24,3,124,0
Blue One M,Far North,Male,22,2,119,0
Blue One M,East,Male,23,0,90,1
Blue One M,East,Male,23,2,126,0
Blue One M,East,Male,28,2,91,1
Blue One M,Far North,Female,19,2,126,0
Blue One M,South,Male,29,0,85,1
Blue One M,West,Female,19,2,123,1
Blue One M,South,Female,24,0,92,1
Blue One M,East,Female,19,2,123,0
Blue One M,North,Female,22,3,112,0
Blue One M,Far North,Male,25,3,131,0
Blue One M,Littoral,Female,19,0,61,1
Blue One M,North,Female,26,2,131,0
Blue One M,South West,Female,20,0,107,1
Blue One M,South,Female,18,3,98,0
Blue One M,East,Female,28,2,89,1
Blue One M,Far North,Male,22,3,88,0
Blue One M,West,Female,24,3,122,0
Blue One M,Centre,Male,27,0,90,1
Blue One M,Adamawa,Male,27,2,123,0
Blue One M,East,Female,23,3,124,0
Blue One M,Centre,Female,25,2,103,1
Blue One M,Littoral,Male,17,0,101,1
Blue One M,South West,Female,17,2,110,0
Blue One M,South West,Male,24,0,68,1
Blue One S,East,Male,20,2,33,0
Blue One M,Littoral,Female,26,2,90,0
Blue One M,West,Male,24,2,73,1
Blue One M,East,Female,23,2,124,0
Blue One M,South West,Female,21,3,91,0
Blue One M,Adamawa,Male,20,0,88,1
Blue One M,Far North,Male,23,0,64,1
Blue One M,Centre,Male,24,3,82,0
Blue One M,North,Male,26,3,103,0
Blue One M,Adamawa,Female,25,3,110,0
Blue One M,Adamawa,Female,25,2,79,1
Blue One M,Littoral,Male,29,2,125,0
Blue One M,East,Male,25,0,97,1
Blue One M,Littoral,Male,24,0,62,1
Blue One M,Adamawa,Female,23,0,93,1
Blue One M,West,Male,24,2,118,0
Blue One S,West,Male,24,1,63,0
Blue One S,North,Male,28,1,54,0
Blue One S,Littoral,Male,25,1,55,0
Blue One S,West,Male,24,1,46,0
Blue One S,South West,Male,21,2,37,0
Blue One S,Littoral,Male,23,1,13,0
Blue One S,Adamawa,Male,21,2,53,0
Blue One S,North,Male,23,2,48,0
Blue One S,Far North,Male,25,2,40,0
Blue One S,Far North,Male,24,2,52,0
Blue One S,North,Male,25,1,45,0
Blue One S,Adamawa,Female,27,1,38,0
Blue One S,Centre,Female,24,1,45,0
Blue One S,Far North,Male,22,2,46,0
Blue One S,Littoral,Male,23,1,38,0
Blue One M,South West,Male,25,2,92,1
Blue One M,West,Female,19,2,95,1
Blue One M,Centre,Female,26,2,111,0
Blue One M,Adamawa,Female,23,3,115,0
Blue One M,South West,Female,23,2,123,0
Blue One M,North West,Female,25,2,61,1
Blue One M,East,Female,22,3,118,0
Blue One M,Centre,Male,25,2,92,1
Blue One M,East,Female,27,3,136,0
Blue One M,North West,Male,25,2,124,0
Blue One M,Centre,Female,27,3,115,0
Blue One M,Centre,Female,27,2,121,1
Blue One M,South West,Female,23,3,148,0
Blue One M,East,Male,22,3,130,0
Blue One M,Littoral,Female,19,3,149,0
Blue One M,East,Female,29,0,133,1
Blue One M,South West,Male,25,0,81,1
Blue One M,North West,Female,23,2,133,1
Blue One M,East,Female,26,0,91,1
Blue One M,Centre,Female,23,2,130,1
Blue One M,South West,Female,26,3,153,0
Blue One M,Centre,Female,23,2,153,0
Blue One M,South West,Female,27,2,152,0
Blue One M,North,Female,25,2,85,1
Blue One M,South,Female,24,2,142,0
Blue One M,West,Female,25,0,98,1
Blue One M,South West,Female,27,0,135,1
Blue One M,East,Male,23,3,94,0
Blue One S,North,Male,22,1,53,0
Blue One M,East,Female,24,3,82,0
Blue One S,South,Female,22,2,47,0
Blue One M,South West,Female,23,0,133,1
Blue One M,North West,Female,29,0,75,1
Blue One M,Far North,Male,23,2,158,0
Blue One M,South West,Female,22,3,159,0
Blue One M,Adamawa,Female,24,2,150,1
Blue One M,Centre,Male,22,3,147,0
Blue One M,South West,Female,27,2,140,0
Blue One M,Far North,Male,29,3,142,0
Blue One M,Adamawa,Male,28,2,109,1
Blue One M,Far North,Female,27,0,66,1
Blue One M,North,Male,23,2,129,0
Blue One M,West,Female,23,2,134,0
Blue One M,Centre,Male,27,2,135,0
Blue One M,Far North,Male,19,3,129,0
Blue One M,East,Male,24,2,69,1
Blue One M,North,Male,28,3,143,0
Blue One M,South,Female,25,2,143,0
Blue One M,Adamawa,Female,31,2,77,1
Blue One M,Littoral,Male,21,2,146,0
Blue One M,North West,Female,23,2,125,1
Blue One M,North West,Female,21,2,94,0
Blue One M,Far North,Female,24,2,90,0
Blue One M,South,Female,25,2,80,1
Blue One M,Littoral,Female,21,0,81,1
Blue One M,Far North,Male,22,0,76,1
Blue One M,Far North,Female,18,3,131,0
Blue One M,South West,Female,24,0,76,1
Blue One M,Centre,Male,27,3,125,0
Blue One M,Centre,Female,22,2,124,0
Blue One M,Far North,Male,21,2,76,0
Blue One M,Adamawa,Female,19,3,75,0
Blue One S,South West,Male,26,1,53,0
Blue One S,South,Female,20,1,39,0
Blue One S,Adamawa,Male,25,1,53,0
Blue One M,West,Male,23,2,137,0
Blue One M,North,Male,25,0,123,1
Blue One M,East,Female,26,0,102,1
Blue One M,North West,Male,23,3,149,0
Blue One M,Centre,Male,26,2,112,1
Blue One M,South West,Female,26,2,89,1
Blue One M,West,Male,27,3,159,0
Blue One M,Centre,Male,25,3,159,0
Blue One M,East,Male,21,2,157,0
Blue One M,North West,Male,27,3,157,0
Blue One M,North West,Female,33,0,156,1
Blue One M,North West,Female,29,2,160,0
Blue One M,West,Female,24,2,159,0
Blue One M,West,Male,28,0,118,1
Blue One M,Adamawa,Male,27,3,158,0
Blue One M,North West,Male,21,3,149,0
Blue One M,Centre,Male,28,2,95,1
Blue One M,Adamawa,Female,30,2,158,0
Blue One M,East,Female,22,3,144,0
Blue One M,South West,Male,30,0,69,1
Blue One M,Centre,Male,25,3,159,0
Blue One M,South West,Female,24,2,126,1
Blue One S,East,Male,24,2,63,0
Blue One S,Centre,Female,19,0,64,1
Blue One M,South West,Male,26,0,84,1
Blue One M,Littoral,Male,25,3,160,0
Blue One M,East,Male,24,0,108,1
Blue One M,Adamawa,Female,27,2,148,1
Blue One M,Littoral,Male,24,0,118,1
Blue One M,North West,Male,23,2,161,0
Blue One M,East,Male,21,2,155,0
Blue One M,West,Female,30,2,97,1
Blue One M,Adamawa,Female,22,2,130,1
Blue One M,South West,Male,24,3,160,0
Blue One M,South,Male,27,2,77,1
Blue One M,South,Female,25,0,133,1
Blue One M,Far North,Male,26,2,159,0
Blue One M,Far North,Female,32,2,159,0
Blue One M,North West,Female,23,0,69,1
Blue One M,East,Male,29,2,110,1
Blue One M,South West,Female,24,3,157,0
Blue One M,West,Female,31,3,157,0
Blue One M,South West,Female,27,3,157,0
Blue One M,South,Female,23,0,77,1
Blue One M,East,Female,29,2,151,0
Blue One M,North West,Male,22,3,150,0
Blue One M,North West,Female,25,2,99,1
Blue One M,West,Male,23,2,66,1
Blue One M,Far North,Female,25,2,159,0
Blue One M,Far North,Male,28,3,154,0
Blue One M,Adamawa,Male,26,2,143,1
Blue One M,Adamawa,Female,27,3,154,0
Blue One M,Littoral,Female,22,3,116,0
Blue One M,North,Male,24,0,69,1
Blue One M,South,Male,25,2,116,0
Blue One M,South,Male,25,2,94,1
Blue One M,North,Male,30,2,101,1
Blue One M,South,Female,21,2,151,0
Blue One M,Centre,Female,23,2,145,0
Blue One M,South West,Female,23,2,145,0
Blue One M,East,Male,25,2,143,0
Blue One M,South West,Male,23,0,67,1
Blue One M,East,Female,24,2,149,0
Blue One M,South West,Male,24,3,147,0
Blue One M,South,Female,26,2,139,0
Blue One M,North,Female,29,3,147,0
Blue One M,North,Male,30,3,146,0
Blue One M,South,Male,26,2,147,0
Blue One M,Centre,Male,22,3,144,0
Blue One M,Adamawa,Male,20,0,61,1
Blue One M,West,Male,27,3,137,0
Blue One M,South,Male,24,2,90,1
Blue One M,Adamawa,Male,17,3,142,0
Blue One M,South,Male,28,0,106,1
Blue One M,North West,Male,22,2,136,0
Blue One M,North West,Female,22,2,145,0
Blue One M,Littoral,Male,31,0,65,1
Blue One M,East,Male,24,3,136,0
Blue One M,North,Male,28,0,65,1
Blue One M,Centre,Male,25,2,99,1
Blue One M,North West,Male,19,0,91,1
Blue One M,Adamawa,Male,23,2,112,0
Blue One M,North West,Male,26,2,141,0
Blue One M,East,Female,22,2,62,1
Blue One M,West,Female,18,2,62,1
Blue One M,Littoral,Male,28,2,140,1
Blue One M,Centre,Male,22,0,110,1
Blue One M,Littoral,Male,22,2,133,0
Blue One M,North West,Female,25,2,98,0
Blue One M,East,Female,26,2,142,0
Blue One M,North,Female,26,0,77,1
Blue One M,North,Female,32,2,119,1
Blue One M,Centre,Female,19,0,91,1
Blue One M,Littoral,Male,24,2,95,1
Blue One M,Centre,Female,23,2,140,0
Blue One M,North West,Male,21,2,129,1
Blue One M,Centre,Female,27,0,129,1
Blue One M,South West,Female,20,2,133,0
Blue One M,North,Male,27,2,62,1
Blue One M,North West,Female,21,0,66,1
Blue One M,Adamawa,Female,26,2,131,0
Blue One M,North West,Female,23,2,83,0
Blue One M,North,Male,29,2,120,1
Blue One M,North,Male,28,0,119,1
Blue One M,East,Male,29,3,133,0
Blue One M,East,Female,27,3,128,0
Blue One M,Far North,Female,28,2,106,1
Blue One M,Centre,Male,28,3,140,0
Blue One M,Littoral,Male,26,3,138,0
Blue One M,North,Male,27,2,85,1
Blue One M,South West,Male,25,2,130,0
Blue One M,Adamawa,Female,23,3,130,0
Blue One M,South,Female,26,2,128,1
Blue One M,Adamawa,Male,24,2,126,0
Blue One M,Far North,Female,26,2,126,0
Blue One M,Centre,Male,26,3,133,0
Blue One M,East,Female,26,2,132,0
Blue One M,South West,Female,29,2,138,0
Blue One M,South West,Male,27,0,88,1
Blue One M,West,Male,25,3,136,0
Blue One M,South West,Male,20,3,136,0
Blue One M,South,Female,27,0,102,1
Blue One S,Adamawa,Male,23,1,39,0
Blue One M,North,Male,29,3,129,0
Blue One M,West,Female,20,2,131,0
Blue One M,East,Male,24,2,136,0
Blue One M,North,Male,24,2,133,0
Blue One M,South West,Male,19,0,97,1
Blue One M,North West,Male,20,2,93,1
Blue One M,North,Male,25,0,70,1
Blue One M,Centre,Female,24,2,132,0
Blue One M,North West,Male,24,2,132,0
Blue One M,Centre,Female,31,2,133,0
Blue One M,West,Female,23,2,110,1
Blue One M,South West,Male,23,3,124,0
Blue One M,Centre,Male,20,3,125,0
Blue One M,North,Male,23,2,128,0
Blue One M,Far North,Male,26,0,68,1
Blue One M,North West,Male,28,2,120,1
Blue One M,Centre,Male,27,0,127,1
Blue One M,East,Female,21,2,90,1
Blue One M,East,Male,26,2,94,1
Blue One M,East,Female,29,2,109,1
Blue One M,South,Female,29,3,131,0
Blue One M,Littoral,Male,26,0,91,1
Blue One M,Adamawa,Male,20,2,133,0
Blue One M,West,Female,25,2,108,1
Blue One M,Far North,Male,24,3,131,0
Blue One M,North,Male,21,2,63,1
Blue One M,Adamawa,Male,27,2,77,1
Blue One M,South,Male,24,0,91,1
Blue One M,Far North,Female,18,0,93,1
Blue One M,Adamawa,Female,30,2,109,1
Blue One M,East,Female,27,3,129,0
Blue One M,North West,Male,26,3,123,0
Blue One M,South West,Female,24,0,68,1
Blue One M,South,Male,27,0,63,1
Blue One M,Centre,Female,24,2,69,1
Blue One M,North West,Male,22,2,86,1
Blue One M,Far North,Female,26,0,93,1
Blue One M,Adamawa,Male,19,0,97,1
Blue One M,North West,Female,26,3,112,0
Blue One M,East,Male,23,2,107,1
Blue One M,Far North,Male,22,3,125,0
Blue One M,South West,Female,29,2,106,1
Blue One M,Littoral,Female,25,2,86,0
Blue One M,South,Female,24,3,123,0
Blue One M,North,Female,26,2,122,0
Blue One M,Far North,Male,26,3,111,0
Blue One M,North West,Male,27,3,112,0
Blue One M,South West,Female,27,2,87,1
Blue One M,Littoral,Male,29,3,122,0
Blue One M,South,Male,22,3,98,0
Blue One M,East,Male,23,3,101,0
Blue One M,Centre,Female,22,3,123,0
Blue One M,Centre,Male,23,3,123,0
Blue One M,West,Female,24,3,125,0
Blue One M,East,Female,20,0,93,1
Blue One M,East,Female,23,0,98,1
Blue One M,South,Male,21,2,122,0
Blue One M,East,Male,22,2,123,0
Blue One M,East,Male,20,3,119,0
Blue One M,Littoral,Male,27,2,102,1
Blue One M,East,Male,25,2,117,0
Blue One M,Adamawa,Female,26,0,102,1
Blue One M,Centre,Female,28,2,79,1
Blue One M,Adamawa,Male,22,2,81,1
Blue One M,East,Male,23,3,118,0
Blue One M,East,Female,21,2,116,0
Blue One M,Far North,Male,24,2,63,1
Blue One M,West,Male,25,3,76,0
Blue One S,Littoral,Female,19,1,34,0
Blue One S,Centre,Female,19,2,74,0
Blue One S,North,Male,19,2,42,0
Blue One M,Littoral,Male,25,3,88,0
Blue One M,Centre,Female,20,2,88,1
Blue One L,West,Female,29,3,166,0
Blue One M,East,Female,25,3,164,0
Blue One M,West,Male,28,2,157,0
Blue One L,East,Male,26,3,172,0
Blue One M,East,Male,32,2,103,1
Blue One M,South,Female,27,2,126,1
Blue One L,Littoral,Female,25,2,169,0
Blue One M,Centre,Male,26,2,157,0
Blue One M,Adamawa,Male,28,2,140,1
Blue One L,South West,Male,27,0,66,1
Blue One L,Far North,Male,28,3,171,0
Blue One L,East,Male,29,3,165,0
Blue One L,Centre,Female,22,3,167,0
Blue One L,South West,Female,24,3,168,0
Blue One M,Centre,Female,26,2,145,0
Blue One L,North West,Female,28,3,172,0
Blue One M,East,Female,25,0,111,1
Blue One M,Adamawa,Female,22,3,153,0
Blue One M,West,Female,29,0,108,1
Blue One M,North,Female,27,0,97,1
Blue One M,Centre,Male,22,2,159,0
Blue One L,Far North,Male,26,3,166,0
Blue One L,East,Male,28,3,166,0
Blue One M,North West,Male,28,2,164,0
Blue One L,West,Male,26,3,172,0
Blue One L,North West,Female,27,0,74,1
Blue One L,South West,Male,25,3,168,0
Blue One L,Littoral,Female,26,0,61,1
Blue One M,South,Male,20,3,83,0
Blue One L,South,Male,21,3,166,0
Blue One M,Far North,Male,24,3,157,0
Blue One M,South West,Male,29,2,142,1
Blue One M,North,Male,24,2,62,1
Blue One M,Centre,Male,31,3,154,0
Blue One M,North West,Female,25,2,65,1
Blue One M,South,Male,25,2,61,1
Blue One M,East,Female,28,0,88,1
Blue One L,Far North,Male,21,2,65,1
Blue One M,West,Male,25,3,164,0
Blue One M,North West,Male,28,0,160,1
Blue One M,Adamawa,Male,26,0,74,1
Blue One M,Far North,Male,27,2,152,1
Blue One M,Adamawa,Male,24,0,135,1
Blue One M,South,Male,27,2,98,1
Blue One M,North,Male,29,2,64,1
Blue One M,North West,Male,24,0,62,1
Blue One M,Littoral,Female,25,0,74,1
Blue One M,North West,Female,23,2,117,1
Blue One M,Littoral,Female,24,2,104,1
Blue One M,North,Female,23,2,144,0
Blue One M,South,Female,26,2,154,0
Blue One M,South West,Male,25,3,154,0
Blue One M,Littoral,Female,28,2,93,1
Blue One M,South West,Female,21,2,158,0
Blue One M,East,Female,26,0,92,1
Blue One M,Adamawa,Male,28,2,134,1
Blue One M,Adamawa,Male,23,2,101,1
Blue One M,South,Male,29,0,97,1
Blue One M,West,Female,26,2,157,0
Blue One M,Adamawa,Female,31,2,157,0
Blue One M,Littoral,Male,25,2,156,0
Blue One M,North,Female,23,2,90,1
Blue One M,West,Female,30,0,130,1
Blue One M,South,Male,26,2,150,0
Blue One M,West,Male,27,2,152,0
Blue One M,South,Male,28,2,61,1
Blue One M,South West,Male,23,2,153,0
Blue One M,South West,Female,23,2,100,1
Blue One M,South,Female,29,3,154,0
Blue One M,West,Male,28,2,154,0
Blue One M,West,Female,31,2,99,1
Blue One M,Littoral,Male,27,2,110,1
Blue One M,Centre,Female,25,2,90,1
Blue One M,Far North,Male,27,2,103,1
Blue One M,West,Female,26,2,143,1
Blue One M,South West,Male,26,0,112,1
Blue One M,North West,Male,27,2,63,1
Blue One M,North West,Female,26,0,68,1
Blue One M,South,Male,24,2,62,1
Blue One M,North,Male,28,2,62,1
Blue One M,Far North,Female,29,3,146,0
Blue One M,Littoral,Female,22,0,142,1
Blue One M,North West,Male,26,2,132,1
Blue One M,South,Male,23,3,138,0
Blue One M,North,Female,27,2,114,1
Blue One M,North West,Female,24,3,145,0
Blue One M,East,Female,30,3,147,0
Blue One M,North,Male,26,3,149,0
Blue One M,North,Male,30,2,81,1
Blue One M,Adamawa,Male,23,2,78,1
Blue One M,West,Male,22,3,119,0
Blue One M,South,Female,22,2,63,1
Blue One M,Far North,Male,22,2,101,0
Blue One M,East,Male,25,2,109,1
Blue One M,East,Female,28,2,75,1
Blue One M,North,Female,25,2,102,1
Blue One M,Littoral,Female,28,2,83,1
Blue One M,Littoral,Female,31,2,147,0
Blue One M,Littoral,Male,26,0,146,1
Blue One M,South,Female,21,0,124,1
Blue One M,Centre,Female,30,2,146,1
Blue One M,Centre,Male,26,3,136,0
Blue One M,Littoral,Female,26,0,80,1
Blue One M,East,Female,27,0,89,1
Blue One M,North West,Female,26,2,140,0
Blue One M,South,Male,22,2,138,0
Blue One M,East,Male,25,2,96,1
Blue One M,South,Male,29,0,120,1
Blue One M,East,Female,24,0,81,1
Blue One M,West,Male,25,0,121,1
Blue One M,Littoral,Female,22,2,145,0
Blue One M,Adamawa,Female,18,2,132,0
Blue One M,Adamawa,Male,19,3,131,0
Blue One M,North,Male,21,0,62,1
Blue One M,East,Female,22,0,63,1
Blue One M,North West,Male,28,2,68,1
Blue One M,North,Male,19,3,133,0
Blue One M,East,Female,27,2,137,0
Blue One M,North West,Male,26,3,137,0
Blue One M,Centre,Male,25,2,110,1
Blue One M,West,Female,29,0,86,1
Blue One M,Centre,Female,25,3,132,0
Blue One M,Far North,Male,32,2,131,0
Blue One M,North West,Female,25,2,98,0
Blue One M,North West,Male,28,2,125,0
Blue One M,South West,Female,25,2,126,0
Blue One M,East,Female,22,2,133,0
Blue One M,South West,Male,22,3,133,0
Blue One M,South West,Male,26,2,64,1
Blue One M,Littoral,Male,21,0,108,1
Blue One M,South West,Male,24,3,137,0
Blue One M,Adamawa,Female,26,2,99,1
Blue One M,East,Male,25,2,96,1
Blue One M,East,Female,22,0,103,1
Blue One M,East,Female,21,3,87,0
Blue One S,Centre,Male,20,2,13,0
Blue One S,Littoral,Female,23,2,40,0
Blue One S,Far North,Male,18,1,39,0
Blue One S,North,Male,25,1,40,0
Blue One S,West,Male,24,2,41,0
Blue One S,Adamawa,Male,23,1,31,0
Blue One S,North,Female,20,2,19,0
Blue One S,Littoral,Male,22,2,28,0
Blue One M,Far North,Male,25,2,71,1
Blue One M,Far North,Male,29,3,98,0
Blue One M,South West,Female,24,3,98,0
Blue One M,Adamawa,Male,22,2,84,0
Blue One M,North,Female,20,2,83,0
Blue One M,Adamawa,Female,20,2,89,0
Blue One M,North West,Male,27,3,91,0
Blue One M,Far North,Male,19,2,126,0
Blue One M,Far North,Male,22,3,131,0
Blue One M,West,Female,23,3,119,0
Blue One M,North,Male,20,3,128,0
Blue One M,South,Female,21,2,82,0
Blue One M,North,Female,21,3,117,0
Blue One M,West,Female,22,2,133,0
Blue One M,East,Female,23,2,80,0
Blue One M,North,Female,31,3,107,0
Blue One M,Littoral,Male,23,2,123,0
Blue One M,South West,Male,25,3,130,0
Blue One M,North,Female,25,0,94,1
Blue One M,North,Male,25,2,93,1
Blue One M,Littoral,Female,23,2,120,1
Blue One M,South West,Female,21,2,95,1
Blue One M,South West,Female,27,0,92,1
Blue One M,Far North,Male,22,2,64,1
Blue One M,Littoral,Female,28,2,125,0
Blue One M,West,Male,23,3,123,0
Blue One M,Centre,Female,22,2,94,1
Blue One M,East,Male,28,0,103,1
Blue One M,North,Male,25,2,118,0
Blue One M,South,Male,27,2,117,0
Blue One M,Far North,Male,26,3,122,0
Blue One M,South West,Female,17,2,117,0
Blue One M,West,Female,20,3,122,0
Blue One M,East,Female,25,3,117,0
Blue One M,North,Female,24,2,90,1
Blue One M,Centre,Male,25,3,119,0
Blue One M,North West,Female,29,2,64,1
Blue One M,West,Female,28,3,123,0
Blue One M,East,Female,25,2,115,0
Blue One M,North,Male,25,2,115,0
Blue One M,East,Male,25,2,63,1
Blue One M,North West,Female,23,0,68,1
Blue One M,Centre,Female,21,3,81,0
Blue One M,West,Male,24,3,81,0
Blue One M,East,Female,26,3,82,0
Blue One M,Far North,Male,24,2,130,1
Blue One M,South West,Female,25,2,90,1
Blue One M,Centre,Male,23,0,69,1
Blue One M,Centre,Female,30,3,124,0
Blue One M,Littoral,Female,25,0,68,1
Blue One M,Adamawa,Male,26,3,126,0
Blue One M,West,Male,24,2,106,1
Blue One M,Far North,Female,18,2,106,1
Blue One M,Far North,Male,23,0,64,1
Blue One M,Littoral,Male,26,0,75,1
Blue One M,Adamawa,Male,26,3,128,0
Blue One M,West,Female,25,3,129,0
Blue One S,Littoral,Male,27,0,62,1
Blue One S,Centre,Male,23,2,53,0
Blue One S,East,Male,26,1,63,0
Blue One S,North,Male,17,2,61,0
Blue One S,North West,Female,23,1,60,0
Blue One M,South,Female,18,0,82,1
Blue One M,Far North,Female,22,0,114,1
Blue One M,East,Female,27,0,123,1
Blue One M,North West,Male,23,3,105,0
Blue One M,North,Male,24,0,108,1
Blue One M,South West,Female,28,3,117,0
Blue One M,Adamawa,Female,27,2,119,1
Blue One M,Littoral,Male,19,2,126,0
Blue One M,South,Female,28,2,124,0
Blue One M,East,Female,19,3,91,0
Blue One M,Centre,Male,29,3,79,0
Blue One M,East,Male,24,2,97,0
Blue One M,Centre,Female,23,2,92,0
Blue One M,Adamawa,Male,25,2,112,1
Blue One M,Littoral,Male,28,2,94,1
Blue One L,South West,Female,22,2,65,1
Blue One L,South,Female,27,2,73,1
Blue One L,Centre,Male,25,2,72,1
Blue One L,South,Female,27,0,65,1
Blue One L,East,Male,26,2,171,0
Blue One L,Littoral,Female,24,0,153,1
Blue One M,North,Male,24,2,161,0
Blue One L,Far North,Male,25,3,169,0
Blue One M,Adamawa,Female,18,3,153,0
Blue One M,South,Male,25,3,157,0
Blue One M,North West,Male,26,2,94,1
Blue One L,North,Male,30,3,165,0
Blue One M,South West,Male,22,3,153,0
Blue One L,North West,Male,28,2,165,1
Blue One M,Centre,Female,25,3,150,0
Blue One M,Littoral,Male,22,2,118,1
Blue One M,North,Male,26,0,131,1
Blue One L,South West,Female,26,2,130,1
Blue One L,North West,Male,25,2,61,1
Blue One M,North West,Male,23,2,150,0
Blue One M,North West,Female,23,0,145,1
Blue One M,Adamawa,Female,21,2,153,0
Blue One L,Littoral,Female,22,2,171,0
Blue One M,North,Female,24,0,64,1
Blue One M,North West,Female,29,2,118,0
Blue One S,North,Male,20,2,33,0
Blue One S,South West,Female,23,1,16,0
Blue One M,South,Female,24,0,68,1
Blue One M,Far North,Male,24,2,90,0
Blue One M,Littoral,Male,22,3,98,0
Blue One M,South,Male,19,2,98,0
Blue One M,South West,Female,18,0,78,1
Blue One M,East,Male,20,0,97,1
Blue One M,North,Male,24,2,88,1
Blue One M,North,Male,23,0,124,1
Blue One M,Centre,Female,29,3,131,0
Blue One M,Adamawa,Male,21,2,68,1
Blue One M,Littoral,Female,30,3,97,0
Blue One M,Littoral,Male,20,3,95,0
Blue One M,North,Male,19,2,97,0
Blue One M,Far North,Male,25,2,100,1
Blue One M,Centre,Female,31,3,105,0
Blue One M,South West,Female,23,2,107,1
Blue One M,North,Male,26,3,112,0
Blue One M,Far North,Male,24,2,106,1
Blue One M,Adamawa,Female,25,2,124,1
Blue One M,East,Male,25,0,62,1
Blue One M,Adamawa,Female,22,0,64,1
Blue One M,South West,Female,23,2,88,0
Blue One M,South West,Male,24,0,64,1
Blue One M,Far North,Female,23,2,90,0
Blue One M,Centre,Male,23,2,89,1
Blue One M,North West,Male,22,3,82,0
Blue One M,Littoral,Female,18,2,84,0
Blue One M,West,Female,25,2,81,0
Blue One M,North West,Male,25,0,110,1
Blue One M,North,Female,27,2,114,0
Blue One M,South,Female,17,2,107,0
Blue One M,Centre,Male,28,3,115,0
Blue One M,South,Male,27,2,110,0
Blue One M,Far North,Male,22,2,102,1
Blue One M,East,Female,24,2,116,0
Blue One M,Far North,Male,28,2,63,1
Blue One M,South,Male,27,2,108,0
Blue One M,East,Male,23,3,111,0
Blue One M,Centre,Male,22,2,114,0
Blue One M,East,Female,24,2,108,0
Blue One M,North West,Female,25,2,69,1
Blue One M,West,Female,24,3,105,0
Blue One M,South West,Male,28,2,110,0
Blue One S,South West,Female,18,2,74,0
Blue One M,West,Male,27,3,112,0
Blue One M,West,Male,21,2,105,0
Blue One M,Littoral,Male,23,0,92,1
Blue One M,North,Male,24,3,108,0
Blue One M,North,Male,23,3,110,0
Blue One M,North,Male,26,0,79,1
Blue One M,North,Male,26,3,103,0
Blue One M,North,Male,21,2,105,0
Blue One M,Adamawa,Male,26,3,99,0
Blue One M,Adamawa,Male,20,0,91,1
Blue One M,South West,Male,22,2,68,1
Blue One M,South West,Male,22,3,100,0
Blue One M,Adamawa,Female,29,2,87,0
Blue One M,West,Male,20,2,112,0
Blue One M,Littoral,Female,25,2,108,0
Blue One M,Littoral,Male,19,2,104,1
Blue One S,North West,Male,19,1,55,0
Blue One S,East,Female,21,1,19,0
Blue One S,South West,Male,22,1,74,0
Blue One M,North West,Male,21,3,76,0
Blue One M,South West,Male,25,3,77,0
Blue One M,Littoral,Female,22,2,80,0
Blue One M,Adamawa,Female,22,3,84,0
Blue One M,Adamawa,Male,23,3,79,0
Blue One S,Centre,Male,24,2,34,0
Blue One S,East,Female,19,1,31,0
Blue One M,Far North,Female,29,0,76,1
Blue One M,Littoral,Male,22,2,80,0
Blue One M,North,Male,24,3,79,0
Blue One M,Centre,Female,24,2,79,0
Blue One M,Littoral,Male,26,3,87,0
Blue One S,East,Male,18,2,71,0
Blue One M,Adamawa,Female,25,2,77,0
Blue One S,Adamawa,Male,25,1,49,0
Blue One S,Adamawa,Female,17,2,45,0
Blue One S,South,Male,25,1,56,0
Blue One S,Centre,Female,21,2,31,0
Blue One S,West,Female,21,1,28,0
Blue One M,Littoral,Female,25,2,76,0
Blue One M,North West,Male,25,2,104,1
Blue One M,Adamawa,Male,18,3,110,0
Blue One M,South West,Male,19,3,108,0
Blue One S,East,Female,27,2,49,0
Blue One M,East,Male,32,2,108,0
Blue One M,East,Male,23,3,105,0
Blue One M,Littoral,Male,25,3,109,0
Blue One M,Adamawa,Male,23,3,103,0
Blue One M,Littoral,Female,22,2,108,0
Blue One M,North,Male,25,2,94,1
Blue One M,West,Male,27,0,74,1
Blue One M,East,Male,24,2,104,0
Blue One M,East,Female,24,2,63,1
Blue One M,East,Female,26,3,86,0
Blue One M,South,Female,24,0,97,1
Blue One M,East,Female,24,3,100,0
Blue One M,North,Male,30,3,105,0
Blue One M,South,Female,28,0,81,1
Blue One M,Centre,Female,28,3,104,0
Blue One M,South West,Male,25,0,91,1
Blue One M,Centre,Male,27,2,87,1
Blue One M,North,Male,21,2,93,0
Blue One M,Centre,Female,22,2,92,1
Blue One M,North West,Male,22,3,102,0
Blue One M,Centre,Male,22,2,93,0
Blue One M,Adamawa,Male,26,3,104,0
Blue One M,South,Male,20,3,105,0
Blue One M,West,Female,24,2,97,1
Blue One M,West,Male,25,0,115,1
Blue One M,North,Male,25,2,131,0
Blue One M,South,Male,25,3,131,0
Blue One S,Centre,Male,23,1,52,0
Blue One M,West,Male,21,0,73,1
Blue One M,West,Female,27,0,98,1
Blue One M,North West,Male,25,2,86,1
Blue One M,Centre,Male,25,3,124,0
Blue One M,Adamawa,Female,24,0,90,1
Blue One M,South West,Male,24,2,93,1
Blue One M,Littoral,Male,24,0,94,1
Blue One M,Centre,Male,29,2,130,0
Blue One M,Far North,Female,26,3,129,0
Blue One M,South,Female,26,3,132,0
Blue One M,East,Male,24,2,121,0
Blue One M,Far North,Male,23,2,125,0
Blue One M,Littoral,Female,21,2,124,0
Blue One M,North,Male,22,2,64,1
Blue One M,North,Male,29,3,127,0
Blue One M,Far North,Male,28,2,125,0
Blue One M,South West,Female,23,3,124,0
Blue One M,Adamawa,Male,24,2,117,0
Blue One M,South,Female,23,2,95,1
Blue One M,Littoral,Female,25,0,70,1
Blue One M,Far North,Male,24,2,125,0
Blue One M,North,Female,23,2,81,0
Blue One M,North,Male,28,0,91,1
Blue One M,Littoral,Male,28,2,68,1
Blue One M,Centre,Male,20,2,73,1
Blue One M,West,Male,27,2,77,0
Blue One M,Littoral,Male,26,3,97,0
Blue One M,North West,Male,26,2,97,0
Blue One M,East,Male,26,3,101,0
Blue One M,North,Female,23,2,75,1
Blue One M,Adamawa,Female,20,2,80,0
Blue One M,North,Male,31,3,108,0
Blue One M,North,Male,27,2,80,0
Blue One M,North,Female,29,2,76,1
Blue One S,East,Female,19,2,28,0
Blue One M,Adamawa,Female,20,2,91,0
Blue One M,Centre,Female,23,0,89,1
Blue One M,Centre,Male,27,2,96,0
Blue One M,North West,Male,32,2,94,0
Blue One M,Littoral,Female,20,2,93,1
Blue One M,Littoral,Male,21,3,100,0
Blue One M,South West,Female,17,0,98,1
Blue One M,East,Male,21,2,94,0
Blue One M,Adamawa,Female,26,2,79,1
Blue One M,West,Male,23,2,103,0
Blue One M,South,Male,19,3,105,0
Blue One M,South,Male,28,3,107,0
Blue One M,North West,Male,26,2,108,0
Blue One M,Centre,Female,26,3,95,0
Blue One M,West,Male,23,2,104,0
Blue One M,North,Female,26,3,89,0
Blue One M,Adamawa,Female,20,2,82,0
Blue One M,South,Male,25,2,102,0
Blue One M,East,Female,20,3,108,0
Blue One M,South West,Male,23,3,107,0
Blue One M,Adamawa,Male,26,2,73,1
Blue One M,North,Male,21,2,84,0
Blue One M,Littoral,Male,29,2,91,0
Blue One M,East,Female,24,3,84,0
Blue One M,Centre,Female,25,2,82,0
Blue One M,North,Male,23,2,83,0
Blue One M,Far North,Female,26,2,87,0
Blue One M,North,Female,22,3,81,0
Blue One M,East,Female,25,3,90,0
Blue One M,Far North,Female,27,2,81,0
Blue One M,South,Female,27,2,63,1
Blue One M,Adamawa,Female,23,3,84,0
Blue One M,West,Female,20,2,67,1
Blue One M,Far North,Female,24,3,95,0
Blue One M,South,Female,23,2,84,0
Blue One M,Littoral,Female,22,2,86,1
Blue One M,South West,Female,24,2,95,1
Blue One M,East,Female,20,2,65,1
Blue One M,Littoral,Male,23,3,80,0
Blue One M,South West,Female,27,2,79,0
Blue One M,West,Female,25,3,77,0
Blue One S,Adamawa,Male,22,2,6,0
Blue One S,Centre,Male,23,1,8,0
Blue One S,East,Female,17,1,35,0
Blue One S,South,Male,17,1,35,0
Blue One S,West,Female,20,2,27,0
Blue One S,South West,Male,19,2,32,0
Blue One S,West,Male,22,2,47,0
Blue One S,South,Female,20,2,39,0
Blue One S,North West,Female,23,2,30,0
Blue One S,East,Female,26,1,41,0
Blue One S,South,Male,22,2,46,0
Blue One S,Littoral,Female,25,2,25,0
Blue One S,South,Male,22,2,41,0
Blue One S,Centre,Female,23,1,13,0
Blue One S,South,Female,19,1,32,0
Blue One S,East,Male,17,2,38,0
Blue One S,South West,Female,17,1,41,0
Blue One S,Adamawa,Female,18,1,41,0
Blue One S,North,Male,25,1,33,0
Blue One S,Littoral,Male,25,1,34,0
Blue One S,South,Female,21,1,35,0
Blue One S,Adamawa,Male,20,1,48,0
Blue One S,North,Male,23,2,46,0
Blue One S,East,Male,25,2,48,0
Blue One S,North,Female,26,2,44,0
Blue One S,North West,Male,24,1,48,0
Blue One S,East,Male,18,2,44,0
Blue One S,Far North,Male,27,2,45,0
Blue One S,Littoral,Female,26,1,48,0
Blue One S,South,Male,26,2,47,0
Blue One M,South,Female,21,3,76,0
Blue One S,South West,Female,26,1,55,0
Blue One M,North,Male,24,3,79,0
Blue One M,West,Male,22,3,77,0
Blue One S,West,Male,27,2,46,0
Blue One S,Centre,Male,22,1,13,0
Blue One S,South West,Male,19,1,55,0
Blue One M,South West,Female,21,2,77,0
Blue One S,South,Male,27,2,40,0
Blue One S,Centre,Female,25,2,40,0
Blue One S,South West,Male,22,1,55,0
Blue One S,Littoral,Female,25,2,53,0
Blue One S,Littoral,Female,24,2,53,0
Blue One S,East,Female,22,2,53,0
Blue One S,South West,Female,23,2,53,0
Blue One S,North West,Female,23,2,32,0
Blue One S,Centre,Male,20,1,48,0
Blue One S,South,Female,18,2,53,0
Blue One S,Littoral,Female,29,1,56,0
Blue One S,Adamawa,Male,22,1,55,0
Blue One S,Far North,Male,26,1,54,0
Blue One M,Adamawa,Female,27,3,80,0
Blue One M,South,Male,29,3,77,0
Blue One S,South West,Female,21,2,55,0
Blue One S,Far North,Female,30,2,53,0
Blue One S,West,Female,19,1,54,0
Blue One S,West,Female,20,1,49,0
Blue One S,East,Male,20,2,49,0
Blue One M,Adamawa,Female,22,2,80,0
Blue One M,Centre,Male,19,2,76,0
Blue One M,South,Male,33,2,81,0
Blue One M,South West,Female,25,2,77,0
Blue One S,Far North,Male,26,1,56,0
Blue One M,South West,Female,22,3,151,0
Blue One M,North West,Male,25,0,78,1
Blue One M,West,Female,21,2,108,1
Blue One M,Adamawa,Female,26,2,150,0
Blue One M,Adamawa,Female,25,3,150,0
Blue One M,Centre,Female,24,3,148,0
Blue One M,West,Male,30,0,61,1
Blue One M,South West,Male,27,0,124,1
Blue One M,East,Male,25,0,116,1
Blue One M,East,Female,27,2,150,0
Blue One M,Littoral,Female,25,2,61,1
Blue One M,Centre,Female,30,2,121,0
Blue One M,South West,Male,24,0,96,1
Blue One M,Far North,Female,23,3,132,0
Blue One M,West,Female,26,2,61,1
Blue One M,South West,Male,23,0,98,1
Blue One M,Far North,Male,25,2,131,1
Blue One M,West,Female,23,2,109,1
Blue One M,South West,Male,23,2,123,1
Blue One M,South,Male,24,2,133,0
Blue One M,North,Male,29,2,140,0
Blue One M,Far North,Male,22,2,118,1
Blue One M,Adamawa,Male,24,2,95,1
Blue One M,Centre,Male,25,2,139,0
Blue One M,North,Male,28,2,146,0
Blue One M,Adamawa,Male,26,0,63,1
Blue One M,Centre,Female,25,0,63,1
Blue One M,West,Male,21,0,96,1
Blue One M,South West,Male,21,2,63,1
Blue One M,West,Female,22,3,144,0
Blue One M,Centre,Female,30,2,143,0
Blue One M,North,Female,25,3,143,0
Blue One M,Far North,Male,21,0,91,1
Blue One M,West,Female,29,0,123,1
Blue One M,South,Male,25,2,101,1
Blue One M,Far North,Female,24,2,143,0
Blue One M,East,Female,24,2,144,0
Blue One M,Centre,Male,21,0,123,1
Blue One M,North West,Male,26,2,112,1
Blue One M,North,Male,23,2,139,0
Blue One M,Far North,Male,25,2,139,0
Blue One M,South,Male,22,2,139,0
Blue One M,North West,Male,25,3,131,0
Blue One M,North,Male,21,0,122,1
Blue One M,West,Male,26,2,134,0
Blue One M,East,Male,25,2,134,0
Blue One M,North West,Female,22,3,132,0
Blue One M,North West,Female,21,2,116,1
Blue One S,Adamawa,Female,23,1,45,0
Blue One M,Adamawa,Male,19,2,130,0
Blue One M,Littoral,Male,28,2,126,0
Blue One M,South West,Female,24,2,126,0
Blue One M,Adamawa,Male,20,2,126,0
Blue One M,Far North,Male,26,3,123,0
Blue One M,North West,Female,22,2,123,0
Blue One M,North West,Male,27,3,119,0
Blue One M,East,Male,29,3,140,0
Blue One M,Littoral,Female,19,3,104,0
Blue One M,East,Female,22,2,66,1
Blue One M,Littoral,Male,23,0,72,1
Blue One M,East,Male,24,2,73,1
Blue One M,West,Male,28,0,90,1
Blue One M,South,Female,28,2,101,1
Blue One M,East,Female,27,3,142,0
Blue One M,South West,Female,22,2,143,0
Blue One M,South,Female,24,2,88,1
Blue One M,North,Female,27,2,147,0
Blue One M,North West,Male,28,0,82,1
Blue One M,North,Male,22,2,128,0
Blue One M,East,Female,26,2,119,0
Blue One M,North,Male,24,3,128,0
Blue One M,East,Male,30,2,64,1
Blue One M,Far North,Male,31,0,129,1
Blue One M,North West,Female,28,2,107,1
Blue One M,Far North,Female,28,3,140,0
Blue One M,South West,Male,20,3,83,0
Blue One M,West,Male,23,2,143,0
Blue One M,North,Male,22,2,65,1
Blue One M,East,Female,29,2,147,0
Blue One M,South,Female,25,0,125,1
Blue One M,West,Female,27,0,122,1
Blue One M,North,Male,22,2,146,0
Blue One M,North West,Male,23,2,142,0
Blue One M,North West,Male,22,2,134,0
Blue One S,Littoral,Male,21,2,40,0
Blue One M,South,Female,23,3,142,0
Blue One M,South,Female,25,2,142,0
Blue One M,Adamawa,Male,23,3,141,0
Blue One M,South,Male,26,3,141,0
Blue One M,North,Male,25,3,133,0
Blue One M,East,Female,23,0,87,1
Blue One M,Far North,Male,20,3,101,0
Blue One M,East,Male,25,0,116,1
Blue One M,West,Male,29,3,133,0
Blue One M,West,Male,32,2,140,0
Blue One M,South,Female,26,0,64,1
Blue One M,South,Female,24,0,83,1
Blue One M,South West,Female,31,2,131,1
Blue One M,Littoral,Male,20,3,136,0
Blue One M,South,Male,29,2,73,1
Blue One M,Far North,Male,23,0,91,1
Blue One M,Adamawa,Male,24,0,77,1
Blue One M,South,Female,18,2,130,1
Blue One M,Littoral,Female,22,3,104,0
Blue One M,North West,Female,20,0,100,1
Blue One M,West,Male,26,3,140,0
Blue One M,North West,Female,19,0,69,1
Blue One M,East,Male,25,2,107,0
Blue One M,Littoral,Female,25,2,132,1
Blue One M,East,Male,24,2,150,0
Blue One M,Adamawa,Male,26,2,136,1
Blue One M,Adamawa,Male,27,3,150,0
Blue One M,Adamawa,Male,28,3,145,0
Blue One M,North West,Female,25,2,103,1
Blue One M,West,Male,31,2,89,1
Blue One M,North,Female,29,2,145,0
Blue One M,North West,Male,30,2,144,1
Blue One M,North West,Female,25,2,145,0
Blue One M,South West,Female,26,0,115,1
Blue One M,South,Female,28,2,96,1
Blue One M,South,Male,27,3,142,0
Blue One M,East,Female,27,2,100,1
Blue One M,East,Female,25,0,95,1
Blue One M,South West,Female,26,2,119,1
Blue One M,Littoral,Female,23,2,137,0
Blue One M,Far North,Male,26,0,94,1
Blue One M,Far North,Female,23,0,96,1
Blue One M,Far North,Male,27,2,138,0
Blue One M,South West,Male,26,0,75,1
Blue One M,North,Male,28,2,135,0
Blue One M,West,Female,29,2,80,1
Blue One M,South,Male,26,0,63,1
Blue One M,Adamawa,Female,20,0,69,1
Blue One M,North,Male,25,2,98,1
Blue One M,Adamawa,Male,28,3,142,0
Blue One M,South,Female,25,3,141,0
Blue One M,West,Male,25,2,128,1
Blue One M,Adamawa,Male,23,3,151,0
Blue One M,North,Male,28,0,121,1
Blue One M,South,Female,27,2,151,0
Blue One M,North West,Male,27,2,147,1
Blue One M,South West,Male,26,2,109,1
Blue One M,West,Male,24,0,135,1
Blue One M,East,Male,27,3,150,0
Blue One M,Littoral,Female,27,0,135,1
Blue One M,Centre,Male,26,2,142,0
Blue One M,South,Male,24,2,143,0
Blue One M,North,Male,20,3,151,0
Blue One M,South,Female,26,0,104,1
Blue One M,South West,Male,29,2,149,0
Blue One M,South West,Male,20,3,149,0
Blue One M,West,Female,27,3,147,0
Blue One M,Littoral,Female,25,3,145,0
Blue One M,South,Female,27,0,88,1
Blue One M,Far North,Female,30,0,124,1
Blue One M,North West,Female,25,3,143,0
Blue One M,West,Male,25,2,130,1
Blue One M,East,Female,23,2,137,1
Blue One M,Adamawa,Male,24,2,140,0
Blue One M,North,Female,27,3,140,0
Blue One M,Adamawa,Male,25,2,111,1
Blue One M,Adamawa,Female,28,3,135,0
Blue One M,South,Male,27,3,135,0
Blue One M,Littoral,Male,23,0,93,1
Blue One M,Adamawa,Male,22,2,153,0
Blue One M,South,Male,26,3,153,0
Blue One M,Far North,Male,24,3,153,0
Blue One M,North West,Female,29,2,154,0
Blue One M,East,Female,23,2,115,1
Blue One M,East,Female,27,2,151,0
Blue One M,South West,Male,26,2,151,0
Blue One M,North West,Male,25,3,152,0
Blue One M,West,Male,23,2,152,0
Blue One M,North West,Female,29,0,141,1
Blue One M,Adamawa,Female,28,2,97,1
Blue One M,South West,Male,24,2,152,0
Blue One M,Far North,Female,27,2,78,1
Blue One M,North West,Male,26,0,152,1
Blue One M,North West,Female,25,2,131,1
Blue One M,East,Male,32,2,152,0
Blue One M,North,Female,26,0,150,1
Blue One M,North,Male,24,0,84,1
Blue One M,Littoral,Male,28,2,151,0
Blue One M,Far North,Male,23,2,98,1
Blue One M,Centre,Female,24,0,97,1
Blue One M,Adamawa,Male,24,2,114,1
Blue One M,East,Female,29,2,124,1
Blue One M,South,Male,28,3,153,0
Blue One M,North West,Female,22,0,63,1
Blue One M,Littoral,Female,27,0,90,1
Blue One M,North,Male,24,0,131,1
Blue One M,East,Female,25,2,153,0
Blue One M,East,Female,27,2,143,1
Blue One M,South West,Male,23,0,118,1
Blue One M,North,Male,26,3,154,0
Blue One M,South,Female,27,2,152,0
Blue One M,South West,Male,20,0,140,1
Blue One M,Littoral,Female,28,2,152,0
Blue One M,East,Female,27,0,131,1
Blue One M,Adamawa,Male,22,0,87,1
Blue One M,East,Male,23,0,134,1
Blue One M,North West,Male,30,3,146,0
Blue One M,Adamawa,Male,24,2,146,0
Blue One M,West,Female,22,2,63,1
Blue One M,Littoral,Female,24,2,100,1
Blue One M,West,Female,26,0,81,1
Blue One M,South,Male,26,2,75,1
Blue One M,West,Female,26,0,89,1
Blue One M,North,Male,33,3,146,0
Blue One M,Centre,Male,22,2,145,0
Blue One M,West,Female,30,3,145,0
Blue One M,West,Female,29,2,107,0
Blue One M,South West,Female,22,2,116,0
Blue One M,North West,Female,23,2,130,0
Blue One M,Centre,Female,26,3,131,0
Blue One M,East,Male,25,0,119,1
Blue One M,North,Male,22,2,86,1
Blue One M,South West,Female,19,3,112,0
Blue One M,South,Male,26,0,83,1
Blue One M,Adamawa,Male,23,3,135,0
Blue One M,Adamawa,Male,26,2,133,0
Blue One M,North West,Male,26,2,63,1
Blue One M,East,Male,22,2,99,1
Blue One M,East,Female,23,3,131,0
Blue One M,South,Female,30,2,129,1
Blue One M,North West,Female,22,0,63,1
Blue One M,Far North,Female,21,3,133,0
Blue One M,Centre,Female,30,2,140,0
Blue One M,Far North,Male,27,0,101,1
Blue One M,West,Female,28,2,64,1
Blue One M,Centre,Female,26,2,137,0
Blue One M,South,Female,21,2,63,1
Blue One M,East,Male,25,2,62,1
Blue One M,Littoral,Female,33,2,137,0
Blue One M,Littoral,Male,27,2,96,0
Blue One M,Far North,Female,24,2,61,1
Blue One M,Littoral,Female,30,0,101,1
Blue One M,North West,Male,30,2,75,1
Blue One M,North West,Male,24,2,102,0
Blue One M,East,Male,25,2,100,0
Blue One M,Adamawa,Female,26,2,99,1
Blue One M,Adamawa,Female,28,3,126,0
Blue One M,Far North,Female,22,0,113,1
Blue One M,Adamawa,Female,28,3,136,0
Blue One M,Littoral,Female,24,2,98,1
Blue One M,Far North,Male,24,2,119,0
Blue One M,South West,Female,20,2,126,0
Blue One S,East,Male,28,2,52,0
Blue One M,South West,Male,27,3,134,0
Blue One M,Littoral,Female,28,2,131,0
Blue One M,Littoral,Female,23,0,117,1
Blue One M,Far North,Female,27,2,131,0
Blue One M,North West,Male,27,2,130,0
Blue One M,Littoral,Female,29,2,98,1
Blue One M,North West,Male,24,3,118,0
Blue One M,Centre,Female,23,2,127,1
Blue One M,North,Male,25,2,137,0
Blue One M,North,Female,20,3,122,0
Blue One M,Adamawa,Male,21,2,116,0
Blue One M,Centre,Female,24,2,93,1
Blue One M,East,Female,17,0,84,1
Blue One M,Far North,Female,23,3,131,0
Blue One M,North West,Male,28,0,120,1
Blue One M,Littoral,Male,22,3,98,0
Blue One M,West,Male,24,3,130,0
Blue One M,Far North,Female,20,2,124,1
Blue One M,North,Male,25,3,115,0
Blue One M,East,Male,25,2,112,0
Blue One M,North,Male,26,2,110,1
Blue One M,North West,Male,23,2,93,1
Blue One M,North,Male,25,3,124,0
Blue One M,Centre,Male,25,3,133,0
Blue One M,West,Male,23,3,134,0
Blue One M,South,Male,23,2,76,1
Blue One M,South West,Male,26,2,126,0
Blue One M,South West,Male,25,0,103,1
Blue One M,Adamawa,Female,26,2,130,0
Blue One M,Littoral,Male,23,3,133,0
Blue One M,East,Male,20,3,134,0
Blue One M,North,Male,20,2,135,0
Blue One M,Far North,Male,24,0,119,1
Blue One M,East,Female,24,3,133,0
Blue One M,West,Female,29,0,103,1
Blue One M,South West,Female,24,3,136,0
Blue One M,North,Male,22,3,81,0
Blue One M,North West,Female,26,2,127,0
Blue One M,Adamawa,Male,28,2,139,0
Blue One M,West,Male,25,2,110,0
Blue One M,West,Female,25,0,109,1
Blue One M,South,Female,24,3,134,0
Blue One M,East,Male,20,2,134,0
Blue One M,South West,Female,26,2,136,0
Blue One M,South,Female,21,3,136,0
Blue One M,Far North,Female,28,0,123,1
Blue One M,South,Female,31,2,90,1
Blue One M,West,Male,27,0,82,1
Blue One M,North West,Male,17,2,130,1
Blue One M,Littoral,Male,22,2,131,0
Blue One M,Adamawa,Male,23,0,63,1
Blue One M,South West,Female,25,2,66,1
Blue One M,South West,Male,26,3,136,0
Blue One M,South,Male,24,2,129,0
Blue One M,South West,Female,25,2,119,1
Blue One M,Centre,Female,22,2,115,1
Blue One M,Adamawa,Male,30,3,126,0
Blue One M,South West,Male,26,3,118,0
Blue One M,South,Female,23,0,102,1
Blue One M,Far North,Male,21,3,126,0
Blue One M,South West,Female,27,2,83,1
Blue One M,East,Male,19,2,133,0
Blue One M,South,Male,30,3,133,0
Blue One M,South,Female,28,3,135,0
Blue One M,North,Female,21,3,100,0
Blue One M,Far North,Female,25,2,126,1
Blue One M,North,Male,23,2,129,0
Blue One M,Far North,Female,23,2,131,0
Blue One M,Adamawa,Female,27,2,128,0
Blue One M,East,Female,28,2,128,0
Blue One M,East,Male,24,3,126,0
Blue One M,South,Female,20,2,85,1
Blue One M,North,Female,20,2,108,1
Blue One M,North West,Female,25,0,105,1
Blue One M,North,Male,26,3,126,0
Blue One M,North West,Male,27,0,108,1
Blue One M,Far North,Male,22,0,137,1
Blue One M,Centre,Male,20,2,63,1
Blue One M,Far North,Male,28,2,144,1
Blue One M,South West,Male,23,2,99,0
Blue One M,Far North,Male,25,3,152,0
Blue One M,North,Female,26,0,138,1
Blue One M,South,Male,24,2,147,0
Blue One M,West,Female,23,3,151,0
Blue One M,North,Female,27,0,73,1
Blue One M,Centre,Female,22,0,99,1
Blue One M,West,Male,27,0,91,1
Blue One M,Adamawa,Male,24,2,123,1
Blue One M,South West,Female,26,2,135,1
Blue One M,South West,Female,27,0,94,1
Blue One M,North West,Male,27,2,150,0
Blue One M,West,Male,31,3,150,0
Blue One M,West,Female,24,0,120,1
Blue One M,Adamawa,Male,23,3,151,0
Blue One M,South,Male,22,2,113,1
Blue One M,Far North,Female,20,3,115,0
Blue One M,North,Female,26,3,117,0
Blue One M,Far North,Male,25,2,130,0
Blue One M,West,Male,25,3,130,0
Blue One M,West,Female,27,2,130,0
Blue One M,North,Male,28,3,137,0
Blue One M,Far North,Female,23,2,147,0
Blue One M,East,Female,26,2,147,0
Blue One M,North,Female,30,0,90,1
Blue One M,West,Female,26,3,147,0
Blue One M,Littoral,Male,28,0,75,1
Blue One M,Far North,Male,26,2,139,1
Blue One M,Centre,Female,24,2,139,0
Blue One M,Adamawa,Male,22,2,106,1
Blue One M,North,Male,31,2,99,1
Blue One M,North,Male,26,2,141,0
Blue One M,Centre,Male,29,2,67,1
Blue One M,Littoral,Female,30,2,141,0
Blue One M,South,Male,22,3,146,0
Blue One M,East,Female,22,2,145,0
Blue One M,East,Male,29,2,140,0
Blue One M,South,Male,27,2,62,1
Blue One M,Adamawa,Female,26,3,142,0
Blue One M,South,Male,33,2,116,0
Blue One M,West,Male,26,2,137,0
Blue One M,South West,Female,20,2,145,0
Blue One M,North,Male,23,3,141,0
Blue One M,Far North,Male,25,2,100,1
Blue One M,Far North,Male,27,2,71,1
Blue One M,West,Male,29,2,66,1
Blue One M,Adamawa,Male,27,2,130,0
Blue One M,North,Male,29,3,130,0
Blue One M,South,Male,26,0,128,1
Blue One M,North West,Female,24,2,141,0
Blue One M,North,Female,26,3,141,0
Blue One M,Far North,Male,23,0,62,1
Blue One M,South West,Male,21,2,142,0
Blue One M,North,Male,26,0,135,1
Blue One M,North West,Male,26,3,142,0
Blue One M,Centre,Male,27,2,142,0
Blue One M,Littoral,Male,25,2,134,0
Blue One M,Centre,Male,23,2,125,0
Blue One M,Far North,Male,26,2,98,1
Blue One M,South West,Female,23,0,75,1
Blue One M,Littoral,Male,26,2,70,1
Blue One M,South West,Female,27,2,100,1
Blue One M,Littoral,Female,27,2,133,1
Blue One M,West,Female,20,3,139,0
Blue One M,North West,Female,32,2,124,0
Blue One M,Centre,Male,23,3,131,0
Blue One M,Far North,Female,28,0,133,1
Blue One M,North West,Female,31,3,140,0
Blue One M,East,Male,24,0,100,1
Blue One M,South,Male,23,2,120,1
Blue One M,West,Female,25,2,136,1
Blue One M,Far North,Male,25,2,68,1
Blue One M,North,Male,27,2,133,0
Blue One M,South,Male,20,0,64,1
Blue One M,North West,Female,33,2,153,0
Blue One M,South West,Male,30,2,148,1
Blue One M,North,Female,22,3,142,0
Blue One M,Adamawa,Male,22,2,117,1
Blue One M,Far North,Male,29,2,131,1
Blue One M,West,Female,23,2,124,1
Blue One M,South West,Male,23,2,151,0
Blue One M,West,Male,21,0,99,1
Blue One M,North West,Male,29,0,86,1
Blue One M,West,Male,24,0,94,1
Blue One M,Littoral,Male,27,2,100,1
Blue One M,East,Female,20,2,106,1
Blue One M,Far North,Female,29,0,79,1
Blue One M,East,Female,29,2,72,1
Blue One M,South,Female,24,2,92,1
Blue One M,South West,Female,27,3,147,0
Blue One M,South,Female,26,2,113,1
Blue One M,Adamawa,Female,21,3,150,0
Blue One M,East,Female,29,2,142,0
Blue One M,South West,Male,22,0,65,1
Blue One M,Centre,Male,24,2,123,1
Blue One M,West,Male,24,3,147,0
Blue One M,Far North,Male,22,2,147,0
Blue One M,Centre,Male,26,0,131,1
Blue One M,East,Female,24,3,147,0
Blue One M,East,Female,28,2,70,1
Blue One M,South West,Male,27,2,142,0
Blue One M,South West,Female,22,3,89,0
Blue One M,South West,Female,26,2,88,1
Blue One M,West,Male,18,3,97,0
Blue One M,South,Male,27,0,63,1
Blue One M,Centre,Female,26,3,144,0
Blue One M,East,Female,28,2,143,0
Blue One M,South West,Male,28,3,143,0
Blue One M,Centre,Male,29,0,77,1
Blue One M,South,Female,20,2,135,0
Blue One M,North,Male,23,2,133,0
Blue One M,North,Male,25,2,133,0
Blue One M,Far North,Male,27,2,131,0
Blue One M,Far North,Female,26,2,139,0
Blue One M,South West,Male,27,2,95,1
Blue One M,Littoral,Male,25,3,136,0
Blue One M,North,Female,22,3,122,0
Blue One M,Centre,Female,26,3,134,0
Blue One M,East,Male,26,3,139,0
Blue One M,Far North,Female,27,2,121,1
Blue One M,Far North,Female,26,0,125,1
Blue One M,West,Male,30,3,117,0
Blue One M,North,Female,27,3,141,0
Blue One M,Adamawa,Male,27,2,97,1
Blue One M,East,Female,28,2,142,0
Blue One M,Adamawa,Female,26,0,78,1
Blue One M,North West,Female,25,0,130,1
Blue One M,Centre,Female,28,2,86,1
Blue One M,Centre,Female,25,2,132,0
Blue One M,West,Male,28,3,127,0
Blue One M,South,Male,28,0,111,1
Blue One M,East,Female,24,0,115,1
Blue One M,East,Male,22,2,132,0
Blue One M,Centre,Female,22,2,132,0
Blue One M,Far North,Male,24,0,78,1
Blue One M,Centre,Female,25,2,140,0
Blue One M,South West,Male,23,3,139,0
Blue One M,East,Male,22,2,131,0
Blue One M,South,Male,22,2,85,1
Blue One M,East,Male,25,3,118,0
Blue One M,West,Male,23,2,138,0
Blue One M,North,Female,28,0,75,1
Blue One M,East,Male,27,0,75,1
Blue One M,East,Male,17,0,112,1
Blue One M,East,Male,27,3,139,0
Blue One M,South West,Male,30,2,132,1
Blue One M,South,Female,25,0,119,1
Blue One S,Littoral,Female,25,2,56,0
Blue One M,Far North,Male,27,3,137,0
Blue One M,Centre,Male,22,2,133,0
Blue One M,West,Male,23,2,132,0
Blue One M,Far North,Female,22,2,110,1
Blue One M,North West,Male,29,0,78,1
Blue One M,West,Male,28,2,138,1
Blue One M,West,Male,21,0,66,1
Blue One M,West,Female,23,3,136,0
Blue One M,East,Female,28,0,94,1
Blue One M,South,Male,29,0,104,1
Blue One M,Far North,Male,22,2,138,0
Blue One M,West,Female,23,2,86,1
Blue One M,Centre,Female,25,3,137,0
Blue One M,North West,Female,24,2,137,0
Blue One M,West,Female,28,0,91,1
Blue One M,North,Male,25,2,95,1
Blue One M,Adamawa,Female,27,3,133,0
Blue One M,South West,Female,26,2,108,1
Blue One M,Adamawa,Female,22,2,93,1
Blue One M,East,Male,27,0,120,1
Blue One M,West,Female,24,2,80,1
Blue One M,Littoral,Female,27,0,92,1
Blue One M,North,Female,27,3,124,0
Blue One M,South,Male,17,2,115,1
Blue One M,Far North,Male,22,2,124,0
Blue One M,West,Male,24,2,86,1
Blue One S,Far North,Female,19,1,38,0
Blue One M,Adamawa,Female,25,3,108,0
Blue One M,East,Male,23,0,69,1
Blue One M,Centre,Female,24,0,81,1
Blue One M,Far North,Male,27,0,84,1
Blue One M,Centre,Female,22,2,122,1
Blue One M,Littoral,Male,25,3,125,0
Blue One M,Littoral,Male,24,3,123,0
Blue One M,Adamawa,Male,29,2,97,1
Blue One M,East,Female,21,2,74,1
Blue One M,East,Male,24,2,119,0
Blue One M,Littoral,Female,27,3,122,0
Blue One M,South,Male,27,0,112,1
Blue One M,North West,Male,28,2,77,1
Blue One M,West,Male,19,2,115,0
Blue One M,North West,Female,27,2,62,1
Blue One M,Far North,Male,23,2,107,1
Blue One M,West,Male,21,2,107,1
Blue One M,South West,Female,30,3,110,0
Blue One M,South,Male,23,2,107,0
Blue One M,Littoral,Female,24,2,65,1
Blue One M,Littoral,Female,25,3,102,0
Blue One M,South West,Male,21,2,102,0
Blue One M,North West,Male,21,2,98,0
Blue One M,South West,Female,25,3,95,0
Blue One M,Adamawa,Male,29,3,97,0
Blue One M,Adamawa,Female,26,2,94,0
Blue One M,Centre,Male,21,0,77,1
Blue One M,West,Female,17,3,95,0
Blue One M,South,Male,28,0,91,1
Blue One M,South,Female,23,2,145,0
Blue One M,Far North,Male,21,2,121,0
Blue One M,Adamawa,Male,21,3,121,0
Blue One M,North West,Male,30,3,145,0
Blue One M,North,Male,24,2,145,0
Blue One M,South West,Female,28,2,153,0
Blue One M,West,Female,29,0,127,1
Blue One M,Centre,Female,27,2,153,0
Blue One M,North,Female,29,0,125,1
Blue One M,Littoral,Female,20,0,133,1
Blue One M,Littoral,Male,22,0,120,1
Blue One M,Centre,Male,24,3,153,0
Blue One M,Far North,Male,22,0,112,1
Blue One M,North West,Female,29,3,153,0
Blue One M,South West,Female,26,2,153,0
Blue One M,Centre,Male,19,0,117,1
Blue One M,Far North,Male,30,2,89,1
Blue One M,North West,Female,21,2,135,0
Blue One M,North,Male,29,0,75,1
Blue One M,North West,Female,27,2,105,1
Blue One M,North,Male,26,2,70,1
Blue One M,North,Male,23,2,98,1
Blue One M,Far North,Female,26,0,118,1
Blue One M,Far North,Male,30,0,61,1
Blue One M,North,Male,21,2,116,1
Blue One M,Littoral,Female,31,3,152,0
Blue One M,South West,Male,27,2,152,0
Blue One M,Centre,Male,23,3,126,0
Blue One M,South,Female,24,3,118,0
Blue One M,East,Male,21,3,118,0
Blue One M,Centre,Male,23,2,118,0
Blue One M,Far North,Female,28,0,116,1
Blue One M,West,Female,25,2,141,0
Blue One M,Far North,Female,27,3,130,0
Blue One M,South West,Male,23,2,141,0
Blue One M,Centre,Male,24,3,150,0
Blue One M,North,Male,26,2,149,1
Blue One M,South,Female,25,3,152,0
Blue One M,Adamawa,Female,26,2,152,0
Blue One M,North West,Male,27,2,153,0
Blue One M,North,Male,27,0,68,1
Blue One M,Far North,Male,24,2,150,0
Blue One M,North,Female,22,0,65,1
Blue One M,Far North,Female,23,3,151,0
Blue One M,West,Female,30,2,92,1
Blue One M,South West,Female,27,2,65,1
Blue One M,South,Male,28,2,67,1
Blue One M,North,Male,30,0,68,1
Blue One M,Centre,Male,27,2,142,0
Blue One M,North,Male,25,0,133,1
Blue One M,South West,Male,26,0,149,1
Blue One M,South West,Female,23,0,86,1
Blue One M,East,Female,24,2,88,1
Blue One M,East,Male,31,0,117,1
Blue One M,North,Male,27,2,140,0
Blue One L,North,Male,27,2,185,0
Blue One M,North,Male,21,2,86,0
Blue One L,Far North,Male,25,2,96,1
Blue One S,Littoral,Female,25,2,60,0
Blue One S,Centre,Male,23,1,11,0
Blue One S,Far North,Female,22,2,25,0
Blue One M,Adamawa,Male,25,2,121,1
Blue One S,South,Male,19,2,30,0
Blue One S,Adamawa,Female,19,2,32,0
Blue One S,North,Male,25,1,30,0
Blue One S,East,Female,25,2,32,0
Blue One S,Littoral,Male,23,2,34,0
Blue One S,South West,Female,24,2,14,0
Blue One M,North,Male,24,0,61,1
Blue One M,South West,Female,23,0,106,1
Blue One M,Far North,Male,26,0,61,1
Blue One M,North,Female,19,2,131,0
Blue One M,North West,Male,23,2,117,1
Blue One M,North West,Male,27,0,83,1
Blue One M,North West,Female,25,2,84,1
Blue One M,Centre,Female,23,2,136,0
Blue One M,West,Male,32,2,136,0
Blue One M,East,Male,21,2,66,1
Blue One M,Littoral,Male,20,0,69,1
Blue One M,East,Female,24,2,78,1
Blue One M,West,Female,21,0,87,1
Blue One M,North West,Female,20,3,129,0
Blue One M,Littoral,Male,22,0,66,1
Blue One M,East,Male,24,0,102,1
Blue One M,Adamawa,Female,25,2,119,0
Blue One M,Far North,Male,23,3,122,0
Blue One M,East,Female,23,0,81,1
Blue One M,South,Male,21,0,80,1
Blue One M,Far North,Male,19,0,80,1
Blue One M,Littoral,Female,21,2,104,0
Blue One M,Littoral,Male,24,3,102,0
Blue One M,Littoral,Female,25,3,102,0
Blue One M,Centre,Male,23,0,64,1
Blue One M,South West,Male,23,2,95,0
Blue One M,North,Female,20,3,91,0
Blue One M,Centre,Female,27,2,66,1
Blue One M,Littoral,Male,26,3,95,0
Blue One M,West,Male,22,3,83,0
Blue One M,Adamawa,Male,21,2,79,0
Blue One S,South West,Female,23,1,74,0
Blue One S,Centre,Male,20,2,74,0
Blue One S,North,Male,25,2,61,0
Blue One S,Littoral,Male,25,1,61,0
Blue One S,North West,Male,24,2,59,0
Blue One S,East,Male,24,2,58,0
Blue One S,North,Male,25,2,54,0
Blue One S,North West,Female,25,1,54,0
Blue One S,North West,Female,28,1,47,0
Blue One S,East,Female,18,1,53,0
Blue One S,North West,Male,22,2,53,0
Blue One S,Centre,Male,24,2,48,0
Blue One S,Littoral,Female,22,2,47,0
Blue One M,Littoral,Male,25,3,148,0
Blue One M,South West,Male,27,2,148,0
Blue One M,Centre,Male,22,3,152,0
Blue One M,South,Female,30,3,151,0
Blue One M,North West,Male,29,2,151,0
Blue One M,North,Male,27,2,101,1
Blue One M,West,Female,21,3,148,0
Blue One M,Littoral,Male,22,2,136,1
Blue One M,East,Male,20,3,151,0
Blue One M,South West,Female,30,0,96,1
Blue One M,Centre,Female,25,3,149,0
Blue One M,East,Female,26,3,148,0
Blue One M,Adamawa,Female,22,0,114,1
Blue One M,South West,Female,30,3,148,0
Blue One M,East,Female,28,2,150,0
Blue One M,North West,Female,27,3,151,0
Blue One M,Far North,Male,23,2,144,0
Blue One M,South West,Male,23,2,61,1
Blue One M,Far North,Male,22,2,149,0
Blue One M,West,Male,21,2,63,1
Blue One M,South West,Male,29,2,112,1
Blue One M,South West,Male,20,2,136,0
Blue One M,South West,Female,29,3,120,0
Blue One M,Centre,Male,26,2,95,0
Blue One M,Centre,Male,26,2,133,0
Blue One M,South West,Female,32,3,147,0
Blue One M,South West,Male,27,2,109,1
Blue One M,North West,Female,26,0,138,1
Blue One M,South,Male,25,3,145,0
Blue One M,Far North,Male,26,0,82,1
Blue One M,Centre,Male,21,2,82,1
Blue One M,Adamawa,Male,22,2,134,0
Blue One M,West,Female,28,2,128,1
Blue One M,East,Male,25,2,85,1
Blue One M,South West,Male,23,0,113,1
Blue One M,Adamawa,Female,19,3,110,0
Blue One M,North West,Male,24,0,66,1
Blue One M,Far North,Male,27,2,62,1
Blue One M,Far North,Female,26,0,69,1
Blue One M,North,Male,19,3,131,0
Blue One M,West,Male,24,0,109,1
Blue One M,Littoral,Female,24,2,144,0
Blue One M,North West,Female,30,2,97,1
Blue One M,East,Male,23,0,101,1
Blue One M,Littoral,Male,30,2,61,1
Blue One M,West,Male,27,3,137,0
Blue One M,North West,Female,21,3,137,0
Blue One M,East,Female,22,3,137,0
Blue One M,East,Female,29,0,125,1
Blue One M,Far North,Male,24,2,72,1
Blue One M,South,Male,25,0,86,1
Blue One M,East,Female,23,2,62,1
Blue One M,North,Female,26,2,133,0
Blue One M,Centre,Female,25,3,139,0
Blue One M,Centre,Male,22,2,137,0
Blue One M,Adamawa,Female,28,2,136,0
Blue One M,North West,Male,21,3,129,0
Blue One M,South,Male,21,2,129,0
Blue One M,West,Female,24,0,82,1
Blue One M,East,Female,30,2,129,0
Blue One M,Littoral,Male,18,2,107,1
Blue One M,East,Female,25,0,93,1
Blue One M,Centre,Male,22,2,110,0
Blue One M,East,Female,27,2,116,0
Blue One M,North,Male,26,2,124,0
Blue One M,North,Female,28,0,122,1
Blue One M,East,Female,23,2,90,1
Blue One M,East,Male,26,3,135,0
Blue One M,Littoral,Female,25,2,134,0
Blue One M,East,Male,30,0,85,1
Blue One M,Littoral,Female,27,0,99,1
Blue One M,Far North,Male,26,0,79,1
Blue One M,Littoral,Male,23,0,124,1
Blue One M,Adamawa,Female,26,2,114,1
Blue One M,South West,Male,29,3,132,0
Blue One M,East,Male,26,2,70,1
Blue One M,East,Female,19,2,125,0
Blue One M,East,Male,22,2,110,0
Blue One M,Littoral,Female,24,0,67,1
Blue One M,South West,Male,22,2,112,0
Blue One M,North,Male,25,2,112,0
Blue One M,Centre,Male,23,0,76,1
Blue One M,West,Male,23,0,108,1
Blue One M,South West,Male,27,0,78,1
Blue One M,West,Female,28,0,102,1
Blue One M,Far North,Male,25,2,82,1
Blue One M,Littoral,Male,23,2,97,1
Blue One M,Adamawa,Female,21,2,115,0
Blue One M,North West,Male,25,3,107,0
Blue One M,North,Female,26,2,91,1
Blue One M,East,Female,23,2,119,1
Blue One M,South,Male,25,2,112,1
Blue One M,West,Female,21,3,111,0
Blue One M,Centre,Male,24,0,94,1
Blue One M,Adamawa,Female,23,3,122,0
Blue One M,West,Female,27,0,122,1
Blue One M,North,Male,30,0,65,1
Blue One M,Littoral,Male,27,0,68,1
Blue One M,Littoral,Female,23,2,105,1
Blue One M,Far North,Female,22,2,66,1
Blue One M,South West,Female,29,2,75,1
Blue One M,Littoral,Male,27,2,104,1
Blue One M,Centre,Male,22,3,128,0
Blue One M,West,Female,30,3,128,0
Blue One M,North West,Male,32,2,114,1
Blue One M,West,Male,29,3,117,0
Blue One M,South West,Female,26,3,110,0
Blue One M,South West,Male,23,0,68,1
Blue One M,South,Female,22,2,62,1
Blue One M,Adamawa,Male,23,2,113,1
Blue One M,Littoral,Female,25,0,92,1
Blue One M,South West,Male,24,3,122,0
Blue One M,West,Male,30,3,122,0
Blue One M,Far North,Female,17,3,116,0
Blue One M,Adamawa,Male,25,2,128,0
Blue One M,South,Female,26,2,136,0
Blue One M,South,Female,31,2,109,0
Blue One M,North,Male,23,2,138,0
Blue One M,North,Male,27,3,145,0
Blue One S,North West,Female,23,1,56,0
Blue One M,West,Male,18,2,126,0
Blue One S,South,Male,17,2,59,0
Blue One M,Adamawa,Female,24,3,92,0
Blue One M,East,Male,20,2,151,0
Blue One M,West,Female,26,0,134,1
Blue One M,Far North,Female,26,0,132,1
Blue One M,North West,Female,22,0,144,1
Blue One M,South West,Female,28,2,130,1
Blue One M,Adamawa,Female,26,0,130,1
Blue One S,North West,Female,27,2,74,0
Blue One S,East,Female,20,1,51,0
Blue One M,East,Male,22,3,88,0
Blue One M,Littoral,Male,22,2,99,1
Blue One M,West,Female,23,3,89,0
Blue One M,Far North,Male,25,3,89,0
Blue One M,North,Female,29,0,72,1
Blue One S,Littoral,Female,26,1,46,0
Blue One M,North,Male,22,0,84,1
Blue One M,Adamawa,Female,26,2,133,1
Blue One M,North,Male,24,2,96,0
Blue One M,South West,Female,28,0,70,1
Blue One M,North,Male,25,3,144,0
Blue One M,North West,Female,23,0,116,1
Blue One M,Far North,Female,21,2,98,1
Blue One M,North West,Male,27,3,140,0
Blue One M,South West,Female,30,2,62,1
Blue One M,Adamawa,Male,24,0,62,1
Blue One M,Littoral,Female,22,2,107,1
Blue One M,Far North,Male,25,3,126,0
Blue One M,South,Male,27,2,125,0
Blue One M,Littoral,Female,23,2,96,1
Blue One M,East,Female,24,2,115,0
Blue One M,North West,Male,24,2,125,0
Blue One M,South West,Male,26,0,98,1
Blue One M,North,Male,22,2,67,1
Blue One M,North,Female,25,2,105,0
Blue One M,Adamawa,Female,26,0,75,1
Blue One M,Littoral,Male,25,3,111,0
Blue One M,West,Female,30,2,69,1
Blue One S,South,Female,18,1,32,0
Blue One M,North,Male,27,2,138,0
Blue One M,South West,Female,26,2,121,0
Blue One M,South,Male,25,0,103,1
Blue One M,North,Male,26,0,84,1
Blue One M,East,Male,20,3,102,0
Blue One S,South West,Female,24,2,35,0
Blue One M,Adamawa,Female,24,3,84,0
Blue One M,South West,Female,28,3,108,0
Blue One M,Far North,Male,28,2,118,0
Blue One M,Adamawa,Male,23,3,94,0
Blue One M,West,Female,26,3,137,0
Blue One M,Far North,Female,29,2,149,0
Blue One M,Far North,Male,22,2,110,0
Blue One M,Adamawa,Female,25,2,95,0
Blue One M,South West,Female,20,2,96,0
Blue One M,West,Female,27,3,103,0
Blue One M,North West,Male,27,2,133,0
Blue One M,East,Male,25,3,130,0
Blue One M,Far North,Male,21,3,116,0
Blue One M,West,Male,28,0,74,1
Blue One M,Centre,Male,28,2,149,0
Blue One M,South,Female,24,2,69,1
Blue One M,Centre,Female,25,2,93,1
Blue One M,South,Female,22,2,109,0
Blue One M,Littoral,Female,29,3,136,0
Blue One M,Adamawa,Male,26,3,94,0
Blue One M,South West,Male,28,3,125,0
Blue One M,Centre,Female,20,2,91,1
Blue One M,Littoral,Male,32,2,123,0
Blue One M,West,Male,23,3,103,0
Blue One M,South West,Female,32,0,108,1
Blue One M,Littoral,Male,27,2,141,0
Blue One M,Littoral,Male,21,0,66,1
Blue One M,South,Female,27,0,91,1
Blue One M,North West,Male,28,2,95,0
Blue One M,North,Male,32,0,91,1
Blue One M,Far North,Male,29,3,153,0
Blue One M,East,Male,32,2,146,0
Blue One M,South West,Female,29,2,105,0
Blue One M,East,Female,27,3,90,0
Blue One M,North,Female,28,3,139,0
Blue One M,North,Female,24,0,78,1
Blue One M,Far North,Female,24,2,118,0
Blue One M,South West,Female,17,0,70,1
Blue One M,North West,Male,26,3,136,0
Blue One M,South,Female,25,2,144,0
Blue One M,North West,Female,31,2,89,1
Blue One M,Far North,Male,26,2,116,1
Blue One M,South,Male,26,2,145,0
Blue One M,South,Male,25,2,129,0
Blue One M,Littoral,Female,26,0,74,1
Blue One M,South West,Male,21,2,125,0
Blue One M,South,Female,25,0,130,1
Blue One M,North,Male,23,2,132,0
Blue One M,East,Male,25,0,90,1
Blue One M,Centre,Male,30,0,110,1
Blue One M,North,Female,28,3,116,0
Blue One M,Littoral,Female,26,3,89,0
Blue One M,Far North,Male,28,0,80,1
Blue One M,North West,Female,22,3,126,0
Blue One M,West,Female,22,2,125,0
Blue One M,Adamawa,Female,28,3,136,0
Blue One M,East,Male,29,2,86,0
Blue One S,West,Female,22,1,34,0
Blue One S,Littoral,Male,28,2,53,0
Blue One S,Far North,Female,25,2,41,0
Blue One S,North West,Female,21,2,32,0
Blue One S,Centre,Female,21,2,34,0
Blue One S,South,Male,20,1,53,0
Blue One M,South West,Male,23,2,75,0
Blue One S,Adamawa,Male,22,1,53,0
Blue One S,North,Male,23,2,48,0
Blue One M,East,Female,21,3,75,0
Blue One S,Centre,Male,22,1,33,0
Blue One S,South,Female,17,2,23,0
Blue One S,North,Female,22,1,35,0
Blue One S,Far North,Male,22,2,53,0
Blue One S,Centre,Male,30,1,55,0
Blue One S,East,Female,24,1,54,0
Blue One S,Littoral,Male,22,2,35,0
Blue One S,North West,Female,18,2,51,0
Blue One S,Littoral,Female,19,2,41,0
Blue One S,Far North,Female,21,1,48,0
Blue One S,Far North,Female,26,1,54,0
Blue One S,West,Male,24,2,17,0
Blue One S,South,Female,22,1,17,0
Blue One S,Centre,Male,25,1,48,0
Blue One S,South West,Male,17,2,16,0
Blue One S,South,Female,23,2,34,0
Blue One S,West,Female,21,2,33,0
Blue One S,North West,Female,18,1,21,0
Blue One S,West,Female,22,2,24,0
Blue One S,East,Female,21,2,19,0
Blue One S,South West,Female,22,2,51,0
Blue One S,East,Female,18,1,49,0
Blue One S,Centre,Female,22,2,47,0
Blue One S,Far North,Male,26,1,54,0
Blue One M,Adamawa,Male,19,2,68,1
Blue One S,Far North,Female,19,1,74,0
Blue One S,East,Male,19,1,23,0
Blue One M,East,Male,21,3,77,0
Blue One S,Adamawa,Male,21,2,52,0
Blue One S,South West,Male,23,2,52,0
Blue One S,South West,Male,23,2,74,0
Blue One S,North,Male,22,1,52,0
Blue One S,East,Male,19,1,55,0
Blue One M,Littoral,Female,23,2,77,0
Blue One S,Far North,Male,19,2,41,0
Blue One S,Far North,Male,20,1,44,0
Blue One M,South West,Female,23,2,75,0
Blue One M,South West,Female,23,2,72,1
Blue One S,Adamawa,Female,25,1,53,0
Blue One M,East,Male,22,3,83,0
Blue One M,West,Male,26,2,97,0
Blue One M,North,Male,22,3,109,0
Blue One M,East,Female,25,2,133,0
Blue One S,North West,Male,20,2,74,0
Blue One M,North,Male,23,2,61,1
Blue One M,Far North,Male,26,2,114,0
Blue One M,East,Female,22,3,106,0
Blue One M,North,Male,27,3,116,0
Blue One M,Far North,Male,25,3,117,0
Blue One S,West,Female,20,2,46,0
Blue One S,Far North,Female,22,2,45,0
Blue One M,South,Male,24,2,78,1
Blue One M,South,Male,23,2,98,0
Blue One M,Far North,Male,23,2,61,1
Blue One M,South,Female,21,2,99,1
Blue One M,Far North,Male,26,3,110,0
Blue One M,South,Male,27,0,73,1
Blue One M,Adamawa,Male,25,2,109,0
Blue One M,West,Male,27,3,100,0
Blue One M,South West,Male,22,2,91,0
Blue One S,Centre,Male,26,1,55,0
Blue One M,North,Male,21,3,95,0
Blue One M,Adamawa,Male,23,0,75,1
Blue One M,West,Male,23,2,94,0
Blue One M,South West,Female,22,3,81,0
Blue One M,North,Male,21,2,94,0
Blue One M,North West,Female,27,2,84,0
Blue One M,South,Female,26,2,79,0
Blue One M,Littoral,Female,28,3,80,0
Blue One M,Far North,Female,26,2,105,0
Blue One M,East,Male,21,2,92,0
Blue One M,Centre,Female,20,2,76,0
Blue One M,Littoral,Female,22,3,90,0
Blue One M,South,Female,29,3,83,0
Blue One M,South,Male,18,0,63,1
Blue One M,Far North,Female,23,2,61,1
Blue One M,Adamawa,Male,22,2,63,1
Blue One M,Centre,Male,20,0,66,1
Blue One M,Littoral,Male,26,2,63,1
Blue One M,North West,Male,25,0,101,1
Blue One M,Adamawa,Female,25,2,98,0
Blue One M,South,Male,20,2,80,0
Blue One M,South,Female,26,2,86,0
Blue One M,South West,Female,22,3,92,0
Blue One M,Adamawa,Male,20,3,95,0
Blue One M,North West,Female,20,3,93,0
Blue One M,Adamawa,Male,23,0,88,1
Blue One M,South West,Female,28,2,83,0
Blue One M,North,Female,23,3,76,0
Blue One M,Littoral,Male,20,2,61,1
Blue One M,West,Male,22,2,61,1
Blue One M,East,Male,23,3,124,0
Blue One M,Far North,Male,23,2,102,1
Blue One S,Adamawa,Female,20,2,55,0
Blue One M,South West,Female,26,2,85,0
Blue One M,West,Male,25,3,98,0
Blue One M,North West,Female,24,0,101,1
Blue One M,Littoral,Female,26,0,92,1
Blue One M,South,Female,25,3,76,0
Blue One M,West,Male,22,2,129,0
Blue One M,Littoral,Male,23,2,80,0
Blue One M,South West,Female,20,2,121,0
Blue One M,South West,Male,29,0,104,1
Blue One M,Centre,Female,29,3,121,0
Blue One M,North West,Female,26,2,81,0
Blue One M,Far North,Male,25,2,125,0
Blue One S,Littoral,Male,26,2,16,0
Blue One M,North,Male,27,3,126,0
Blue One M,Centre,Female,22,2,111,0
Blue One M,North West,Female,29,2,91,0
Blue One S,South West,Male,25,1,42,0
Blue One M,East,Female,21,0,96,1
Blue One S,West,Male,24,2,31,0
Blue One M,East,Female,20,0,84,1
Blue One M,North West,Female,26,2,84,1
Blue One M,South,Male,24,2,95,1
Blue One M,West,Male,24,2,104,0
Blue One M,East,Male,22,2,116,0
Blue One M,North West,Male,24,2,62,1
Blue One M,Littoral,Male,23,3,132,0
Blue One M,Far North,Male,27,3,112,0
Blue One M,West,Female,23,3,123,0
Blue One M,West,Female,25,3,126,0
Blue One M,North West,Male,21,0,87,1
Blue One M,Adamawa,Male,26,2,100,1
Blue One M,North West,Female,25,2,126,0
Blue One M,North,Male,21,0,65,1
Blue One M,East,Female,26,3,89,0
Blue One M,South,Female,25,3,129,0
Blue One M,Littoral,Male,27,0,64,1
Blue One S,North West,Female,22,2,39,0
Blue One M,Centre,Male,22,2,123,0
Blue One S,North,Male,21,2,54,0
Blue One M,Far North,Male,17,3,109,0
Blue One M,Centre,Male,26,3,116,0
Blue One M,North West,Female,23,2,108,1
Blue One M,Adamawa,Male,22,3,83,0
Blue One M,South West,Female,21,0,88,1
Blue One M,East,Female,24,0,75,1
Blue One M,Adamawa,Female,28,0,87,1
Blue One M,Littoral,Male,24,0,136,1
Blue One M,North,Female,24,2,118,1
Blue One M,Adamawa,Female,20,2,139,0
Blue One M,North,Male,26,0,73,1
Blue One M,Littoral,Male,25,3,82,0
Blue One M,North,Male,27,3,120,0
Blue One M,South West,Female,24,2,117,0
Blue One M,East,Female,23,0,62,1
Blue One M,North,Male,24,2,79,1
Blue One M,Far North,Male,19,0,69,1
Blue One M,South,Female,26,2,76,0
Blue One M,South West,Male,23,0,89,1
Blue One M,Littoral,Female,24,3,90,0
Blue One M,South,Female,20,0,71,1
Blue One M,West,Female,25,0,101,1
Blue One M,Centre,Female,28,2,105,1
Blue One M,South West,Male,22,3,103,0
Blue One M,West,Male,19,2,66,1
Blue One M,Far North,Female,25,0,74,1
Blue One M,South West,Male,24,2,109,0
Blue One M,North West,Female,26,2,80,1
Blue One M,Adamawa,Female,24,0,102,1
Blue One M,West,Male,27,0,76,1
Blue One M,North West,Female,22,2,87,0
Blue One S,Littoral,Male,21,2,45,0
Blue One S,South West,Female,21,2,24,0
Blue One M,North West,Female,23,0,75,1
Blue One M,West,Male,21,0,62,1
Blue One M,South,Female,22,2,109,0
Blue One M,Centre,Female,26,3,109,0
Blue One M,Adamawa,Male,22,0,80,1
Blue One M,South,Female,24,2,79,0
Blue One M,North,Female,20,2,63,1
Blue One S,North West,Female,18,2,40,0
Blue One M,South,Female,22,2,97,0
Blue One M,North West,Male,29,2,111,0
Blue One M,Far North,Female,26,2,62,1
Blue One S,Littoral,Female,18,2,47,0
Blue One M,North,Female,22,2,96,0
Blue One M,Far North,Female,22,2,111,0
Blue One M,Littoral,Male,30,2,95,0
Blue One M,North,Female,25,2,83,1
Blue One M,East,Male,28,2,116,0
Blue One M,West,Female,25,2,129,0
Blue One M,South,Female,29,2,93,1
Blue One M,East,Female,23,2,61,1
Blue One M,North,Male,32,2,61,1
Blue One M,Far North,Male,27,3,136,0
Blue One M,Adamawa,Female,26,3,134,0
Blue One M,West,Female,28,0,62,1
Blue One M,North West,Male,24,2,68,1
Blue One M,Adamawa,Male,20,2,107,1
Blue One M,East,Female,25,2,81,0
Blue One M,East,Male,25,3,75,0
Blue One M,Centre,Female,24,0,92,1
Blue One M,Far North,Male,22,2,90,1
Blue One M,North West,Female,26,3,111,0
Blue One M,South,Male,26,0,77,1
Blue One M,Far North,Male,25,2,109,0
Blue One M,South,Male,22,2,61,1
Blue One S,Littoral,Male,21,1,52,0
Blue One S,Far North,Male,25,2,49,0
Blue One M,Centre,Male,24,3,87,0
Blue One M,North,Male,21,0,62,1
Blue One M,South,Female,26,2,67,1
Blue One M,Adamawa,Female,24,2,75,1
Blue One M,Adamawa,Male,22,2,98,0
Blue One M,South,Male,19,2,90,0
Blue One M,South West,Male,27,0,78,1
Blue One M,Littoral,Female,29,3,80,0
Blue One M,East,Male,25,0,91,1
Blue One M,Adamawa,Female,25,3,76,0
Blue One M,Adamawa,Female,24,2,89,0
Blue One M,South West,Male,25,3,90,0
Blue One M,West,Female,23,3,103,0
Blue One M,South West,Female,22,2,85,0
Blue One M,West,Female,23,3,80,0
Blue One M,North West,Female,28,3,108,0
Blue One M,Far North,Male,23,2,104,0
Blue One M,Centre,Female,27,2,82,1
Blue One S,Far North,Female,20,1,61,0
Blue One S,Far North,Male,20,2,58,0
Blue One S,South West,Female,19,1,37,0
Blue One M,Centre,Female,24,2,75,0
Blue One S,East,Female,23,1,52,0
Blue One S,North,Male,23,1,53,0
Blue One S,South West,Female,17,2,43,0
Blue One S,Far North,Male,21,2,48,0
Blue One S,South West,Female,17,2,41,0
Blue One S,Littoral,Male,22,2,54,0
Blue One S,West,Female,19,2,52,0
Blue One S,Adamawa,Male,25,1,54,0
Blue One S,Centre,Female,20,2,54,0
Blue One S,North West,Female,23,1,53,0
Blue One S,Littoral,Male,18,1,52,0
Blue One S,Centre,Female,21,1,53,0
Blue One S,Adamawa,Male,22,1,54,0
Blue One S,South West,Male,20,2,44,0
Blue One S,Far North,Male,27,2,48,0
Blue One S,Centre,Female,22,1,44,0
Blue One S,North West,Male,22,1,48,0
Blue One S,North,Female,19,2,25,0
Blue One M,Far North,Male,24,3,110,0
Blue One M,West,Male,25,0,113,1
Blue One S,Littoral,Male,26,2,55,0
Blue One M,Littoral,Female,29,2,107,1
Blue One M,Centre,Male,30,2,112,0
Blue One M,North West,Male,22,3,117,0
Blue One M,Centre,Female,27,0,89,1
Blue One S,North West,Female,19,1,42,0
Blue One M,Far North,Female,26,2,127,0
Blue One M,Adamawa,Female,17,3,102,0
Blue One M,Centre,Female,28,2,107,1
Blue One M,Centre,Male,25,3,126,0
Blue One M,Centre,Female,22,2,126,0
Blue One M,South,Female,24,0,77,1
Blue One M,Centre,Female,24,3,127,0
Blue One M,Littoral,Female,28,2,69,1
Blue One M,West,Male,20,3,124,0
Blue One M,South West,Female,25,3,127,0
Blue One M,Littoral,Female,25,2,124,0
Blue One M,West,Male,19,2,113,0
Blue One M,East,Male,28,3,126,0
Blue One M,North West,Female,21,2,124,0
Blue One S,North West,Male,18,2,25,0
Blue One S,East,Female,25,2,55,0
Blue One M,South West,Male,27,2,62,1
Blue One M,North West,Male,23,3,124,0
Blue One M,South,Male,26,0,96,1
Blue One M,Centre,Female,20,2,122,1
Blue One M,West,Female,27,2,118,0
Blue One M,South,Female,27,0,69,1
Blue One M,West,Female,24,3,118,0
Blue One M,South,Male,28,2,126,0
Blue One M,South West,Female,26,2,108,1
Blue One M,West,Female,19,0,91,1
Blue One M,Centre,Male,21,2,95,0
Blue One S,Littoral,Male,23,1,55,0
Blue One M,East,Male,23,2,63,1
Blue One M,Centre,Male,30,0,108,1
Blue One M,North,Male,25,3,121,0
Blue One M,Littoral,Female,24,3,130,0
Blue One M,East,Female,23,0,111,1
Blue One M,South West,Male,26,3,82,0
Blue One M,Centre,Male,22,2,84,0
Blue One S,North,Male,18,2,55,0
Blue One M,Littoral,Male,18,2,88,0
Blue One M,East,Male,24,0,66,1
Blue One M,West,Female,24,2,84,0
Blue One M,Adamawa,Male,26,3,90,0
Blue One M,Adamawa,Female,27,2,90,0
Blue One M,West,Male,27,2,84,0
Blue One M,Far North,Male,22,3,91,0
Blue One M,South West,Female,28,2,84,0
Blue One M,East,Male,19,2,84,0
Blue One S,Far North,Male,22,2,55,0
Blue One M,South West,Female,17,0,88,1
Blue One M,East,Male,23,2,97,0
Blue One M,South West,Male,31,2,99,0
Blue One M,East,Female,24,2,111,0
Blue One M,North West,Female,26,2,116,0
Blue One M,South West,Male,22,0,96,1
Blue One M,Centre,Male,28,3,117,0
Blue One M,Centre,Male,24,3,109,0
Blue One M,South West,Male,24,2,114,1
Blue One M,South West,Female,28,2,86,1
Blue One M,East,Male,24,0,92,1
Blue One M,South West,Female,29,2,66,1
Blue One M,Far North,Male,27,2,120,1
Blue One M,South West,Male,25,3,122,0
Blue One M,Littoral,Male,27,3,129,0
Blue One S,Littoral,Female,23,2,30,0
Blue One S,Centre,Female,22,2,34,0
Blue One M,West,Female,25,2,145,0
Blue One M,Littoral,Female,23,3,83,0
Blue One M,South West,Male,21,3,83,0
Blue One M,Centre,Male,19,2,83,1
Blue One M,Centre,Female,21,3,80,0
Blue One M,West,Female,24,2,86,0
Blue One M,South West,Female,26,3,83,0
Blue One M,East,Female,27,2,83,0
Blue One M,South,Female,24,2,87,0
Blue One M,South West,Male,22,0,64,1
Blue One S,East,Male,25,2,31,0
Blue One M,West,Male,28,0,74,1
Blue One S,South West,Male,19,2,55,0
Blue One S,South,Female,23,2,55,0
Blue One M,North West,Female,25,2,79,0
Blue One M,North,Female,23,0,68,1
Blue One M,Far North,Male,21,2,79,0
Blue One M,East,Female,25,3,86,0
Blue One M,East,Male,25,0,63,1
Blue One M,South,Male,23,2,85,1
Blue One M,West,Female,28,0,76,1
Blue One M,North West,Female,21,3,83,0
Blue One M,North West,Female,18,0,85,1
Blue One M,South,Male,23,2,95,0
Blue One M,East,Male,23,2,82,0
Blue One M,East,Male,26,3,80,0
Blue One S,South West,Female,20,1,44,0
Blue One M,Littoral,Female,25,3,82,0
Blue One S,South,Male,23,1,41,0
Blue One M,East,Female,27,3,82,0
Blue One M,North West,Male,23,3,82,0
Blue One M,Centre,Female,24,3,75,0
Blue One M,East,Male,26,2,75,1
Blue One S,Adamawa,Male,29,2,47,0
Blue One S,North,Male,26,2,46,0
Blue One S,South West,Female,19,1,46,0
Blue One S,East,Male,26,2,47,0
Blue One S,Adamawa,Female,20,1,55,0
Blue One S,North West,Male,18,1,42,0
Blue One S,Littoral,Female,18,1,42,0
Blue One M,North,Male,26,2,105,1
Blue One M,Centre,Female,27,2,90,1
Blue One M,South West,Male,26,2,107,0
Blue One M,Centre,Female,24,0,68,1
Blue One S,Littoral,Female,25,2,53,0
Blue One M,South West,Female,24,3,104,0
Blue One M,South,Male,23,2,98,1
Blue One M,East,Female,20,3,96,0
Blue One M,South West,Male,20,3,102,0
Blue One M,Littoral,Female,23,0,97,1
Blue One M,South,Male,28,2,63,1
Blue One M,East,Male,24,2,94,1
Blue One M,Littoral,Female,23,2,102,0
Blue One M,West,Male,26,3,103,0
Blue One M,Adamawa,Female,29,0,100,1
Blue One M,Littoral,Female,25,0,63,1
Blue One M,Far North,Male,29,0,91,1
Blue One M,South West,Male,26,3,96,0
Blue One M,Adamawa,Male,19,2,102,0
Blue One M,Far North,Male,25,2,90,1
Blue One M,Centre,Female,21,2,99,1
Blue One M,Littoral,Female,26,2,67,1
Blue One M,West,Female,26,2,84,1
Blue One M,South,Female,26,3,101,0
Blue One M,East,Male,25,3,83,0
Blue One M,North West,Female,29,2,61,1
Blue One M,East,Female,27,3,129,0
Blue One M,Far North,Female,22,3,107,0
Blue One M,West,Female,26,2,89,1
Blue One M,Far North,Female,26,0,73,1
Blue One M,North,Male,26,0,92,1
Blue One M,North West,Female,25,2,119,0
Blue One M,Far North,Male,27,0,75,1
Blue One M,East,Female,29,2,123,0
Blue One M,Far North,Male,24,0,111,1
Blue One M,West,Female,24,3,118,0
Blue One M,Centre,Female,26,3,117,0
Blue One M,West,Male,21,2,117,0
Blue One M,West,Female,29,2,117,1
Blue One M,Littoral,Female,23,0,112,1
Blue One M,Far North,Male,21,3,116,0
Blue One M,Littoral,Male,25,0,114,1
Blue One M,North West,Male,28,2,109,0
Blue One M,Far North,Male,22,3,108,0
Blue One M,Littoral,Female,18,3,108,0
Blue One M,Centre,Female,22,2,80,1
Blue One M,North West,Male,22,2,115,0
Blue One M,Centre,Male,23,3,107,0
Blue One M,Adamawa,Male,28,0,99,1
Blue One M,East,Male,28,2,110,1
Blue One M,North West,Female,22,0,101,1
Blue One M,Littoral,Female,25,2,107,0
Blue One M,East,Female,22,2,90,1
Blue One M,West,Male,25,2,88,1
Blue One M,Centre,Female,25,0,105,1
Blue One M,Littoral,Male,26,2,107,0
Blue One M,North West,Male,21,2,107,0
Blue One M,North,Female,19,2,94,1
Blue One M,North West,Male,27,3,107,0
Blue One S,South West,Male,24,2,52,0
Blue One S,Littoral,Female,18,2,52,0
Blue One S,Littoral,Female,21,2,53,0
Blue One S,Adamawa,Female,20,1,47,0
Blue One S,North,Female,20,2,52,0
Blue One S,South,Female,22,2,47,0
Blue One S,West,Female,23,1,48,0
Blue One S,West,Male,21,1,48,0
Blue One S,Littoral,Female,19,2,48,0
Blue One S,Adamawa,Female,24,2,47,0
Blue One M,Centre,Male,27,3,80,0
Blue One S,West,Female,23,1,46,0
Blue One S,North,Female,23,2,47,0
Blue One S,Adamawa,Male,20,1,47,0
Blue One S,North,Female,23,1,45,0
Blue One S,North,Male,18,1,44,0
Blue One S,South,Female,21,1,42,0
Blue One S,Adamawa,Male,23,2,40,0
Blue One S,North West,Female,20,1,38,0
Blue One S,Centre,Male,22,1,39,0
Blue One S,Centre,Male,19,2,39,0
Blue One S,East,Male,23,1,39,0
Blue One S,South West,Female,22,1,33,0
Blue One S,West,Male,21,2,17,0
Blue One S,South West,Female,23,1,19,0
Blue One S,North,Male,21,2,33,0
Blue One S,South,Male,23,2,33,0
Blue One S,East,Male,22,2,33,0
Blue One S,South,Female,21,2,31,0
Blue One S,South West,Male,20,1,27,0
Blue One S,North,Female,23,2,31,0
Blue One S,North West,Male,21,2,17,0
Blue One S,Littoral,Male,17,2,31,0
Blue One S,North,Female,21,1,10,0
Blue One S,North West,Male,24,2,9,0
Blue One S,Centre,Male,22,1,12,0
Blue One S,South West,Male,21,2,12,0
Blue One S,North,Male,20,1,42,0
Blue One S,Far North,Male,25,1,46,0
Blue One S,Centre,Female,24,1,46,0
Blue One S,Adamawa,Male,25,2,45,0
Blue One S,South,Male,19,1,46,0
Blue One S,Littoral,Male,23,2,46,0
Blue One S,North,Male,22,2,45,0
Blue One S,Centre,Female,24,2,46,0
Blue One S,South West,Male,17,1,42,0
Blue One S,Centre,Female,18,1,37,0
Blue One S,South West,Female,24,1,46,0
Blue One S,South,Male,25,2,46,0
Blue One S,South West,Female,23,1,45,0
Blue One S,Littoral,Female,22,1,41,0
Blue One S,South,Male,21,2,41,0
Blue One S,South West,Male,26,2,38,0
Blue One S,Far North,Male,21,1,40,0
Blue One S,Littoral,Female,25,1,39,0
Blue One S,Littoral,Female,22,2,39,0
Blue One S,East,Male,24,1,40,0
Blue One S,South,Male,29,2,12,0
Blue One S,South West,Male,22,1,7,0
Blue One S,Far North,Female,23,1,13,0
Blue One S,Centre,Male,17,1,13,0
Blue One S,North West,Female,19,2,11,0
Blue One S,South,Female,24,2,7,0
Blue One S,East,Female,17,1,13,0
Blue One S,West,Female,23,1,12,0
Blue One S,East,Female,17,2,14,0
Blue One S,Far North,Male,25,1,7,0
Blue One S,South,Male,22,2,11,0
Blue One S,North,Female,18,2,11,0
Blue One S,East,Female,24,2,10,0
Blue One S,North,Female,21,2,30,0
Blue One S,Centre,Male,19,1,30,0
Blue One S,Adamawa,Male,21,1,31,0
Blue One S,Centre,Male,22,1,45,0
Blue One S,West,Male,25,2,13,0
Blue One S,North,Male,22,2,28,0
Blue One S,Adamawa,Male,23,1,27,0
Blue One S,Adamawa,Female,24,1,27,0
Blue One S,North,Male,25,1,28,0
Blue One S,Far North,Male,18,2,24,0
Blue One S,Adamawa,Female,21,1,26,0
Blue One S,East,Male,19,1,25,0
Blue One S,North,Male,24,2,26,0
Blue One S,Far North,Male,27,1,27,0
Blue One S,Littoral,Male,25,1,26,0
Blue One S,Far North,Female,23,1,26,0
Blue One S,West,Male,21,2,26,0
Blue One S,North West,Male,27,1,25,0
Blue One S,Centre,Female,26,2,20,0
Blue One S,South West,Male,25,1,24,0
Blue One S,North,Male,17,1,24,0
Blue One S,North,Male,21,2,19,0
Blue One S,North West,Female,20,2,24,0
Blue One S,North West,Female,19,2,21,0
Blue One S,Littoral,Female,25,1,38,0
Blue One S,East,Female,18,2,39,0
Blue One S,West,Female,18,2,35,0
Blue One S,East,Female,17,1,39,0
Blue One S,East,Female,18,2,38,0
Blue One S,Adamawa,Male,21,2,36,0
Blue One S,South West,Female,20,1,38,0
Blue One S,East,Male,18,2,34,0
Blue One S,East,Female,18,2,33,0
Blue One S,Littoral,Male,22,2,32,0
Blue One S,Adamawa,Male,18,2,35,0
Blue One S,South,Female,22,2,6,0
Blue One S,Littoral,Female,23,1,35,0
Blue One S,Adamawa,Female,24,1,34,0
Blue One S,Littoral,Male,17,1,34,0
Blue One S,Far North,Male,24,2,32,0
Blue One S,Far North,Male,22,1,26,0
Blue One S,Far North,Male,24,1,32,0
Blue One S,South West,Female,21,1,30,0
Blue One S,Littoral,Female,24,1,56,0
Blue One M,Adamawa,Male,27,2,105,0
Blue One M,North,Female,17,2,97,0
Blue One M,South West,Female,23,2,95,1
Blue One M,Littoral,Female,20,2,72,1
Blue One M,West,Female,22,2,98,0
Blue One M,South West,Male,24,2,61,1
Blue One M,North,Female,22,2,98,0
Blue One M,Adamawa,Male,20,0,75,1
Blue One M,Centre,Female,18,3,85,0
Blue One M,Adamawa,Male,21,2,100,0
Blue One M,North West,Female,21,2,90,0
Blue One M,Adamawa,Female,25,2,86,0
Blue One M,North West,Male,19,2,104,0
Blue One M,West,Male,20,3,104,0
Blue One M,Adamawa,Female,29,2,89,1
Blue One M,Adamawa,Male,26,3,104,0
Blue One M,Far North,Female,26,2,104,0
Blue One M,Far North,Female,26,3,98,0
Blue One M,North West,Male,23,3,90,0
Blue One M,North,Male,19,2,104,0
Blue One M,Littoral,Female,25,2,103,0
Blue One M,North West,Male,26,0,61,1
Blue One M,North,Male,26,2,90,0
Blue One S,East,Female,22,2,39,0
Blue One M,North,Male,17,0,67,1
Blue One S,Adamawa,Female,18,1,36,0
Blue One M,Adamawa,Female,23,2,76,1
Blue One M,North,Male,22,2,85,0
Blue One S,South West,Male,20,1,17,0
Blue One M,Littoral,Male,17,3,94,0
Blue One M,South West,Male,27,0,85,1
Blue One M,Centre,Female,22,0,90,1
Blue One M,North,Male,25,3,90,0
Blue One M,Centre,Male,24,2,92,0
Blue One M,Adamawa,Female,27,2,91,0
Blue One M,Far North,Male,23,3,91,0
Blue One M,Centre,Female,23,2,91,0
Blue One M,East,Female,20,3,90,0
Blue One S,Far North,Male,28,2,10,0
Blue One S,Far North,Male,23,2,26,0
Blue One M,North,Male,25,3,76,0
Blue One M,Far North,Male,25,0,75,1
Blue One M,Littoral,Female,25,2,89,0
Blue One M,West,Male,20,2,83,0
Blue One M,North,Female,21,0,74,1
Blue One M,West,Male,21,3,82,0
Blue One M,South,Male,24,2,77,0
Blue One M,Adamawa,Female,28,0,65,1
Blue One M,North West,Female,28,3,74,0
Blue One M,East,Male,20,2,86,0
Blue One S,West,Female,22,1,50,0
Blue One M,South,Male,22,2,86,0
Blue One S,Adamawa,Male,24,1,50,0
Blue One M,South West,Male,22,2,84,0
Blue One M,Far North,Male,22,2,84,0
Blue One M,North,Male,28,3,84,0
Blue One M,North,Male,23,2,84,0
Blue One M,Adamawa,Female,23,2,83,0
Blue One M,South West,Female,26,0,79,1
Blue One M,Adamawa,Female,23,3,84,0
Blue One M,West,Male,19,3,83,0
Blue One M,North,Male,24,0,81,1
Blue One M,North,Female,22,3,82,0
Blue One M,Far North,Male,26,2,76,1
Blue One M,South West,Male,24,2,78,0
Blue One S,East,Female,18,2,40,0
Blue One M,North,Male,25,2,70,1
Blue One M,North,Male,20,3,80,0
Blue One M,East,Male,20,2,77,0
Blue One S,North West,Male,18,1,20,0
Blue One S,West,Female,22,2,16,0
Blue One M,Far North,Female,25,2,75,1
Blue One S,Adamawa,Male,27,1,74,0
Blue One S,South,Female,19,1,74,0
Blue One S,East,Male,19,2,35,0
Blue One S,North West,Male,18,1,27,0
Blue One S,North West,Female,22,1,45,0
Blue One S,Littoral,Male,21,1,47,0
Blue One S,South,Male,21,1,55,0
Blue One S,Adamawa,Female,27,1,46,0
Blue One S,West,Female,17,1,45,0
Blue One S,South,Female,26,2,74,0
Blue One S,Adamawa,Female,24,1,49,0
Blue One S,East,Male,20,1,49,0
Blue One S,South,Female,22,2,40,0
Blue One S,South,Female,25,2,20,0
Blue One S,Far North,Male,28,2,48,0
Blue One S,South West,Female,24,2,41,0
Blue One S,West,Female,21,1,49,0
Blue One S,Centre,Female,22,1,47,0
Blue One S,East,Male,24,1,47,0
Blue One S,South,Male,23,2,47,0
Blue One S,Adamawa,Male,26,1,46,0
Blue One S,South,Male,26,1,46,0
Blue One S,Centre,Female,20,1,46,0
Blue One S,West,Male,21,1,45,0
Blue One S,Centre,Female,20,2,42,0
Blue One M,North,Male,24,3,122,0
Blue One M,North West,Female,27,2,115,1
Blue One M,North West,Female,28,2,116,1
Blue One M,South West,Female,27,3,128,0
Blue One M,Littoral,Female,23,0,120,1
Blue One S,South,Female,21,2,37,0
Blue One M,West,Male,23,2,129,0
Blue One M,Centre,Male,29,3,122,0
Blue One M,West,Male,28,0,62,1
Blue One M,North West,Male,23,2,110,0
Blue One M,North,Male,23,2,117,0
Blue One M,West,Female,22,2,115,1
Blue One M,Littoral,Male,23,2,98,1
Blue One M,Far North,Male,22,2,125,0
Blue One M,North,Male,18,2,124,0
Blue One M,Adamawa,Male,25,2,62,1
Blue One M,Centre,Male,29,2,121,0
Blue One M,North West,Male,24,0,71,1
Blue One M,South,Male,27,0,68,1
Blue One M,Centre,Male,25,2,68,1
Blue One M,West,Female,25,2,122,0
Blue One M,North,Male,22,2,122,0
Blue One M,North West,Male,27,2,119,0
Blue One M,Centre,Male,24,3,119,0
Blue One M,North West,Female,25,3,119,0
Blue One M,South,Female,22,3,119,0
Blue One M,North,Male,25,2,104,1
Blue One M,Centre,Female,26,2,89,1
Blue One S,Littoral,Male,25,2,74,0
Blue One M,Adamawa,Male,25,2,80,1
Blue One M,West,Male,23,2,125,0
Blue One M,West,Female,25,0,78,1
Blue One M,South,Male,24,0,65,1
Blue One M,North West,Female,26,2,102,1
Blue One M,South West,Male,26,3,78,0
Blue One M,North West,Male,26,0,90,1
Blue One M,Centre,Female,24,3,122,0
Blue One M,Adamawa,Female,28,3,129,0
Blue One M,Adamawa,Female,29,2,125,0
Blue One M,North West,Female,26,2,96,1
Blue One M,Adamawa,Male,24,3,122,0
Blue One M,North West,Male,26,2,104,1
Blue One M,South West,Male,25,2,126,0
Blue One M,West,Male,22,3,122,0
Blue One M,East,Female,28,0,87,1
Blue One S,West,Female,17,2,45,0
Blue One M,Littoral,Male,22,2,124,0
Blue One M,Adamawa,Male,24,3,124,0
Blue One M,South West,Male,25,2,124,0
Blue One M,South West,Male,27,0,108,1
Blue One S,South,Female,19,2,59,0
Blue One M,Centre,Female,23,2,78,1
Blue One M,West,Male,25,3,123,0
Blue One M,South,Male,25,2,87,1
Blue One M,Adamawa,Male,25,3,119,0
Blue One M,North West,Female,27,0,73,1
Blue One M,Littoral,Male,21,3,124,0
Blue One M,North West,Male,25,3,119,0
Blue One M,Adamawa,Female,21,2,119,0
Blue One M,South West,Female,26,2,119,0
Blue One M,South,Male,28,2,123,0
Blue One M,South,Female,27,2,97,1
Blue One M,South,Female,24,0,63,1
Blue One M,West,Female,24,2,95,1
Blue One M,Adamawa,Male,25,2,81,1
Blue One M,North,Female,26,3,124,0
Blue One M,North,Female,23,2,125,0
Blue One M,East,Male,29,2,121,0
Blue One M,Littoral,Male,25,2,69,1
Blue One M,Littoral,Female,23,0,120,1
Blue One M,North,Male,20,0,63,1
Blue One M,North West,Male,23,2,63,1
Blue One M,South West,Male,26,2,69,1
Blue One M,North West,Male,28,3,119,0
Blue One M,Adamawa,Male,31,2,121,0
Blue One M,North,Male,27,2,100,1
Blue One M,North,Female,23,2,107,1
Blue One M,Adamawa,Female,29,0,99,1
Blue One M,South West,Female,27,0,73,1
Blue One M,Far North,Male,19,2,122,0
Blue One M,Centre,Male,23,3,122,0
Blue One M,North West,Female,26,2,80,0
Blue One M,Littoral,Female,20,2,118,0
Blue One M,Adamawa,Female,26,3,118,0
Blue One M,South West,Male,23,0,112,1
Blue One M,West,Female,23,0,63,1
Blue One M,East,Female,25,2,121,0
Blue One M,South,Female,25,3,121,0
Blue One M,Far North,Female,25,2,80,1
Blue One M,East,Female,21,2,99,1
Blue One M,Far North,Female,25,2,113,1
Blue One M,South,Male,28,0,97,1
Blue One M,Far North,Male,26,3,123,0
Blue One M,Littoral,Male,23,2,122,0
Blue One M,East,Male,26,2,121,0
Blue One M,West,Male,24,3,123,0
Blue One M,Far North,Male,25,2,111,1
Blue One M,Littoral,Female,22,3,121,0
Blue One M,Adamawa,Male,24,2,121,0
Blue One M,North,Female,26,2,121,0
Blue One M,South,Female,18,2,109,0
Blue One M,East,Male,21,2,94,1
Blue One M,South,Female,23,2,104,0
Blue One M,South West,Male,29,2,115,0
Blue One M,North,Male,23,0,82,1
Blue One M,North West,Male,19,0,87,1
Blue One M,South,Male,25,3,112,0
Blue One M,North,Male,26,2,112,0
Blue One M,West,Female,26,3,112,0
Blue One M,Far North,Female,27,2,112,0
Blue One M,West,Male,24,0,106,1
Blue One M,South West,Male,22,3,111,0
Blue One M,Littoral,Male,26,2,111,0
Blue One M,North,Male,22,0,63,1
Blue One M,North West,Male,27,0,95,1
Blue One M,North,Male,25,2,68,1
Blue One M,Centre,Female,20,2,88,1
Blue One M,Centre,Female,26,3,110,0
Blue One M,West,Male,29,3,109,0
Blue One M,Littoral,Male,25,3,108,0
Blue One M,Adamawa,Female,29,0,93,1
Blue One M,Littoral,Female,25,3,82,0
Blue One M,South,Male,22,2,84,0
Blue One M,East,Female,21,2,63,1
Blue One M,Littoral,Male,30,0,79,1
Blue One M,North,Female,21,3,104,0
Blue One M,Adamawa,Female,24,3,96,0
Blue One M,West,Female,23,2,96,0
Blue One S,West,Female,20,2,49,0
Blue One M,Centre,Female,27,2,118,0
Blue One M,Littoral,Male,23,0,62,1
Blue One M,Littoral,Male,23,3,117,0
Blue One M,East,Female,28,3,117,0
Blue One M,Centre,Male,19,2,91,1
Blue One S,West,Female,20,2,74,0
Blue One M,North West,Male,31,3,98,0
Blue One M,Adamawa,Male,28,2,110,0
Blue One M,Adamawa,Female,20,0,71,1
Blue One M,East,Male,23,2,63,1
Blue One M,Far North,Male,27,0,93,1
Blue One M,Centre,Female,23,3,115,0
Blue One M,Far North,Male,26,3,116,0
Blue One M,Littoral,Female,33,3,110,0
Blue One M,West,Female,26,3,109,0
Blue One M,Littoral,Female,20,3,106,0
Blue One M,South,Female,28,3,106,0
Blue One M,North West,Female,24,2,112,1
Blue One M,North West,Male,24,2,112,1
Blue One M,North West,Female,25,3,117,0
Blue One M,North,Male,29,3,117,0
Blue One M,Centre,Male,27,3,117,0
Blue One M,East,Female,25,2,117,0
Blue One M,Adamawa,Male,23,0,103,1
Blue One M,South,Male,24,3,113,0
Blue One M,North,Male,21,2,111,0
Blue One M,West,Female,24,2,106,0
Blue One M,Centre,Female,26,2,110,0
Blue One M,Far North,Male,25,2,110,0
Blue One M,North,Male,21,3,96,0
Blue One M,East,Male,24,2,96,0
Blue One M,North West,Male,23,2,110,0
Blue One M,Adamawa,Female,28,0,63,1
Blue One M,Littoral,Female,28,3,110,0
Blue One M,Far North,Male,23,2,108,1
Blue One M,North,Male,29,2,111,0
Blue One M,Far North,Male,23,3,117,0
Blue One M,West,Female,22,0,62,1
Blue One M,Adamawa,Male,21,0,107,1
Blue One M,Centre,Male,25,3,123,0
Blue One M,Far North,Female,30,3,123,0
Blue One M,Centre,Male,27,3,121,0
Blue One M,Littoral,Female,19,2,91,1
Blue One M,East,Female,22,3,103,0
Blue One M,North West,Male,22,3,114,0
Blue One S,Adamawa,Female,29,1,54,0
Blue One M,Far North,Male,26,0,61,1
Blue One M,Far North,Male,24,2,109,0
Blue One M,West,Female,25,2,95,1
Blue One M,Centre,Male,20,2,124,0
Blue One M,North,Male,25,0,72,1
Blue One M,Adamawa,Female,26,2,102,1
Blue One M,East,Male,25,2,122,0
Blue One M,Centre,Female,28,2,94,1
Blue One M,Far North,Female,22,2,119,0
Blue One S,Littoral,Male,22,1,43,0
Blue One M,West,Male,27,2,109,1
Blue One M,North West,Female,17,2,90,0
Blue One M,Far North,Male,20,0,96,1
Blue One M,Littoral,Female,23,0,105,1
Blue One M,Littoral,Female,30,2,121,0
Blue One M,Adamawa,Male,31,3,121,0
Blue One M,South,Female,26,3,96,0
Blue One M,North West,Male,24,2,99,1
Blue One S,Adamawa,Male,20,2,55,0
Blue One M,South West,Female,30,3,89,0
Blue One M,Adamawa,Female,26,3,90,0
Blue One M,East,Female,21,2,67,1
Blue One M,East,Female,26,0,109,1
Blue One M,Littoral,Male,28,2,116,0
Blue One M,East,Female,26,2,84,1
Blue One M,East,Male,29,3,117,0
Blue One M,Adamawa,Male,27,3,117,0
Blue One M,South,Female,26,0,92,1
Blue One M,South,Female,21,2,65,1
Blue One M,Far North,Female,21,2,112,0
Blue One M,East,Male,22,2,112,0
Blue One M,Far North,Male,27,3,111,0
Blue One M,Centre,Male,26,0,70,1
Blue One M,West,Male,27,2,104,0
Blue One M,East,Male,25,2,97,0
Blue One M,West,Female,26,3,104,0
Blue One M,East,Male,26,2,81,1
Blue One M,West,Female,27,3,117,0
Blue One M,West,Female,29,2,117,0
Blue One M,East,Male,25,2,96,1
Blue One M,Centre,Male,19,3,104,0
Blue One S,East,Male,23,2,74,0
Blue One M,South,Female,26,3,78,0
Blue One M,Far North,Female,17,3,84,0
Blue One M,South,Female,22,2,111,0
Blue One M,South West,Female,19,2,111,0
Blue One M,Adamawa,Female,28,2,111,0
Blue One M,East,Female,27,3,110,0
Blue One M,North,Male,26,2,112,0
Blue One M,Adamawa,Female,24,2,92,0
Blue One M,West,Female,25,2,62,1
Blue One M,West,Male,18,0,67,1
Blue One M,North West,Male,25,2,68,1
Blue One M,Adamawa,Male,21,3,111,0
Blue One M,North,Male,25,2,79,1
Blue One M,Centre,Male,22,2,104,0
Blue One M,North West,Female,20,0,63,1
Blue One M,Centre,Female,23,0,98,1
Blue One S,Littoral,Male,17,1,56,0
Blue One S,Littoral,Female,23,1,57,0
Blue One S,South,Male,22,2,56,0
Blue One S,South West,Male,18,1,55,0
Blue One S,Centre,Female,23,2,55,0
Blue One S,South,Male,27,1,55,0
Blue One S,West,Female,17,2,55,0
Blue One S,Centre,Male,20,2,54,0
Blue One S,South,Male,22,1,54,0
Blue One S,North,Male,24,2,54,0
Blue One S,Littoral,Male,27,1,49,0
Blue One S,Far North,Female,24,1,48,0
Blue One S,North West,Female,19,1,48,0
Blue One S,North West,Female,23,2,48,0
Blue One S,North,Female,22,2,47,0
Blue One S,Centre,Female,21,2,34,0
Blue One M,South,Male,27,3,114,0
Blue One M,Adamawa,Female,21,2,111,0
Blue One M,Centre,Male,29,2,106,1
Blue One M,North West,Female,25,2,115,0
Blue One M,North,Male,25,0,102,1
Blue One M,North,Male,26,3,111,0
Blue One M,North,Male,18,2,110,1
Blue One M,Centre,Female,26,2,91,1
Blue One M,North,Female,24,0,107,1
Blue One M,North West,Male,24,3,111,0
Blue One M,Littoral,Male,25,2,111,0
Blue One M,West,Female,26,2,111,0
Blue One M,Adamawa,Female,28,0,83,1
Blue One S,East,Male,26,1,74,0
Blue One M,South West,Male,29,3,111,0
Blue One M,North,Male,24,2,111,0
Blue One M,Far North,Male,19,2,97,1
Blue One M,North,Male,22,3,110,0
Blue One M,North West,Male,29,0,97,1
Blue One M,South West,Male,20,0,61,1
Blue One M,East,Female,33,3,110,0
Blue One M,Centre,Male,26,2,113,0
Blue One M,East,Male,22,0,104,1
Blue One M,Littoral,Female,24,2,88,1
Blue One M,North,Female,26,3,110,0
Blue One M,Centre,Male,26,2,110,0
Blue One M,Far North,Female,21,3,110,0
Blue One M,North West,Male,22,2,69,1
Blue One M,Far North,Male,21,0,81,1
Blue One M,Far North,Male,18,3,109,0
Blue One M,South,Female,23,2,109,0
Blue One M,East,Female,21,3,109,0
Blue One M,Littoral,Female,28,2,109,0
Blue One M,Littoral,Male,22,3,117,0
Blue One M,South,Male,27,2,116,0
Blue One M,North West,Female,24,2,120,0
Blue One M,East,Male,28,3,97,0
Blue One M,Littoral,Male,28,3,108,0
Blue One M,East,Female,18,0,84,1
Blue One M,East,Female,29,0,75,1
Blue One M,North,Male,27,3,118,0
Blue One M,South West,Female,26,2,118,0
Blue One M,North,Male,26,2,108,1
Blue One M,Littoral,Female,26,0,101,1
Blue One M,West,Female,25,2,117,0
Blue One M,Adamawa,Male,26,2,117,0
Blue One M,West,Female,23,2,77,1
Blue One M,Adamawa,Female,26,3,119,0
Blue One M,West,Female,26,2,115,1
Blue One M,East,Female,20,0,85,1
Blue One M,North West,Male,25,2,117,0
Blue One M,Centre,Male,17,2,117,0
Blue One M,West,Female,23,3,119,0
Blue One M,Adamawa,Male,23,2,114,1
Blue One M,South West,Female,24,0,116,1
Blue One M,Littoral,Female,21,0,76,1
Blue One M,Adamawa,Female,25,2,113,0
Blue One M,Centre,Male,25,2,64,1
Blue One M,Far North,Male,28,0,63,1
Blue One M,South,Male,25,0,63,1
Blue One M,East,Male,22,2,92,1
Blue One M,Far North,Female,27,3,120,0
Blue One M,Adamawa,Female,25,0,69,1
Blue One M,Centre,Female,25,2,120,0
Blue One M,South West,Male,20,2,120,0
Blue One M,East,Male,24,0,93,1
Blue One M,North West,Male,26,3,120,0
Blue One M,West,Male,20,3,120,0
Blue One M,South,Male,20,2,120,0
Blue One M,North,Male,23,3,120,0
Blue One M,North West,Female,26,2,111,1
Blue One M,South,Male,27,3,120,0
Blue One M,Adamawa,Female,27,2,104,1
Blue One M,Centre,Male,25,0,94,1
Blue One M,Littoral,Male,25,2,114,0
Blue One M,South,Male,25,3,114,0
Blue One M,North West,Female,24,2,110,1
Blue One M,Far North,Male,25,3,116,0
Blue One M,North West,Male,23,3,117,0
Blue One M,Far North,Male,24,0,88,1
Blue One M,Far North,Male,28,2,117,0
Blue One M,North West,Female,24,2,96,0
Blue One M,East,Female,24,2,89,1
Blue One M,South West,Male,22,0,70,1
Blue One M,Adamawa,Male,22,2,84,1
Blue One M,Centre,Male,20,2,118,0
Blue One M,East,Male,26,2,112,0
Blue One M,Centre,Female,20,2,114,0
Blue One M,East,Female,20,2,91,1
Blue One M,West,Male,25,0,67,1
Blue One M,West,Female,25,2,110,0
Blue One M,Littoral,Male,22,0,73,1
Blue One M,Littoral,Male,24,0,96,1
Blue One M,Centre,Male,28,3,110,0
Blue One M,Far North,Male,29,2,62,1
Blue One M,South West,Female,22,2,117,0
Blue One M,Centre,Male,28,3,118,0
Blue One M,Adamawa,Male,28,2,118,0
Blue One S,Adamawa,Female,23,1,38,0
Blue One S,West,Male,18,2,39,0
Blue One S,West,Male,22,1,41,0
Blue One M,East,Female,25,3,91,0
Blue One M,Centre,Female,23,3,91,0
Blue One M,East,Male,24,3,90,0
Blue One M,West,Male,19,3,78,0
Blue One M,North West,Male,26,2,77,0
Blue One M,West,Male,29,2,77,0
Blue One S,South West,Female,25,2,48,0
Blue One S,Far North,Male,17,1,45,0
Blue One S,North West,Male,24,1,47,0
Blue One S,Littoral,Female,20,1,49,0
Blue One S,Far North,Male,20,2,14,0
Blue One S,West,Male,18,2,15,0
Blue One M,Adamawa,Male,27,3,118,0
Blue One M,Centre,Male,28,3,116,0
Blue One M,Centre,Male,22,2,108,1
Blue One M,South,Female,19,2,102,1
Blue One M,Centre,Male,27,2,66,1
Blue One M,Far North,Male,23,3,118,0
Blue One M,North West,Male,28,3,115,0
Blue One M,South,Male,22,2,61,1
Blue One M,North West,Female,29,2,77,1
Blue One M,South West,Female,26,2,118,0
Blue One M,South West,Male,23,2,96,1
Blue One M,Littoral,Male,22,3,106,0
Blue One M,North West,Male,29,2,110,0
Blue One M,North,Male,23,2,98,0
Blue One M,South,Female,22,2,103,0
Blue One M,South West,Male,26,2,94,1
Blue One M,Far North,Male,22,0,62,1
Blue One M,Far North,Male,27,0,86,1
Blue One M,East,Male,23,3,109,0
Blue One M,North West,Male,20,0,63,1
Blue One M,South,Male,27,2,92,1
Blue One M,North,Male,24,2,109,0
Blue One M,Far North,Male,19,3,108,0
Blue One M,North West,Female,25,2,104,0
Blue One M,Far North,Male,22,0,64,1
Blue One M,Adamawa,Female,20,2,90,0
Blue One M,East,Male,25,3,90,0
Blue One M,Adamawa,Male,28,3,87,0
Blue One M,North,Male,21,0,103,1
Blue One L,East,Female,24,0,178,1
Blue One L,West,Female,28,3,182,0
Blue One L,Centre,Male,24,2,182,0
Blue One M,Littoral,Male,22,2,85,1
Blue One M,North,Male,25,2,111,0
Blue One S,East,Male,17,2,13,0
Blue One M,Centre,Male,22,2,85,1
Blue One M,Far North,Female,22,2,97,0
Blue One M,North,Male,24,3,119,0
Blue One S,Adamawa,Male,17,1,41,0
Blue One S,South,Male,23,1,48,0
Blue One M,West,Female,25,2,110,0
Blue One M,Far North,Male,23,2,117,0
Blue One M,South West,Male,23,3,112,0
Blue One M,North,Male,27,2,110,0
Blue One M,Littoral,Female,22,0,87,1
Blue One M,South West,Female,24,3,122,0
Blue One L,North West,Female,23,2,125,1
Blue One M,Far North,Female,25,2,122,0
Blue One M,Adamawa,Female,23,2,122,0
Blue One M,North,Male,27,2,115,0
Blue One M,East,Male,22,2,74,1
Blue One M,East,Male,17,3,121,0
Blue One M,West,Female,17,3,121,0
Blue One M,West,Female,23,3,117,0
Blue One M,Littoral,Male,17,2,121,0
Blue One M,North West,Female,26,2,105,1
Blue One M,East,Female,17,2,124,0
Blue One M,South West,Female,29,2,122,0
Blue One M,Littoral,Male,29,3,124,0
Blue One S,South West,Female,27,2,39,0
Blue One M,South,Female,22,2,121,1
Blue One M,East,Male,30,2,119,0
Blue One M,East,Male,25,2,118,1
Blue One M,Adamawa,Female,25,2,63,1
Blue One M,Adamawa,Male,23,2,65,1
Blue One M,Far North,Male,26,0,73,1
Blue One M,Littoral,Female,24,3,124,0
Blue One M,Littoral,Male,19,2,124,0
Blue One M,South West,Female,30,0,79,1
Blue One M,Adamawa,Female,31,3,122,0
Blue One M,Far North,Male,31,0,80,1
Blue One M,Littoral,Female,24,2,123,0
Blue One M,West,Female,20,0,115,1
Blue One M,Littoral,Female,21,3,125,0
Blue One M,Centre,Male,17,3,122,0
Blue One M,West,Female,25,2,124,0
Blue One M,Far North,Male,24,0,118,1
Blue One M,East,Male,25,2,113,1
Blue One M,South West,Female,23,2,61,1
Blue One M,South West,Female,25,2,80,1
Blue One M,North,Male,26,3,114,0
Blue One M,West,Male,27,2,122,0
Blue One M,Adamawa,Female,22,3,122,0
Blue One M,Far North,Male,23,2,117,0
Blue One M,Far North,Male,21,2,117,0
Blue One M,North,Male,25,2,117,0
Blue One M,Adamawa,Male,24,3,83,0
Blue One M,South,Male,22,2,84,0
Blue One M,North,Male,26,3,84,0
Blue One M,North West,Male,22,3,86,0
Blue One M,West,Male,26,2,84,0
Blue One M,Littoral,Male,21,2,63,1
Blue One M,South,Female,28,3,84,0
Blue One M,East,Female,28,3,88,0
Blue One M,North,Female,23,2,89,0
Blue One M,East,Male,21,2,83,0
Blue One M,Littoral,Female,27,3,83,0
Blue One M,Centre,Male,21,2,77,0
Blue One M,North West,Female,23,3,76,0
Blue One M,East,Female,23,2,76,0
Blue One M,Centre,Male,26,3,75,0
Blue One M,Littoral,Male,26,2,83,0
Blue One M,South,Male,26,0,61,1
Blue One M,East,Female,25,2,63,1
Blue One M,South,Male,23,3,81,0
Blue One M,Adamawa,Female,25,2,62,1
Blue One M,Adamawa,Male,24,2,81,0
Blue One M,South West,Male,20,3,80,0
Blue One M,West,Female,29,2,67,1
Blue One M,Far North,Male,24,2,78,0
Blue One M,Adamawa,Female,22,2,77,0
Blue One M,Littoral,Male,19,3,76,0
Blue One M,North,Female,21,2,77,0
Blue One M,Centre,Male,26,3,77,0
Blue One M,South,Male,26,0,78,1
Blue One M,Far North,Male,26,3,76,0
Blue One S,North,Female,25,1,54,0
Blue One M,Littoral,Male,22,3,76,0
Blue One M,Far North,Male,26,3,76,0
Blue One M,West,Male,21,3,76,0
Blue One S,Adamawa,Male,19,1,67,0
Blue One S,South,Male,27,1,54,0
Blue One S,East,Female,18,1,54,0
Blue One S,Adamawa,Male,22,2,54,0
Blue One S,Far North,Female,24,1,54,0
Blue One S,Adamawa,Male,25,2,53,0
Blue One S,Centre,Female,24,2,53,0
Blue One S,West,Male,21,2,45,0
Blue One S,South West,Male,17,1,41,0
Blue One S,South West,Female,20,1,42,0
Blue One S,West,Male,28,2,61,0
Blue One S,North,Male,21,1,49,0
Blue One S,North West,Female,25,2,55,0
Blue One M,Centre,Male,24,2,76,0
Blue One S,Far North,Male,26,2,53,0
Blue One S,South,Male,18,1,63,0
Blue One M,North,Female,25,0,91,1
Blue One M,North West,Male,20,2,99,0
Blue One M,East,Female,22,3,98,0
Blue One M,West,Female,28,0,90,1
Blue One M,Adamawa,Male,25,2,94,1
Blue One M,South West,Male,23,2,88,1
Blue One M,Centre,Male,23,2,88,1
Blue One M,Centre,Male,27,3,91,0
Blue One M,South West,Female,24,3,90,0
Blue One M,Centre,Male,20,2,90,0
Blue One M,Centre,Male,23,3,89,0
Blue One M,North,Male,26,3,89,0
Blue One M,North West,Male,23,3,87,0
Blue One M,South West,Male,24,3,97,0
Blue One M,North West,Female,26,3,97,0
Blue One M,West,Female,21,3,97,0
Blue One M,North,Male,21,2,95,0
Blue One M,North West,Male,28,3,95,0
Blue One M,East,Male,27,2,96,0
Blue One M,West,Male,31,2,96,0
Blue One M,Adamawa,Male,23,3,81,0
Blue One M,West,Female,26,0,61,1
Blue One M,South,Male,24,0,62,1
Blue One M,Adamawa,Female,22,3,90,0
Blue One M,East,Female,27,2,77,1
Blue One M,Adamawa,Male,17,0,69,1
Blue One M,Far North,Male,21,3,91,0
Blue One M,North West,Male,28,3,80,0
Blue One M,East,Male,23,2,78,0
Blue One M,West,Female,24,3,82,0
Blue One M,North,Male,26,3,90,0
Blue One M,Littoral,Female,26,2,74,1
Blue One M,Adamawa,Female,20,3,88,0
Blue One M,North West,Male,22,3,87,0
Blue One M,North West,Female,17,2,84,0
Blue One M,Far North,Male,22,3,83,0
Blue One M,Centre,Male,23,3,82,0
Blue One M,Far North,Male,23,2,82,0
Blue One M,Far North,Female,23,0,75,1
Blue One M,East,Female,22,2,90,0
Blue One M,North West,Male,25,2,67,1
Blue One M,Centre,Male,26,2,79,0
Blue One M,Littoral,Male,25,2,78,0
Blue One M,Adamawa,Female,18,2,77,0
Blue One M,North,Female,23,3,77,0
Blue One M,West,Female,19,3,80,0
Blue One M,South West,Male,24,3,80,0
Blue One M,South West,Male,21,2,79,0
Blue One S,Far North,Female,19,2,42,0
Blue One S,Adamawa,Male,22,1,55,0
Blue One S,East,Male,18,1,50,0
Blue One M,South,Female,25,2,116,0
Blue One M,South West,Male,25,3,112,0
Blue One M,Far North,Male,27,2,69,1
Blue One M,Littoral,Male,33,0,106,1
Blue One M,East,Female,24,3,117,0
Blue One M,Far North,Female,22,3,89,0
Blue One M,Adamawa,Female,32,0,67,1
Blue One M,Far North,Female,26,2,117,0
Blue One M,North,Male,24,2,108,1
Blue One M,North,Male,25,0,99,1
Blue One M,Centre,Female,19,0,66,1
Blue One M,Centre,Female,25,2,98,0
Blue One M,North West,Male,32,2,118,0
Blue One M,South,Female,25,0,112,1
Blue One M,Far North,Male,27,2,97,1
Blue One M,Far North,Male,26,2,117,0
Blue One M,West,Male,28,3,117,0
Blue One M,Centre,Female,21,2,117,0
Blue One M,South West,Male,26,2,116,0
Blue One M,South West,Male,23,2,97,0
Blue One M,Centre,Male,25,2,97,0
Blue One M,North West,Female,25,2,93,1
Blue One M,Adamawa,Male,25,2,94,0
Blue One M,North West,Male,32,2,95,1
Blue One M,Littoral,Male,27,2,108,0
Blue One M,North,Male,19,2,62,1
Blue One M,East,Female,24,3,112,0
Blue One M,North,Male,20,0,103,1
Blue One M,North West,Female,23,2,111,0
Blue One M,South West,Female,21,2,74,1
Blue One M,Adamawa,Male,21,2,62,1
Blue One M,North West,Male,22,3,116,0
Blue One M,South West,Male,28,2,111,0
Blue One M,Centre,Female,28,2,77,1
Blue One M,South West,Male,26,3,116,0
Blue One M,Centre,Female,26,3,116,0
Blue One M,West,Male,29,3,114,0
Blue One M,West,Male,27,0,83,1
Blue One M,Adamawa,Female,29,2,115,0
Blue One M,Centre,Female,24,2,115,0
Blue One M,North West,Male,24,0,65,1
Blue One M,West,Female,22,2,70,1
Blue One M,Adamawa,Male,25,2,108,0
Blue One M,North West,Female,21,3,108,0
Blue One M,Adamawa,Male,24,0,83,1
Blue One M,Adamawa,Male,33,2,110,0
Blue One M,Littoral,Male,19,2,108,0
Blue One M,South,Female,29,3,108,0
Blue One M,Littoral,Male,29,0,91,1
Blue One M,Far North,Male,23,2,63,1
Blue One M,East,Male,28,2,100,1
Blue One M,Far North,Female,23,3,105,0
Blue One M,East,Female,24,3,105,0
Blue One M,West,Male,18,2,115,0
Blue One M,South,Male,27,2,100,0
Blue One M,North West,Male,26,0,102,1
Blue One M,South West,Male,19,2,97,0
Blue One M,Far North,Female,25,2,108,1
Blue One M,North West,Male,22,3,87,0
Blue One M,Adamawa,Male,27,2,116,0
Blue One M,Centre,Female,24,0,98,1
Blue One M,North,Male,19,2,116,0
Blue One M,North West,Male,25,3,116,0
Blue One M,Far North,Female,22,2,108,0
Blue One M,Centre,Male,24,0,77,1
Blue One M,East,Female,25,3,115,0
Blue One M,South West,Male,18,2,87,0
Blue One M,Littoral,Female,27,3,114,0
Blue One M,Centre,Male,28,3,115,0
Blue One M,North West,Male,29,2,114,0
Blue One M,North West,Male,24,0,95,1
Blue One M,Adamawa,Female,19,2,90,1
Blue One M,West,Female,20,0,102,1
Blue One M,North,Male,22,3,114,0
Blue One M,West,Female,21,2,108,0
Blue One M,West,Male,23,0,74,1
Blue One M,South,Male,27,0,75,1
Blue One M,Littoral,Female,20,0,70,1
Blue One M,East,Female,17,3,105,0
Blue One M,South,Male,27,2,111,0
Blue One M,East,Male,19,0,69,1
Blue One M,Far North,Male,20,2,61,1
Blue One M,North West,Male,25,2,117,0
Blue One M,Adamawa,Male,20,2,63,1
Blue One M,East,Male,27,2,116,0
Blue One M,East,Male,22,2,63,1
Blue One M,West,Male,20,2,117,0
Blue One M,Adamawa,Male,24,3,117,0
Blue One M,Adamawa,Male,21,2,112,0
Blue One M,Littoral,Male,24,2,71,1
Blue One M,Far North,Male,25,3,115,0
Blue One M,Adamawa,Male,25,3,116,0
Blue One M,South West,Female,25,0,71,1
Blue One M,West,Female,22,2,109,0
Blue One M,South West,Male,23,2,115,0
Blue One M,West,Male,27,2,115,0
Blue One M,Adamawa,Male,25,0,64,1
Blue One M,East,Female,27,2,100,1
Blue One M,North West,Female,21,2,102,0
Blue One M,South,Female,28,3,113,0
Blue One M,Littoral,Male,26,2,113,0
Blue One M,Adamawa,Male,28,2,113,0
Blue One S,West,Female,18,2,47,0
Blue One M,South West,Male,25,2,66,1
Blue One M,Adamawa,Female,24,2,84,1
Blue One M,South West,Female,20,0,64,1
Blue One M,South West,Female,21,2,103,0
Blue One M,South West,Female,19,2,96,0
Blue One M,Far North,Female,25,0,64,1
Blue One M,East,Male,23,2,66,1
Blue One M,Littoral,Male,25,2,109,0
Blue One M,Centre,Female,22,3,106,0
Blue One M,Littoral,Male,23,2,107,0
Blue One M,North,Female,19,0,87,1
Blue One M,West,Female,23,3,110,0
Blue One M,Centre,Female,23,2,80,1
Blue One M,South,Male,19,2,110,0
Blue One M,South,Female,29,2,110,0
Blue One M,North West,Male,23,2,114,0
Blue One M,Adamawa,Male,20,2,96,0
Blue One M,South West,Female,24,2,106,1
Blue One M,South,Female,26,0,89,1
Blue One M,Littoral,Male,21,3,96,0
Blue One M,Adamawa,Female,26,3,96,0
Blue One M,West,Male,22,2,70,1
Blue One M,East,Male,24,2,93,1
Blue One M,Adamawa,Male,21,2,109,0
Blue One M,South West,Male,21,3,108,0
Blue One M,Littoral,Female,21,2,74,1
Blue One M,East,Male,27,3,108,0
Blue One M,Littoral,Male,20,2,107,0
Blue One M,South West,Male,25,2,65,1
Blue One M,Far North,Male,24,3,108,0
Blue One M,Adamawa,Female,25,3,104,0
Blue One M,Centre,Female,25,2,63,1
Blue One M,North West,Male,19,2,91,0
Blue One M,South West,Male,26,0,61,1
Blue One M,Far North,Male,31,0,63,1
Blue One M,Centre,Female,27,0,81,1
Blue One M,Centre,Female,25,0,63,1
Blue One M,North,Male,29,2,93,1
Blue One M,East,Female,23,0,75,1
Blue One M,West,Male,24,2,65,1
Blue One M,South West,Male,27,2,98,0
Blue One M,North West,Male,22,3,98,0
Blue One S,West,Female,21,1,55,0
Blue One M,Centre,Male,24,3,111,0
Blue One M,Centre,Male,17,2,112,0
Blue One M,North,Female,25,3,104,0
Blue One M,West,Female,20,2,69,1
Blue One S,South West,Male,20,1,62,0
Blue One M,Far North,Male,27,3,115,0
Blue One M,Centre,Male,23,2,99,1
Blue One M,Littoral,Male,22,0,76,1
Blue One M,South West,Female,26,2,112,0
Blue One M,South,Male,26,2,97,1
Blue One M,Adamawa,Female,24,2,62,1
Blue One M,Adamawa,Female,27,3,105,0
Blue One M,East,Female,22,0,67,1
Blue One M,North West,Male,23,2,112,0
Blue One M,Centre,Male,25,2,115,0
Blue One M,Far North,Male,28,3,89,0
Blue One M,North,Male,20,0,65,1
Blue One M,Littoral,Female,21,2,99,1
Blue One M,Littoral,Male,23,3,102,0
Blue One M,North West,Female,20,3,111,0
Blue One M,South West,Female,24,2,112,0
Blue One M,South,Male,24,3,112,0
Blue One M,East,Male,28,2,76,0
Blue One M,Far North,Male,28,0,100,1
Blue One M,Adamawa,Female,23,3,105,0
Blue One M,Littoral,Male,27,0,114,1
Blue One M,South West,Male,18,3,84,0
Blue One S,Adamawa,Male,19,1,55,0
Blue One M,Littoral,Male,20,0,89,1
Blue One M,Far North,Female,25,2,102,0
Blue One M,South,Female,27,0,91,1
Blue One L,South West,Female,20,3,172,0
Blue One M,South West,Female,30,2,102,1
Blue One L,South,Female,30,0,121,1
Blue One M,East,Male,29,2,117,0
Blue One L,West,Female,28,0,71,1
Blue One L,West,Female,32,3,177,0
Blue One L,North West,Male,24,2,171,0
Blue One M,North,Female,21,3,123,0
Blue One S,South West,Male,19,2,61,0
Blue One M,Adamawa,Female,25,2,83,0
Blue One L,Centre,Male,30,0,166,1
Blue One M,East,Male,27,2,81,0
Blue One S,Adamawa,Female,23,2,11,0
Blue One L,Far North,Male,33,0,144,1
Blue One M,Centre,Male,26,2,102,0
Blue One M,Centre,Female,21,3,102,0
Blue One M,North West,Female,21,2,97,0
Blue One L,Littoral,Female,21,3,175,0
Blue One S,South West,Female,17,1,48,0
Blue One S,West,Female,18,1,46,0
Blue One L,East,Male,24,2,174,0
Blue One S,East,Male,18,1,5,0
Blue One L,East,Male,30,0,96,1
Blue One M,Littoral,Male,23,2,95,1
Blue One S,Adamawa,Male,21,2,47,0
Blue One S,Littoral,Female,29,1,61,0
Blue One S,Adamawa,Female,25,1,46,0
Blue One L,North West,Male,27,0,165,1
Blue One L,Littoral,Female,24,0,128,1
Blue One L,Adamawa,Female,28,2,199,0
Blue One L,South West,Female,27,3,173,0
Blue One L,West,Male,26,2,171,0
Blue One L,Adamawa,Female,28,2,143,1
Blue One M,Adamawa,Female,23,2,125,1
Blue One M,North West,Male,22,2,62,1
Blue One L,Adamawa,Female,24,3,165,0
Blue One M,Adamawa,Female,25,0,67,1
Blue One M,East,Female,25,2,141,0
Blue One L,Adamawa,Female,28,2,199,0
Blue One L,North West,Female,30,3,175,0
Blue One L,Littoral,Male,22,3,171,0
Blue One M,Centre,Male,22,0,123,1
Blue One M,North,Male,26,2,82,0
Blue One M,Far North,Male,23,2,98,0
Blue One S,North,Female,22,1,35,0
Blue One S,Littoral,Male,25,1,40,0
Blue One S,Littoral,Female,21,2,29,0
Blue One M,South West,Female,30,0,64,1
Blue One M,Far North,Male,27,2,112,0
Blue One M,North,Male,23,2,124,0
Blue One M,East,Male,22,3,136,0
Blue One M,Centre,Female,26,2,126,0
Blue One M,Adamawa,Male,26,2,111,0
Blue One M,West,Female,24,2,111,0
Blue One M,West,Male,25,3,104,0
Blue One M,East,Female,18,0,62,1
Blue One L,Adamawa,Male,28,0,65,1
Blue One L,Centre,Male,23,2,170,0
Blue One S,Far North,Male,18,2,13,0
Blue One M,Far North,Male,21,2,132,1
Blue One M,Centre,Male,18,2,103,0
Blue One M,Far North,Male,27,3,111,0
Blue One M,West,Male,22,2,75,0
Blue One S,Far North,Female,22,2,47,0
Blue One M,Adamawa,Male,26,0,62,1
Blue One L,Adamawa,Female,28,0,108,1
Blue One M,West,Female,28,2,118,0
Blue One M,Centre,Female,24,3,110,0
Blue One S,West,Female,22,2,47,0
Blue One S,East,Male,17,2,30,0
Blue One L,Far North,Male,26,0,83,1
Blue One L,East,Male,25,2,172,1
Blue One M,East,Male,27,0,61,1
Blue One M,South West,Male,25,0,64,1
Blue One M,Far North,Male,27,3,149,0
Blue One M,South West,Female,24,2,136,0
Blue One S,Centre,Female,19,2,19,0
Blue One S,North West,Female,21,2,48,0
Blue One M,South,Male,28,2,138,0
Blue One M,Far North,Female,25,2,111,0
Blue One M,Littoral,Male,28,0,82,1
Blue One M,South,Female,26,3,94,0
Blue One M,South,Female,24,0,61,1
Blue One L,North,Male,22,0,80,1
Blue One M,West,Female,22,0,86,1
Blue One L,West,Female,27,2,192,0
Blue One L,Centre,Female,31,0,65,1
Blue One L,East,Male,30,2,108,1
Blue One L,Centre,Female,30,0,143,1
Blue One L,West,Male,28,2,80,1
Blue One L,South,Male,22,2,188,0
Blue One L,Adamawa,Female,26,2,186,0
Blue One L,North,Male,29,2,143,1
Blue One M,Centre,Male,23,2,91,1
Blue One S,East,Female,19,2,26,0
Blue One S,Far North,Male,24,2,42,0
Blue One S,South,Female,20,2,38,0
Blue One S,North West,Male,20,1,37,0
Blue One S,South,Male,25,2,32,0
Blue One L,East,Male,20,2,121,1
Blue One L,South West,Female,32,0,134,1
Blue One L,East,Male,32,2,203,0
Blue One L,South,Male,25,2,65,1
Blue One L,South,Male,25,3,188,0
Blue One L,North,Female,28,2,195,0
Blue One L,East,Female,21,0,164,1
Blue One L,Far North,Male,27,2,181,0
Blue One L,West,Male,31,0,81,1
Blue One L,Far North,Female,23,2,140,1
Blue One M,South West,Male,26,0,148,1
Blue One S,Centre,Female,23,1,33,0
Blue One S,North,Female,24,2,45,0
Blue One S,North West,Male,18,2,38,0
Blue One S,East,Female,20,1,31,0
Blue One S,Adamawa,Male,21,2,32,0
Blue One M,West,Female,27,2,108,0
Blue One L,Littoral,Male,28,3,188,0
Blue One L,North,Male,27,0,71,1
Blue One M,East,Male,22,2,98,1
Blue One M,East,Female,22,2,71,1
Blue One L,North,Male,23,2,122,1
Blue One M,East,Female,22,2,119,0
Blue One M,Littoral,Male,23,0,93,1
Blue One L,Littoral,Male,25,2,202,0
Blue One L,South West,Female,27,3,205,0
Blue One S,West,Male,17,1,6,0
Blue One L,Centre,Female,27,3,194,0
Blue One L,East,Male,29,2,91,1
Blue One L,Adamawa,Male,30,2,174,0
Blue One L,North West,Male,32,2,95,1
Blue One L,North,Female,33,3,199,0
Blue One L,South,Male,29,2,145,1
Blue One L,Adamawa,Male,22,2,193,0
Blue One L,Far North,Male,28,2,131,1
Blue One L,Centre,Female,32,2,144,1
Blue One L,Centre,Female,29,3,175,0
Blue One L,East,Male,30,2,174,0
Blue One L,North West,Female,31,0,128,1
Blue One L,Littoral,Female,27,0,141,1
Blue One M,North,Female,22,2,91,0
Blue One L,South West,Male,28,3,168,0
Blue One S,Adamawa,Male,21,1,35,0
Blue One M,Centre,Female,26,3,159,0
Blue One L,South,Male,24,0,173,1
Blue One L,North West,Female,23,2,133,1
Blue One M,South,Male,25,3,101,0
Blue One L,Adamawa,Female,28,2,182,0
Blue One L,Centre,Female,27,2,179,0
Blue One L,North,Male,31,2,185,0
Blue One L,West,Male,21,2,130,1
Blue One M,Far North,Male,23,0,64,1
Blue One L,West,Male,25,2,72,1
Blue One L,Adamawa,Female,33,2,174,0
Blue One L,North,Female,30,2,172,0
Blue One L,Centre,Female,24,0,63,1
Blue One L,Littoral,Female,23,2,171,0
Blue One M,Adamawa,Male,26,3,160,0
Blue One L,West,Male,27,2,172,0
Blue One L,Centre,Male,29,0,101,1
Blue One L,Centre,Female,24,2,155,1
Blue One L,Centre,Female,24,0,114,1
Blue One L,Littoral,Male,20,0,63,1
Blue One L,North,Male,26,0,79,1
Blue One L,Centre,Female,27,2,141,1
Blue One L,Adamawa,Male,32,0,115,1
Blue One L,South,Female,27,2,186,0
Blue One L,South,Female,27,2,111,1
Blue One L,North West,Female,25,0,112,1
Blue One L,South,Male,30,3,178,0
Blue One L,West,Male,24,3,171,0
Blue One L,Littoral,Female,25,3,171,0
Blue One L,North West,Male,27,2,184,0
Blue One L,East,Male,29,2,127,1
Blue One M,North West,Female,28,0,63,1
Blue One S,North,Male,17,2,59,0
Blue One L,North West,Female,27,2,170,1
Blue One L,East,Male,27,3,203,0
Blue One L,Far North,Male,33,0,76,1
Blue One L,Far North,Male,28,2,199,0
Blue One L,North West,Female,32,0,192,1
Blue One L,South West,Male,25,3,184,0
Blue One L,West,Male,27,2,170,0
Blue One L,West,Female,28,2,121,1
Blue One M,South,Male,25,3,83,0
Blue One L,Far North,Male,25,0,63,1
Blue One M,South,Male,21,2,110,0
Blue One L,Far North,Female,29,0,143,1
Blue One M,South,Female,27,0,68,1
Blue One M,South,Female,22,3,103,0
Blue One L,Centre,Male,29,0,65,1
Blue One S,Centre,Male,23,1,39,0
Blue One L,West,Female,27,0,64,1
Blue One L,North West,Male,24,0,96,1
Blue One L,Far North,Male,23,0,138,1
Blue One L,North West,Female,29,2,186,1
Blue One L,Centre,Male,23,2,168,0
Blue One L,North West,Female,30,3,202,0
Blue One M,South,Male,17,0,89,1
Blue One M,South West,Female,25,2,90,0
Blue One L,East,Male,23,0,180,1
Blue One L,North West,Female,23,2,134,1
Blue One L,Adamawa,Female,26,2,203,0
Blue One L,Centre,Female,28,2,203,0
Blue One L,Littoral,Female,30,2,207,0
Blue One M,West,Male,24,2,126,0
Blue One L,Littoral,Female,18,2,62,1
Blue One L,West,Male,33,2,63,1
Blue One L,North,Male,28,2,62,1
Blue One L,South West,Male,31,2,98,1
Blue One L,East,Female,25,0,151,1
Blue One L,West,Male,27,2,91,1
Blue One L,Adamawa,Male,26,2,207,0
Blue One M,Far North,Male,23,2,62,1
Blue One L,Littoral,Male,33,0,84,1
Blue One L,Far North,Female,29,0,169,1
Blue One L,Far North,Male,23,0,83,1
Blue One L,Adamawa,Female,32,0,68,1
Blue One M,North West,Female,29,2,65,1
Blue One M,West,Female,24,2,146,0
Blue One L,North West,Male,26,3,188,0
Blue One M,East,Female,22,2,91,1
Blue One L,East,Female,28,3,193,0
Blue One S,North,Male,23,1,19,0
Blue One L,North,Female,24,3,176,0
Blue One S,West,Female,21,2,41,0
Blue One L,South,Female,27,3,179,0
Blue One S,North,Male,17,1,52,0
Blue One M,Centre,Female,24,2,137,0
Blue One S,Centre,Female,18,2,22,0
Blue One M,West,Female,20,3,100,0
Blue One L,Littoral,Female,28,2,198,0
Blue One L,Adamawa,Female,30,3,204,0
Blue One L,Adamawa,Male,27,3,203,0
Blue One M,North,Male,30,0,69,1
Blue One L,North West,Male,26,2,207,0
Blue One L,North,Male,25,2,202,0
Blue One L,North West,Male,24,2,73,1
Blue One M,South West,Male,19,3,82,0
Blue One L,North West,Male,22,0,61,1
Blue One M,North West,Male,23,2,162,1
Blue One L,Littoral,Male,23,0,128,1
Blue One L,South,Female,28,0,137,1
Blue One L,Adamawa,Female,25,3,194,0
Blue One L,Far North,Male,33,2,200,0
Blue One L,Littoral,Male,27,3,202,0
Blue One L,Centre,Female,30,0,184,1
Blue One L,North,Female,33,0,140,1
Blue One M,East,Male,28,2,123,1
Blue One M,West,Male,25,2,96,1
Blue One M,North,Female,28,2,118,0
Blue One M,Littoral,Female,24,0,107,1
Blue One S,North West,Female,23,2,46,0
Blue One S,West,Male,26,2,49,0
Blue One S,Centre,Female,20,1,59,0
Blue One M,West,Male,23,2,90,0
Blue One M,West,Male,23,2,87,0
Blue One L,West,Female,28,2,203,0
Blue One L,North,Male,30,2,207,0
Blue One L,East,Female,27,3,207,0
Blue One L,Littoral,Male,28,2,127,1
Blue One M,South,Male,23,2,73,1
Blue One L,Littoral,Male,28,0,63,1
Blue One L,Centre,Female,28,2,61,1
Blue One S,South,Male,27,1,53,0
Blue One L,West,Female,26,2,163,1
Blue One L,East,Female,27,2,106,1
Blue One L,Adamawa,Female,27,2,193,1
Blue One M,Far North,Male,21,2,72,1
Blue One L,South,Female,27,2,149,1
Blue One L,Littoral,Male,27,2,91,1
Blue One L,North West,Female,22,0,66,1
Blue One L,South,Female,28,0,87,1
Blue One L,South,Male,28,2,148,1
Blue One L,Centre,Female,28,0,170,1
Blue One L,West,Female,29,2,99,1
Blue One L,North,Male,28,0,180,1
Blue One L,East,Female,23,0,156,1
Blue One L,North West,Female,29,3,189,0
Blue One L,Centre,Male,26,2,162,1
Blue One M,South,Male,33,2,76,1
Blue One M,East,Female,27,0,123,1
Blue One L,Adamawa,Female,28,2,172,0
Blue One L,Adamawa,Male,26,3,183,0
Blue One L,Littoral,Female,23,2,173,1
Blue One M,South West,Male,23,2,125,1
Blue One M,South,Male,22,2,161,0
Blue One S,West,Female,17,2,14,0
Blue One L,Far North,Male,26,2,138,1
Blue One L,South,Female,28,2,62,1
Blue One M,South,Male,23,2,144,1
Blue One M,Centre,Female,20,0,65,1
Blue One M,East,Female,31,0,79,1
Blue One L,West,Female,33,0,82,1
Blue One L,North,Male,26,3,201,0
Blue One L,South West,Male,31,2,135,1
Blue One L,Littoral,Female,29,0,95,1
Blue One L,South West,Male,29,2,195,1
Blue One L,Far North,Male,31,2,188,0
Blue One L,Centre,Female,28,0,123,1
Blue One S,Littoral,Male,23,1,44,0
Blue One L,Adamawa,Female,29,2,170,1
Blue One L,Centre,Male,33,2,157,1
Blue One L,South,Female,23,2,140,1
Blue One M,North West,Female,29,0,83,1
Blue One L,Far North,Male,27,3,186,0
Blue One L,North West,Male,27,2,67,1
Blue One L,Adamawa,Female,26,3,184,0
Blue One L,North,Female,26,2,180,0
Blue One L,North West,Female,23,2,123,1
Blue One L,Littoral,Female,29,3,183,0
Blue One L,West,Male,21,0,176,1
Blue One L,South West,Male,21,0,178,1
Blue One L,North West,Male,22,2,180,0
Blue One L,North,Male,25,2,179,0
Blue One L,North West,Female,25,2,155,1
Blue One L,Centre,Male,25,2,180,0
Blue One L,Far North,Female,24,3,180,0
Blue One L,East,Female,25,2,181,0
Blue One L,North,Female,22,0,180,1
Blue One L,Centre,Female,22,2,102,1
Blue One L,West,Male,23,2,107,1
Blue One L,North West,Female,24,0,122,1
Blue One L,West,Female,26,2,64,1
Blue One L,West,Female,25,0,78,1
Blue One L,Littoral,Female,29,2,184,0
Blue One L,East,Female,27,2,62,1
Blue One L,East,Female,29,3,178,0
Blue One L,East,Male,22,3,182,0
Blue One L,East,Female,27,2,185,0
Blue One L,Far North,Female,28,3,186,0
Blue One L,Adamawa,Female,27,3,186,0
Blue One L,Far North,Female,25,0,61,1
Blue One L,East,Male,32,2,100,1
Blue One L,Adamawa,Male,30,3,178,0
Blue One L,Adamawa,Female,21,3,185,0
Blue One L,Littoral,Female,29,2,185,0
Blue One L,South,Male,30,2,186,0
Blue One L,Littoral,Male,24,2,129,1
Blue One L,Far North,Male,25,0,93,1
Blue One L,South,Male,24,0,126,1
Blue One L,North West,Female,23,2,185,0
Blue One L,East,Male,28,2,186,0
Blue One L,North,Male,26,3,186,0
Blue One L,South,Female,27,0,97,1
Blue One L,Centre,Female,29,2,83,1
Blue One L,Centre,Female,25,3,188,0
Blue One L,Adamawa,Female,25,3,178,0
Blue One L,East,Female,26,2,169,1
Blue One L,East,Female,25,3,186,0
Blue One L,North,Male,20,2,154,1
Blue One L,Far North,Female,26,2,160,1
Blue One L,Centre,Male,30,2,130,1
Blue One L,West,Female,28,2,187,0
Blue One L,North West,Female,27,0,150,1
Blue One L,East,Male,25,2,179,0
Blue One L,South,Female,28,2,164,1
Blue One L,Far North,Female,31,0,154,1
Blue One M,Far North,Female,26,3,163,0
Blue One M,Littoral,Female,23,2,153,0
Blue One M,East,Female,26,2,154,0
Blue One M,North,Male,24,2,157,0
Blue One M,Centre,Male,26,2,151,0
Blue One M,Centre,Female,25,3,151,0
Blue One M,Centre,Female,22,3,151,0
Blue One M,West,Female,27,2,161,0
Blue One L,South,Male,30,0,63,1
Blue One M,West,Female,30,0,110,1
Blue One M,West,Male,22,0,150,1
Blue One M,Adamawa,Female,28,3,160,0
Blue One M,North West,Female,25,3,137,0
Blue One M,East,Male,28,0,126,1
Blue One M,South West,Female,19,2,154,0
Blue One M,East,Female,25,0,117,1
Blue One M,North West,Male,21,2,123,0
Blue One M,Littoral,Male,24,3,157,0
Blue One L,East,Female,30,3,167,0
Blue One M,Adamawa,Male,25,0,133,1
Blue One L,North West,Male,30,2,167,0
Blue One M,South,Male,23,2,154,0
Blue One M,South West,Female,24,0,61,1
Blue One M,North West,Male,22,2,143,1
Blue One M,Littoral,Male,22,3,161,0
Blue One M,Centre,Female,29,0,77,1
Blue One M,West,Female,28,2,143,0
Blue One M,North West,Female,23,3,161,0
Blue One L,South,Male,23,2,77,1
Blue One L,West,Male,27,0,94,1
Blue One L,South West,Male,29,2,166,0
Blue One L,East,Male,27,0,97,1
Blue One L,Adamawa,Female,23,0,117,1
Blue One L,Centre,Male,21,3,165,0
Blue One L,East,Male,27,2,169,0
Blue One M,Littoral,Male,25,2,162,1
Blue One M,South,Male,24,2,163,0
Blue One M,North West,Female,24,0,138,1
Blue One M,East,Male,23,3,163,0
Blue One L,Centre,Female,26,0,125,1
Blue One M,East,Male,27,0,62,1
Blue One M,Adamawa,Female,26,3,140,0
Blue One M,North,Male,21,0,68,1
Blue One L,Centre,Male,26,0,97,1
Blue One L,West,Female,26,3,180,0
Blue One L,Adamawa,Female,32,2,165,0
Blue One L,Adamawa,Female,24,0,169,1
Blue One M,North West,Male,24,2,131,1
Blue One L,East,Female,21,0,117,1
Blue One L,West,Female,28,3,168,0
Blue One L,West,Male,25,3,173,0
Blue One S,North West,Female,24,2,55,0
Blue One S,Littoral,Male,22,1,74,0
Blue One M,South,Female,27,2,112,1
Blue One L,Adamawa,Female,28,3,168,0
Blue One M,South West,Female,25,3,151,0
Blue One L,West,Female,28,3,171,0
Blue One M,Far North,Male,26,2,72,1
Blue One L,South,Female,25,3,179,0
Blue One L,East,Female,32,3,172,0
Blue One M,Littoral,Male,25,2,64,1
Blue One M,North,Male,25,2,100,0
Blue One M,North West,Male,23,2,66,1
Blue One M,Littoral,Male,20,0,117,1
Blue One L,West,Female,26,3,167,0
Blue One M,South West,Female,21,2,153,0
Blue One L,South,Male,25,2,98,1
Blue One L,North,Female,25,2,110,1
Blue One L,Adamawa,Female,25,2,172,0
Blue One M,West,Male,26,0,121,1
Blue One L,North West,Male,27,0,166,1
Blue One L,Centre,Male,24,2,95,1
Blue One L,South,Female,26,2,150,1
Blue One M,West,Female,24,3,153,0
Blue One M,Littoral,Female,26,3,154,0
Blue One M,Centre,Male,26,2,92,1
Blue One M,South,Male,23,0,82,1
Blue One M,North,Female,23,3,150,0
Blue One M,East,Male,27,2,90,1
Blue One M,West,Female,24,0,84,1
Blue One M,South,Male,21,0,103,1
Blue One M,South,Male,24,2,84,1
Blue One M,East,Female,24,2,147,0
Blue One M,Far North,Female,26,0,63,1
Blue One M,East,Female,20,3,124,0
Blue One M,South,Female,24,3,143,0
Blue One M,West,Male,23,0,79,1
Blue One M,Adamawa,Male,23,2,62,1
Blue One M,Littoral,Male,26,2,112,0
Blue One M,Littoral,Male,20,0,63,1
Blue One M,North,Male,24,2,126,0
Blue One M,Far North,Male,25,2,134,1
Blue One M,North West,Female,26,3,150,0
Blue One M,Far North,Male,23,3,146,0
Blue One M,Far North,Male,21,3,143,0
Blue One M,Centre,Female,22,0,64,1
Blue One M,South,Male,29,2,124,1
Blue One M,Littoral,Female,27,2,62,1
Blue One M,Centre,Male,20,0,61,1
Blue One M,Littoral,Male,26,0,63,1
Blue One M,North,Male,23,2,96,0
Blue One M,West,Female,26,2,86,1
Blue One M,Littoral,Male,29,3,91,0
Blue One M,Adamawa,Male,23,2,90,0
Blue One M,Centre,Male,20,2,90,0
Blue One M,West,Female,25,2,80,0
Blue One M,Littoral,Male,22,3,76,0
Blue One S,Far North,Female,26,1,55,0
Blue One S,North,Male,21,1,48,0
Blue One S,Littoral,Female,24,1,44,0
Blue One M,Adamawa,Male,23,3,85,0
Blue One M,South West,Female,31,0,123,1
Blue One M,Adamawa,Male,24,2,78,1
Blue One M,Littoral,Female,26,0,109,1
Blue One M,East,Male,21,0,63,1
Blue One L,Far North,Male,27,2,168,0
Blue One M,Centre,Male,24,2,102,1
Blue One L,South West,Female,25,2,93,1
Blue One L,South,Female,23,0,156,1
Blue One L,South West,Female,22,3,180,0
Blue One L,Littoral,Male,21,0,135,1
Blue One L,South West,Male,26,2,182,0
Blue One L,East,Male,30,0,93,1
Blue One L,Far North,Female,26,2,170,0
Blue One L,North West,Female,26,0,124,1
Blue One L,East,Male,25,3,182,0
Blue One L,North,Male,31,0,155,1
Blue One L,Far North,Male,25,3,179,0
Blue One L,Far North,Female,26,3,171,0
Blue One L,South West,Female,27,2,171,0
Blue One L,North West,Male,27,2,152,1
Blue One L,Centre,Female,28,3,182,0
Blue One L,South West,Male,19,0,145,1
Blue One L,Adamawa,Female,31,2,180,0
Blue One L,North,Male,29,2,180,1
Blue One L,East,Female,25,0,178,1
Blue One L,South,Female,30,3,181,0
Blue One L,South,Female,25,2,181,0
Blue One M,South West,Female,21,3,111,0
Blue One L,Centre,Female,27,2,146,1
Blue One L,Far North,Male,29,2,180,0
Blue One M,West,Female,21,2,92,1
Blue One M,South,Female,29,2,71,1
Blue One M,North West,Female,31,2,162,0
Blue One L,South,Male,26,2,179,0
Blue One L,North West,Female,26,3,177,0
Blue One L,Far North,Male,23,0,128,1
Blue One L,Littoral,Male,23,3,170,0
Blue One L,South West,Male,28,0,151,1
Blue One L,West,Male,28,3,178,0
Blue One L,North West,Female,27,0,63,1
Blue One L,Adamawa,Female,25,2,81,1
Blue One L,Adamawa,Female,26,2,83,1
Blue One L,Centre,Female,24,0,121,1
Blue One L,Centre,Female,30,2,171,0
Blue One L,East,Female,23,2,95,1
Blue One M,South,Female,30,2,113,1
Blue One S,South West,Female,21,1,58,0
Blue One M,North,Female,23,3,130,0
Blue One M,South,Male,23,2,111,0
Blue One M,Littoral,Female,26,3,148,0
Blue One M,Adamawa,Male,31,3,142,0
Blue One L,Far North,Female,31,2,90,1
Blue One M,North,Male,20,2,122,0
Blue One M,South West,Female,31,0,139,1
Blue One M,North West,Male,30,2,149,0
Blue One M,Littoral,Male,27,2,140,0
Blue One S,South,Female,20,1,32,0
Blue One M,South West,Male,25,3,146,0
Blue One L,South West,Male,28,3,168,0
Blue One L,East,Male,26,2,167,0
Blue One S,Centre,Male,21,1,38,0
Blue One S,South West,Female,25,1,41,0
Blue One M,Littoral,Female,23,2,124,1
Blue One M,Littoral,Female,25,0,90,1
Blue One M,North,Male,25,2,162,0
Blue One M,Adamawa,Male,25,2,139,0
Blue One M,West,Female,30,0,95,1
Blue One M,East,Male,19,2,152,0
Blue One M,Far North,Male,22,2,90,1
Blue One M,South,Female,26,2,103,1
Blue One M,West,Male,27,0,120,1
Blue One M,North,Male,22,3,157,0
Blue One M,West,Male,24,2,110,0
Blue One M,North West,Male,21,0,91,1
Blue One M,North West,Male,21,2,143,0
Blue One M,Far North,Male,23,0,125,1
Blue One M,Littoral,Male,23,3,91,0
Blue One M,East,Female,28,3,146,0
Blue One M,East,Male,27,2,73,1
Blue One M,Centre,Female,26,2,142,1
Blue One M,Littoral,Male,29,3,160,0
Blue One M,West,Female,25,2,163,0
Blue One M,North West,Male,24,0,90,1
Blue One M,West,Female,24,3,154,0
Blue One M,Far North,Female,21,2,150,0
Blue One S,South,Male,19,2,53,0
Blue One S,East,Male,20,1,53,0
Blue One L,West,Male,30,2,62,1
Blue One S,Littoral,Male,20,2,34,0
Blue One S,North West,Male,21,2,37,0
Blue One M,South,Female,23,2,79,1
Blue One L,Centre,Male,25,0,131,1
Blue One S,West,Female,24,1,31,0
Blue One M,Far North,Male,30,2,99,0
Blue One M,East,Female,26,2,61,1
Blue One M,East,Male,22,0,76,1
Blue One L,Adamawa,Male,27,2,186,0
Blue One L,Centre,Male,25,0,142,1
Blue One L,North West,Female,29,0,75,1
Blue One M,West,Female,21,2,94,1
Blue One L,Centre,Male,27,2,194,1
Blue One L,Centre,Female,25,2,171,0
Blue One L,North,Male,22,2,175,0
Blue One L,Littoral,Male,22,0,147,1
Blue One L,Centre,Female,27,2,177,1
Blue One S,South West,Female,26,2,40,0
Blue One M,Centre,Female,32,2,147,0
Blue One S,Centre,Male,21,1,12,0
Blue One L,Littoral,Female,26,2,166,0
Blue One L,East,Female,27,0,120,1
Blue One L,East,Female,30,2,139,1
Blue One L,South,Male,23,2,194,0
Blue One M,North West,Male,25,2,155,0
Blue One M,North,Male,21,3,97,0
Blue One S,East,Male,24,1,55,0
Blue One M,North,Male,29,0,88,1
Blue One L,Far North,Male,27,2,176,1
Blue One L,South,Male,29,2,94,1
Blue One L,North West,Female,26,3,186,0
Blue One M,East,Female,25,2,146,0
Blue One M,North West,Female,23,3,85,0
Blue One M,South,Female,22,2,75,0
Blue One L,West,Male,21,2,62,1
Blue One L,East,Male,25,3,192,0
Blue One L,South West,Male,24,0,144,1
Blue One L,North,Male,27,3,187,0
Blue One L,South,Female,30,3,173,0
Blue One M,Adamawa,Male,28,2,140,0
Blue One M,Littoral,Female,23,3,147,0
Blue One M,East,Male,23,2,84,1
Blue One M,South,Male,24,3,150,0
Blue One M,Centre,Male,27,2,150,0
Blue One L,South West,Male,31,0,150,1
Blue One L,Littoral,Male,31,2,182,0
Blue One M,Littoral,Female,21,2,89,1
Blue One L,Adamawa,Male,25,0,67,1
Blue One M,Centre,Female,27,0,159,1
Blue One L,South West,Female,24,3,167,0
Blue One S,West,Male,22,2,17,0
Blue One M,West,Male,21,2,92,1
Blue One M,East,Female,21,3,77,0
Blue One S,South West,Female,20,1,47,0
Blue One L,Adamawa,Female,27,0,72,1
Blue One L,North West,Male,31,3,166,0
Blue One L,Adamawa,Male,26,2,198,0
Blue One L,West,Female,27,0,164,1
Blue One L,Adamawa,Female,30,3,194,0
Blue One L,West,Male,25,0,70,1
Blue One L,South,Male,22,0,178,1
Blue One L,Littoral,Male,26,3,179,0
Blue One L,South West,Female,26,2,91,1
Blue One L,Centre,Male,30,2,189,0
Blue One L,Littoral,Female,26,2,191,0
Blue One L,North,Female,29,3,193,0
Blue One L,East,Male,23,2,174,0
Blue One S,Far North,Female,24,1,21,0
Blue One M,South,Female,26,2,157,0
Blue One S,North West,Female,22,1,55,0
Blue One S,Adamawa,Male,19,2,55,0
Blue One M,North,Male,17,2,94,0
Blue One M,East,Male,26,3,151,0
Blue One M,North,Male,27,3,86,0
Blue One S,East,Male,25,2,47,0
Blue One M,Littoral,Female,27,3,102,0
Blue One M,Far North,Male,27,0,66,1
Blue One L,West,Male,27,3,174,0
Blue One L,Far North,Female,25,3,165,0
Blue One L,South West,Female,26,2,165,0
Blue One L,Centre,Female,27,3,172,0
Blue One L,East,Female,24,2,165,1
Blue One L,South West,Male,23,3,184,0
Blue One L,Adamawa,Female,26,3,173,0
Blue One L,Littoral,Female,29,3,185,0
Blue One L,South,Male,29,2,166,0
Blue One L,Centre,Female,32,3,195,0
Blue One L,East,Female,30,0,91,1
Blue One L,North,Male,25,2,193,0
Blue One M,East,Female,25,2,84,0
Blue One M,Centre,Male,25,3,93,0
Blue One S,South,Male,22,2,54,0
Blue One M,Centre,Female,26,2,80,0
Blue One S,Far North,Male,26,1,61,0
Blue One M,North,Male,28,2,81,0
Blue One S,East,Male,22,2,10,0
Blue One S,South West,Male,23,1,46,0
Blue One M,Adamawa,Male,21,3,111,0
Blue One S,Adamawa,Male,27,2,48,0
Blue One M,North,Male,23,2,68,1
Blue One M,South,Male,17,2,154,0
Blue One M,West,Male,20,2,131,0
Blue One L,North,Female,28,0,75,1
Blue One L,North West,Male,25,2,162,1
Blue One L,Far North,Male,30,0,65,1
Blue One L,West,Female,27,2,192,0
Blue One L,Centre,Male,27,2,176,1
Blue One L,North,Male,22,0,91,1
Blue One L,West,Male,28,2,149,1
Blue One L,North West,Female,27,2,120,1
Blue One L,South,Male,29,0,159,1
Blue One M,Littoral,Male,32,0,87,1
Blue One M,North,Male,26,2,152,0
Blue One M,North,Female,24,3,145,0
Blue One M,North West,Male,24,2,95,1
Blue One L,Far North,Female,25,3,207,0
Blue One L,South,Female,28,2,178,1
Blue One M,West,Male,29,2,150,0
Blue One L,West,Male,33,0,177,1
Blue One L,West,Male,30,2,63,1
Blue One L,Centre,Female,32,3,192,0
Blue One L,North,Male,33,0,79,1
Blue One L,East,Female,21,3,191,0
Blue One L,North West,Female,24,0,102,1
Blue One L,Littoral,Female,26,2,193,0
Blue One L,South,Female,28,2,150,1
Blue One L,Far North,Male,27,3,201,0
Blue One L,East,Female,26,2,177,0
Blue One L,North West,Female,26,2,119,1
Blue One M,South West,Female,21,3,103,0
Blue One S,South West,Male,24,1,33,0
Blue One S,North,Male,20,1,3,0
Blue One M,North,Male,26,2,155,1
Blue One L,West,Male,25,0,150,1
Blue One L,Centre,Female,33,2,201,0
Blue One S,North West,Female,21,1,55,0
Blue One L,West,Male,24,3,168,0
Blue One L,Adamawa,Female,30,2,183,0
Blue One L,Centre,Female,29,3,193,0
Blue One L,North West,Male,33,0,101,1
Blue One M,Far North,Female,25,2,136,0
Blue One M,South,Male,26,0,102,1
Blue One L,Centre,Male,22,2,121,1
Blue One L,West,Female,21,2,166,0
Blue One L,Far North,Male,26,3,165,0
Blue One M,West,Male,32,2,92,1
Blue One M,East,Female,26,2,64,1
Blue One L,West,Male,22,2,82,1
Blue One L,East,Male,21,2,172,1
Blue One L,Centre,Male,25,0,156,1
Blue One L,Centre,Female,23,3,180,0
Blue One L,North,Male,23,2,187,0
Blue One L,West,Male,27,0,81,1
Blue One L,North West,Male,24,3,173,0
Blue One L,Centre,Female,27,0,62,1
Blue One L,North,Male,28,2,187,0
Blue One L,South,Male,23,2,184,0
Blue One L,Centre,Female,25,3,191,0
Blue One L,Adamawa,Female,28,2,195,0
Blue One L,South West,Male,27,0,176,1
Blue One L,North West,Male,26,0,66,1
Blue One L,East,Female,32,2,67,1
Blue One L,East,Male,26,2,166,1
Blue One L,Littoral,Male,24,3,193,0
Blue One L,South,Male,26,0,115,1
Blue One L,Adamawa,Male,28,2,98,1
Blue One L,North,Male,25,2,94,1
Blue One L,South,Male,26,0,153,1
Blue One L,South West,Male,30,2,109,1
Blue One L,Centre,Female,24,2,180,0
Blue One L,Littoral,Female,24,0,139,1
Blue One L,Centre,Female,33,0,110,1
Blue One L,Far North,Male,29,2,190,0
Blue One L,East,Male,21,0,180,1
Blue One L,Far North,Male,26,3,189,0
Blue One L,East,Female,30,2,76,1
Blue One L,North,Male,24,2,123,1
Blue One L,Littoral,Female,25,2,187,0
Blue One L,Far North,Male,24,0,128,1
Blue One L,Centre,Female,31,3,188,0
Blue One L,South,Female,21,0,132,1
Blue One M,South,Female,25,3,119,0
Blue One M,Littoral,Male,24,0,104,1
Blue One S,North West,Male,21,1,18,0
Blue One S,Adamawa,Female,22,2,18,0
Blue One M,West,Female,23,3,122,0
Blue One M,South West,Female,22,2,115,0
Blue One S,East,Female,18,2,14,0
Blue One S,Far North,Female,17,1,18,0
Blue One M,North,Male,20,2,104,0
Blue One M,Littoral,Male,33,0,82,1
Blue One M,South West,Male,28,3,82,0
Blue One M,Littoral,Male,27,2,82,0
Blue One M,Centre,Female,26,0,91,1
Blue One M,Centre,Female,23,2,128,0
Blue One M,East,Female,23,2,79,1
Blue One M,Far North,Female,19,0,94,1
Blue One M,West,Female,30,2,122,0
Blue One M,North West,Female,24,2,88,1
Blue One M,North West,Male,27,2,78,1
Blue One M,Adamawa,Male,29,3,153,0
Blue One M,Adamawa,Female,27,3,111,0
Blue One M,East,Male,24,3,97,0
Blue One M,West,Male,20,3,103,0
Blue One M,Adamawa,Male,21,2,104,0
Blue One M,Centre,Female,25,2,86,0
Blue One M,Far North,Male,27,0,92,1
Blue One M,Far North,Female,25,0,68,1
Blue One M,Far North,Male,23,2,117,0
Blue One S,Adamawa,Male,23,2,55,0
Blue One M,Littoral,Female,26,3,139,0
Blue One M,South West,Female,24,3,130,0
Blue One S,Far North,Male,23,2,45,0
Blue One S,Far North,Male,25,1,46,0
Blue One S,North West,Female,27,1,53,0
Blue One S,South West,Female,26,2,47,0
Blue One M,North West,Female,25,3,139,0
Blue One M,South West,Male,24,3,146,0
Blue One M,North West,Male,27,0,83,1
Blue One M,North,Male,31,2,87,0
Blue One M,North West,Female,22,0,61,1
Blue One S,West,Male,21,2,74,0
Blue One M,East,Female,20,2,124,0
Blue One M,North West,Male,22,3,80,0
Blue One M,Littoral,Male,22,3,79,0
Blue One M,West,Male,22,3,164,0
Blue One L,South,Male,30,0,206,1
Blue One M,West,Female,26,3,158,0
Blue One M,South West,Male,22,3,151,0
Blue One M,South West,Female,27,2,129,1
Blue One M,South West,Female,22,0,92,1
Blue One M,Far North,Female,22,2,110,0
Blue One M,North,Male,27,3,153,0
Blue One S,Adamawa,Female,25,2,53,0
Blue One L,East,Male,30,0,187,1
Blue One L,Far North,Male,28,2,162,1
Blue One L,Littoral,Male,32,0,96,1
Blue One L,Centre,Female,28,0,132,1
Blue One M,North West,Female,22,3,151,0
Blue One M,West,Male,22,0,89,1
Blue One M,Far North,Male,25,2,83,0
Blue One M,Littoral,Male,24,2,81,0
Blue One L,East,Female,30,2,128,1
Blue One L,East,Female,30,3,166,0
Blue One M,North,Female,25,3,115,0
Blue One L,West,Female,27,2,181,0
Blue One L,Adamawa,Female,28,2,131,1
Blue One L,West,Male,30,2,195,1
Blue One L,Littoral,Female,27,2,99,1
Blue One L,Adamawa,Female,31,2,63,1
Blue One L,South West,Male,24,2,202,0
Blue One L,South,Female,30,2,180,1
Blue One L,South West,Male,27,0,139,1
Blue One M,Far North,Female,22,3,113,0
Blue One M,North West,Male,22,0,98,1
Blue One M,Far North,Male,21,2,95,0
Blue One M,North West,Male,30,0,97,1
Blue One M,West,Female,19,2,98,0
Blue One M,North,Female,19,0,91,1
Blue One M,East,Male,18,3,99,0
Blue One M,South,Female,25,2,94,1
Blue One M,Far North,Male,26,0,69,1
Blue One M,North,Female,27,2,92,1
Blue One M,Far North,Male,26,2,88,1
Blue One S,South West,Male,20,1,53,0
Blue One S,Centre,Female,28,1,20,0
Blue One S,West,Female,29,1,46,0
Blue One M,East,Female,21,3,150,0
Blue One M,Adamawa,Male,25,2,128,1
Blue One M,East,Male,27,0,132,1
Blue One M,Centre,Female,24,2,150,0
Blue One M,Far North,Male,25,3,148,0
Blue One M,South,Male,29,2,130,1
Blue One M,North,Male,23,0,97,1
Blue One M,Centre,Male,24,0,69,1
Blue One M,North West,Male,27,3,141,0
Blue One M,East,Male,28,3,140,0
Blue One M,Littoral,Male,25,2,101,1
Blue One M,Centre,Male,32,2,104,1
Blue One M,Centre,Male,26,2,138,0
Blue One M,South West,Female,23,2,136,0
Blue One M,Adamawa,Male,27,2,138,0
Blue One M,Adamawa,Female,28,2,114,1
Blue One M,Far North,Female,22,2,63,1
Blue One M,North,Male,24,2,129,0
Blue One M,North,Male,23,2,114,0
Blue One M,Littoral,Female,25,2,72,1
Blue One S,East,Male,19,2,49,0
Blue One S,Littoral,Female,24,2,6,0
Blue One L,Far North,Male,28,2,187,0
Blue One S,Far North,Female,21,2,48,0
Blue One S,North,Male,20,1,48,0
Blue One L,South,Female,22,0,61,1
Blue One L,North,Male,29,2,203,0
Blue One S,East,Male,26,1,47,0
Blue One L,Centre,Female,24,2,166,0
Blue One M,Centre,Female,27,0,91,1
Blue One L,Littoral,Female,27,2,144,1
Blue One L,North,Female,28,2,198,0
Blue One L,South,Female,30,3,203,0
Blue One L,North West,Female,29,2,201,0
Blue One L,Adamawa,Female,27,3,192,0
Blue One L,Centre,Female,27,0,174,1
Blue One L,South,Male,20,2,192,0
Blue One L,South,Female,25,2,158,1
Blue One L,South,Female,27,3,199,0
Blue One L,South West,Male,28,2,170,0
Blue One L,North,Female,28,3,196,0
Blue One M,Far North,Male,27,2,125,0
Blue One L,Centre,Male,27,3,207,0
Blue One M,Centre,Male,23,2,124,0
Blue One M,North,Male,23,2,107,1
Blue One M,Littoral,Female,27,2,95,0
Blue One M,South,Female,28,2,63,1
Blue One M,Centre,Male,27,2,102,0
Blue One M,South,Male,27,2,112,0
Blue One M,West,Female,27,2,122,0
Blue One M,West,Male,25,0,94,1
Blue One M,North,Female,28,3,117,0
Blue One M,East,Female,20,2,161,0
Blue One S,Adamawa,Male,19,1,50,0
Blue One L,Adamawa,Female,29,3,196,0
Blue One L,West,Female,26,3,194,0
Blue One L,Adamawa,Male,24,0,101,1
Blue One M,East,Male,19,2,89,0
Blue One L,Centre,Female,29,3,189,0
Blue One S,Adamawa,Male,25,2,38,0
Blue One L,South,Female,32,3,182,0
Blue One M,Centre,Male,25,2,161,0
Blue One M,Littoral,Female,26,2,76,0
Blue One M,Far North,Male,22,3,76,0
Blue One L,West,Female,24,2,196,0
Blue One L,East,Male,31,2,188,0
Blue One S,Centre,Female,24,1,12,0
Blue One M,North,Male,22,2,90,1
Blue One M,West,Male,21,2,103,1
Blue One L,East,Female,27,2,171,1
Blue One L,West,Female,26,3,189,0
Blue One L,West,Female,27,2,72,1
Blue One M,Littoral,Female,28,2,100,0
Blue One M,North West,Female,19,2,92,0
Blue One L,South,Female,28,2,119,1
Blue One L,South West,Female,28,0,126,1
Blue One L,South,Male,28,2,148,1
Blue One M,South West,Male,25,2,116,0
Blue One M,North,Male,19,2,85,1
Blue One M,West,Female,32,2,147,0
Blue One L,North,Male,22,3,179,0
Blue One M,Littoral,Male,28,2,104,1
Blue One S,South,Male,28,1,47,0
Blue One M,East,Female,23,2,134,0
Blue One L,East,Male,30,2,83,1
Blue One L,Littoral,Female,30,0,118,1
Blue One L,South West,Female,32,3,201,0
Blue One L,West,Male,31,3,166,0
Blue One L,Adamawa,Female,30,2,193,0
Blue One M,North,Male,21,2,95,0
Blue One L,Littoral,Male,27,2,185,0
Blue One L,Centre,Male,32,2,124,1
Blue One L,North,Female,29,0,115,1
Blue One L,South West,Male,29,2,96,1
Blue One L,West,Female,30,2,196,0
Blue One L,South,Female,25,2,204,0
Blue One L,Littoral,Male,26,0,112,1
Blue One L,Adamawa,Female,27,3,187,0
Blue One L,Centre,Female,27,2,200,0
Blue One L,East,Male,23,3,195,0
Blue One L,Littoral,Female,29,0,82,1
Blue One L,South West,Male,27,2,196,0
Blue One L,North West,Male,26,3,193,0
Blue One M,Littoral,Male,30,2,79,1
Blue One M,Far North,Female,28,0,73,1
Blue One S,Littoral,Female,20,2,21,0
Blue One M,South,Female,26,3,83,0
Blue One M,South West,Female,25,3,81,0
Blue One M,Centre,Female,20,2,79,0
Blue One M,Littoral,Female,21,0,77,1
Blue One M,North West,Female,23,2,88,0
Blue One L,North West,Female,28,3,187,0
Blue One L,Centre,Female,26,2,166,0
Blue One L,North,Female,33,3,203,0
Blue One L,North West,Male,29,3,196,0
Blue One L,Adamawa,Male,21,0,129,1
Blue One L,South West,Female,32,2,194,0
Blue One L,Far North,Male,26,2,207,0
Blue One M,East,Male,23,0,107,1
Blue One S,North,Female,23,1,21,0
Blue One S,Centre,Male,17,2,26,0
Blue One S,North,Male,22,2,19,0
Blue One M,East,Female,27,2,133,0
Blue One L,South West,Male,28,3,202,0
Blue One L,Littoral,Male,26,2,109,1
Blue One L,Far North,Female,24,3,207,0
Blue One L,East,Female,27,2,166,0
Blue One L,North West,Female,31,2,109,1
Blue One L,Littoral,Female,28,2,166,1
Blue One M,North,Female,20,3,85,0
Blue One L,Adamawa,Male,26,2,166,0
Blue One S,Far North,Male,23,2,37,0
Blue One L,East,Female,24,2,201,0
Blue One L,South West,Female,21,0,172,1
Blue One L,Littoral,Female,23,2,96,1
Blue One L,South,Female,28,2,200,0
Blue One L,Littoral,Male,21,2,85,1
Blue One L,Centre,Male,24,0,121,1
Blue One L,North,Male,21,2,199,1
Blue One S,West,Female,22,2,6,0
Blue One S,West,Female,17,1,6,0
Blue One M,West,Male,30,2,152,0
Blue One L,North,Male,26,0,86,1
Blue One L,Centre,Female,29,3,164,0
Blue One L,Centre,Male,29,0,76,1
Blue One L,Far North,Male,25,0,66,1
Blue One L,Centre,Male,28,2,193,0
Blue One L,West,Male,27,3,191,0
Blue One L,North West,Male,24,2,67,1
Blue One L,North,Male,27,0,165,1
Blue One L,North West,Female,23,2,181,0
Blue One L,North West,Female,27,3,178,0
Blue One L,Centre,Female,26,0,163,1
Blue One L,Adamawa,Female,31,2,135,1
Blue One L,North,Male,27,2,64,1
Blue One L,North,Female,33,2,77,1
Blue One L,South West,Male,25,3,181,0
Blue One L,West,Female,26,2,179,0
Blue One L,Adamawa,Female,26,0,84,1
Blue One L,East,Male,25,2,94,1
Blue One L,South West,Female,33,2,71,1
Blue One L,North,Male,28,2,85,1
Blue One L,North West,Female,27,0,120,1
Blue One L,Centre,Female,25,0,62,1
Blue One L,Littoral,Female,29,0,86,1
Blue One L,East,Male,26,2,112,1
Blue One M,West,Female,24,3,141,0
Blue One M,South West,Male,25,2,75,1
Blue One L,Adamawa,Male,27,2,85,1
Blue One L,South West,Female,28,0,75,1
Blue One L,North West,Female,28,2,128,1
Blue One L,South,Female,27,2,169,1
Blue One L,Centre,Male,29,2,207,0
Blue One L,Centre,Female,29,2,202,0
Blue One L,South West,Male,30,2,202,0
Blue One L,North West,Female,32,2,109,1
Blue One L,North,Male,26,3,184,0
Blue One L,South West,Male,27,3,202,0
Blue One L,Centre,Male,24,0,113,1
Blue One L,East,Female,29,3,187,0
Blue One L,North,Female,28,3,196,0
Blue One L,North,Male,29,0,91,1
Blue One M,Adamawa,Male,20,2,98,0
Blue One S,West,Female,28,2,21,0
Blue One S,South,Male,20,2,59,0
Blue One L,East,Male,29,3,170,0
Blue One M,South,Female,19,3,80,0
Blue One L,North,Male,28,2,110,1
Blue One M,South West,Male,23,2,97,0
Blue One L,North,Male,26,2,153,1
Blue One L,South West,Male,27,0,66,1
Blue One L,East,Female,28,2,138,1
Blue One S,East,Male,27,1,65,0
Blue One M,North,Female,25,2,108,0
Blue One M,North,Male,24,3,107,0
Blue One M,East,Female,21,3,116,0
Blue One L,South West,Female,25,3,179,0
Blue One M,Far North,Male,30,2,110,1
Blue One L,Centre,Female,29,3,174,0
Blue One M,South West,Male,25,3,98,0
Blue One M,Centre,Male,27,3,154,0
Blue One L,Littoral,Female,23,3,189,0
Blue One M,Far North,Male,20,0,82,1
Blue One L,Adamawa,Male,27,2,102,1
Blue One L,Centre,Male,26,3,207,0
Blue One L,West,Female,26,3,187,0
Blue One M,East,Male,25,2,146,0
Blue One L,South West,Female,21,2,133,1
Blue One M,East,Female,29,2,70,1
Blue One M,South West,Female,27,0,62,1
Blue One M,West,Male,27,2,146,0
Blue One M,South West,Female,21,0,77,1
Blue One L,South,Female,25,2,89,1
Blue One L,Littoral,Female,30,0,109,1
Blue One L,Littoral,Male,28,3,202,0
Blue One M,North,Male,23,2,135,0
Blue One L,Far North,Female,28,2,171,1
Blue One L,Littoral,Male,27,2,82,1
Blue One L,South,Female,27,2,167,1
Blue One L,South West,Female,25,0,109,1
Blue One L,North,Male,28,3,166,0
Blue One L,North,Male,22,3,172,0
Blue One L,Far North,Male,27,3,189,0
Blue One L,Centre,Male,27,2,193,0
Blue One M,North West,Male,25,0,98,1
Blue One M,Far North,Male,26,0,101,1
Blue One M,North,Male,20,0,129,1
Blue One L,Littoral,Male,26,0,102,1
Blue One M,West,Female,26,2,95,0
Blue One M,Far North,Male,30,2,79,1
Blue One L,Adamawa,Female,26,3,189,0
Blue One L,Littoral,Female,27,3,178,0
Blue One L,North,Female,27,0,91,1
Blue One L,North,Male,29,2,204,0
Blue One L,Far North,Male,28,2,73,1
Blue One M,North West,Male,26,2,65,1
Blue One M,West,Female,20,3,132,0
Blue One M,East,Female,20,2,104,1
Blue One S,North West,Male,18,1,46,0
Blue One M,Far North,Female,26,2,129,0
Blue One L,Centre,Female,27,2,112,1
Blue One L,South,Female,28,0,118,1
Blue One L,Adamawa,Male,26,2,187,0
Blue One L,Far North,Male,27,2,195,0
Blue One L,Littoral,Female,31,0,146,1
Blue One M,North West,Male,22,3,139,0
Blue One M,Littoral,Male,27,2,136,0
Blue One M,West,Female,31,2,142,0
Blue One L,East,Male,25,2,81,1
Blue One S,West,Male,25,1,46,0
Blue One S,South West,Female,23,1,30,0
Blue One L,Adamawa,Male,24,2,147,1
Blue One L,North,Male,27,2,179,0
Blue One M,North,Female,25,2,158,0
Blue One L,Adamawa,Male,24,2,165,0
Blue One L,Adamawa,Male,30,0,178,1
Blue One L,North West,Female,33,0,91,1
Blue One L,North,Male,31,0,64,1
Blue One L,Littoral,Male,24,3,201,0
Blue One L,South,Female,32,0,78,1
Blue One L,North,Male,26,0,89,1
Blue One L,South West,Female,26,2,186,0
Blue One L,South West,Male,26,2,181,1
Blue One M,South West,Female,27,0,100,1
Blue One L,South West,Female,22,3,178,0
Blue One L,West,Male,26,2,181,0
Blue One M,Adamawa,Female,23,3,127,0
Blue One M,South,Female,25,2,80,1
Blue One L,South West,Female,20,0,122,1
Blue One L,South,Male,25,0,114,1
Blue One M,North West,Male,26,2,103,1
Blue One L,South,Male,24,2,208,0
Blue One L,South,Male,32,2,117,1
Blue One L,North West,Male,25,2,108,1
Blue One L,Littoral,Female,33,0,99,1
Blue One M,North,Male,26,3,89,0
Blue One M,East,Female,21,0,92,1
Blue One M,Adamawa,Male,24,0,132,1
Blue One L,West,Male,24,3,204,0
Blue One L,Adamawa,Female,28,0,99,1
Blue One M,Adamawa,Male,25,2,110,0
Blue One M,East,Male,30,2,144,0
Blue One L,Adamawa,Male,21,2,178,0
Blue One L,West,Female,31,2,142,1
Blue One L,North West,Female,24,3,182,0
Blue One L,East,Male,22,2,178,0
Blue One L,East,Male,26,2,178,0
Blue One L,Centre,Female,19,0,105,1
Blue One L,Littoral,Male,24,2,69,1
Blue One L,North West,Female,21,0,91,1
Blue One M,South West,Male,27,2,129,0
Blue One M,South,Male,29,0,123,1
Blue One L,South,Male,25,2,91,1
Blue One L,West,Female,28,0,86,1
Blue One L,South West,Male,31,2,99,1
Blue One L,Adamawa,Male,30,2,75,1
Blue One L,Far North,Female,27,3,195,0
Blue One L,West,Male,27,2,98,1
Blue One L,Adamawa,Male,25,2,181,1
Blue One L,Littoral,Male,29,3,195,0
Blue One L,South,Female,24,0,179,1
Blue One L,Adamawa,Female,27,2,206,0
Blue One L,Far North,Male,30,3,203,0
Blue One L,Littoral,Female,24,2,133,1
Blue One L,Adamawa,Male,28,0,75,1
Blue One L,South,Female,24,2,185,0
Blue One L,South,Male,27,2,202,0
Blue One L,North West,Female,27,2,202,0
Blue One L,Littoral,Female,23,2,184,1
Blue One L,West,Male,27,2,193,1
Blue One L,Centre,Female,27,3,195,0
Blue One L,North West,Male,26,2,172,1
Blue One L,South West,Female,23,2,67,1
Blue One L,Centre,Female,32,0,105,1
Blue One M,East,Female,24,2,90,1
Blue One L,East,Female,28,2,186,0
Blue One L,West,Female,29,2,82,1
Blue One L,Centre,Male,32,2,195,0
Blue One S,West,Female,23,2,24,0
Blue One S,South West,Female,24,1,39,0
Blue One M,North West,Female,27,0,110,1
Blue One L,Adamawa,Female,27,2,199,0
Blue One L,Littoral,Male,21,0,124,1
Blue One L,East,Male,30,2,173,0
Blue One L,North,Female,23,2,63,1
Blue One L,Centre,Female,27,2,113,1
Blue One M,North West,Male,27,3,124,0
Blue One M,North,Male,24,3,140,0
Blue One M,West,Female,28,0,137,1
Blue One M,Far North,Male,29,2,93,1
Blue One M,East,Male,25,2,162,0
Blue One M,North West,Female,26,0,129,1
Blue One L,Adamawa,Male,25,0,63,1
Blue One L,Far North,Male,26,3,193,0
Blue One L,South,Female,27,2,189,0
Blue One M,West,Female,26,0,116,1
Blue One M,West,Male,26,3,138,0
Blue One L,South West,Male,28,3,199,0
Blue One L,Littoral,Male,22,2,195,0
Blue One L,Littoral,Female,26,0,157,1
Blue One L,Adamawa,Female,27,2,144,1
Blue One M,East,Female,23,2,124,0
Blue One M,Far North,Male,23,2,73,1
Blue One L,Adamawa,Male,30,2,188,0
Blue One L,East,Male,23,0,88,1
Blue One L,West,Male,27,0,62,1
Blue One L,North,Male,30,0,96,1
Blue One M,Centre,Female,28,2,91,1
Blue One M,South,Female,18,0,136,1
Blue One L,East,Female,24,2,200,1
Blue One M,Littoral,Female,20,2,95,0
Blue One M,West,Female,21,0,83,1
Blue One L,West,Male,23,0,108,1
Blue One L,North West,Female,26,2,203,0
Blue One L,North,Male,27,3,204,0
Blue One L,South,Male,23,2,122,1
Blue One L,North West,Female,27,2,152,1
Blue One L,Centre,Female,21,0,118,1
Blue One L,West,Female,23,2,138,1
Blue One M,North West,Male,24,2,91,1
Blue One S,Littoral,Female,22,2,39,0
Blue One M,Centre,Female,22,2,81,0
Blue One M,Centre,Female,23,2,91,1
Blue One S,Adamawa,Male,19,1,16,0
Blue One M,Centre,Male,22,2,131,1
Blue One M,North,Male,23,2,123,1
Blue One M,Adamawa,Male,26,2,117,0
Blue One L,Adamawa,Female,29,2,135,1
Blue One L,Littoral,Male,26,2,91,1
Blue One M,East,Male,27,2,139,0
Blue One M,East,Female,27,2,143,0
Blue One M,South West,Female,22,2,146,0
Blue One S,North West,Male,26,2,56,0
Blue One M,North,Male,19,2,82,0
Blue One S,South West,Male,23,2,74,0
Blue One M,North,Male,24,2,84,0
Blue One M,South West,Female,17,3,126,0
Blue One M,Adamawa,Female,26,0,82,1
Blue One M,Far North,Female,20,2,76,1
Blue One M,Far North,Male,23,2,104,0
Blue One M,South,Male,29,3,133,0
Blue One M,East,Male,26,2,111,0
Blue One M,West,Female,30,3,89,0
Blue One S,North West,Male,26,2,34,0
Blue One M,West,Male,21,2,115,1
Blue One M,East,Female,27,0,123,1
Blue One M,Littoral,Male,26,0,81,1
Blue One M,Adamawa,Male,25,0,69,1
Blue One L,North,Female,28,0,64,1
Blue One L,North,Male,22,3,203,0
Blue One S,South West,Female,27,2,30,0
Blue One L,Littoral,Female,20,2,93,1
Blue One L,North West,Male,27,2,155,1
Blue One L,Adamawa,Male,24,2,187,0
Blue One L,Adamawa,Female,28,2,88,1
Blue One L,South,Female,28,2,180,0
Blue One L,South West,Male,32,2,131,1
Blue One L,East,Male,22,0,72,1
Blue One L,West,Female,31,2,195,0
Blue One L,Far North,Female,24,3,189,0
Blue One L,North West,Male,24,0,146,1
Blue One L,East,Male,25,3,186,0
Blue One L,Far North,Female,20,3,167,0
Blue One L,Centre,Female,24,3,167,0
Blue One L,North West,Female,23,2,63,1
Blue One M,West,Female,25,2,97,0
Blue One L,Littoral,Male,24,3,195,0
Blue One M,East,Female,32,3,140,0
Blue One L,North West,Female,21,0,82,1
Blue One L,East,Male,23,3,167,0
Blue One M,Adamawa,Female,24,2,65,1
Blue One L,Far North,Female,33,2,66,1
Blue One M,South,Female,25,2,147,0
Blue One M,North West,Male,27,0,157,1
Blue One L,East,Male,19,2,110,1
Blue One L,Far North,Male,30,2,186,0
Blue One L,Centre,Male,29,2,109,1
Blue One L,Littoral,Male,25,0,82,1
Blue One L,Far North,Male,28,3,188,0
Blue One L,North,Male,25,2,108,1
Blue One L,North West,Female,29,3,187,0
Blue One L,South,Male,32,3,187,0
Blue One M,Far North,Male,21,0,62,1
Blue One S,Centre,Male,20,1,26,0
Blue One M,Centre,Female,28,2,125,0
Blue One M,Adamawa,Male,31,2,63,1
Blue One M,North,Female,25,2,130,1
Blue One L,Adamawa,Female,26,2,172,0
Blue One L,South West,Male,28,3,182,0
Blue One M,North West,Female,24,3,87,0
Blue One M,Far North,Male,21,3,106,0
Blue One L,Adamawa,Male,29,2,118,1
Blue One L,Centre,Male,28,2,167,0
Blue One M,North West,Female,24,3,104,0
Blue One L,Littoral,Female,28,2,180,1
Blue One L,South West,Female,29,2,130,1
Blue One L,West,Female,20,2,179,0
Blue One L,West,Female,27,2,179,0
Blue One L,North West,Male,28,0,65,1
Blue One L,North West,Male,29,2,195,0
Blue One L,West,Male,25,2,102,1
Blue One L,Adamawa,Female,27,3,185,0
Blue One L,West,Female,23,3,193,0
Blue One L,Centre,Female,25,2,188,0
Blue One L,Far North,Female,29,3,181,0
Blue One L,South,Female,28,3,188,0
Blue One L,East,Male,23,0,121,1
Blue One S,Littoral,Male,23,1,42,0
Blue One S,North West,Female,19,2,9,0
Blue One L,East,Female,28,2,207,0
Blue One L,West,Female,26,0,129,1
Blue One L,Centre,Female,27,3,202,0
Blue One L,Centre,Male,27,2,139,1
Blue One L,South,Male,30,0,143,1
Blue One L,South,Female,33,0,68,1
Blue One L,Far North,Female,26,2,200,0
Blue One L,North West,Male,29,3,179,0
Blue One M,North,Male,24,0,101,1
Blue One L,Adamawa,Female,23,2,156,1
Blue One L,Littoral,Female,27,0,90,1
Blue One L,North West,Male,25,2,148,1
Blue One L,South West,Female,27,2,189,0
Blue One L,East,Male,25,0,67,1
Blue One L,West,Female,24,3,196,0
Blue One L,Centre,Female,27,3,205,0
Blue One L,Adamawa,Female,27,3,166,0
Blue One L,North,Male,26,2,201,0
Blue One L,South,Female,27,0,111,1
Blue One L,South,Male,23,2,207,0
Blue One L,South West,Male,31,3,206,0
Blue One M,South West,Male,28,2,116,0
Blue One M,Adamawa,Female,21,2,132,0
Blue One M,North,Female,24,2,115,1
Blue One M,West,Female,30,3,130,0
Blue One M,South,Male,29,2,150,0
Blue One M,North,Male,24,3,143,0
Blue One M,Centre,Male,24,2,102,1
Blue One L,South,Male,30,2,180,0
Blue One L,Littoral,Female,30,2,206,0
Blue One L,Littoral,Female,29,0,106,1
Blue One M,North,Male,24,2,151,0
Blue One M,Centre,Male,27,2,143,0
Blue One L,West,Female,30,3,196,0
Blue One L,North,Male,33,0,200,1
Blue One L,Littoral,Male,27,2,90,1
Blue One L,North,Female,22,0,168,1
Blue One L,Centre,Female,29,2,91,1
Blue One M,Littoral,Female,25,3,123,0
Blue One L,Centre,Male,24,2,89,1
Blue One L,Centre,Male,26,3,193,0
Blue One L,Centre,Male,33,0,80,1
Blue One M,Centre,Male,22,2,98,0
Blue One L,South West,Male,23,2,202,0
Blue One L,North West,Male,31,2,182,0
Blue One L,South West,Female,30,2,196,0
Blue One L,North West,Male,29,2,202,0
Blue One L,East,Male,28,0,91,1
Blue One L,Centre,Female,29,3,201,0
Blue One L,North West,Female,25,0,183,1
Blue One L,East,Male,31,2,196,0
Blue One M,Centre,Male,30,0,125,1
Blue One L,South,Female,24,3,188,0
Blue One L,North West,Female,28,3,188,0
Blue One L,North,Female,26,2,203,1
Blue One L,Far North,Male,26,2,179,1
Blue One L,East,Male,28,2,120,1
Blue One L,Centre,Male,28,2,191,1
Blue One L,West,Female,31,2,160,1
Blue One L,Centre,Male,32,2,202,0
Blue One L,Littoral,Male,26,3,203,0
Blue One L,Adamawa,Female,24,0,108,1
Blue One L,North,Male,25,2,188,1
Blue One L,East,Female,33,0,176,1
Blue One L,South West,Female,23,2,194,0
Blue One L,Centre,Male,30,2,177,1
Blue One L,Far North,Male,30,2,99,1
Blue One L,Centre,Female,33,0,61,1
Blue One L,North West,Female,27,0,78,1
Blue One L,North,Male,28,3,189,0
Blue One L,North West,Male,24,0,155,1
Blue One L,Centre,Male,26,3,189,0
Blue One L,South,Male,25,2,196,0
Blue One L,South West,Female,25,3,200,0
Blue One L,Centre,Female,23,3,199,0
Blue One L,Littoral,Female,26,0,179,1
Blue One L,North West,Female,24,0,175,1
Blue One L,East,Male,29,2,189,0
Blue One L,Centre,Male,29,2,201,0
Blue One L,Littoral,Female,30,2,91,1
Blue One L,North West,Male,27,3,195,0
Blue One S,Littoral,Female,18,1,20,0
Blue One L,East,Female,26,2,195,0
Blue One L,North West,Female,22,3,168,0
Blue One L,North,Male,24,3,179,0
Blue One L,West,Female,30,2,95,1
Blue One L,North,Male,25,3,185,0
Blue One L,North,Female,23,2,80,1
Blue One M,East,Male,27,2,157,0
Blue One M,West,Female,26,2,114,0
Blue One S,Far North,Female,22,1,50,0
Blue One M,Adamawa,Male,26,0,128,1
Blue One M,Far North,Male,26,3,158,0
Blue One M,North,Male,26,2,159,0
Blue One M,South,Female,22,3,161,0
Blue One M,South,Female,27,2,157,0
Blue One M,East,Male,24,0,123,1
Blue One M,Adamawa,Male,28,2,159,0
Blue One M,Far North,Female,26,2,119,1
Blue One M,Adamawa,Male,23,3,75,0
Blue One M,Far North,Female,23,3,149,0
Blue One M,East,Female,26,3,149,0
Blue One M,Far North,Male,22,2,62,1
Blue One M,East,Male,27,2,159,0
Blue One M,Adamawa,Male,31,2,150,0
Blue One M,Far North,Male,23,2,78,1
Blue One M,Far North,Male,25,3,155,0
Blue One M,Centre,Female,23,2,150,0
Blue One M,West,Female,25,2,157,0
Blue One M,Far North,Male,24,2,149,0
Blue One M,Far North,Male,23,2,139,0
Blue One M,Centre,Female,28,2,105,1
Blue One M,West,Female,23,0,131,1
Blue One M,Littoral,Male,22,2,63,1
Blue One M,South,Male,24,0,78,1
Blue One M,West,Male,26,2,128,1
Blue One M,Littoral,Female,22,0,111,1
Blue One M,Littoral,Female,25,2,146,0
Blue One M,Far North,Male,28,3,142,0
Blue One M,Centre,Female,26,2,107,1
Blue One M,Far North,Female,29,2,122,1
Blue One M,East,Male,24,3,150,0
Blue One M,East,Female,20,3,147,0
Blue One M,East,Male,27,2,61,1
Blue One M,South West,Female,25,2,115,1
Blue One M,West,Male,24,2,144,0
Blue One M,Adamawa,Male,30,3,149,0
Blue One M,South West,Female,26,2,150,0
Blue One M,Centre,Female,27,0,124,1
Blue One M,South West,Male,27,3,111,0
Blue One M,Far North,Male,23,2,123,0
Blue One M,Far North,Male,28,3,116,0
Blue One M,South West,Female,26,2,107,1
Blue One M,North,Male,23,2,107,1
Blue One M,Littoral,Female,19,0,72,1
Blue One M,Far North,Male,25,2,98,1
Blue One M,North,Male,25,2,124,0
Blue One M,Adamawa,Male,25,3,124,0
Blue One M,West,Male,26,0,90,1
Blue One M,Adamawa,Female,31,2,110,1
Blue One M,West,Male,28,3,116,0
Blue One M,Far North,Female,27,2,67,1
Blue One M,Adamawa,Female,24,2,100,1
Blue One M,Centre,Male,23,3,124,0
Blue One M,North,Male,23,2,85,1
Blue One M,North West,Male,28,2,107,0
Blue One M,North,Male,29,2,89,1
Blue One M,West,Female,22,2,61,1
Blue One M,East,Female,23,0,66,1
Blue One M,Centre,Female,20,2,125,0
Blue One M,Centre,Female,24,2,129,0
Blue One M,Littoral,Female,30,0,77,1
Blue One M,Littoral,Male,25,0,106,1
Blue One M,North,Female,28,0,79,1
Blue One M,East,Male,29,2,61,1
Blue One M,North,Male,22,2,100,0
Blue One M,Far North,Male,27,0,129,1
Blue One M,Littoral,Female,20,3,116,0
Blue One M,East,Female,24,0,101,1
Blue One M,West,Female,19,2,78,1
Blue One M,East,Male,24,3,130,0
Blue One M,Adamawa,Male,31,2,98,1
Blue One M,North,Male,28,2,142,0
Blue One M,South West,Male,26,2,143,0
Blue One M,Far North,Female,26,3,115,0
Blue One M,North West,Male,19,3,76,0
Blue One M,South,Male,19,2,87,1
Blue One M,Far North,Female,25,3,133,0
Blue One M,North West,Female,28,2,130,0
Blue One M,North,Male,25,2,91,1
Blue One M,Littoral,Female,22,3,137,0
Blue One L,North West,Female,26,3,181,0
Blue One L,North,Male,25,0,88,1
Blue One L,North,Male,26,2,165,0
Blue One L,South,Male,28,2,168,1
Blue One L,Far North,Male,23,3,173,0
Blue One L,South,Female,22,3,189,0
Blue One L,North,Male,23,0,91,1
Blue One L,East,Male,29,0,84,1
Blue One L,Far North,Male,26,2,185,0
Blue One M,East,Female,24,3,161,0
Blue One L,South West,Male,25,2,186,0
Blue One L,Centre,Male,26,2,179,1
Blue One L,East,Female,27,0,172,1
Blue One M,East,Male,24,2,91,0
Blue One M,East,Female,25,2,96,1
Blue One M,South,Male,26,3,147,0
Blue One L,North West,Female,27,2,153,1
Blue One L,Littoral,Male,33,0,179,1
Blue One L,West,Male,19,2,184,0
Blue One L,Centre,Male,24,0,121,1
Blue One L,North West,Male,25,2,177,0
Blue One L,Centre,Female,22,2,135,1
Blue One L,North,Female,26,3,170,0
Blue One M,South West,Male,26,3,152,0
Blue One M,East,Female,28,3,146,0
Blue One S,East,Female,19,1,13,0
Blue One L,Littoral,Male,21,0,91,1
Blue One L,North,Male,33,3,182,0
Blue One M,East,Female,21,2,81,0
Blue One M,North,Male,25,3,162,0
Blue One L,Littoral,Female,21,2,94,1
Blue One L,South West,Female,21,2,86,1
Blue One L,Littoral,Male,30,3,171,0
Blue One L,South West,Male,26,2,175,0
Blue One M,North,Male,26,3,129,0
Blue One L,Far North,Male,26,0,114,1
Blue One L,North West,Female,20,2,175,0
Blue One L,Centre,Female,20,3,180,0
Blue One L,South,Male,29,3,175,0
Blue One L,Adamawa,Female,28,0,176,1
Blue One M,South,Female,23,2,111,0
Blue One M,South West,Female,30,3,122,0
Blue One M,South West,Female,24,2,102,1
Blue One M,North,Male,25,2,93,1
Blue One M,South West,Male,27,2,156,0
Blue One M,East,Female,29,0,145,1
Blue One M,Littoral,Male,23,0,89,1
Blue One M,Centre,Female,27,0,87,1
Blue One L,Centre,Female,29,2,178,0
Blue One L,Centre,Male,23,2,81,1
Blue One S,Adamawa,Male,19,2,55,0
Blue One M,North,Male,24,3,164,0
Blue One M,Adamawa,Female,27,2,151,0
Blue One L,North West,Male,24,0,110,1
Blue One M,Centre,Male,24,2,147,0
Blue One M,South,Male,22,2,89,1
Blue One M,East,Female,25,0,94,1
Blue One L,West,Female,25,2,79,1
Blue One M,North,Male,21,2,160,0
Blue One L,Centre,Female,28,0,119,1
Blue One M,South West,Male,30,2,158,1
Blue One L,Far North,Male,26,3,172,0
Blue One L,North West,Male,24,2,148,1
Blue One L,Far North,Male,28,2,195,0
Blue One L,East,Female,26,2,191,0
Blue One L,Littoral,Male,25,2,193,0
Blue One L,North,Male,33,2,61,1
Blue One L,East,Female,27,0,183,1
Blue One L,Centre,Male,26,2,192,0
Blue One L,Far North,Male,25,0,95,1
Blue One L,Far North,Male,24,2,84,1
Blue One L,West,Male,32,2,188,0
Blue One L,Adamawa,Female,26,0,63,1
Blue One L,West,Male,33,0,145,1
Blue One M,Adamawa,Male,23,2,66,1
Blue One M,East,Female,22,0,139,1
Blue One L,South West,Female,26,2,77,1
Blue One M,Littoral,Female,24,0,70,1
Blue One M,East,Male,22,3,158,0
Blue One M,South,Female,20,3,152,0
Blue One L,West,Female,21,0,122,1
Blue One L,South,Male,29,3,181,0
Blue One L,West,Male,29,2,182,0
Blue One M,East,Female,22,3,147,0
Blue One L,Littoral,Female,29,2,175,0
Blue One L,Far North,Male,25,0,108,1
Blue One L,South,Female,26,2,86,1
Blue One L,South West,Male,26,3,184,0
Blue One L,North West,Female,23,0,159,1
Blue One L,Far North,Male,30,2,187,0
Blue One L,South,Male,24,0,155,1
Blue One L,Far North,Male,28,2,192,0
Blue One L,Centre,Male,22,0,124,1
Blue One M,Far North,Male,24,2,163,0
Blue One L,Adamawa,Female,28,0,62,1
Blue One M,Centre,Male,26,2,94,1
Blue One M,South,Male,23,2,154,0
Blue One M,Littoral,Female,20,2,136,0
Blue One L,South,Female,29,2,185,0
Blue One L,Littoral,Male,24,0,149,1
Blue One L,Littoral,Male,28,2,186,0
Blue One L,Littoral,Male,28,2,182,0
Blue One M,North,Female,25,3,161,0
Blue One L,South West,Male,26,0,79,1
Blue One M,Far North,Female,28,3,77,0
Blue One M,North,Female,24,2,76,0
Blue One M,South,Female,23,0,86,1
Blue One M,Adamawa,Male,23,2,95,1
Blue One M,Far North,Male,22,2,75,1
Blue One M,Littoral,Female,25,2,100,0
Blue One M,North West,Male,21,2,101,1
Blue One M,West,Female,21,3,108,0
Blue One M,Littoral,Male,21,2,99,0
Blue One M,Littoral,Male,25,2,105,0
Blue One M,Centre,Male,30,2,85,1
Blue One M,North West,Male,21,2,91,1
Blue One M,South,Male,24,3,117,0
Blue One M,North West,Male,26,2,115,0
Blue One M,West,Male,25,2,115,0
Blue One M,Adamawa,Female,23,2,68,1
Blue One M,Adamawa,Female,30,0,96,1
Blue One M,South,Female,33,2,161,0
Blue One M,Adamawa,Male,23,2,152,1
Blue One M,East,Male,29,2,156,0
Blue One M,Littoral,Male,27,3,145,0
Blue One M,South,Female,21,0,112,1
Blue One M,West,Male,28,0,144,1
Blue One M,South West,Male,24,2,148,0
Blue One M,East,Male,24,0,117,1
Blue One M,Centre,Male,28,0,63,1
Blue One M,North,Male,22,2,160,0
Blue One M,West,Female,26,3,85,0
Blue One M,South,Male,23,3,159,0
Blue One M,North West,Male,29,2,67,1
Blue One M,North West,Male,28,2,128,0
Blue One M,East,Female,24,3,96,0
Blue One M,North West,Female,28,2,151,0
Blue One M,South West,Male,28,0,124,1
Blue One M,Centre,Female,30,2,68,1
Blue One M,South West,Female,27,2,86,1
Blue One M,Adamawa,Female,26,3,152,0
Blue One M,South West,Male,33,3,152,0
Blue One M,Far North,Female,22,2,150,0
Blue One M,North West,Male,25,2,94,1
Blue One M,East,Female,23,3,134,0
Blue One L,South West,Female,26,0,82,1
Blue One M,Centre,Female,23,2,164,0
Blue One L,Littoral,Male,29,2,132,1
Blue One M,South,Male,20,2,126,1
Blue One L,Far North,Male,24,0,134,1
Blue One L,Far North,Female,31,3,179,0
Blue One M,East,Male,19,3,83,0
Blue One L,West,Male,29,0,72,1
Blue One S,Far North,Male,18,2,51,0
Blue One L,West,Male,31,0,172,1
Blue One L,West,Male,26,0,63,1
Blue One L,Centre,Male,25,3,178,0
Blue One L,Far North,Male,31,3,178,0
Blue One L,South West,Female,29,2,173,0
Blue One M,East,Female,24,2,141,1
Blue One L,Centre,Male,27,2,91,1
Blue One L,Far North,Female,26,2,174,0
Blue One L,North,Male,25,3,172,0
Blue One L,North West,Female,26,3,172,0
Blue One L,Far North,Male,28,3,171,0
Blue One L,North,Male,25,2,81,1
Blue One S,West,Female,19,1,37,0
Blue One M,North,Male,29,2,136,0
Blue One M,North,Male,24,0,95,1
Blue One M,North West,Female,25,0,130,1
Blue One M,Far North,Female,25,0,124,1
Blue One M,East,Male,30,2,90,1
Blue One M,South West,Female,24,0,64,1
Blue One M,North West,Male,25,2,126,1
Blue One M,Littoral,Male,21,0,89,1
Blue One M,North,Male,27,3,134,0
Blue One M,North West,Female,24,3,118,0
Blue One M,West,Male,27,3,118,0
Blue One M,Littoral,Male,23,3,125,0
Blue One M,Littoral,Female,28,2,125,0
Blue One M,South,Female,24,2,77,1
Blue One M,North,Male,24,2,132,0
Blue One M,Centre,Male,21,0,91,1
Blue One M,North,Male,26,3,117,0
Blue One M,West,Female,28,2,113,1
Blue One M,Adamawa,Male,27,0,93,1
Blue One M,Adamawa,Male,23,2,157,0
Blue One M,Littoral,Female,25,3,152,0
Blue One M,East,Female,29,2,62,1
Blue One M,Far North,Male,22,2,136,0
Blue One M,North,Male,24,3,157,0
Blue One M,North West,Male,24,0,106,1
Blue One M,Centre,Female,29,3,145,0
Blue One M,Far North,Male,24,0,112,1
Blue One M,Adamawa,Male,23,2,150,0
Blue One M,South,Male,25,2,157,0
Blue One M,West,Male,22,2,145,0
Blue One M,North West,Female,28,2,153,0
Blue One M,Adamawa,Male,24,3,150,0
Blue One M,Centre,Female,25,3,150,0
Blue One M,North West,Male,20,2,150,1
Blue One M,South West,Female,25,3,153,0
Blue One M,Littoral,Female,21,3,152,0
Blue One M,North West,Female,22,3,135,0
Blue One M,North,Female,26,2,74,1
Blue One M,Littoral,Male,22,2,136,0
Blue One M,Far North,Male,21,2,103,0
Blue One M,South West,Male,23,0,94,1
Blue One M,Adamawa,Female,29,2,73,1
Blue One M,South West,Female,23,0,65,1
Blue One M,Littoral,Female,20,3,115,0
Blue One S,South,Male,20,1,13,0
Blue One S,Adamawa,Male,17,2,48,0
Blue One S,South West,Female,18,2,54,0
Blue One M,South,Female,25,0,88,1
Blue One M,Littoral,Female,24,0,63,1
Blue One S,West,Male,24,2,24,0
Blue One M,South,Male,25,2,87,1
Blue One M,South,Male,22,0,122,1
Blue One M,South,Male,20,2,145,0
Blue One M,Centre,Male,26,2,143,0
Blue One M,North West,Female,27,0,122,1
Blue One M,Far North,Male,26,0,111,1
Blue One M,Far North,Male,27,2,67,1
Blue One M,North,Male,24,3,159,0
Blue One M,Centre,Male,27,0,121,1
Blue One M,East,Male,26,2,68,1
Blue One M,South West,Female,25,2,154,0
Blue One M,Adamawa,Male,25,0,120,1
Blue One M,Far North,Male,24,2,148,1
Blue One M,East,Male,26,3,143,0
Blue One M,South,Male,28,2,140,1
Blue One M,Centre,Female,25,3,144,0
Blue One M,Centre,Male,29,2,148,1
Blue One M,Far North,Male,23,3,153,0
Blue One M,Far North,Female,24,2,151,0
Blue One M,North,Male,20,0,61,1
Blue One M,Adamawa,Female,22,2,96,1
Blue One M,North,Male,30,2,107,0
Blue One M,North West,Female,30,2,106,1
Blue One M,Adamawa,Female,21,3,150,0
Blue One M,East,Male,27,0,91,1
Blue One M,Littoral,Female,23,3,143,0
Blue One L,South,Male,30,3,181,0
Blue One M,North,Female,27,2,62,1
Blue One L,East,Female,31,3,180,0
Blue One L,Littoral,Female,28,2,173,1
Blue One L,East,Male,26,3,169,0
Blue One L,North,Male,27,2,125,1
Blue One L,East,Male,28,3,182,0
Blue One L,North,Female,28,2,180,0
Blue One L,North,Male,26,2,101,1
Blue One M,Far North,Female,30,3,160,0
Blue One L,North West,Female,28,2,182,0
Blue One M,South West,Female,22,3,97,0
Blue One L,Littoral,Male,29,3,180,0
Blue One L,North West,Female,25,2,180,0
Blue One L,Littoral,Female,28,2,182,0
Blue One L,North,Male,25,2,137,1
Blue One L,Far North,Male,24,2,78,1
Blue One L,Littoral,Male,28,3,179,0
Blue One L,Far North,Male,31,0,116,1
Blue One L,South West,Female,25,2,183,0
Blue One L,Littoral,Female,29,0,178,1
Blue One L,Centre,Male,24,0,121,1
Blue One L,East,Female,30,0,112,1
Blue One L,East,Female,25,2,179,0
Blue One L,Far North,Male,31,2,63,1
Blue One M,Far North,Female,23,2,121,1
Blue One L,East,Male,29,0,174,1
Blue One L,North,Male,32,2,176,1
Blue One L,East,Female,28,2,155,1
Blue One L,North,Male,24,0,173,1
Blue One L,Littoral,Male,27,2,182,0
Blue One L,West,Male,26,0,71,1
Blue One L,Adamawa,Female,30,3,169,0
Blue One L,Far North,Male,26,2,143,1
Blue One L,South West,Female,26,2,178,0
Blue One L,North,Male,26,2,85,1
Blue One L,North,Male,22,3,182,0
Blue One L,Centre,Male,24,0,168,1
Blue One L,Littoral,Female,28,3,181,0
Blue One L,Adamawa,Female,28,2,177,1
Blue One L,North West,Male,22,2,73,1
Blue One L,South West,Female,26,2,80,1
Blue One L,West,Male,27,2,151,1
Blue One L,Centre,Female,31,0,62,1
Blue One L,North West,Female,26,2,139,1
Blue One S,Centre,Male,27,1,68,0
Blue One L,Adamawa,Female,28,2,63,1
Blue One L,Adamawa,Male,31,0,141,1
Blue One L,North West,Male,28,2,130,1
Blue One L,Littoral,Male,24,3,175,0
Blue One L,South West,Female,23,2,98,1
Blue One L,North West,Female,26,2,127,1
Blue One M,North,Female,28,2,80,1
Blue One L,West,Female,30,3,178,0
Blue One L,North,Female,28,2,178,0
Blue One L,Centre,Male,29,0,134,1
Blue One L,Adamawa,Female,26,2,89,1
Blue One L,North West,Male,23,3,176,0
Blue One L,Far North,Male,31,2,122,1
Blue One M,North West,Female,24,2,93,1
Blue One M,East,Female,25,2,88,1
Blue One L,Far North,Male,31,2,99,1
Blue One L,Far North,Male,24,2,67,1
Blue One L,South West,Male,25,0,118,1
Blue One L,Adamawa,Male,26,3,168,0
Blue One L,Far North,Male,25,0,68,1
Blue One L,North West,Female,25,2,168,0
Blue One L,South West,Male,23,2,166,0
Blue One M,Centre,Female,22,3,164,0
Blue One M,North,Female,26,3,149,0
Blue One M,Centre,Male,18,2,163,0
Blue One M,West,Female,26,2,98,1
Blue One L,Littoral,Male,24,2,83,1
Blue One L,North West,Male,30,3,172,0
Blue One L,Littoral,Male,23,0,124,1
Blue One L,West,Female,22,2,172,0
Blue One L,Centre,Female,26,3,166,0
Blue One L,Centre,Female,31,2,137,1
Blue One L,Centre,Male,24,3,166,0
Blue One L,East,Male,24,0,74,1
Blue One L,North West,Male,26,3,166,0
Blue One L,South West,Female,28,2,132,1
Blue One L,Adamawa,Female,24,0,125,1
Blue One L,Littoral,Female,20,3,169,0
Blue One L,South West,Male,21,2,169,0
Blue One L,North,Male,26,2,139,1
Blue One M,Adamawa,Male,22,3,159,0
Blue One M,Adamawa,Male,24,2,66,1
Blue One L,South West,Male,27,0,62,1
Blue One L,Far North,Female,23,0,160,1
Blue One L,East,Male,29,2,171,0
Blue One L,Far North,Female,26,3,166,0
Blue One L,South,Male,29,0,162,1
Blue One L,West,Male,28,0,78,1
Blue One L,Adamawa,Female,32,2,171,0
Blue One L,Centre,Female,27,2,169,0
Blue One M,Littoral,Male,27,3,154,0
Blue One M,South,Female,24,3,116,0
Blue One L,Adamawa,Female,26,3,167,0
Blue One L,North,Female,25,2,79,1
Blue One L,South,Female,30,2,169,0
Blue One M,Littoral,Female,27,2,160,0
Blue One M,Far North,Male,26,2,151,1
Blue One M,South West,Male,26,2,85,1
Blue One L,North West,Female,32,3,172,0
Blue One L,Littoral,Male,22,2,120,1
Blue One L,South West,Male,20,3,172,0
Blue One L,West,Male,23,3,170,0
Blue One L,South West,Female,27,0,144,1
Blue One L,North,Male,23,2,147,1
Blue One M,North,Male,21,0,78,1
Blue One M,South,Female,25,2,102,1
Blue One L,Centre,Male,30,3,170,0
Blue One L,West,Male,25,2,170,1
Blue One L,South,Male,27,0,157,1
Blue One L,Adamawa,Female,24,2,169,0
Blue One L,Adamawa,Female,23,2,173,0
Blue One L,South West,Female,21,2,131,1
Blue One L,West,Male,28,0,73,1
Blue One L,East,Male,28,3,173,0
Blue One L,North West,Female,27,3,173,0
Blue One L,North West,Female,27,0,172,1
Blue One L,South,Female,25,2,173,0
Blue One L,East,Male,22,3,173,0
Blue One L,Far North,Male,29,2,74,1
Blue One L,Centre,Female,20,2,171,0
Blue One L,East,Female,30,2,172,0
Blue One L,Adamawa,Male,24,0,127,1
Blue One L,Adamawa,Female,26,2,98,1
Blue One L,West,Male,29,3,172,0
Blue One L,West,Female,24,3,172,0
Blue One L,North West,Female,23,2,172,0
Blue One L,North West,Male,31,2,172,0
Blue One L,East,Female,28,0,152,1
Blue One L,South West,Male,27,3,171,0
Blue One M,West,Male,22,0,63,1
Blue One L,Far North,Male,25,2,172,0
Blue One L,South,Male,26,0,121,1
Blue One L,North,Male,23,0,104,1
Blue One L,East,Male,24,0,128,1
Blue One L,East,Female,30,2,169,0
Blue One L,West,Female,30,0,67,1
Blue One M,Centre,Male,26,2,153,1
Blue One L,South West,Male,28,2,172,0
Blue One L,Littoral,Female,25,2,172,0
Blue One L,East,Female,26,0,88,1
Blue One M,Littoral,Female,22,0,111,1
Blue One L,South West,Female,23,0,114,1
Blue One L,West,Female,24,3,172,0
Blue One L,Centre,Female,26,0,129,1
Blue One M,West,Male,29,3,155,0
Blue One M,Littoral,Male,33,2,156,0
Blue One M,South,Female,26,2,119,1
Blue One M,East,Male,27,0,69,1
Blue One L,Far North,Male,28,0,94,1
Blue One L,North West,Female,28,2,94,1
Blue One L,South West,Female,29,2,85,1
Blue One M,West,Female,21,2,161,0
Blue One M,South,Male,32,3,162,0
Blue One M,Littoral,Male,30,3,164,0
Blue One M,South West,Male,24,3,159,0
Blue One M,Adamawa,Male,24,2,80,1
Blue One M,Littoral,Male,19,2,62,1
Blue One S,Centre,Male,26,1,40,0
Blue One L,Adamawa,Male,30,0,110,1
Blue One M,South West,Female,30,2,157,0
Blue One L,North,Male,24,2,86,1
Blue One L,West,Female,28,0,83,1
Blue One M,North,Male,31,3,160,0
Blue One M,Adamawa,Female,18,2,117,0
Blue One L,North West,Male,27,2,94,1
Blue One L,South,Male,25,0,72,1
Blue One L,West,Male,26,0,101,1
Blue One M,East,Female,27,2,162,0
Blue One M,Adamawa,Female,27,2,119,1
Blue One M,Centre,Female,26,3,160,0
Blue One M,Far North,Female,24,2,94,1
Blue One M,South West,Female,23,2,158,0
Blue One M,Littoral,Male,22,2,79,1
Blue One L,Centre,Male,29,2,165,0
Blue One L,East,Female,24,2,142,1
Blue One L,Far North,Male,23,0,94,1
Blue One L,North,Male,24,2,165,0
Blue One L,North West,Female,27,2,132,1
Blue One M,Centre,Female,27,2,163,0
Blue One M,Far North,Male,22,2,152,0
Blue One L,Adamawa,Male,28,2,167,0
Blue One M,Centre,Female,27,0,100,1
Blue One M,Far North,Male,30,3,150,0
Blue One L,Adamawa,Male,33,3,168,0
Blue One L,Littoral,Female,23,2,112,1
Blue One M,East,Female,27,2,63,1
Blue One M,Centre,Male,28,2,162,0
Blue One L,North West,Female,27,3,171,0
Blue One L,North,Male,29,2,172,0
Blue One L,South West,Female,25,2,77,1
Blue One L,North West,Female,20,2,120,1
Blue One M,South,Female,25,3,158,0
Blue One L,West,Female,26,2,62,1
Blue One L,South,Female,25,3,167,0
Blue One M,South,Male,28,0,97,1
Blue One M,Adamawa,Female,28,2,107,1
Blue One L,West,Male,31,3,171,0
Blue One L,North West,Female,24,0,79,1
Blue One M,North West,Male,22,0,143,1
Blue One L,Littoral,Female,25,2,156,1
Blue One L,Centre,Male,26,2,171,0
Blue One L,South,Male,33,2,171,0
Blue One M,South,Female,20,2,98,1
Blue One M,North,Female,24,3,155,0
Blue One S,North West,Female,21,2,35,0
Blue One M,East,Female,26,2,127,0
Blue One M,Adamawa,Female,21,2,149,0
Blue One M,East,Male,24,0,87,1
Blue One M,South,Male,24,3,156,0
Blue One M,West,Female,31,0,90,1
Blue One L,West,Female,28,2,101,1
Blue One L,East,Female,25,0,61,1
Blue One L,South West,Male,26,0,62,1
Blue One L,South,Male,28,2,84,1
Blue One M,Far North,Male,24,2,99,0
Blue One L,South,Female,32,3,178,0
Blue One L,South,Male,21,0,175,1
Blue One L,Littoral,Male,28,0,143,1
Blue One L,East,Male,27,3,176,0
Blue One L,East,Male,26,3,172,0
Blue One L,North West,Male,21,2,171,0
Blue One L,Littoral,Male,25,2,166,0
Blue One M,Adamawa,Male,27,0,130,1
Blue One M,South West,Female,26,2,114,1
Blue One M,East,Male,24,3,99,0
Blue One L,North West,Female,30,2,174,0
Blue One L,Far North,Female,28,0,136,1
Blue One L,North,Male,23,2,172,0
Blue One L,Littoral,Female,29,3,172,0
Blue One L,South,Male,29,0,85,1
Blue One L,South West,Female,27,0,168,1
Blue One L,South,Male,23,3,172,0
Blue One L,Far North,Male,28,2,108,1
Blue One L,North,Male,25,2,89,1
Blue One L,East,Male,26,2,172,0
Blue One L,South,Male,27,2,119,1
Blue One L,Centre,Male,27,3,171,0
Blue One L,Littoral,Female,31,3,171,0
Blue One L,Far North,Female,27,3,169,0
Blue One L,North West,Male,28,0,140,1
Blue One L,South West,Male,26,2,168,1
Blue One L,North,Female,26,0,144,1
Blue One L,Centre,Male,27,0,116,1
Blue One L,South,Male,25,2,170,0
Blue One L,North,Male,26,2,169,0
Blue One L,Adamawa,Male,26,2,151,1
Blue One L,West,Male,30,2,118,1
Blue One L,West,Male,30,2,131,1
Blue One L,North,Male,22,0,148,1
Blue One L,North West,Male,23,2,115,1
Blue One L,Littoral,Female,27,2,174,0
Blue One M,Littoral,Female,29,2,105,1
Blue One L,West,Male,26,2,140,1
Blue One L,Far North,Male,25,2,67,1
Blue One L,North,Male,27,0,155,1
Blue One L,East,Female,25,0,77,1
Blue One L,Adamawa,Female,21,3,171,0
Blue One L,West,Male,27,2,62,1
Blue One L,North,Female,27,3,173,0
Blue One L,North West,Female,26,2,168,0
Blue One L,North West,Male,26,0,134,1
Blue One L,Centre,Male,29,2,168,0
Blue One M,South West,Male,28,3,162,0
Blue One L,West,Male,30,2,88,1
Blue One M,Littoral,Male,24,3,164,0
Blue One M,North West,Male,23,3,161,0
Blue One L,South,Male,25,2,174,0
Blue One L,Adamawa,Male,28,3,175,0
Blue One L,South,Female,25,2,174,0
Blue One L,South West,Female,28,3,171,0
Blue One L,Far North,Male,27,0,93,1
Blue One M,East,Male,30,0,98,1
Blue One M,West,Male,26,2,148,1
Blue One M,East,Female,23,2,99,1
Blue One L,North West,Female,30,2,171,0
Blue One L,Centre,Female,27,2,80,1
Blue One L,North,Male,24,0,103,1
Blue One L,North West,Male,31,2,117,1
Blue One L,Littoral,Male,25,2,182,0
Blue One L,North,Male,27,3,182,0
Blue One L,North West,Male,22,2,66,1
Blue One M,South West,Female,28,2,119,1
Blue One L,Littoral,Female,25,2,67,1
Blue One L,South,Female,29,0,129,1
Blue One L,East,Female,23,2,151,1
Blue One L,Centre,Male,25,0,144,1
Blue One L,North West,Female,27,0,92,1
Blue One L,South West,Male,28,0,88,1
Blue One L,Adamawa,Male,31,0,134,1
Blue One L,South,Male,27,2,165,0
Blue One L,Centre,Male,27,0,108,1
Blue One L,Centre,Male,29,0,107,1
Blue One L,Centre,Female,27,0,94,1
Blue One L,South,Male,24,2,73,1
Blue One L,Far North,Male,23,2,177,0
Blue One L,North West,Female,24,0,154,1
Blue One L,South West,Female,31,2,80,1
Blue One L,Littoral,Female,28,0,94,1
Blue One L,Littoral,Male,30,3,179,0
Blue One L,South,Male,28,0,96,1
Blue One L,Adamawa,Male,26,0,76,1
Blue One L,West,Male,23,2,146,1
Blue One L,North West,Female,26,2,179,0
Blue One L,North,Male,31,3,168,0
Blue One L,Far North,Male,26,0,174,1
Blue One L,Centre,Female,25,2,62,1
Blue One L,Adamawa,Female,26,2,88,1
Blue One L,Adamawa,Female,24,2,178,0
Blue One L,North West,Male,25,0,134,1
Blue One L,North West,Male,26,2,186,0
Blue One L,Centre,Male,26,2,186,0
Blue One L,Adamawa,Female,27,3,185,0
Blue One L,South West,Female,25,2,69,1
Blue One L,North West,Female,24,3,186,0
Blue One L,South,Male,25,2,139,1
Blue One M,West,Male,27,2,136,0
Blue One M,South West,Male,26,0,106,1
Blue One L,East,Female,27,3,179,0
Blue One M,East,Male,23,2,158,0
Blue One M,Centre,Male,22,3,145,0
Blue One M,South West,Male,23,3,157,0
Blue One M,Far North,Female,21,2,105,0
Blue One M,Centre,Male,30,2,160,0
Blue One M,South,Male,21,2,150,0
Blue One L,North,Male,28,2,174,0
Blue One L,North,Male,29,0,139,1
Blue One L,Far North,Female,28,2,161,1
Blue One L,Far North,Female,25,2,95,1
Blue One L,North,Male,26,3,186,0
Blue One L,East,Female,26,2,186,0
Blue One M,Littoral,Female,23,0,123,1
Blue One M,Adamawa,Male,22,3,131,0
Blue One M,Far North,Male,19,3,88,0
Blue One L,Adamawa,Female,31,2,81,1
Blue One L,Adamawa,Female,29,2,159,1
Blue One L,West,Female,27,0,66,1
Blue One L,Centre,Male,25,0,78,1
Blue One L,North West,Male,25,2,111,1
Blue One L,North,Male,30,2,179,0
Blue One L,Adamawa,Female,29,0,70,1
Blue One L,North West,Female,24,2,170,0
Blue One L,Littoral,Female,29,2,161,1
Blue One L,Littoral,Female,26,2,139,1
Blue One L,Centre,Female,30,2,178,0
Blue One L,South,Female,28,0,78,1
Blue One M,Adamawa,Male,27,3,151,0
Blue One L,West,Female,31,2,178,0
Blue One L,Adamawa,Male,19,2,133,1
Blue One M,Littoral,Female,23,2,65,1
Blue One L,North West,Female,28,2,87,1
Blue One L,North West,Male,26,0,65,1
Blue One M,East,Male,26,3,109,0
Blue One L,Far North,Male,27,2,178,0
Blue One M,North West,Male,26,3,100,0
Blue One L,Adamawa,Female,27,2,89,1
Blue One L,North,Female,27,0,78,1
Blue One L,Littoral,Female,27,2,178,0
Blue One S,West,Male,22,2,56,0
Blue One L,East,Female,29,3,170,0
Blue One L,Far North,Male,28,3,166,0
Blue One L,Littoral,Male,25,3,166,0
Blue One M,Centre,Female,25,0,160,1
Blue One L,Adamawa,Female,26,2,100,1
Blue One L,Far North,Male,28,2,70,1
Blue One M,North West,Male,22,2,73,1
Blue One M,North West,Male,28,3,161,0
Blue One M,West,Male,23,3,129,0
Blue One L,South West,Male,29,2,170,0
Blue One L,South West,Female,30,0,143,1
Blue One M,Littoral,Female,27,2,150,0
Blue One M,South,Male,24,2,151,0
Blue One L,North West,Male,25,0,151,1
Blue One L,North West,Male,28,2,168,0
Blue One L,South,Female,24,3,170,0
Blue One L,East,Male,28,3,171,0
Blue One L,Adamawa,Female,28,2,170,0
Blue One M,Littoral,Male,26,2,79,1
Blue One L,North,Female,27,0,94,1
Blue One L,Far North,Male,26,2,73,1
Blue One L,South West,Female,22,2,123,1
Blue One L,Adamawa,Male,26,0,145,1
Blue One L,West,Male,29,2,158,1
Blue One M,Littoral,Male,24,2,163,0
Blue One L,West,Female,24,2,171,0
Blue One M,North West,Female,27,3,157,0
Blue One L,Adamawa,Male,23,2,62,1
Blue One L,South,Female,25,3,170,0
Blue One L,East,Female,31,0,66,1
Blue One M,Littoral,Male,28,0,135,1
Blue One M,East,Female,23,2,96,1
Blue One M,Far North,Male,29,2,93,1
Blue One M,Littoral,Female,26,0,67,1
Blue One M,South West,Male,23,3,150,0
Blue One M,Adamawa,Male,24,2,160,0
Blue One L,East,Female,24,2,183,0
Blue One M,Far North,Female,25,2,147,0
Blue One L,Adamawa,Female,31,2,180,0
Blue One L,North West,Male,28,2,178,0
Blue One L,East,Female,31,2,141,1
Blue One L,West,Female,28,3,164,0
Blue One M,North,Male,26,2,146,1
Blue One M,Centre,Female,27,0,149,1
Blue One M,East,Female,28,2,145,0
Blue One L,Far North,Female,21,2,187,0
Blue One L,Littoral,Female,25,2,180,1
Blue One L,South,Male,23,2,180,0
Blue One L,North West,Male,27,3,165,0
Blue One L,Far North,Female,29,0,91,1
Blue One L,Centre,Male,28,3,187,0
Blue One M,South,Male,26,0,94,1
Blue One M,South West,Female,27,3,158,0
Blue One L,Littoral,Female,30,2,164,1
Blue One L,South West,Female,31,2,174,0
Blue One M,Centre,Male,28,3,156,0
Blue One M,West,Female,19,2,154,0
Blue One M,Centre,Male,26,2,154,0
Blue One L,Far North,Male,19,0,63,1
Blue One L,Centre,Female,25,3,172,0
Blue One L,North,Male,22,2,172,0
Blue One M,South West,Male,27,2,153,0
Blue One L,West,Male,25,3,180,0
Blue One M,North,Male,32,2,151,0
Blue One M,Centre,Female,26,0,105,1
Blue One S,Far North,Male,22,2,70,0
Blue One M,Centre,Female,24,0,70,1
Blue One S,Littoral,Male,24,1,18,0
Blue One M,South,Male,21,3,75,0
Blue One L,South,Female,25,2,192,0
Blue One M,West,Male,29,2,111,1
Blue One M,North West,Female,22,3,77,0
Blue One S,Adamawa,Female,23,2,30,0
Blue One L,South West,Male,28,2,129,1
Blue One M,North West,Female,26,3,151,0
Blue One M,West,Female,27,2,100,1
Blue One M,East,Male,26,3,154,0
Blue One M,Far North,Male,24,2,109,1
Blue One L,Adamawa,Male,27,2,171,0
Blue One M,East,Female,24,3,164,0
Blue One L,North,Male,33,0,97,1
Blue One L,South West,Male,27,3,181,0
Blue One M,East,Female,27,3,144,0
Blue One S,South West,Male,21,1,44,0
Blue One L,Littoral,Female,23,0,128,1
Blue One L,North,Male,30,2,62,1
Blue One S,East,Male,21,2,32,0
Blue One S,West,Male,24,1,33,0
Blue One L,South West,Male,33,3,196,0
Blue One M,North West,Male,26,2,102,1
Blue One M,East,Female,29,2,94,1
Blue One L,North West,Male,29,2,151,1
Blue One M,Far North,Male,24,3,89,0
Blue One M,South,Male,29,2,157,0
Blue One L,North,Male,31,2,153,1
Blue One L,Adamawa,Female,18,0,86,1
Blue One L,East,Male,19,2,193,0
Blue One S,North West,Male,24,1,33,0
Blue One M,South,Male,20,3,83,0
Blue One S,East,Female,24,1,32,0
Blue One L,West,Male,23,2,122,1
Blue One M,South West,Male,22,2,77,0
Blue One S,Adamawa,Male,19,2,29,0
Blue One L,North West,Male,31,2,196,0
Blue One L,West,Male,27,3,185,0
Blue One M,Far North,Male,27,2,86,1
Blue One M,North West,Male,18,3,97,0
Blue One L,North West,Male,30,0,111,1
Blue One S,South West,Male,19,1,21,0
Blue One S,West,Male,26,1,45,0
Blue One M,Littoral,Female,23,2,76,0
Blue One M,North West,Male,23,0,71,1
Blue One M,South West,Female,24,0,67,1
Blue One S,Adamawa,Male,17,2,9,0
Blue One L,East,Male,24,0,134,1
Blue One M,South,Male,24,2,91,0
Blue One S,South West,Female,26,2,53,0
Blue One M,Littoral,Female,22,0,64,1
Blue One S,Centre,Female,17,2,45,0
Blue One S,North,Female,20,2,45,0
Blue One M,Far North,Male,23,2,124,0
Blue One S,Littoral,Female,22,2,4,0
Blue One L,East,Male,24,2,77,1
Blue One S,Centre,Female,18,1,34,0
Blue One M,Adamawa,Female,23,2,131,1
Blue One M,West,Male,24,3,88,0
Blue One M,Adamawa,Female,29,2,141,0
Blue One L,West,Female,24,0,87,1
Blue One L,Far North,Male,27,0,106,1
Blue One M,West,Female,29,3,152,0
Blue One M,Adamawa,Male,29,2,151,0
Blue One S,Centre,Female,22,1,40,0
Blue One S,North,Male,22,1,55,0
Blue One M,Littoral,Male,26,2,161,0
Blue One S,Far North,Male,17,1,48,0
Blue One M,Adamawa,Female,26,2,156,0
Blue One L,Far North,Male,24,3,185,0
Blue One L,South,Female,31,2,178,1
Blue One M,Centre,Female,25,3,83,0
Blue One M,South,Male,22,3,76,0
Blue One S,Centre,Male,22,2,38,0
Blue One M,Far North,Male,29,2,112,1
Blue One S,Littoral,Male,22,2,25,0
Blue One M,Centre,Female,24,3,160,0
Blue One M,South West,Female,21,2,110,1
Blue One L,East,Male,27,0,153,1
Blue One L,West,Male,28,0,132,1
Blue One L,Littoral,Female,23,2,124,1
Blue One L,North,Male,28,2,154,1
Blue One M,Far North,Male,24,2,85,1
Blue One M,South,Male,21,2,81,0
Blue One S,West,Male,21,1,32,0
Blue One S,Littoral,Male,23,1,41,0
Blue One S,South West,Female,17,2,44,0
Blue One S,North,Male,19,1,39,0
Blue One S,West,Female,19,2,2,0
Blue One M,North,Male,30,3,105,0
Blue One L,Centre,Male,24,0,171,1
Blue One M,North West,Male,25,3,118,0
Blue One L,Far North,Female,26,2,115,1
Blue One S,South,Female,19,2,32,0
Blue One M,Adamawa,Male,21,3,124,0
Blue One L,Far North,Male,32,2,201,0
Blue One S,Centre,Male,20,1,40,0
Blue One L,East,Male,19,0,97,1
Blue One L,Adamawa,Male,26,3,185,0
Blue One M,North,Male,27,2,67,1
Blue One L,South West,Female,25,2,103,1
Blue One M,Littoral,Female,27,0,134,1
Blue One S,West,Female,19,1,21,0
Blue One S,Far North,Female,22,2,45,0
Blue One M,West,Female,25,2,82,0
Blue One L,Far North,Male,23,2,122,1
Blue One M,East,Female,25,3,157,0
Blue One L,Adamawa,Male,23,0,102,1
Blue One L,Centre,Male,26,3,184,0
Blue One M,North West,Male,24,3,157,0
Blue One L,Adamawa,Female,24,2,164,1
Blue One M,North West,Female,30,3,157,0
Blue One M,South,Female,26,2,79,1
Blue One M,Centre,Male,24,3,99,0
Blue One S,Far North,Male,27,2,46,0
Blue One L,South West,Female,29,2,181,0
Blue One L,North,Female,24,0,190,1
Blue One M,Centre,Male,26,3,164,0
Blue One S,Far North,Female,20,2,19,0
Blue One S,Centre,Female,20,1,23,0
Blue One M,Littoral,Female,29,3,117,0
Blue One M,North,Male,22,2,98,0
Blue One M,North,Male,27,2,98,0
Blue One S,South,Male,17,1,32,0
Blue One S,North,Female,20,2,42,0
Blue One S,North,Female,20,2,46,0
Blue One S,Littoral,Male,17,2,11,0
Blue One M,Centre,Female,26,2,142,1
Blue One S,South,Female,22,1,13,0
Blue One M,Littoral,Male,23,3,126,0
Blue One M,Far North,Male,22,2,108,1
Blue One M,West,Female,24,3,138,0
Blue One L,Centre,Female,25,0,70,1
Blue One L,North,Female,28,2,207,0
Blue One M,Centre,Male,30,2,98,1
Blue One L,Centre,Male,30,2,172,0
Blue One M,Littoral,Female,25,2,121,0
Blue One L,Adamawa,Male,27,3,166,0
Blue One M,South West,Female,30,2,84,0
Blue One S,Far North,Female,17,2,52,0
Blue One S,East,Male,24,1,55,0
Blue One L,North West,Male,27,0,174,1
Blue One L,West,Male,24,0,65,1
Blue One M,Littoral,Female,26,2,111,0
Blue One M,East,Female,30,0,142,1
Blue One M,Littoral,Male,23,2,123,1
Blue One M,North West,Female,26,3,142,0
Blue One S,East,Male,22,1,6,0
Blue One L,North West,Male,19,3,174,0
Blue One M,South West,Female,27,2,162,0
Blue One M,Centre,Female,25,0,162,1
Blue One S,Far North,Male,22,1,19,0
Blue One L,Adamawa,Male,25,2,63,1
Blue One S,West,Male,29,1,53,0
Blue One M,West,Female,24,3,89,0
Blue One S,South,Female,17,2,34,0
Blue One S,South,Female,24,2,35,0
Blue One L,East,Male,26,3,194,0
Blue One S,North,Female,22,2,48,0
Blue One M,Far North,Male,29,2,160,1
Blue One L,Centre,Female,22,2,172,1
Blue One L,West,Female,25,3,172,0
Blue One L,Far North,Male,31,2,138,1
Blue One M,Adamawa,Female,26,2,145,0
Blue One L,South,Female,26,2,62,1
Blue One L,North West,Male,26,2,180,0
Blue One L,South West,Male,27,2,112,1
Blue One L,South,Male,28,0,110,1
Blue One M,North,Male,24,2,87,0
Blue One S,Centre,Female,22,1,20,0
Blue One M,East,Male,25,3,153,0
Blue One M,West,Female,26,0,116,1
Blue One L,Far North,Male,29,2,203,1
Blue One M,North,Male,18,3,156,0
Blue One M,Littoral,Male,23,3,152,0
Blue One M,West,Female,27,3,116,0
Blue One M,Littoral,Female,25,0,91,1
Blue One M,Littoral,Male,23,3,131,0
Blue One M,North,Female,26,2,126,0
Blue One M,Centre,Female,29,3,151,0
Blue One M,South,Male,25,0,130,1
Blue One S,Far North,Male,20,2,54,0
Blue One M,Far North,Male,24,2,91,1
Blue One M,North,Female,25,2,101,0
Blue One M,South West,Female,27,3,111,0
Blue One S,North West,Female,23,2,39,0
Blue One M,East,Female,19,2,74,1
Blue One M,South,Female,26,2,94,1
Blue One M,Far North,Female,26,2,88,1
Blue One M,South West,Male,23,2,159,0
Blue One L,North West,Female,24,0,102,1
Blue One L,North,Male,25,0,72,1
Blue One L,South West,Male,30,2,200,0
Blue One L,Littoral,Female,29,2,150,1
Blue One L,Adamawa,Male,29,0,78,1
Blue One L,South,Female,27,2,87,1
Blue One L,North,Female,30,2,82,1
Blue One L,South,Female,25,2,92,1
Blue One L,Adamawa,Male,20,2,171,0
Blue One L,West,Male,27,2,190,0
Blue One L,Far North,Male,27,2,182,1
Blue One L,South,Female,28,0,193,1
Blue One L,Littoral,Female,28,2,79,1
Blue One L,Adamawa,Male,33,3,200,0
Blue One M,East,Female,26,0,110,1
Blue One S,North West,Female,20,2,74,0
Blue One L,Far North,Male,25,0,130,1
Blue One L,Far North,Male,21,0,117,1
Blue One L,South West,Male,24,2,179,0
Blue One L,North West,Female,27,2,66,1
Blue One L,Adamawa,Male,19,2,63,1
Blue One L,Centre,Female,27,2,207,1
Blue One L,South,Female,31,2,156,1
Blue One L,Littoral,Female,21,2,201,0
Blue One L,West,Female,31,2,198,0
Blue One L,North West,Male,33,0,92,1
Blue One L,Littoral,Male,25,2,197,0
Blue One L,Littoral,Female,31,0,154,1
Blue One L,North West,Female,22,2,118,1
Blue One L,West,Male,25,3,199,0
Blue One L,Centre,Male,31,3,206,0
Blue One L,North,Male,29,2,145,1
Blue One L,South,Female,27,0,100,1
Blue One S,West,Male,24,1,40,0
Blue One S,Adamawa,Male,22,2,43,0
Blue One S,South,Male,20,1,46,0
Blue One S,North,Male,19,1,39,0
Blue One L,Littoral,Female,27,2,90,1
Blue One M,Littoral,Female,25,0,142,1
Blue One M,West,Male,29,0,64,1
Blue One M,South,Male,27,0,61,1
Blue One M,South West,Female,25,2,151,0
Blue One M,Littoral,Male,24,3,126,0
Blue One M,East,Female,25,3,123,0
Blue One M,South,Female,26,2,113,1
Blue One L,Far North,Male,23,2,175,0
Blue One M,West,Female,26,3,133,0
Blue One L,Adamawa,Female,24,3,177,0
Blue One L,North West,Male,31,2,177,0
Blue One L,South West,Male,25,0,138,1
Blue One L,West,Male,25,2,112,1
Blue One L,Littoral,Female,25,3,176,0
Blue One L,South,Female,27,2,180,0
Blue One L,Centre,Male,24,3,202,0
Blue One L,East,Male,25,2,74,1
Blue One L,South,Male,26,0,141,1
Blue One L,East,Male,21,2,190,0
Blue One L,Littoral,Female,23,0,159,1
Blue One L,South West,Male,26,2,87,1
Blue One L,Adamawa,Male,28,2,77,1
Blue One L,Centre,Female,25,3,182,0
Blue One L,West,Female,21,0,105,1
Blue One L,South,Male,26,2,104,1
Blue One L,Centre,Male,26,2,63,1
Blue One M,West,Female,23,2,91,1
Blue One M,Centre,Male,30,2,72,1
Blue One M,North,Male,19,0,67,1
Blue One S,Littoral,Male,21,1,34,0
Blue One M,South West,Female,23,2,85,1
Blue One L,Littoral,Female,32,3,172,0
Blue One M,South,Male,26,2,161,0
Blue One M,South West,Male,23,3,157,0
Blue One S,Centre,Male,21,2,40,0
Blue One L,North West,Male,20,3,171,0
Blue One L,South,Female,24,2,170,0
Blue One L,North,Male,23,2,61,1
Blue One L,East,Male,26,0,84,1
Blue One L,Littoral,Female,27,3,164,0
Blue One M,North West,Female,22,0,88,1
Blue One M,Centre,Male,22,0,81,1
Blue One M,South West,Female,23,3,133,0
Blue One M,South West,Male,25,2,63,1
Blue One M,West,Female,24,0,91,1
Blue One M,Littoral,Male,26,2,81,1
Blue One M,Centre,Male,24,0,71,1
Blue One M,Far North,Male,24,2,99,1
Blue One M,Centre,Male,27,0,110,1
Blue One M,North West,Male,31,3,158,0
Blue One M,South West,Female,23,2,88,1
Blue One M,Far North,Female,29,2,90,1
Blue One M,Far North,Male,19,0,105,1
Blue One M,South,Female,24,2,140,0
Blue One M,Littoral,Male,26,0,134,1
Blue One M,South West,Female,19,0,119,1
Blue One M,South West,Female,24,0,63,1
Blue One M,North West,Male,25,2,62,1
Blue One M,Littoral,Female,25,2,61,1
Blue One S,East,Female,22,1,23,0
Blue One L,Far North,Male,21,3,166,0
Blue One M,Far North,Female,32,2,72,1
Blue One M,South West,Male,24,2,72,1
Blue One M,Littoral,Male,27,2,71,1
Blue One M,Adamawa,Female,24,0,70,1
Blue One M,South,Female,29,0,122,1
Blue One M,North,Male,28,2,127,1
Blue One M,Far North,Male,22,2,111,1
Blue One M,North,Male,25,2,150,0
Blue One M,East,Male,25,2,145,0
Blue One M,East,Male,20,2,90,1
Blue One L,Littoral,Female,25,2,67,1
Blue One M,South West,Female,25,2,160,0
Blue One M,North West,Female,28,2,141,0
Blue One S,East,Female,20,1,40,0
Blue One L,Centre,Female,25,2,166,0
Blue One M,South,Male,23,2,77,1
Blue One M,Littoral,Female,24,2,89,1
Blue One M,South West,Female,22,2,151,0
Blue One M,Adamawa,Female,25,2,146,1
Blue One M,North West,Male,22,2,153,0
Blue One M,Far North,Male,27,3,149,0
Blue One M,East,Female,28,0,102,1
Blue One M,Far North,Male,23,2,126,0
Blue One M,South West,Male,25,0,114,1
Blue One M,Centre,Male,25,2,151,0
Blue One M,Adamawa,Male,25,2,125,0
Blue One M,Littoral,Male,28,0,103,1
Blue One M,West,Female,22,2,132,0
Blue One M,West,Male,25,3,152,0
Blue One S,North,Female,27,2,49,0
Blue One M,South,Female,24,3,86,0
Blue One M,Centre,Female,21,2,95,0
Blue One M,South West,Male,24,3,81,0
Blue One L,Centre,Female,25,3,177,0
Blue One L,Adamawa,Female,26,2,94,1
Blue One L,Far North,Male,21,3,176,0
Blue One L,South West,Female,25,0,106,1
Blue One L,Far North,Male,30,3,200,0
Blue One L,East,Female,30,2,196,0
Blue One L,North West,Male,29,2,108,1
Blue One L,Littoral,Male,26,3,196,0
Blue One L,North West,Male,27,3,198,0
Blue One L,South,Female,26,2,194,0
Blue One L,West,Female,26,0,178,1
Blue One L,North West,Female,17,2,192,0
Blue One L,South,Male,25,2,84,1
Blue One L,Centre,Female,30,2,98,1
Blue One L,South,Female,30,0,161,1
Blue One L,South,Female,24,2,186,0
Blue One L,East,Male,32,2,91,1
Blue One L,Far North,Female,30,0,129,1
Blue One L,Littoral,Male,26,2,90,1
Blue One L,Adamawa,Female,22,2,80,1
Blue One L,North West,Female,27,2,127,1
Blue One L,South West,Male,28,2,127,1
Blue One L,South West,Female,28,2,173,0
Blue One L,South,Female,26,2,62,1
Blue One L,West,Female,30,2,208,0
Blue One L,South West,Female,26,2,208,0
Blue One L,North,Male,28,3,185,0
Blue One L,Adamawa,Male,26,3,199,0
Blue One L,East,Male,31,3,200,0
Blue One L,North West,Female,29,2,123,1
Blue One M,North,Male,22,0,138,1
Blue One L,Adamawa,Female,28,0,63,1
Blue One L,West,Female,23,2,165,1
Blue One L,East,Male,30,2,200,0
Blue One L,North West,Male,27,2,87,1
Blue One L,Centre,Female,28,2,68,1
Blue One L,Far North,Male,29,3,204,0
Blue One L,North,Male,29,2,86,1
Blue One L,East,Female,22,0,172,1
Blue One M,Adamawa,Male,23,2,162,0
Blue One M,Adamawa,Female,19,3,128,0
Blue One L,Centre,Female,33,0,180,1
Blue One L,East,Female,25,3,198,0
Blue One L,East,Male,27,0,119,1
Blue One L,South,Female,26,0,124,1
Blue One L,West,Female,26,2,68,1
Blue One M,Adamawa,Male,22,3,117,0
Blue One L,South West,Male,25,2,176,1
Blue One L,Littoral,Female,32,2,195,0
Blue One L,South,Female,29,2,63,1
Blue One L,Far North,Male,26,2,203,0
Blue One L,Centre,Male,28,2,202,0
Blue One L,North,Male,30,0,89,1
Blue One L,South,Female,33,3,199,0
Blue One L,East,Female,21,0,80,1
Blue One L,Adamawa,Male,32,2,184,1
Blue One L,South,Female,25,3,203,0
Blue One L,Centre,Female,29,2,203,0
Blue One L,South,Male,30,3,203,0
Blue One L,Far North,Male,30,3,199,0
Blue One M,East,Female,25,2,159,1
Blue One L,Adamawa,Female,26,2,184,0
Blue One L,East,Female,28,2,179,0
Blue One L,East,Male,28,2,165,1
Blue One L,South,Male,26,3,203,0
Blue One L,West,Male,24,3,203,0
Blue One L,East,Male,23,0,159,1
Blue One L,North,Male,33,2,135,1
Blue One L,Adamawa,Male,29,0,87,1
Blue One L,South,Female,27,3,198,0
Blue One L,Adamawa,Male,23,2,96,1
Blue One L,South West,Female,29,0,62,1
Blue One L,Littoral,Male,28,0,66,1
Blue One L,West,Male,30,2,203,0
Blue One L,South,Female,32,2,100,1
Blue One L,North,Male,24,2,199,0
Blue One L,Adamawa,Male,25,2,204,0
Blue One L,North West,Female,30,2,203,0
Blue One L,Littoral,Female,28,2,126,1
Blue One L,Adamawa,Female,22,2,110,1
Blue One L,Far North,Male,21,0,84,1
Blue One M,Adamawa,Female,27,2,161,0
Blue One L,East,Female,23,0,90,1
Blue One L,North West,Female,25,0,64,1
Blue One L,Adamawa,Female,29,3,198,0
Blue One L,Adamawa,Male,32,2,125,1
Blue One L,Adamawa,Female,23,0,154,1
Blue One L,Adamawa,Male,26,2,207,0
Blue One L,Centre,Female,23,3,198,0
Blue One L,North,Male,27,2,100,1
Blue One L,North West,Male,27,0,150,1
Blue One L,Centre,Female,24,0,73,1
Blue One L,Centre,Female,25,0,191,1
Blue One L,South,Female,29,2,201,0
Blue One L,West,Male,25,2,120,1
Blue One L,West,Male,29,2,200,0
Blue One L,South West,Female,27,0,134,1
Blue One L,West,Female,30,0,114,1
Blue One L,South West,Female,29,2,74,1
Blue One L,Centre,Female,26,2,67,1
Blue One L,North West,Female,29,0,167,1
Blue One L,South,Female,28,3,191,0
Blue One L,North West,Female,27,3,196,0
Blue One S,South West,Male,25,2,20,0
Blue One M,West,Female,21,0,99,1
Blue One L,East,Male,26,0,70,1
Blue One M,East,Male,20,2,73,1
Blue One L,Far North,Male,27,2,62,1
Blue One L,East,Female,25,0,103,1
Blue One L,Centre,Male,29,2,191,0
Blue One L,North,Female,24,2,199,0
Blue One L,Centre,Female,24,0,113,1
Blue One L,East,Female,33,0,88,1
Blue One L,Adamawa,Male,31,0,65,1
Blue One L,North West,Male,28,3,184,0
Blue One L,Far North,Male,29,2,180,1
Blue One L,North,Male,26,3,166,0
Blue One L,Littoral,Male,24,2,179,0
Blue One L,North West,Male,30,3,171,0
Blue One L,West,Male,29,2,182,0
Blue One L,North West,Male,28,0,112,1
Blue One L,South,Female,30,2,168,0
Blue One M,North West,Female,28,3,147,0
Blue One L,Centre,Female,22,2,181,0
Blue One L,South,Female,30,3,185,0
Blue One L,North,Male,26,0,160,1
Blue One L,South,Female,25,2,62,1
Blue One L,South West,Female,33,0,62,1
Blue One L,Far North,Male,27,2,99,1
Blue One L,East,Male,31,2,182,1
Blue One L,North,Female,29,2,187,0
Blue One S,Adamawa,Male,22,1,55,0
Blue One L,West,Female,28,2,190,0
Blue One L,North West,Female,23,0,121,1
Blue One L,Littoral,Female,21,3,188,0
Blue One L,Adamawa,Male,27,0,62,1
Blue One L,Adamawa,Male,24,0,63,1
Blue One L,East,Male,27,2,184,0
Blue One L,West,Male,31,0,95,1
Blue One L,Littoral,Female,27,2,63,1
Blue One L,East,Female,25,0,166,1
Blue One L,West,Male,29,2,182,0
Blue One L,West,Male,23,3,187,0
Blue One L,Centre,Male,27,0,85,1
Blue One L,North,Female,31,0,117,1
Blue One L,Far North,Male,25,2,181,0
Blue One L,North,Female,29,3,187,0
Blue One L,South West,Female,28,2,172,1
Blue One L,Far North,Female,27,0,160,1
Blue One L,Centre,Female,29,3,184,0
Blue One L,South West,Male,27,0,101,1
Blue One L,North,Male,30,0,103,1
Blue One L,Littoral,Female,24,2,149,1
Blue One L,Far North,Male,22,0,71,1
Blue One L,North,Male,25,2,173,1
Blue One L,West,Male,30,2,179,0
Blue One L,South,Female,24,2,187,0
Blue One S,South,Male,25,1,48,0
Blue One L,Far North,Male,28,2,175,1
Blue One L,Centre,Male,27,0,109,1
Blue One L,South West,Female,24,3,187,0
Blue One L,Centre,Female,24,0,77,1
Blue One L,Far North,Female,31,2,184,0
Blue One L,Centre,Male,31,0,114,1
Blue One L,Far North,Female,32,0,96,1
Blue One L,Littoral,Female,27,3,186,0
Blue One L,Far North,Female,32,0,79,1
Blue One L,North West,Male,23,2,144,1
Blue One L,Far North,Male,24,2,185,0
Blue One M,Centre,Female,26,3,82,0
Blue One L,North,Male,29,2,179,0
Blue One L,Littoral,Male,24,2,139,1
Blue One L,North West,Male,22,0,90,1
Blue One L,South West,Female,27,2,165,1
Blue One L,South,Male,24,0,174,1
Blue One L,North West,Female,28,2,61,1
Blue One L,Adamawa,Male,30,2,98,1
Blue One L,North,Female,27,2,182,0
Blue One L,Centre,Male,21,2,75,1
Blue One L,West,Male,27,2,174,1
Blue One L,Adamawa,Male,25,2,182,0
Blue One L,East,Female,28,2,182,0
Blue One L,South,Male,23,2,182,0
Blue One M,North West,Female,23,2,137,1
Blue One L,South West,Female,24,0,78,1
Blue One L,North,Female,25,0,96,1
Blue One L,East,Male,26,2,154,1
Blue One L,Far North,Male,25,2,121,1
Blue One M,North,Male,28,2,153,0
Blue One M,Centre,Male,28,2,142,1
Blue One M,South West,Male,30,3,152,0
Blue One M,North West,Male,24,3,145,0
Blue One M,East,Female,24,3,153,0
Blue One M,North,Male,28,2,155,0
Blue One M,Far North,Male,27,3,156,0
Blue One M,Centre,Male,26,2,117,1
Blue One M,North,Male,18,0,64,1
Blue One M,Far North,Male,28,0,99,1
Blue One M,South West,Female,29,2,133,1
Blue One M,Adamawa,Female,26,3,147,0
Blue One M,Adamawa,Female,31,0,97,1
Blue One M,West,Male,27,2,113,1
Blue One M,South West,Male,26,2,80,1
Blue One M,West,Male,24,0,96,1
Blue One M,South West,Male,22,0,89,1
Blue One M,Littoral,Female,23,3,157,0
Blue One M,Centre,Male,26,3,153,0
Blue One M,Centre,Male,24,2,131,1
Blue One M,Littoral,Female,21,2,144,1
Blue One M,Far North,Male,29,3,146,0
Blue One M,Adamawa,Male,22,2,61,1
Blue One M,Centre,Female,27,3,151,0
Blue One M,South,Female,25,3,136,0
Blue One M,South,Male,23,0,92,1
Blue One M,Littoral,Male,20,2,77,1
Blue One M,North,Female,26,2,90,1
Blue One M,Far North,Male,21,3,124,0
Blue One M,East,Male,28,0,65,1
Blue One M,Adamawa,Male,24,3,104,0
Blue One M,Centre,Male,26,2,133,0
Blue One M,Littoral,Male,26,0,124,1
Blue One M,South,Female,27,2,112,1
Blue One M,South,Male,27,2,141,0
Blue One M,Adamawa,Male,26,0,72,1
Blue One M,East,Male,31,2,140,0
Blue One M,Far North,Female,29,2,102,1
Blue One M,Littoral,Male,25,0,138,1
Blue One M,East,Male,25,3,133,0
Blue One M,West,Male,26,2,104,1
Blue One M,North West,Male,18,2,116,1
Blue One M,West,Male,28,0,95,1
Blue One M,Far North,Female,26,0,83,1
Blue One M,South,Male,20,0,70,1
Blue One M,Far North,Male,27,2,140,0
Blue One M,Far North,Female,25,0,120,1
Blue One M,South,Male,22,3,133,0
Blue One M,Littoral,Male,20,2,133,0
Blue One M,South West,Male,19,2,101,1
Blue One M,North,Female,28,2,145,0
Blue One M,South,Male,28,2,117,1
Blue One M,East,Male,26,0,84,1
Blue One M,South,Female,20,2,142,0
Blue One M,Centre,Female,30,2,66,1
Blue One M,East,Male,27,3,144,0
Blue One M,North,Male,22,2,140,0
Blue One M,North,Male,21,2,65,1
Blue One M,Littoral,Female,23,2,143,0
Blue One M,East,Female,22,0,64,1
Blue One M,South West,Male,24,0,75,1
Blue One M,West,Female,22,3,110,0
Blue One M,Adamawa,Female,27,3,111,0
Blue One M,Littoral,Female,17,2,118,0
Blue One M,South,Female,22,0,99,1
Blue One M,North West,Male,25,2,73,1
Blue One M,North,Male,25,3,84,0
Blue One S,North West,Female,21,1,47,0
Blue One M,North,Male,21,3,119,0
Blue One M,East,Male,22,2,62,1
Blue One M,East,Male,23,2,124,1
Blue One M,Adamawa,Female,22,3,127,0
Blue One M,Littoral,Male,25,2,131,0
Blue One M,South West,Male,18,2,108,1
Blue One M,Littoral,Male,23,3,131,0
Blue One M,Far North,Male,23,2,131,0
Blue One M,West,Male,24,2,129,0
Blue One M,South West,Male,23,2,117,0
Blue One M,East,Female,23,0,69,1
Blue One M,North West,Male,25,0,61,1
Blue One M,North,Male,25,0,117,1
Blue One M,North,Female,23,0,62,1
Blue One M,South,Male,25,0,107,1
Blue One M,South,Female,23,0,92,1
Blue One M,South West,Female,21,0,76,1
Blue One M,East,Male,30,3,130,0
Blue One M,South,Male,25,3,125,0
Blue One M,East,Male,23,2,125,0
Blue One M,Far North,Male,29,2,71,1
Blue One M,North West,Male,27,2,99,1
Blue One M,Adamawa,Male,21,0,79,1
Blue One M,South West,Female,26,3,124,0
Blue One M,South West,Female,22,2,119,0
Blue One M,Centre,Female,24,2,125,0
Blue One M,North,Male,24,0,64,1
Blue One M,Littoral,Male,20,2,79,1
Blue One M,Centre,Male,21,2,75,1
Blue One M,South West,Male,26,2,124,0
Blue One M,Adamawa,Male,20,2,122,0
Blue One M,Littoral,Female,19,2,120,0
Blue One M,Far North,Male,20,2,62,1
Blue One M,West,Male,21,3,119,0
Blue One M,Littoral,Female,26,3,121,0
Blue One M,East,Male,21,0,106,1
Blue One M,South West,Male,28,0,79,1
Blue One M,Centre,Male,24,2,115,1
Blue One M,Littoral,Female,21,3,118,0
Blue One M,Littoral,Female,26,2,121,0
Blue One M,East,Male,29,2,72,1
Blue One M,North,Male,24,2,123,0
Blue One M,Centre,Male,29,0,62,1
Blue One M,East,Male,24,0,95,1
Blue One M,Littoral,Female,22,2,118,0
Blue One M,South,Female,27,2,111,0
Blue One M,North West,Female,25,0,103,1
Blue One M,West,Male,25,2,111,0
Blue One M,East,Female,20,2,71,1
Blue One M,Littoral,Female,22,2,98,0
Blue One M,Littoral,Female,22,2,66,1
Blue One M,Littoral,Male,25,2,69,1
Blue One M,North West,Male,21,2,116,1
Blue One M,Littoral,Male,33,0,73,1
Blue One M,North West,Male,27,2,120,0
Blue One M,South West,Male,23,2,100,0
Blue One M,North West,Female,19,2,91,1
Blue One M,South,Female,30,0,95,1
Blue One M,North West,Female,30,0,73,1
Blue One M,Adamawa,Male,24,0,101,1
Blue One M,Far North,Male,25,0,72,1
Blue One M,East,Female,25,2,62,1
Blue One M,Adamawa,Male,29,2,85,1
Blue One M,North,Male,27,2,137,0
Blue One M,Adamawa,Female,21,2,135,0
Blue One M,South,Male,22,0,78,1
Blue One M,North West,Female,21,2,69,1
Blue One M,South West,Male,26,0,63,1
Blue One M,Centre,Female,25,0,120,1
Blue One M,Littoral,Male,21,2,109,0
Blue One M,South,Male,30,2,87,1
Blue One M,Far North,Male,29,3,130,0
Blue One M,Centre,Male,26,2,134,1
Blue One M,North,Male,27,2,135,0
Blue One M,South West,Female,21,3,115,0
Blue One M,Far North,Male,31,0,69,1
Blue One M,Adamawa,Male,22,2,119,1
Blue One M,East,Male,24,2,70,1
Blue One M,Centre,Male,24,2,94,1
Blue One M,East,Female,27,3,123,0
Blue One M,North,Male,27,0,85,1
Blue One M,South West,Female,27,2,130,0
Blue One M,North West,Male,26,3,130,0
Blue One M,South,Female,25,3,133,0
Blue One M,Centre,Female,22,2,66,1
Blue One M,Littoral,Male,23,3,131,0
Blue One M,West,Female,17,0,63,1
Blue One M,South,Male,23,3,126,0
Blue One M,North,Female,23,0,85,1
Blue One M,Far North,Female,29,3,132,0
Blue One M,Centre,Male,27,2,120,1
Blue One M,North West,Female,22,2,65,1
Blue One M,South,Male,25,3,132,0
Blue One M,North West,Female,24,2,61,1
Blue One M,Far North,Male,27,2,131,0
Blue One M,North,Male,21,0,62,1
Blue One M,North West,Male,21,0,108,1
Blue One M,North,Male,25,2,131,0
Blue One M,South,Male,20,2,130,0
Blue One L,North West,Male,30,0,145,1
Blue One L,West,Male,28,0,134,1
Blue One M,West,Female,25,0,118,1
Blue One L,South West,Male,25,2,77,1
Blue One M,West,Male,24,2,78,0
Blue One S,North West,Female,17,1,10,0
Blue One L,Far North,Male,26,0,110,1
Blue One L,Adamawa,Male,32,2,167,0
Blue One L,South,Female,29,3,203,0
Blue One S,South,Male,23,1,41,0
Blue One S,Centre,Male,21,1,55,0
Blue One M,Littoral,Female,26,2,102,0
Blue One L,West,Female,27,0,64,1
Blue One L,North,Male,28,2,196,0
Blue One L,North,Male,32,0,124,1
Blue One L,East,Female,24,0,142,1
Blue One L,South,Female,25,2,173,1
Blue One L,East,Male,25,2,81,1
Blue One L,Far North,Male,28,0,177,1
Blue One S,North West,Female,21,2,42,0
Blue One M,North,Male,20,0,67,1
Blue One M,West,Female,21,2,83,0
Blue One L,South,Male,28,0,151,1
Blue One M,Far North,Male,24,2,104,1
Blue One S,South West,Male,23,2,67,0
Blue One S,Littoral,Female,22,2,70,0
Blue One S,Littoral,Male,22,1,31,0
Blue One M,South,Female,20,0,64,1
Blue One M,North West,Male,21,2,67,1
Blue One M,South West,Female,26,3,115,0
Blue One M,South West,Male,25,2,87,1
Blue One L,West,Male,27,3,189,0
Blue One L,Centre,Male,33,0,149,1
Blue One M,Littoral,Female,22,2,162,0
Blue One L,South,Male,23,3,180,0
Blue One L,Far North,Female,24,0,157,1
Blue One L,South West,Female,22,0,75,1
Blue One L,Littoral,Male,26,0,162,1
Blue One L,Centre,Male,27,2,61,1
Blue One M,Centre,Male,26,0,155,1
Blue One L,South,Female,24,2,203,0
Blue One L,West,Male,26,2,165,0
Blue One M,North,Male,21,0,95,1
Blue One M,North,Male,22,2,164,0
Blue One L,Far North,Male,27,0,180,1
Blue One L,South West,Male,28,0,103,1
Blue One L,Littoral,Male,27,2,150,1
Blue One L,North West,Female,30,3,178,0
Blue One S,South,Female,20,1,42,0
Blue One L,Adamawa,Male,19,0,130,1
Blue One L,Littoral,Female,28,0,61,1
Blue One L,North,Male,32,3,164,0
Blue One L,West,Male,24,0,76,1
Blue One L,North West,Male,30,2,100,1
Blue One M,South West,Male,25,3,161,0
Blue One M,Littoral,Male,28,2,144,0
Blue One M,Littoral,Female,27,0,99,1
Blue One L,Centre,Male,23,2,115,1
Blue One M,South,Male,32,2,159,0
Blue One L,Far North,Female,30,3,171,0
Blue One L,East,Male,29,3,204,0
Blue One L,North,Female,29,0,175,1
Blue One L,North,Female,28,0,96,1
Blue One L,North,Male,29,2,202,0
Blue One L,North West,Male,28,2,68,1
Blue One L,South West,Male,28,0,151,1
Blue One M,Far North,Male,30,3,160,0
Blue One M,South West,Male,27,3,163,0
Blue One M,West,Male,23,2,105,0
Blue One L,North,Male,28,0,115,1
Blue One M,Far North,Female,23,2,101,1
Blue One L,Centre,Female,32,2,117,1
Blue One M,West,Female,26,0,81,1
Blue One M,Centre,Male,24,0,90,1
Blue One M,West,Male,28,3,157,0
Blue One L,Adamawa,Male,24,0,159,1
Blue One L,North,Male,33,0,147,1
Blue One L,East,Female,26,3,184,0
Blue One L,North West,Male,28,0,163,1
Blue One L,Far North,Male,23,0,144,1
Blue One L,Centre,Male,25,2,107,1
Blue One L,North,Male,32,2,86,1
Blue One L,Centre,Female,30,2,203,0
Blue One M,Centre,Male,28,2,93,1
Blue One L,South West,Female,31,2,63,1
Blue One L,Adamawa,Male,28,2,161,1
Blue One M,Centre,Male,31,2,154,0
Blue One L,East,Female,26,0,92,1
Blue One L,West,Male,33,2,194,0
Blue One L,Adamawa,Female,26,2,106,1
Blue One L,Adamawa,Male,29,0,88,1
Blue One L,Littoral,Male,26,2,181,0
Blue One L,Centre,Male,22,2,173,0
Blue One L,North,Female,29,2,61,1
Blue One L,North West,Male,27,2,67,1
Blue One L,South West,Female,30,2,66,1
Blue One M,Adamawa,Female,20,0,100,1
Blue One L,Littoral,Female,25,2,91,1
Blue One L,Littoral,Male,31,2,206,0
Blue One L,East,Male,26,0,199,1
Blue One L,Far North,Male,27,0,203,1
Blue One L,Adamawa,Male,28,2,199,0
Blue One L,Adamawa,Female,29,3,200,0
Blue One L,North,Female,29,2,200,0
Blue One L,South,Female,29,2,121,1
Blue One L,North,Female,28,0,102,1
Blue One L,Far North,Male,32,0,91,1
Blue One L,North,Male,32,2,201,0
Blue One L,Far North,Male,30,2,63,1
Blue One S,Littoral,Female,22,2,48,0
Blue One S,Adamawa,Male,19,1,40,0
Blue One S,West,Female,22,2,46,0
Blue One S,West,Male,23,2,45,0
Blue One L,Adamawa,Male,23,0,168,1
Blue One M,East,Male,17,0,118,1
Blue One M,South West,Male,26,0,88,1
Blue One M,North,Male,26,2,101,1
Blue One M,Adamawa,Female,21,0,146,1
Blue One M,North,Male,27,0,92,1
Blue One M,South,Female,25,2,63,1
Blue One L,West,Male,28,2,64,1
Blue One M,Far North,Male,25,3,122,0
Blue One L,East,Male,21,2,103,1
Blue One L,Far North,Male,26,0,111,1
Blue One L,West,Male,33,2,176,0
Blue One L,East,Female,30,3,177,0
Blue One L,South West,Male,29,2,176,0
Blue One L,Far North,Male,24,3,177,0
Blue One L,West,Female,24,2,92,1
Blue One L,East,Female,25,0,164,1
Blue One L,East,Male,25,0,61,1
Blue One L,South West,Male,28,0,107,1
Blue One M,East,Female,27,2,101,1
Blue One L,West,Female,22,0,155,1
Blue One L,West,Male,27,2,151,1
Blue One M,South West,Male,20,0,148,1
Blue One L,Far North,Female,21,0,187,1
Blue One L,South,Male,31,3,175,0
Blue One M,Adamawa,Male,28,2,75,0
Blue One M,South West,Male,29,2,109,0
Blue One S,West,Male,21,1,55,0
Blue One L,East,Male,27,2,171,0
Blue One M,Littoral,Male,27,3,157,0
Blue One M,West,Male,24,3,161,0
Blue One L,West,Male,31,2,170,0
Blue One L,Far North,Male,26,3,166,0
Blue One L,North West,Male,27,0,148,1
Blue One L,West,Male,24,2,164,0
Blue One M,South West,Female,23,0,97,1
Blue One M,West,Male,23,0,94,1
Blue One M,Centre,Male,27,3,147,0
Blue One M,East,Female,26,0,75,1
Blue One M,Centre,Female,22,2,92,1
Blue One M,North West,Female,26,2,137,0
Blue One M,Littoral,Female,28,2,123,0
Blue One M,South West,Female,19,0,108,1
Blue One M,Adamawa,Female,22,0,81,1
Blue One M,Far North,Female,23,3,130,0
Blue One M,North West,Male,23,3,132,0
Blue One M,South,Male,24,3,126,0
Blue One M,Adamawa,Male,31,0,90,1
Blue One M,South,Male,29,2,146,1
Blue One M,South,Male,20,0,91,1
Blue One M,Littoral,Female,30,2,90,1
Blue One M,Centre,Male,26,2,152,0
Blue One M,South,Male,25,0,107,1
Blue One M,North,Male,28,3,139,0
Blue One M,West,Female,23,0,61,1
Blue One S,South West,Female,26,2,51,0
Blue One M,Adamawa,Male,21,0,75,1
Blue One M,Adamawa,Male,24,0,62,1
Blue One M,East,Male,19,2,66,1
Blue One M,Far North,Male,27,2,70,1
Blue One M,Centre,Female,25,0,61,1
Blue One S,West,Female,21,1,25,0
Blue One M,North,Male,27,0,64,1
Blue One M,South West,Female,28,2,68,1
Blue One L,North,Male,24,0,118,1
Blue One S,West,Male,19,1,25,0
Blue One M,Littoral,Male,27,3,140,0
Blue One M,North West,Male,25,3,145,0
Blue One M,South West,Male,24,3,144,0
Blue One M,South West,Male,21,2,150,0
Blue One M,North West,Male,31,2,98,1
Blue One M,Centre,Female,26,0,82,1
Blue One M,Adamawa,Female,25,2,136,0
Blue One M,West,Female,22,0,94,1
Blue One M,Far North,Male,25,2,67,1
Blue One M,South,Male,23,2,98,0
Blue One M,Littoral,Female,26,2,89,1
Blue One M,Far North,Male,21,2,151,0
Blue One L,Littoral,Female,26,2,166,0
Blue One M,North,Female,26,0,131,1
Blue One M,Littoral,Female,23,2,117,0
Blue One M,Adamawa,Female,24,3,136,0
Blue One M,Littoral,Male,24,0,108,1
Blue One M,Littoral,Male,27,2,152,0
Blue One M,Centre,Female,25,0,73,1
Blue One M,Adamawa,Male,29,0,146,1
Blue One M,South,Female,21,3,87,0
Blue One M,Far North,Male,21,3,96,0
Blue One S,West,Female,29,1,47,0
Blue One M,West,Male,24,3,126,0
Blue One M,East,Male,29,2,115,1
Blue One M,Centre,Female,24,2,91,1
Blue One M,Adamawa,Female,22,2,157,0
Blue One M,Adamawa,Female,21,3,107,0
Blue One M,South,Male,29,3,110,0
Blue One M,North West,Male,26,2,112,0
Blue One M,East,Male,25,2,87,1
Blue One M,West,Male,20,2,130,1
Blue One M,Centre,Male,21,2,66,1
Blue One M,West,Male,24,2,80,1
Blue One M,South West,Male,23,3,83,0
Blue One M,North,Male,26,0,68,1
Blue One L,Centre,Male,29,3,177,0
Blue One L,North,Male,26,3,176,0
Blue One L,North West,Male,23,2,123,1
Blue One L,Centre,Female,27,0,80,1
Blue One L,Far North,Male,26,0,91,1
Blue One L,North,Female,26,2,195,0
Blue One L,Littoral,Female,28,2,81,1
Blue One L,Centre,Female,28,3,194,0
Blue One L,East,Female,26,2,163,1
Blue One L,Adamawa,Male,21,2,172,1
Blue One L,Far North,Male,28,2,84,1
Blue One L,Far North,Male,28,0,81,1
Blue One L,Littoral,Male,29,3,186,0
Blue One L,South,Female,26,2,181,0
Blue One L,South West,Female,22,2,182,0
Blue One L,North,Male,24,0,153,1
Blue One L,North,Male,28,2,172,0
Blue One L,West,Male,22,0,100,1
Blue One L,Littoral,Male,24,2,178,0
Blue One L,Adamawa,Female,27,3,200,0
Blue One L,East,Female,25,3,198,0
Blue One L,East,Female,25,2,200,0
Blue One M,Littoral,Male,23,0,68,1
Blue One L,Centre,Female,27,3,193,0
Blue One L,Adamawa,Female,22,2,111,1
Blue One L,North West,Male,27,0,118,1
Blue One M,Far North,Male,26,2,103,1
Blue One L,South,Female,30,2,103,1
Blue One L,South,Female,29,0,67,1
Blue One L,South,Male,26,0,106,1
Blue One L,West,Male,25,0,62,1
Blue One M,Littoral,Female,19,2,157,0
Blue One L,North West,Female,26,0,138,1
Blue One S,South,Male,25,1,42,0
Blue One L,Centre,Male,28,2,200,0
Blue One L,South West,Male,24,2,170,1
Blue One L,Far North,Male,26,2,199,0
Blue One L,Adamawa,Female,21,0,61,1
Blue One L,Far North,Male,32,3,200,0
Blue One L,Far North,Male,27,0,151,1
Blue One L,North West,Male,29,0,67,1
Blue One L,East,Female,21,0,105,1
Blue One L,Adamawa,Male,25,2,115,1
Blue One L,East,Female,27,0,130,1
Blue One L,Centre,Female,33,2,84,1
Blue One L,South West,Female,24,0,160,1
Blue One L,South West,Female,23,3,203,0
Blue One L,South,Female,24,3,206,0
Blue One L,North West,Male,22,2,63,1
Blue One L,East,Female,31,0,64,1
Blue One L,Centre,Male,29,0,138,1
Blue One L,North,Male,25,0,73,1
Blue One L,Centre,Female,21,3,201,0
Blue One L,West,Female,28,2,206,0
Blue One L,Adamawa,Male,27,2,74,1
Blue One L,North West,Male,26,2,61,1
Blue One L,North West,Female,32,0,126,1
Blue One L,North,Male,28,2,194,0
Blue One L,East,Male,25,2,194,0
Blue One L,Littoral,Female,25,2,115,1
Blue One L,South,Female,28,2,101,1
Blue One S,Adamawa,Female,20,1,42,0
Blue One L,East,Female,31,2,101,1
Blue One L,Centre,Male,27,2,203,0
Blue One L,Littoral,Female,25,2,193,0
Blue One L,Adamawa,Male,32,2,99,1
Blue One L,West,Male,20,2,179,0
Blue One L,North,Female,26,0,183,1
Blue One L,North,Female,28,3,201,0
Blue One L,Littoral,Female,27,2,202,0
Blue One L,West,Female,28,2,203,0
Blue One L,South West,Male,29,2,163,1
Blue One M,East,Male,22,2,136,0
Blue One L,West,Female,32,2,192,0
Blue One L,South West,Female,25,3,189,0
Blue One L,Far North,Female,26,2,190,0
Blue One L,Centre,Male,20,2,139,1
Blue One L,East,Male,30,0,151,1
Blue One L,Adamawa,Male,28,2,193,0
Blue One L,Littoral,Male,24,2,153,1
Blue One L,North West,Female,28,0,171,1
Blue One L,Centre,Male,29,2,124,1
Blue One L,West,Female,25,2,203,0
Blue One L,Adamawa,Female,27,3,199,0
Blue One L,North West,Male,29,0,90,1
Blue One L,West,Male,27,2,199,0
Blue One L,Far North,Male,25,0,122,1
Blue One L,Littoral,Female,29,2,123,1
Blue One L,East,Male,27,2,120,1
Blue One L,West,Male,24,2,162,1
Blue One L,North West,Female,27,0,165,1
Blue One L,South,Female,30,2,188,0
Blue One L,Littoral,Female,28,0,69,1
Blue One L,Centre,Male,27,2,89,1
Blue One L,Centre,Male,29,2,156,1
Blue One L,South West,Male,27,2,90,1
Blue One L,North,Male,28,0,123,1
Blue One L,West,Female,25,0,173,1
Blue One L,South,Female,29,2,191,1
Blue One L,Adamawa,Male,24,3,195,0
Blue One L,South,Female,27,0,105,1
Blue One L,North,Male,29,0,94,1
Blue One L,Adamawa,Female,27,2,63,1
Blue One L,Adamawa,Male,25,0,69,1
Blue One L,North West,Female,25,0,63,1
Blue One L,North West,Female,32,0,131,1
Blue One L,Littoral,Male,24,3,192,0
Blue One L,Centre,Female,21,0,149,1
Blue One L,Adamawa,Female,29,3,203,0
Blue One L,Far North,Female,30,0,100,1
Blue One L,Centre,Female,31,0,63,1
Blue One L,Adamawa,Female,21,0,140,1
Blue One L,South,Female,27,2,133,1
Blue One L,Far North,Male,27,3,201,0
Blue One L,South West,Female,27,2,192,0
Blue One L,North,Male,24,2,178,1
Blue One L,South West,Male,32,2,199,0
Blue One L,Adamawa,Male,28,3,196,0
Blue One M,East,Female,26,0,71,1
Blue One L,Far North,Female,24,0,150,1
Blue One L,Littoral,Male,30,0,62,1
Blue One L,North West,Male,28,2,196,0
Blue One L,North West,Male,28,0,61,1
Blue One L,North West,Female,26,2,143,1
Blue One L,North,Male,25,2,191,0
Blue One L,Centre,Male,27,3,167,0
Blue One L,East,Male,23,3,191,0
Blue One L,East,Male,24,0,173,1
Blue One L,West,Male,27,2,173,1
Blue One M,Centre,Male,26,0,125,1
Blue One M,Adamawa,Male,26,2,90,0
Blue One L,South West,Male,30,0,96,1
Blue One M,South,Male,22,2,153,0
Blue One L,Adamawa,Male,25,0,139,1
Blue One L,Centre,Male,22,2,148,1
Blue One L,South,Male,26,0,70,1
Blue One M,Far North,Male,28,0,104,1
Blue One L,South,Female,28,2,62,1
Blue One L,North,Male,24,2,175,1
Blue One S,Far North,Male,25,1,41,0
Blue One L,North West,Male,27,2,70,1
Blue One L,Far North,Male,30,3,185,0
Blue One L,Adamawa,Male,28,2,186,0
Blue One L,Adamawa,Female,26,2,77,1
Blue One L,South West,Female,29,2,66,1
Blue One L,South West,Male,29,0,105,1
Blue One M,South,Male,24,0,117,1
Blue One L,East,Male,28,3,186,0
Blue One L,Adamawa,Female,24,0,148,1
Blue One L,South,Female,27,3,187,0
Blue One L,South West,Male,24,2,188,0
Blue One L,South West,Female,31,2,192,0
Blue One L,North,Female,24,3,192,0
Blue One L,East,Male,23,0,142,1
Blue One L,North West,Male,25,3,189,0
Blue One L,North,Male,23,2,108,1
Blue One L,Littoral,Male,25,3,188,0
Blue One L,Adamawa,Male,28,2,186,0
Blue One L,South,Male,33,2,61,1
Blue One L,East,Male,20,3,177,0
Blue One L,Littoral,Female,29,2,111,1
Blue One L,South West,Male,28,3,187,0
Blue One L,West,Male,26,0,118,1
Blue One L,Far North,Male,29,3,182,0
Blue One L,North,Male,28,0,113,1
Blue One L,Centre,Male,26,0,63,1
Blue One L,Centre,Male,26,2,101,1
Blue One L,South West,Male,27,2,69,1
Blue One L,South West,Male,28,0,80,1
Blue One L,South West,Female,23,2,163,1
Blue One L,Centre,Female,27,3,186,0
Blue One L,Centre,Male,29,2,184,0
Blue One L,North,Male,29,3,183,0
Blue One L,West,Female,29,3,183,0
Blue One L,West,Male,25,2,187,0
Blue One L,West,Male,32,3,186,0
Blue One S,South,Female,25,2,45,0
Blue One L,East,Female,33,2,166,0
Blue One L,Adamawa,Male,27,2,175,0
Blue One L,Far North,Male,26,2,97,1
Blue One L,South,Male,30,3,184,0
Blue One L,West,Female,26,2,184,0
Blue One S,Far North,Female,17,1,35,0
Blue One M,South West,Female,27,2,158,0
Blue One L,Littoral,Female,27,2,182,0
Blue One L,Centre,Male,23,0,108,1
Blue One S,South,Female,26,1,35,0
Blue One L,North West,Male,33,2,184,0
Blue One L,North,Male,27,2,115,1
Blue One L,Adamawa,Female,25,3,184,0
Blue One L,South,Male,26,2,95,1
Blue One L,North West,Female,25,2,152,1
Blue One L,West,Male,29,3,182,0
Blue One L,Far North,Female,23,2,75,1
Blue One L,Littoral,Female,24,0,137,1
Blue One L,South,Female,24,0,63,1
Blue One L,Centre,Male,28,0,68,1
Blue One M,Centre,Male,32,2,164,0
Blue One L,North West,Female,23,2,95,1
Blue One L,North West,Female,23,3,182,0
Blue One L,North West,Male,25,2,172,0
Blue One L,South West,Male,29,2,166,0
Blue One L,Littoral,Male,29,2,184,0
Blue One L,Adamawa,Male,24,0,106,1
Blue One L,East,Female,27,2,77,1
Blue One L,North West,Male,29,2,184,0
Blue One L,East,Male,27,2,69,1
Blue One L,North West,Male,29,0,62,1
Blue One L,Littoral,Female,24,2,170,1
Blue One L,North West,Female,27,2,138,1
Blue One L,East,Female,27,2,182,0
Blue One L,Littoral,Female,24,0,90,1
Blue One L,North West,Female,24,3,182,0
Blue One L,Centre,Male,23,0,175,1
Blue One L,South West,Male,28,0,97,1
Blue One L,North,Female,27,2,158,1
Blue One L,East,Female,30,2,172,0
Blue One M,South West,Female,25,0,72,1
Blue One L,South West,Male,30,3,175,0
Blue One M,North West,Male,26,2,157,1
Blue One L,South West,Male,27,0,86,1
Blue One L,North West,Female,31,3,179,0
Blue One L,South West,Male,29,2,144,1
Blue One M,Littoral,Male,28,0,118,1
Blue One L,South,Female,28,2,141,1
Blue One M,Centre,Male,27,3,150,0
Blue One L,North West,Female,25,2,173,0
Blue One L,East,Male,26,2,168,0
Blue One L,North,Male,24,3,180,0
Blue One L,Centre,Male,28,0,173,1
Blue One L,East,Male,31,2,173,0
Blue One L,Far North,Male,25,3,173,0
Blue One L,West,Male,31,2,173,0
Blue One L,West,Male,33,0,110,1
Blue One L,Littoral,Female,30,2,175,0
Blue One L,East,Female,28,0,140,1
Blue One L,Littoral,Female,32,2,173,0
Blue One L,South West,Male,27,2,114,1
Blue One L,West,Male,26,0,152,1
Blue One M,South,Male,29,0,115,1
Blue One M,Far North,Male,25,2,64,1
Blue One M,South,Female,26,0,107,1
Blue One M,Centre,Female,23,2,83,1
Blue One L,Far North,Female,28,0,77,1
Blue One L,South,Female,24,2,63,1
Blue One L,North West,Female,26,3,174,0
Blue One M,West,Male,23,2,160,0
Blue One L,West,Male,31,2,89,1
Blue One M,Adamawa,Male,28,3,138,0
Blue One L,South,Male,26,2,92,1
Blue One L,North West,Male,28,3,172,0
Blue One L,Littoral,Male,21,3,175,0
Blue One L,South,Male,24,2,175,0
Blue One L,North West,Female,29,2,176,0
Blue One L,Littoral,Male,27,2,176,0
Blue One L,Adamawa,Male,32,2,92,1
Blue One M,South,Male,23,0,91,1
Blue One L,Adamawa,Male,19,0,71,1
Blue One M,South West,Female,23,2,160,0
Blue One L,South West,Female,32,2,165,0
Blue One L,North,Male,28,2,62,1
Blue One M,South,Female,25,3,150,0
Blue One L,North West,Female,25,0,76,1
Blue One L,Far North,Female,27,3,168,0
Blue One M,West,Male,26,0,126,1
Blue One L,North,Male,30,2,172,0
Blue One L,North West,Female,25,0,155,1
Blue One L,North West,Female,24,3,171,0
Blue One L,Far North,Female,26,2,170,0
Blue One L,South West,Female,29,2,172,0
Blue One L,West,Female,23,3,172,0
Blue One L,Centre,Male,30,0,83,1
Blue One M,Centre,Male,25,3,163,0
Blue One L,East,Male,25,2,171,1
Blue One M,Adamawa,Female,22,0,115,1
Blue One M,South,Female,28,2,135,1
Blue One M,West,Male,23,2,145,0
Blue One M,Littoral,Male,27,2,116,0
Blue One M,Centre,Male,23,3,154,0
Blue One M,South,Male,27,2,100,1
Blue One L,Littoral,Male,29,2,164,0
Blue One M,South West,Male,31,0,152,1
Blue One M,Far North,Male,27,3,101,0
Blue One L,North,Male,23,2,141,1
Blue One L,West,Male,24,2,152,1
Blue One L,North West,Male,30,3,168,0
Blue One M,West,Female,25,2,160,0
Blue One M,Far North,Female,22,0,87,1
Blue One M,West,Male,28,0,107,1
Blue One M,Far North,Male,24,2,162,0
Blue One L,Centre,Male,29,0,95,1
Blue One M,South,Female,26,3,164,0
Blue One M,South,Female,22,0,114,1
Blue One L,Littoral,Male,24,3,167,0
Blue One M,North West,Male,25,2,161,0
Blue One L,North West,Male,27,0,110,1
Blue One L,Centre,Female,30,2,165,0
Blue One L,West,Male,22,3,168,0
Blue One M,Adamawa,Male,27,3,160,0
Blue One M,Far North,Male,23,0,86,1
Blue One M,Far North,Male,26,2,90,1
Blue One M,Centre,Male,30,0,150,1
Blue One L,South,Female,28,3,168,0
Blue One L,Far North,Female,30,2,165,0
Blue One L,West,Male,30,2,166,0
Blue One L,Adamawa,Male,28,2,166,0
Blue One L,South,Female,30,2,167,0
Blue One L,South,Male,30,2,165,0
Blue One M,Far North,Female,22,3,160,0
Blue One L,South West,Male,17,2,165,0
Blue One M,Littoral,Female,29,2,139,1
Blue One M,Centre,Male,26,2,154,0
Blue One M,South West,Male,29,2,159,0
Blue One M,North West,Female,28,2,145,0
Blue One M,East,Female,29,0,143,1
Blue One L,West,Male,26,3,165,0
Blue One M,Littoral,Male,22,2,160,0
Blue One M,South West,Female,24,2,161,0
Blue One L,North West,Male,30,0,137,1
Blue One M,South West,Male,28,0,96,1
Blue One M,South,Male,24,2,154,0
Blue One M,South,Male,20,3,158,0
Blue One M,Far North,Female,27,2,69,1
Blue One M,South West,Female,28,3,148,0
Blue One M,South,Male,22,0,93,1
Blue One M,East,Female,26,0,106,1
Blue One M,East,Female,23,3,115,0
Blue One M,Far North,Male,23,0,143,1
Blue One M,East,Female,25,0,75,1
Blue One M,Centre,Male,25,0,110,1
Blue One M,Adamawa,Female,25,2,160,0
Blue One M,Adamawa,Male,21,2,119,1
Blue One M,Littoral,Male,29,2,103,1
Blue One M,North,Male,24,0,129,1
Blue One M,Littoral,Female,25,3,161,0
Blue One M,Centre,Female,28,2,91,1
Blue One M,Littoral,Female,30,2,161,0
Blue One L,Littoral,Male,30,3,165,0
Blue One M,South,Female,29,0,95,1
Blue One M,Centre,Female,24,2,164,0
Blue One M,North West,Female,24,3,151,0
Blue One M,North,Male,24,3,161,0
Blue One M,South,Female,29,2,145,1
Blue One M,South West,Male,26,0,78,1
Blue One M,North West,Female,31,2,67,1
Blue One M,Littoral,Male,28,0,110,1
Blue One M,West,Male,27,0,63,1
Blue One M,North West,Male,24,0,112,1
Blue One M,Far North,Male,29,2,160,0
Blue One M,South West,Female,29,3,159,0
Blue One L,North West,Male,22,2,109,1
Blue One M,Far North,Female,19,2,96,1
Blue One M,Adamawa,Male,22,0,118,1
Blue One M,Littoral,Female,27,3,152,0
Blue One M,South,Male,25,2,91,1
Blue One M,Far North,Male,25,0,100,1
Blue One M,West,Female,22,0,67,1
Blue One M,Centre,Male,27,3,102,0
Blue One M,South,Male,28,0,93,1
Blue One M,Littoral,Female,22,2,81,1
Blue One M,South West,Male,22,0,127,1
Blue One M,Centre,Female,27,0,141,1
Blue One M,Centre,Male,29,0,71,1
Blue One M,East,Male,27,0,81,1
Blue One M,West,Male,26,2,154,0
Blue One M,West,Female,25,2,64,1
Blue One M,South West,Male,26,2,152,0
Blue One M,Centre,Female,22,3,133,0
Blue One M,North West,Female,22,0,128,1
Blue One M,South West,Female,20,0,63,1
Blue One M,East,Male,25,2,153,0
Blue One M,Adamawa,Male,23,2,142,1
Blue One M,Littoral,Female,22,3,151,0
Blue One M,East,Male,28,3,151,0
Blue One M,Centre,Female,31,2,77,1
Blue One M,North,Male,27,2,146,0
Blue One M,Littoral,Male,27,3,143,0
Blue One M,West,Male,23,2,102,1
Blue One M,South,Male,23,2,65,1
Blue One M,South,Male,27,0,64,1
Blue One M,North West,Female,25,2,122,1
Blue One M,Centre,Male,31,3,153,0
Blue One M,North,Male,30,0,95,1
Blue One M,Adamawa,Male,22,0,63,1
Blue One M,North,Female,19,0,64,1
Blue One M,North,Male,17,3,126,0
Blue One M,South West,Male,23,2,67,1
Blue One M,South,Male,25,2,133,0
Blue One M,Centre,Female,22,0,89,1
Blue One M,Centre,Male,25,2,126,0
Blue One M,North West,Male,22,2,140,0
Blue One M,North,Male,31,0,124,1
Blue One M,North West,Female,23,3,120,0
Blue One M,Littoral,Female,31,2,74,1
Blue One M,Far North,Female,26,2,139,0
Blue One M,North West,Female,28,2,62,1
Blue One M,Littoral,Female,23,3,141,0
Blue One M,Adamawa,Female,25,3,139,0
Blue One M,West,Female,29,2,142,0
Blue One M,Adamawa,Male,29,2,63,1
Blue One M,North,Male,23,0,134,1
Blue One M,North West,Female,24,2,68,1
Blue One M,North,Female,27,2,119,0
Blue One M,South,Female,20,0,90,1
Blue One M,East,Female,29,2,136,0
Blue One M,East,Male,25,3,125,0
Blue One M,South West,Female,27,0,71,1
Blue One M,South West,Male,25,2,61,1
Blue One M,North,Male,25,2,108,0
Blue One M,North West,Female,24,3,139,0
Blue One M,South West,Female,18,0,73,1
Blue One M,West,Female,25,2,113,1
Blue One M,North West,Female,27,3,140,0
Blue One M,Littoral,Female,24,2,139,0
Blue One M,Littoral,Female,27,2,139,0
Blue One M,Littoral,Female,23,2,140,0
Blue One M,South West,Male,28,3,139,0
Blue One M,South,Female,24,3,128,0
Blue One M,Far North,Male,25,2,70,1
Blue One M,Far North,Female,24,2,90,1
Blue One M,Littoral,Female,25,3,140,0
Blue One M,West,Male,29,2,137,0
Blue One M,Littoral,Male,20,0,74,1
Blue One M,North West,Female,23,2,96,1
Blue One M,Littoral,Male,26,2,132,0
Blue One M,Littoral,Female,25,3,133,0
Blue One M,East,Female,24,0,132,1
Blue One M,South,Male,20,3,143,0
Blue One M,South,Female,23,2,62,1
Blue One M,North,Female,22,2,99,1
Blue One M,North West,Male,26,2,78,1
Blue One M,West,Female,23,2,138,0
Blue One M,West,Male,26,2,138,0
Blue One M,South West,Female,27,2,125,0
Blue One M,Far North,Female,21,3,106,0
Blue One M,West,Male,23,3,91,0
Blue One M,East,Male,20,0,65,1
Blue One M,South West,Female,23,2,90,0
Blue One M,West,Male,31,3,88,0
Blue One M,Far North,Male,21,3,116,0
Blue One M,Centre,Female,24,2,119,0
Blue One S,Littoral,Male,24,2,13,0
Blue One M,North West,Female,20,2,81,0
Blue One M,East,Male,28,2,64,1
Blue One M,Adamawa,Female,23,3,126,0
Blue One M,South West,Female,24,3,131,0
Blue One M,North West,Male,26,2,75,1
Blue One M,Far North,Male,24,3,131,0
Blue One M,West,Male,27,3,129,0
Blue One M,North,Male,24,3,131,0
Blue One M,West,Female,23,0,78,1
Blue One M,Centre,Male,22,2,131,0
Blue One M,North West,Male,26,3,130,0
Blue One M,North West,Male,32,2,86,1
Blue One M,West,Male,20,0,105,1
Blue One M,East,Female,27,3,122,0
Blue One M,West,Female,23,3,125,0
Blue One M,North,Male,26,2,76,0
Blue One M,Centre,Female,25,2,124,1
Blue One M,North,Male,26,0,103,1
Blue One M,South,Female,22,2,126,0
Blue One M,Littoral,Female,25,3,126,0
Blue One M,East,Female,23,0,97,1
Blue One M,West,Female,27,3,127,0
Blue One M,Far North,Female,32,2,118,1
Blue One M,South West,Female,24,2,68,1
Blue One S,North,Male,19,2,55,0
Blue One M,South,Male,23,0,77,1
Blue One M,Far North,Male,27,0,63,1
Blue One M,South West,Male,21,2,118,0
Blue One M,Littoral,Male,22,2,98,1
Blue One M,North,Male,24,2,65,1
Blue One M,South West,Male,21,2,70,1
Blue One M,East,Female,23,3,122,0
Blue One M,South West,Male,18,2,112,0
Blue One M,South West,Male,24,2,71,1
Blue One M,North,Male,24,0,116,1
Blue One M,Centre,Male,22,2,112,1
Blue One M,North West,Female,26,2,88,1
Blue One M,Centre,Female,20,2,121,0
Blue One M,West,Male,26,0,77,1
Blue One M,South,Male,26,2,98,1
Blue One M,Adamawa,Male,25,2,119,0
Blue One M,North West,Male,21,3,124,0
Blue One M,Far North,Female,25,2,123,0
Blue One M,North,Male,22,2,124,0
Blue One M,North,Male,28,2,123,0
Blue One M,Far North,Female,23,2,113,1
Blue One M,Littoral,Female,25,2,103,0
Blue One M,North,Male,24,2,116,0
Blue One M,Adamawa,Female,25,2,68,1
Blue One M,East,Female,24,0,66,1
Blue One M,East,Male,27,2,116,0
Blue One M,West,Male,25,0,86,1
Blue One M,Littoral,Male,20,3,116,0
Blue One M,South West,Female,22,3,114,0
Blue One M,Adamawa,Male,22,3,119,0
Blue One M,East,Male,26,3,122,0
Blue One M,Far North,Female,23,2,119,0
Blue One M,Littoral,Female,29,3,119,0
Blue One M,South West,Female,26,3,112,0
Blue One M,Centre,Female,23,2,61,1
Blue One M,Littoral,Female,27,2,131,0
Blue One M,Centre,Male,26,3,136,0
Blue One S,North West,Female,26,2,52,0
Blue One M,Littoral,Male,24,3,132,0
Blue One M,Littoral,Male,27,2,137,0
Blue One M,Adamawa,Female,19,2,77,1
Blue One M,Littoral,Female,27,2,82,1
Blue One M,Littoral,Female,30,3,133,0
Blue One M,Far North,Male,28,2,102,1
Blue One M,North,Male,23,0,76,1
Blue One M,Adamawa,Male,25,0,96,1
Blue One M,East,Female,26,0,95,1
Blue One M,South West,Female,25,0,98,1
Blue One M,East,Male,19,0,103,1
Blue One M,West,Male,25,3,105,0
Blue One M,South West,Male,27,2,62,1
Blue One M,Littoral,Female,29,2,130,0
Blue One M,North West,Male,26,2,130,0
Blue One M,South,Male,22,2,130,0
Blue One M,East,Male,25,0,125,1
Blue One M,West,Female,28,2,129,0
Blue One M,Far North,Female,21,0,76,1
Blue One M,Adamawa,Male,23,2,83,1
Blue One M,South,Male,23,0,95,1
Blue One M,South,Male,27,2,74,1
Blue One M,Adamawa,Female,26,3,129,0
Blue One M,West,Male,26,2,125,0
Blue One M,Far North,Male,22,3,124,0
Blue One M,Littoral,Female,20,0,91,1
Blue One M,South,Male,22,0,65,1
Blue One M,Centre,Female,21,2,131,1
Blue One M,North West,Male,22,0,62,1
Blue One M,Littoral,Female,29,2,124,0
Blue One M,South West,Female,24,0,66,1
Blue One M,East,Female,30,2,130,0
Blue One M,West,Male,30,3,131,0
Blue One M,Centre,Female,19,2,100,1
Blue One M,Littoral,Female,19,0,126,1
Blue One M,Far North,Male,29,3,132,0
Blue One M,South,Male,26,2,125,1
Blue One M,Littoral,Male,21,2,131,0
Blue One M,South West,Male,20,0,107,1
Blue One M,Far North,Male,24,0,71,1
Blue One S,North West,Female,28,1,37,0
Blue One L,Far North,Male,23,0,132,1
Blue One L,South,Female,30,3,189,0
Blue One S,South,Female,25,1,55,0
Blue One L,North West,Female,33,0,101,1
Blue One M,North,Male,26,0,126,1
Blue One M,Littoral,Female,24,3,154,0
Blue One S,Littoral,Female,17,2,26,0
Blue One M,North,Female,24,3,97,0
Blue One S,South,Male,25,2,19,0
Blue One L,West,Female,24,0,87,1
Blue One L,East,Male,27,3,178,0
Blue One S,South,Female,24,2,30,0
Blue One L,Adamawa,Male,28,2,125,1
Blue One M,North,Male,19,2,148,0
Blue One M,North,Female,29,0,81,1
Blue One L,Far North,Male,28,0,123,1
Blue One M,Littoral,Female,29,2,154,0
Blue One L,Adamawa,Male,29,2,162,1
Blue One L,South West,Female,29,2,173,0
Blue One L,Centre,Female,27,0,89,1
Blue One S,East,Male,20,1,57,0
Blue One S,Centre,Female,18,2,35,0
Blue One L,South,Male,32,2,207,0
Blue One L,North West,Male,22,3,202,0
Blue One L,Littoral,Male,31,2,193,0
Blue One L,Centre,Male,23,2,62,1
Blue One L,Far North,Male,29,2,175,0
Blue One L,North West,Male,22,0,90,1
Blue One L,North West,Male,25,3,180,0
Blue One M,Adamawa,Female,24,0,79,1
Blue One S,Centre,Female,24,1,46,0
Blue One M,Centre,Male,26,2,99,0
Blue One M,East,Female,30,3,75,0
Blue One M,Far North,Male,29,3,105,0
Blue One M,North,Female,24,2,83,0
Blue One M,Far North,Female,29,3,82,0
Blue One S,Adamawa,Female,19,1,51,0
Blue One S,South,Male,21,2,59,0
Blue One S,Littoral,Female,26,2,55,0
Blue One L,East,Female,26,2,61,1
Blue One M,Littoral,Male,22,2,84,0
Blue One M,South,Female,23,2,103,0
Blue One L,North West,Male,26,2,173,1
Blue One M,West,Male,21,2,103,0
Blue One L,West,Male,29,0,72,1
Blue One L,Adamawa,Female,22,0,92,1
Blue One S,Adamawa,Male,25,2,74,0
Blue One L,North West,Male,26,3,173,0
Blue One M,Far North,Male,21,3,104,0
Blue One L,Far North,Male,27,0,72,1
Blue One M,Far North,Male,25,0,73,1
Blue One L,Littoral,Female,26,0,175,1
Blue One M,West,Male,27,2,92,1
Blue One M,Adamawa,Female,22,3,77,0
Blue One S,Littoral,Female,24,1,31,0
Blue One L,East,Female,28,2,120,1
Blue One S,North West,Female,28,2,59,0
Blue One S,South West,Female,24,2,58,0
Blue One S,North,Male,20,1,46,0
Blue One M,Centre,Male,25,3,135,0
Blue One M,Far North,Male,24,0,143,1
Blue One L,South West,Male,23,2,63,1
Blue One M,East,Male,21,2,102,0
Blue One S,West,Male,19,2,33,0
Blue One M,Littoral,Female,28,0,86,1
Blue One M,North West,Female,23,2,159,0
Blue One S,North,Male,23,2,18,0
Blue One S,East,Female,21,2,11,0
Blue One S,Littoral,Female,22,2,14,0
Blue One M,West,Male,19,2,102,0
Blue One M,North,Male,21,3,81,0
Blue One S,Littoral,Male,26,2,50,0
Blue One M,West,Male,26,2,128,1
Blue One L,North,Male,26,2,117,1
Blue One M,West,Female,29,2,91,1
Blue One M,Littoral,Male,24,3,134,0
Blue One M,South West,Female,21,2,136,0
Blue One S,East,Male,24,1,54,0
Blue One M,North West,Male,27,2,82,0
Blue One S,Adamawa,Male,25,2,61,0
Blue One S,South West,Female,22,2,42,0
Blue One L,Centre,Female,29,2,200,0
Blue One L,Far North,Male,20,2,116,1
Blue One L,East,Male,23,2,62,1
Blue One L,North,Female,19,3,178,0
Blue One M,North West,Male,27,3,161,0
Blue One M,North,Male,30,3,98,0
Blue One S,Far North,Male,27,1,28,0
Blue One M,South West,Male,24,3,110,0
Blue One L,East,Female,21,0,91,1
Blue One M,Littoral,Female,28,0,62,1
Blue One M,Far North,Male,22,2,72,1
Blue One M,Far North,Male,23,3,91,0
Blue One L,South West,Female,27,0,148,1
Blue One L,East,Male,23,2,207,0
Blue One L,West,Male,26,2,202,0
Blue One L,North,Male,22,2,182,0
Blue One L,Adamawa,Female,32,0,85,1
Blue One M,West,Female,26,0,103,1
Blue One M,Littoral,Male,23,3,99,0
Blue One S,West,Female,17,1,59,0
Blue One S,East,Female,21,1,29,0
Blue One S,North,Male,17,2,36,0
Blue One S,South West,Female,17,2,20,0
Blue One M,East,Female,20,0,70,1
Blue One M,South West,Male,24,2,83,0
Blue One M,East,Female,23,3,146,0
Blue One M,Far North,Male,30,3,150,0
Blue One L,Centre,Male,28,3,201,0
Blue One L,Adamawa,Male,23,3,206,0
Blue One L,East,Male,31,3,202,0
Blue One M,Littoral,Female,19,2,144,0
Blue One M,Adamawa,Male,28,2,94,1
Blue One M,South,Female,22,0,68,1
Blue One M,North,Male,19,3,111,0
Blue One L,Adamawa,Female,26,2,73,1
Blue One M,Centre,Female,23,2,140,1
Blue One M,West,Female,25,0,78,1
Blue One S,South,Female,26,2,46,0
Blue One S,Centre,Male,18,1,24,0
Blue One L,Centre,Female,27,2,203,0
Blue One S,Centre,Male,23,1,14,0
Blue One S,East,Female,17,1,12,0
Blue One M,West,Female,27,2,110,0
Blue One L,West,Male,27,0,157,1
Blue One M,Centre,Female,27,2,82,1
Blue One M,North West,Female,23,3,82,0
Blue One S,Littoral,Male,20,1,53,0
Blue One S,Adamawa,Male,17,1,35,0
Blue One S,West,Male,21,2,30,0
Blue One L,South,Female,28,2,91,1
Blue One L,Far North,Female,23,0,89,1
Blue One M,Far North,Female,25,0,127,1
Blue One M,East,Female,24,2,164,0
Blue One M,Centre,Male,19,2,164,0
Blue One M,East,Male,25,2,91,0
Blue One M,Centre,Male,24,2,114,1
Blue One M,Far North,Male,24,3,129,0
Blue One M,Adamawa,Male,23,2,95,0
Blue One M,Centre,Female,22,2,102,1
Blue One L,Centre,Female,21,2,182,0
Blue One M,Littoral,Male,24,2,98,0
Blue One L,East,Male,23,2,105,1
Blue One L,Littoral,Male,27,0,131,1
Blue One L,South West,Male,23,2,174,0
Blue One L,North West,Female,26,0,122,1
Blue One M,West,Male,21,0,67,1
Blue One M,East,Male,26,3,92,0
Blue One L,West,Male,21,3,178,0
Blue One L,North West,Female,26,0,76,1
Blue One L,Far North,Female,32,0,104,1
Blue One L,South West,Male,30,0,119,1
Blue One L,Littoral,Male,29,3,192,0
Blue One M,Littoral,Female,23,0,122,1
Blue One S,South West,Male,25,2,36,0
Blue One L,Centre,Male,23,2,203,0
Blue One L,Centre,Male,31,2,163,1
Blue One L,West,Female,28,0,81,1
Blue One M,West,Female,27,2,147,0
Blue One L,West,Male,26,3,171,0
Blue One M,East,Male,26,2,74,1
Blue One M,West,Male,20,2,127,1
Blue One M,West,Male,28,2,154,0
Blue One M,Centre,Male,24,0,77,1
Blue One S,Centre,Female,23,2,46,0
Blue One S,North West,Male,19,1,33,0
Blue One S,Littoral,Female,27,1,31,0
Blue One M,North West,Male,24,2,125,0
Blue One M,Far North,Male,25,2,125,1
Blue One M,Adamawa,Female,23,2,82,1
Blue One L,Far North,Male,20,0,110,1
Blue One M,Adamawa,Female,24,2,111,0
Blue One L,Adamawa,Female,28,0,177,1
Blue One M,Centre,Male,28,3,153,0
Blue One M,South,Male,25,2,79,0
Blue One L,Littoral,Female,27,3,202,0
Blue One L,Centre,Male,29,2,61,1
Blue One L,Littoral,Female,23,0,65,1
Blue One L,Far North,Male,30,2,166,1
Blue One M,South,Male,32,3,153,0
Blue One M,North,Male,25,2,124,0
Blue One L,South,Male,30,2,130,1
Blue One L,Littoral,Female,28,2,92,1
Blue One L,South,Female,26,0,157,1
Blue One L,Adamawa,Male,26,0,87,1
Blue One L,West,Female,24,3,187,0
Blue One L,South West,Male,29,3,194,0
Blue One L,North,Male,28,0,113,1
Blue One L,South,Female,24,2,203,0
Blue One L,South West,Male,31,2,63,1
Blue One L,Littoral,Male,28,3,174,0
Blue One M,Adamawa,Male,30,3,158,0
Blue One L,Littoral,Male,20,2,168,0
Blue One L,Adamawa,Female,24,0,101,1
Blue One L,Adamawa,Female,26,2,185,1
Blue One L,South West,Female,25,2,160,1
Blue One L,Adamawa,Female,29,3,165,0
Blue One L,Littoral,Male,25,2,180,0
Blue One L,Adamawa,Female,26,3,183,0
Blue One L,South West,Male,33,2,72,1
Blue One L,Littoral,Male,28,0,74,1
Blue One L,South West,Male,30,2,175,1
Blue One L,Centre,Male,27,2,120,1
Blue One L,West,Male,24,3,174,0
Blue One L,North West,Male,33,3,173,0
Blue One L,Littoral,Male,25,2,167,0
Blue One L,South West,Male,24,2,86,1
Blue One L,North,Male,23,2,159,1
Blue One L,South,Female,27,2,96,1
Blue One L,North West,Female,25,2,68,1
Blue One M,North,Male,22,0,70,1
Blue One L,Adamawa,Male,22,0,61,1
Blue One L,South West,Male,21,0,148,1
Blue One L,Littoral,Male,21,0,153,1
Blue One L,West,Female,26,0,164,1
Blue One L,West,Male,24,2,173,1
Blue One L,West,Male,25,2,183,0
Blue One L,East,Female,25,0,156,1
Blue One L,Centre,Male,29,2,112,1
Blue One L,Littoral,Male,24,2,154,1
Blue One L,North West,Male,24,2,158,1
Blue One L,South,Female,30,3,180,0
Blue One L,Adamawa,Female,25,0,195,1
Blue One L,South West,Female,26,2,197,0
Blue One L,Adamawa,Female,28,2,176,0
Blue One M,Littoral,Male,20,2,110,0
Blue One L,South West,Male,25,3,203,0
Blue One L,South,Male,26,2,192,0
Blue One L,South,Male,24,2,169,1
Blue One L,South,Female,23,2,62,1
Blue One L,East,Male,24,2,176,1
Blue One L,Littoral,Male,29,2,131,1
Blue One L,Far North,Male,29,3,202,0
Blue One M,South,Female,21,2,152,0
Blue One L,North,Male,26,2,199,0
Blue One L,East,Female,21,3,179,0
Blue One L,Adamawa,Female,33,2,76,1
Blue One L,North,Male,27,2,123,1
Blue One L,Centre,Female,21,0,156,1
Blue One M,East,Male,25,3,103,0
Blue One L,South,Female,29,2,125,1
Blue One M,South West,Male,23,2,96,0
Blue One M,South,Female,26,2,112,0
Blue One L,West,Female,27,0,61,1
Blue One M,Littoral,Male,24,0,116,1
Blue One L,South West,Male,29,2,194,1
Blue One L,North,Male,28,2,63,1
Blue One L,Littoral,Female,29,0,170,1
Blue One L,Far North,Male,27,0,61,1
Blue One L,Adamawa,Male,32,3,203,0
Blue One L,North West,Female,30,0,76,1
Blue One L,South,Male,32,3,193,0
Blue One L,East,Male,27,2,82,1
Blue One L,North West,Male,28,2,166,0
Blue One L,East,Male,30,0,104,1
Blue One L,North West,Male,28,2,187,1
Blue One L,South West,Male,26,2,207,0
Blue One L,North West,Female,25,3,194,0
Blue One L,West,Female,28,2,81,1
Blue One L,North West,Female,30,2,205,0
Blue One L,Centre,Female,27,2,159,1
Blue One L,Far North,Male,29,3,195,0
Blue One L,South,Female,24,2,66,1
Blue One L,North West,Female,27,2,179,0
Blue One M,South,Male,30,3,97,0
Blue One M,South West,Female,20,2,84,0
Blue One M,Centre,Female,24,0,74,1
Blue One L,North West,Male,28,2,132,1
Blue One M,South West,Male,19,2,75,1
Blue One L,South West,Male,24,2,186,0
Blue One L,Adamawa,Female,26,3,194,0
Blue One L,Adamawa,Male,26,0,80,1
Blue One L,South West,Female,28,0,147,1
Blue One L,South,Female,28,0,104,1
Blue One M,Centre,Male,17,0,74,1
Blue One L,Adamawa,Female,31,2,203,0
Blue One L,West,Female,24,0,127,1
Blue One L,East,Male,23,2,189,0
Blue One L,West,Male,33,2,200,0
Blue One L,Far North,Male,27,0,163,1
Blue One L,West,Male,32,2,203,0
Blue One M,East,Female,24,2,64,1
Blue One L,North,Male,29,2,112,1
Blue One L,North West,Male,28,2,88,1
Blue One L,North,Female,24,2,188,0
Blue One M,Adamawa,Male,25,2,118,0
Blue One M,North West,Male,26,2,62,1
Blue One M,Far North,Male,25,2,104,0
Blue One M,North,Male,21,3,104,0
Blue One M,North West,Female,26,0,91,1
Blue One M,South,Female,24,3,91,0
Blue One S,North,Male,22,1,40,0
Blue One S,East,Female,25,1,47,0
Blue One S,North West,Female,21,1,39,0
Blue One L,West,Male,27,3,207,0
Blue One L,East,Female,33,2,207,0
Blue One L,Far North,Female,28,3,207,0
Blue One L,Far North,Male,28,3,192,0
Blue One L,South West,Male,25,3,194,0
Blue One L,South,Male,31,0,172,1
Blue One L,South,Female,27,3,183,0
Blue One L,Adamawa,Male,28,2,196,0
Blue One L,Littoral,Male,25,3,197,0
Blue One L,West,Male,32,3,194,0
Blue One L,North West,Female,25,2,77,1
Blue One L,South,Male,22,2,194,0
Blue One L,West,Female,29,0,69,1
Blue One L,East,Female,27,0,185,1
Blue One L,West,Female,32,2,192,0
Blue One L,South West,Male,26,3,190,0
Blue One L,East,Male,21,0,182,1
Blue One L,West,Female,22,2,96,1
Blue One L,East,Male,27,0,80,1
Blue One L,Adamawa,Male,30,2,62,1
Blue One L,East,Female,23,3,186,0
Blue One L,Far North,Male,28,2,112,1
Blue One L,South West,Male,25,0,151,1
Blue One M,South West,Male,25,2,146,0
Blue One L,East,Male,28,2,160,1
Blue One L,Littoral,Male,25,2,76,1
Blue One L,Adamawa,Male,22,3,187,0
Blue One L,Littoral,Male,24,2,161,1
Blue One L,Far North,Male,26,2,120,1
Blue One L,Littoral,Male,24,0,152,1
Blue One L,Littoral,Male,27,2,185,0
Blue One L,Far North,Male,30,3,187,0
Blue One M,East,Female,26,2,91,0
Blue One M,Far North,Male,23,3,91,0
Blue One L,Far North,Male,24,3,167,0
Blue One L,North West,Male,25,0,125,1
Blue One L,Far North,Male,29,2,95,1
Blue One M,North,Male,30,0,62,1
Blue One M,Far North,Male,21,2,153,0
Blue One M,Far North,Female,27,2,136,0
Blue One M,East,Male,28,2,84,1
Blue One L,North,Male,24,3,202,0
Blue One M,Centre,Male,26,2,67,1
Blue One L,Littoral,Female,31,3,201,0
Blue One M,North West,Female,27,2,61,1
Blue One L,South West,Male,27,0,181,1
Blue One L,North West,Male,29,2,149,1
Blue One L,South,Male,32,2,193,0
Blue One L,South,Male,28,3,199,0
Blue One L,Centre,Female,33,0,167,1
Blue One L,North,Male,25,3,185,0
Blue One L,Far North,Male,29,2,62,1
Blue One L,Far North,Male,24,0,66,1
Blue One L,Far North,Female,29,2,121,1
Blue One L,South,Female,26,2,185,0
Blue One L,North,Female,30,2,83,1
Blue One L,East,Male,23,2,145,1
Blue One L,Littoral,Male,25,2,180,0
Blue One L,Adamawa,Female,26,2,170,1
Blue One L,North West,Female,30,3,181,0
Blue One L,North West,Female,17,2,181,0
Blue One L,Centre,Female,25,2,71,1
Blue One L,South West,Female,27,0,99,1
Blue One L,South West,Female,25,0,92,1
Blue One L,Far North,Male,27,2,69,1
Blue One L,Centre,Male,23,0,109,1
Blue One L,South West,Male,24,0,136,1
Blue One L,East,Female,28,0,97,1
Blue One L,Littoral,Female,27,0,181,1
Blue One L,North West,Female,25,0,151,1
Blue One L,Littoral,Female,22,0,120,1
Blue One L,Adamawa,Female,31,0,103,1
Blue One L,North,Male,25,2,159,1
Blue One L,North,Male,30,2,187,0
Blue One L,Far North,Female,24,2,87,1
Blue One L,Far North,Female,28,2,103,1
Blue One L,Centre,Female,24,2,165,1
Blue One L,Far North,Male,25,0,94,1
Blue One L,West,Male,26,2,103,1
Blue One L,Littoral,Male,23,2,109,1
Blue One L,West,Male,23,2,76,1
Blue One L,Centre,Male,26,2,130,1
Blue One L,South West,Male,30,3,179,0
Blue One M,Far North,Male,24,0,106,1
Blue One M,West,Male,23,0,143,1
Blue One M,South,Male,23,2,127,1
Blue One M,Centre,Female,23,2,154,0
Blue One M,West,Female,23,2,157,0
Blue One M,West,Female,24,0,155,1
Blue One M,Littoral,Male,26,3,150,0
Blue One M,North,Male,24,2,109,1
Blue One M,Far North,Male,24,3,162,0
Blue One M,South West,Female,30,2,150,1
Blue One M,East,Male,27,2,84,1
Blue One M,Littoral,Male,24,3,158,0
Blue One M,South,Female,26,2,159,1
Blue One M,Littoral,Female,25,0,131,1
Blue One M,North West,Female,24,0,141,1
Blue One M,Far North,Male,25,3,159,0
Blue One M,South,Female,26,0,92,1
Blue One M,West,Female,25,3,157,0
Blue One M,South West,Female,20,0,76,1
Blue One M,West,Male,33,2,68,1
Blue One M,North,Female,22,2,73,1
Blue One M,Centre,Female,24,2,143,1
Blue One M,West,Male,28,2,129,1
Blue One M,Centre,Male,27,3,153,0
Blue One L,South,Female,23,2,164,0
Blue One M,Far North,Male,22,3,162,0
Blue One L,Littoral,Female,29,2,165,0
Blue One M,South West,Female,27,3,163,0
Blue One M,West,Male,30,0,137,1
Blue One M,Centre,Male,23,3,146,0
Blue One M,Adamawa,Female,22,2,152,0
Blue One M,Far North,Male,22,3,156,0
Blue One M,South West,Female,29,2,150,0
Blue One M,West,Male,23,2,136,1
Blue One M,Far North,Male,22,0,151,1
Blue One M,East,Female,24,2,93,1
Blue One M,Far North,Female,23,0,121,1
Blue One L,South,Female,28,3,171,0
Blue One L,West,Female,26,3,165,0
Blue One L,Littoral,Male,29,3,165,0
Blue One M,South,Female,31,2,163,0
Blue One M,East,Male,25,2,163,0
Blue One L,South,Female,29,2,166,0
Blue One L,South,Female,28,2,99,1
Blue One L,North West,Male,26,2,176,0
Blue One M,Centre,Female,26,2,153,0
Blue One M,Littoral,Female,26,2,95,1
Blue One M,South West,Female,29,0,106,1
Blue One L,Far North,Male,28,3,181,0
Blue One M,West,Male,25,0,150,1
Blue One M,Far North,Male,27,3,139,0
Blue One L,South West,Female,22,2,107,1
Blue One L,Centre,Male,24,2,175,0
Blue One M,North West,Male,22,2,93,1
Blue One M,North West,Female,33,2,98,1
Blue One L,East,Male,29,2,126,1
Blue One M,Centre,Female,30,0,75,1
Blue One L,South West,Female,26,2,97,1
Blue One M,East,Female,24,2,95,0
Blue One M,Adamawa,Female,24,3,81,0
Blue One S,North West,Female,23,2,55,0
Blue One M,South West,Female,23,0,84,1
Blue One L,Far North,Male,31,2,165,1
Blue One L,Adamawa,Male,27,0,108,1
Blue One L,South West,Male,26,2,141,1
Blue One L,Adamawa,Female,26,0,94,1
Blue One M,South,Female,25,3,108,0
Blue One M,Far North,Male,30,2,96,1
Blue One M,Littoral,Male,27,2,106,1
Blue One L,West,Female,28,2,94,1
Blue One L,South,Male,26,2,115,1
Blue One L,Littoral,Male,24,2,163,1
Blue One M,Littoral,Female,24,2,139,0
Blue One L,North,Male,29,2,62,1
Blue One M,Adamawa,Female,23,3,150,0
Blue One M,South,Female,27,2,103,1
Blue One L,West,Female,27,2,165,0
Blue One M,Adamawa,Female,27,2,64,1
Blue One L,South West,Male,19,3,177,0
Blue One M,West,Female,19,2,62,1
Blue One M,North West,Male,25,3,133,0
Blue One M,Littoral,Female,24,2,154,0
Blue One M,Adamawa,Male,24,0,91,1
Blue One M,South West,Male,27,2,136,0
Blue One M,Far North,Female,27,2,125,0
Blue One M,North West,Female,29,2,85,1
Blue One M,West,Female,24,0,94,1
Blue One M,West,Female,32,2,112,0
Blue One M,West,Male,26,2,110,1
Blue One M,South,Female,29,2,62,1
Blue One M,Centre,Male,22,0,134,1
Blue One M,West,Female,23,2,107,1
Blue One M,Adamawa,Female,27,0,95,1
Blue One M,West,Female,22,0,97,1
Blue One M,East,Male,25,2,61,1
Blue One M,Far North,Male,21,2,95,1
Blue One M,Centre,Female,18,0,79,1
Blue One M,North,Male,31,2,92,1
Blue One M,South,Female,22,3,96,0
Blue One M,South West,Female,22,2,71,1
Blue One M,South West,Female,21,2,68,1
Blue One S,Adamawa,Male,26,2,61,0
Blue One S,Centre,Female,25,1,48,0
Blue One M,East,Male,21,3,126,0
Blue One M,Adamawa,Female,23,0,61,1
Blue One M,South West,Male,24,2,116,0
Blue One M,Adamawa,Female,27,0,95,1
Blue One M,South,Male,20,2,125,0
Blue One M,Far North,Male,29,2,123,0
Blue One L,South,Male,30,2,182,0
Blue One L,Far North,Female,24,0,63,1
Blue One M,Littoral,Female,20,0,73,1
Blue One M,Centre,Male,30,3,152,0
Blue One M,North West,Male,24,2,160,0
Blue One L,Adamawa,Female,21,2,91,1
Blue One L,Far North,Male,28,3,182,0
Blue One L,South West,Male,26,0,149,1
Blue One M,Adamawa,Male,29,0,97,1
Blue One L,Littoral,Female,24,2,106,1
Blue One L,Adamawa,Male,27,3,182,0
Blue One L,North West,Male,30,0,178,1
Blue One L,North West,Male,24,2,182,0
Blue One L,South,Male,23,2,171,0
Blue One L,North,Female,30,0,88,1
Blue One M,West,Male,26,3,154,0
Blue One L,Far North,Male,27,2,158,1
Blue One L,Centre,Female,26,2,180,0
Blue One L,East,Female,27,2,179,0
Blue One L,North,Male,27,0,149,1
Blue One L,West,Female,25,0,160,1
Blue One M,West,Male,27,2,126,0
Blue One M,Centre,Male,20,2,95,0
Blue One M,Littoral,Male,28,0,87,1
Blue One L,Littoral,Female,29,2,145,1
Blue One M,West,Female,27,0,147,1
Blue One M,South West,Male,29,0,111,1
Blue One L,Centre,Male,33,2,177,0
Blue One L,Far North,Male,31,2,179,0
Blue One L,North,Male,29,0,158,1
Blue One L,Centre,Male,27,0,89,1
Blue One M,North West,Male,26,0,82,1
Blue One L,West,Male,28,3,177,0
Blue One L,South West,Female,28,2,176,0
Blue One M,Centre,Female,25,0,128,1
Blue One M,Adamawa,Male,28,2,160,0
Blue One L,Far North,Male,28,0,133,1
Blue One L,South,Male,32,2,170,0
Blue One L,North,Male,26,2,168,0
Blue One L,Littoral,Female,26,2,133,1
Blue One M,Adamawa,Female,27,2,69,1
Blue One L,South West,Male,28,3,168,0
Blue One S,Far North,Male,17,2,58,0
Blue One L,West,Male,29,2,125,1
Blue One M,North West,Female,23,3,122,0
Blue One M,Littoral,Female,27,2,107,0
Blue One M,East,Male,24,3,138,0
Blue One L,Littoral,Female,27,0,141,1
Blue One L,South,Male,25,2,165,0
Blue One M,Far North,Male,26,3,155,0
Blue One M,East,Female,24,2,99,1
Blue One M,Adamawa,Male,21,0,109,1
Blue One L,South,Male,27,3,165,0
Blue One M,South,Male,22,0,113,1
Blue One M,North West,Male,27,0,82,1
Blue One M,West,Female,25,2,146,0
Blue One M,West,Male,24,2,74,1
Blue One M,South West,Male,26,2,63,1
Blue One M,North,Male,22,2,61,1
Blue One S,South West,Female,18,2,7,0
Blue One M,Littoral,Male,21,2,132,0
Blue One M,South,Male,28,0,84,1
Blue One M,Centre,Male,26,2,143,0
Blue One S,South,Male,18,2,55,0
Blue One M,Centre,Female,25,2,107,1
Blue One M,Centre,Female,23,3,163,0
Blue One M,South West,Male,21,2,98,1
Blue One M,North,Female,32,0,92,1
Blue One M,North,Male,24,3,156,0
Blue One M,Centre,Female,28,0,120,1
Blue One M,Adamawa,Male,29,0,61,1
Blue One M,North,Male,30,2,156,0
Blue One M,East,Male,29,0,105,1
Blue One M,Adamawa,Female,27,2,144,0
Blue One M,South,Female,22,2,78,1
Blue One M,South West,Female,24,2,152,0
Blue One M,Littoral,Male,27,2,69,1
Blue One M,Centre,Female,20,0,111,1
Blue One M,South,Female,21,0,75,1
Blue One M,Littoral,Female,26,0,63,1
Blue One M,Littoral,Female,26,0,84,1
Blue One M,Far North,Male,33,0,122,1
Blue One M,East,Male,29,3,114,0
Blue One M,Centre,Female,25,0,104,1
Blue One M,North West,Female,25,2,130,0
Blue One S,South West,Female,18,2,21,0
Blue One L,Adamawa,Male,24,0,125,1
Blue One L,North West,Female,31,0,176,1
Blue One L,East,Male,29,3,178,0
Blue One L,South West,Female,21,3,201,0
Blue One L,North West,Female,31,0,191,1
Blue One L,East,Female,25,2,209,0
Blue One L,Far North,Female,27,2,200,0
Blue One L,Centre,Female,26,0,88,1
Blue One L,East,Male,23,0,65,1
Blue One S,North West,Female,26,1,34,0
Blue One L,Adamawa,Male,27,3,202,0
Blue One L,East,Female,23,3,196,0
Blue One S,Littoral,Female,25,1,25,0
Blue One L,Centre,Female,23,2,168,1
Blue One L,South West,Female,29,0,116,1
Blue One S,West,Male,24,2,8,0
Blue One L,East,Female,30,3,179,0
Blue One L,Far North,Male,29,3,196,0
Blue One M,Littoral,Male,26,2,127,1
Blue One L,Adamawa,Male,27,3,198,0
Blue One M,Centre,Male,32,0,63,1
Blue One L,East,Female,32,2,95,1
Blue One L,West,Male,24,3,168,0
Blue One L,Adamawa,Female,29,2,175,1
Blue One L,Far North,Male,23,0,164,1
Blue One M,Centre,Male,26,3,145,0
Blue One L,Adamawa,Male,22,0,69,1
Blue One L,Centre,Female,28,0,64,1
Blue One L,Littoral,Female,29,2,117,1
Blue One M,North,Male,22,2,91,1
Blue One M,South West,Male,27,3,159,0
Blue One M,Littoral,Female,19,0,76,1
Blue One M,North West,Female,26,2,119,1
Blue One M,North West,Female,20,0,109,1
Blue One S,South West,Female,17,1,33,0
Blue One L,North West,Female,30,3,183,0
Blue One M,South West,Female,26,0,100,1
Blue One L,North West,Female,26,0,100,1
Blue One L,Centre,Female,30,0,159,1
Blue One L,South,Male,30,2,87,1
Blue One L,South,Female,30,3,195,0
Blue One L,North,Female,28,0,90,1
Blue One L,Adamawa,Female,25,2,201,0
Blue One L,Far North,Male,25,0,175,1
Blue One L,South West,Male,29,0,110,1
Blue One L,South,Female,26,2,63,1
Blue One L,South,Female,27,2,132,1
Blue One M,North,Female,30,2,99,0
Blue One M,Centre,Female,28,2,81,1
Blue One L,Centre,Female,33,0,76,1
Blue One L,South,Female,23,2,150,1
Blue One L,Far North,Male,28,3,192,0
Blue One L,Far North,Female,23,2,178,0
Blue One M,Adamawa,Male,23,0,112,1
Blue One L,South West,Male,24,2,165,0
Blue One L,South,Male,28,0,123,1
Blue One L,South West,Male,28,3,182,0
Blue One M,Littoral,Female,24,2,97,0
Blue One M,North,Male,22,3,83,0
Blue One L,West,Male,26,2,139,1
Blue One L,East,Male,27,2,117,1
Blue One L,Far North,Male,29,0,158,1
Blue One L,Far North,Female,26,2,157,1
Blue One M,Littoral,Female,25,0,116,1
Blue One L,North,Male,30,3,182,0
Blue One L,West,Male,26,0,152,1
Blue One M,West,Female,23,3,155,0
Blue One L,West,Female,30,0,120,1
Blue One L,Littoral,Female,27,2,187,0
Blue One L,North,Male,25,2,177,1
Blue One M,South,Male,24,3,99,0
Blue One L,Littoral,Female,30,0,76,1
Blue One L,Centre,Female,26,2,132,1
Blue One L,North,Male,30,3,189,0
Blue One L,Littoral,Male,26,3,199,0
Blue One L,East,Female,28,3,194,0
Blue One L,Adamawa,Male,23,2,173,1
Blue One L,Far North,Male,28,2,203,0
Blue One L,East,Male,27,3,188,0
Blue One L,Far North,Male,22,3,204,0
Blue One M,North West,Female,23,3,119,0
Blue One L,Adamawa,Female,28,0,91,1
Blue One L,Adamawa,Female,28,2,200,0
Blue One L,West,Male,31,0,178,1
Blue One M,South West,Female,29,2,122,1
Blue One M,East,Male,24,0,62,1
Blue One L,Far North,Male,28,0,101,1
Blue One L,East,Male,29,2,192,0
Blue One L,South,Male,23,0,160,1
Blue One L,Centre,Female,24,3,202,0
Blue One L,East,Male,28,0,132,1
Blue One L,Littoral,Male,24,0,150,1
Blue One L,West,Male,23,0,154,1
Blue One L,West,Male,33,0,80,1
Blue One L,Adamawa,Female,26,0,65,1
Blue One L,North,Male,27,0,186,1
Blue One L,North,Male,25,2,103,1
Blue One L,Far North,Male,23,3,166,0
Blue One L,North West,Female,25,0,138,1
Blue One L,Far North,Male,27,0,164,1
Blue One L,Centre,Male,25,2,63,1
Blue One L,Littoral,Male,26,2,96,1
Blue One L,Littoral,Male,22,2,63,1
Blue One L,Centre,Female,28,2,65,1
Blue One L,South,Female,29,2,62,1
Blue One L,North West,Male,30,3,193,0
Blue One L,North,Male,29,2,202,0
Blue One M,Littoral,Female,28,3,108,0
Blue One L,North,Male,20,0,123,1
Blue One L,Centre,Male,29,2,171,1
Blue One L,Adamawa,Male,27,3,166,0
Blue One L,South West,Female,32,0,179,1
Blue One L,Centre,Male,23,2,200,0
Blue One L,Centre,Female,21,3,194,0
Blue One L,South,Female,26,0,181,1
Blue One L,East,Female,24,2,172,1
Blue One L,Adamawa,Female,33,2,91,1
Blue One M,South,Female,28,2,117,1
Blue One M,East,Female,26,3,156,0
Blue One M,North West,Female,25,2,138,1
Blue One M,West,Male,28,2,145,0
Blue One M,Adamawa,Male,22,2,113,1
Blue One M,North West,Female,30,2,150,0
Blue One M,Adamawa,Male,24,0,144,1
Blue One M,North West,Male,21,3,147,0
Blue One M,South West,Female,28,2,131,1
Blue One M,Far North,Male,27,3,150,0
Blue One M,Littoral,Female,22,2,131,0
Blue One M,South West,Male,29,2,133,0
Blue One M,Far North,Female,27,3,144,0
Blue One M,East,Female,24,2,91,0
Blue One M,Far North,Male,33,2,103,1
Blue One M,South,Female,27,0,104,1
Blue One M,West,Male,24,0,68,1
Blue One M,Far North,Male,22,2,147,0
Blue One M,South,Male,22,3,116,0
Blue One M,East,Female,22,0,92,1
Blue One M,South West,Male,17,2,64,1
Blue One M,North,Male,29,3,122,0
Blue One M,South West,Male,24,2,110,0
Blue One M,North,Male,28,3,114,0
Blue One M,North,Female,21,2,72,1
Blue One M,North West,Female,22,2,91,1
Blue One M,North West,Male,23,3,118,0
Blue One M,Adamawa,Female,29,2,139,0
Blue One M,Littoral,Female,24,2,112,1
Blue One S,East,Female,22,1,50,0
Blue One M,North,Male,26,0,103,1
Blue One M,South West,Female,22,2,68,1
Blue One M,North,Female,22,2,64,1
Blue One M,North West,Female,26,0,118,1
Blue One L,Adamawa,Male,24,2,167,1
Blue One L,West,Male,29,2,184,0
Blue One L,North,Female,25,2,175,0
Blue One L,North,Male,30,2,136,1
Blue One L,West,Female,25,2,181,0
Blue One L,Centre,Male,29,0,125,1
Blue One L,North West,Male,26,2,182,0
Blue One L,South,Female,28,2,172,0
Blue One L,Littoral,Male,25,0,86,1
Blue One L,Littoral,Male,27,2,118,1
Blue One L,North West,Female,28,3,175,0
Blue One L,Adamawa,Female,26,2,124,1
Blue One M,Adamawa,Male,25,2,105,0
Blue One M,South,Male,25,3,111,0
Blue One M,Far North,Male,26,3,136,0
Blue One M,Littoral,Male,30,2,138,0
Blue One M,South,Male,24,2,149,0
Blue One L,South West,Male,23,0,62,1
Blue One L,Far North,Male,20,2,131,1
Blue One L,Littoral,Female,26,2,168,0
Blue One L,South West,Male,27,3,170,0
Blue One L,Littoral,Male,26,2,160,1
Blue One M,Centre,Male,26,0,86,1
Blue One M,South,Male,24,0,139,1
Blue One M,Adamawa,Male,28,0,100,1
Blue One L,Littoral,Female,28,0,163,1
Blue One L,South West,Female,22,3,172,0
Blue One L,South,Male,27,3,201,0
Blue One L,North West,Male,21,2,118,1
Blue One L,North,Male,29,2,66,1
Blue One L,North West,Male,27,2,172,1
Blue One L,North,Male,26,2,189,0
Blue One L,West,Female,25,3,195,0
Blue One L,South,Male,29,2,76,1
Blue One M,North West,Male,23,2,146,0
Blue One L,North,Male,20,3,165,0
Blue One M,Centre,Male,23,2,93,1
Blue One L,North,Male,31,2,189,0
Blue One L,Centre,Male,32,0,179,1
Blue One L,South,Male,22,3,190,0
Blue One L,South West,Male,18,2,85,1
Blue One M,Centre,Female,31,3,135,0
Blue One L,Centre,Female,28,2,99,1
Blue One L,South,Male,27,0,106,1
Blue One L,South,Female,28,2,188,0
Blue One L,North,Male,24,2,63,1
Blue One L,Far North,Female,25,2,168,1
Blue One L,East,Male,24,0,159,1
Blue One M,South,Male,31,0,79,1
Blue One L,West,Male,26,0,164,1
Blue One L,Adamawa,Female,24,0,150,1
Blue One M,Far North,Male,22,3,141,0
Blue One L,North West,Female,26,0,66,1
Blue One L,Littoral,Female,28,3,185,0
Blue One M,East,Male,24,0,92,1
Blue One M,East,Male,22,3,76,0
Blue One M,Adamawa,Female,27,0,78,1
Blue One M,West,Female,25,2,122,0
Blue One M,Littoral,Female,26,0,92,1
Blue One M,Adamawa,Female,20,3,90,0
Blue One M,North,Male,24,2,98,1
Blue One M,Adamawa,Male,26,3,116,0
Blue One M,North,Female,22,0,63,1
Blue One M,Littoral,Male,24,0,93,1
Blue One M,South West,Female,21,3,115,0
Blue One M,West,Female,23,2,104,1
Blue One M,North West,Male,26,3,160,0
Blue One M,South West,Female,25,2,136,1
Blue One M,West,Male,22,0,112,1
Blue One M,East,Male,25,2,89,1
Blue One M,North West,Male,28,0,89,1
Blue One M,North,Male,27,2,154,0
Blue One M,North West,Male,30,2,152,0
Blue One M,Centre,Male,25,2,154,0
Blue One M,Far North,Female,29,2,145,0
Blue One M,South,Female,26,2,164,0
Blue One L,West,Male,24,2,179,0
Blue One L,Far North,Female,29,2,171,1
Blue One L,North West,Female,31,2,179,0
Blue One M,North West,Male,24,2,63,1
Blue One L,East,Male,27,2,178,0
Blue One L,North West,Male,26,2,176,0
Blue One M,South,Female,30,0,75,1
Blue One L,Adamawa,Female,28,0,75,1
Blue One L,South West,Male,23,2,172,0
Blue One L,South,Male,25,2,167,0
Blue One L,Littoral,Male,26,2,62,1
Blue One M,Adamawa,Male,23,3,137,0
Blue One M,West,Male,21,2,89,1
Blue One M,North,Male,24,2,114,0
Blue One M,West,Male,20,0,90,1
Blue One M,South West,Female,22,2,76,1
Blue One M,Adamawa,Male,25,2,135,0
Blue One M,Littoral,Female,28,3,123,0
Blue One M,North West,Male,20,2,125,0
Blue One M,Adamawa,Male,26,0,120,1
Blue One M,Centre,Female,29,2,76,1
Blue One M,Far North,Male,31,0,73,1
Blue One M,South West,Female,25,0,78,1
Blue One M,Littoral,Female,27,2,136,0
Blue One M,North West,Male,23,3,135,0
Blue One M,Littoral,Male,25,2,94,1
Blue One M,West,Male,24,2,139,1
Blue One M,North,Male,26,0,112,1
Blue One M,Centre,Female,26,2,111,1
Blue One M,North West,Male,27,2,150,0
Blue One M,West,Female,25,2,149,0
Blue One M,Littoral,Female,26,3,135,0
Blue One M,North West,Female,25,2,62,1
Blue One S,Littoral,Female,22,1,14,0
Blue One S,North,Male,20,2,56,0
Blue One S,South,Female,21,2,54,0
Blue One M,South West,Female,26,3,163,0
Blue One M,East,Male,26,0,151,1
Blue One M,Adamawa,Male,28,3,158,0
Blue One M,Littoral,Female,26,0,127,1
Blue One M,Far North,Male,24,2,71,1
Blue One M,South,Female,24,0,125,1
Blue One M,West,Female,32,2,160,0
Blue One M,North,Male,26,3,139,0
Blue One M,South,Male,28,2,143,0
Blue One M,South West,Female,25,2,152,0
Blue One M,North West,Female,27,2,63,1
Blue One M,West,Female,26,0,127,1
Blue One M,Adamawa,Female,26,2,112,0
Blue One L,South,Male,33,2,155,1
Blue One L,East,Female,28,0,99,1
Blue One M,Centre,Female,31,2,142,1
Blue One L,South,Male,27,2,61,1
Blue One L,Littoral,Male,24,3,182,0
Blue One L,Littoral,Female,23,0,164,1
Blue One L,Adamawa,Female,30,0,90,1
Blue One L,Littoral,Female,29,0,109,1
Blue One L,Littoral,Female,27,2,183,0
Blue One L,Far North,Male,25,0,87,1
Blue One L,Far North,Male,29,0,169,1
Blue One L,North,Male,27,2,158,1
Blue One L,North,Male,24,0,137,1
Blue One L,East,Female,30,3,172,0
Blue One L,Littoral,Female,24,2,178,0
Blue One L,North,Female,31,2,181,0
Blue One L,North West,Male,26,3,176,0
Blue One L,East,Female,29,2,117,1
Blue One L,Adamawa,Female,27,0,148,1
Blue One M,South,Male,24,2,163,0
Blue One L,South West,Female,27,0,105,1
Blue One L,South,Female,25,0,74,1
Blue One L,South West,Female,28,3,176,0
Blue One L,Far North,Male,31,2,178,0
Blue One L,North West,Female,24,2,82,1
Blue One L,North,Female,30,2,116,1
Blue One M,West,Female,27,2,127,1
Blue One M,Centre,Female,25,2,101,1
Blue One M,East,Male,27,0,63,1
Blue One L,North,Female,31,2,170,0
Blue One M,West,Male,26,0,61,1
Blue One L,East,Female,26,0,74,1
Blue One L,South,Male,23,0,156,1
Blue One L,Littoral,Male,23,2,146,1
Blue One L,Far North,Male,27,2,166,0
Blue One L,North,Male,26,0,106,1
Blue One L,Adamawa,Female,28,3,166,0
Blue One M,West,Female,23,2,152,0
Blue One L,South West,Male,28,2,69,1
Blue One L,Adamawa,Male,32,0,63,1
Blue One L,North,Female,24,3,171,0
Blue One L,Far North,Male,24,2,126,1
Blue One L,North,Male,28,2,95,1
Blue One L,Far North,Male,29,3,167,0
Blue One M,North,Female,33,2,140,1
Blue One L,Far North,Female,29,2,72,1
Blue One M,Far North,Female,27,3,152,0
Blue One L,North,Male,17,3,171,0
Blue One L,South West,Male,26,0,81,1
Blue One L,West,Female,28,3,166,0
Blue One L,Littoral,Male,23,0,86,1
Blue One M,Littoral,Female,26,0,137,1
Blue One M,East,Male,26,2,164,0
Blue One M,South West,Male,17,2,161,0
Blue One M,South,Male,30,3,161,0
Blue One L,Centre,Female,28,3,169,0
Blue One L,South West,Male,26,2,173,0
Blue One L,East,Female,29,2,94,1
Blue One L,Centre,Male,29,2,79,1
Blue One L,Littoral,Male,28,0,67,1
Blue One L,Littoral,Male,24,2,116,1
Blue One L,Littoral,Male,24,0,136,1
Blue One L,North,Female,23,3,172,0
Blue One M,South West,Male,27,2,137,1
Blue One L,North,Female,31,2,69,1
Blue One L,Littoral,Male,29,3,165,0
Blue One M,West,Female,23,3,162,0
Blue One M,Far North,Male,27,2,119,1
Blue One M,North,Male,24,2,160,0
Blue One M,North,Male,24,2,62,1
Blue One M,Littoral,Male,31,2,164,0
Blue One M,North,Female,25,2,164,0
Blue One M,North,Male,27,0,139,1
Blue One L,Littoral,Male,22,2,156,1
Blue One M,Far North,Male,22,2,151,0
Blue One L,North West,Male,22,2,156,1
Blue One S,East,Female,21,1,35,0
Blue One L,Littoral,Female,25,2,124,1
Blue One M,West,Female,24,3,163,0
Blue One M,West,Female,25,2,81,0
Blue One M,West,Female,31,3,160,0
Blue One L,Centre,Male,27,2,112,1
Blue One L,Adamawa,Male,31,2,71,1
Blue One M,South West,Male,23,3,160,0
Blue One M,Littoral,Female,23,2,86,1
Blue One M,Centre,Female,27,0,160,1
Blue One L,East,Female,29,2,144,1
Blue One M,Adamawa,Male,24,0,93,1
Blue One L,Littoral,Female,31,2,165,0
Blue One L,South,Male,30,2,103,1
Blue One M,Far North,Female,27,2,151,1
Blue One M,North,Female,23,2,81,0
Blue One M,North West,Male,28,3,145,0
Blue One M,Adamawa,Female,25,3,147,0
Blue One L,West,Male,25,3,178,0
Blue One L,South,Male,28,0,128,1
Blue One L,Far North,Male,28,2,180,0
Blue One L,Centre,Female,24,2,113,1
Blue One L,North West,Male,28,2,143,1
Blue One L,South West,Male,21,0,93,1
Blue One L,Adamawa,Female,24,3,171,0
Blue One L,North West,Female,30,2,170,0
Blue One L,North,Male,25,3,166,0
Blue One L,South,Male,29,0,120,1
Blue One L,East,Female,24,0,135,1
Blue One L,Littoral,Male,24,2,172,0
Blue One L,Centre,Female,25,3,171,0
Blue One L,East,Female,24,2,75,1
Blue One L,Far North,Male,25,3,170,0
Blue One L,Adamawa,Female,20,2,169,0
Blue One L,South West,Female,25,0,166,1
Blue One L,South,Female,25,2,170,0
Blue One L,West,Female,27,3,177,0
Blue One L,Centre,Female,25,2,173,0
Blue One L,South West,Female,28,2,93,1
Blue One L,South,Female,29,2,171,0
Blue One L,South West,Female,31,2,120,1
Blue One L,Littoral,Female,22,2,163,1
Blue One L,Far North,Male,30,2,173,0
Blue One L,Far North,Male,26,3,175,0
Blue One L,Littoral,Male,25,3,173,0
Blue One L,Centre,Male,21,2,174,0
Blue One M,Adamawa,Male,26,0,62,1
Blue One M,Centre,Female,24,2,82,1
Blue One L,North West,Male,25,2,154,1
Blue One L,South,Female,28,2,152,1
Blue One M,South,Female,24,2,63,1
Blue One L,Far North,Male,26,2,139,1
Blue One L,Centre,Female,23,0,165,1
Blue One L,Adamawa,Female,27,2,156,1
Blue One L,Littoral,Male,25,2,134,1
Blue One M,North West,Male,27,0,92,1
Blue One M,South West,Male,25,2,97,1
Blue One L,North,Male,20,2,177,0
Blue One L,North West,Female,25,3,177,0
Blue One L,Centre,Female,23,3,178,0
Blue One L,South West,Female,26,3,174,0
Blue One L,West,Female,27,2,158,1
Blue One L,South West,Male,24,3,179,0
Blue One L,Far North,Male,27,3,186,0
Blue One L,Far North,Female,27,0,62,1
Blue One L,Littoral,Male,26,2,188,0
Blue One L,North West,Female,26,2,119,1
Blue One L,West,Female,24,2,159,1
Blue One M,Centre,Male,22,3,149,0
Blue One M,West,Male,22,2,161,0
Blue One M,Littoral,Female,23,0,127,1
Blue One M,Adamawa,Male,24,2,108,0
Blue One L,North,Female,29,0,100,1
Blue One L,Centre,Female,25,0,94,1
Blue One L,Adamawa,Female,27,2,149,1
Blue One M,South,Female,29,2,164,0
Blue One L,Adamawa,Female,25,2,85,1
Blue One M,East,Female,31,0,106,1
Blue One M,South,Female,26,0,67,1
Blue One M,West,Male,25,3,150,0
Blue One M,East,Female,28,3,161,0
Blue One L,South West,Female,28,0,164,1
Blue One L,Adamawa,Male,31,2,129,1
Blue One L,West,Female,27,3,172,0
Blue One L,Far North,Male,28,0,121,1
Blue One L,North West,Male,29,2,180,0
Blue One L,West,Female,28,3,178,0
Blue One L,Centre,Male,22,0,61,1
Blue One L,North,Male,33,2,179,0
Blue One L,North West,Male,26,0,63,1
Blue One L,North,Male,30,2,166,0
Blue One L,West,Female,28,2,142,1
Blue One L,Adamawa,Male,28,0,72,1
Blue One M,Littoral,Female,21,2,157,0
Blue One L,South West,Female,26,2,175,0
Blue One L,Far North,Male,25,2,168,0
Blue One M,South West,Female,25,3,106,0
Blue One M,Centre,Male,28,3,140,0
Blue One M,Adamawa,Female,21,0,95,1
Blue One M,East,Male,26,0,163,1
Blue One L,East,Female,28,3,176,0
Blue One L,South,Female,25,0,143,1
Blue One L,Centre,Male,31,2,175,0
Blue One L,East,Male,27,3,165,0
Blue One M,North West,Male,24,2,158,0
Blue One L,North,Male,22,2,156,1
Blue One L,West,Female,21,2,174,0
Blue One M,Centre,Female,29,3,162,0
Blue One L,South West,Male,23,2,142,1
Blue One M,North,Male,25,2,96,1
Blue One M,Far North,Male,23,0,138,1
Blue One M,Centre,Male,26,2,117,0
Blue One L,Adamawa,Female,25,0,102,1
Blue One M,South West,Male,28,2,156,1
Blue One M,South West,Female,30,2,131,1
Blue One L,North West,Female,30,2,62,1
Blue One L,Littoral,Female,25,2,183,0
Blue One L,East,Male,29,2,115,1
Blue One L,South West,Male,30,3,173,0
Blue One L,West,Female,26,2,126,1
Blue One M,Far North,Female,28,2,158,0
Blue One L,Far North,Male,30,0,152,1
Blue One M,Adamawa,Female,25,0,119,1
Blue One L,Adamawa,Female,25,0,91,1
Blue One L,West,Female,24,2,67,1
Blue One M,South,Male,21,3,103,0
Blue One M,South,Male,19,2,132,0
Blue One M,Centre,Male,26,0,91,1
Blue One M,West,Male,24,2,146,0
Blue One M,Centre,Male,24,2,148,0
Blue One M,Far North,Male,25,2,75,1
Blue One M,Littoral,Male,27,2,143,0
Blue One M,Far North,Male,24,3,139,0
Blue One M,Centre,Female,24,3,138,0
Blue One M,South,Female,24,2,126,0
Blue One M,North West,Male,24,2,125,0
Blue One M,South West,Female,26,3,123,0
Blue One M,North West,Female,22,3,111,0
Blue One M,East,Female,20,0,105,1
Blue One S,Far North,Female,25,1,55,0
Blue One M,Littoral,Female,31,2,133,0
Blue One M,Centre,Female,24,3,125,0
Blue One M,West,Male,20,3,135,0
Blue One M,South,Female,25,0,107,1
Blue One M,East,Female,24,3,162,0
Blue One M,Adamawa,Female,23,2,67,1
Blue One M,Adamawa,Male,28,2,63,1
Blue One M,West,Female,24,2,160,0
Blue One M,Littoral,Male,21,2,136,0
Blue One M,Far North,Female,30,2,70,1
Blue One M,South,Female,28,2,63,1
Blue One M,Centre,Male,28,3,151,0
Blue One M,Centre,Male,26,2,156,1
Blue One M,North,Male,29,2,135,1
Blue One M,West,Female,25,3,150,0
Blue One M,South,Male,20,3,151,0
Blue One M,South,Male,30,2,136,0
Blue One M,West,Female,24,0,122,1
Blue One M,Adamawa,Female,28,2,150,0
Blue One M,East,Male,27,2,125,1
Blue One M,East,Male,24,0,121,1
Blue One M,North,Male,22,3,153,0
Blue One M,Far North,Female,29,2,122,1
Blue One M,North,Female,30,0,156,1
Blue One L,East,Male,26,2,96,1
Blue One L,Adamawa,Female,24,2,84,1
Blue One L,North,Female,23,2,173,0
Blue One M,North,Male,22,3,159,0
Blue One M,Adamawa,Male,19,2,111,0
Blue One M,Littoral,Male,25,2,146,0
Blue One M,Adamawa,Female,23,3,125,0
Blue One M,East,Male,25,0,98,1
Blue One M,North,Male,26,2,147,0
Blue One M,South,Female,27,2,63,1
Blue One M,North West,Male,21,2,138,0
Blue One M,North,Female,25,2,139,0
Blue One M,West,Female,26,3,134,0
Blue One M,Adamawa,Male,30,0,90,1
Blue One L,Far North,Male,26,2,174,0
Blue One L,Adamawa,Male,22,0,116,1
Blue One L,Littoral,Male,28,0,96,1
Blue One M,Centre,Male,31,2,154,0
Blue One M,Far North,Male,25,0,82,1
Blue One M,West,Male,24,2,118,1
Blue One M,North West,Male,23,3,117,0
Blue One M,West,Female,20,3,162,0
Blue One M,Far North,Female,25,2,129,1
Blue One M,Far North,Male,28,2,121,0
Blue One M,Far North,Male,23,3,120,0
Blue One M,Littoral,Female,26,2,96,1
Blue One L,North West,Female,27,3,168,0
Blue One L,Littoral,Male,30,0,114,1
Blue One M,West,Female,20,0,133,1
Blue One M,Adamawa,Male,26,2,78,1
Blue One M,East,Male,26,2,64,1
Blue One M,South West,Male,20,3,87,0
Blue One M,Littoral,Male,22,3,118,0
Blue One M,West,Female,22,0,92,1
Blue One M,Far North,Male,21,3,93,0
Blue One S,North,Male,21,1,53,0
Blue One S,Centre,Male,17,1,23,0
Blue One M,South West,Female,18,2,96,0
Blue One M,Adamawa,Male,24,2,85,1
Blue One M,Littoral,Male,26,0,120,1
Blue One M,West,Female,20,3,135,0
Blue One M,East,Female,25,0,90,1
Blue One L,South West,Female,30,2,173,0
Blue One M,North,Male,23,2,81,0
Blue One M,East,Female,25,0,61,1
Blue One M,Far North,Female,20,0,70,1
Blue One S,West,Male,26,2,53,0
Blue One S,East,Male,17,1,10,0
Blue One S,Littoral,Female,19,1,35,0
Blue One M,Adamawa,Male,24,2,82,0
Blue One S,Littoral,Male,21,2,48,0
Blue One S,North West,Male,22,2,32,0
Blue One M,Littoral,Male,23,2,159,0
Blue One M,East,Female,31,3,154,0
Blue One M,East,Male,21,3,125,0
Blue One S,North,Male,25,1,53,0
Blue One M,West,Female,27,0,78,1
Blue One M,Adamawa,Female,27,2,98,0
Blue One M,Adamawa,Male,24,0,76,1
Blue One M,Adamawa,Male,28,2,70,1
Blue One M,West,Female,21,2,131,0
Blue One S,North West,Female,21,1,56,0
Blue One M,South West,Male,27,2,140,0
Blue One M,West,Male,25,2,75,1
Blue One M,North,Male,26,3,136,0
Blue One M,East,Female,27,2,109,1
Blue One M,Far North,Male,31,3,137,0
Blue One M,Centre,Female,32,2,134,1
Blue One M,Littoral,Male,22,2,82,0
Blue One M,Centre,Female,25,3,137,0
Blue One M,East,Female,24,0,103,1
Blue One M,South West,Male,26,2,148,1
Blue One M,South West,Male,30,0,127,1
Blue One L,Far North,Female,27,3,171,0
Blue One M,West,Female,23,0,63,1
Blue One S,North West,Female,25,2,29,0
Blue One M,Littoral,Female,22,3,141,0
Blue One M,Centre,Female,29,2,62,1
Blue One M,Far North,Male,30,3,144,0
Blue One M,Adamawa,Male,23,2,132,1
Blue One M,North,Female,24,3,143,0
Blue One M,North West,Male,27,0,63,1
Blue One M,Far North,Male,24,2,140,0
Blue One M,Far North,Female,25,0,82,1
Blue One M,North West,Male,25,3,139,0
Blue One M,South West,Female,29,0,70,1
Blue One M,North,Male,25,2,119,1
Blue One M,Littoral,Male,18,3,137,0
Blue One M,North West,Male,31,3,139,0
Blue One M,South,Male,21,3,151,0
Blue One M,Littoral,Male,26,0,121,1
Blue One M,South,Male,20,2,101,1
Blue One M,South,Female,25,0,63,1
Blue One M,East,Female,32,2,65,1
Blue One M,North West,Female,28,0,140,1
Blue One M,West,Female,30,2,147,0
Blue One M,South West,Male,30,0,99,1
Blue One M,Far North,Male,27,2,117,0
Blue One M,South,Female,26,0,117,1
Blue One M,West,Female,29,3,150,0
Blue One M,North West,Female,26,3,150,0
Blue One M,North,Male,24,2,93,1
Blue One M,North West,Male,23,0,61,1
Blue One M,Adamawa,Male,29,2,143,0
Blue One M,North,Male,27,2,151,0
Blue One M,Littoral,Female,26,2,129,1
Blue One M,South,Male,23,2,64,1
Blue One M,South,Male,22,2,152,0
Blue One M,South West,Female,30,0,142,1
Blue One M,South West,Male,28,2,148,1
Blue One M,North West,Male,21,3,144,0
Blue One M,Far North,Male,25,0,88,1
Blue One S,North,Male,23,2,40,0
Blue One M,South West,Female,25,2,108,0
Blue One M,Far North,Female,19,2,92,1
Blue One M,North West,Female,25,2,62,1
Blue One M,Adamawa,Female,25,2,104,1
Blue One M,North,Female,26,3,130,0
Blue One M,Adamawa,Female,26,2,103,1
Blue One M,Far North,Male,25,2,98,1
Blue One M,North,Male,22,0,83,1
Blue One M,Adamawa,Male,20,2,84,0
Blue One M,Far North,Male,22,3,130,0
Blue One M,Centre,Male,25,2,123,0
Blue One M,West,Female,19,0,99,1
Blue One M,West,Male,27,3,125,0
Blue One M,Littoral,Female,23,2,124,0
Blue One M,West,Female,27,2,99,1
Blue One M,North,Male,28,2,129,0
Blue One M,Far North,Male,22,2,126,0
Blue One M,South,Male,24,0,77,1
Blue One M,North West,Female,28,2,61,1
Blue One M,Littoral,Male,19,3,110,0
Blue One M,Far North,Male,22,3,104,0
Blue One M,North West,Male,25,2,123,0
Blue One S,Far North,Male,26,2,54,0
Blue One S,Littoral,Male,24,2,46,0
Blue One S,South,Male,24,1,51,0
Blue One S,Adamawa,Female,25,2,39,0
Blue One M,Littoral,Male,29,2,123,0
Blue One M,North West,Female,24,0,96,1
Blue One M,North West,Male,24,0,92,1
Blue One M,Centre,Female,26,3,122,0
Blue One M,West,Male,26,3,150,0
Blue One M,East,Female,25,3,158,0
Blue One M,Centre,Female,27,2,109,0
Blue One M,Littoral,Female,20,2,136,0
Blue One M,North West,Male,30,3,147,0
Blue One M,South West,Female,23,2,87,0
Blue One M,Littoral,Female,24,2,124,0
Blue One M,Littoral,Male,23,2,91,1
Blue One M,North,Male,24,0,95,1
Blue One M,North West,Male,28,2,95,1
Blue One M,East,Male,26,2,102,1
Blue One M,East,Male,24,0,104,1
Blue One M,West,Male,23,3,144,0
Blue One M,Adamawa,Female,26,2,116,0
Blue One M,North,Female,26,0,91,1
Blue One M,East,Female,23,2,61,1
Blue One M,West,Female,24,0,128,1
Blue One M,Adamawa,Female,19,2,128,0
Blue One S,Adamawa,Male,23,1,39,0
Blue One S,South,Female,21,2,45,0
Blue One M,South,Female,23,2,75,1
Blue One M,Adamawa,Female,32,2,140,0
Blue One M,West,Female,22,0,94,1
Blue One M,North West,Male,26,3,159,0
Blue One M,North West,Female,23,2,154,1
Blue One M,Littoral,Female,26,2,160,0
Blue One M,Littoral,Male,29,2,159,0
Blue One M,Adamawa,Female,28,2,116,1
Blue One M,Far North,Female,28,2,109,1
Blue One M,West,Female,27,0,125,1
Blue One M,North West,Female,24,2,107,1
Blue One M,North,Male,27,0,137,1
Blue One M,East,Female,28,2,159,0
Blue One M,Centre,Male,26,2,159,0
Blue One M,South,Female,33,2,103,1
Blue One M,South,Male,26,2,157,0
Blue One M,South,Male,24,2,157,0
Blue One M,Adamawa,Male,22,0,106,1
Blue One M,Littoral,Female,27,3,156,0
Blue One M,Far North,Male,20,3,101,0
Blue One M,Adamawa,Male,25,2,116,1
Blue One M,South West,Female,27,3,154,0
Blue One M,Littoral,Male,31,0,155,1
Blue One M,Far North,Male,27,0,72,1
Blue One M,Adamawa,Female,23,3,151,0
Blue One M,South,Male,27,0,80,1
Blue One M,South West,Male,23,0,88,1
Blue One M,North West,Female,27,2,90,1
Blue One M,South West,Female,25,3,136,0
Blue One M,North,Male,30,2,111,1
Blue One M,Littoral,Male,28,0,82,1
Blue One M,Littoral,Male,20,2,145,0
Blue One M,North West,Female,20,2,89,0
Blue One M,North West,Female,29,3,145,0
Blue One M,South West,Male,25,2,143,0
Blue One M,North,Male,19,3,85,0
Blue One M,Far North,Female,23,2,94,1
Blue One M,North West,Female,24,2,144,0
Blue One M,Centre,Male,23,2,142,0
Blue One M,Littoral,Female,25,2,104,1
Blue One M,East,Female,28,2,136,0
Blue One M,North West,Male,26,2,87,1
Blue One M,South,Female,30,2,97,1
Blue One M,South West,Male,30,3,136,0
Blue One M,East,Male,23,0,64,1
Blue One M,South West,Female,27,0,91,1
Blue One M,East,Male,24,0,74,1
Blue One M,North,Male,26,2,123,0
Blue One M,South West,Female,26,2,113,1
Blue One M,East,Female,22,2,72,1
Blue One M,South,Female,21,2,82,1
Blue One M,North West,Male,27,3,130,0
Blue One M,Centre,Female,26,3,126,0
Blue One M,South,Female,22,3,129,0
Blue One M,North West,Female,27,2,116,1
Blue One M,North West,Female,22,2,128,0
Blue One M,Centre,Female,25,3,118,0
Blue One M,Adamawa,Male,24,2,124,0
Blue One M,Centre,Female,18,3,98,0
Blue One M,Far North,Male,26,2,95,1
Blue One M,Far North,Female,26,2,123,0
Blue One M,South West,Female,24,2,89,1
Blue One M,Centre,Male,22,0,109,1
Blue One M,Centre,Female,22,0,63,1
Blue One M,East,Male,26,2,137,0
Blue One L,South,Male,28,0,82,1
Blue One M,Littoral,Female,26,2,119,1
Blue One M,West,Male,30,2,155,0
Blue One L,Adamawa,Female,22,2,63,1
Blue One M,Adamawa,Female,33,0,123,1
Blue One L,Adamawa,Male,26,2,171,0
Blue One L,South West,Female,28,2,166,0
Blue One M,Adamawa,Male,24,3,160,0
Blue One L,North,Female,31,2,150,1
Blue One M,Far North,Male,26,2,133,0
Blue One L,South West,Female,26,0,139,1
Blue One M,Far North,Male,21,3,161,0
Blue One M,South,Female,24,0,142,1
Blue One M,Far North,Male,27,3,154,0
Blue One M,Far North,Male,29,3,156,0
Blue One M,South West,Male,22,2,149,0
Blue One M,Littoral,Male,23,3,164,0
Blue One M,South,Female,23,0,63,1
Blue One M,North,Male,24,2,93,1
Blue One M,Far North,Male,24,2,134,1
Blue One M,Littoral,Male,29,0,76,1
Blue One M,North,Male,23,2,84,1
Blue One M,West,Male,27,0,91,1
Blue One M,East,Male,26,3,153,0
Blue One M,East,Male,33,2,154,0
Blue One M,South West,Male,29,2,94,1
Blue One M,East,Male,33,3,149,0
Blue One M,Far North,Female,19,2,98,1
Blue One M,Far North,Male,22,0,98,1
Blue One M,North West,Female,30,2,60,1
Blue One M,Adamawa,Female,29,2,64,1
Blue One M,Centre,Male,24,2,66,1
Blue One M,Centre,Male,26,2,130,0
Blue One M,North,Female,26,0,82,1
Blue One M,Centre,Male,30,0,62,1
Blue One M,South West,Male,22,0,66,1
Blue One M,Littoral,Female,24,2,129,0
Blue One M,North,Male,28,0,65,1
Blue One M,Littoral,Male,28,2,122,0
Blue One M,South West,Male,20,0,115,1
Blue One M,Littoral,Male,28,0,63,1
Blue One M,North West,Male,19,2,113,1
Blue One M,Adamawa,Female,21,2,91,0
Blue One M,Centre,Female,24,2,104,0
Blue One S,Adamawa,Male,19,1,36,0
Blue One M,South,Female,27,2,107,0
Blue One S,North West,Male,20,2,47,0
Blue One M,South,Female,24,3,80,0
Blue One M,South,Female,22,2,117,0
Blue One M,Centre,Male,19,2,116,0
Blue One M,East,Male,24,2,96,1
Blue One M,West,Male,28,3,122,0
Blue One M,Centre,Male,26,0,68,1
Blue One M,West,Female,21,2,90,1
Blue One M,Adamawa,Female,26,3,119,0
Blue One M,Littoral,Female,22,0,77,1
Blue One M,Adamawa,Female,26,2,82,1
Blue One M,North,Male,23,0,61,1
Blue One M,Centre,Female,25,2,108,1
Blue One S,South West,Female,18,2,62,0
Blue One M,West,Male,23,3,116,0
Blue One M,South West,Male,23,2,94,0
Blue One M,Far North,Female,23,2,112,0
Blue One M,North West,Female,20,2,64,1
Blue One L,Centre,Female,30,2,147,1
Blue One L,North,Male,30,0,75,1
Blue One M,South,Female,26,3,160,0
Blue One M,North,Male,32,2,160,0
Blue One L,Centre,Male,26,0,168,1
Blue One M,South,Female,21,2,89,1
Blue One M,Adamawa,Male,25,3,164,0
Blue One M,West,Female,29,2,147,0
Blue One L,North,Male,27,0,68,1
Blue One M,North West,Female,25,2,98,0
Blue One M,North,Male,24,2,97,0
Blue One M,Littoral,Female,22,2,76,1
Blue One M,Centre,Female,24,3,118,0
Blue One M,North West,Female,25,2,61,1
Blue One M,Adamawa,Female,18,3,96,0
Blue One M,Centre,Male,27,3,105,0
Blue One M,East,Female,29,3,122,0
Blue One M,Centre,Male,18,0,74,1
Blue One M,East,Male,30,3,114,0
Blue One M,Littoral,Female,25,2,110,0
Blue One M,Far North,Female,22,2,82,1
Blue One M,South West,Female,28,0,106,1
Blue One M,North West,Female,22,3,112,0
Blue One M,North West,Male,25,3,110,0
Blue One M,Littoral,Male,26,2,78,0
Blue One M,South,Female,22,2,90,0
Blue One S,West,Female,21,2,74,0
Blue One S,Centre,Female,23,2,32,0
Blue One M,Centre,Female,19,2,81,0
Blue One M,West,Female,22,2,80,0
Blue One M,South,Male,25,3,79,0
Blue One S,Far North,Male,27,2,49,0
Blue One M,Centre,Female,22,2,89,1
Blue One M,West,Female,21,2,104,0
Blue One M,West,Female,19,2,100,0
Blue One S,North,Female,18,1,65,0
Blue One M,Littoral,Male,20,2,63,1
Blue One M,Adamawa,Male,23,3,89,0
Blue One M,East,Male,25,3,101,0
Blue One M,South,Male,25,0,96,1
Blue One M,East,Male,24,2,92,1
Blue One M,South,Female,23,3,129,0
Blue One M,Adamawa,Female,30,0,86,1
Blue One M,North West,Female,28,2,103,1
Blue One M,South West,Female,27,2,87,1
Blue One M,South,Male,26,3,130,0
Blue One M,North West,Male,26,2,66,1
Blue One M,West,Male,29,0,63,1
Blue One M,Adamawa,Male,25,2,126,0
Blue One M,South,Female,26,0,78,1
Blue One M,Adamawa,Female,20,2,72,1
Blue One M,Littoral,Female,22,2,107,1
Blue One S,West,Male,23,1,54,0
Blue One M,South,Female,23,0,74,1
Blue One S,East,Male,26,2,31,0
Blue One M,North,Male,24,2,102,0
Blue One M,Centre,Male,22,0,97,1
Blue One M,Far North,Male,25,3,107,0
Blue One M,Adamawa,Female,26,2,98,1
Blue One M,North West,Female,26,0,70,1
Blue One M,North,Female,21,3,91,0
Blue One M,South,Male,23,3,89,0
Blue One M,North,Male,29,3,81,0
Blue One M,Far North,Female,29,3,84,0
Blue One M,North,Female,26,2,87,1
Blue One M,East,Female,25,2,91,1
Blue One M,West,Male,22,2,76,0
Blue One S,West,Female,21,2,25,0
Blue One S,West,Female,23,1,39,0
Blue One S,Littoral,Male,21,2,41,0
Blue One S,Far North,Male,22,2,39,0
Blue One S,West,Male,24,1,40,0
Blue One S,Adamawa,Male,22,2,38,0
Blue One S,Littoral,Male,18,1,35,0
Blue One M,Centre,Male,19,3,75,0
Blue One S,North West,Male,23,1,53,0
Blue One S,Far North,Male,20,1,51,0
Blue One S,Adamawa,Male,23,1,44,0
Blue One M,Littoral,Female,24,3,126,0
Blue One S,South,Male,26,2,56,0
Blue One M,Littoral,Male,22,3,81,0
Blue One M,Littoral,Male,25,2,75,0
Blue One S,South West,Female,20,2,44,0
Blue One S,South West,Female,20,2,56,0
Blue One S,West,Male,26,1,17,0
Blue One S,East,Female,21,1,37,0
Blue One M,Adamawa,Male,21,2,151,0
Blue One M,Littoral,Male,21,0,147,1
Blue One M,Littoral,Female,30,3,147,0
Blue One M,North,Female,26,2,147,0
Blue One M,North,Male,26,3,149,0
Blue One M,Centre,Male,28,2,116,1
Blue One M,Littoral,Male,29,2,151,0
Blue One M,Littoral,Female,26,2,133,1
Blue One M,East,Female,29,0,111,1
Blue One M,East,Female,28,2,79,1
Blue One M,North,Male,25,0,63,1
Blue One M,Littoral,Male,24,3,129,0
Blue One M,East,Male,25,0,119,1
Blue One M,North West,Female,27,3,141,0
Blue One M,West,Male,24,0,93,1
Blue One M,Centre,Female,22,3,145,0
Blue One M,Littoral,Male,23,0,99,1
Blue One M,North,Male,25,0,112,1
Blue One M,North West,Female,26,2,139,0
Blue One M,East,Female,29,0,85,1
Blue One M,Far North,Male,24,2,119,0
Blue One M,South West,Female,23,0,90,1
Blue One M,Far North,Female,21,2,110,1
Blue One M,Centre,Female,24,3,147,0
Blue One M,North,Female,25,2,117,1
Blue One M,Far North,Male,25,2,62,1
Blue One M,Centre,Female,22,3,134,0
Blue One M,Adamawa,Female,28,2,75,1
Blue One M,Littoral,Male,28,3,144,0
Blue One M,Centre,Male,26,2,63,1
Blue One M,North West,Female,26,2,141,0
Blue One M,North,Male,25,0,62,1
Blue One M,Far North,Male,25,0,86,1
Blue One M,West,Female,26,0,134,1
Blue One M,North,Female,22,0,116,1
Blue One M,West,Female,24,0,133,1
Blue One M,Centre,Male,21,0,108,1
Blue One M,South West,Male,30,2,136,1
Blue One M,Adamawa,Female,25,3,146,0
Blue One M,West,Male,28,2,129,1
Blue One M,South,Male,24,3,141,0
Blue One M,North,Male,23,3,141,0
Blue One M,Adamawa,Female,26,3,139,0
Blue One M,South West,Female,29,2,144,0
Blue One M,West,Female,26,2,88,1
Blue One M,Far North,Male,24,2,64,1
Blue One M,North,Male,31,3,136,0
Blue One M,Littoral,Female,22,3,131,0
Blue One M,West,Female,20,2,138,0
Blue One M,West,Male,33,2,130,1
Blue One M,South West,Male,24,3,152,0
Blue One M,Centre,Male,22,3,150,0
Blue One M,South,Female,29,3,143,0
Blue One M,North West,Female,21,3,143,0
Blue One M,South,Male,20,0,117,1
Blue One M,South West,Male,23,2,151,0
Blue One M,North West,Female,23,3,151,0
Blue One M,Centre,Male,27,2,116,1
Blue One M,Adamawa,Male,24,3,153,0
Blue One M,Adamawa,Female,23,2,143,1
Blue One M,South,Female,23,2,61,1
Blue One M,North,Female,26,2,152,0
Blue One M,East,Female,28,0,152,1
Blue One M,East,Female,28,0,64,1
Blue One M,Adamawa,Female,27,3,153,0
Blue One L,Far North,Female,22,2,66,1
Blue One L,West,Male,25,3,172,0
Blue One L,Littoral,Female,25,2,179,0
Blue One L,Littoral,Male,21,2,91,1
Blue One L,North West,Male,26,2,90,1
Blue One M,Centre,Female,30,3,161,0
Blue One M,Centre,Male,28,2,75,0
Blue One L,Far North,Male,28,3,208,0
Blue One M,North,Male,28,0,61,1
Blue One M,Littoral,Female,24,0,91,1
Blue One M,West,Male,24,2,90,0
Blue One S,Adamawa,Female,21,1,59,0
Blue One M,East,Female,24,2,81,0
Blue One M,South,Female,22,2,83,0
Blue One S,North,Male,24,2,7,0
Blue One S,East,Male,28,1,41,0
Blue One S,East,Female,24,1,53,0
Blue One S,Littoral,Male,25,1,49,0
Blue One M,West,Female,26,2,74,0
Blue One M,Adamawa,Female,20,2,146,0
Blue One M,North,Female,23,3,158,0
Blue One M,South,Female,27,2,160,0
Blue One L,North,Female,25,2,118,1
Blue One L,Far North,Male,25,2,199,0
Blue One L,Far North,Female,32,0,187,1
Blue One L,Far North,Male,23,0,159,1
Blue One L,South,Female,28,2,108,1
Blue One L,South,Male,23,3,179,0
Blue One M,South West,Male,24,2,160,0
Blue One M,West,Female,24,3,158,0
Blue One M,South West,Male,22,3,151,0
Blue One M,Centre,Female,26,2,143,0
Blue One M,East,Female,17,3,119,0
Blue One L,Centre,Male,27,0,103,1
Blue One L,Adamawa,Female,26,0,196,1
Blue One L,Littoral,Female,28,0,182,1
Blue One L,Centre,Female,26,2,201,0
Blue One L,South,Female,27,3,192,0
Blue One L,Far North,Male,26,2,188,0
Blue One L,East,Male,32,2,207,0
Blue One M,Centre,Male,19,3,77,0
Blue One L,Littoral,Male,23,2,186,0
Blue One L,Far North,Male,29,0,135,1
Blue One L,North West,Male,27,2,205,0
Blue One M,East,Male,22,2,94,0
Blue One L,Littoral,Male,30,2,199,0
Blue One L,North West,Male,30,3,188,0
Blue One L,North West,Female,25,0,137,1
Blue One L,South,Female,28,2,197,0
Blue One M,North West,Male,29,2,104,0
Blue One L,South,Male,24,2,110,1
Blue One M,Far North,Male,25,3,104,0
Blue One S,North West,Male,23,2,33,0
Blue One L,West,Male,27,2,92,1
Blue One S,West,Female,17,2,31,0
Blue One L,Littoral,Female,29,3,193,0
Blue One L,West,Female,32,2,195,0
Blue One L,South,Male,23,3,187,0
Blue One M,South West,Female,26,2,135,1
Blue One L,North West,Male,27,3,175,0
Blue One M,Adamawa,Female,27,2,94,1
Blue One L,West,Female,30,2,170,1
Blue One M,Centre,Male,29,2,125,1
Blue One L,East,Male,27,2,87,1
Blue One L,Adamawa,Female,28,2,173,1
Blue One M,North West,Male,25,2,115,0
Blue One L,Littoral,Male,19,0,90,1
Blue One M,South West,Female,26,2,159,0
Blue One M,Littoral,Female,23,2,109,0
Blue One M,North West,Male,31,2,149,1
Blue One L,South,Male,30,2,133,1
Blue One M,North West,Male,24,2,104,0
Blue One L,Far North,Male,27,2,61,1
Blue One L,Littoral,Male,30,2,128,1
Blue One L,South West,Female,24,0,77,1
Blue One L,South West,Female,29,0,133,1
Blue One L,North,Female,26,0,154,1
Blue One L,Far North,Male,30,2,61,1
Blue One L,South,Female,32,2,172,0
Blue One L,East,Male,29,2,188,0
Blue One L,Far North,Male,25,0,125,1
Blue One L,Far North,Male,28,2,192,0
Blue One L,East,Male,29,3,195,0
Blue One L,East,Female,22,2,194,0
Blue One L,Centre,Female,26,2,192,0
Blue One L,Adamawa,Male,27,3,187,0
Blue One L,Littoral,Male,28,3,186,0
Blue One L,West,Female,26,2,74,1
Blue One L,Littoral,Female,30,3,185,0
Blue One L,Littoral,Male,27,0,95,1
Blue One L,West,Male,24,2,194,0
Blue One L,Centre,Male,23,2,176,1
Blue One L,Far North,Male,26,2,74,1
Blue One L,East,Male,27,0,64,1
Blue One L,Centre,Male,25,0,140,1
Blue One L,North,Female,31,0,92,1
Blue One L,North,Male,24,2,173,1
Blue One L,West,Female,30,0,116,1
Blue One L,South,Male,29,3,191,0
Blue One L,North West,Female,30,0,115,1
Blue One L,North,Male,22,3,185,0
Blue One L,West,Female,24,0,73,1
Blue One L,Adamawa,Female,32,0,92,1
Blue One L,North West,Male,25,2,180,0
Blue One L,Littoral,Male,25,2,178,0
Blue One L,South,Male,24,2,181,0
Blue One M,West,Male,27,0,68,1
Blue One L,Littoral,Female,22,2,62,1
Blue One L,Adamawa,Female,25,0,63,1
Blue One L,Centre,Male,23,2,178,0
Blue One M,Centre,Male,21,2,108,1
Blue One M,Littoral,Male,25,2,119,0
Blue One M,East,Female,29,2,124,0
Blue One S,South,Male,20,2,38,0
Blue One M,Adamawa,Male,19,3,115,0
Blue One M,Far North,Male,24,3,104,0
Blue One S,South West,Male,20,1,13,0
Blue One M,South West,Male,28,2,104,0
Blue One M,South West,Female,26,2,95,0
Blue One M,Centre,Female,25,2,89,0
Blue One M,North,Female,20,0,79,1
Blue One S,South,Male,23,1,55,0
Blue One M,North West,Female,24,3,136,0
Blue One M,South,Female,26,2,130,0
Blue One M,East,Male,25,0,91,1
Blue One M,Adamawa,Female,28,2,88,1
Blue One S,Far North,Male,22,2,48,0
Blue One M,South,Female,22,2,149,0
Blue One M,North,Female,22,3,103,0
Blue One M,South,Male,21,2,90,1
Blue One M,South,Female,24,3,81,0
Blue One M,West,Male,22,0,67,1
Blue One M,Centre,Female,24,3,115,0
Blue One M,Littoral,Male,23,2,115,0
Blue One M,Littoral,Female,22,0,69,1
Blue One M,Centre,Male,27,3,107,0
Blue One M,East,Male,25,3,122,0
Blue One M,North,Male,21,3,76,0
Blue One S,South West,Female,21,2,55,0
Blue One M,North,Male,22,2,89,1
Blue One M,South West,Male,22,2,93,1
Blue One S,South West,Female,23,1,47,0
Blue One M,East,Female,25,2,149,1
Blue One S,Adamawa,Female,23,1,53,0
Blue One S,South West,Female,24,1,74,0
Blue One S,Littoral,Female,19,2,42,0
Blue One M,Adamawa,Male,25,2,128,1
Blue One M,East,Male,29,2,146,0
Blue One M,South West,Female,25,0,70,1
Blue One M,South West,Male,28,2,153,0
Blue One M,Far North,Female,27,0,102,1
Blue One M,West,Female,24,2,125,0
Blue One M,Adamawa,Female,25,3,102,0
Blue One M,Centre,Male,24,3,90,0
Blue One M,South West,Male,19,0,87,1
Blue One S,South,Male,17,2,74,0
Blue One M,South West,Female,29,2,114,0
Blue One M,Littoral,Female,24,3,124,0
Blue One M,Adamawa,Female,29,2,108,1
Blue One M,North West,Male,22,3,103,0
Blue One S,Littoral,Male,24,1,34,0
Blue One L,South West,Female,30,0,198,1
Blue One M,North West,Male,30,0,142,1
Blue One S,South,Male,20,1,47,0
Blue One L,North West,Female,32,2,207,0
Blue One L,South West,Female,24,2,109,1
Blue One L,East,Male,25,3,164,0
Blue One M,North,Male,30,3,152,0
Blue One M,Far North,Female,26,2,104,0
Blue One M,North,Male,22,2,120,1
Blue One M,North West,Male,24,3,125,0
Blue One L,Centre,Male,29,0,65,1
Blue One M,Centre,Male,23,2,106,1
Blue One L,Adamawa,Male,25,3,203,0
Blue One L,Centre,Male,25,3,194,0
Blue One L,North West,Male,26,2,196,0
Blue One L,East,Male,22,2,134,1
Blue One M,Littoral,Female,19,0,63,1
Blue One L,Littoral,Male,27,3,174,0
Blue One M,North West,Female,23,3,104,0
Blue One M,South West,Female,26,0,62,1
Blue One M,North,Male,26,0,107,1
Blue One M,North,Male,26,2,91,0
Blue One M,Adamawa,Male,26,2,95,1
Blue One M,East,Female,23,2,105,0
Blue One M,West,Female,23,2,77,0
Blue One S,West,Male,24,2,40,0
Blue One L,South,Female,31,2,92,1
Blue One L,North West,Male,27,2,79,1
Blue One L,North West,Female,30,0,158,1
Blue One L,South,Female,31,2,178,0
Blue One L,North,Female,24,2,119,1
Blue One L,Adamawa,Male,29,3,203,0
Blue One L,North,Male,24,0,140,1
Blue One L,East,Female,23,2,93,1
Blue One L,West,Male,30,3,203,0
Blue One L,Far North,Female,28,0,196,1
Blue One L,Far North,Female,30,3,204,0
Blue One L,Far North,Male,26,3,201,0
Blue One L,East,Female,23,0,120,1
Blue One L,Adamawa,Female,31,2,195,0
Blue One L,South West,Female,26,2,202,0
Blue One M,East,Female,26,3,98,0
Blue One M,Littoral,Male,28,3,91,0
Blue One M,Littoral,Female,24,2,98,1
Blue One M,East,Male,28,2,64,1
Blue One M,North,Male,19,3,110,0
Blue One M,South,Female,28,2,83,1
Blue One M,South West,Male,25,2,111,0
Blue One M,Centre,Female,27,2,91,1
Blue One M,East,Female,27,3,99,0
Blue One M,Far North,Male,23,2,102,0
Blue One M,South,Male,27,3,108,0
Blue One M,East,Male,31,0,86,1
Blue One S,Far North,Female,17,1,63,0
Blue One S,Centre,Female,24,1,48,0
Blue One S,Centre,Female,25,2,55,0
Blue One M,Centre,Male,30,2,123,1
Blue One M,North West,Male,20,2,102,1
Blue One M,East,Male,25,3,141,0
Blue One M,Centre,Male,22,0,72,1
Blue One M,Far North,Male,25,0,96,1
Blue One M,South,Female,33,2,150,0
Blue One M,South West,Female,26,2,146,0
Blue One M,North,Male,26,0,62,1
Blue One M,East,Female,25,2,112,1
Blue One M,North West,Female,26,2,135,1
Blue One M,Centre,Male,26,2,62,1
Blue One M,South,Male,27,2,107,1
Blue One M,Littoral,Female,22,2,78,1
Blue One M,South,Male,20,0,81,1
Blue One M,Far North,Male,21,3,131,0
Blue One M,Centre,Male,27,2,94,1
Blue One M,Far North,Male,27,3,127,0
Blue One M,Far North,Female,24,0,115,1
Blue One M,West,Female,22,3,115,0
Blue One M,Centre,Female,19,2,114,0
Blue One M,West,Male,24,2,131,1
Blue One M,Centre,Female,22,3,101,0
Blue One S,Far North,Male,22,2,47,0
Blue One L,South,Female,24,2,196,0
Blue One L,West,Female,26,2,207,0
Blue One L,Littoral,Female,26,2,150,1
Blue One S,Adamawa,Female,20,2,44,0
Blue One S,Adamawa,Male,25,2,48,0
Blue One L,Adamawa,Female,28,2,180,1
Blue One L,Adamawa,Male,28,2,156,1
Blue One L,South West,Male,28,0,161,1
Blue One L,Littoral,Female,25,3,185,0
Blue One L,South West,Female,27,2,190,0
Blue One L,Adamawa,Female,27,2,115,1
Blue One L,Centre,Female,22,2,196,0
Blue One L,Far North,Male,31,0,70,1
Blue One L,North West,Male,28,3,199,0
Blue One L,Centre,Male,28,0,173,1
Blue One M,South West,Male,28,2,164,0
Blue One L,Far North,Male,23,2,181,0
Blue One L,North,Male,27,2,199,0
Blue One L,Centre,Female,21,2,181,0
Blue One L,North,Female,30,0,105,1
Blue One M,Littoral,Female,28,2,61,1
Blue One M,North,Male,24,2,96,1
Blue One L,Adamawa,Male,27,3,192,0
Blue One S,Far North,Male,19,2,30,0
Blue One M,Adamawa,Female,26,2,62,1
Blue One M,South,Male,28,2,140,0
Blue One M,South West,Male,18,3,96,0
Blue One L,Littoral,Male,24,2,83,1
Blue One M,Adamawa,Male,21,2,100,1
Blue One M,Adamawa,Female,26,0,102,1
Blue One M,Littoral,Male,26,2,123,0
Blue One M,Centre,Female,27,2,86,1
Blue One L,West,Male,28,2,86,1
Blue One L,Adamawa,Female,24,3,205,0
Blue One L,East,Male,27,2,205,0
Blue One L,East,Female,25,0,131,1
Blue One M,Littoral,Female,23,2,63,1
Blue One L,Littoral,Female,28,0,119,1
Blue One L,Adamawa,Male,25,3,199,0
Blue One S,Centre,Male,20,2,28,0
Blue One M,North,Male,19,2,63,1
Blue One L,North West,Female,23,2,92,1
Blue One L,Far North,Male,25,2,65,1
Blue One L,South,Female,31,2,62,1
Blue One L,East,Male,26,0,143,1
Blue One M,South,Male,30,3,124,0
Blue One L,Littoral,Male,28,0,163,1
Blue One M,Littoral,Female,20,2,130,1
Blue One M,Littoral,Male,30,0,92,1
Blue One M,Adamawa,Female,18,3,118,0
Blue One M,Adamawa,Male,22,2,122,0
Blue One M,North,Female,26,3,98,0
Blue One M,Far North,Male,28,3,89,0
Blue One M,South,Female,26,3,122,0
Blue One M,Adamawa,Male,23,2,150,0
Blue One L,Adamawa,Female,29,0,143,1
Blue One L,Far North,Male,25,2,180,0
Blue One S,South,Male,22,1,55,0
Blue One M,South,Male,23,3,79,0
Blue One L,South West,Female,23,3,195,0
Blue One L,Littoral,Female,25,0,120,1
Blue One L,Littoral,Male,23,0,169,1
Blue One L,South,Female,29,3,180,0
Blue One L,Far North,Male,33,0,200,1
Blue One L,East,Male,22,0,138,1
Blue One L,Adamawa,Female,22,2,171,0
Blue One M,Centre,Female,23,3,121,0
Blue One L,North,Male,25,2,77,1
Blue One L,Centre,Female,27,3,192,0
Blue One L,West,Male,29,2,174,1
Blue One L,Far North,Female,27,2,199,0
Blue One L,Littoral,Male,25,2,201,0
Blue One L,West,Male,32,3,200,0
Blue One L,East,Male,31,0,164,1
Blue One L,Far North,Male,32,0,187,1
Blue One L,North West,Female,32,2,109,1
Blue One L,Far North,Male,24,2,195,0
Blue One M,Adamawa,Male,24,2,73,1
Blue One M,South West,Male,24,2,91,0
Blue One M,South West,Female,26,0,80,1
Blue One M,Centre,Female,24,3,85,0
Blue One L,South,Male,25,3,207,0
Blue One L,West,Male,26,2,196,0
Blue One L,Far North,Male,32,3,177,0
Blue One L,East,Female,28,2,129,1
Blue One M,South,Male,23,2,146,1
Blue One L,North,Male,21,0,90,1
Blue One S,Far North,Male,21,1,38,0
Blue One S,West,Female,23,2,53,0
Blue One M,North,Female,20,0,92,1
Blue One L,South,Female,28,2,106,1
Blue One L,Far North,Male,25,2,166,0
Blue One M,Adamawa,Female,28,2,164,0
Blue One L,North West,Male,24,0,63,1
Blue One L,Centre,Female,23,2,201,0
Blue One S,South West,Male,23,2,48,0
Blue One L,North West,Male,24,0,148,1
Blue One L,North,Male,24,3,200,0
Blue One L,Adamawa,Male,31,2,200,0
Blue One L,North,Male,29,3,200,0
Blue One L,Centre,Female,26,2,205,0
Blue One L,Littoral,Male,30,2,85,1
Blue One M,Adamawa,Female,25,2,129,0
Blue One L,North,Male,33,0,91,1
Blue One L,Far North,Male,33,0,62,1
Blue One L,South West,Female,27,2,126,1
Blue One L,Centre,Female,24,3,185,0
Blue One L,North,Female,23,2,193,0
Blue One L,East,Female,30,2,183,0
Blue One L,Littoral,Female,28,2,138,1
Blue One L,Littoral,Male,31,0,94,1
Blue One L,Centre,Male,24,2,187,0
Blue One L,North,Male,26,3,185,0
Blue One L,North West,Male,20,0,106,1
Blue One L,Far North,Male,28,2,97,1
Blue One L,West,Female,28,0,69,1
Blue One L,North West,Female,23,2,90,1
Blue One M,East,Male,26,0,135,1
Blue One L,North,Male,29,0,114,1
Blue One L,South West,Female,27,0,156,1
Blue One L,North,Female,25,0,154,1
Blue One L,East,Female,28,0,84,1
Blue One L,South West,Male,24,0,165,1
Blue One L,North,Male,25,2,89,1
Blue One L,Centre,Female,26,2,83,1
Blue One L,Centre,Male,28,3,178,0
Blue One L,North West,Female,24,3,170,0
Blue One L,Littoral,Male,31,0,76,1
Blue One L,South,Male,22,0,172,1
Blue One L,East,Female,29,2,121,1
Blue One L,South,Male,25,2,200,1
Blue One L,Centre,Female,32,2,207,0
Blue One L,Centre,Female,28,2,92,1
Blue One L,Adamawa,Female,29,2,195,0
Blue One L,West,Female,31,3,192,0
Blue One L,Centre,Male,27,3,203,0
Blue One L,East,Female,30,2,109,1
Blue One L,South,Female,33,2,114,1
Blue One L,Centre,Male,26,2,91,1
Blue One L,Far North,Male,23,2,135,1
Blue One M,North,Male,22,0,102,1
Blue One S,Littoral,Female,28,1,23,0
Blue One L,Centre,Male,24,0,73,1
Blue One L,South West,Female,28,3,173,0
Blue One L,Littoral,Female,27,2,179,0
Blue One L,South,Female,29,2,105,1
Blue One M,Littoral,Male,23,2,89,0
Blue One L,Far North,Female,33,0,74,1
Blue One S,Littoral,Male,21,2,21,0
Blue One M,South,Female,28,2,92,1
Blue One L,Centre,Male,27,2,63,1
Blue One L,South West,Male,24,2,100,1
Blue One M,North,Female,31,0,146,1
Blue One L,East,Female,27,2,166,1
Blue One L,West,Male,28,3,178,0
Blue One M,West,Female,26,3,130,0
Blue One L,North,Male,25,2,93,1
Blue One L,North,Male,28,2,182,0
Blue One L,Far North,Male,25,2,196,0
Blue One L,North,Male,25,3,200,0
Blue One M,Far North,Male,21,0,101,1
Blue One L,South,Male,28,2,140,1
Blue One M,Centre,Male,25,3,144,0
Blue One M,West,Male,21,3,103,0
Blue One M,South West,Male,28,3,145,0
Blue One M,South West,Male,28,2,90,0
Blue One L,Far North,Female,28,2,181,0
Blue One M,Centre,Female,22,2,141,1
Blue One L,Far North,Male,25,0,182,1
Blue One M,West,Female,26,3,129,0
Blue One L,South,Female,27,0,139,1
Blue One M,Centre,Male,22,2,148,1
Blue One L,Adamawa,Male,30,0,95,1
Blue One L,South West,Male,30,2,93,1
Blue One L,North West,Female,30,2,148,1
Blue One L,West,Female,29,3,175,0
Blue One L,Centre,Female,29,2,158,1
Blue One L,North West,Male,29,2,195,0
Blue One L,North,Male,26,2,89,1
Blue One L,East,Male,26,0,171,1
Blue One L,South,Female,29,3,175,0
Blue One L,North,Male,28,0,70,1
Blue One L,Adamawa,Male,21,3,177,0
Blue One L,Far North,Male,29,3,192,0
Blue One M,Far North,Female,26,3,129,0
Blue One L,South,Female,23,0,92,1
Blue One L,South,Female,23,2,64,1
Blue One S,North West,Female,21,2,39,0
Blue One S,South,Male,24,2,30,0
Blue One L,North,Female,29,0,81,1
Blue One M,West,Female,20,0,128,1
Blue One M,North West,Male,24,0,85,1
Blue One M,Centre,Female,24,3,136,0
Blue One M,North,Female,22,2,113,1
Blue One M,Centre,Female,21,0,122,1
Blue One M,Centre,Female,23,3,156,0
Blue One M,Littoral,Female,26,2,111,1
Blue One M,Adamawa,Male,20,0,78,1
Blue One M,North,Male,23,2,147,1
Blue One M,Adamawa,Female,23,0,78,1
Blue One M,North,Female,26,0,126,1
Blue One M,Adamawa,Male,30,2,150,0
Blue One M,South West,Female,23,2,118,0
Blue One M,North,Female,30,3,123,0
Blue One M,Adamawa,Male,22,0,83,1
Blue One M,North,Male,22,2,122,0
Blue One M,North West,Male,22,2,94,1
Blue One M,South West,Female,21,2,112,0
Blue One M,Centre,Male,28,2,110,1
Blue One M,West,Male,23,3,143,0
Blue One M,South West,Male,24,0,98,1
Blue One M,Adamawa,Male,26,2,141,0
Blue One M,East,Male,31,3,90,0
Blue One S,South West,Male,23,1,46,0
Blue One L,Adamawa,Female,25,2,63,1
Blue One M,South,Female,27,2,79,1
Blue One M,Littoral,Male,23,0,153,1
Blue One L,South West,Female,33,2,72,1
Blue One M,North West,Male,19,3,154,0
Blue One M,North West,Female,28,0,117,1
Blue One S,Centre,Male,24,1,36,0
Blue One L,North,Male,29,3,171,0
Blue One S,West,Male,23,1,31,0
Blue One M,South,Male,26,2,117,0
Blue One L,South,Female,33,3,182,0
Blue One L,Littoral,Male,27,2,170,1
Blue One L,North,Male,30,2,175,1
Blue One L,South West,Female,24,0,108,1
Blue One M,North West,Male,23,2,157,0
Blue One M,North,Male,27,2,107,1
Blue One M,South,Female,23,3,132,0
Blue One M,East,Female,27,0,133,1
Blue One L,South,Male,27,2,194,0
Blue One M,North West,Female,25,2,164,0
Blue One M,Centre,Male,25,2,132,0
Blue One M,Centre,Female,28,0,99,1
Blue One M,North,Male,21,3,145,0
Blue One L,Centre,Male,23,0,137,1
Blue One L,Centre,Female,31,2,96,1
Blue One M,North West,Male,27,2,61,1
Blue One M,Adamawa,Male,22,2,97,0
Blue One L,Adamawa,Male,23,0,87,1
Blue One L,North West,Male,30,0,84,1
Blue One L,West,Male,25,3,182,0
Blue One L,Adamawa,Male,25,2,92,1
Blue One L,South,Male,26,0,190,1
Blue One L,South West,Male,26,0,68,1
Blue One L,Centre,Female,30,0,157,1
Blue One L,Centre,Female,26,3,185,0
Blue One L,Littoral,Female,24,0,154,1
Blue One L,South,Female,26,2,110,1
Blue One L,Adamawa,Male,25,0,155,1
Blue One L,North West,Female,24,3,193,0
Blue One L,North,Male,29,2,188,1
Blue One L,North West,Male,27,2,106,1
Blue One L,East,Male,26,2,184,0
Blue One L,East,Female,29,0,63,1
Blue One L,Adamawa,Male,28,0,108,1
Blue One L,Adamawa,Male,27,2,62,1
Blue One L,North,Male,22,0,128,1
Blue One L,South West,Male,25,3,196,0
Blue One L,Littoral,Female,20,3,187,0
Blue One L,North,Male,24,3,201,0
Blue One M,North,Female,25,0,61,1
Blue One S,Centre,Male,20,1,24,0
Blue One M,South West,Female,22,2,109,0
Blue One M,North West,Female,21,2,87,0
Blue One S,South West,Female,23,1,17,0
Blue One S,North,Male,19,1,24,0
Blue One M,North West,Male,20,3,81,0
Blue One S,North,Male,25,1,48,0
Blue One M,Littoral,Female,21,2,62,1
Blue One L,Centre,Female,27,2,161,1
Blue One L,West,Female,25,0,156,1
Blue One L,South,Female,32,2,170,1
Blue One M,North West,Female,24,2,160,0
Blue One M,Far North,Male,21,0,148,1
Blue One L,North,Female,29,0,140,1
Blue One L,Adamawa,Female,27,2,179,0
Blue One L,West,Female,28,3,196,0
Blue One L,North,Male,28,2,90,1
Blue One M,Littoral,Female,25,2,159,0
Blue One L,East,Female,25,0,179,1
Blue One L,East,Male,31,0,85,1
Blue One S,Littoral,Male,22,2,59,0
Blue One S,South West,Male,17,2,61,0
Blue One S,South West,Male,22,1,7,0
Blue One M,East,Male,31,2,151,0
Blue One S,North West,Female,22,1,55,0
Blue One S,Adamawa,Male,23,2,55,0
Blue One M,Littoral,Female,28,0,82,1
Blue One M,Adamawa,Male,26,3,146,0
Blue One M,North,Male,26,2,144,0
Blue One M,North West,Male,24,0,85,1
Blue One L,Adamawa,Male,27,3,180,0
Blue One L,West,Female,29,2,202,0
Blue One L,Far North,Male,28,0,96,1
Blue One L,Far North,Male,25,0,161,1
Blue One L,Littoral,Male,27,2,193,0
Blue One L,East,Male,26,2,96,1
Blue One L,South West,Male,25,0,62,1
Blue One L,North,Male,23,3,178,0
Blue One M,North,Female,27,2,164,0
Blue One M,North,Male,21,2,153,0
Blue One M,South,Female,27,2,84,1
Blue One M,Adamawa,Female,23,0,92,1
Blue One M,Far North,Female,24,2,138,1
Blue One L,Adamawa,Male,28,3,207,0
Blue One L,Centre,Male,25,2,205,0
Blue One L,Far North,Female,28,2,88,1
Blue One L,North West,Female,30,2,91,1
Blue One L,North West,Male,33,3,195,0
Blue One L,East,Female,26,0,122,1
Blue One L,Adamawa,Male,21,2,160,1
Blue One L,South West,Female,25,2,131,1
Blue One M,South,Female,24,3,109,0
Blue One L,South,Male,33,2,123,1
Blue One L,Centre,Female,25,0,193,1
Blue One L,South,Female,26,3,194,0
Blue One L,Littoral,Male,26,3,198,0
Blue One L,North West,Female,28,0,190,1
Blue One L,West,Female,24,2,87,1
Blue One M,North West,Male,25,2,97,0
Blue One M,South,Female,23,3,104,0
Blue One M,Far North,Male,27,3,161,0
Blue One L,South,Male,25,0,193,1
Blue One L,North,Male,26,2,179,0
Blue One L,North West,Male,26,0,70,1
Blue One L,South,Female,23,0,95,1
Blue One L,Adamawa,Female,28,2,175,0
Blue One L,North West,Female,30,2,166,0
Blue One M,North West,Male,22,2,81,1
Blue One M,Littoral,Male,24,0,122,1
Blue One L,South,Male,27,2,193,0
Blue One L,North,Male,24,2,124,1
Blue One M,Adamawa,Male,22,2,159,0
Blue One L,Centre,Male,27,2,166,0
Blue One L,North,Male,21,2,165,0
Blue One L,North,Male,28,0,165,1
Blue One L,West,Female,23,0,61,1
Blue One M,Far North,Female,27,2,159,0
Blue One L,North,Male,25,2,91,1
Blue One L,South West,Female,24,0,68,1
Blue One L,East,Male,28,2,175,0
Blue One L,Far North,Male,27,2,174,0
Blue One L,Littoral,Male,29,2,170,0
Blue One L,West,Female,31,2,184,0
Blue One L,Littoral,Female,31,3,187,0
Blue One L,Centre,Female,25,0,153,1
Blue One L,North West,Female,25,2,188,0
Blue One L,Adamawa,Female,29,3,172,0
Blue One L,Centre,Male,27,2,117,1
Blue One L,Adamawa,Male,29,2,95,1
Blue One L,West,Female,25,3,191,0
Blue One L,West,Male,28,2,98,1
Blue One L,Centre,Female,21,3,194,0
Blue One L,Adamawa,Male,18,2,163,1
Blue One L,South,Male,26,2,185,0
Blue One L,North West,Male,26,2,116,1
Blue One L,West,Male,23,0,158,1
Blue One L,South West,Female,28,2,155,1
Blue One L,East,Female,24,2,75,1
Blue One L,North,Male,25,2,157,1
Blue One L,Centre,Female,27,2,194,0
Blue One L,South,Male,26,2,194,0
Blue One L,Adamawa,Male,24,0,61,1
Blue One S,Littoral,Female,24,2,52,0
Blue One L,Littoral,Male,26,3,191,0
Blue One L,Far North,Male,24,3,185,0
Blue One L,Far North,Male,26,0,94,1
Blue One L,South,Female,25,2,135,1
Blue One L,East,Female,29,3,189,0
Blue One L,South West,Female,33,2,180,1
Blue One L,Littoral,Male,24,2,159,1
Blue One L,Littoral,Female,33,0,82,1
Blue One L,North,Male,21,0,100,1
Blue One L,Adamawa,Male,25,0,154,1
Blue One M,Littoral,Female,25,0,92,1
Blue One M,Far North,Male,28,3,96,0
Blue One M,West,Male,27,2,104,0
Blue One M,West,Female,24,0,90,1
Blue One M,North,Male,26,3,96,0
Blue One M,North West,Female,27,2,81,0
Blue One M,Centre,Female,22,2,80,0
Blue One M,Adamawa,Female,22,2,137,0
Blue One M,Adamawa,Female,27,3,132,0
Blue One M,Littoral,Male,30,3,122,0
Blue One M,Littoral,Male,27,3,75,0
Blue One S,West,Female,18,1,48,0
Blue One M,Far North,Male,27,0,75,1
Blue One M,West,Female,26,2,131,0
Blue One M,East,Male,29,0,114,1
Blue One M,West,Female,23,3,97,0
Blue One M,South,Female,21,2,104,0
Blue One M,East,Female,18,3,82,0
Blue One M,South West,Male,21,2,94,0
Blue One M,Far North,Female,26,2,108,0
Blue One M,North West,Male,26,2,76,0
Blue One M,South West,Male,23,0,104,1
Blue One M,North West,Female,29,2,94,1
Blue One M,South,Female,28,0,67,1
Blue One M,Far North,Female,24,2,75,0
Blue One M,Centre,Male,26,3,144,0
Blue One M,Centre,Male,25,0,66,1
Blue One S,North West,Male,22,1,74,0
Blue One M,South West,Female,23,0,103,1
Blue One M,Centre,Female,24,2,132,0
Blue One M,Centre,Male,24,0,86,1
Blue One M,North,Female,21,2,97,0
Blue One M,East,Female,28,0,64,1
Blue One M,North,Male,24,2,105,0
Blue One M,Centre,Female,19,2,104,0
Blue One M,Centre,Female,21,2,87,0
Blue One S,Littoral,Female,23,2,41,0
Blue One M,North,Female,26,0,63,1
Blue One S,West,Female,18,1,46,0
Blue One M,Littoral,Male,21,2,90,1
Blue One L,Adamawa,Female,28,2,100,1
Blue One M,East,Female,26,0,91,1
Blue One M,Centre,Female,25,2,103,0
Blue One L,North,Male,28,2,177,0
Blue One M,Far North,Female,29,0,81,1
Blue One M,Adamawa,Female,21,2,65,1
Blue One L,North,Male,27,3,206,0
Blue One M,Centre,Male,24,0,112,1
Blue One L,West,Female,28,3,192,0
Blue One L,Littoral,Female,22,0,103,1
Blue One M,West,Female,24,3,161,0
Blue One M,South West,Male,24,3,119,0
Blue One L,South West,Female,24,3,181,0
Blue One L,South,Male,27,2,121,1
Blue One L,Adamawa,Male,22,0,158,1
Blue One L,Centre,Male,30,0,176,1
Blue One L,Centre,Female,30,2,200,0
Blue One L,Littoral,Male,26,0,171,1
Blue One L,Far North,Female,28,0,177,1
Blue One L,Littoral,Male,25,0,166,1
Blue One L,West,Male,28,0,141,1
Blue One M,East,Male,23,0,134,1
Blue One M,Far North,Male,21,3,122,0
Blue One M,South,Female,21,0,94,1
Blue One M,South,Female,24,2,97,0
Blue One M,Adamawa,Male,25,2,99,0
Blue One M,Adamawa,Female,26,3,96,0
Blue One M,Far North,Male,21,3,100,0
Blue One S,Adamawa,Male,17,2,4,0
Blue One M,North,Male,18,3,109,0
Blue One M,East,Male,32,3,111,0
Blue One M,Far North,Male,22,2,91,0
Blue One S,Far North,Male,22,1,36,0
Blue One S,East,Male,21,2,57,0
Blue One M,North West,Male,25,3,102,0
Blue One S,Adamawa,Male,24,2,41,0
Blue One M,Centre,Male,22,2,84,0
Blue One M,Far North,Male,20,3,102,0
Blue One M,Adamawa,Male,27,0,95,1
Blue One M,Far North,Male,22,3,150,0
Blue One M,Centre,Male,27,3,147,0
Blue One M,South,Female,24,2,140,0
Blue One M,Centre,Male,23,2,102,1
Blue One M,Centre,Male,28,2,149,0
Blue One M,North,Male,27,0,96,1
Blue One M,Centre,Male,23,3,146,0
Blue One M,South West,Female,30,2,150,0
Blue One M,Littoral,Male,19,0,121,1
Blue One M,Littoral,Male,25,2,147,0
Blue One M,Littoral,Male,26,0,132,1
Blue One M,West,Female,22,0,100,1
Blue One M,Littoral,Male,23,0,113,1
Blue One M,South,Male,22,0,76,1
Blue One M,Adamawa,Female,25,2,138,0
Blue One M,Far North,Female,21,2,122,0
Blue One M,North,Male,25,2,144,0
Blue One M,North West,Male,24,0,129,1
Blue One M,Littoral,Male,26,2,135,0
Blue One M,North West,Male,23,2,74,1
Blue One M,Adamawa,Male,27,3,111,0
Blue One M,Far North,Female,26,2,131,0
Blue One M,Centre,Male,23,2,128,0
Blue One M,Adamawa,Female,24,0,82,1
Blue One M,West,Female,24,3,120,0
Blue One M,North West,Male,27,2,67,1
Blue One M,Adamawa,Male,25,3,114,0
Blue One M,North West,Female,22,2,82,1
Blue One M,South West,Male,26,3,91,0
Blue One L,Littoral,Male,24,0,173,1
Blue One L,Littoral,Male,27,0,63,1
Blue One M,East,Female,24,2,144,1
Blue One L,North West,Female,30,0,165,1
Blue One S,Littoral,Female,21,2,53,0
Blue One L,Adamawa,Female,29,3,196,0
Blue One L,Adamawa,Female,33,2,131,1
Blue One L,North West,Male,18,2,182,0
Blue One L,East,Male,25,3,193,0
Blue One L,West,Female,26,2,107,1
Blue One L,West,Female,28,0,119,1
Blue One L,North,Female,31,2,161,1
Blue One M,North,Female,25,2,114,1
Blue One L,North West,Male,27,2,78,1
Blue One L,Littoral,Male,26,2,169,1
Blue One L,West,Male,23,3,181,0
Blue One L,East,Female,29,3,184,0
Blue One S,Adamawa,Male,23,2,3,0
Blue One M,South West,Male,26,3,133,0
Blue One L,South,Male,23,3,181,0
Blue One L,North West,Female,31,2,188,0
Blue One M,North,Male,21,2,92,1
Blue One L,South West,Male,25,0,89,1
Blue One M,Far North,Female,24,3,95,0
Blue One M,East,Female,24,3,125,0
Blue One M,Littoral,Female,22,0,91,1
Blue One L,West,Male,31,2,187,0
Blue One M,South West,Male,28,2,138,1
Blue One M,South,Female,22,2,145,0
Blue One L,East,Male,29,2,208,0
Blue One L,North,Male,25,0,195,1
Blue One M,North,Male,23,2,95,0
Blue One L,West,Female,26,3,202,0
Blue One M,West,Female,30,3,154,0
Blue One S,South,Male,24,1,55,0
Blue One L,West,Male,26,3,199,0
Blue One M,Littoral,Male,29,2,92,1
Blue One L,West,Male,23,2,114,1
Blue One L,Far North,Male,25,3,195,0
Blue One L,Far North,Male,25,2,195,0
Blue One M,Adamawa,Female,26,3,145,0
Blue One M,South,Male,26,0,84,1
Blue One L,North,Male,18,2,202,0
Blue One M,Centre,Male,22,2,62,1
Blue One L,South,Male,27,0,69,1
Blue One M,Centre,Male,24,0,74,1
Blue One L,East,Male,28,3,182,0
Blue One L,East,Female,31,3,207,0
Blue One M,Littoral,Female,23,2,146,1
Blue One L,South West,Female,30,2,99,1
Blue One L,Littoral,Male,30,3,188,0
Blue One M,North,Male,25,0,92,1
Blue One S,North West,Male,17,1,6,0
Blue One M,Adamawa,Male,25,3,118,0
Blue One M,Adamawa,Female,24,3,159,0
Blue One M,North West,Female,25,2,79,1
Blue One S,Far North,Male,25,1,53,0
Blue One S,Far North,Female,26,1,46,0
Blue One S,Adamawa,Male,23,1,55,0
Blue One L,Littoral,Female,29,2,206,0
Blue One M,South,Male,17,3,90,0
Blue One L,Adamawa,Female,25,2,161,1
Blue One L,North,Female,29,3,181,0
Blue One L,East,Female,27,2,148,1
Blue One M,East,Male,27,2,154,0
Blue One M,Centre,Male,25,3,125,0
Blue One M,Far North,Male,25,2,147,0
Blue One M,Adamawa,Female,25,3,116,0
Blue One L,Adamawa,Male,27,2,203,0
Blue One L,Centre,Male,29,0,155,1
Blue One L,West,Female,26,2,177,1
Blue One L,South,Female,27,2,83,1
Blue One L,South West,Female,27,3,199,0
Blue One L,South West,Male,28,2,195,0
Blue One L,Littoral,Female,31,2,172,1
Blue One L,South,Male,33,0,61,1
Blue One L,South,Female,25,2,143,1
Blue One L,South,Male,27,2,132,1
Blue One M,North,Male,29,2,156,0
Blue One M,Far North,Female,22,2,91,0
Blue One M,Littoral,Male,22,2,85,0
Blue One M,West,Male,25,2,83,0
Blue One M,South West,Female,22,3,88,0
Blue One S,North,Male,21,1,39,0
Blue One M,Adamawa,Male,28,3,84,0
Blue One L,North West,Female,30,3,188,0
Blue One S,North,Male,22,1,40,0
Blue One S,Centre,Female,26,2,32,0
Blue One M,South West,Female,22,2,104,0
Blue One S,North,Male,23,2,25,0
Blue One S,West,Male,24,1,14,0
Blue One L,North West,Female,26,3,166,0
Blue One S,North,Male,22,1,54,0
Blue One S,Adamawa,Male,20,1,34,0
Blue One M,Adamawa,Male,23,2,101,0
Blue One L,West,Female,26,2,110,1
Blue One L,West,Male,28,0,82,1
Blue One L,South West,Female,33,3,181,0
Blue One L,Adamawa,Male,25,0,185,1
Blue One L,Far North,Male,24,2,92,1
Blue One L,Far North,Female,24,2,141,1
Blue One M,Far North,Male,24,3,109,0
Blue One M,Littoral,Male,22,0,89,1
Blue One M,North,Male,32,3,138,0
Blue One L,Littoral,Female,32,2,193,0
Blue One L,Centre,Female,29,2,201,0
Blue One L,Far North,Male,23,3,200,0
Blue One L,Littoral,Female,26,3,202,0
Blue One L,East,Female,28,2,200,0
Blue One L,North West,Female,31,2,205,0
Blue One L,Adamawa,Male,30,2,160,1
Blue One S,Centre,Female,22,1,48,0
Blue One L,Centre,Male,28,0,95,1
Blue One L,North,Female,28,0,94,1
Blue One M,North,Male,32,3,143,0
Blue One L,Littoral,Male,22,0,63,1
Blue One M,Adamawa,Female,29,2,86,1
Blue One L,Littoral,Male,30,2,99,1
Blue One M,North,Male,26,2,118,0
Blue One L,South,Male,25,0,114,1
Blue One L,West,Male,28,2,77,1
Blue One L,North West,Male,24,3,187,0
Blue One L,Far North,Male,26,2,166,0
Blue One L,South West,Male,28,0,86,1
Blue One L,North,Male,28,0,89,1
Blue One L,North,Male,29,0,152,1
Blue One L,Far North,Male,24,2,71,1
Blue One L,South,Male,32,0,108,1
Blue One L,East,Male,28,2,120,1
Blue One L,Littoral,Male,29,2,172,0
Blue One L,Centre,Female,29,2,177,0
Blue One L,Adamawa,Female,24,2,133,1
Blue One M,Adamawa,Male,24,3,144,0
Blue One L,South West,Female,27,2,181,0
Blue One L,East,Male,28,0,91,1
Blue One M,North,Female,23,0,88,1
Blue One M,Centre,Female,20,2,129,0
Blue One L,Far North,Male,24,3,170,0
Blue One L,West,Female,26,0,61,1
Blue One L,North West,Male,33,2,179,0
Blue One L,Littoral,Male,28,0,105,1
Blue One L,South West,Female,25,0,134,1
Blue One L,North West,Male,27,0,153,1
Blue One L,Adamawa,Female,25,0,97,1
Blue One L,Adamawa,Male,29,2,65,1
Blue One L,Littoral,Male,26,0,94,1
Blue One L,Adamawa,Female,22,0,61,1
Blue One L,Far North,Male,29,2,160,1
Blue One M,Centre,Male,27,0,106,1
Blue One L,Far North,Male,26,2,71,1
Blue One L,Centre,Female,24,2,62,1
Blue One L,South,Male,26,2,178,1
Blue One L,Littoral,Male,25,2,92,1
Blue One L,Centre,Male,33,2,204,0
Blue One L,West,Female,24,2,201,0
Blue One L,Littoral,Female,33,0,175,1
Blue One L,Far North,Male,24,2,79,1
Blue One L,East,Male,29,0,99,1
Blue One L,Littoral,Male,33,2,178,0
Blue One M,Far North,Male,25,2,153,0
Blue One M,East,Female,22,2,151,0
Blue One M,Far North,Male,27,0,128,1
Blue One M,South West,Female,31,2,63,1
Blue One M,Littoral,Male,26,0,63,1
Blue One M,North,Female,28,0,64,1
Blue One M,North West,Female,25,2,149,0
Blue One M,North West,Female,23,3,148,0
Blue One M,East,Female,24,0,134,1
Blue One M,Centre,Male,23,0,92,1
Blue One M,South West,Female,25,2,79,1
Blue One M,East,Male,24,2,112,1
Blue One M,Adamawa,Male,21,2,126,1
Blue One M,Adamawa,Female,19,0,63,1
Blue One M,Adamawa,Female,26,2,62,1
Blue One M,West,Female,26,2,111,1
Blue One M,Centre,Female,21,2,111,0
Blue One M,Centre,Male,22,2,63,1
Blue One M,Littoral,Female,25,2,83,1
Blue One M,Far North,Male,27,3,137,0
Blue One M,South West,Female,22,3,124,0
Blue One M,North West,Male,28,3,134,0
Blue One M,North West,Female,21,3,131,0
Blue One M,Adamawa,Male,24,2,131,0
Blue One M,Far North,Male,22,0,99,1
Blue One M,Far North,Male,27,2,121,0
Blue One M,North West,Male,27,2,139,0
Blue One M,North West,Male,17,2,97,0
Blue One M,Far North,Female,27,0,63,1
Blue One M,East,Male,25,2,63,1
Blue One M,South,Male,27,2,97,1
Blue One M,Centre,Male,25,2,134,0
Blue One M,North West,Male,23,2,90,1
Blue One M,Far North,Male,21,3,111,0
Blue One M,North West,Male,23,2,63,1
Blue One M,Adamawa,Female,21,2,82,1
Blue One M,Littoral,Female,24,2,82,1
Blue One M,West,Male,26,3,133,0
Blue One M,Centre,Female,26,3,133,0
Blue One M,Adamawa,Female,23,0,64,1
Blue One M,South,Female,24,0,73,1
Blue One M,North West,Male,24,0,97,1
Blue One M,East,Male,29,2,61,1
Blue One M,East,Female,24,2,63,1
Blue One M,Adamawa,Female,26,0,116,1
Blue One M,South,Female,20,2,88,1
Blue One M,West,Male,24,2,126,0
Blue One M,Centre,Male,24,3,152,0
Blue One M,Far North,Male,27,0,63,1
Blue One M,Adamawa,Male,28,0,83,1
Blue One M,North West,Female,31,2,99,1
Blue One M,South,Female,26,3,152,0
Blue One M,East,Male,18,2,115,1
Blue One M,South West,Female,28,2,109,1
Blue One M,Far North,Male,26,3,151,0
Blue One M,West,Male,25,0,91,1
Blue One M,West,Female,30,0,132,1
Blue One M,South,Female,25,3,149,0
Blue One M,South,Female,27,2,130,1
Blue One M,Centre,Male,25,3,142,0
Blue One M,North,Female,25,0,63,1
Blue One M,Far North,Female,30,0,67,1
Blue One M,Littoral,Female,28,3,146,0
Blue One M,Adamawa,Female,23,2,63,1
Blue One M,South,Female,21,2,64,1
Blue One M,North West,Female,21,2,89,1
Blue One M,North,Male,24,3,146,0
Blue One M,North,Male,27,0,67,1
Blue One M,Adamawa,Male,23,2,62,1
Blue One M,Adamawa,Male,24,3,129,0
Blue One M,East,Male,27,2,142,1
Blue One M,East,Female,25,2,130,0
Blue One M,North,Male,25,2,130,0
Blue One M,Centre,Male,29,2,141,0
Blue One M,East,Male,17,2,136,0
Blue One M,Centre,Male,28,3,146,0
Blue One M,North West,Male,22,2,65,1
Blue One M,West,Female,26,0,129,1
Blue One M,North West,Female,29,2,64,1
Blue One M,North,Male,29,0,63,1
Blue One M,Littoral,Male,23,0,83,1
Blue One M,West,Female,25,2,147,0
Blue One M,Far North,Male,29,2,150,0
Blue One M,Centre,Female,26,3,152,0
Blue One M,West,Male,26,2,149,0
Blue One M,Centre,Male,23,3,147,0
Blue One M,South West,Female,24,3,142,0
Blue One M,North West,Female,24,0,127,1
Blue One M,Littoral,Female,21,0,132,1
Blue One M,West,Male,24,3,142,0
Blue One M,Far North,Female,27,2,86,1
Blue One M,Far North,Male,29,2,142,0
Blue One M,North West,Male,30,3,121,0
Blue One M,South,Male,20,2,142,0
Blue One M,West,Female,23,3,138,0
Blue One M,Far North,Female,20,2,121,1
Blue One M,West,Male,25,2,117,1
Blue One M,East,Male,21,2,124,0
Blue One M,Adamawa,Male,25,0,92,1
Blue One M,South West,Male,28,2,110,1
Blue One M,Adamawa,Female,29,2,137,0
Blue One M,South West,Female,25,2,95,1
Blue One M,Adamawa,Female,22,3,126,0
Blue One M,West,Female,28,3,139,0
Blue One M,Centre,Female,21,2,138,0
Blue One M,West,Female,28,2,132,1
Blue One M,Adamawa,Female,23,3,121,0
Blue One M,Centre,Female,23,0,93,1
Blue One M,North West,Female,29,2,139,0
Blue One M,South,Female,28,3,145,0
Blue One M,South West,Female,28,2,99,1
Blue One M,Adamawa,Female,28,2,124,0
Blue One M,Adamawa,Male,24,0,83,1
Blue One M,West,Male,22,3,123,0
Blue One M,Adamawa,Male,27,2,90,0
Blue One M,Centre,Male,26,2,90,0
Blue One M,East,Male,20,3,80,0
Blue One M,North West,Female,27,2,63,1
Blue One M,North,Male,27,3,125,0
Blue One M,Far North,Male,21,2,91,1
Blue One M,North West,Male,20,0,98,1
Blue One M,South West,Male,23,0,65,1
Blue One M,Adamawa,Male,25,3,104,0
Blue One M,West,Female,21,2,86,1
Blue One M,South,Male,25,3,95,0
Blue One M,Far North,Male,26,2,64,1
Blue One M,South,Female,21,2,90,0
Blue One M,South,Female,26,2,145,0
Blue One M,North West,Female,27,0,104,1
Blue One M,Centre,Female,24,0,128,1
Blue One M,North West,Female,32,2,153,0
Blue One M,West,Female,28,2,68,1
Blue One M,South West,Female,28,0,103,1
Blue One M,Centre,Male,23,2,126,1
Blue One M,North West,Female,26,2,151,0
Blue One M,Adamawa,Female,19,2,121,1
Blue One M,South,Female,25,3,152,0
Blue One M,Far North,Male,25,0,61,1
Blue One M,South,Male,20,2,140,0
Blue One M,Far North,Male,25,3,126,0
Blue One M,East,Male,27,0,115,1
Blue One M,Centre,Female,23,2,139,0
Blue One M,North,Male,24,2,153,0
Blue One M,East,Male,24,3,143,0
Blue One M,North,Male,28,3,143,0
Blue One M,Far North,Female,24,0,89,1
Blue One M,South,Female,27,3,138,0
Blue One M,Far North,Female,22,0,90,1
Blue One M,North,Male,28,2,67,1
Blue One M,West,Male,24,3,129,0
Blue One M,North,Female,29,2,125,0
Blue One M,South West,Female,27,2,122,0
Blue One M,Centre,Female,22,3,112,0
Blue One M,Adamawa,Male,20,2,115,0
Blue One M,North,Male,22,2,72,1
Blue One M,West,Female,24,0,108,1
Blue One M,North West,Female,25,2,86,1
Blue One S,South,Male,27,1,62,0
Blue One S,South,Male,20,1,56,0
Blue One S,Littoral,Female,17,2,55,0
Blue One S,West,Female,29,1,53,0
Blue One S,South West,Female,21,2,19,0
Blue One M,North,Male,27,3,148,0
Blue One M,North West,Female,29,2,148,0
Blue One M,North West,Female,26,0,61,1
Blue One M,South,Male,24,3,151,0
Blue One M,South,Male,26,3,148,0
Blue One M,Centre,Female,25,2,150,0
Blue One M,North West,Female,28,2,120,1
Blue One M,West,Male,23,0,140,1
Blue One M,Far North,Male,18,2,91,1
Blue One M,North West,Female,28,3,147,0
Blue One M,Far North,Male,23,2,146,0
Blue One M,Far North,Male,22,2,68,1
Blue One M,Far North,Male,27,3,145,0
Blue One M,East,Female,26,0,117,1
Blue One M,East,Female,23,2,95,1
Blue One M,East,Male,27,2,131,0
Blue One M,Far North,Female,24,0,90,1
Blue One M,Centre,Male,26,0,63,1
Blue One M,West,Female,26,2,129,0
Blue One M,North,Female,26,3,145,0
Blue One M,North,Male,28,0,114,1
Blue One M,West,Female,26,2,118,0
Blue One M,South,Male,25,0,112,1
Blue One M,South West,Female,29,3,137,0
Blue One M,Centre,Male,20,2,129,0
Blue One M,Centre,Female,26,2,129,0
Blue One M,North West,Male,29,0,66,1
Blue One M,South,Male,26,3,127,0
Blue One M,North West,Female,28,0,132,1
Blue One M,Centre,Male,26,2,138,0
Blue One M,South,Female,26,0,119,1
Blue One M,Centre,Female,27,2,74,1
Blue One M,Far North,Male,28,2,93,1
Blue One M,Centre,Female,22,3,127,0
Blue One M,East,Male,21,2,90,1
Blue One M,Centre,Female,27,0,74,1
Blue One M,West,Male,25,2,132,0
Blue One M,Littoral,Female,24,2,120,0
Blue One M,Adamawa,Female,20,2,125,1
Blue One M,Littoral,Female,21,2,63,1
Blue One M,North,Male,21,2,90,0
Blue One M,Littoral,Male,20,3,122,0
Blue One M,West,Female,27,3,111,0
Blue One M,South,Female,32,0,82,1
Blue One S,Adamawa,Female,19,2,54,0
Blue One M,Littoral,Female,24,3,95,0
Blue One M,North,Female,27,0,94,1
Blue One M,South West,Male,23,2,71,1
Blue One M,Far North,Male,24,0,99,1
Blue One M,Centre,Male,24,2,144,0
Blue One S,Far North,Female,23,2,55,0
Blue One S,South,Male,23,1,55,0
Blue One M,Littoral,Female,28,2,126,0
Blue One M,Adamawa,Female,21,2,126,0
Blue One M,Littoral,Female,23,3,116,0
Blue One M,West,Female,28,0,76,1
Blue One M,Centre,Male,23,3,117,0
Blue One M,Far North,Female,18,0,65,1
Blue One M,Centre,Male,31,2,105,0
Blue One M,East,Male,23,3,89,0
Blue One M,Adamawa,Male,23,3,89,0
Blue One M,West,Male,26,2,93,1
Blue One M,North,Male,20,0,92,1
Blue One M,North West,Male,29,0,93,1
Blue One M,South West,Male,25,2,115,0
Blue One M,Adamawa,Female,22,2,94,1
Blue One M,Far North,Male,25,2,92,1
Blue One M,Adamawa,Female,24,2,152,0
Blue One M,Adamawa,Female,26,3,133,0
Blue One M,South,Female,28,2,126,0
Blue One M,East,Female,22,0,114,1
Blue One M,Centre,Female,30,0,92,1
Blue One S,South West,Female,31,1,74,0
Blue One M,Centre,Female,28,2,133,0
Blue One M,Far North,Male,32,2,112,0
Blue One M,South,Female,21,0,65,1
Blue One M,West,Female,22,2,73,1
Blue One M,Far North,Male,24,3,81,0
Blue One S,Far North,Male,24,2,34,0
Blue One S,South West,Female,22,1,33,0
Blue One S,Littoral,Female,23,1,33,0
Blue One S,West,Male,24,2,44,0
Blue One S,South West,Female,17,2,41,0
Blue One S,Adamawa,Male,24,2,40,0
Blue One M,East,Male,21,2,77,0
Blue One M,South,Female,17,3,75,0
Blue One M,Adamawa,Male,20,3,97,0
Blue One M,South,Female,22,2,81,0
Blue One M,North West,Male,19,2,111,0
Blue One M,Far North,Male,24,2,99,1
Blue One M,Far North,Male,22,2,116,0
Blue One M,Centre,Male,27,2,105,0
Blue One M,Adamawa,Female,28,2,115,0
Blue One M,Far North,Female,23,0,96,1
Blue One M,Adamawa,Male,23,2,83,0
Blue One M,South West,Male,21,0,83,1
Blue One M,Adamawa,Female,26,0,68,1
Blue One M,South West,Male,19,3,105,0
Blue One M,South West,Female,25,2,97,0
Blue One M,North,Male,26,0,95,1
Blue One S,East,Male,23,2,23,0
Blue One M,Centre,Male,28,3,98,0
Blue One S,Far North,Male,27,2,55,0
Blue One M,Centre,Male,26,2,116,0
Blue One M,Littoral,Male,24,3,114,0
Blue One M,West,Female,27,0,105,1
Blue One S,East,Male,24,2,74,0
Blue One M,Far North,Male,17,2,87,0
Blue One S,Littoral,Male,21,2,28,0
Blue One M,Far North,Male,25,3,88,0
Blue One M,Far North,Female,23,2,112,0
Blue One M,Centre,Female,29,0,115,1
Blue One M,North,Male,26,2,83,1
Blue One M,South,Female,22,0,94,1
Blue One M,Far North,Male,22,0,96,1
Blue One M,South,Female,23,3,139,0
Blue One M,North West,Male,19,3,87,0
Blue One M,Centre,Female,21,3,115,0
Blue One M,Centre,Female,24,2,97,0
Blue One M,North West,Female,24,3,115,0
Blue One M,East,Female,24,2,82,1
Blue One M,Adamawa,Female,17,0,69,1
Blue One M,East,Female,24,2,63,1
Blue One M,Adamawa,Female,26,2,110,0
Blue One M,Adamawa,Female,22,2,100,1
Blue One M,South West,Male,22,0,65,1
Blue One M,Centre,Male,23,0,62,1
Blue One S,East,Female,24,1,49,0
Blue One M,North,Male,22,2,95,0
Blue One M,East,Female,24,3,105,0
Blue One M,West,Female,19,3,129,0
Blue One M,South,Male,22,2,103,0
Blue One S,Adamawa,Female,21,2,52,0
Blue One M,Far North,Male,25,2,76,0
Blue One M,West,Male,22,3,90,0
Blue One M,South West,Female,22,0,89,1
Blue One S,East,Female,27,1,74,1
Blue One M,East,Male,24,2,78,0
Blue One M,South West,Male,26,2,87,0
Blue One M,Centre,Female,24,2,89,0
Blue One M,Littoral,Male,25,3,83,0
Blue One S,Far North,Female,20,2,45,0
Blue One S,North,Male,24,2,51,0
Blue One S,Far North,Male,17,1,55,0
Blue One S,West,Female,20,1,42,0
Blue One S,Centre,Female,25,2,46,0
Blue One S,South,Female,24,1,41,0
Blue One M,Adamawa,Female,22,0,73,1
Blue One M,West,Female,21,2,91,1
Blue One M,North,Male,20,2,128,0
Blue One M,Littoral,Male,25,0,87,1
Blue One M,North West,Male,27,3,128,0
Blue One M,Adamawa,Female,20,0,81,1
Blue One M,Far North,Male,24,2,63,1
Blue One M,North West,Male,26,2,113,0
Blue One M,Adamawa,Female,29,0,85,1
Blue One M,West,Female,26,2,123,0
Blue One M,South,Male,25,2,104,0
Blue One M,South,Female,28,3,123,0
Blue One M,West,Female,27,2,110,0
Blue One M,South West,Female,23,2,82,1
Blue One M,Adamawa,Male,27,0,65,1
Blue One S,Littoral,Female,23,2,55,0
Blue One M,North West,Male,21,2,82,0
Blue One M,East,Female,22,2,89,1
Blue One M,Adamawa,Male,20,3,92,0
Blue One M,East,Male,25,2,82,1
Blue One M,Adamawa,Female,28,3,116,0
Blue One M,North West,Female,29,0,85,1
Blue One M,South,Male,23,2,83,1
Blue One M,North,Male,28,3,124,0
Blue One M,North,Female,21,2,87,0
Blue One S,East,Female,22,2,13,0
Blue One M,North,Male,25,2,61,1
Blue One S,Centre,Female,24,1,51,0
Blue One M,Centre,Male,31,3,80,0
Blue One M,East,Male,20,0,69,1
Blue One M,North,Male,26,2,92,0
Blue One M,Far North,Female,24,2,80,0
Blue One M,South West,Female,27,3,79,0
Blue One M,Adamawa,Male,25,0,85,1
Blue One M,Far North,Male,24,3,93,0
Blue One M,Adamawa,Male,21,2,92,1
Blue One S,South,Male,25,2,47,0
Blue One M,Adamawa,Male,24,2,81,1
Blue One M,Far North,Female,27,3,80,0
Blue One S,North West,Male,22,2,53,0
Blue One M,North,Male,19,0,63,1
Blue One M,Littoral,Male,27,3,106,0
Blue One M,North West,Female,24,2,89,0
Blue One M,Far North,Male,25,3,107,0
Blue One M,East,Female,24,2,104,0
Blue One M,West,Male,27,2,62,1
Blue One M,Centre,Male,19,2,91,1
Blue One M,Far North,Female,24,2,103,0
Blue One M,South,Female,24,2,129,0
Blue One M,East,Female,23,2,89,1
Blue One M,South,Female,19,0,92,1
Blue One M,North,Male,19,2,124,0
Blue One M,Far North,Male,32,2,129,0
Blue One M,North,Female,23,2,119,0
Blue One M,South,Female,22,3,123,0
Blue One M,Adamawa,Female,21,2,115,0
Blue One M,Far North,Male,26,2,91,1
Blue One M,Far North,Female,24,2,100,1
Blue One M,East,Male,23,2,97,1
Blue One M,East,Male,26,2,67,1
Blue One S,South,Male,19,1,51,0
Blue One S,South,Male,18,2,51,0
Blue One S,North West,Female,21,2,46,0
Blue One S,Far North,Male,21,2,48,0
Blue One S,Centre,Male,17,2,34,0
Blue One S,Littoral,Female,23,1,38,0
Blue One S,North West,Female,25,2,41,0
Blue One S,East,Male,17,2,39,0
Blue One S,West,Male,19,2,36,0
Blue One S,South,Male,23,1,33,0
Blue One S,South West,Female,18,1,26,0
Blue One S,East,Female,19,2,25,0
Blue One S,South West,Female,18,2,12,0
Blue One S,West,Female,22,1,4,0
Blue One S,Far North,Female,18,2,9,0
Blue One S,East,Female,24,1,46,0
Blue One S,Adamawa,Female,22,1,41,0
Blue One S,Centre,Female,20,2,40,0
Blue One S,South,Male,22,1,10,0
Blue One S,North West,Male,19,1,13,0
Blue One S,West,Female,20,2,7,0
Blue One S,North West,Male,21,1,11,0
Blue One S,South,Female,26,2,7,0
Blue One S,Far North,Female,19,1,28,0
Blue One S,North,Male,28,2,26,0
Blue One S,Centre,Female,20,1,25,0
Blue One S,West,Male,21,1,18,0
Blue One S,South West,Female,24,1,24,0
Blue One S,Littoral,Female,23,1,20,0
Blue One S,North,Male,20,1,25,0
Blue One S,North West,Female,23,2,34,0
Blue One S,West,Female,20,1,32,0
Blue One M,Centre,Male,23,3,102,0
Blue One M,Adamawa,Female,23,0,94,1
Blue One M,Centre,Female,19,2,98,0
Blue One M,Centre,Female,25,2,97,0
Blue One S,North West,Female,25,1,65,0
Blue One M,West,Female,23,2,80,0
Blue One M,Adamawa,Female,20,0,91,1
Blue One M,South West,Male,21,3,104,0
Blue One M,Adamawa,Male,19,0,80,1
Blue One M,South West,Female,24,2,77,0
Blue One M,Littoral,Male,24,3,102,0
Blue One S,South West,Male,19,1,40,0
Blue One M,South West,Female,21,3,90,0
Blue One M,South,Female,22,0,83,1
Blue One S,Adamawa,Male,25,1,6,0
Blue One M,East,Male,26,3,86,0
Blue One M,West,Female,25,0,88,1
Blue One S,North West,Female,22,2,42,0
Blue One M,North West,Female,20,3,77,0
Blue One M,East,Female,18,3,76,0
Blue One M,West,Female,22,3,84,0
Blue One M,Centre,Female,25,2,86,0
Blue One M,South,Male,24,0,61,1
Blue One M,South,Male,22,2,79,0
Blue One M,North West,Female,21,0,69,1
Blue One M,South,Male,25,2,77,0
Blue One S,North West,Male,27,1,68,1
Blue One S,Centre,Male,26,1,60,0
Blue One S,Adamawa,Female,18,1,46,0
Blue One S,North West,Female,28,1,52,0
Blue One S,Littoral,Male,24,2,49,0
Blue One S,Adamawa,Male,23,2,20,0
Blue One S,South West,Female,19,1,51,0
Blue One M,East,Male,22,3,121,0
Blue One M,Far North,Male,25,2,129,0
Blue One M,East,Male,24,2,117,0
Blue One M,East,Male,20,2,121,1
Blue One M,West,Male,19,2,92,1
Blue One M,West,Male,23,2,92,1
Blue One M,East,Female,25,3,119,0
Blue One M,East,Male,26,0,63,1
Blue One M,Centre,Female,28,0,77,1
Blue One M,Adamawa,Female,22,3,126,0
Blue One M,Littoral,Male,28,2,121,0
Blue One M,North,Male,20,0,114,1
Blue One M,Adamawa,Female,22,2,124,0
Blue One M,North,Male,23,2,77,1
Blue One M,South,Male,22,0,86,1
Blue One M,Far North,Male,32,2,124,0
Blue One M,East,Male,22,2,91,1
Blue One M,West,Female,27,3,123,0
Blue One M,Littoral,Female,31,2,100,1
Blue One M,South,Female,22,2,66,1
Blue One M,North,Male,24,2,118,1
Blue One M,Littoral,Male,27,0,120,1
Blue One M,East,Male,23,2,122,0
Blue One M,North,Male,21,3,122,0
Blue One M,Centre,Male,26,2,116,1
Blue One M,Adamawa,Female,25,2,124,0
Blue One S,Centre,Female,23,2,74,0
Blue One M,South,Female,28,0,98,1
Blue One M,North West,Male,21,2,119,0
Blue One M,South,Male,26,2,121,0
Blue One M,South,Female,26,2,119,0
Blue One M,West,Female,22,3,112,0
Blue One M,South,Female,24,2,105,0
Blue One M,Adamawa,Female,18,0,94,1
Blue One M,North West,Male,27,2,111,0
Blue One M,South,Male,22,2,110,0
Blue One M,West,Male,26,3,108,0
Blue One M,South West,Male,22,3,103,0
Blue One M,South West,Male,24,2,74,0
Blue One M,Littoral,Female,24,2,118,0
Blue One M,South West,Female,20,3,108,0
Blue One M,Centre,Female,25,2,62,1
Blue One M,South West,Female,24,2,117,0
Blue One M,Littoral,Male,25,2,117,0
Blue One M,Far North,Male,27,3,117,0
Blue One M,Littoral,Female,25,3,111,0
Blue One M,Littoral,Female,26,2,113,0
Blue One M,West,Male,25,2,108,0
Blue One M,Far North,Male,27,0,78,1
Blue One M,West,Female,22,3,113,0
Blue One M,West,Female,21,3,116,0
Blue One M,South West,Male,25,2,117,0
Blue One M,North,Male,17,2,62,1
Blue One M,East,Male,29,0,100,1
Blue One M,West,Male,26,2,114,0
Blue One S,Adamawa,Female,21,1,54,0
Blue One M,South,Female,24,2,95,1
Blue One M,Centre,Female,22,0,66,1
Blue One M,West,Female,22,3,119,0
Blue One M,Centre,Male,27,2,99,1
Blue One M,East,Female,17,2,92,1
Blue One M,Adamawa,Female,28,2,94,0
Blue One S,South,Male,18,1,74,0
Blue One M,West,Male,23,2,91,0
Blue One M,South,Male,20,0,62,1
Blue One M,Centre,Female,27,0,83,1
Blue One M,South,Male,24,2,117,0
Blue One M,Adamawa,Female,23,3,117,0
Blue One M,West,Female,24,2,81,0
Blue One M,Far North,Male,21,3,111,0
Blue One M,West,Female,23,2,111,0
Blue One S,Far North,Female,23,1,55,0
Blue One S,Far North,Male,26,2,54,0
Blue One S,East,Male,20,1,54,0
Blue One S,Centre,Male,22,2,54,0
Blue One S,West,Female,20,1,38,0
Blue One S,Centre,Female,17,1,4,0
Blue One M,Centre,Female,21,2,115,0
Blue One M,East,Male,25,2,110,0
Blue One M,Adamawa,Male,24,2,111,0
Blue One M,Far North,Male,22,2,110,0
Blue One M,West,Female,21,2,107,1
Blue One M,South,Male,26,2,96,1
Blue One M,Far North,Male,26,2,110,0
Blue One M,Adamawa,Male,26,3,111,0
Blue One M,West,Male,17,2,98,0
Blue One M,North West,Male,24,0,63,1
Blue One M,Adamawa,Female,27,2,107,1
Blue One M,Littoral,Male,25,3,116,0
Blue One M,North,Male,26,2,106,0
Blue One M,East,Female,27,2,106,1
Blue One M,East,Female,24,3,110,0
Blue One M,Far North,Male,23,0,112,1
Blue One M,North,Male,25,2,107,1
Blue One M,Littoral,Female,27,2,116,0
Blue One M,South,Female,19,2,117,0
Blue One M,Centre,Male,25,2,113,0
Blue One M,Adamawa,Male,24,0,63,1
Blue One M,Adamawa,Female,23,3,117,0
Blue One M,Centre,Male,25,3,108,0
Blue One M,North West,Male,24,2,108,0
Blue One M,Centre,Male,22,2,105,1
Blue One M,East,Male,30,2,116,1
Blue One M,East,Female,22,2,113,1
Blue One M,Adamawa,Male,26,2,87,1
Blue One M,Adamawa,Female,22,2,111,0
Blue One M,Littoral,Female,27,2,118,0
Blue One S,South West,Female,21,1,40,0
Blue One S,North West,Female,21,1,28,0
Blue One M,Adamawa,Male,19,3,91,0
Blue One M,South West,Male,22,2,83,1
Blue One M,Littoral,Female,19,0,73,1
Blue One M,Far North,Male,26,2,74,0
Blue One M,Adamawa,Male,22,3,116,0
Blue One M,South West,Male,24,2,117,0
Blue One M,West,Female,26,3,119,0
Blue One M,South,Female,24,2,112,0
Blue One M,Adamawa,Female,22,0,71,1
Blue One M,East,Male,25,3,107,0
Blue One M,East,Female,25,2,91,1
Blue One M,North West,Male,23,3,104,0
Blue One M,Littoral,Male,28,2,84,1
Blue One M,North West,Female,24,3,117,0
Blue One L,South,Female,30,3,182,0
Blue One M,Littoral,Female,27,2,108,0
Blue One S,East,Female,21,2,42,0
Blue One M,Centre,Female,26,3,117,0
Blue One M,North,Female,24,2,117,0
Blue One M,South,Male,24,2,68,1
Blue One M,North,Male,22,3,110,0
Blue One M,North,Female,20,2,122,0
Blue One M,North West,Female,24,0,91,1
Blue One M,South,Female,21,0,104,1
Blue One M,Far North,Female,27,2,95,1
Blue One M,East,Male,25,2,96,1
Blue One M,West,Female,28,0,99,1
Blue One M,East,Male,28,0,66,1
Blue One M,Adamawa,Male,20,3,124,0
Blue One M,Centre,Male,18,3,121,0
Blue One M,North West,Male,17,2,123,0
Blue One M,Adamawa,Male,27,0,65,1
Blue One M,South West,Female,21,3,124,0
Blue One M,East,Female,29,2,69,1
Blue One M,South West,Male,24,2,117,0
Blue One M,North West,Female,24,2,109,0
Blue One M,West,Female,21,2,94,1
Blue One M,South West,Male,23,0,76,1
Blue One M,South,Male,23,2,83,0
Blue One M,Littoral,Female,23,3,86,0
Blue One M,South,Female,25,3,82,0
Blue One M,West,Male,26,3,83,0
Blue One M,Centre,Male,23,2,76,0
Blue One M,East,Female,23,2,67,1
Blue One M,South,Female,21,3,76,0
Blue One M,Centre,Female,24,3,81,0
Blue One S,West,Male,25,2,48,0
Blue One S,Adamawa,Male,17,1,41,0
Blue One S,West,Female,23,2,54,0
Blue One S,East,Female,29,1,63,0
Blue One M,North West,Male,20,3,104,0
Blue One M,North,Male,28,2,91,0
Blue One M,Adamawa,Male,27,3,95,0
Blue One M,Far North,Male,26,2,93,1
Blue One M,Far North,Male,25,3,83,0
Blue One M,Far North,Male,24,3,84,0
Blue One M,East,Male,22,2,77,0
Blue One M,South,Female,19,0,74,1
Blue One M,Littoral,Female,23,2,90,0
Blue One M,Centre,Female,28,2,73,1
Blue One M,North West,Female,22,3,77,0
Blue One S,North,Male,27,1,53,0
Blue One M,North West,Male,23,3,80,0
Blue One S,Littoral,Female,23,1,50,0
Blue One M,East,Male,28,2,116,0
Blue One M,East,Female,28,2,117,0
Blue One M,East,Female,25,2,117,0
Blue One M,Littoral,Male,22,2,65,1
Blue One M,Centre,Female,24,0,67,1
Blue One M,South,Male,23,0,63,1
Blue One M,West,Female,25,2,106,0
Blue One M,Centre,Female,22,2,116,0
Blue One M,Far North,Male,24,3,112,0
Blue One M,Littoral,Female,24,2,107,1
Blue One S,Centre,Male,24,1,32,0
Blue One M,South,Male,26,3,108,0
Blue One M,North,Male,26,2,105,0
Blue One M,North West,Female,26,2,116,0
Blue One M,South,Female,29,2,110,0
Blue One M,West,Male,25,3,114,0
Blue One M,West,Male,23,2,110,0
Blue One M,East,Female,20,2,114,0
Blue One S,West,Female,23,2,54,0
Blue One M,Centre,Female,28,0,61,1
Blue One M,East,Female,21,0,63,1
Blue One M,Far North,Male,24,2,115,0
Blue One M,South West,Male,23,0,65,1
Blue One M,Littoral,Female,24,2,76,1
Blue One M,North West,Female,30,3,112,0
Blue One M,Adamawa,Male,20,3,106,0
Blue One M,North,Male,23,2,111,0
Blue One M,South West,Female,21,2,95,0
Blue One M,East,Male,25,2,115,0
Blue One M,Littoral,Female,29,2,77,1
Blue One M,Adamawa,Female,23,2,111,0
Blue One M,West,Male,26,0,89,1
Blue One M,North,Male,26,2,110,0
Blue One S,Centre,Female,20,1,45,0
Blue One M,West,Female,24,2,89,0
Blue One M,Centre,Female,22,3,91,0
Blue One M,Littoral,Male,21,3,97,0
Blue One M,Centre,Female,22,3,107,0
Blue One M,North West,Male,25,3,105,0
Blue One M,East,Male,26,3,112,0
Blue One M,North West,Male,21,0,68,1
Blue One M,South,Male,22,2,112,0
Blue One M,West,Male,28,0,82,1
Blue One M,Littoral,Female,27,3,112,0
Blue One M,South,Male,25,2,109,0
Blue One M,West,Male,26,2,108,0
Blue One M,Littoral,Male,26,2,92,1
Blue One M,North West,Male,27,3,115,0
Blue One M,South West,Male,28,3,83,0
Blue One M,East,Male,21,0,62,1
Blue One M,Centre,Female,21,0,71,1
Blue One M,Littoral,Female,17,2,96,0
Blue One M,Littoral,Female,32,2,97,0
Blue One M,East,Female,21,2,89,0
Blue One M,North West,Male,21,2,90,0
Blue One M,Littoral,Male,29,0,72,1
Blue One M,Littoral,Male,27,2,91,0
Blue One M,Centre,Female,23,3,95,0
Blue One M,East,Female,22,3,93,0
Blue One S,Adamawa,Male,26,1,55,0
Blue One M,Littoral,Female,20,2,76,0
Blue One M,Far North,Male,20,2,83,0
Blue One M,Adamawa,Male,26,3,87,0
Blue One M,North,Male,24,3,84,0
Blue One M,East,Male,24,2,64,1
Blue One M,Far North,Female,21,2,84,0
Blue One M,South West,Male,26,2,81,0
Blue One M,North West,Male,26,2,83,0
Blue One S,West,Female,24,2,35,0
Blue One S,North West,Male,26,0,62,1
Blue One M,North West,Male,23,3,162,0
Blue One M,South West,Female,29,2,138,1
Blue One M,North,Male,21,3,161,0
Blue One L,Centre,Male,24,2,138,1
Blue One M,South West,Female,33,2,85,1
Blue One L,North,Female,32,3,165,0
Blue One L,Far North,Male,24,2,165,0
Blue One L,Adamawa,Male,27,0,132,1
Blue One L,South,Female,29,0,134,1
Blue One L,South West,Male,25,3,200,0
Blue One S,Littoral,Female,21,1,10,0
Blue One M,South,Female,22,3,86,0
Blue One S,South West,Male,19,2,21,0
Blue One S,Adamawa,Male,19,1,24,0
Blue One S,South West,Female,17,1,25,0
Blue One S,Adamawa,Female,21,1,25,0
Blue One S,West,Female,27,1,25,0
Blue One S,South,Male,22,2,4,0
Blue One S,South,Female,23,1,17,0
Blue One S,South West,Male,26,1,21,0
Blue One S,Littoral,Female,18,1,27,0
Blue One S,East,Female,18,1,30,0
Blue One S,Littoral,Female,22,1,28,0
Blue One S,Littoral,Male,17,2,20,0
Blue One S,Adamawa,Female,18,2,5,0
Blue One S,North,Female,17,2,3,0
Blue One S,East,Male,23,2,6,0
Blue One S,Littoral,Male,22,2,8,0
Blue One S,Far North,Male,23,1,25,0
Blue One M,Far North,Male,23,3,151,0
Blue One M,South,Male,22,0,72,1
Blue One M,East,Male,23,0,94,1
Blue One L,North West,Male,26,2,149,1
Blue One M,East,Male,24,0,127,1
Blue One L,East,Male,23,2,190,0
Blue One L,Centre,Male,30,0,149,1
Blue One M,North,Male,21,2,92,1
Blue One L,East,Male,24,3,186,0
Blue One M,East,Male,21,0,96,1
Blue One L,South,Male,21,0,101,1
Blue One L,South West,Male,28,3,193,0
Blue One M,Far North,Male,19,2,102,0
Blue One L,North,Male,32,2,193,1
Blue One M,North,Male,28,3,161,0
Blue One S,North,Male,25,1,48,0
Blue One M,East,Female,31,3,154,0
Blue One S,East,Male,27,1,45,0
Blue One L,North West,Female,27,3,180,0
Blue One S,South,Female,27,1,47,0
Blue One M,South West,Male,29,2,90,1
Blue One L,Adamawa,Female,28,2,203,0
Blue One M,West,Male,24,3,160,0
Blue One M,South,Female,20,3,80,0
Blue One L,Centre,Male,25,0,156,1
Blue One M,West,Male,26,0,71,1
Blue One S,West,Female,17,1,13,0
Blue One S,South,Female,22,1,13,0
Blue One M,South West,Female,24,2,111,0
Blue One M,North West,Female,19,0,91,1
Blue One M,Littoral,Female,23,0,126,1
Blue One L,Adamawa,Female,24,0,177,1
Blue One M,West,Male,26,2,144,0
Blue One L,Adamawa,Female,29,3,179,0
Blue One M,South West,Male,29,3,145,0
Blue One L,South,Male,27,2,180,0
Blue One L,South,Female,22,0,94,1
Blue One L,Littoral,Female,29,3,195,0
Blue One L,Littoral,Female,26,2,144,1
Blue One L,Adamawa,Male,27,2,164,1
Blue One L,East,Male,29,2,204,1
Blue One L,North,Male,26,3,175,0
Blue One M,North,Female,28,2,124,0
Blue One L,Centre,Male,30,3,203,0
Blue One L,West,Male,24,0,63,1
Blue One L,South,Male,20,2,161,1
Blue One L,Centre,Male,31,0,147,1
Blue One S,Centre,Male,25,1,74,0
Blue One S,Littoral,Female,27,1,35,0
Blue One M,North,Male,23,2,116,0
Blue One S,South West,Male,18,1,37,0
Blue One L,Centre,Female,28,2,178,0
Blue One M,West,Male,27,3,76,0
Blue One L,Far North,Male,26,2,166,0
Blue One M,Adamawa,Male,26,0,83,1
Blue One S,North,Female,23,1,31,0
Blue One L,Far North,Male,27,2,95,1
Blue One M,Centre,Female,20,2,82,0
Blue One S,North,Male,19,2,7,0
Blue One L,East,Female,30,2,150,1
Blue One L,East,Male,28,0,92,1
Blue One M,North,Male,24,3,133,0
Blue One S,West,Female,25,2,17,0
Blue One L,North West,Female,31,0,193,1
Blue One M,North West,Male,30,3,148,0
Blue One L,North West,Male,26,0,81,1
Blue One M,West,Male,28,2,78,1
Blue One M,East,Female,27,2,95,0
Blue One L,East,Female,26,2,131,1
Blue One S,South West,Female,28,1,26,0
Blue One S,Adamawa,Male,23,1,25,0
Blue One S,Far North,Female,22,1,49,0
Blue One L,North West,Male,27,0,125,1
Blue One M,North West,Female,25,2,124,0
Blue One S,Adamawa,Male,22,2,14,0
Blue One S,Centre,Female,22,1,20,0
Blue One S,Littoral,Female,18,1,18,0
Blue One L,North West,Female,25,0,136,1
Blue One L,Adamawa,Female,26,2,194,1
Blue One M,North,Male,23,2,90,0
Blue One L,Adamawa,Female,18,0,73,1
Blue One L,South West,Male,27,0,63,1
Blue One M,West,Female,28,2,85,1
Blue One S,East,Female,21,1,29,0
Blue One L,South West,Female,27,3,199,0
Blue One L,East,Female,26,0,61,1
Blue One L,Adamawa,Female,23,2,135,1
Blue One L,Littoral,Male,31,3,201,0
Blue One L,South,Male,26,0,64,1
Blue One L,Littoral,Male,31,0,89,1
Blue One L,East,Male,26,0,64,1
Blue One M,East,Female,19,2,98,0
Blue One L,Adamawa,Male,19,0,203,1
Blue One L,Far North,Female,26,3,206,0
Blue One L,South,Female,26,3,203,0
Blue One L,South,Male,25,0,174,1
Blue One L,South,Male,30,0,86,1
Blue One L,Centre,Female,29,2,123,1
Blue One M,South West,Female,25,3,153,0
Blue One M,North,Female,22,2,72,1
Blue One L,Centre,Female,29,2,198,1
Blue One L,South West,Female,22,0,61,1
Blue One L,Centre,Female,28,2,207,0
Blue One M,Far North,Male,27,2,164,0
Blue One L,Far North,Male,29,2,64,1
Blue One M,West,Female,22,0,91,1
Blue One M,South West,Female,21,3,150,0
Blue One S,South West,Female,23,1,13,0
Blue One M,Littoral,Female,28,0,62,1
Blue One L,Far North,Male,21,3,202,0
Blue One M,North West,Male,25,3,104,0
Blue One M,Centre,Male,26,2,140,0
Blue One M,North,Male,21,2,154,0
Blue One L,Centre,Male,21,2,185,1
Blue One L,North West,Female,26,0,87,1
Blue One L,Littoral,Female,25,2,100,1
Blue One L,South West,Female,25,3,167,0
Blue One M,Littoral,Male,25,2,97,0
Blue One M,West,Male,23,3,109,0
Blue One L,Far North,Female,23,2,96,1
Blue One L,North,Male,30,2,65,1
Blue One L,East,Male,26,3,196,0
Blue One M,West,Male,26,2,96,1
Blue One L,Littoral,Male,18,3,187,0
Blue One L,Adamawa,Male,23,3,173,0
Blue One M,North West,Male,21,2,133,0
Blue One L,Centre,Female,27,0,95,1
Blue One M,Littoral,Male,22,0,124,1
Blue One M,Far North,Male,21,0,76,1
Blue One M,South West,Male,21,2,98,0
Blue One M,South,Female,22,2,93,1
Blue One M,Far North,Female,23,3,102,0
Blue One M,Littoral,Male,24,2,91,1
Blue One M,North,Male,25,2,98,1
Blue One M,West,Female,24,3,84,0
Blue One M,Adamawa,Female,27,2,82,1
Blue One S,South,Male,22,2,55,0
Blue One L,Adamawa,Male,26,2,168,1
Blue One S,Adamawa,Female,20,2,30,0
Blue One S,Centre,Female,22,2,30,0
Blue One L,South West,Male,26,3,186,0
Blue One L,North West,Male,27,2,114,1
Blue One L,East,Female,26,0,143,1
Blue One L,South West,Male,25,2,186,0
Blue One L,Far North,Male,32,0,194,1
Blue One L,North,Female,27,0,120,1
Blue One L,Adamawa,Male,29,2,185,0
Blue One L,North West,Female,26,2,80,1
Blue One M,South West,Female,24,3,75,0
Blue One L,Adamawa,Female,27,2,158,1
Blue One L,North,Male,25,3,178,0
Blue One L,Far North,Male,30,2,189,0
Blue One L,Littoral,Male,29,0,125,1
Blue One L,West,Male,28,3,171,0
Blue One M,North,Female,27,3,157,0
Blue One M,West,Female,28,2,136,0
Blue One L,Centre,Male,27,0,62,1
Blue One L,Adamawa,Male,28,2,188,0
Blue One L,South West,Female,31,0,114,1
Blue One L,South West,Female,26,3,201,0
Blue One L,North West,Male,29,2,201,0
Blue One M,Far North,Female,26,3,157,0
Blue One L,Littoral,Female,26,2,84,1
Blue One L,Adamawa,Female,26,3,202,0
Blue One M,Adamawa,Male,28,3,118,0
Blue One M,North,Female,22,0,118,1
Blue One L,South West,Male,22,2,182,0
Blue One L,Adamawa,Male,31,0,136,1
Blue One L,Adamawa,Female,28,2,86,1
Blue One L,North West,Female,30,2,199,0
Blue One M,North West,Male,27,2,143,0
Blue One L,North West,Female,24,0,164,1
Blue One L,South,Female,26,2,117,1
Blue One L,Centre,Female,21,2,209,0
Blue One L,Far North,Male,28,3,198,0
Blue One L,East,Female,27,3,200,0
Blue One L,Littoral,Female,31,3,179,0
Blue One L,North,Female,27,0,182,1
Blue One L,West,Female,24,2,200,0
Blue One L,North,Male,30,0,98,1
Blue One L,South West,Female,29,2,199,0
Blue One L,East,Male,23,2,189,0
Blue One L,East,Male,30,2,189,0
Blue One L,Adamawa,Female,31,3,189,0
Blue One L,South West,Male,26,2,194,0
Blue One L,Littoral,Female,26,2,181,0
Blue One S,Far North,Male,18,2,15,0
Blue One L,North West,Female,29,3,201,0
Blue One L,West,Female,31,0,104,1
Blue One L,North,Female,23,2,80,1
Blue One L,East,Male,29,2,153,1
Blue One L,North West,Female,29,3,200,0
Blue One L,North West,Female,29,2,125,1
Blue One M,Littoral,Male,21,0,62,1
Blue One M,Centre,Female,27,3,153,0
Blue One M,Centre,Male,19,3,75,0
Blue One M,West,Male,22,0,62,1
Blue One M,Adamawa,Male,25,2,76,1
Blue One M,North West,Male,22,2,153,0
Blue One M,North West,Female,26,0,72,1
Blue One M,Littoral,Female,26,2,153,0
Blue One M,Littoral,Female,26,2,147,0
Blue One M,Adamawa,Female,25,3,153,0
Blue One M,South,Male,31,0,77,1
Blue One M,West,Male,24,0,78,1
Blue One M,South,Female,28,2,98,1
Blue One M,South,Female,29,3,113,0
Blue One M,Centre,Female,28,2,136,0
Blue One M,Far North,Male,25,3,151,0
Blue One M,Centre,Female,26,3,147,0
Blue One M,South,Female,24,2,144,0
Blue One M,Adamawa,Male,28,3,146,0
Blue One M,Littoral,Female,28,2,145,0
Blue One S,East,Female,24,2,41,0
Blue One M,South,Male,18,0,102,1
Blue One M,North West,Female,23,0,121,1
Blue One M,West,Male,18,0,106,1
Blue One M,North,Male,25,3,120,0
Blue One M,Centre,Female,23,2,89,1
Blue One M,South,Female,20,0,94,1
Blue One M,Littoral,Female,24,2,81,1
Blue One M,Littoral,Female,25,0,66,1
Blue One M,North West,Male,25,3,123,0
Blue One M,South West,Female,23,3,142,0
Blue One M,South,Male,17,3,130,0
Blue One M,North West,Female,20,3,133,0
Blue One M,East,Male,22,0,93,1
Blue One M,South,Female,25,2,109,1
Blue One M,Centre,Female,29,2,133,1
Blue One M,North,Male,25,0,111,1
Blue One M,North West,Male,31,2,143,0
Blue One M,Adamawa,Female,29,3,145,0
Blue One L,Littoral,Male,22,2,136,1
Blue One L,East,Female,25,2,108,1
Blue One L,East,Male,30,3,178,0
Blue One L,South,Male,32,0,67,1
Blue One L,North West,Male,31,3,166,0
Blue One L,Littoral,Female,27,3,179,0
Blue One L,East,Female,25,0,93,1
Blue One L,Centre,Male,28,2,129,1
Blue One L,Adamawa,Male,25,3,170,0
Blue One L,North West,Female,27,0,106,1
Blue One L,East,Male,28,2,133,1
Blue One L,North,Male,19,2,116,1
Blue One L,East,Male,30,2,175,0
Blue One L,South West,Male,25,2,102,1
Blue One L,East,Female,25,3,177,0
Blue One M,North West,Male,23,2,110,0
Blue One M,Far North,Male,26,0,91,1
Blue One M,Littoral,Female,25,3,128,0
Blue One L,North,Female,22,2,166,0
Blue One M,South,Male,23,0,63,1
Blue One M,Far North,Male,24,3,159,0
Blue One L,East,Male,29,2,139,1
Blue One L,North West,Male,33,2,171,0
Blue One S,East,Female,20,2,38,0
Blue One L,Adamawa,Female,28,0,100,1
Blue One L,South,Female,24,0,125,1
Blue One M,West,Female,26,0,65,1
Blue One M,Littoral,Male,24,0,63,1
Blue One L,East,Female,24,2,117,1
Blue One L,West,Female,29,0,163,1
Blue One L,Far North,Female,27,2,186,0
Blue One L,South West,Male,24,0,84,1
Blue One L,East,Male,27,0,76,1
Blue One L,East,Male,27,2,170,0
Blue One L,Far North,Male,24,2,130,1
Blue One L,Far North,Male,30,2,151,1
Blue One L,West,Female,20,2,135,1
Blue One M,Adamawa,Male,29,2,121,0
Blue One M,Adamawa,Female,22,3,95,0
Blue One M,Littoral,Male,26,2,86,1
Blue One M,Centre,Female,22,3,102,0
Blue One M,Adamawa,Female,27,2,116,0
Blue One M,South,Female,23,2,117,0
Blue One M,East,Male,23,3,116,0
Blue One M,East,Male,26,3,103,0
Blue One M,Far North,Male,30,2,115,0
Blue One M,Centre,Female,27,3,161,0
Blue One M,Littoral,Male,28,0,112,1
Blue One M,North,Male,27,2,82,1
Blue One M,Adamawa,Male,22,0,62,1
Blue One M,South,Female,25,0,139,1
Blue One M,Far North,Male,25,0,134,1
Blue One M,South West,Male,24,2,109,1
Blue One M,South West,Female,25,2,152,0
Blue One M,Far North,Female,24,0,127,1
Blue One M,Centre,Female,23,3,115,0
Blue One M,Centre,Male,22,0,129,1
Blue One M,South West,Female,23,3,149,0
Blue One M,Centre,Female,28,3,154,0
Blue One M,North,Female,26,2,91,1
Blue One M,South West,Female,29,3,150,0
Blue One L,Far North,Male,24,0,174,1
Blue One L,North West,Male,29,0,159,1
Blue One L,North West,Female,23,2,180,0
Blue One L,Littoral,Female,27,0,78,1
Blue One L,South,Male,21,3,167,0
Blue One L,Far North,Male,31,3,172,0
Blue One L,Centre,Female,30,2,101,1
Blue One L,North West,Male,27,2,171,0
Blue One M,South West,Female,19,2,163,0
Blue One L,Far North,Female,27,3,172,0
Blue One M,West,Female,26,0,75,1
Blue One M,South West,Male,23,3,130,0
Blue One M,East,Male,28,2,107,1
Blue One M,South West,Male,25,2,116,0
Blue One M,Adamawa,Male,30,3,125,0
Blue One M,North,Male,27,0,112,1
Blue One M,South,Female,17,3,121,0
Blue One M,North West,Male,24,2,150,0
Blue One M,North West,Female,28,0,114,1
Blue One M,West,Male,24,2,75,1
Blue One M,Far North,Male,28,3,136,0
Blue One M,Littoral,Male,28,2,157,0
Blue One M,East,Female,24,2,159,0
Blue One M,North,Male,28,3,150,0
Blue One M,West,Female,30,0,129,1
Blue One M,Adamawa,Female,22,0,102,1
Blue One M,East,Male,24,0,138,1
Blue One M,South West,Male,27,2,152,0
Blue One M,West,Female,25,2,145,0
Blue One M,Adamawa,Female,27,2,136,0
Blue One M,Littoral,Male,23,3,136,0
Blue One S,North,Male,22,2,14,0
Blue One S,North West,Female,21,1,18,0
Blue One S,North West,Male,21,1,20,0
Blue One S,North West,Male,25,2,47,0
Blue One S,Far North,Female,23,1,52,0
Blue One M,Centre,Male,26,2,95,1
Blue One M,North West,Male,27,2,106,1
Blue One M,Far North,Male,23,2,68,1
Blue One M,South,Female,24,2,89,0
Blue One M,North West,Female,21,2,94,0
Blue One S,Adamawa,Female,25,2,24,0
Blue One S,Littoral,Male,21,2,27,0
Blue One M,West,Female,28,0,68,1
Blue One M,West,Female,19,0,145,1
Blue One M,South West,Male,29,2,160,0
Blue One S,Centre,Female,19,2,33,0
Blue One M,North West,Female,31,0,93,1
Blue One M,Centre,Male,24,2,76,1
Blue One M,North West,Female,24,2,137,1
Blue One M,Adamawa,Male,27,2,149,0
Blue One M,West,Female,24,2,65,1
Blue One M,Littoral,Male,30,2,157,0
Blue One M,Centre,Male,28,2,91,1
Blue One M,South West,Male,28,2,141,1
Blue One M,North West,Male,24,0,78,1
Blue One M,North,Male,24,2,151,0
Blue One M,South,Male,24,3,148,0
Blue One L,West,Female,23,0,62,1
Blue One L,Centre,Male,25,0,101,1
Blue One L,Adamawa,Female,17,2,181,0
Blue One L,Far North,Male,30,0,65,1
Blue One L,Far North,Male,24,0,135,1
Blue One L,Adamawa,Female,26,2,181,0
Blue One L,North West,Male,25,3,172,0
Blue One L,Littoral,Male,25,0,73,1
Blue One L,East,Male,22,2,184,0
Blue One L,South,Female,26,3,180,0
Blue One L,East,Female,33,3,180,0
Blue One L,South,Male,24,2,174,1
Blue One L,North West,Male,28,3,184,0
Blue One L,Far North,Female,27,3,182,0
Blue One L,Centre,Male,28,0,110,1
Blue One L,Littoral,Female,28,2,179,1
Blue One L,East,Male,27,0,101,1
Blue One L,Far North,Female,25,2,180,0
Blue One L,East,Female,28,2,100,1
Blue One L,Littoral,Female,26,2,163,1
Blue One L,East,Female,29,0,128,1
Blue One L,South West,Male,21,2,96,1
Blue One L,East,Female,29,2,179,0
Blue One L,Littoral,Male,28,3,180,0
Blue One L,Adamawa,Female,26,3,176,0
Blue One L,South West,Female,28,0,62,1
Blue One L,South West,Female,30,2,176,0
Blue One L,West,Male,31,0,71,1
Blue One L,East,Female,28,0,63,1
Blue One L,North,Male,25,2,93,1
Blue One L,South,Female,27,3,168,0
Blue One M,Far North,Male,31,3,164,0
Blue One M,Far North,Female,22,0,64,1
Blue One M,East,Female,30,2,161,0
Blue One L,West,Male,32,0,145,1
Blue One L,Adamawa,Female,27,2,72,1
Blue One L,Adamawa,Male,24,2,67,1
Blue One L,North,Male,27,3,165,0
Blue One L,Far North,Female,26,2,168,0
Blue One L,Centre,Female,29,2,86,1
Blue One L,Adamawa,Female,24,2,162,1
Blue One L,East,Female,26,2,155,1
Blue One L,South West,Female,25,0,130,1
Blue One L,Littoral,Female,22,0,75,1
Blue One L,Centre,Male,23,0,63,1
Blue One L,North,Male,25,3,171,0
Blue One L,South West,Female,28,0,155,1
Blue One M,North,Female,27,2,103,1
Blue One L,East,Female,27,2,111,1
Blue One L,West,Male,25,2,89,1
Blue One L,South,Male,19,2,127,1
Blue One L,South,Male,27,2,173,0
Blue One L,West,Male,25,0,90,1
Blue One L,Centre,Female,24,2,81,1
Blue One L,Adamawa,Female,27,2,104,1
Blue One L,Far North,Male,24,2,138,1
Blue One L,Littoral,Female,23,0,137,1
Blue One L,West,Female,23,3,172,0
Blue One L,North,Male,26,2,172,0
Blue One L,North,Female,21,0,81,1
Blue One M,West,Male,29,3,145,0
Blue One L,Adamawa,Male,26,0,162,1
Blue One M,Centre,Male,30,3,160,0
Blue One M,Centre,Male,23,3,160,0
Blue One M,Far North,Male,25,2,161,0
Blue One M,South,Male,24,2,105,1
Blue One M,South West,Female,30,2,159,0
Blue One M,North,Female,27,2,126,1
Blue One M,South,Male,19,0,130,1
Blue One M,North West,Female,19,3,80,0
Blue One M,South,Male,27,0,124,1
Blue One L,Adamawa,Male,33,3,165,0
Blue One M,Centre,Female,29,2,152,1
Blue One M,East,Female,22,3,160,0
Blue One M,Littoral,Female,21,0,103,1
Blue One M,West,Male,25,3,155,0
Blue One L,Adamawa,Male,33,2,166,0
Blue One M,Centre,Female,25,2,91,1
Blue One M,Littoral,Female,27,0,144,1
Blue One L,South West,Male,25,3,167,0
Blue One M,Adamawa,Male,22,2,91,1
Blue One L,East,Male,27,2,168,0
Blue One L,Centre,Male,25,2,172,0
Blue One M,Adamawa,Male,28,2,152,0
Blue One M,Centre,Female,27,2,158,1
Blue One M,Centre,Female,24,2,153,0
Blue One M,North West,Female,31,0,96,1
Blue One S,South West,Male,26,1,48,0
Blue One M,West,Male,23,2,102,0
Blue One M,Far North,Female,26,0,110,1
Blue One M,North,Female,23,2,139,0
Blue One M,East,Female,27,3,154,0
Blue One M,North West,Male,26,2,117,1
Blue One M,West,Female,19,2,102,0
Blue One M,South,Male,26,0,128,1
Blue One L,Littoral,Male,30,0,149,1
Blue One L,Far North,Male,28,0,99,1
Blue One L,Littoral,Male,20,0,88,1
Blue One L,South West,Female,24,0,89,1
Blue One M,West,Male,30,0,104,1
Blue One L,West,Male,29,0,165,1
Blue One L,East,Female,26,0,99,1
Blue One L,North,Male,23,3,173,0
Blue One L,South West,Female,30,0,170,1
Blue One L,Adamawa,Female,27,2,172,0
Blue One L,Littoral,Female,26,3,172,0
Blue One L,Far North,Male,25,2,91,1
Blue One L,Far North,Male,25,2,171,0
Blue One L,Littoral,Male,23,2,171,0
Blue One L,East,Male,23,2,109,1
Blue One L,East,Female,26,2,170,0
Blue One L,North West,Male,26,2,164,1
Blue One L,West,Male,20,3,170,0
Blue One L,North West,Male,21,2,125,1
Blue One L,Littoral,Female,26,0,110,1
Blue One L,Littoral,Female,26,2,99,1
Blue One L,North West,Female,26,2,119,1
Blue One M,Adamawa,Male,24,2,164,0
Blue One L,Adamawa,Female,26,2,99,1
Blue One L,Far North,Female,32,2,173,0
Blue One L,West,Male,27,0,71,1
Blue One L,South,Male,27,2,175,0
Blue One L,North,Male,25,2,111,1
Blue One L,Far North,Male,26,2,96,1
Blue One L,North,Male,31,2,172,0
Blue One M,East,Male,28,0,94,1
Blue One M,Far North,Female,27,2,94,1
Blue One M,Centre,Female,27,2,162,0
Blue One L,South,Female,29,0,99,1
Blue One L,Adamawa,Male,27,2,182,0
Blue One L,Littoral,Female,27,0,96,1
Blue One L,Centre,Male,23,2,93,1
Blue One L,West,Female,30,0,106,1
Blue One L,Far North,Female,26,0,173,1
Blue One L,Centre,Male,24,0,122,1
Blue One L,Far North,Female,25,2,156,1
Blue One L,West,Male,28,2,177,0
Blue One L,North,Male,27,0,105,1
Blue One L,North,Male,26,2,177,0
Blue One L,North West,Female,27,2,115,1
Blue One L,East,Male,27,0,143,1
Blue One L,Littoral,Female,28,2,179,0
Blue One L,Far North,Male,29,2,188,0
Blue One L,South,Male,27,2,188,0
Blue One L,East,Male,30,3,188,0
Blue One L,South West,Male,26,2,186,0
Blue One M,West,Male,25,2,153,0
Blue One L,Littoral,Male,27,2,182,0
Blue One L,Far North,Male,27,2,171,0
Blue One M,Adamawa,Female,23,2,164,0
Blue One M,Littoral,Female,26,2,104,1
Blue One L,Littoral,Female,26,0,91,1
Blue One L,West,Female,33,2,145,1
Blue One L,Centre,Male,23,2,182,0
Blue One L,West,Male,30,3,179,0
Blue One L,Littoral,Female,24,2,183,0
Blue One L,West,Female,29,2,170,0
Blue One L,South West,Male,26,0,65,1
Blue One L,South,Male,28,2,186,0
Blue One L,Adamawa,Female,27,0,161,1
Blue One L,Littoral,Female,31,3,170,0
Blue One L,Littoral,Male,33,2,83,1
Blue One L,South West,Male,28,2,165,1
Blue One L,North West,Female,28,2,174,0
Blue One L,Centre,Male,24,0,68,1
Blue One L,Far North,Male,27,3,168,0
Blue One L,Far North,Male,31,3,178,0
Blue One L,North West,Male,28,2,165,0
Blue One M,East,Male,22,0,86,1
Blue One M,East,Male,23,2,158,0
Blue One L,South West,Male,29,0,99,1
Blue One L,North,Male,29,0,132,1
Blue One L,North,Male,28,2,167,0
Blue One L,Far North,Male,28,3,174,0
Blue One L,West,Male,24,2,137,1
Blue One L,South West,Female,22,2,170,0
Blue One L,South West,Male,29,3,170,0
Blue One L,East,Male,26,3,171,0
Blue One L,Centre,Female,28,2,71,1
Blue One L,East,Male,25,0,63,1
Blue One M,West,Female,25,2,85,1
Blue One M,Centre,Female,23,2,129,0
Blue One M,North,Male,26,2,154,0
Blue One L,Adamawa,Female,31,0,146,1
Blue One L,Adamawa,Male,26,3,175,0
Blue One M,South West,Male,24,0,63,1
Blue One M,South,Female,26,2,95,1
Blue One L,Far North,Male,27,2,186,0
Blue One L,Centre,Female,31,2,62,1
Blue One L,Centre,Female,19,0,151,1
Blue One L,West,Male,29,3,174,0
Blue One L,North West,Female,29,3,181,0
Blue One M,South,Female,23,3,158,0
Blue One L,South West,Male,25,2,171,0
Blue One M,South,Female,21,2,108,0
Blue One M,Littoral,Female,27,0,81,1
Blue One M,Adamawa,Male,25,2,132,1
Blue One M,Centre,Male,28,2,146,0
Blue One M,South West,Female,31,3,144,0
Blue One M,Littoral,Female,21,2,139,0
Blue One M,Centre,Female,21,2,98,1
Blue One M,North,Male,23,3,110,0
Blue One M,East,Female,29,2,135,0
Blue One M,Centre,Male,29,2,163,0
Blue One M,West,Female,23,0,91,1
Blue One M,West,Female,23,0,121,1
Blue One M,North West,Male,31,0,61,1
Blue One M,North West,Male,21,3,146,0
Blue One M,Adamawa,Male,23,3,159,0
Blue One M,North West,Female,26,0,115,1
Blue One M,Littoral,Male,28,0,73,1
Blue One M,North,Male,28,0,110,1
Blue One M,West,Female,20,0,128,1
Blue One M,Centre,Female,26,2,67,1
Blue One M,Adamawa,Male,27,2,161,0
Blue One M,Littoral,Female,25,2,159,0
Blue One M,West,Male,29,2,153,1
Blue One M,Littoral,Female,19,2,155,1
Blue One M,East,Male,29,3,153,0
Blue One M,North West,Female,22,0,136,1
Blue One M,Far North,Male,28,2,140,0
Blue One M,South West,Male,21,0,129,1
Blue One M,Centre,Female,20,2,110,0
Blue One M,South,Female,21,0,103,1
Blue One M,South West,Female,23,2,90,1
Blue One M,Centre,Male,24,0,64,1
Blue One M,West,Female,29,3,149,0
Blue One M,Littoral,Female,27,2,125,0
Blue One L,Centre,Female,30,0,70,1
Blue One M,South West,Female,21,2,110,1
Blue One L,South,Female,28,3,176,0
Blue One M,Littoral,Female,25,0,98,1
Blue One M,Adamawa,Female,31,2,98,1
Blue One M,South West,Male,22,2,146,0
Blue One M,Far North,Female,24,2,61,1
Blue One M,West,Female,32,2,117,1
Blue One M,Centre,Male,22,2,105,0
Blue One M,South West,Male,25,0,145,1
Blue One M,North,Male,20,2,95,1
Blue One M,Far North,Female,25,3,139,0
Blue One M,Adamawa,Female,21,2,97,1
Blue One M,North West,Male,27,2,106,1
Blue One M,South,Female,23,0,62,1
Blue One S,Littoral,Female,19,1,55,0
Blue One M,West,Male,26,2,139,1
Blue One M,Littoral,Female,25,2,92,1
Blue One L,West,Male,25,3,174,0
Blue One M,North,Female,27,3,161,0
Blue One M,East,Male,24,3,158,0
Blue One M,East,Female,26,2,61,1
Blue One M,Littoral,Male,26,2,77,0
Blue One M,North West,Male,26,0,64,1
Blue One M,East,Female,27,2,139,0
Blue One S,Far North,Female,20,1,55,0
Blue One L,South,Female,30,2,173,0
Blue One M,Adamawa,Female,24,3,154,0
Blue One M,East,Male,26,2,112,1
Blue One M,Centre,Male,26,0,143,1
Blue One M,North West,Male,24,2,134,0
Blue One S,North,Male,17,2,47,0
Blue One M,Centre,Male,25,0,76,1
Blue One M,North,Female,22,3,90,0
Blue One S,North West,Female,22,2,53,0
Blue One M,East,Male,25,0,67,1
Blue One M,North West,Male,28,0,112,1
Blue One M,North West,Male,24,3,105,0
Blue One M,East,Female,20,0,64,1
Blue One M,Adamawa,Female,26,2,129,0
Blue One M,West,Male,22,0,102,1
Blue One S,East,Male,18,1,37,0
Blue One S,Adamawa,Male,20,1,52,0
Blue One S,Littoral,Female,20,1,31,0
Blue One M,South,Male,22,2,68,1
Blue One M,West,Female,25,0,63,1
Blue One M,Littoral,Male,26,2,81,0
Blue One S,West,Female,23,1,34,0
Blue One S,South West,Female,26,2,25,0
Blue One S,East,Male,24,1,40,0
Blue One M,West,Female,19,3,90,0
Blue One S,North,Male,22,2,61,0
Blue One M,North West,Female,25,2,124,0
Blue One M,North,Male,25,3,124,0
Blue One M,Adamawa,Female,23,0,80,1
Blue One M,Centre,Male,25,2,154,0
Blue One M,South,Female,25,0,73,1
Blue One S,North West,Female,22,1,48,0
Blue One M,Centre,Female,29,2,109,0
Blue One M,Centre,Male,22,2,138,0
Blue One L,Centre,Male,27,2,125,1
Blue One L,South,Female,27,2,136,1
Blue One M,West,Female,28,2,145,0
Blue One M,South,Male,27,2,144,0
Blue One M,Far North,Male,22,2,90,1
Blue One M,East,Male,24,3,154,0
Blue One L,Littoral,Male,21,2,90,1
Blue One M,North West,Male,23,2,131,1
Blue One M,South West,Male,19,3,159,0
Blue One L,South West,Female,25,0,64,1
Blue One L,Adamawa,Female,24,2,140,1
Blue One M,Littoral,Female,18,2,82,1
Blue One M,Far North,Female,30,3,143,0
Blue One M,Adamawa,Male,29,2,76,1
Blue One M,North West,Female,25,2,145,0
Blue One M,North,Male,26,0,61,1
Blue One M,Littoral,Female,22,2,131,0
Blue One M,Far North,Male,23,2,94,1
Blue One M,South West,Male,23,2,140,0
Blue One M,Littoral,Female,27,2,61,1
Blue One M,East,Male,30,3,133,0
Blue One M,Centre,Female,28,0,72,1
Blue One M,Centre,Female,21,2,142,0
Blue One M,Centre,Male,30,2,102,1
Blue One M,North West,Female,19,3,150,0
Blue One M,Adamawa,Female,21,2,88,1
Blue One M,Adamawa,Female,29,0,62,1
Blue One M,South West,Male,29,2,111,1
Blue One M,Far North,Female,24,3,138,0
Blue One M,South West,Female,26,2,121,0
Blue One M,North,Male,23,2,81,1
Blue One M,East,Female,23,0,79,1
Blue One M,North,Male,20,2,150,1
Blue One M,Far North,Female,24,0,80,1
Blue One M,Far North,Male,22,2,82,1
Blue One M,Adamawa,Male,27,2,62,1
Blue One M,Centre,Female,24,2,140,1
Blue One M,Littoral,Male,25,0,62,1
Blue One M,Centre,Male,26,2,145,0
Blue One M,South West,Female,27,2,135,1
Blue One M,Littoral,Male,25,3,133,0
Blue One M,West,Male,29,3,153,0
Blue One M,South,Male,28,0,62,1
Blue One M,North West,Female,28,0,118,1
Blue One M,West,Male,27,0,103,1
Blue One M,Adamawa,Female,25,3,147,0
Blue One M,East,Female,24,2,61,1
Blue One M,Littoral,Male,31,0,133,1
Blue One M,South,Female,26,0,103,1
Blue One M,North,Male,29,3,150,0
Blue One M,South West,Male,23,2,75,0
Blue One M,Far North,Female,21,2,111,0
Blue One S,Littoral,Female,24,1,48,0
Blue One M,West,Male,25,0,77,1
Blue One M,Littoral,Female,25,2,126,0
Blue One M,South,Male,25,3,124,0
Blue One M,East,Female,27,2,93,1
Blue One M,West,Male,18,2,65,1
Blue One M,East,Female,21,2,84,1
Blue One M,North,Male,22,3,110,0
Blue One M,Centre,Male,25,3,108,0
Blue One M,Littoral,Male,26,2,125,1
Blue One M,Centre,Female,24,2,69,1
Blue One M,South,Female,27,3,124,0
Blue One M,West,Male,27,2,129,0
Blue One M,South,Male,27,2,99,0
Blue One M,Adamawa,Male,22,2,63,1
Blue One M,South West,Male,26,2,110,0
Blue One M,South West,Male,24,0,113,1
Blue One M,North,Male,27,0,86,1
Blue One M,North,Male,27,2,126,0
Blue One M,South West,Female,20,2,85,0
Blue One M,West,Male,25,3,105,0
Blue One M,East,Male,19,2,83,0
Blue One M,Far North,Female,20,3,123,0
Blue One M,North West,Female,23,0,91,1
Blue One M,West,Male,25,3,112,0
Blue One S,Adamawa,Female,23,2,47,0
Blue One S,Centre,Male,22,1,48,0
Blue One S,West,Female,20,1,39,0
Blue One S,Littoral,Male,25,1,46,0
Blue One S,North West,Male,23,1,37,0
Blue One M,Far North,Male,19,2,123,0
Blue One M,Adamawa,Female,23,2,116,0
Blue One M,East,Female,24,0,96,1
Blue One M,South,Male,30,0,137,1
Blue One M,Adamawa,Male,27,2,76,1
Blue One M,West,Female,25,2,152,0
Blue One M,West,Male,25,0,102,1
Blue One M,Adamawa,Male,20,2,89,0
Blue One M,South West,Female,25,2,138,0
Blue One M,South West,Female,27,2,65,1
Blue One M,North West,Female,26,2,108,0
Blue One M,North,Male,27,2,147,0
Blue One M,North,Male,30,0,135,1
Blue One M,North West,Male,28,2,104,1
Blue One M,North West,Female,21,0,121,1
Blue One M,North,Female,32,0,82,1
Blue One M,South West,Male,22,2,143,0
Blue One M,Adamawa,Male,30,3,146,0
Blue One M,South,Male,29,2,115,0
Blue One M,Centre,Male,30,0,87,1
Blue One M,North,Female,19,0,87,1
Blue One S,Littoral,Female,29,1,46,0
Blue One S,North West,Female,18,2,53,0
Blue One M,South,Female,23,3,129,0
Blue One M,South,Female,22,2,158,0
Blue One M,South West,Female,23,2,109,1
Blue One M,North West,Female,26,0,87,1
Blue One M,South West,Female,27,2,62,1
Blue One M,South,Female,28,2,161,0
Blue One M,East,Male,29,2,119,1
Blue One M,Adamawa,Male,24,2,155,0
Blue One M,South West,Male,17,2,64,1
Blue One M,South West,Male,22,2,146,1
Blue One M,North West,Female,23,3,157,0
Blue One M,East,Male,23,3,156,0
Blue One M,West,Female,22,0,84,1
Blue One M,Centre,Female,24,2,73,1
Blue One M,South West,Male,26,3,153,0
Blue One M,North,Male,26,3,152,0
Blue One M,West,Female,25,2,138,1
Blue One M,South,Male,22,2,110,0
Blue One M,Adamawa,Male,26,0,123,1
Blue One M,North,Female,25,2,116,1
Blue One M,Littoral,Female,25,3,146,0
Blue One M,North West,Female,26,2,63,1
Blue One M,Centre,Male,21,2,101,0
Blue One M,South West,Male,26,2,67,1
Blue One M,Far North,Male,23,3,146,0
Blue One M,West,Male,24,2,136,0
Blue One M,North,Male,27,0,64,1
Blue One M,South,Female,26,2,125,0
Blue One M,North,Female,27,2,144,0
Blue One M,East,Female,22,3,136,0
Blue One M,South West,Male,29,3,133,0
Blue One M,South,Male,26,3,133,0
Blue One M,East,Male,25,3,136,0
Blue One M,Adamawa,Male,22,2,115,1
Blue One M,Centre,Female,23,3,102,0
Blue One M,North,Male,23,2,133,0
Blue One M,Far North,Male,18,2,142,0
Blue One M,North,Female,23,2,140,0
Blue One M,South West,Female,25,2,136,0
Blue One M,East,Male,25,0,132,1
Blue One M,West,Male,28,2,98,1
Blue One M,Adamawa,Female,29,0,78,1
Blue One M,South,Female,25,2,133,0
Blue One M,Far North,Female,25,2,76,0
Blue One M,East,Male,28,2,129,0
Blue One M,Centre,Female,19,2,89,1
Blue One M,Far North,Male,25,2,124,0
Blue One M,West,Female,23,0,72,1
Blue One M,North West,Male,27,0,101,1
Blue One M,Adamawa,Male,27,0,63,1
Blue One M,Adamawa,Male,27,3,116,0
Blue One M,West,Male,24,3,125,0
Blue One M,South,Male,26,3,124,0
Blue One M,Adamawa,Male,27,3,122,0
Blue One M,Adamawa,Female,25,2,66,1
Blue One M,Littoral,Female,19,0,63,1
Blue One M,South West,Male,23,0,67,1
Blue One M,Littoral,Female,17,2,68,1
Blue One M,Adamawa,Female,27,2,90,1
Blue One M,North,Female,26,2,112,1
Blue One M,Adamawa,Male,20,3,112,0
Blue One M,North West,Female,26,2,84,0
Blue One L,West,Male,26,2,146,1
Blue One L,South,Female,28,2,148,1
Blue One L,Centre,Female,26,3,167,0
Blue One L,Far North,Female,26,0,65,1
Blue One L,North,Male,25,2,62,1
Blue One M,East,Female,22,3,164,0
Blue One L,West,Male,29,3,165,0
Blue One L,West,Female,24,3,171,0
Blue One M,East,Male,24,2,144,0
Blue One M,North West,Male,23,2,128,1
Blue One M,Far North,Male,26,2,82,0
Blue One M,South,Female,26,0,69,1
Blue One L,Adamawa,Male,23,3,165,0
Blue One L,North,Female,26,2,61,1
Blue One M,East,Male,28,2,158,1
Blue One M,North West,Female,33,2,106,1
Blue One M,Adamawa,Male,24,0,67,1
Blue One M,Far North,Male,23,2,77,1
Blue One M,North West,Female,17,2,147,1
Blue One M,North,Female,24,2,159,1
Blue One M,Far North,Female,22,2,136,0
Blue One M,Adamawa,Male,24,2,131,0
Blue One M,South,Male,26,0,137,1
Blue One M,Far North,Female,25,2,64,1
Blue One M,Far North,Female,27,3,157,0
Blue One M,Adamawa,Male,27,2,114,1
Blue One M,North,Male,26,2,99,1
Blue One M,East,Male,26,3,138,0
Blue One M,Centre,Male,29,3,154,0
Blue One M,Centre,Male,24,2,68,1
Blue One M,Centre,Male,25,3,132,0
Blue One M,Far North,Male,30,3,142,0
Blue One M,Littoral,Female,29,3,145,0
Blue One M,Adamawa,Female,25,0,112,1
Blue One M,East,Male,26,2,119,0
Blue One M,West,Male,22,2,74,1
Blue One M,South West,Male,25,2,148,0
Blue One M,South West,Female,25,2,107,1
Blue One M,East,Female,23,3,137,0
Blue One M,South West,Female,24,0,112,1
Blue One M,Adamawa,Male,25,3,139,0
Blue One M,Far North,Male,25,2,116,1
Blue One M,North,Male,22,3,145,0
Blue One M,Centre,Male,23,0,70,1
Blue One M,East,Female,25,2,75,1
Blue One M,Far North,Female,29,2,131,0
Blue One M,Littoral,Female,24,0,96,1
Blue One M,Littoral,Female,22,0,63,1
Blue One M,Centre,Male,28,3,130,0
Blue One S,East,Female,22,1,42,0
Blue One S,North,Male,24,1,40,0
Blue One S,North West,Male,21,1,20,0
Blue One M,North,Male,26,2,129,0
Blue One M,North West,Male,24,0,68,1
Blue One M,Littoral,Male,25,3,126,0
Blue One M,West,Female,24,2,87,1
Blue One M,South,Female,24,2,96,0
Blue One M,Far North,Male,26,2,118,0
Blue One M,East,Female,24,2,121,0
Blue One M,Centre,Female,27,2,122,0
Blue One M,South,Male,24,3,123,0
Blue One M,West,Female,26,0,90,1
Blue One M,Littoral,Female,22,3,75,0
Blue One M,Littoral,Male,22,2,81,0
Blue One M,North West,Female,27,2,64,1
Blue One M,Far North,Male,25,3,96,0
Blue One M,North,Male,23,0,118,1
Blue One S,North,Female,25,1,74,0
Blue One M,Adamawa,Female,19,2,66,1
Blue One M,North West,Female,25,2,121,0
Blue One M,East,Male,18,0,89,1
Blue One L,Far North,Female,30,0,78,1
Blue One M,North West,Female,27,0,93,1
Blue One M,North West,Male,26,2,99,1
Blue One M,South West,Male,22,2,161,0
Blue One M,Centre,Female,25,2,146,0
Blue One L,Littoral,Female,23,0,126,1
Blue One M,Littoral,Female,23,3,108,0
Blue One S,North West,Female,23,2,56,0
Blue One M,Adamawa,Male,28,3,100,0
Blue One M,East,Female,19,2,92,1
Blue One S,Centre,Female,24,1,59,0
Blue One M,Adamawa,Female,24,2,104,0
Blue One M,East,Male,29,2,116,0
Blue One M,Adamawa,Male,24,0,89,1
Blue One M,Far North,Male,24,0,78,1
Blue One M,North West,Male,31,2,65,1
Blue One M,Far North,Female,23,2,112,0
Blue One M,South,Male,22,2,69,1
Blue One M,North West,Female,26,2,90,0
Blue One M,North,Male,24,2,91,1
Blue One M,South West,Male,21,3,106,0
Blue One M,Far North,Male,28,0,67,1
Blue One M,East,Male,30,3,99,0
Blue One M,East,Male,26,0,86,1
Blue One S,Centre,Female,19,2,33,0
Blue One S,North West,Female,22,1,4,0
Blue One S,South,Male,22,1,52,0
Blue One S,Centre,Female,20,2,54,0
Blue One M,North,Male,22,2,84,0
Blue One M,Far North,Male,20,3,81,0
Blue One M,South,Female,17,3,80,0
Blue One M,East,Male,21,0,65,1
Blue One S,North,Male,17,2,30,0
Blue One M,South,Male,25,3,106,0
Blue One M,Littoral,Female,23,2,108,0
Blue One M,South West,Male,19,2,86,0
Blue One M,Far North,Male,25,2,63,1
Blue One M,West,Male,23,2,105,0
Blue One M,South,Female,26,2,89,0
Blue One M,South,Female,28,3,103,0
Blue One M,North,Female,23,2,92,0
Blue One M,South West,Male,23,3,102,0
Blue One M,North,Male,33,0,94,1
Blue One M,South West,Female,23,2,89,1
Blue One M,North,Female,25,2,101,0
Blue One M,Far North,Female,24,2,130,0
Blue One M,North West,Female,27,0,112,1
Blue One M,Far North,Female,25,2,129,0
Blue One M,South West,Male,19,2,122,0
Blue One M,East,Female,24,3,116,0
Blue One M,North,Male,29,2,62,1
Blue One M,East,Female,20,2,122,0
Blue One M,South,Female,23,3,105,0
Blue One M,West,Male,20,3,111,0
Blue One M,North West,Female,27,3,97,0
Blue One M,South,Male,26,2,62,1
Blue One M,Centre,Male,23,2,103,0
Blue One M,South West,Female,25,0,88,1
Blue One M,Far North,Female,26,3,95,0
Blue One S,Adamawa,Male,23,1,34,0
Blue One M,Centre,Female,24,3,105,0
Blue One M,Far North,Female,28,0,75,1
Blue One M,North West,Male,26,2,77,0
Blue One M,East,Female,33,2,62,1
Blue One M,South West,Male,30,2,84,0
Blue One M,Littoral,Female,24,0,63,1
Blue One M,Centre,Female,27,2,81,0
Blue One M,Far North,Male,20,2,94,0
Blue One M,South West,Female,23,2,63,1
Blue One M,Adamawa,Male,21,3,76,0
Blue One S,Far North,Male,20,2,40,0
Blue One S,Adamawa,Male,21,2,38,0
Blue One S,North West,Male,31,1,26,0
Blue One S,West,Male,23,2,32,0
Blue One S,North,Male,17,2,47,0
Blue One S,Far North,Male,20,2,46,0
Blue One S,East,Female,26,1,53,0
Blue One S,South,Male,27,1,44,0
Blue One S,North,Male,24,1,48,0
Blue One S,Far North,Male,22,1,53,0
Blue One S,East,Male,23,2,45,0
Blue One S,Far North,Male,21,2,53,0
Blue One M,East,Female,19,0,73,1
Blue One M,West,Female,26,2,76,0
Blue One M,Far North,Male,25,2,81,0
Blue One M,South,Female,24,3,150,0
Blue One M,West,Male,23,2,146,1
Blue One M,Littoral,Female,28,0,112,1
Blue One M,Littoral,Female,29,2,100,1
Blue One M,South West,Male,25,2,70,1
Blue One M,South,Female,26,2,150,0
Blue One M,North West,Female,25,2,140,0
Blue One M,Centre,Female,22,2,125,0
Blue One M,North,Female,23,2,109,1
Blue One M,East,Male,24,2,102,1
Blue One M,West,Male,25,0,77,1
Blue One M,Adamawa,Male,23,3,147,0
Blue One M,Far North,Male,28,2,95,1
Blue One M,Far North,Male,20,2,108,1
Blue One M,East,Female,17,0,100,1
Blue One M,North West,Female,29,2,97,1
Blue One M,North,Male,23,2,106,1
Blue One M,North,Male,25,0,62,1
Blue One M,Centre,Male,24,2,128,0
Blue One M,West,Male,25,3,145,0
Blue One M,Far North,Male,28,3,145,0
Blue One M,Centre,Male,26,2,119,1
Blue One M,Littoral,Male,25,3,128,0
Blue One M,North West,Female,26,0,68,1
Blue One M,Centre,Female,23,2,143,1
Blue One M,Far North,Male,28,2,137,1
Blue One M,South West,Male,27,2,147,0
Blue One M,Centre,Female,23,3,145,0
Blue One M,Far North,Female,26,2,137,0
Blue One M,West,Male,24,0,92,1
Blue One M,Centre,Female,23,2,130,0
Blue One M,South West,Female,21,2,84,1
Blue One M,Centre,Female,29,3,140,0
Blue One M,East,Female,29,2,128,1
Blue One M,Adamawa,Male,32,2,121,0
Blue One M,West,Female,24,0,107,1
Blue One M,North West,Female,26,2,150,0
Blue One M,Adamawa,Male,28,0,77,1
Blue One M,West,Female,24,0,77,1
Blue One M,East,Male,26,0,98,1
Blue One M,South West,Female,23,0,81,1
Blue One M,West,Male,24,2,134,0
Blue One M,North,Male,28,2,138,0
Blue One M,South West,Male,26,3,138,0
Blue One M,South West,Male,18,2,145,0
Blue One M,South,Male,28,3,143,0
Blue One M,South West,Male,23,2,130,1
Blue One M,North West,Male,22,3,149,0
Blue One M,South West,Male,23,3,147,0
Blue One M,Far North,Male,27,0,113,1
Blue One M,Far North,Male,27,0,123,1
Blue One M,Centre,Female,18,2,140,0
Blue One M,Far North,Male,28,3,154,0
Blue One M,South West,Female,21,2,105,1
Blue One M,North,Male,21,2,134,1
Blue One M,South,Male,30,0,99,1
Blue One M,South West,Female,32,2,105,1
Blue One M,Far North,Male,22,2,112,1
Blue One M,Adamawa,Female,24,2,151,0
Blue One M,Far North,Male,24,2,152,0
Blue One M,West,Female,26,3,151,0
Blue One M,South,Female,31,0,63,1
Blue One M,North,Female,28,2,150,1
Blue One M,Adamawa,Male,24,0,88,1
Blue One M,West,Male,25,0,86,1
Blue One M,North West,Female,26,2,148,0
Blue One M,South,Female,30,2,146,0
Blue One M,Littoral,Female,20,2,130,0
Blue One M,Littoral,Female,21,2,133,0
Blue One M,Centre,Female,27,2,91,1
Blue One M,North,Male,25,3,140,0
Blue One M,Littoral,Male,25,2,94,1
Blue One M,Centre,Male,26,2,89,1
Blue One M,North West,Male,22,3,138,0
Blue One M,South,Female,27,0,63,1
Blue One M,West,Female,33,2,79,1
Blue One M,North,Female,22,2,130,0
Blue One M,East,Female,29,0,100,1
Blue One M,South,Male,27,2,136,0
Blue One M,Adamawa,Female,24,0,103,1
Blue One M,Adamawa,Female,23,3,130,0
Blue One M,South West,Male,26,2,131,0
Blue One M,South West,Female,22,0,100,1
Blue One M,Centre,Male,21,2,106,0
Blue One M,Centre,Male,24,2,112,0
Blue One M,South,Male,26,3,121,0
Blue One M,South,Male,30,0,62,1
Blue One M,Far North,Male,25,2,62,1
Blue One M,South,Female,24,2,62,1
Blue One M,Centre,Male,25,2,85,1
Blue One M,Centre,Female,26,3,123,0
Blue One M,Centre,Male,24,0,88,1
Blue One M,South,Male,28,2,137,0
Blue One M,Adamawa,Male,25,0,61,1
Blue One M,Adamawa,Female,21,2,136,0
Blue One M,North West,Female,23,0,107,1
Blue One M,North,Male,25,3,123,0
Blue One M,Centre,Female,28,2,131,0
Blue One M,East,Male,26,0,91,1
Blue One M,North,Female,29,2,146,1
Blue One M,West,Female,28,0,90,1
Blue One M,Littoral,Female,23,2,107,1
Blue One M,Littoral,Male,27,2,143,1
Blue One M,East,Female,23,2,77,1
Blue One M,Centre,Female,30,3,145,0
Blue One M,Adamawa,Female,21,2,89,1
Blue One M,Adamawa,Female,28,3,151,0
Blue One M,Adamawa,Female,23,0,106,1
Blue One M,East,Female,22,3,150,0
Blue One M,West,Female,19,2,106,1
Blue One M,West,Female,27,0,101,1
Blue One M,North,Male,28,3,147,0
Blue One M,West,Female,24,2,142,0
Blue One M,Adamawa,Female,28,2,94,1
Blue One M,West,Female,27,2,67,1
Blue One M,Centre,Female,24,3,141,0
Blue One M,Centre,Female,22,2,71,1
Blue One M,West,Male,23,0,78,1
Blue One M,Adamawa,Female,22,2,76,1
Blue One M,South,Male,19,3,133,0
Blue One M,North,Male,21,2,139,0
Blue One M,Littoral,Male,27,0,89,1
Blue One M,South West,Female,22,2,133,0
Blue One M,North,Male,25,2,130,0
Blue One M,South West,Male,24,0,100,1
Blue One M,Adamawa,Male,25,2,130,0
Blue One M,South,Female,24,2,139,0
Blue One M,Far North,Female,26,2,146,0
Blue One M,North West,Male,24,2,141,0
Blue One M,South West,Male,27,2,99,0
Blue One M,East,Male,27,2,107,1
Blue One M,South West,Female,17,3,141,0
Blue One M,West,Male,24,2,132,1
Blue One M,Centre,Male,26,0,143,1
Blue One M,North,Male,25,3,147,0
Blue One M,South,Female,22,2,130,0
Blue One M,West,Male,27,2,150,0
Blue One M,North,Male,26,2,106,1
Blue One M,North,Male,26,2,142,0
Blue One M,Adamawa,Male,27,0,95,1
Blue One M,North West,Male,26,3,151,0
Blue One M,East,Female,30,3,142,0
Blue One M,North,Male,24,2,143,0
Blue One M,Adamawa,Male,22,3,143,0
Blue One M,North West,Female,23,3,119,0
Blue One S,North,Male,25,1,56,0
Blue One M,Littoral,Female,25,2,92,1
Blue One M,Centre,Female,21,3,124,0
Blue One M,Far North,Male,29,2,101,1
Blue One M,South West,Male,23,0,120,1
Blue One M,South West,Male,27,3,135,0
Blue One M,Centre,Male,30,3,142,0
Blue One M,South,Male,22,2,125,1
Blue One M,Littoral,Male,20,0,70,1
Blue One M,Adamawa,Female,22,2,63,1
Blue One M,South,Male,28,2,130,1
Blue One M,East,Male,23,2,127,0
Blue One M,North,Male,23,2,138,0
Blue One M,West,Female,28,2,112,1
Blue One M,Centre,Male,24,3,124,0
Blue One M,Adamawa,Female,23,2,130,0
Blue One M,North,Male,27,3,137,0
Blue One M,South,Male,28,2,116,1
Blue One M,North West,Female,30,2,145,0
Blue One M,Littoral,Male,23,0,62,1
Blue One M,West,Male,21,3,124,0
Blue One M,Littoral,Female,22,3,124,0
Blue One M,Far North,Male,20,2,108,0
Blue One M,Adamawa,Male,26,2,67,1
Blue One M,Far North,Female,31,3,118,0
Blue One M,North,Male,26,2,115,0
Blue One M,South West,Female,26,0,64,1
Blue One M,Centre,Male,23,3,110,0
Blue One M,North West,Female,21,2,88,1
Blue One M,South,Female,23,2,90,0
Blue One M,Littoral,Female,24,0,101,1
Blue One M,Far North,Female,26,2,123,0
Blue One M,South,Female,28,2,105,1
Blue One M,East,Female,27,2,90,1
Blue One M,Littoral,Male,28,0,62,1
Blue One M,Centre,Male,25,3,150,0
Blue One M,East,Male,24,0,73,1
Blue One M,North West,Female,20,3,153,0
Blue One M,Adamawa,Female,27,2,151,0
Blue One M,Littoral,Male,21,3,152,0
Blue One M,Centre,Female,33,2,105,1
Blue One M,South,Male,23,2,140,0
Blue One M,East,Male,21,3,153,0
Blue One M,Far North,Male,24,2,117,1
Blue One M,Far North,Female,18,2,136,0
Blue One M,Adamawa,Male,31,2,149,1
Blue One M,Littoral,Male,26,3,119,0
Blue One M,North West,Male,24,2,78,1
Blue One M,Littoral,Female,25,2,133,0
Blue One M,Adamawa,Male,26,0,97,1
Blue One M,North,Female,18,0,91,1
Blue One M,North West,Female,31,2,122,0
Blue One M,East,Male,24,2,94,1
Blue One M,Littoral,Male,27,0,91,1
Blue One M,North West,Male,22,3,112,0
Blue One M,North West,Female,23,2,115,0
Blue One M,North,Male,21,0,89,1
Blue One M,South West,Male,21,0,76,1
Blue One M,Centre,Male,22,0,73,1
Blue One M,East,Female,26,0,94,1
Blue One M,Adamawa,Female,27,2,84,0
Blue One S,West,Female,24,1,51,0
Blue One S,South West,Male,25,2,49,0
Blue One S,North West,Female,24,1,46,0
Blue One M,North West,Male,27,2,108,1
Blue One M,Littoral,Female,26,2,93,1
Blue One M,South,Female,24,3,148,0
Blue One M,East,Male,22,2,71,1
Blue One M,North,Male,24,2,109,1
Blue One M,West,Male,25,0,98,1
Blue One M,Centre,Male,24,2,139,1
Blue One M,West,Female,20,3,150,0
Blue One M,Littoral,Male,27,2,117,0
Blue One M,South West,Female,26,3,148,0
Blue One M,North West,Female,26,2,91,1
Blue One M,Littoral,Male,26,2,114,1
Blue One M,North West,Male,24,0,120,1
Blue One M,West,Male,26,2,146,0
Blue One M,North,Male,27,2,134,0
Blue One M,South,Male,29,2,81,1
Blue One M,South,Female,23,2,131,0
Blue One M,East,Male,25,2,73,1
Blue One M,Littoral,Female,25,2,61,1
Blue One M,East,Male,23,2,145,0
Blue One M,North West,Male,21,0,125,1
Blue One M,North West,Male,21,0,67,1
Blue One M,Littoral,Male,24,2,105,1
Blue One M,North West,Female,23,0,98,1
Blue One M,West,Male,26,0,63,1
Blue One M,East,Female,23,2,137,0
Blue One M,South West,Female,26,3,137,0
Blue One M,Adamawa,Female,27,2,95,1
Blue One M,South,Female,24,2,96,1
Blue One M,Littoral,Female,27,0,70,1
Blue One M,South,Male,27,2,137,0
Blue One M,North West,Male,29,2,136,0
Blue One M,West,Male,26,3,138,0
Blue One M,North,Male,32,2,111,1
Blue One M,Centre,Male,23,2,110,0
Blue One M,Adamawa,Male,25,0,84,1
Blue One M,Littoral,Male,26,2,115,1
Blue One M,North West,Male,26,0,115,1
Blue One M,Adamawa,Female,27,3,126,0
Blue One M,Adamawa,Female,26,2,110,0
Blue One M,Adamawa,Female,22,0,75,1
Blue One M,South,Male,28,2,61,1
Blue One M,Littoral,Male,21,2,100,1
Blue One S,South,Female,25,1,49,0
Blue One S,North,Male,24,2,49,0
Blue One M,South,Male,29,0,64,1
Blue One M,North,Male,30,2,70,1
Blue One M,South West,Female,24,2,146,0
Blue One M,Adamawa,Male,24,2,67,1
Blue One S,Centre,Female,24,1,59,0
Blue One S,South,Female,27,1,54,0
Blue One M,Littoral,Female,18,2,95,0
Blue One M,Centre,Female,22,3,98,0
Blue One M,South,Female,23,0,91,1
Blue One M,North,Male,22,2,84,1
Blue One M,Far North,Male,25,3,96,0
Blue One M,Far North,Male,27,2,136,0
Blue One M,Centre,Female,28,3,139,0
Blue One M,East,Male,27,3,132,0
Blue One M,Littoral,Male,28,0,63,1
Blue One M,Far North,Male,23,2,111,1
Blue One M,Centre,Male,24,2,82,0
Blue One M,Littoral,Female,22,3,125,0
Blue One M,North,Female,21,3,115,0
Blue One M,South,Female,24,2,117,0
Blue One M,West,Male,27,3,105,0
Blue One M,North,Female,30,3,111,0
Blue One M,North West,Female,17,2,75,0
Blue One M,East,Female,26,2,83,0
Blue One M,South,Male,25,3,79,0
Blue One M,Littoral,Female,23,2,87,0
Blue One M,Adamawa,Male,19,2,108,0
Blue One M,South West,Male,27,2,125,1
Blue One M,Adamawa,Male,22,3,138,0
Blue One M,South,Female,25,0,63,1
Blue One M,North West,Female,22,3,89,0
Blue One M,West,Female,30,3,151,0
Blue One M,South West,Female,24,2,101,1
Blue One M,South,Male,28,0,79,1
Blue One M,East,Male,29,2,118,0
Blue One M,Centre,Male,25,0,99,1
Blue One M,North West,Female,29,2,119,1
Blue One M,Far North,Male,27,0,134,1
Blue One S,Adamawa,Male,23,2,34,0
Blue One S,West,Female,25,2,54,0
Blue One S,North West,Female,25,1,34,0
Blue One S,Far North,Male,18,1,31,0
Blue One S,Centre,Male,22,1,53,0
Blue One S,East,Female,17,1,41,0
Blue One S,South West,Male,26,2,53,0
Blue One S,North West,Male,21,2,47,0
Blue One S,North,Male,26,1,53,0
Blue One M,East,Male,30,0,92,1
Blue One M,North,Male,30,2,108,1
Blue One M,South,Female,29,2,112,0
Blue One M,South,Male,22,2,82,1
Blue One M,West,Female,19,2,83,0
Blue One M,South,Male,21,3,94,0
Blue One M,West,Female,24,3,76,0
Blue One M,North West,Female,22,3,89,0
Blue One M,North West,Male,21,3,94,0
Blue One M,East,Male,31,3,95,0
Blue One M,South,Female,22,2,90,1
Blue One M,Adamawa,Female,27,2,89,0
Blue One S,Littoral,Female,24,1,39,0
Blue One M,Far North,Male,19,0,70,1
Blue One M,Adamawa,Male,27,0,69,1
Blue One M,North,Female,26,2,109,0
Blue One M,South,Male,31,3,109,0
Blue One M,South,Male,28,0,90,1
Blue One M,Adamawa,Male,24,2,86,0
Blue One M,Adamawa,Female,23,0,69,1
Blue One M,East,Female,26,3,123,0
Blue One M,Centre,Male,27,2,109,1
Blue One S,East,Female,26,2,42,0
Blue One M,East,Male,22,2,75,1
Blue One M,West,Female,20,2,76,0
Blue One M,North,Male,27,3,111,0
Blue One M,Littoral,Female,27,0,102,1
Blue One M,North West,Male,30,3,112,0
Blue One M,Littoral,Female,21,3,126,0
Blue One M,South West,Male,24,2,126,0
Blue One M,North West,Female,23,3,111,0
Blue One M,Centre,Male,18,2,111,0
Blue One M,East,Female,18,2,98,1
Blue One M,South West,Male,23,3,78,0
Blue One M,Adamawa,Female,20,2,124,0
Blue One M,North,Female,21,2,81,1
Blue One M,Adamawa,Male,20,3,103,0
Blue One M,Far North,Male,24,3,80,0
Blue One M,Littoral,Female,23,3,81,0
Blue One M,West,Female,33,3,111,0
Blue One S,North West,Male,23,2,53,0
Blue One M,Far North,Female,20,2,86,0
Blue One M,South West,Male,27,3,102,0
Blue One S,Adamawa,Female,22,1,25,0
Blue One M,Far North,Female,24,2,76,0
Blue One M,West,Male,23,0,71,1
Blue One S,Littoral,Female,22,2,41,0
Blue One M,North,Female,26,0,108,1
Blue One M,North West,Male,26,3,103,0
Blue One M,West,Male,25,3,110,0
Blue One S,East,Female,18,1,56,0
Blue One M,Centre,Female,25,2,77,0
Blue One M,South West,Female,22,0,84,1
Blue One M,Far North,Female,29,2,90,0
Blue One M,East,Female,24,0,91,1
Blue One M,West,Male,21,2,80,0
Blue One M,South,Female,23,2,103,0
Blue One M,Centre,Male,22,2,89,0
Blue One S,North West,Female,26,1,61,1
Blue One M,Littoral,Male,25,2,104,0
Blue One M,Centre,Male,22,3,82,0
Blue One S,East,Female,24,2,39,0
Blue One S,West,Male,28,2,55,0
Blue One S,East,Female,21,1,46,0
Blue One S,Adamawa,Male,17,1,48,0
Blue One S,Adamawa,Female,25,2,38,0
Blue One S,South,Female,23,1,47,0
Blue One S,Littoral,Male,20,1,25,0
Blue One M,Centre,Male,28,3,111,0
Blue One M,East,Female,26,3,128,0
Blue One M,Centre,Female,21,3,112,0
Blue One M,North West,Male,25,2,115,0
Blue One M,South,Male,30,2,84,0
Blue One M,Adamawa,Male,26,0,69,1
Blue One M,East,Female,26,2,128,0
Blue One M,East,Male,25,2,127,0
Blue One M,East,Female,26,3,117,0
Blue One M,Centre,Male,27,2,74,1
Blue One M,East,Female,29,0,72,1
Blue One M,North West,Male,21,2,109,0
Blue One M,South West,Female,23,2,86,0
Blue One M,North West,Female,25,2,129,0
Blue One M,North,Male,18,2,77,0
Blue One M,Littoral,Female,28,2,68,1
Blue One M,Adamawa,Female,25,3,90,0
Blue One M,North,Male,22,3,116,0
Blue One M,Littoral,Female,28,2,91,1
Blue One M,Centre,Male,23,0,108,1
Blue One S,Centre,Male,20,2,31,0
Blue One M,South West,Female,24,3,89,0
Blue One M,South West,Male,20,2,71,1
Blue One S,Littoral,Male,20,1,55,0
Blue One M,Far North,Male,20,2,89,0
Blue One M,Far North,Male,24,3,80,0
Blue One S,Far North,Male,20,2,41,0
Blue One M,Adamawa,Male,19,3,79,0
Blue One S,South West,Male,22,1,47,0
Blue One S,Littoral,Male,20,1,56,0
Blue One M,Centre,Female,24,3,111,0
Blue One M,West,Female,23,2,115,0
Blue One M,Adamawa,Male,22,2,91,0
Blue One M,North,Male,21,0,101,1
Blue One M,South,Male,27,2,61,1
Blue One M,South,Male,18,2,107,0
Blue One M,East,Female,24,2,107,0
Blue One M,Centre,Male,23,2,97,0
Blue One M,Adamawa,Female,19,3,98,0
Blue One M,North,Male,25,3,102,0
Blue One M,North,Male,25,2,119,0
Blue One M,East,Female,21,2,117,1
Blue One M,North,Male,25,3,116,0
Blue One M,Centre,Female,24,3,122,0
Blue One M,South,Female,23,3,110,0
Blue One M,West,Male,23,0,69,1
Blue One M,North,Male,31,2,111,0
Blue One M,North,Male,24,3,108,0
Blue One M,East,Male,28,2,107,1
Blue One M,South,Female,26,2,116,0
Blue One M,North West,Male,26,2,115,0
Blue One M,West,Female,26,3,107,0
Blue One M,North West,Female,22,3,107,0
Blue One S,West,Male,21,2,41,0
Blue One S,Centre,Male,24,1,41,0
Blue One S,North West,Male,27,2,48,0
Blue One S,North West,Female,24,1,41,0
Blue One S,Adamawa,Female,17,1,43,0
Blue One S,Littoral,Male,19,1,40,0
Blue One S,North,Male,24,2,39,0
Blue One S,North,Male,19,1,20,0
Blue One S,North,Female,24,2,31,0
Blue One M,East,Male,20,3,80,0
Blue One S,North West,Female,24,2,19,0
Blue One S,Littoral,Male,18,2,4,0
Blue One S,South,Male,18,2,11,0
Blue One S,Adamawa,Male,22,1,11,0
Blue One S,Adamawa,Male,29,2,45,0
Blue One S,Littoral,Male,21,2,41,0
Blue One S,Littoral,Male,22,2,38,0
Blue One S,East,Female,19,2,40,0
Blue One S,North,Female,21,1,40,0
Blue One S,North West,Male,21,2,17,0
Blue One S,North West,Male,18,1,13,0
Blue One S,Adamawa,Male,21,2,5,0
Blue One S,South West,Male,18,2,12,0
Blue One S,Far North,Male,19,2,11,0
Blue One S,Centre,Female,22,1,6,0
Blue One S,Adamawa,Male,24,2,30,0
Blue One S,Far North,Male,17,2,26,0
Blue One S,Centre,Female,23,2,24,0
Blue One S,North,Male,20,1,20,0
Blue One S,South,Female,23,1,37,0
Blue One S,North,Male,24,2,36,0
Blue One S,Littoral,Female,23,2,38,0
Blue One S,South,Female,22,2,38,0
Blue One S,West,Male,22,2,26,0
Blue One S,East,Male,20,2,35,0
Blue One S,North West,Male,22,1,35,0
Blue One S,East,Male,18,2,3,0
Blue One M,Far North,Male,20,3,98,0
Blue One M,North,Male,21,3,89,0
Blue One M,Far North,Male,26,3,83,0
Blue One M,Adamawa,Female,21,3,106,0
Blue One M,Adamawa,Male,24,0,66,1
Blue One M,South West,Male,21,2,74,1
Blue One M,North West,Female,27,3,83,0
Blue One S,Adamawa,Female,23,1,42,0
Blue One S,Littoral,Male,19,2,11,0
Blue One M,Centre,Male,21,3,89,0
Blue One M,South West,Male,19,3,89,0
Blue One M,Far North,Male,26,0,88,1
Blue One M,North,Female,26,3,89,0
Blue One M,North West,Male,24,2,86,0
Blue One M,South West,Female,24,2,86,0
Blue One M,West,Male,23,0,84,1
Blue One M,Centre,Female,23,3,80,0
Blue One M,North West,Male,19,2,77,0
Blue One M,North,Female,25,3,81,0
Blue One M,South West,Male,25,2,81,0
Blue One S,South,Female,24,1,53,0
Blue One S,Littoral,Male,23,2,45,0
Blue One S,West,Male,22,1,49,0
Blue One S,East,Female,24,1,45,0
Blue One S,Littoral,Male,21,2,48,0
Blue One S,North West,Male,20,1,47,0
Blue One S,Centre,Male,20,1,41,0
Blue One S,North,Female,19,1,41,0
Blue One M,West,Female,26,2,65,1
Blue One S,South West,Male,19,1,74,0
Blue One M,East,Male,19,2,115,0
Blue One M,East,Male,21,0,82,1
Blue One M,West,Female,28,2,87,0
Blue One M,Adamawa,Female,23,2,119,0
Blue One M,North West,Female,25,2,121,1
Blue One M,South,Female,24,3,126,0
Blue One M,North,Male,24,2,124,0
Blue One M,North West,Female,26,2,130,0
Blue One M,Littoral,Male,21,0,85,1
Blue One S,Far North,Male,17,0,63,1
Blue One M,South West,Male,23,0,123,1
Blue One M,North,Female,26,3,124,0
Blue One M,West,Male,26,3,117,0
Blue One M,South,Female,27,0,79,1
Blue One M,North West,Male,25,0,85,1
Blue One M,Adamawa,Male,24,0,89,1
Blue One M,South,Male,29,2,111,0
Blue One M,Centre,Male,27,2,121,0
Blue One M,Littoral,Female,23,3,122,0
Blue One M,West,Male,25,0,88,1
Blue One M,South West,Female,28,2,123,0
Blue One M,East,Male,26,3,121,0
Blue One M,West,Female,27,2,80,1
Blue One M,East,Male,23,0,100,1
Blue One M,East,Male,20,2,62,1
Blue One M,South West,Male,25,3,121,0
Blue One M,South West,Female,31,2,121,0
Blue One M,West,Male,23,3,119,0
Blue One M,Far North,Female,27,3,111,0
Blue One M,East,Male,23,3,119,0
Blue One M,North West,Female,25,0,118,1
Blue One M,Centre,Male,23,2,119,0
Blue One M,West,Male,22,3,112,0
Blue One M,South West,Female,23,0,65,1
Blue One M,Adamawa,Male,21,3,105,0
Blue One M,Adamawa,Female,27,2,109,0
Blue One M,North West,Female,26,3,110,0
Blue One M,Far North,Male,21,3,96,0
Blue One M,North,Male,26,2,73,1
Blue One S,South West,Female,24,2,59,0
Blue One M,East,Male,29,3,118,0
Blue One M,Centre,Female,24,0,109,1
Blue One M,Far North,Female,24,3,116,0
Blue One M,Far North,Female,24,2,88,1
Blue One M,Adamawa,Male,26,3,112,0
Blue One M,South West,Female,22,2,84,1
Blue One M,Adamawa,Female,25,3,113,0
Blue One M,North West,Female,24,2,105,1
Blue One M,West,Female,25,2,107,0
Blue One M,South West,Female,21,0,78,1
Blue One M,East,Male,23,2,110,0
Blue One M,South,Female,23,3,111,0
Blue One M,East,Female,22,2,85,1
Blue One S,South,Female,25,1,54,0
Blue One M,South,Male,24,2,96,0
Blue One M,Littoral,Male,23,2,122,1
Blue One M,Centre,Male,22,0,118,1
Blue One M,Far North,Female,18,3,86,0
Blue One M,Littoral,Female,28,2,63,1
Blue One M,Far North,Male,21,2,111,0
Blue One M,West,Female,26,0,78,1
Blue One M,Centre,Male,31,2,113,0
Blue One M,Littoral,Male,23,0,63,1
Blue One M,Centre,Female,23,3,97,0
Blue One M,Far North,Male,24,2,100,0
Blue One S,East,Male,18,1,71,1
Blue One M,Littoral,Male,27,2,115,0
Blue One M,Centre,Female,27,3,114,0
Blue One M,Littoral,Female,22,2,97,1
Blue One M,South,Male,23,2,97,0
Blue One M,Far North,Male,22,0,96,1
Blue One M,South,Female,21,3,109,0
Blue One M,Far North,Male,23,2,117,0
Blue One M,South,Female,24,2,111,0
Blue One M,West,Female,26,0,99,1
Blue One M,Centre,Male,21,2,82,1
Blue One S,North,Male,17,2,53,0
Blue One S,North West,Female,27,2,54,0
Blue One S,Centre,Female,28,2,48,0
Blue One S,West,Female,22,1,46,0
Blue One S,East,Male,21,2,48,0
Blue One M,South West,Female,23,2,109,0
Blue One M,West,Female,24,2,111,0
Blue One M,West,Male,21,2,110,0
Blue One M,South,Male,30,2,110,0
Blue One M,North,Male,21,3,109,0
Blue One M,Centre,Male,30,0,61,1
Blue One M,West,Female,26,2,104,0
Blue One M,North West,Male,31,2,102,1
Blue One M,South West,Female,28,2,61,1
Blue One M,Adamawa,Male,26,2,104,1
Blue One M,East,Female,27,2,119,0
Blue One M,South,Female,23,2,120,0
Blue One M,East,Male,20,3,120,0
Blue One M,South West,Male,24,0,112,1
Blue One M,Littoral,Male,20,3,116,0
Blue One M,Littoral,Male,27,3,117,0
Blue One M,Adamawa,Male,22,2,116,0
Blue One S,South,Male,20,1,27,0
Blue One M,North West,Female,21,2,96,0
Blue One M,South,Male,25,2,90,0
Blue One M,Far North,Male,24,2,91,0
Blue One M,North West,Male,25,3,80,0
Blue One S,Far North,Female,21,2,53,0
Blue One S,North West,Female,20,2,14,0
Blue One S,Littoral,Male,23,2,48,0
Blue One M,North West,Male,28,2,61,1
Blue One M,West,Male,25,2,61,1
Blue One M,Centre,Male,20,2,89,1
Blue One M,North,Male,19,3,117,0
Blue One M,Centre,Female,22,0,86,1
Blue One M,Littoral,Female,25,2,105,0
Blue One M,South West,Female,31,0,99,1
Blue One M,West,Female,23,0,91,1
Blue One M,East,Male,19,0,94,1
Blue One M,South,Male,29,2,103,0
Blue One M,South West,Male,21,2,71,1
Blue One M,North West,Male,22,2,119,0
Blue One L,North,Female,31,2,182,0
Blue One M,North West,Male,26,2,115,0
Blue One M,South,Female,19,3,96,0
Blue One M,East,Female,20,3,101,0
Blue One S,Centre,Male,21,1,42,0
Blue One M,East,Male,25,2,68,1
Blue One M,West,Male,26,2,88,1
Blue One M,West,Female,22,0,105,1
Blue One M,North,Female,23,2,123,0
Blue One M,East,Male,30,3,120,0
Blue One M,Centre,Female,27,0,65,1
Blue One M,North,Male,21,0,63,1
Blue One M,Centre,Male,25,2,125,0
Blue One M,Adamawa,Male,20,3,124,0
Blue One M,Littoral,Female,23,3,121,0
Blue One M,South,Female,24,0,123,1
Blue One M,North West,Female,20,2,111,1
Blue One M,North West,Male,28,3,124,0
Blue One M,Adamawa,Female,26,0,72,1
Blue One M,East,Male,31,0,70,1
Blue One M,Far North,Male,24,2,84,0
Blue One M,South,Male,24,3,83,0
Blue One M,South,Male,24,3,83,0
Blue One M,Centre,Female,20,3,87,0
Blue One M,North,Male,24,0,63,1
Blue One M,Centre,Female,20,3,77,0
Blue One M,East,Female,22,2,83,0
Blue One M,North West,Male,20,2,83,0
Blue One M,West,Male,27,3,81,0
Blue One M,Centre,Male,26,3,82,0
Blue One S,North West,Female,25,1,49,0
Blue One S,North,Male,19,1,55,0
Blue One S,East,Female,25,1,53,0
Blue One S,Far North,Male,17,1,55,0
Blue One M,Centre,Female,21,3,104,0
Blue One M,South,Female,23,2,97,1
Blue One M,Adamawa,Female,23,0,90,1
Blue One M,North,Male,23,2,94,0
Blue One M,East,Female,23,3,90,0
Blue One M,North West,Male,24,2,91,0
Blue One M,Centre,Female,23,2,80,0
Blue One M,North,Male,25,3,91,0
Blue One M,North West,Female,25,2,83,0
Blue One M,North West,Female,18,2,71,1
Blue One M,South West,Female,22,2,79,0
Blue One M,South,Female,24,0,96,1
Blue One M,South West,Male,24,2,80,0
Blue One M,South West,Female,19,0,74,1
Blue One M,Far North,Male,21,0,63,1
Blue One M,North,Female,21,0,79,1
Blue One M,North,Male,21,2,117,0
Blue One M,Littoral,Male,24,2,70,1
Blue One M,North West,Female,26,3,112,0
Blue One M,Littoral,Female,22,0,111,1
Blue One M,Littoral,Female,29,3,117,0
Blue One M,South West,Male,25,0,74,1
Blue One M,North,Male,23,3,116,0
Blue One M,South,Male,19,0,62,1
Blue One M,South West,Male,23,0,64,1
Blue One M,West,Female,24,2,112,0
Blue One M,Adamawa,Female,28,3,116,0
Blue One M,Centre,Female,30,0,67,1
Blue One M,Adamawa,Male,17,0,95,1
Blue One M,South West,Male,22,0,84,1
Blue One M,South West,Male,21,2,116,0
Blue One M,North,Male,22,0,72,1
Blue One M,South,Female,24,3,111,0
Blue One M,South West,Female,20,2,96,1
Blue One M,Adamawa,Female,24,3,114,0
Blue One M,Littoral,Male,31,2,100,1
Blue One M,South,Female,24,0,96,1
Blue One M,North,Male,28,0,62,1
Blue One M,North,Male,20,2,69,1
Blue One M,North West,Male,24,0,99,1
Blue One M,West,Male,21,2,68,1
Blue One M,West,Female,28,2,115,0
Blue One M,Adamawa,Female,25,3,115,0
Blue One M,West,Male,21,0,106,1
Blue One M,West,Female,25,3,113,0
Blue One M,West,Male,24,2,112,0
Blue One M,North West,Male,23,2,109,0
Blue One M,South West,Female,26,2,97,0
Blue One M,West,Female,24,2,106,0
Blue One M,Adamawa,Male,27,0,64,1
Blue One M,South,Female,25,3,93,0
Blue One M,Littoral,Female,23,2,105,0
Blue One M,North West,Male,26,3,104,0
Blue One M,West,Female,23,2,98,0
Blue One M,East,Male,27,3,106,0
Blue One M,Far North,Male,22,2,101,1
Blue One M,North West,Male,28,2,115,0
Blue One M,North,Male,26,2,88,0
Blue One M,Centre,Male,26,2,109,0
Blue One M,West,Female,19,2,79,1
Blue One M,West,Female,25,3,112,0
Blue One M,East,Male,23,2,112,0
Blue One M,North,Male,29,3,109,0
Blue One M,South West,Female,28,2,88,1
Blue One M,North,Male,28,3,99,0
Blue One M,North West,Male,19,0,69,1
Blue One M,North West,Male,25,3,93,0
Blue One M,North West,Female,26,0,69,1
Blue One S,South,Male,18,2,55,0
Blue One M,Littoral,Male,23,3,87,0
Blue One M,East,Male,25,2,84,0
Blue One S,Littoral,Male,22,1,3,0
Blue One L,North West,Male,21,2,180,0
Blue One S,East,Female,18,2,5,0
Blue One S,Centre,Female,25,2,7,0
Blue One S,Centre,Male,20,2,7,0
Blue One M,Adamawa,Female,22,3,77,0
Blue One M,Far North,Male,32,3,161,0
Blue One L,Far North,Female,32,2,180,1
Blue One L,Centre,Female,24,3,181,0
Blue One M,Far North,Male,23,3,86,0
Blue One L,Centre,Male,28,2,172,0
Blue One S,Centre,Female,20,1,55,0
Blue One M,North,Male,24,2,111,0
Blue One L,Adamawa,Female,28,0,184,1
Blue One L,East,Male,30,2,92,1
Blue One M,Littoral,Male,25,3,161,0
Blue One L,South West,Male,26,3,207,0
Blue One L,Adamawa,Male,23,0,114,1
Blue One S,North West,Female,21,1,38,0
Blue One L,Far North,Male,24,2,182,0
Blue One M,North,Male,26,3,161,0
Blue One M,West,Female,24,3,115,0
Blue One M,Littoral,Female,25,0,119,1
Blue One L,North West,Male,29,0,128,1
Blue One S,East,Male,26,1,47,0
Blue One L,South,Male,31,2,194,0
Blue One M,Adamawa,Male,28,0,91,1
Blue One L,Centre,Male,26,2,173,1
Blue One M,East,Female,25,3,112,0
Blue One L,East,Female,23,2,155,1
Blue One M,South,Female,25,2,106,1
Blue One L,South West,Male,29,3,190,0
Blue One L,South West,Female,26,2,185,0
Blue One L,North West,Female,24,2,172,1
Blue One M,Far North,Male,29,2,145,0
Blue One M,North,Male,26,2,127,1
Blue One L,North West,Male,27,0,70,1
Blue One L,Littoral,Male,24,0,78,1
Blue One M,North,Male,23,2,117,1
Blue One L,Adamawa,Male,24,2,86,1
Blue One M,North,Male,26,3,161,0
Blue One M,West,Female,23,3,151,0
Blue One L,Adamawa,Male,24,2,161,1
Blue One L,North West,Male,26,3,185,0
Blue One M,North,Male,24,2,153,0
Blue One L,East,Male,28,2,98,1
Blue One L,Adamawa,Male,27,3,165,0
Blue One L,Centre,Female,26,2,172,0
Blue One M,Adamawa,Male,26,2,62,1
Blue One L,South,Male,33,2,190,1
Blue One M,North West,Female,27,2,88,1
Blue One M,Littoral,Female,25,0,87,1
Blue One M,Far North,Male,22,3,106,0
Blue One L,North,Male,22,2,156,1
Blue One M,Centre,Male,26,2,129,1
Blue One L,Littoral,Male,28,2,207,0
Blue One L,West,Female,26,2,125,1
Blue One L,North West,Male,28,2,86,1
Blue One L,South West,Male,24,3,174,0
Blue One L,North,Male,26,2,203,0
Blue One L,Centre,Female,20,3,191,0
Blue One L,Centre,Female,30,2,64,1
Blue One L,North,Male,24,2,83,1
Blue One L,South,Male,22,2,205,0
Blue One L,Centre,Female,27,3,197,0
Blue One L,West,Male,29,2,169,1
Blue One L,Littoral,Female,24,0,117,1
Blue One L,Far North,Female,24,0,73,1
Blue One L,North West,Male,29,2,85,1
Blue One L,Centre,Female,28,0,66,1
Blue One L,South West,Male,25,2,183,1
Blue One L,North,Female,22,3,203,0
Blue One L,West,Female,29,0,65,1
Blue One M,Adamawa,Female,27,0,67,1
Blue One M,North,Male,27,2,95,1
Blue One L,North,Male,27,3,202,0
Blue One S,Far North,Male,25,1,39,0
Blue One L,South West,Female,25,2,119,1
Blue One L,South,Female,31,2,189,0
Blue One M,Adamawa,Male,29,2,144,0
Blue One M,South West,Female,21,2,76,0
Blue One M,South,Female,23,3,96,0
Blue One M,Centre,Female,25,2,122,0
Blue One L,West,Male,27,0,65,1
Blue One L,North West,Male,29,2,157,1
Blue One L,East,Female,25,2,179,0
Blue One M,Adamawa,Female,18,0,81,1
Blue One S,East,Female,23,2,53,0
Blue One M,Littoral,Male,25,0,104,1
Blue One L,West,Female,30,0,132,1
Blue One S,North,Male,21,1,39,0
Blue One L,Adamawa,Male,27,0,155,1
Blue One L,North,Male,24,2,181,0
Blue One L,West,Male,25,2,168,0
Blue One L,Adamawa,Male,24,2,121,1
Blue One M,Littoral,Female,26,2,159,0
Blue One M,West,Male,22,2,161,0
Blue One L,South West,Female,28,2,87,1
Blue One L,West,Female,27,2,65,1
Blue One L,Littoral,Female,23,2,61,1
Blue One L,Littoral,Male,32,2,112,1
Blue One L,Adamawa,Male,29,2,201,0
Blue One L,North West,Male,29,2,203,0
Blue One L,South,Female,27,0,176,1
Blue One L,Adamawa,Male,22,0,87,1
Blue One L,Littoral,Female,22,3,180,0
Blue One M,North,Male,20,3,97,0
Blue One M,Far North,Male,30,3,106,0
Blue One M,West,Male,24,2,104,1
Blue One M,Far North,Female,29,2,139,0
Blue One M,North,Male,26,0,134,1
Blue One M,South West,Female,24,3,139,0
Blue One M,Centre,Male,22,2,84,0
Blue One M,Far North,Female,28,3,143,0
Blue One L,Littoral,Male,33,2,182,0
Blue One L,Littoral,Male,23,2,63,1
Blue One M,South West,Male,30,2,77,1
Blue One S,South,Male,22,2,40,0
Blue One S,East,Male,17,2,30,0
Blue One L,West,Male,26,0,72,1
Blue One L,East,Female,28,3,192,0
Blue One L,Centre,Female,27,2,201,0
Blue One L,Adamawa,Male,21,3,182,0
Blue One M,North,Male,25,3,156,0
Blue One L,Far North,Male,25,3,178,0
Blue One L,Far North,Female,28,3,178,0
Blue One L,Littoral,Male,32,3,179,0
Blue One L,West,Female,25,2,165,0
Blue One L,North,Male,23,2,141,1
Blue One M,Far North,Male,25,0,73,1
Blue One L,North,Male,29,2,139,1
Blue One L,West,Female,28,3,179,0
Blue One L,Far North,Male,29,2,182,0
Blue One L,South West,Male,29,3,167,0
Blue One L,South,Male,25,3,187,0
Blue One L,Littoral,Male,32,2,103,1
Blue One M,South,Female,24,3,147,0
Blue One M,Far North,Female,28,2,63,1
Blue One M,Far North,Male,21,2,75,0
Blue One M,North West,Female,27,3,160,0
Blue One L,West,Male,22,2,172,0
Blue One L,North,Male,26,3,178,0
Blue One L,Far North,Male,24,2,197,0
Blue One L,East,Male,25,3,194,0
Blue One S,Littoral,Male,18,1,45,0
Blue One L,North West,Male,25,0,106,1
Blue One L,North West,Female,33,2,201,0
Blue One L,West,Female,31,0,121,1
Blue One L,Adamawa,Female,24,2,147,1
Blue One L,North,Male,22,2,209,0
Blue One M,Littoral,Male,26,2,108,1
Blue One M,East,Male,19,2,123,0
Blue One M,West,Male,29,0,92,1
Blue One M,East,Female,27,0,129,1
Blue One L,Centre,Female,27,0,92,1
Blue One L,Centre,Female,32,3,201,0
Blue One L,Adamawa,Male,31,0,86,1
Blue One L,South West,Female,28,0,160,1
Blue One L,Adamawa,Female,25,2,202,0
Blue One L,West,Female,32,2,182,1
Blue One L,Littoral,Male,28,2,142,1
Blue One L,East,Male,27,3,198,0
Blue One L,South West,Male,25,2,89,1
Blue One L,South,Female,30,0,169,1
Blue One L,West,Male,26,0,184,1
Blue One M,North West,Male,28,2,118,1
Blue One L,Adamawa,Male,30,2,207,0
Blue One M,Adamawa,Male,25,2,111,0
Blue One L,Centre,Male,29,0,186,1
Blue One L,North West,Male,26,0,65,1
Blue One L,North,Male,29,0,173,1
Blue One L,Adamawa,Male,24,2,160,1
Blue One L,West,Male,28,0,69,1
Blue One L,West,Male,26,3,203,0
Blue One L,Far North,Male,24,2,97,1
Blue One L,South West,Male,25,3,195,0
Blue One L,South West,Female,21,2,141,1
Blue One L,Adamawa,Female,28,2,203,0
Blue One L,Adamawa,Female,24,2,62,1
Blue One L,Adamawa,Male,29,2,132,1
Blue One L,Adamawa,Female,31,0,123,1
Blue One L,Centre,Male,25,0,192,1
Blue One L,Centre,Male,27,3,196,0
Blue One L,Centre,Male,27,2,63,1
Blue One L,Littoral,Female,25,0,162,1
Blue One L,Far North,Male,29,0,135,1
Blue One L,Far North,Male,25,0,121,1
Blue One L,South,Female,28,2,84,1
Blue One L,South,Male,27,0,102,1
Blue One L,North,Male,29,2,165,1
Blue One M,Far North,Male,22,2,131,1
Blue One M,Littoral,Female,25,3,156,0
Blue One M,West,Female,24,2,104,1
Blue One M,East,Male,26,3,144,0
Blue One M,North,Female,25,2,147,0
Blue One M,Littoral,Female,31,2,83,1
Blue One M,North,Male,25,2,118,1
Blue One M,South,Male,25,3,147,0
Blue One M,East,Female,26,0,69,1
Blue One M,South,Male,31,2,147,0
Blue One M,Far North,Female,31,0,141,1
Blue One M,Far North,Male,27,3,118,0
Blue One M,South,Female,30,3,144,0
Blue One M,South,Female,29,0,70,1
Blue One M,Far North,Male,25,3,149,0
Blue One M,Centre,Male,24,0,62,1
Blue One M,West,Male,24,3,110,0
Blue One M,Adamawa,Female,27,0,104,1
Blue One M,East,Female,23,2,116,0
Blue One M,Adamawa,Female,29,2,101,1
Blue One M,Adamawa,Female,25,2,103,1
Blue One M,East,Female,23,2,125,1
Blue One M,Centre,Female,25,3,124,0
Blue One M,East,Female,26,0,77,1
Blue One M,Littoral,Female,25,2,130,0
Blue One M,Centre,Male,23,2,122,0
Blue One M,Centre,Male,24,2,67,1
Blue One M,West,Female,30,3,138,0
Blue One M,South,Male,23,2,66,1
Blue One M,West,Female,25,3,143,0
Blue One M,Far North,Male,23,2,69,1
Blue One M,North West,Male,21,2,142,0
Blue One M,Littoral,Female,22,3,144,0
Blue One M,Adamawa,Female,25,0,61,1
Blue One L,Adamawa,Male,27,2,190,0
Blue One L,South,Female,25,2,97,1
Blue One L,North,Male,24,3,185,0
Blue One L,South,Male,29,2,183,0
Blue One L,West,Male,19,2,166,0
Blue One L,Adamawa,Male,25,2,141,1
Blue One L,South,Female,27,2,72,1
Blue One M,South,Male,25,2,124,1
Blue One L,Littoral,Female,26,3,182,0
Blue One L,West,Male,28,2,133,1
Blue One L,Littoral,Female,28,2,84,1
Blue One L,West,Female,23,2,92,1
Blue One M,North,Male,26,3,161,0
Blue One L,West,Female,24,2,154,1
Blue One L,West,Female,25,3,175,0
Blue One L,North West,Female,29,2,141,1
Blue One L,South West,Male,31,0,93,1
Blue One M,East,Female,20,0,74,1
Blue One M,Far North,Male,28,0,114,1
Blue One M,South,Female,20,2,77,0
Blue One M,East,Female,28,3,151,0
Blue One L,Littoral,Female,27,3,179,0
Blue One M,North West,Female,28,2,83,1
Blue One L,South,Female,29,2,165,0
Blue One M,North West,Male,26,2,161,0
Blue One M,Adamawa,Female,20,2,67,1
Blue One L,East,Female,21,0,87,1
Blue One M,South,Male,23,0,70,1
Blue One M,Centre,Male,25,2,156,0
Blue One M,West,Male,25,2,155,1
Blue One L,Littoral,Female,29,2,171,0
Blue One L,Centre,Female,25,0,82,1
Blue One M,East,Female,26,0,91,1
Blue One L,Far North,Male,26,0,160,1
Blue One L,Far North,Male,24,2,62,1
Blue One S,South,Male,21,2,31,0
Blue One L,North West,Male,27,2,171,0
Blue One L,North,Female,28,3,196,0
Blue One L,West,Male,24,2,181,0
Blue One L,South West,Male,33,2,64,1
Blue One M,East,Female,26,2,130,0
Blue One L,South,Female,30,0,81,1
Blue One L,North,Female,30,2,87,1
Blue One L,Adamawa,Female,22,2,125,1
Blue One L,North West,Female,30,0,184,1
Blue One M,North West,Male,26,2,146,0
Blue One L,North,Male,23,0,169,1
Blue One M,Adamawa,Male,25,2,67,1
Blue One L,North,Male,28,0,75,1
Blue One L,West,Male,27,3,178,0
Blue One M,North,Male,22,2,137,0
Blue One L,North West,Male,23,0,63,1
Blue One M,North West,Male,24,3,150,0
Blue One M,Far North,Male,28,2,150,0
Blue One L,East,Male,23,2,175,0
Blue One L,Adamawa,Male,27,2,187,0
Blue One L,South,Female,24,2,186,0
Blue One L,Far North,Female,21,0,180,1
Blue One L,Centre,Female,27,2,61,1
Blue One L,Centre,Male,19,3,187,0
Blue One L,South West,Male,32,2,189,0
Blue One M,Far North,Female,24,3,162,0
Blue One L,Far North,Male,27,0,91,1
Blue One L,North,Female,26,3,185,0
Blue One L,South West,Male,25,0,165,1
Blue One M,Far North,Male,23,3,111,0
Blue One S,South,Male,27,2,61,0
Blue One M,Adamawa,Male,27,3,82,0
Blue One M,North West,Female,28,2,111,1
Blue One M,East,Male,23,2,111,0
Blue One M,East,Male,29,2,108,0
Blue One M,South,Male,26,2,118,0
Blue One M,North West,Female,19,3,116,0
Blue One M,Littoral,Male,25,2,115,0
Blue One M,South,Male,26,2,80,1
Blue One M,Littoral,Male,23,3,111,0
Blue One M,Adamawa,Female,25,2,139,1
Blue One M,East,Male,28,3,160,0
Blue One M,East,Female,26,2,137,0
Blue One M,Littoral,Male,24,0,89,1
Blue One M,Centre,Male,21,2,151,0
Blue One M,North West,Male,27,2,100,1
Blue One M,South,Male,25,3,158,0
Blue One M,South West,Male,25,2,147,1
Blue One M,Centre,Female,22,3,154,0
Blue One M,East,Female,29,2,140,0
Blue One M,South West,Male,25,2,143,1
Blue One M,Centre,Female,26,2,99,1
Blue One L,South,Male,26,2,179,0
Blue One L,Adamawa,Male,29,0,123,1
Blue One M,Far North,Male,25,3,126,0
Blue One L,North West,Male,24,0,151,1
Blue One L,North,Male,26,0,115,1
Blue One L,North,Female,30,0,63,1
Blue One L,North,Male,27,0,63,1
Blue One L,South,Female,22,3,175,0
Blue One L,South,Male,29,2,173,0
Blue One L,South,Male,26,2,62,1
Blue One M,Far North,Female,26,2,136,0
Blue One M,West,Female,24,3,137,0
Blue One M,East,Male,20,2,134,0
Blue One M,Littoral,Male,27,3,129,0
Blue One M,East,Male,29,2,95,1
Blue One M,West,Female,25,0,110,1
Blue One M,North,Female,17,2,132,0
Blue One M,South,Male,24,2,103,1
Blue One M,West,Female,25,0,115,1
Blue One M,North West,Female,21,2,117,0
Blue One M,South,Male,24,3,95,0
Blue One M,East,Female,20,0,91,1
Blue One M,South West,Female,24,2,119,0
Blue One M,South West,Female,24,3,157,0
Blue One M,Centre,Female,26,0,133,1
Blue One M,North,Male,25,2,117,1
Blue One M,North West,Female,19,2,103,1
Blue One M,Far North,Male,21,2,135,0
Blue One M,West,Male,27,0,99,1
Blue One M,South,Female,22,2,125,1
Blue One M,North West,Male,27,2,143,0
Blue One M,Centre,Female,26,2,143,0
Blue One M,East,Female,27,3,135,0
Blue One M,Littoral,Male,29,3,136,0
Blue One M,West,Female,21,3,146,0
Blue One M,Littoral,Female,28,3,125,0
Blue One S,Centre,Female,23,1,30,0
Blue One S,East,Male,21,2,31,0
Blue One S,North,Female,24,1,34,0
Blue One M,West,Male,22,3,152,0
Blue One M,Centre,Female,22,2,91,1
Blue One S,Adamawa,Male,21,1,26,0
Blue One M,South,Female,21,2,102,1
Blue One M,South,Female,21,0,122,1
Blue One M,South West,Female,26,2,158,0
Blue One M,North West,Female,27,0,64,1
Blue One M,Far North,Male,24,2,153,0
Blue One M,North West,Male,29,2,146,1
Blue One M,West,Male,27,2,106,1
Blue One M,North West,Female,20,2,108,0
Blue One L,Far North,Female,26,0,165,1
Blue One L,South West,Male,24,2,142,1
Blue One M,West,Male,27,3,145,0
Blue One L,South West,Male,22,0,124,1
Blue One L,Far North,Female,27,2,169,0
Blue One L,East,Female,33,2,158,1
Blue One L,Littoral,Female,23,2,172,1
Blue One L,Centre,Female,29,0,79,1
Blue One L,Littoral,Male,33,2,184,0
Blue One L,Far North,Female,23,2,182,0
Blue One L,Adamawa,Male,24,0,173,1
Blue One L,Centre,Female,24,2,181,0
Blue One M,South,Female,26,2,157,0
Blue One M,Littoral,Female,21,2,157,0
Blue One L,Centre,Male,30,0,155,1
Blue One M,Far North,Male,24,2,82,1
Blue One L,North,Female,28,0,142,1
Blue One L,South West,Male,24,2,94,1
Blue One L,Far North,Male,29,2,162,1
Blue One L,Littoral,Male,25,2,68,1
Blue One L,Centre,Male,31,2,80,1
Blue One L,West,Female,26,2,181,0
Blue One L,East,Male,26,0,72,1
Blue One L,South West,Male,24,0,143,1
Blue One L,South,Male,33,2,98,1
Blue One L,Littoral,Female,17,3,179,0
Blue One L,South,Female,28,2,178,0
Blue One L,North,Male,28,2,72,1
Blue One L,Far North,Male,30,2,108,1
Blue One L,West,Male,26,2,166,0
Blue One L,North West,Female,24,0,63,1
Blue One L,Adamawa,Female,26,2,76,1
Blue One L,East,Male,24,2,89,1
Blue One M,Adamawa,Male,25,2,146,0
Blue One L,East,Female,21,0,64,1
Blue One L,Littoral,Male,29,2,167,0
Blue One M,East,Female,23,3,138,0
Blue One L,Adamawa,Male,27,0,64,1
Blue One L,Far North,Male,33,3,171,0
Blue One L,Centre,Male,24,3,166,0
Blue One M,South West,Female,24,2,163,0
Blue One L,East,Male,32,2,171,0
Blue One L,East,Female,21,0,157,1
Blue One L,Adamawa,Male,26,2,172,0
Blue One L,North West,Male,30,3,171,0
Blue One L,Centre,Male,22,2,166,0
Blue One L,Littoral,Male,25,3,168,0
Blue One L,North West,Female,27,0,128,1
Blue One L,North West,Female,30,2,94,1
Blue One M,Littoral,Female,26,2,164,0
Blue One L,West,Female,27,0,140,1
Blue One L,South,Female,19,0,84,1
Blue One L,Centre,Female,29,2,173,0
Blue One L,Centre,Female,26,3,173,0
Blue One L,South,Male,27,2,88,1
Blue One L,South West,Male,26,2,86,1
Blue One L,Adamawa,Male,27,0,96,1
Blue One L,West,Female,26,0,148,1
Blue One L,West,Female,24,3,168,0
Blue One M,South,Male,25,2,159,0
Blue One M,Adamawa,Male,28,2,116,0
Blue One L,Centre,Female,25,2,112,1
Blue One M,South,Male,24,2,150,1
Blue One M,North West,Female,26,0,95,1
Blue One L,Centre,Female,26,3,170,0
Blue One L,South West,Female,26,2,139,1
Blue One M,Centre,Male,29,2,158,1
Blue One M,Littoral,Female,26,3,161,0
Blue One L,South West,Male,24,2,173,0
Blue One L,Adamawa,Male,23,0,63,1
Blue One L,Littoral,Male,25,2,139,1
Blue One L,South,Female,26,2,80,1
Blue One M,East,Male,30,0,71,1
Blue One L,Littoral,Female,30,2,172,0
Blue One L,Littoral,Female,24,3,172,0
Blue One M,Far North,Female,29,0,89,1
Blue One M,South West,Male,22,3,160,0
Blue One M,South,Male,29,0,92,1
Blue One M,South West,Female,31,2,98,1
Blue One M,South West,Female,26,2,164,0
Blue One M,South West,Female,31,2,159,0
Blue One M,South,Female,27,0,88,1
Blue One M,South,Male,23,0,95,1
Blue One M,West,Male,21,2,103,1
Blue One M,Centre,Female,24,0,148,1
Blue One S,South West,Female,20,1,48,0
Blue One M,East,Male,22,2,160,0
Blue One L,Centre,Male,25,0,109,1
Blue One L,North,Male,23,0,164,1
Blue One M,North West,Female,24,2,161,0
Blue One S,South West,Female,17,2,35,0
Blue One L,South West,Female,27,0,105,1
Blue One M,Centre,Female,30,0,81,1
Blue One M,North West,Male,26,3,150,0
Blue One M,Centre,Female,26,2,163,0
Blue One M,West,Female,26,2,162,0
Blue One L,Far North,Male,25,2,94,1
Blue One M,South,Male,23,2,163,0
Blue One M,Far North,Male,26,0,96,1
Blue One L,North West,Male,33,2,172,0
Blue One L,East,Female,24,3,170,0
Blue One M,Centre,Female,24,3,162,0
Blue One L,Littoral,Female,27,0,126,1
Blue One L,Littoral,Male,23,0,113,1
Blue One M,West,Female,27,2,116,1
Blue One M,North,Male,20,3,155,0
Blue One M,South West,Male,24,0,80,1
Blue One L,Littoral,Female,27,3,180,0
Blue One L,South West,Male,29,2,85,1
Blue One L,North West,Female,28,2,174,1
Blue One L,Adamawa,Male,26,2,63,1
Blue One M,South West,Female,21,2,84,1
Blue One L,Centre,Female,27,2,179,0
Blue One L,Adamawa,Female,29,2,155,1
Blue One L,South West,Male,24,3,179,0
Blue One M,North West,Male,22,2,99,0
Blue One M,Adamawa,Male,27,2,121,1
Blue One L,South,Female,28,2,172,1
Blue One L,North,Female,25,2,101,1
Blue One L,West,Male,21,0,124,1
Blue One L,Far North,Male,27,2,120,1
Blue One L,Far North,Male,25,3,172,0
Blue One L,West,Male,21,2,171,1
Blue One L,South,Female,32,0,74,1
Blue One L,South West,Female,25,2,88,1
Blue One L,Littoral,Male,18,2,170,0
Blue One L,West,Male,25,3,170,0
Blue One L,East,Male,22,2,148,1
Blue One L,Adamawa,Male,26,2,173,0
Blue One L,Littoral,Female,22,0,72,1
Blue One L,Centre,Male,27,0,113,1
Blue One L,Centre,Male,30,3,173,0
Blue One L,West,Male,23,3,175,0
Blue One L,Centre,Male,22,0,72,1
Blue One L,West,Male,28,0,109,1
Blue One M,Far North,Male,23,2,160,0
Blue One M,East,Female,23,3,160,0
Blue One M,South West,Male,30,3,151,0
Blue One L,North,Male,31,3,165,0
Blue One L,South West,Female,22,0,87,1
Blue One L,Adamawa,Male,29,0,114,1
Blue One M,North West,Female,22,2,147,0
Blue One L,South West,Male,25,0,157,1
Blue One M,West,Female,29,3,133,0
Blue One L,Far North,Male,32,3,176,0
Blue One M,Far North,Male,29,3,157,0
Blue One L,East,Male,25,2,177,0
Blue One M,Far North,Male,25,3,161,0
Blue One L,Centre,Female,24,3,165,0
Blue One L,Adamawa,Male,26,3,188,0
Blue One L,Adamawa,Male,30,2,188,0
Blue One L,South West,Female,26,0,124,1
Blue One L,East,Female,31,3,185,0
Blue One L,South West,Female,30,2,120,1
Blue One M,South West,Male,29,0,121,1
Blue One L,South,Female,23,0,88,1
Blue One L,Littoral,Male,25,3,173,0
Blue One L,Littoral,Female,28,2,145,1
Blue One M,North,Male,26,2,149,0
Blue One M,Littoral,Female,23,2,90,1
Blue One M,North West,Female,21,3,155,0
Blue One M,Adamawa,Female,24,0,82,1
Blue One L,North West,Female,27,2,153,1
Blue One L,North West,Female,27,2,159,1
Blue One L,Littoral,Female,25,0,99,1
Blue One L,Far North,Male,23,3,185,0
Blue One M,North,Male,29,2,109,0
Blue One L,Far North,Male,32,2,118,1
Blue One L,South,Female,30,3,178,0
Blue One L,Littoral,Male,25,2,170,0
Blue One L,South,Male,28,0,148,1
Blue One L,Adamawa,Female,25,2,148,1
Blue One L,Littoral,Female,24,2,140,1
Blue One L,North West,Male,23,0,121,1
Blue One M,West,Male,24,3,158,0
Blue One L,North,Female,25,0,136,1
Blue One L,Littoral,Female,30,3,166,0
Blue One M,Littoral,Female,18,0,80,1
Blue One M,Far North,Female,25,2,123,1
Blue One M,East,Male,25,2,120,1
Blue One L,Centre,Male,25,3,174,0
Blue One L,South,Female,26,0,164,1
Blue One L,East,Male,25,3,176,0
Blue One M,East,Male,23,2,102,0
Blue One L,Far North,Male,17,2,161,1
Blue One M,South,Male,19,0,138,1
Blue One M,Centre,Female,29,2,158,1
Blue One L,North West,Female,28,2,66,1
Blue One M,Centre,Male,25,0,61,1
Blue One M,Littoral,Male,26,2,84,0
Blue One M,Far North,Male,22,2,153,1
Blue One M,East,Male,25,0,72,1
Blue One L,Far North,Male,27,0,91,1
Blue One L,West,Female,24,0,162,1
Blue One L,South,Female,32,3,164,0
Blue One L,Adamawa,Male,28,2,148,1
Blue One M,North West,Female,26,2,161,0
Blue One L,Littoral,Male,27,2,166,1
Blue One L,East,Female,31,3,175,0
Blue One M,Far North,Female,25,3,146,0
Blue One L,Adamawa,Female,27,2,154,1
Blue One L,North,Female,24,2,180,0
Blue One M,North,Male,25,0,107,1
Blue One L,Adamawa,Male,29,2,164,0
Blue One M,West,Female,26,2,84,1
Blue One M,West,Female,24,0,91,1
Blue One M,Far North,Male,28,2,76,1
Blue One M,Centre,Male,26,3,143,0
Blue One M,Adamawa,Male,24,3,142,0
Blue One M,South West,Male,24,2,64,1
Blue One M,East,Male,18,2,80,1
Blue One M,East,Male,24,2,73,1
Blue One M,South West,Male,29,2,110,0
Blue One M,North,Male,25,2,105,0
Blue One M,North West,Female,29,3,133,0
Blue One M,South West,Female,23,2,161,0
Blue One M,East,Female,24,0,118,1
Blue One M,North,Male,22,2,133,0
Blue One M,East,Female,27,2,126,1
Blue One M,East,Male,26,0,134,1
Blue One M,Centre,Male,26,3,161,0
Blue One M,South,Male,25,3,156,0
Blue One M,South West,Male,25,3,152,0
Blue One M,North,Male,23,2,130,1
Blue One M,West,Female,26,2,161,0
Blue One M,Littoral,Female,22,2,65,1
Blue One M,East,Male,25,3,159,0
Blue One M,Far North,Male,21,2,154,0
Blue One M,Far North,Male,26,2,157,0
Blue One M,West,Female,29,3,154,0
Blue One M,Littoral,Female,27,0,94,1
Blue One M,West,Female,25,0,92,1
Blue One M,South West,Female,26,2,80,1
Blue One M,Littoral,Female,21,2,149,0
Blue One M,Adamawa,Male,31,2,143,0
Blue One M,Adamawa,Female,28,0,144,1
Blue One M,Adamawa,Female,26,2,79,1
Blue One M,Littoral,Male,27,2,139,0
Blue One M,East,Female,24,0,91,1
Blue One M,West,Male,28,3,145,0
Blue One L,Adamawa,Male,28,3,174,0
Blue One M,Centre,Male,25,3,147,0
Blue One L,Adamawa,Male,27,2,165,0
Blue One M,South,Female,31,2,156,0
Blue One M,West,Male,17,2,109,0
Blue One M,East,Male,22,0,72,1
Blue One M,South,Male,26,2,61,1
Blue One M,North,Male,27,2,154,0
Blue One M,Littoral,Female,23,0,83,1
Blue One M,South West,Male,29,2,91,1
Blue One L,South West,Male,18,3,168,0
Blue One M,North West,Male,29,3,125,0
Blue One M,North West,Male,26,0,116,1
Blue One M,West,Male,27,2,98,1
Blue One M,Centre,Male,21,0,72,1
Blue One M,Centre,Male,29,2,147,0
Blue One M,South,Female,27,2,86,1
Blue One M,South,Male,25,2,126,1
Blue One M,North,Male,20,2,95,0
Blue One M,North,Male,24,3,154,0
Blue One M,South West,Female,24,2,79,1
Blue One M,West,Male,30,2,154,0
Blue One M,Adamawa,Male,26,2,139,0
Blue One L,East,Male,27,2,87,1
Blue One M,South,Female,23,2,101,1
Blue One M,South West,Male,28,0,96,1
Blue One M,West,Male,19,2,118,0
Blue One S,North West,Female,18,2,18,0
Blue One M,Littoral,Female,25,2,90,1
Blue One L,South West,Female,25,2,61,1
Blue One M,South West,Male,28,0,85,1
Blue One M,South,Male,27,2,130,1
Blue One M,South,Male,25,2,158,0
Blue One M,West,Female,23,2,111,1
Blue One L,Centre,Male,25,2,172,0
Blue One M,Far North,Male,21,3,89,0
Blue One M,West,Male,29,3,110,0
Blue One M,South,Female,25,0,62,1
Blue One M,North,Male,25,2,96,0
Blue One S,Littoral,Female,20,2,42,0
Blue One M,Adamawa,Female,25,0,66,1
Blue One M,North West,Male,28,0,87,1
Blue One M,South West,Male,23,3,127,0
Blue One M,West,Male,25,0,94,1
Blue One M,Littoral,Male,23,0,115,1
Blue One M,South West,Male,27,2,62,1
Blue One M,Adamawa,Female,27,0,108,1
Blue One M,West,Female,26,2,84,1
Blue One M,Littoral,Female,25,2,63,1
Blue One S,East,Female,24,2,55,0
Blue One M,West,Female,30,2,79,0
Blue One S,North,Male,27,2,55,0
Blue One S,East,Female,23,1,53,0
Blue One M,Centre,Female,22,3,82,0
Blue One M,Adamawa,Male,25,3,77,0
Blue One S,Adamawa,Male,21,2,40,0
Blue One S,Centre,Female,26,2,42,0
Blue One S,East,Male,27,2,59,0
Blue One M,East,Male,28,2,90,1
Blue One M,West,Female,26,3,151,0
Blue One M,South West,Female,27,2,125,1
Blue One M,Far North,Male,28,0,119,1
Blue One M,Littoral,Female,27,3,136,0
Blue One M,North,Male,22,3,76,0
Blue One L,West,Female,28,0,90,1
Blue One M,East,Female,24,0,93,1
Blue One M,East,Male,28,0,128,1
Blue One M,South West,Female,22,3,151,0
Blue One M,Adamawa,Male,26,2,137,0
Blue One M,Adamawa,Female,25,2,96,1
Blue One M,North,Female,29,0,69,1
Blue One M,Adamawa,Female,28,2,84,1
Blue One L,South,Male,30,2,171,0
Blue One L,East,Female,25,2,162,1
Blue One M,Adamawa,Female,26,3,108,0
Blue One M,Adamawa,Female,25,0,63,1
Blue One M,East,Male,26,2,63,1
Blue One M,North West,Female,25,2,139,0
Blue One S,Adamawa,Male,20,1,55,0
Blue One M,South,Female,28,3,145,0
Blue One M,Adamawa,Male,26,3,144,0
Blue One M,North West,Male,22,3,140,0
Blue One M,Littoral,Female,21,2,64,1
Blue One M,South,Female,22,2,144,1
Blue One M,North,Male,26,3,140,0
Blue One M,Adamawa,Male,24,0,95,1
Blue One M,South West,Male,30,0,76,1
Blue One M,North West,Male,27,0,129,1
Blue One M,East,Male,26,2,63,1
Blue One M,South,Male,28,3,139,0
Blue One M,West,Male,27,2,92,1
Blue One M,South West,Female,26,3,150,0
Blue One M,South,Male,20,2,150,0
Blue One M,South,Female,23,2,150,0
Blue One M,South West,Male,27,3,147,0
Blue One M,West,Female,29,2,144,0
Blue One M,South,Male,24,3,141,0
Blue One M,North West,Female,24,3,133,0
Blue One M,South West,Female,26,3,137,0
Blue One M,South West,Male,24,0,107,1
Blue One M,Centre,Female,32,2,151,0
Blue One M,North West,Male,24,2,88,1
Blue One M,North,Male,21,2,149,0
Blue One M,South,Female,31,2,147,0
Blue One M,South,Male,29,2,140,0
Blue One M,West,Female,22,0,104,1
Blue One M,North,Male,26,3,143,0
Blue One M,South West,Male,27,2,109,1
Blue One M,Littoral,Female,27,3,145,0
Blue One M,Far North,Male,22,3,123,0
Blue One M,Far North,Male,26,2,146,0
Blue One M,Littoral,Female,33,2,62,1
Blue One M,North West,Female,25,2,153,0
Blue One M,Littoral,Male,25,0,109,1
Blue One M,Littoral,Male,22,3,151,0
Blue One M,Centre,Female,30,2,99,1
Blue One M,South West,Male,28,3,152,0
Blue One M,Far North,Male,23,3,150,0
Blue One M,South West,Female,22,3,126,0
Blue One M,Far North,Male,26,2,77,1
Blue One M,Littoral,Female,25,0,88,1
Blue One M,Far North,Male,26,2,111,0
Blue One M,East,Female,23,2,110,0
Blue One M,Centre,Female,24,2,103,0
Blue One M,Centre,Female,26,2,107,0
Blue One M,Littoral,Female,24,0,63,1
Blue One M,Littoral,Male,28,0,109,1
Blue One M,North West,Male,25,2,108,1
Blue One M,Adamawa,Male,25,0,121,1
Blue One M,East,Male,27,2,118,0
Blue One M,South West,Male,21,2,118,1
Blue One M,Littoral,Male,22,0,90,1
Blue One M,Adamawa,Female,33,2,129,0
Blue One M,Littoral,Female,23,3,122,0
Blue One M,Adamawa,Male,22,0,113,1
Blue One M,North West,Male,23,3,122,0
Blue One M,Far North,Male,20,0,63,1
Blue One M,Littoral,Male,25,3,123,0
Blue One S,Centre,Male,21,2,59,0
Blue One S,Far North,Male,17,2,66,0
Blue One S,South West,Female,23,2,36,0
Blue One S,West,Female,17,2,48,0
Blue One S,Far North,Female,25,1,48,0
Blue One S,South,Male,21,2,48,0
Blue One S,Littoral,Male,19,1,41,0
Blue One M,North,Male,21,3,125,0
Blue One M,South West,Male,22,2,118,0
Blue One M,East,Male,24,2,151,0
Blue One M,North,Male,25,3,153,0
Blue One M,Littoral,Female,27,2,123,1
Blue One M,Far North,Male,27,2,93,1
Blue One M,North West,Female,22,0,113,1
Blue One M,North,Male,27,3,147,0
Blue One M,West,Female,23,2,152,0
Blue One M,West,Female,19,2,131,1
Blue One M,Adamawa,Female,28,0,70,1
Blue One M,Far North,Female,22,2,144,0
Blue One M,Far North,Male,23,3,118,0
Blue One M,Littoral,Female,22,2,124,0
Blue One S,North West,Male,22,1,53,0
Blue One M,East,Male,25,0,62,1
Blue One M,Far North,Male,27,2,149,0
Blue One M,East,Female,25,3,159,0
Blue One M,South West,Male,22,2,160,0
Blue One M,East,Male,29,2,144,0
Blue One M,North,Female,25,0,61,1
Blue One M,Far North,Male,28,2,97,1
Blue One M,North West,Male,28,0,71,1
Blue One M,East,Male,21,2,160,0
Blue One M,Adamawa,Male,28,3,157,0
Blue One M,South West,Female,32,2,87,1
Blue One M,Littoral,Female,25,0,124,1
Blue One M,West,Male,24,2,127,1
Blue One M,Far North,Male,25,3,159,0
Blue One M,East,Female,20,2,109,1
Blue One M,East,Male,33,3,158,0
Blue One M,East,Male,27,0,97,1
Blue One M,Littoral,Male,28,2,151,0
Blue One M,East,Female,25,2,78,1
Blue One M,Adamawa,Female,29,2,131,1
Blue One M,South,Female,25,2,126,1
Blue One M,North,Female,24,2,63,1
Blue One M,North West,Female,30,0,63,1
Blue One M,West,Female,23,2,146,0
Blue One M,South,Female,27,2,147,0
Blue One M,South West,Male,23,2,95,1
Blue One M,North West,Female,30,3,148,0
Blue One M,West,Male,25,0,70,1
Blue One M,East,Female,26,2,92,1
Blue One M,Centre,Female,18,2,138,1
Blue One M,North,Male,28,2,74,1
Blue One M,Centre,Male,26,0,132,1
Blue One M,West,Male,29,3,138,0
Blue One M,East,Male,27,3,145,0
Blue One M,Littoral,Male,27,0,81,1
Blue One M,South,Male,24,2,133,0
Blue One M,South West,Female,26,0,120,1
Blue One M,Far North,Male,30,2,139,0
Blue One M,North West,Male,28,2,136,0
Blue One M,North West,Male,27,0,123,1
Blue One M,North,Female,27,3,138,0
Blue One M,Adamawa,Male,20,0,83,1
Blue One M,Far North,Male,29,2,71,1
Blue One M,Far North,Male,22,2,79,1
Blue One M,East,Male,28,0,113,1
Blue One M,Far North,Male,33,0,63,1
Blue One M,Centre,Female,19,2,91,1
Blue One M,South West,Female,26,3,123,0
Blue One M,South,Male,27,3,129,0
Blue One M,North West,Male,19,3,126,0
Blue One M,Far North,Male,29,2,105,1
Blue One M,Adamawa,Male,20,3,116,0
Blue One M,East,Female,28,2,116,0
Blue One M,East,Male,20,2,98,0
Blue One M,North West,Female,26,3,124,0
Blue One M,Centre,Male,23,0,121,1
Blue One M,Far North,Female,20,2,117,0
Blue One M,South West,Male,23,2,70,1
Blue One M,Centre,Female,28,3,123,0
Blue One M,South West,Male,22,0,89,1
Blue One M,East,Male,25,3,122,0
Blue One M,West,Male,21,2,81,0
Blue One M,North West,Female,24,2,126,1
Blue One M,Adamawa,Male,26,0,142,1
Blue One M,Adamawa,Male,26,0,96,1
Blue One M,Adamawa,Male,26,2,72,1
Blue One L,Adamawa,Female,29,2,66,1
Blue One M,Far North,Male,18,3,135,0
Blue One L,Far North,Male,27,2,171,0
Blue One L,South West,Male,28,2,85,1
Blue One L,North West,Female,30,0,84,1
Blue One M,South,Female,25,0,130,1
Blue One S,Far North,Female,22,2,6,0
Blue One M,North,Male,22,3,152,0
Blue One M,West,Male,32,2,62,1
Blue One M,Littoral,Male,29,2,65,1
Blue One M,South,Female,26,3,149,0
Blue One M,Centre,Female,24,3,161,0
Blue One M,West,Female,28,3,151,0
Blue One M,North,Male,27,3,147,0
Blue One M,East,Male,31,2,63,1
Blue One M,Far North,Male,25,2,71,1
Blue One M,East,Female,24,2,89,1
Blue One M,North West,Female,26,0,70,1
Blue One M,Far North,Female,25,2,64,1
Blue One M,Centre,Male,25,2,142,0
Blue One M,Far North,Male,23,0,69,1
Blue One M,West,Male,19,2,61,1
Blue One M,East,Female,24,2,65,1
Blue One M,West,Female,26,2,93,1
Blue One M,South West,Male,29,0,110,1
Blue One M,East,Male,31,2,63,1
Blue One M,North West,Female,19,2,83,0
Blue One M,Far North,Male,27,2,85,1
Blue One M,Adamawa,Female,20,3,130,0
Blue One M,North,Male,27,0,66,1
Blue One M,South West,Male,19,0,123,1
Blue One M,Centre,Male,24,2,63,1
Blue One M,Centre,Female,29,3,132,0
Blue One M,North,Male,26,3,137,0
Blue One M,Adamawa,Male,21,2,95,1
Blue One M,North,Female,20,2,97,1
Blue One M,South,Female,22,2,96,1
Blue One S,East,Female,26,2,40,0
Blue One S,Centre,Female,22,2,13,0
Blue One S,South West,Female,22,2,11,0
Blue One M,Far North,Female,27,3,98,0
Blue One M,South,Female,23,0,73,1
Blue One M,Littoral,Female,23,2,125,0
Blue One M,Centre,Female,25,2,113,1
Blue One M,North West,Female,25,3,126,0
Blue One M,Far North,Male,26,3,128,0
Blue One M,Centre,Male,22,0,106,1
Blue One M,North West,Female,27,0,88,1
Blue One M,South West,Male,23,2,119,0
Blue One M,South West,Female,28,2,122,0
Blue One M,West,Male,26,3,122,0
Blue One M,North,Male,24,0,69,1
Blue One M,Far North,Female,24,2,117,0
Blue One M,Adamawa,Male,26,2,65,1
Blue One M,East,Male,23,2,115,0
Blue One M,Adamawa,Male,21,3,84,0
Blue One M,West,Female,22,0,64,1
Blue One M,West,Female,20,0,109,1
Blue One M,South,Female,23,0,64,1
Blue One M,North West,Female,23,3,128,0
Blue One M,North West,Female,23,2,131,0
Blue One M,West,Male,24,2,87,0
Blue One S,South,Male,23,2,61,0
Blue One S,Far North,Male,23,1,60,0
Blue One S,Far North,Female,23,1,56,0
Blue One M,West,Male,22,0,84,1
Blue One M,Far North,Male,27,2,150,0
Blue One L,North West,Male,30,3,168,0
Blue One M,North West,Male,23,3,138,0
Blue One M,Adamawa,Female,30,3,160,0
Blue One M,West,Female,21,2,154,0
Blue One M,North,Female,24,3,145,0
Blue One M,Far North,Female,27,2,132,0
Blue One L,North,Male,25,3,173,0
Blue One M,South,Male,22,3,94,0
Blue One M,East,Female,27,2,83,1
Blue One M,South West,Male,23,3,106,0
Blue One S,West,Male,25,2,57,0
Blue One S,Littoral,Female,25,1,53,0
Blue One M,Adamawa,Female,22,2,89,0
Blue One M,West,Male,27,0,69,1
Blue One M,North West,Female,21,0,87,1
Blue One M,West,Female,26,2,109,0
Blue One M,Far North,Female,27,2,117,0
Blue One M,South,Male,20,0,99,1
Blue One M,North,Male,28,2,111,0
Blue One M,Centre,Male,24,0,105,1
Blue One M,North,Male,22,2,113,0
Blue One M,East,Female,23,3,105,0
Blue One S,South West,Female,24,2,54,0
Blue One M,North,Female,20,2,62,1
Blue One S,Littoral,Male,17,2,62,0
Blue One S,South,Male,29,1,31,0
Blue One M,Adamawa,Male,26,2,62,1
Blue One M,South,Male,24,2,105,0
Blue One M,Adamawa,Male,26,2,109,0
Blue One M,Far North,Male,24,3,108,0
Blue One M,North,Male,23,2,101,0
Blue One M,North,Male,24,2,102,0
Blue One M,Centre,Male,22,2,85,1
Blue One M,East,Male,23,2,101,0
Blue One M,Far North,Male,23,3,105,0
Blue One M,North,Male,21,3,91,0
Blue One M,Centre,Female,21,0,73,1
Blue One M,Littoral,Male,21,0,99,1
Blue One M,Littoral,Male,21,3,78,0
Blue One M,North,Male,23,2,128,0
Blue One M,Centre,Female,21,2,102,1
Blue One M,North West,Male,20,0,129,1
Blue One M,South West,Female,28,2,121,0
Blue One M,Centre,Male,25,2,100,1
Blue One M,West,Female,22,2,71,1
Blue One M,Centre,Female,23,2,122,0
Blue One M,Centre,Male,24,0,102,1
Blue One M,West,Male,31,3,96,0
Blue One M,East,Male,22,2,97,0
Blue One M,South,Female,22,2,77,0
Blue One M,East,Male,21,3,101,0
Blue One M,Adamawa,Male,25,2,96,0
Blue One M,East,Female,21,2,100,0
Blue One M,North West,Male,26,2,62,1
Blue One M,Centre,Male,21,3,81,0
Blue One M,Far North,Male,21,2,81,0
Blue One M,South West,Male,21,2,81,0
Blue One M,East,Female,27,3,84,0
Blue One M,East,Female,21,2,74,1
Blue One M,East,Male,26,0,78,1
Blue One M,South West,Female,23,3,95,0
Blue One M,North,Female,26,3,94,0
Blue One M,Adamawa,Male,21,2,90,1
Blue One M,South,Female,25,2,81,0
Blue One M,West,Female,20,2,77,0
Blue One M,South West,Female,23,2,86,0
Blue One S,Adamawa,Female,20,1,4,0
Blue One M,Adamawa,Male,21,3,82,0
Blue One S,Littoral,Male,17,1,34,0
Blue One M,South West,Male,24,3,110,0
Blue One S,Centre,Female,19,1,20,0
Blue One S,South,Male,17,2,30,0
Blue One S,North West,Male,23,1,56,0
Blue One M,North,Female,29,3,74,0
Blue One S,Centre,Female,20,2,46,0
Blue One S,Adamawa,Female,17,2,56,0
Blue One S,North,Female,23,1,53,0
Blue One S,Adamawa,Female,23,2,41,0
Blue One S,Littoral,Female,19,1,56,0
Blue One S,South,Male,25,1,53,0
Blue One S,Adamawa,Female,26,1,48,0
Blue One S,Adamawa,Male,18,2,17,0
Blue One S,Far North,Male,25,2,42,0
Blue One S,West,Male,19,1,26,0
Blue One M,Far North,Female,23,3,83,0
Blue One M,Far North,Female,24,2,151,0
Blue One M,Adamawa,Male,25,3,149,0
Blue One M,Littoral,Female,21,3,150,0
Blue One M,West,Male,27,0,61,1
Blue One M,South West,Female,23,2,146,0
Blue One M,South,Female,24,0,114,1
Blue One M,Centre,Male,17,0,129,1
Blue One M,Far North,Male,26,3,139,0
Blue One M,North West,Female,19,3,132,0
Blue One M,West,Male,23,2,133,0
Blue One M,Littoral,Female,24,2,126,1
Blue One M,Littoral,Female,20,3,134,0
Blue One M,Centre,Male,20,3,124,0
Blue One M,South West,Male,25,2,126,0
Blue One M,West,Male,21,2,104,1
Blue One M,North West,Male,25,2,65,1
Blue One M,Adamawa,Male,25,3,147,0
Blue One M,South,Male,27,2,113,1
Blue One M,Littoral,Male,28,0,147,1
Blue One M,South West,Female,30,2,146,0
Blue One S,South West,Female,21,2,55,0
Blue One M,North,Male,27,3,142,0
Blue One M,Far North,Female,20,0,104,1
Blue One M,East,Female,26,0,81,1
Blue One M,West,Male,30,3,129,0
Blue One M,East,Male,17,3,131,0
Blue One M,East,Male,26,2,81,1
Blue One M,Adamawa,Male,23,2,101,1
Blue One M,Adamawa,Female,29,3,150,0
Blue One M,Adamawa,Female,33,3,150,0
Blue One M,South,Male,25,2,125,0
Blue One M,Centre,Female,25,2,134,0
Blue One M,Far North,Female,27,2,138,0
Blue One M,North,Male,19,3,140,0
Blue One M,North West,Female,24,2,152,0
Blue One M,South,Male,24,2,116,1
Blue One M,South West,Female,27,3,150,0
Blue One M,South,Male,25,2,140,1
Blue One M,East,Female,23,2,145,0
Blue One M,Adamawa,Female,23,3,143,0
Blue One M,South,Male,29,2,120,1
Blue One M,East,Female,24,2,136,0
Blue One M,South,Female,28,2,153,0
Blue One M,Far North,Male,24,0,105,1
Blue One M,Adamawa,Male,26,0,83,1
Blue One M,South,Male,29,2,146,1
Blue One M,Far North,Male,25,2,96,1
Blue One M,South West,Male,27,2,151,0
Blue One M,South West,Female,23,3,153,0
Blue One M,South West,Male,28,0,108,1
Blue One M,Littoral,Male,28,0,101,1
Blue One M,South,Female,26,0,77,1
Blue One M,South,Male,26,0,93,1
Blue One M,East,Female,29,2,151,0
Blue One M,North West,Male,20,2,149,1
Blue One M,Adamawa,Female,29,2,145,1
Blue One M,West,Male,23,0,63,1
Blue One M,Littoral,Female,22,3,147,0
Blue One M,Adamawa,Male,27,2,63,1
Blue One M,South,Male,26,0,63,1
Blue One M,South,Male,25,3,148,0
Blue One M,Far North,Female,26,2,145,0
Blue One M,Littoral,Female,26,2,143,0
Blue One M,Littoral,Male,26,2,120,1
Blue One M,South,Female,30,2,138,0
Blue One M,South,Male,27,0,93,1
Blue One M,North West,Male,23,0,101,1
Blue One M,South,Male,24,2,124,1
Blue One M,South,Female,20,0,112,1
Blue One M,Centre,Female,23,0,63,1
Blue One M,North West,Female,23,3,96,0
Blue One M,Littoral,Female,26,2,101,1
Blue One M,North,Male,25,3,125,0
Blue One M,West,Male,28,2,97,1
Blue One M,West,Male,25,2,127,1
Blue One M,North,Male,31,0,114,1
Blue One M,Centre,Female,26,2,63,1
Blue One M,East,Female,23,2,82,1
Blue One M,Adamawa,Male,26,2,101,1
Blue One M,South,Male,26,0,99,1
Blue One M,Adamawa,Female,30,2,135,0
Blue One M,North,Male,28,3,134,0
Blue One M,Far North,Female,29,3,131,0
Blue One M,Littoral,Male,22,2,131,0
Blue One M,South,Male,26,2,126,0
Blue One M,West,Female,19,2,91,1
Blue One M,Littoral,Male,27,2,81,1
Blue One M,Centre,Male,26,3,126,0
Blue One M,East,Male,21,2,78,1
Blue One M,North West,Female,26,0,129,1
Blue One M,Adamawa,Male,23,3,130,0
Blue One M,North West,Female,28,2,134,0
Blue One M,Littoral,Male,25,2,77,1
Blue One M,Centre,Female,25,2,123,0
Blue One M,North,Male,23,3,120,0
Blue One M,Littoral,Female,20,3,129,0
Blue One M,Adamawa,Female,27,2,126,0
Blue One M,North West,Female,28,3,150,0
Blue One M,Adamawa,Female,28,3,152,0
Blue One M,North,Male,23,2,99,0
Blue One M,South West,Female,26,3,151,0
Blue One M,North,Male,22,2,99,1
Blue One M,South,Male,29,2,77,1
Blue One M,South West,Female,20,2,130,1
Blue One M,East,Female,31,3,147,0
Blue One M,North,Female,21,0,107,1
Blue One M,West,Female,25,2,146,0
Blue One M,West,Male,24,0,119,1
Blue One M,South West,Male,23,2,141,0
Blue One M,East,Female,29,2,73,1
Blue One M,North,Male,23,2,99,0
Blue One M,South,Female,23,0,124,1
Blue One M,Centre,Female,27,3,146,0
Blue One M,Centre,Female,29,0,105,1
Blue One M,Centre,Male,23,0,72,1
Blue One M,North,Female,24,3,137,0
Blue One M,South,Female,25,0,97,1
Blue One M,West,Female,27,2,63,1
Blue One M,Far North,Male,24,2,83,1
Blue One M,Littoral,Female,27,3,130,0
Blue One M,Adamawa,Female,25,3,135,0
Blue One M,West,Female,29,3,137,0
Blue One M,West,Female,27,2,131,0
Blue One M,Adamawa,Male,23,0,88,1
Blue One M,South,Male,22,3,141,0
Blue One M,South West,Male,22,2,62,1
Blue One M,Far North,Male,29,3,142,0
Blue One M,Centre,Male,29,2,149,0
Blue One M,East,Male,27,0,75,1
Blue One M,East,Female,29,2,119,1
Blue One M,North,Male,26,2,63,1
Blue One M,East,Female,28,0,143,1
Blue One M,Far North,Male,29,3,149,0
Blue One M,North West,Male,24,3,143,0
Blue One M,West,Male,28,2,133,1
Blue One M,West,Male,25,0,72,1
Blue One M,West,Male,20,0,123,1
Blue One M,West,Male,21,3,126,0
Blue One M,North West,Female,26,0,129,1
Blue One M,Littoral,Female,29,2,77,1
Blue One M,East,Female,23,2,135,0
Blue One M,North,Female,21,2,128,1
Blue One M,South,Female,20,3,122,0
Blue One M,Littoral,Female,29,2,62,1
Blue One M,North,Male,27,3,141,0
Blue One M,North,Female,24,2,71,1
Blue One M,South West,Female,27,2,142,0
Blue One M,Littoral,Female,24,0,82,1
Blue One M,Far North,Male,25,3,126,0
Blue One M,North,Male,29,0,90,1
Blue One M,Littoral,Female,25,3,126,0
Blue One M,Far North,Male,25,0,101,1
Blue One M,Littoral,Female,26,0,85,1
Blue One M,Centre,Female,25,2,77,1
Blue One M,East,Female,25,0,84,1
Blue One M,Adamawa,Male,20,2,132,0
Blue One M,South,Male,22,2,104,1
Blue One M,East,Male,27,2,131,1
Blue One M,Far North,Female,22,2,125,1
Blue One M,Centre,Female,21,2,122,0
Blue One M,Adamawa,Female,21,2,95,1
Blue One S,South,Male,25,2,27,0
Blue One M,Littoral,Male,28,0,63,1
Blue One M,East,Female,28,2,65,1
Blue One M,South West,Female,19,2,109,0
Blue One M,West,Male,24,2,90,1
Blue One M,Centre,Female,25,2,98,0
Blue One M,Far North,Male,20,3,96,0
Blue One M,North,Male,24,0,89,1
Blue One M,Centre,Male,26,2,99,1
Blue One M,South,Male,21,3,153,0
Blue One M,North West,Male,26,3,153,0
Blue One M,South,Female,20,3,123,0
Blue One M,Centre,Male,20,3,122,0
Blue One M,North,Male,20,2,149,0
Blue One M,North West,Female,20,3,150,0
Blue One M,North,Male,25,2,61,1
Blue One M,Littoral,Female,26,0,63,1
Blue One M,North,Female,23,0,81,1
Blue One M,Adamawa,Male,23,2,67,1
Blue One M,Far North,Male,29,2,114,1
Blue One M,Centre,Female,22,0,100,1
Blue One M,Far North,Female,25,2,126,0
Blue One M,North,Male,21,0,114,1
Blue One M,South,Male,27,2,71,1
Blue One M,North,Male,25,2,61,1
Blue One M,Adamawa,Male,28,3,112,0
Blue One M,South West,Male,26,3,105,0
Blue One M,Far North,Female,24,3,98,0
Blue One M,West,Male,28,2,96,0
Blue One M,Far North,Male,26,2,95,0
Blue One M,South,Male,24,3,80,0
Blue One S,Far North,Female,20,2,62,0
Blue One S,Adamawa,Female,26,2,61,0
Blue One M,Adamawa,Male,30,2,104,1
Blue One M,East,Female,22,3,148,0
Blue One M,Littoral,Female,25,0,80,1
Blue One M,East,Female,28,3,148,0
Blue One M,East,Male,26,2,132,1
Blue One M,Centre,Male,25,0,61,1
Blue One M,Adamawa,Male,25,3,120,0
Blue One M,Littoral,Female,23,3,147,0
Blue One M,Centre,Male,22,2,134,0
Blue One M,South West,Female,22,2,143,0
Blue One M,Littoral,Female,25,0,83,1
Blue One M,South,Male,19,3,112,0
Blue One M,Far North,Male,19,0,74,1
Blue One M,North,Male,29,2,63,1
Blue One M,West,Female,25,2,143,1
Blue One M,North,Female,20,2,142,0
Blue One M,Adamawa,Male,23,3,102,0
Blue One M,Adamawa,Female,21,2,133,0
Blue One M,East,Female,27,2,120,1
Blue One M,South West,Male,27,0,77,1
Blue One M,North,Male,22,2,133,1
Blue One M,Littoral,Female,18,2,104,1
Blue One M,South,Female,22,0,96,1
Blue One M,Centre,Male,22,3,129,0
Blue One M,Littoral,Male,19,2,138,0
Blue One M,South West,Female,23,3,96,0
Blue One M,East,Female,22,3,103,0
Blue One M,West,Male,29,3,112,0
Blue One M,South West,Female,25,3,127,0
Blue One M,Adamawa,Male,24,2,127,0
Blue One M,North,Male,21,0,109,1
Blue One M,Centre,Male,23,3,128,0
Blue One M,North West,Male,25,0,109,1
Blue One M,Centre,Female,18,0,83,1
Blue One M,South West,Female,20,2,95,0
Blue One M,South West,Male,26,0,77,1
Blue One M,North,Male,24,2,123,1
Blue One S,Centre,Male,25,2,55,0
Blue One S,Centre,Male,22,1,56,0
Blue One S,Adamawa,Female,26,1,48,0
Blue One S,North West,Female,20,1,53,0
Blue One S,Littoral,Male,22,1,59,0
Blue One M,Centre,Female,23,2,98,0
Blue One M,West,Male,28,2,145,0
Blue One M,North,Male,20,2,150,0
Blue One M,South West,Female,24,2,127,1
Blue One S,West,Female,22,1,55,0
Blue One S,Littoral,Female,29,1,60,0
Blue One M,West,Male,26,0,69,1
Blue One M,East,Male,25,0,83,1
Blue One M,Centre,Female,24,3,98,0
Blue One S,Centre,Male,21,2,41,0
Blue One M,West,Female,25,0,95,1
Blue One M,North,Male,30,0,63,1
Blue One M,North West,Male,22,3,126,0
Blue One M,West,Female,26,0,94,1
Blue One M,South West,Female,28,3,110,0
Blue One M,Littoral,Female,28,0,108,1
Blue One M,North West,Female,24,3,105,0
Blue One M,Adamawa,Female,28,0,125,1
Blue One M,Adamawa,Male,26,3,84,0
Blue One M,Centre,Female,25,3,118,0
Blue One M,Littoral,Female,24,2,61,1
Blue One M,West,Female,20,3,118,0
Blue One M,Adamawa,Female,33,0,140,1
Blue One M,Adamawa,Male,22,2,90,0
Blue One M,Far North,Female,25,2,151,0
Blue One M,West,Female,27,2,123,1
Blue One M,Far North,Male,22,2,67,1
Blue One S,South,Female,23,2,53,0
Blue One S,West,Male,22,2,34,0
Blue One M,South,Female,23,3,75,0
Blue One S,Far North,Male,21,2,49,0
Blue One S,Littoral,Female,18,2,28,0
Blue One S,Littoral,Male,29,1,34,0
Blue One S,East,Male,26,2,55,0
Blue One S,Littoral,Male,22,2,35,0
Blue One S,South West,Female,20,1,13,0
Blue One S,West,Male,19,2,25,0
Blue One S,North West,Male,20,1,45,0
Blue One M,North,Male,26,2,77,0
Blue One M,Adamawa,Female,21,3,77,0
Blue One M,East,Male,18,3,109,0
Blue One M,South West,Male,28,3,94,0
Blue One M,North West,Male,24,2,103,0
Blue One M,East,Female,18,2,64,1
Blue One S,Centre,Male,29,1,32,0
Blue One M,Adamawa,Male,29,3,75,0
Blue One M,Littoral,Female,20,2,100,0
Blue One M,Adamawa,Female,32,3,95,0
Blue One M,South,Female,23,2,86,0
Blue One M,South West,Female,22,2,75,1
Blue One M,South West,Female,22,3,108,0
Blue One M,Adamawa,Female,25,2,98,0
Blue One M,Centre,Female,23,2,98,0
Blue One M,North West,Male,23,3,90,0
Blue One M,East,Male,25,0,87,1
Blue One S,South West,Female,24,1,41,0
Blue One M,East,Female,21,3,76,0
Blue One M,South West,Male,22,2,102,0
Blue One S,South West,Female,24,2,41,0
Blue One M,East,Male,19,0,70,1
Blue One M,Adamawa,Male,24,2,122,0
Blue One M,Littoral,Male,26,0,63,1
Blue One M,Adamawa,Female,19,3,89,0
Blue One M,East,Female,25,2,65,1
Blue One S,East,Female,18,1,28,0
Blue One M,South West,Female,17,3,97,0
Blue One M,North West,Male,28,0,125,1
Blue One M,North West,Female,23,0,114,1
Blue One M,Centre,Male,26,0,64,1
Blue One M,North,Male,24,2,66,1
Blue One M,North,Male,24,2,77,0
Blue One M,North,Female,26,3,125,0
Blue One M,Centre,Female,26,2,115,0
Blue One M,Far North,Male,25,3,103,0
Blue One M,Littoral,Male,30,3,110,0
Blue One M,Far North,Female,22,3,108,0
Blue One M,East,Male,23,2,87,1
Blue One M,Adamawa,Male,25,3,86,0
Blue One S,Far North,Female,19,2,53,0
Blue One M,South,Female,27,3,139,0
Blue One M,South West,Male,23,2,130,1
Blue One M,Far North,Male,26,0,63,1
Blue One M,North,Female,17,2,85,1
Blue One S,South,Female,23,2,38,0
Blue One M,Adamawa,Male,23,0,103,1
Blue One M,South West,Male,21,3,104,0
Blue One M,North West,Male,23,2,97,0
Blue One M,Centre,Female,28,3,110,0
Blue One M,Far North,Male,28,0,91,1
Blue One M,South West,Female,24,3,108,0
Blue One M,North,Male,24,0,63,1
Blue One M,North,Male,24,2,108,0
Blue One M,South,Male,25,3,110,0
Blue One M,Adamawa,Male,29,2,109,0
Blue One S,Adamawa,Male,19,2,55,0
Blue One M,South,Male,27,0,97,1
Blue One M,East,Female,25,2,101,1
Blue One M,West,Male,23,0,64,1
Blue One M,Far North,Male,27,2,75,1
Blue One M,South West,Male,28,2,109,1
Blue One M,South West,Male,21,2,81,0
Blue One M,South,Male,20,2,75,1
Blue One S,East,Male,25,2,52,0
Blue One S,South West,Male,22,2,44,0
Blue One M,Centre,Female,24,2,87,0
Blue One M,East,Female,27,2,111,0
Blue One M,Adamawa,Male,22,3,90,0
Blue One M,Littoral,Female,30,2,103,0
Blue One S,East,Female,20,1,54,0
Blue One S,Centre,Male,24,1,53,0
Blue One S,Littoral,Male,17,2,28,0
Blue One M,South West,Female,23,0,67,1
Blue One M,Adamawa,Male,28,2,63,1
Blue One S,Littoral,Female,25,2,37,0
Blue One S,South,Female,25,2,54,0
Blue One S,Littoral,Female,20,2,44,0
Blue One S,Centre,Male,20,2,47,0
Blue One S,East,Female,24,2,45,0
Blue One S,South,Male,24,2,28,0
Blue One M,West,Male,23,3,84,0
Blue One M,North,Female,19,0,62,1
Blue One M,South,Male,28,0,63,1
Blue One M,South,Female,27,0,115,1
Blue One M,Far North,Male,24,2,61,1
Blue One M,Adamawa,Female,31,2,95,1
Blue One M,Centre,Female,29,2,63,1
Blue One M,South,Male,19,2,77,0
Blue One M,South West,Male,27,3,129,0
Blue One M,West,Female,25,2,79,1
Blue One M,South,Female,25,2,84,0
Blue One M,Far North,Male,17,2,81,0
Blue One M,South West,Female,23,3,90,0
Blue One M,Centre,Female,27,0,61,1
Blue One M,Far North,Female,23,2,95,1
Blue One M,South West,Female,27,2,97,0
Blue One M,Adamawa,Female,24,0,91,1
Blue One M,North,Male,21,3,117,0
Blue One M,Littoral,Male,24,2,118,0
Blue One S,Far North,Female,26,2,25,0
Blue One S,South West,Male,22,1,32,0
Blue One M,East,Male,20,2,83,0
Blue One M,East,Female,21,2,84,0
Blue One S,South,Female,27,1,55,0
Blue One M,East,Male,24,0,61,1
Blue One M,Adamawa,Female,18,3,87,0
Blue One M,North,Male,26,3,89,0
Blue One M,South,Female,22,2,89,0
Blue One M,Littoral,Female,27,2,81,0
Blue One M,Adamawa,Female,25,2,95,0
Blue One M,Littoral,Male,23,2,82,0
Blue One S,South,Male,29,1,56,0
Blue One S,East,Male,24,2,47,0
Blue One M,South,Male,21,2,80,0
Blue One S,Littoral,Male,22,2,45,0
Blue One M,Far North,Male,24,0,105,1
Blue One M,North West,Female,24,3,111,0
Blue One M,North West,Male,29,0,70,1
Blue One M,Littoral,Female,24,2,101,0
Blue One M,East,Male,26,3,108,0
Blue One M,West,Male,25,2,108,0
Blue One M,Far North,Male,24,3,97,0
Blue One M,North West,Female,20,3,80,0
Blue One M,South West,Male,22,2,62,1
Blue One M,Adamawa,Female,23,3,123,0
Blue One M,Far North,Male,23,3,116,0
Blue One M,South,Male,24,3,108,0
Blue One M,South,Male,28,3,107,0
Blue One S,West,Male,26,1,37,0
Blue One S,Adamawa,Female,29,2,46,0
Blue One S,Littoral,Male,19,2,33,0
Blue One L,South West,Male,20,3,171,0
Blue One L,Centre,Male,29,2,145,1
Blue One S,South,Female,22,2,36,0
Blue One S,East,Female,19,2,56,0
Blue One M,South West,Female,22,3,83,0
Blue One S,North West,Male,17,1,53,0
Blue One M,Centre,Female,24,3,162,0
Blue One M,Far North,Female,24,0,138,1
Blue One L,West,Male,27,2,179,0
Blue One L,North,Male,24,0,140,1
Blue One M,West,Female,25,0,71,1
Blue One M,North,Male,20,0,71,1
Blue One L,South West,Male,28,2,127,1
Blue One L,North,Male,31,2,155,1
Blue One L,Littoral,Female,30,3,172,0
Blue One L,Littoral,Female,28,0,95,1
Blue One L,South West,Male,27,0,164,1
Blue One L,Centre,Female,28,3,165,0
Blue One L,North West,Female,25,2,139,1
Blue One L,Littoral,Female,18,2,174,1
Blue One L,East,Female,28,2,181,0
Blue One L,Littoral,Male,23,0,187,1
Blue One M,South,Male,19,3,118,0
Blue One M,Littoral,Male,26,0,74,1
Blue One S,South,Female,25,2,19,0
Blue One S,Centre,Male,18,2,19,0
Blue One S,South,Male,18,2,11,0
Blue One S,Adamawa,Female,18,1,26,0
Blue One S,North West,Female,24,2,12,0
Blue One S,Centre,Female,20,2,25,0
Blue One S,Far North,Male,23,2,27,0
Blue One S,West,Female,21,1,20,0
Blue One S,North West,Male,22,1,27,0
Blue One S,Adamawa,Female,26,2,21,0
Blue One S,Centre,Female,19,2,31,0
Blue One S,Adamawa,Male,21,2,30,0
Blue One S,Far North,Male,22,1,28,0
Blue One S,Centre,Female,20,2,27,0
Blue One S,Adamawa,Male,26,2,20,0
Blue One S,North West,Male,19,2,13,0
Blue One S,South,Male,24,1,9,0
Blue One S,South West,Male,23,1,20,0
Blue One S,Adamawa,Female,22,2,4,0
Blue One S,East,Female,25,2,23,0
Blue One S,West,Male,17,1,38,0
Blue One M,North West,Male,20,2,106,1
Blue One S,Adamawa,Male,24,1,19,0
Blue One L,North West,Male,31,2,88,1
Blue One M,South West,Female,21,2,92,1
Blue One S,Centre,Female,22,2,39,0
Blue One S,South West,Male,23,1,45,0
Blue One S,North West,Male,18,2,10,0
Blue One M,Centre,Male,20,0,64,1
Blue One S,South,Female,19,1,32,0
Blue One L,Centre,Male,26,2,117,1
Blue One S,North West,Male,21,2,21,0
Blue One S,South,Male,26,2,24,0
Blue One M,North,Male,28,3,103,0
Blue One M,Littoral,Female,21,2,97,1
Blue One S,East,Male,20,1,17,0
Blue One M,North,Male,18,3,84,0
Blue One M,North,Male,29,2,136,0
Blue One L,North,Male,23,2,202,0
Blue One M,Littoral,Female,25,2,151,0
Blue One S,South,Male,26,2,33,0
Blue One L,Far North,Male,32,0,83,1
Blue One S,Far North,Female,27,2,38,0
Blue One S,Centre,Male,17,1,24,0
Blue One L,North,Female,31,3,175,0
Blue One M,Littoral,Male,27,0,128,1
Blue One M,Littoral,Female,23,0,122,1
Blue One L,South West,Male,26,3,171,0
Blue One L,Far North,Female,25,0,105,1
Blue One L,West,Female,30,0,153,1
Blue One L,West,Female,20,0,104,1
Blue One L,East,Female,26,0,69,1
Blue One L,Centre,Female,27,2,96,1
Blue One L,Centre,Female,28,0,92,1
Blue One S,South,Male,26,2,49,0
Blue One L,North West,Female,29,2,164,0
Blue One L,East,Female,28,2,165,0
Blue One M,North West,Male,24,0,140,1
Blue One L,North,Male,29,0,157,1
Blue One L,South West,Male,25,0,109,1
Blue One S,West,Male,26,1,54,0
Blue One S,West,Female,19,1,56,0
Blue One S,Far North,Male,25,1,53,0
Blue One M,North,Male,24,3,88,0
Blue One M,North,Male,29,2,113,0
Blue One L,West,Female,28,2,146,1
Blue One M,East,Female,25,0,64,1
Blue One L,North West,Male,24,2,156,1
Blue One L,South,Male,25,0,66,1
Blue One S,Littoral,Female,22,1,14,0
Blue One M,Far North,Male,24,3,90,0
Blue One S,North,Male,21,1,4,0
Blue One S,Centre,Male,27,1,54,0
Blue One M,East,Female,25,2,72,1
Blue One M,North,Female,28,3,156,0
Blue One L,Centre,Male,26,0,139,1
Blue One M,West,Male,25,3,132,0
Blue One L,North,Male,31,0,131,1
Blue One M,Far North,Male,28,2,130,0
Blue One M,Far North,Male,28,0,139,1
Blue One M,Littoral,Female,24,3,80,0
Blue One L,East,Female,30,3,186,0
Blue One L,Littoral,Female,29,2,143,1
Blue One S,North,Female,23,1,24,0
Blue One S,North West,Female,26,2,25,0
Blue One L,Far North,Female,29,0,63,1
Blue One L,South West,Female,25,3,180,0
Blue One S,Centre,Female,19,1,33,0
Blue One S,Centre,Male,20,2,55,0
Blue One L,South West,Female,26,2,168,0
Blue One M,West,Male,23,2,136,1
Blue One L,North West,Female,26,3,195,0
Blue One M,North,Male,21,2,111,0
Blue One S,West,Female,18,2,52,0
Blue One M,Littoral,Male,24,3,81,0
Blue One S,South,Male,21,2,21,0
Blue One S,East,Male,22,1,21,0
Blue One M,Far North,Female,25,3,153,0
Blue One M,South,Female,26,2,104,0
Blue One M,Far North,Male,21,2,91,0
Blue One S,Far North,Male,20,1,3,0
Blue One L,West,Female,30,0,63,1
Blue One L,Littoral,Male,26,0,70,1
Blue One M,East,Male,27,2,96,0
Blue One S,Far North,Male,23,2,56,0
Blue One S,North,Female,18,2,48,0
Blue One L,West,Male,26,0,160,1
Blue One S,North West,Male,17,1,18,0
Blue One S,West,Female,20,2,45,0
Blue One M,South West,Female,26,2,98,1
Blue One S,Far North,Male,21,2,35,0
Blue One S,North,Male,17,2,28,0
Blue One M,North West,Male,26,2,102,0
