CUSTOMER_ID,TENURE_MONTHS,PLAN_NAME,MONTHLY_CHARGE,RECHARGE_FREQUENCY,REGION,GENDER,AGE,CHURN_STATUS,anciennete_jours,intensite_recharge,revenu_cumule,jamais_recharge,mois_creation,tranche_age
3,8,Blue One L,5000,0,Adamawa,Female,32,1,199,0.0,0,1,1,>30
4,8,Blue One L,5000,3,South,Male,26,0,203,0.375,15000,0,1,26-30
5,7,Blue One L,5000,3,Far North,Male,33,0,189,0.42857142857142855,15000,0,1,>30
6,7,Blue One L,5000,2,North,Female,24,1,173,0.2857142857142857,10000,0,2,21-25
7,4,Blue One M,3000,3,South West,Male,21,0,103,0.75,9000,0,4,21-25
8,7,Blue One L,5000,3,South West,Male,29,0,165,0.42857142857142855,15000,0,2,26-30
9,6,Blue One M,3000,3,North West,Male,23,0,161,0.5,9000,0,2,21-25
10,5,Blue One M,3000,2,Adamawa,Female,22,0,112,0.4,6000,0,4,21-25
11,4,Blue One M,3000,3,Littoral,Female,19,0,87,0.75,9000,0,5,<=20
15,4,Blue One M,3000,3,Adamawa,Male,24,0,102,0.75,9000,0,4,21-25
16,7,Blue One L,5000,3,Centre,Male,27,0,187,0.42857142857142855,15000,0,1,26-30
17,8,Blue One L,5000,2,South West,Male,25,1,203,0.25,10000,0,1,21-25
18,7,Blue One L,5000,3,Far North,Female,26,0,188,0.42857142857142855,15000,0,1,26-30
19,7,Blue One L,5000,3,South West,Male,29,0,166,0.42857142857142855,15000,0,2,26-30
20,6,Blue One M,3000,3,North West,Female,25,0,139,0.5,9000,0,3,21-25
21,6,Blue One M,3000,0,East,Male,30,1,136,0.0,0,1,3,26-30
22,5,Blue One M,3000,2,Littoral,Female,26,1,130,0.4,6000,0,3,26-30
23,4,Blue One M,3000,2,Centre,Female,22,0,91,0.5,6000,0,4,21-25
25,5,Blue One M,3000,0,West,Male,17,1,134,0.0,0,1,3,<=20
26,7,Blue One L,5000,2,Littoral,Female,26,1,172,0.2857142857142857,10000,0,2,26-30
27,7,Blue One L,5000,2,East,Male,23,1,173,0.2857142857142857,10000,0,2,21-25
28,6,Blue One M,3000,3,North West,Male,27,0,161,0.5,9000,0,2,26-30
29,4,Blue One M,3000,2,East,Female,19,0,103,0.5,6000,0,4,<=20
30,3,Blue One S,2000,1,Adamawa,Female,24,0,62,0.3333333333333333,2000,0,5,21-25
31,4,Blue One M,3000,2,East,Female,26,1,103,0.5,6000,0,4,26-30
32,7,Blue One L,5000,2,West,Female,25,1,166,0.2857142857142857,10000,0,2,21-25
33,5,Blue One M,3000,2,West,Male,24,1,129,0.4,6000,0,3,21-25
34,6,Blue One M,3000,2,North West,Female,22,1,157,0.3333333333333333,6000,0,2,21-25
36,8,Blue One L,5000,2,South,Male,29,0,196,0.25,10000,0,1,26-30
37,7,Blue One L,5000,2,Centre,Female,32,0,194,0.2857142857142857,10000,0,1,>30
38,7,Blue One L,5000,2,Adamawa,Male,25,1,192,0.2857142857142857,10000,0,1,21-25
39,7,Blue One L,5000,2,Centre,Male,29,1,181,0.2857142857142857,10000,0,1,26-30
40,8,Blue One L,5000,0,Centre,Female,27,1,196,0.0,0,1,1,26-30
41,8,Blue One L,5000,3,East,Male,26,0,199,0.375,15000,0,1,26-30
42,4,Blue One M,3000,3,Far North,Male,25,0,90,0.75,9000,0,4,21-25
44,4,Blue One M,3000,2,East,Female,23,0,81,0.5,6000,0,5,21-25
45,4,Blue One M,3000,2,Littoral,Male,23,0,87,0.5,6000,0,5,21-25
46,5,Blue One M,3000,3,Centre,Male,21,0,115,0.6,9000,0,4,21-25
47,6,Blue One M,3000,2,South,Female,26,1,140,0.3333333333333333,6000,0,3,26-30
48,8,Blue One L,5000,2,Centre,Female,24,1,205,0.25,10000,0,1,21-25
49,8,Blue One L,5000,2,North West,Female,26,1,203,0.25,10000,0,1,26-30
50,6,Blue One M,3000,2,East,Male,24,0,152,0.3333333333333333,6000,0,2,21-25
51,6,Blue One M,3000,2,Centre,Female,28,1,154,0.3333333333333333,6000,0,2,26-30
52,7,Blue One L,5000,0,Centre,Female,23,1,166,0.0,0,1,2,21-25
53,7,Blue One L,5000,2,North West,Female,23,1,166,0.2857142857142857,10000,0,2,21-25
54,4,Blue One M,3000,2,Far North,Female,23,0,102,0.5,6000,0,4,21-25
55,4,Blue One M,3000,3,Littoral,Male,20,0,96,0.75,9000,0,4,<=20
57,7,Blue One L,5000,0,South,Female,26,1,172,0.0,0,1,2,26-30
59,4,Blue One M,3000,0,West,Female,24,1,90,0.0,0,1,4,21-25
60,7,Blue One L,5000,2,North West,Male,23,0,189,0.2857142857142857,10000,0,1,21-25
61,6,Blue One M,3000,2,Littoral,Male,25,0,138,0.3333333333333333,6000,0,3,21-25
62,7,Blue One L,5000,0,South West,Female,28,1,189,0.0,0,1,1,26-30
63,5,Blue One M,3000,2,Adamawa,Male,25,1,111,0.4,6000,0,4,21-25
64,4,Blue One M,3000,3,Littoral,Female,24,0,101,0.75,9000,0,4,21-25
65,4,Blue One M,3000,3,North,Male,24,0,97,0.75,9000,0,4,21-25
66,4,Blue One M,3000,2,West,Female,28,1,91,0.5,6000,0,4,26-30
67,4,Blue One M,3000,3,South West,Female,24,0,80,0.75,9000,0,5,21-25
73,8,Blue One L,5000,0,Littoral,Male,26,1,200,0.0,0,1,1,26-30
74,6,Blue One M,3000,2,North,Female,26,1,161,0.3333333333333333,6000,0,2,26-30
75,6,Blue One M,3000,0,South,Male,28,1,143,0.0,0,1,3,26-30
78,5,Blue One M,3000,0,Adamawa,Male,28,1,123,0.0,0,1,3,26-30
79,6,Blue One M,3000,0,South,Female,31,1,137,0.0,0,1,3,>30
80,5,Blue One M,3000,2,North West,Female,24,1,126,0.4,6000,0,3,21-25
81,7,Blue One L,5000,0,South,Female,30,1,180,0.0,0,1,1,26-30
85,8,Blue One L,5000,2,Centre,Male,29,0,207,0.25,10000,0,1,26-30
86,8,Blue One L,5000,2,South West,Male,26,1,208,0.25,10000,0,1,26-30
87,6,Blue One M,3000,0,Littoral,Male,26,1,157,0.0,0,1,2,26-30
88,7,Blue One L,5000,0,East,Male,23,1,166,0.0,0,1,2,21-25
89,5,Blue One M,3000,2,West,Male,25,0,132,0.4,6000,0,3,21-25
90,8,Blue One L,5000,2,Littoral,Male,25,1,199,0.25,10000,0,1,21-25
91,7,Blue One L,5000,2,South West,Female,31,1,183,0.2857142857142857,10000,0,1,>30
92,7,Blue One L,5000,3,Centre,Female,22,0,186,0.42857142857142855,15000,0,1,21-25
93,4,Blue One M,3000,3,East,Male,21,0,103,0.75,9000,0,4,21-25
94,7,Blue One L,5000,2,North West,Female,28,0,192,0.2857142857142857,10000,0,1,26-30
95,7,Blue One L,5000,3,Littoral,Male,27,0,178,0.42857142857142855,15000,0,1,26-30
96,8,Blue One L,5000,2,Far North,Female,25,1,196,0.25,10000,0,1,21-25
97,7,Blue One L,5000,0,Centre,Female,24,1,182,0.0,0,1,1,21-25
98,7,Blue One L,5000,2,Littoral,Male,29,0,178,0.2857142857142857,10000,0,1,26-30
99,7,Blue One L,5000,2,South,Female,30,1,172,0.2857142857142857,10000,0,2,26-30
100,7,Blue One L,5000,3,West,Female,29,0,174,0.42857142857142855,15000,0,2,26-30
105,8,Blue One L,5000,0,Adamawa,Female,27,1,198,0.0,0,1,1,26-30
106,7,Blue One L,5000,2,East,Male,26,0,191,0.2857142857142857,10000,0,1,26-30
107,7,Blue One L,5000,2,Littoral,Male,25,1,183,0.2857142857142857,10000,0,1,21-25
108,7,Blue One L,5000,3,East,Male,24,0,182,0.42857142857142855,15000,0,1,21-25
109,7,Blue One L,5000,3,West,Male,28,0,182,0.42857142857142855,15000,0,1,26-30
110,7,Blue One L,5000,2,Centre,Male,24,0,174,0.2857142857142857,10000,0,2,21-25
111,6,Blue One M,3000,2,Adamawa,Female,28,1,160,0.3333333333333333,6000,0,2,26-30
112,6,Blue One M,3000,2,East,Male,28,1,158,0.3333333333333333,6000,0,2,26-30
118,7,Blue One L,5000,2,Adamawa,Female,27,1,187,0.2857142857142857,10000,0,1,26-30
119,5,Blue One M,3000,0,Littoral,Female,31,1,109,0.0,0,1,4,>30
120,4,Blue One M,3000,2,Littoral,Female,25,0,74,0.5,6000,0,5,21-25
121,7,Blue One L,5000,2,West,Male,24,1,194,0.2857142857142857,10000,0,1,21-25
122,8,Blue One L,5000,0,North West,Male,28,1,207,0.0,0,1,1,26-30
123,7,Blue One L,5000,2,South West,Male,27,0,186,0.2857142857142857,10000,0,1,26-30
124,8,Blue One L,5000,2,North West,Female,22,0,195,0.25,10000,0,1,21-25
125,8,Blue One L,5000,0,West,Female,28,1,195,0.0,0,1,1,26-30
126,8,Blue One L,5000,2,North West,Female,28,0,203,0.25,10000,0,1,26-30
127,8,Blue One L,5000,0,South,Male,25,1,196,0.0,0,1,1,21-25
128,8,Blue One L,5000,2,Centre,Male,24,1,201,0.25,10000,0,1,21-25
129,8,Blue One L,5000,0,North West,Female,24,1,207,0.0,0,1,1,21-25
130,7,Blue One L,5000,0,Adamawa,Female,26,1,186,0.0,0,1,1,26-30
131,5,Blue One M,3000,2,North West,Male,25,0,130,0.4,6000,0,3,21-25
132,7,Blue One L,5000,2,South West,Female,28,1,182,0.2857142857142857,10000,0,1,26-30
133,7,Blue One L,5000,2,Littoral,Female,23,1,165,0.2857142857142857,10000,0,2,21-25
134,7,Blue One L,5000,2,North West,Male,26,0,170,0.2857142857142857,10000,0,2,26-30
135,8,Blue One L,5000,2,North,Male,28,1,199,0.25,10000,0,1,26-30
136,7,Blue One L,5000,2,Centre,Male,20,1,189,0.2857142857142857,10000,0,1,<=20
137,7,Blue One L,5000,2,West,Female,27,1,166,0.2857142857142857,10000,0,2,26-30
138,5,Blue One M,3000,0,North,Male,25,1,105,0.0,0,1,4,21-25
139,6,Blue One M,3000,0,Littoral,Male,25,1,153,0.0,0,1,2,21-25
140,4,Blue One M,3000,0,North,Female,23,1,80,0.0,0,1,5,21-25
141,7,Blue One L,5000,3,North West,Female,27,0,174,0.42857142857142855,15000,0,2,26-30
142,7,Blue One L,5000,2,North West,Female,26,0,171,0.2857142857142857,10000,0,2,26-30
143,6,Blue One M,3000,0,West,Male,23,1,154,0.0,0,1,2,21-25
144,4,Blue One M,3000,2,Adamawa,Female,22,0,90,0.5,6000,0,4,21-25
145,6,Blue One M,3000,0,Far North,Male,28,1,161,0.0,0,1,2,26-30
146,7,Blue One L,5000,0,West,Male,27,1,166,0.0,0,1,2,26-30
147,7,Blue One L,5000,2,Centre,Male,28,1,186,0.2857142857142857,10000,0,1,26-30
148,7,Blue One L,5000,2,Littoral,Male,25,1,185,0.2857142857142857,10000,0,1,21-25
149,7,Blue One L,5000,0,Littoral,Female,27,1,183,0.0,0,1,1,26-30
150,7,Blue One L,5000,2,Adamawa,Female,25,1,183,0.2857142857142857,10000,0,1,21-25
151,7,Blue One L,5000,2,South West,Female,24,0,185,0.2857142857142857,10000,0,1,21-25
152,7,Blue One L,5000,0,North West,Male,31,1,186,0.0,0,1,1,>30
153,7,Blue One L,5000,3,South West,Male,33,0,186,0.42857142857142855,15000,0,1,>30
154,7,Blue One L,5000,3,Adamawa,Female,20,0,175,0.42857142857142855,15000,0,2,<=20
155,7,Blue One L,5000,3,South West,Female,24,0,183,0.42857142857142855,15000,0,1,21-25
156,7,Blue One L,5000,3,West,Male,21,0,183,0.42857142857142855,15000,0,1,21-25
157,7,Blue One L,5000,2,South,Male,29,1,181,0.2857142857142857,10000,0,1,26-30
158,7,Blue One L,5000,2,West,Female,27,0,183,0.2857142857142857,10000,0,1,26-30
159,7,Blue One L,5000,2,Centre,Female,22,1,181,0.2857142857142857,10000,0,1,21-25
160,7,Blue One L,5000,2,South West,Male,26,0,178,0.2857142857142857,10000,0,1,26-30
161,7,Blue One L,5000,2,East,Female,20,1,172,0.2857142857142857,10000,0,2,<=20
162,7,Blue One L,5000,2,Littoral,Male,24,1,175,0.2857142857142857,10000,0,2,21-25
163,7,Blue One L,5000,2,North,Female,29,1,173,0.2857142857142857,10000,0,2,26-30
164,7,Blue One L,5000,2,West,Male,26,0,167,0.2857142857142857,10000,0,2,26-30
165,6,Blue One M,3000,2,North,Male,26,1,160,0.3333333333333333,6000,0,2,26-30
166,7,Blue One L,5000,2,Centre,Female,22,1,175,0.2857142857142857,10000,0,2,21-25
167,7,Blue One L,5000,2,Littoral,Female,25,0,173,0.2857142857142857,10000,0,2,21-25
168,7,Blue One L,5000,2,North West,Female,27,1,186,0.2857142857142857,10000,0,1,26-30
169,7,Blue One L,5000,3,Far North,Female,32,0,185,0.42857142857142855,15000,0,1,>30
170,7,Blue One L,5000,0,Centre,Female,26,1,186,0.0,0,1,1,26-30
171,7,Blue One L,5000,2,North,Male,24,1,181,0.2857142857142857,10000,0,1,21-25
172,7,Blue One L,5000,2,North,Male,32,0,185,0.2857142857142857,10000,0,1,>30
173,7,Blue One L,5000,0,South,Female,23,1,185,0.0,0,1,1,21-25
174,7,Blue One L,5000,0,Centre,Female,25,1,186,0.0,0,1,1,21-25
175,7,Blue One L,5000,3,Adamawa,Male,25,0,183,0.42857142857142855,15000,0,1,21-25
176,7,Blue One L,5000,2,East,Female,31,0,182,0.2857142857142857,10000,0,1,>30
177,4,Blue One M,3000,3,Centre,Female,24,0,90,0.75,9000,0,4,21-25
179,6,Blue One M,3000,0,Littoral,Male,20,1,138,0.0,0,1,3,<=20
180,4,Blue One M,3000,3,East,Female,26,0,78,0.75,9000,0,5,26-30
181,7,Blue One L,5000,3,Centre,Male,31,0,179,0.42857142857142855,15000,0,1,>30
182,7,Blue One L,5000,2,South,Female,26,0,170,0.2857142857142857,10000,0,2,26-30
183,8,Blue One L,5000,2,Littoral,Male,30,0,203,0.25,10000,0,1,26-30
184,8,Blue One L,5000,0,Adamawa,Male,26,1,200,0.0,0,1,1,26-30
185,6,Blue One M,3000,0,West,Male,24,1,143,0.0,0,1,3,21-25
186,6,Blue One M,3000,2,North West,Female,24,0,156,0.3333333333333333,6000,0,2,21-25
187,8,Blue One L,5000,0,North,Male,33,1,199,0.0,0,1,1,>30
188,8,Blue One L,5000,2,Littoral,Male,25,1,199,0.25,10000,0,1,21-25
189,7,Blue One L,5000,3,Adamawa,Female,28,0,169,0.42857142857142855,15000,0,2,26-30
190,7,Blue One L,5000,0,East,Male,27,1,186,0.0,0,1,1,26-30
191,4,Blue One M,3000,3,South,Male,23,0,83,0.75,9000,0,5,21-25
192,8,Blue One L,5000,2,South West,Female,29,0,199,0.25,10000,0,1,26-30
193,8,Blue One L,5000,0,Littoral,Female,26,1,199,0.0,0,1,1,26-30
194,7,Blue One L,5000,2,North,Male,27,0,188,0.2857142857142857,10000,0,1,26-30
195,8,Blue One L,5000,2,South,Female,28,1,196,0.25,10000,0,1,26-30
196,8,Blue One L,5000,2,Adamawa,Female,29,1,195,0.25,10000,0,1,26-30
198,5,Blue One M,3000,2,Centre,Male,22,0,116,0.4,6000,0,4,21-25
199,8,Blue One L,5000,2,West,Male,29,1,195,0.25,10000,0,1,26-30
200,8,Blue One L,5000,2,Littoral,Female,30,1,204,0.25,10000,0,1,26-30
201,8,Blue One L,5000,0,North,Male,25,1,203,0.0,0,1,1,21-25
202,8,Blue One L,5000,2,South,Female,26,1,202,0.25,10000,0,1,26-30
203,8,Blue One L,5000,0,East,Male,26,1,203,0.0,0,1,1,26-30
204,8,Blue One L,5000,0,North West,Female,27,1,202,0.0,0,1,1,26-30
205,8,Blue One L,5000,2,South,Male,31,0,208,0.25,10000,0,1,>30
206,8,Blue One L,5000,2,Adamawa,Female,24,1,207,0.25,10000,0,1,21-25
207,6,Blue One M,3000,2,Far North,Male,24,0,154,0.3333333333333333,6000,0,2,21-25
208,8,Blue One L,5000,2,South,Male,28,0,207,0.25,10000,0,1,26-30
209,8,Blue One L,5000,2,Centre,Female,28,1,207,0.25,10000,0,1,26-30
210,8,Blue One L,5000,2,West,Female,24,1,204,0.25,10000,0,1,21-25
211,8,Blue One L,5000,2,Far North,Male,31,0,198,0.25,10000,0,1,>30
212,8,Blue One L,5000,3,Centre,Female,29,0,204,0.375,15000,0,1,26-30
213,8,Blue One L,5000,2,Centre,Male,27,0,197,0.25,10000,0,1,26-30
214,8,Blue One L,5000,2,Centre,Male,30,1,195,0.25,10000,0,1,26-30
215,6,Blue One M,3000,3,West,Male,24,0,146,0.5,9000,0,3,21-25
216,6,Blue One M,3000,3,West,Female,27,0,154,0.5,9000,0,2,26-30
217,7,Blue One L,5000,3,Centre,Male,30,0,182,0.42857142857142855,15000,0,1,26-30
218,7,Blue One L,5000,3,Littoral,Male,24,0,192,0.42857142857142855,15000,0,1,21-25
219,7,Blue One L,5000,0,West,Female,29,1,166,0.0,0,1,2,26-30
220,6,Blue One M,3000,0,East,Male,28,1,154,0.0,0,1,2,26-30
221,8,Blue One L,5000,3,Far North,Female,30,0,207,0.375,15000,0,1,26-30
223,6,Blue One M,3000,2,Far North,Male,26,0,152,0.3333333333333333,6000,0,2,26-30
224,7,Blue One L,5000,3,South West,Male,20,0,180,0.42857142857142855,15000,0,1,<=20
225,6,Blue One M,3000,0,East,Female,28,1,137,0.0,0,1,3,26-30
226,6,Blue One M,3000,2,Far North,Male,28,1,152,0.3333333333333333,6000,0,2,26-30
227,5,Blue One M,3000,0,Far North,Female,26,1,127,0.0,0,1,3,26-30
228,8,Blue One L,5000,0,North,Male,33,1,200,0.0,0,1,1,>30
229,8,Blue One L,5000,0,North,Female,33,1,203,0.0,0,1,1,>30
230,7,Blue One L,5000,2,West,Male,28,1,194,0.2857142857142857,10000,0,1,26-30
231,7,Blue One L,5000,0,East,Male,29,1,175,0.0,0,1,2,26-30
232,8,Blue One L,5000,0,Adamawa,Male,30,1,202,0.0,0,1,1,26-30
233,8,Blue One L,5000,2,Adamawa,Female,28,1,207,0.25,10000,0,1,26-30
234,8,Blue One L,5000,2,Centre,Male,27,0,202,0.25,10000,0,1,26-30
235,8,Blue One L,5000,3,Littoral,Male,29,0,203,0.375,15000,0,1,26-30
236,4,Blue One M,3000,2,Adamawa,Male,22,0,91,0.5,6000,0,4,21-25
237,7,Blue One L,5000,2,Adamawa,Male,28,1,192,0.2857142857142857,10000,0,1,26-30
238,8,Blue One L,5000,0,South West,Female,25,1,203,0.0,0,1,1,21-25
239,6,Blue One M,3000,0,North West,Female,24,1,137,0.0,0,1,3,21-25
240,4,Blue One M,3000,3,South West,Female,22,0,90,0.75,9000,0,4,21-25
241,8,Blue One L,5000,2,West,Female,28,0,200,0.25,10000,0,1,26-30
242,8,Blue One L,5000,2,Far North,Male,30,1,200,0.25,10000,0,1,26-30
244,8,Blue One L,5000,0,North West,Male,28,1,197,0.0,0,1,1,26-30
245,8,Blue One L,5000,2,East,Male,28,0,200,0.25,10000,0,1,26-30
246,8,Blue One L,5000,2,South West,Female,24,0,203,0.25,10000,0,1,21-25
247,8,Blue One L,5000,2,North West,Female,25,1,203,0.25,10000,0,1,21-25
248,8,Blue One L,5000,3,North,Female,28,0,207,0.375,15000,0,1,26-30
249,6,Blue One M,3000,2,West,Male,24,1,143,0.3333333333333333,6000,0,3,21-25
250,6,Blue One M,3000,2,Centre,Female,25,0,154,0.3333333333333333,6000,0,2,21-25
251,4,Blue One M,3000,2,East,Male,21,0,83,0.5,6000,0,5,21-25
252,4,Blue One M,3000,2,Adamawa,Male,28,1,80,0.5,6000,0,5,26-30
256,4,Blue One M,3000,3,South,Female,25,0,91,0.75,9000,0,4,21-25
257,8,Blue One L,5000,3,Centre,Female,28,0,207,0.375,15000,0,1,26-30
258,8,Blue One L,5000,2,Far North,Male,28,0,207,0.25,10000,0,1,26-30
259,8,Blue One L,5000,0,Littoral,Male,26,1,207,0.0,0,1,1,26-30
260,8,Blue One L,5000,2,South West,Female,28,0,207,0.25,10000,0,1,26-30
261,7,Blue One L,5000,3,North,Female,27,0,187,0.42857142857142855,15000,0,1,26-30
262,7,Blue One L,5000,0,Littoral,Female,26,1,183,0.0,0,1,1,26-30
263,8,Blue One L,5000,2,North,Male,28,1,202,0.25,10000,0,1,26-30
264,4,Blue One M,3000,2,Littoral,Female,23,0,96,0.5,6000,0,4,21-25
265,5,Blue One M,3000,0,Far North,Male,25,1,108,0.0,0,1,4,21-25
266,3,Blue One S,2000,1,South,Male,17,0,68,0.3333333333333333,2000,0,5,<=20
267,8,Blue One L,5000,0,North West,Female,28,1,199,0.0,0,1,1,26-30
268,8,Blue One L,5000,2,Centre,Female,24,1,195,0.25,10000,0,1,21-25
269,4,Blue One M,3000,2,East,Female,19,0,87,0.5,6000,0,5,<=20
270,7,Blue One L,5000,2,East,Female,31,1,194,0.2857142857142857,10000,0,1,>30
271,7,Blue One L,5000,0,North,Male,28,1,194,0.0,0,1,1,26-30
272,7,Blue One L,5000,2,South West,Male,21,0,175,0.2857142857142857,10000,0,2,21-25
273,7,Blue One L,5000,2,North West,Female,32,0,188,0.2857142857142857,10000,0,1,>30
274,8,Blue One L,5000,2,East,Male,31,1,195,0.25,10000,0,1,>30
275,7,Blue One L,5000,2,West,Male,26,1,185,0.2857142857142857,10000,0,1,26-30
276,7,Blue One L,5000,2,Centre,Female,32,1,182,0.2857142857142857,10000,0,1,>30
277,7,Blue One L,5000,2,Far North,Male,26,1,180,0.2857142857142857,10000,0,1,26-30
278,7,Blue One L,5000,2,South,Male,23,1,189,0.2857142857142857,10000,0,1,21-25
279,6,Blue One M,3000,3,Far North,Male,23,0,139,0.5,9000,0,3,21-25
280,7,Blue One L,5000,0,South,Female,29,1,191,0.0,0,1,1,26-30
281,7,Blue One L,5000,3,East,Female,24,0,180,0.42857142857142855,15000,0,1,21-25
282,7,Blue One L,5000,2,North West,Male,27,0,171,0.2857142857142857,10000,0,2,26-30
283,7,Blue One L,5000,3,South West,Female,26,0,179,0.42857142857142855,15000,0,1,26-30
284,7,Blue One L,5000,3,Littoral,Male,24,0,188,0.42857142857142855,15000,0,1,21-25
285,7,Blue One L,5000,2,North,Female,29,0,182,0.2857142857142857,10000,0,1,26-30
286,5,Blue One M,3000,2,North,Male,22,0,107,0.4,6000,0,4,21-25
287,7,Blue One L,5000,0,South West,Male,25,1,187,0.0,0,1,1,21-25
288,6,Blue One M,3000,0,Centre,Male,27,1,161,0.0,0,1,2,26-30
289,7,Blue One L,5000,2,North,Male,29,1,178,0.2857142857142857,10000,0,1,26-30
290,6,Blue One M,3000,2,South,Female,27,1,164,0.3333333333333333,6000,0,2,26-30
291,7,Blue One L,5000,3,Far North,Female,22,0,175,0.42857142857142855,15000,0,2,21-25
292,6,Blue One M,3000,0,East,Male,32,1,160,0.0,0,1,2,>30
293,5,Blue One M,3000,0,North West,Male,25,1,123,0.0,0,1,3,21-25
294,8,Blue One L,5000,2,West,Female,26,1,201,0.25,10000,0,1,26-30
295,8,Blue One L,5000,3,South West,Female,33,0,200,0.375,15000,0,1,>30
296,8,Blue One L,5000,3,East,Male,29,0,201,0.375,15000,0,1,26-30
297,8,Blue One L,5000,0,Adamawa,Female,30,1,201,0.0,0,1,1,26-30
298,7,Blue One L,5000,3,Far North,Male,24,0,178,0.42857142857142855,15000,0,1,21-25
299,8,Blue One L,5000,0,South,Female,33,1,200,0.0,0,1,1,>30
300,8,Blue One L,5000,3,South,Female,26,0,198,0.375,15000,0,1,26-30
301,8,Blue One L,5000,3,North West,Male,30,0,195,0.375,15000,0,1,26-30
302,8,Blue One L,5000,0,South,Female,30,1,195,0.0,0,1,1,26-30
303,8,Blue One L,5000,2,North,Male,23,1,194,0.25,10000,0,1,21-25
304,8,Blue One L,5000,2,South,Female,21,1,198,0.25,10000,0,1,21-25
305,8,Blue One L,5000,0,South,Male,30,1,203,0.0,0,1,1,26-30
306,6,Blue One M,3000,3,Adamawa,Female,27,0,151,0.5,9000,0,2,26-30
307,7,Blue One L,5000,2,Adamawa,Male,25,1,182,0.2857142857142857,10000,0,1,21-25
308,7,Blue One L,5000,3,Littoral,Female,21,0,181,0.42857142857142855,15000,0,1,21-25
309,7,Blue One L,5000,2,Centre,Male,30,1,183,0.2857142857142857,10000,0,1,26-30
310,7,Blue One L,5000,2,East,Female,32,0,185,0.2857142857142857,10000,0,1,>30
311,7,Blue One L,5000,3,North,Female,29,0,184,0.42857142857142855,15000,0,1,26-30
312,7,Blue One L,5000,2,Littoral,Female,28,0,178,0.2857142857142857,10000,0,1,26-30
313,7,Blue One L,5000,2,Adamawa,Male,25,1,181,0.2857142857142857,10000,0,1,21-25
314,7,Blue One L,5000,2,North,Male,26,1,182,0.2857142857142857,10000,0,1,26-30
315,7,Blue One L,5000,2,East,Female,23,1,183,0.2857142857142857,10000,0,1,21-25
316,7,Blue One L,5000,2,South West,Male,27,1,180,0.2857142857142857,10000,0,1,26-30
317,7,Blue One L,5000,3,Adamawa,Male,30,0,180,0.42857142857142855,15000,0,1,26-30
318,7,Blue One L,5000,0,Centre,Male,29,1,181,0.0,0,1,1,26-30
319,7,Blue One L,5000,0,North West,Female,33,1,184,0.0,0,1,1,>30
320,6,Blue One M,3000,0,South West,Female,20,1,164,0.0,0,1,2,<=20
321,7,Blue One L,5000,3,South,Female,28,0,185,0.42857142857142855,15000,0,1,26-30
322,7,Blue One L,5000,0,North,Male,25,1,186,0.0,0,1,1,21-25
323,7,Blue One L,5000,2,East,Female,27,0,183,0.2857142857142857,10000,0,1,26-30
324,7,Blue One L,5000,0,Centre,Female,28,1,185,0.0,0,1,1,26-30
325,7,Blue One L,5000,2,Littoral,Female,21,0,185,0.2857142857142857,10000,0,1,21-25
326,7,Blue One L,5000,0,West,Male,28,1,185,0.0,0,1,1,26-30
327,7,Blue One L,5000,2,Littoral,Male,25,1,182,0.2857142857142857,10000,0,1,21-25
328,7,Blue One L,5000,2,Adamawa,Male,24,1,186,0.2857142857142857,10000,0,1,21-25
329,7,Blue One L,5000,3,Adamawa,Male,28,0,186,0.42857142857142855,15000,0,1,26-30
330,7,Blue One L,5000,2,Littoral,Male,24,1,186,0.2857142857142857,10000,0,1,21-25
331,7,Blue One L,5000,2,Far North,Female,30,0,187,0.2857142857142857,10000,0,1,26-30
332,7,Blue One L,5000,0,Centre,Female,24,1,185,0.0,0,1,1,21-25
333,7,Blue One L,5000,2,North West,Female,23,1,183,0.2857142857142857,10000,0,1,21-25
334,7,Blue One L,5000,2,Adamawa,Male,29,1,187,0.2857142857142857,10000,0,1,26-30
335,7,Blue One L,5000,0,Littoral,Female,27,1,187,0.0,0,1,1,26-30
336,7,Blue One L,5000,0,Centre,Male,27,1,179,0.0,0,1,1,26-30
337,7,Blue One L,5000,2,West,Female,21,1,185,0.2857142857142857,10000,0,1,21-25
338,7,Blue One L,5000,2,Centre,Female,29,1,185,0.2857142857142857,10000,0,1,26-30
339,7,Blue One L,5000,3,South West,Male,31,0,182,0.42857142857142855,15000,0,1,>30
340,7,Blue One L,5000,2,West,Female,32,0,182,0.2857142857142857,10000,0,1,>30
341,7,Blue One L,5000,2,Adamawa,Female,21,0,187,0.2857142857142857,10000,0,1,21-25
342,7,Blue One L,5000,2,Centre,Male,23,1,187,0.2857142857142857,10000,0,1,21-25
343,7,Blue One L,5000,0,North West,Male,28,1,187,0.0,0,1,1,26-30
344,7,Blue One L,5000,2,South West,Female,23,0,187,0.2857142857142857,10000,0,1,21-25
345,7,Blue One L,5000,2,North West,Female,29,1,186,0.2857142857142857,10000,0,1,26-30
346,7,Blue One L,5000,2,North West,Female,24,1,186,0.2857142857142857,10000,0,1,21-25
347,6,Blue One M,3000,2,North,Male,23,0,163,0.3333333333333333,6000,0,2,21-25
348,6,Blue One M,3000,2,Adamawa,Female,27,0,154,0.3333333333333333,6000,0,2,26-30
349,6,Blue One M,3000,3,South,Female,23,0,159,0.5,9000,0,2,21-25
350,6,Blue One M,3000,3,Littoral,Male,26,0,151,0.5,9000,0,2,26-30
351,7,Blue One L,5000,0,East,Male,33,1,165,0.0,0,1,2,>30
352,6,Blue One M,3000,3,South West,Male,29,0,158,0.5,9000,0,2,26-30
353,6,Blue One M,3000,2,South,Female,28,0,159,0.3333333333333333,6000,0,2,26-30
354,6,Blue One M,3000,3,East,Female,28,0,159,0.5,9000,0,2,26-30
355,6,Blue One M,3000,3,North,Female,23,0,157,0.5,9000,0,2,21-25
356,6,Blue One M,3000,2,South West,Female,26,0,153,0.3333333333333333,6000,0,2,26-30
357,6,Blue One M,3000,2,Centre,Female,26,1,154,0.3333333333333333,6000,0,2,26-30
358,6,Blue One M,3000,0,South,Male,22,1,154,0.0,0,1,2,21-25
359,6,Blue One M,3000,3,Adamawa,Female,28,0,149,0.5,9000,0,3,26-30
360,7,Blue One L,5000,0,Far North,Male,28,1,164,0.0,0,1,2,26-30
361,7,Blue One L,5000,2,Centre,Female,24,1,165,0.2857142857142857,10000,0,2,21-25
362,6,Blue One M,3000,2,Centre,Female,23,1,154,0.3333333333333333,6000,0,2,21-25
363,6,Blue One M,3000,0,North West,Female,24,1,159,0.0,0,1,2,21-25
364,6,Blue One M,3000,3,West,Female,24,0,161,0.5,9000,0,2,21-25
365,6,Blue One M,3000,3,North West,Female,23,0,153,0.5,9000,0,2,21-25
366,6,Blue One M,3000,0,Adamawa,Female,22,1,161,0.0,0,1,2,21-25
367,6,Blue One M,3000,0,West,Male,24,1,159,0.0,0,1,2,21-25
368,7,Blue One L,5000,2,West,Male,26,1,168,0.2857142857142857,10000,0,2,26-30
369,7,Blue One L,5000,3,South,Female,24,0,168,0.42857142857142855,15000,0,2,21-25
370,6,Blue One M,3000,2,Far North,Male,23,1,161,0.3333333333333333,6000,0,2,21-25
371,6,Blue One M,3000,0,South West,Male,26,1,162,0.0,0,1,2,26-30
372,7,Blue One L,5000,3,South,Male,24,0,166,0.42857142857142855,15000,0,2,21-25
373,7,Blue One L,5000,3,Far North,Female,25,0,165,0.42857142857142855,15000,0,2,21-25
374,7,Blue One L,5000,3,Far North,Female,27,0,169,0.42857142857142855,15000,0,2,26-30
375,6,Blue One M,3000,2,Adamawa,Male,24,0,163,0.3333333333333333,6000,0,2,21-25
376,6,Blue One M,3000,2,Adamawa,Female,26,0,163,0.3333333333333333,6000,0,2,26-30
377,7,Blue One L,5000,0,North,Male,29,1,182,0.0,0,1,1,26-30
378,7,Blue One L,5000,2,South West,Female,28,0,181,0.2857142857142857,10000,0,1,26-30
379,7,Blue One L,5000,2,West,Female,29,1,181,0.2857142857142857,10000,0,1,26-30
380,6,Blue One M,3000,2,North West,Female,24,0,153,0.3333333333333333,6000,0,2,21-25
381,6,Blue One M,3000,2,North,Female,25,1,151,0.3333333333333333,6000,0,2,21-25
382,7,Blue One L,5000,3,South,Female,26,0,182,0.42857142857142855,15000,0,1,26-30
383,7,Blue One L,5000,3,North West,Female,26,0,177,0.42857142857142855,15000,0,2,26-30
384,7,Blue One L,5000,3,Centre,Male,27,0,175,0.42857142857142855,15000,0,2,26-30
385,7,Blue One L,5000,0,West,Male,27,1,172,0.0,0,1,2,26-30
386,6,Blue One M,3000,0,South,Male,30,1,160,0.0,0,1,2,26-30
387,7,Blue One L,5000,2,South West,Female,24,0,181,0.2857142857142857,10000,0,1,21-25
388,6,Blue One M,3000,3,South,Female,26,0,139,0.5,9000,0,3,26-30
389,7,Blue One L,5000,0,Far North,Male,25,1,168,0.0,0,1,2,21-25
390,7,Blue One L,5000,3,North,Female,31,0,173,0.42857142857142855,15000,0,2,>30
391,6,Blue One M,3000,2,Far North,Male,26,0,146,0.3333333333333333,6000,0,3,26-30
392,3,Blue One S,2000,2,Adamawa,Female,27,0,74,0.6666666666666666,4000,0,5,26-30
393,7,Blue One L,5000,3,Littoral,Male,21,0,170,0.42857142857142855,15000,0,2,21-25
394,6,Blue One M,3000,3,West,Male,25,0,148,0.5,9000,0,3,21-25
395,7,Blue One L,5000,3,Littoral,Female,22,0,169,0.42857142857142855,15000,0,2,21-25
396,4,Blue One M,3000,2,East,Male,25,1,78,0.5,6000,0,5,21-25
397,6,Blue One M,3000,2,West,Male,26,0,159,0.3333333333333333,6000,0,2,26-30
398,7,Blue One L,5000,0,Centre,Female,33,1,175,0.0,0,1,2,>30
399,5,Blue One M,3000,2,North,Female,29,0,112,0.4,6000,0,4,26-30
400,4,Blue One M,3000,2,Centre,Male,25,0,79,0.5,6000,0,5,21-25
401,6,Blue One M,3000,3,South West,Female,29,0,141,0.5,9000,0,3,26-30
402,4,Blue One M,3000,3,Centre,Male,23,0,89,0.75,9000,0,4,21-25
403,6,Blue One M,3000,2,Far North,Male,25,1,143,0.3333333333333333,6000,0,3,21-25
404,7,Blue One L,5000,2,South,Male,20,0,179,0.2857142857142857,10000,0,1,<=20
405,7,Blue One L,5000,0,West,Male,24,1,178,0.0,0,1,1,21-25
406,7,Blue One L,5000,2,Littoral,Female,27,1,178,0.2857142857142857,10000,0,1,26-30
407,7,Blue One L,5000,2,Centre,Female,23,1,172,0.2857142857142857,10000,0,2,21-25
408,7,Blue One L,5000,0,Adamawa,Male,25,1,178,0.0,0,1,1,21-25
409,6,Blue One M,3000,0,East,Male,25,1,145,0.0,0,1,3,21-25
410,6,Blue One M,3000,2,Adamawa,Female,27,0,161,0.3333333333333333,6000,0,2,26-30
411,6,Blue One M,3000,3,Far North,Female,20,0,152,0.5,9000,0,2,<=20
412,7,Blue One L,5000,2,Far North,Male,28,0,175,0.2857142857142857,10000,0,2,26-30
413,6,Blue One M,3000,0,Centre,Female,25,1,160,0.0,0,1,2,21-25
414,6,Blue One M,3000,2,North West,Female,18,1,159,0.3333333333333333,6000,0,2,<=20
415,6,Blue One M,3000,3,Far North,Male,25,0,157,0.5,9000,0,2,21-25
416,6,Blue One M,3000,2,North West,Male,28,0,151,0.3333333333333333,6000,0,2,26-30
417,6,Blue One M,3000,2,West,Male,32,0,147,0.3333333333333333,6000,0,3,>30
418,5,Blue One M,3000,3,North,Male,21,0,133,0.6,9000,0,3,21-25
419,4,Blue One M,3000,2,West,Male,24,1,87,0.5,6000,0,5,21-25
420,5,Blue One M,3000,2,Far North,Female,23,0,112,0.4,6000,0,4,21-25
421,5,Blue One M,3000,3,West,Male,21,0,126,0.6,9000,0,3,21-25
422,6,Blue One M,3000,2,Adamawa,Female,28,0,152,0.3333333333333333,6000,0,2,26-30
423,5,Blue One M,3000,2,North,Male,23,0,124,0.4,6000,0,3,21-25
424,6,Blue One M,3000,0,Littoral,Male,24,1,150,0.0,0,1,2,21-25
425,6,Blue One M,3000,2,North,Male,29,1,141,0.3333333333333333,6000,0,3,26-30
426,6,Blue One M,3000,0,West,Male,32,1,143,0.0,0,1,3,>30
427,6,Blue One M,3000,3,South,Male,28,0,153,0.5,9000,0,2,26-30
428,6,Blue One M,3000,2,Centre,Male,30,1,151,0.3333333333333333,6000,0,2,26-30
429,6,Blue One M,3000,3,South West,Male,23,0,146,0.5,9000,0,3,21-25
430,5,Blue One M,3000,2,South,Female,22,0,131,0.4,6000,0,3,21-25
431,5,Blue One M,3000,3,South,Female,25,0,124,0.6,9000,0,3,21-25
432,4,Blue One M,3000,2,South,Female,23,1,91,0.5,6000,0,4,21-25
433,4,Blue One M,3000,3,South,Female,25,0,89,0.75,9000,0,4,21-25
434,4,Blue One M,3000,3,East,Female,26,0,76,0.75,9000,0,5,26-30
435,4,Blue One M,3000,3,South,Male,22,0,75,0.75,9000,0,5,21-25
439,6,Blue One M,3000,3,Adamawa,Male,26,0,143,0.5,9000,0,3,26-30
440,5,Blue One M,3000,2,West,Female,27,1,125,0.4,6000,0,3,26-30
441,6,Blue One M,3000,2,Adamawa,Male,25,1,161,0.3333333333333333,6000,0,2,21-25
442,7,Blue One L,5000,0,Far North,Male,29,1,181,0.0,0,1,1,26-30
443,6,Blue One M,3000,3,Adamawa,Female,27,0,155,0.5,9000,0,2,26-30
444,7,Blue One L,5000,2,South,Male,32,0,170,0.2857142857142857,10000,0,2,>30
445,7,Blue One L,5000,3,Adamawa,Male,26,0,182,0.42857142857142855,15000,0,1,26-30
446,7,Blue One L,5000,2,East,Female,28,1,182,0.2857142857142857,10000,0,1,26-30
447,5,Blue One M,3000,0,West,Male,24,1,129,0.0,0,1,3,21-25
448,6,Blue One M,3000,2,Centre,Male,32,0,153,0.3333333333333333,6000,0,2,>30
449,6,Blue One M,3000,0,North West,Male,31,1,155,0.0,0,1,2,>30
450,7,Blue One L,5000,3,South West,Female,29,0,182,0.42857142857142855,15000,0,1,26-30
451,5,Blue One M,3000,2,Adamawa,Male,27,0,111,0.4,6000,0,4,26-30
452,5,Blue One M,3000,0,South West,Male,31,1,111,0.0,0,1,4,>30
453,7,Blue One L,5000,3,West,Female,24,0,179,0.42857142857142855,15000,0,1,21-25
454,7,Blue One L,5000,2,Littoral,Male,30,1,179,0.2857142857142857,10000,0,1,26-30
455,7,Blue One L,5000,2,Littoral,Female,24,0,182,0.2857142857142857,10000,0,1,21-25
456,7,Blue One L,5000,3,South,Female,26,0,182,0.42857142857142855,15000,0,1,26-30
457,7,Blue One L,5000,2,South West,Female,31,0,171,0.2857142857142857,10000,0,2,>30
458,7,Blue One L,5000,3,Littoral,Female,27,0,179,0.42857142857142855,15000,0,1,26-30
459,6,Blue One M,3000,2,East,Male,23,0,154,0.3333333333333333,6000,0,2,21-25
460,7,Blue One L,5000,3,South,Female,29,0,182,0.42857142857142855,15000,0,1,26-30
461,7,Blue One L,5000,2,Centre,Male,28,1,180,0.2857142857142857,10000,0,1,26-30
462,7,Blue One L,5000,2,North West,Male,27,1,179,0.2857142857142857,10000,0,1,26-30
463,7,Blue One L,5000,2,Adamawa,Male,28,0,181,0.2857142857142857,10000,0,1,26-30
464,7,Blue One L,5000,2,West,Male,24,0,181,0.2857142857142857,10000,0,1,21-25
465,7,Blue One L,5000,2,North,Female,25,0,181,0.2857142857142857,10000,0,1,21-25
466,7,Blue One L,5000,3,South West,Female,26,0,181,0.42857142857142855,15000,0,1,26-30
467,7,Blue One L,5000,2,South,Female,26,1,177,0.2857142857142857,10000,0,2,26-30
468,5,Blue One M,3000,3,Far North,Male,23,0,129,0.6,9000,0,3,21-25
469,5,Blue One M,3000,2,North West,Male,27,1,112,0.4,6000,0,4,26-30
470,6,Blue One M,3000,2,North,Male,29,0,157,0.3333333333333333,6000,0,2,26-30
471,6,Blue One M,3000,2,West,Male,24,1,147,0.3333333333333333,6000,0,3,21-25
472,7,Blue One L,5000,0,North West,Male,28,1,174,0.0,0,1,2,26-30
473,7,Blue One L,5000,2,North West,Female,24,1,179,0.2857142857142857,10000,0,1,21-25
474,7,Blue One L,5000,3,Littoral,Female,23,0,179,0.42857142857142855,15000,0,1,21-25
475,7,Blue One L,5000,0,South West,Female,24,1,179,0.0,0,1,1,21-25
476,6,Blue One M,3000,0,Far North,Male,28,1,161,0.0,0,1,2,26-30
477,7,Blue One L,5000,2,West,Male,26,1,171,0.2857142857142857,10000,0,2,26-30
478,7,Blue One L,5000,2,North,Female,26,1,171,0.2857142857142857,10000,0,2,26-30
479,7,Blue One L,5000,0,West,Female,23,1,171,0.0,0,1,2,21-25
480,7,Blue One L,5000,2,South West,Male,24,1,168,0.2857142857142857,10000,0,2,21-25
481,6,Blue One M,3000,0,Adamawa,Female,29,1,139,0.0,0,1,3,26-30
482,6,Blue One M,3000,3,South,Female,21,0,163,0.5,9000,0,2,21-25
483,6,Blue One M,3000,2,North,Female,29,0,146,0.3333333333333333,6000,0,3,26-30
485,6,Blue One M,3000,3,North,Male,23,0,137,0.5,9000,0,3,21-25
486,5,Blue One M,3000,3,Centre,Female,27,0,107,0.6,9000,0,4,26-30
487,6,Blue One M,3000,3,Centre,Male,26,0,161,0.5,9000,0,2,26-30
488,6,Blue One M,3000,3,Littoral,Female,27,0,147,0.5,9000,0,3,26-30
489,6,Blue One M,3000,2,Centre,Male,26,1,135,0.3333333333333333,6000,0,3,26-30
490,5,Blue One M,3000,3,West,Male,22,0,130,0.6,9000,0,3,21-25
491,6,Blue One M,3000,3,Adamawa,Female,27,0,145,0.5,9000,0,3,26-30
493,4,Blue One M,3000,0,South,Male,24,1,97,0.0,0,1,4,21-25
494,5,Blue One M,3000,0,South,Female,21,1,118,0.0,0,1,4,21-25
495,6,Blue One M,3000,3,North,Male,21,0,150,0.5,9000,0,2,21-25
496,6,Blue One M,3000,2,North West,Male,26,1,158,0.3333333333333333,6000,0,2,26-30
498,4,Blue One M,3000,2,North,Male,26,1,96,0.5,6000,0,4,26-30
499,6,Blue One M,3000,0,North West,Male,25,1,164,0.0,0,1,2,21-25
500,6,Blue One M,3000,2,North West,Male,31,1,163,0.3333333333333333,6000,0,2,>30
501,6,Blue One M,3000,2,West,Male,27,0,151,0.3333333333333333,6000,0,2,26-30
502,6,Blue One M,3000,3,Adamawa,Male,30,0,162,0.5,9000,0,2,26-30
503,6,Blue One M,3000,2,West,Female,27,1,138,0.3333333333333333,6000,0,3,26-30
504,6,Blue One M,3000,3,South West,Male,29,0,148,0.5,9000,0,3,26-30
505,5,Blue One M,3000,2,South West,Male,24,0,134,0.4,6000,0,3,21-25
506,6,Blue One M,3000,3,North West,Male,28,0,157,0.5,9000,0,2,26-30
507,5,Blue One M,3000,2,South West,Male,20,1,108,0.4,6000,0,4,<=20
508,5,Blue One M,3000,3,North,Male,27,0,110,0.6,9000,0,4,26-30
509,7,Blue One L,5000,2,Littoral,Male,23,0,164,0.2857142857142857,10000,0,2,21-25
510,6,Blue One M,3000,2,North,Male,28,1,159,0.3333333333333333,6000,0,2,26-30
511,4,Blue One M,3000,0,West,Male,19,1,101,0.0,0,1,4,<=20
512,7,Blue One L,5000,2,South,Female,24,1,166,0.2857142857142857,10000,0,2,21-25
513,7,Blue One L,5000,2,Centre,Female,21,1,180,0.2857142857142857,10000,0,1,21-25
515,5,Blue One M,3000,2,South,Female,23,1,130,0.4,6000,0,3,21-25
516,8,Blue One L,5000,2,East,Female,29,1,207,0.25,10000,0,1,26-30
517,8,Blue One L,5000,2,Littoral,Male,30,1,195,0.25,10000,0,1,26-30
518,7,Blue One L,5000,0,Littoral,Female,24,1,179,0.0,0,1,1,21-25
519,5,Blue One M,3000,2,East,Male,29,0,132,0.4,6000,0,3,26-30
520,7,Blue One L,5000,2,North,Female,23,0,180,0.2857142857142857,10000,0,1,21-25
521,8,Blue One L,5000,3,North,Male,28,0,202,0.375,15000,0,1,26-30
522,8,Blue One L,5000,0,North,Male,32,1,201,0.0,0,1,1,>30
523,8,Blue One L,5000,3,North,Male,29,0,202,0.375,15000,0,1,26-30
524,7,Blue One L,5000,2,Centre,Female,29,0,189,0.2857142857142857,10000,0,1,26-30
525,8,Blue One L,5000,3,North,Male,33,0,203,0.375,15000,0,1,>30
526,8,Blue One L,5000,0,West,Female,24,1,198,0.0,0,1,1,21-25
527,7,Blue One L,5000,2,Littoral,Male,29,0,170,0.2857142857142857,10000,0,2,26-30
528,4,Blue One M,3000,2,South,Male,25,0,91,0.5,6000,0,4,21-25
529,4,Blue One M,3000,2,North West,Male,21,1,84,0.5,6000,0,5,21-25
530,8,Blue One L,5000,2,Far North,Female,23,0,202,0.25,10000,0,1,21-25
531,8,Blue One L,5000,2,South West,Female,25,1,195,0.25,10000,0,1,21-25
532,8,Blue One L,5000,0,Adamawa,Female,22,1,196,0.0,0,1,1,21-25
534,6,Blue One M,3000,2,South,Male,24,1,157,0.3333333333333333,6000,0,2,21-25
535,5,Blue One M,3000,2,North,Male,27,0,105,0.4,6000,0,4,26-30
537,5,Blue One M,3000,2,Adamawa,Male,31,1,133,0.4,6000,0,3,>30
538,7,Blue One L,5000,3,West,Male,33,0,170,0.42857142857142855,15000,0,2,>30
539,7,Blue One L,5000,0,Far North,Male,26,1,182,0.0,0,1,1,26-30
543,8,Blue One L,5000,0,South,Male,28,1,203,0.0,0,1,1,26-30
544,7,Blue One L,5000,2,Littoral,Female,31,0,166,0.2857142857142857,10000,0,2,>30
545,8,Blue One L,5000,0,Adamawa,Female,31,1,206,0.0,0,1,1,>30
546,7,Blue One L,5000,2,East,Male,21,1,172,0.2857142857142857,10000,0,2,21-25
547,5,Blue One M,3000,2,North,Male,21,1,133,0.4,6000,0,3,21-25
548,7,Blue One L,5000,2,South West,Female,29,0,166,0.2857142857142857,10000,0,2,26-30
549,6,Blue One M,3000,2,West,Female,29,0,135,0.3333333333333333,6000,0,3,26-30
550,6,Blue One M,3000,2,South West,Female,25,1,139,0.3333333333333333,6000,0,3,21-25
551,8,Blue One L,5000,0,North,Male,24,1,196,0.0,0,1,1,21-25
552,7,Blue One L,5000,0,North West,Male,30,1,178,0.0,0,1,1,26-30
553,8,Blue One L,5000,2,Littoral,Male,33,1,202,0.25,10000,0,1,>30
554,8,Blue One L,5000,0,Adamawa,Male,29,1,207,0.0,0,1,1,26-30
556,6,Blue One M,3000,0,Littoral,Female,32,1,136,0.0,0,1,3,>30
557,7,Blue One L,5000,2,North West,Female,26,0,194,0.2857142857142857,10000,0,1,26-30
558,7,Blue One L,5000,0,North West,Female,28,1,193,0.0,0,1,1,26-30
559,7,Blue One L,5000,2,Littoral,Male,23,0,188,0.2857142857142857,10000,0,1,21-25
560,7,Blue One L,5000,2,Adamawa,Female,23,0,193,0.2857142857142857,10000,0,1,21-25
561,7,Blue One L,5000,2,Adamawa,Female,24,0,188,0.2857142857142857,10000,0,1,21-25
562,7,Blue One L,5000,2,North,Male,28,1,187,0.2857142857142857,10000,0,1,26-30
563,7,Blue One L,5000,2,Far North,Female,24,1,185,0.2857142857142857,10000,0,1,21-25
564,7,Blue One L,5000,2,East,Male,22,1,172,0.2857142857142857,10000,0,2,21-25
565,7,Blue One L,5000,0,East,Male,27,1,181,0.0,0,1,1,26-30
566,7,Blue One L,5000,3,North,Female,28,0,170,0.42857142857142855,15000,0,2,26-30
567,7,Blue One L,5000,2,East,Female,21,1,184,0.2857142857142857,10000,0,1,21-25
568,7,Blue One L,5000,0,Centre,Male,29,1,171,0.0,0,1,2,26-30
569,7,Blue One L,5000,2,North West,Female,25,1,178,0.2857142857142857,10000,0,1,21-25
570,7,Blue One L,5000,0,East,Female,24,1,178,0.0,0,1,1,21-25
571,7,Blue One L,5000,0,South West,Female,28,1,171,0.0,0,1,2,26-30
572,7,Blue One L,5000,2,Centre,Male,24,0,166,0.2857142857142857,10000,0,2,21-25
573,7,Blue One L,5000,0,Adamawa,Female,29,1,171,0.0,0,1,2,26-30
574,7,Blue One L,5000,0,Centre,Female,26,1,179,0.0,0,1,1,26-30
575,7,Blue One L,5000,2,South West,Male,26,0,171,0.2857142857142857,10000,0,2,26-30
576,6,Blue One M,3000,2,South,Male,24,1,139,0.3333333333333333,6000,0,3,21-25
577,7,Blue One L,5000,0,West,Male,28,1,178,0.0,0,1,1,26-30
578,7,Blue One L,5000,2,North,Male,23,1,177,0.2857142857142857,10000,0,2,21-25
579,7,Blue One L,5000,3,South,Female,24,0,172,0.42857142857142855,15000,0,2,21-25
580,7,Blue One L,5000,3,Far North,Male,24,0,172,0.42857142857142855,15000,0,2,21-25
581,7,Blue One L,5000,0,South West,Male,33,1,172,0.0,0,1,2,>30
583,8,Blue One L,5000,2,Littoral,Female,27,1,202,0.25,10000,0,1,26-30
584,7,Blue One L,5000,3,West,Female,29,0,193,0.42857142857142855,15000,0,1,26-30
585,7,Blue One L,5000,0,Far North,Male,26,1,192,0.0,0,1,1,26-30
586,8,Blue One L,5000,2,North,Male,32,1,200,0.25,10000,0,1,>30
587,8,Blue One L,5000,3,Adamawa,Female,21,0,200,0.375,15000,0,1,21-25
588,8,Blue One L,5000,0,Far North,Male,24,1,200,0.0,0,1,1,21-25
589,8,Blue One L,5000,3,South,Male,27,0,196,0.375,15000,0,1,26-30
590,8,Blue One L,5000,0,North,Male,27,1,194,0.0,0,1,1,26-30
591,7,Blue One L,5000,2,North West,Male,27,1,166,0.2857142857142857,10000,0,2,26-30
592,7,Blue One L,5000,2,North,Male,27,1,173,0.2857142857142857,10000,0,2,26-30
593,7,Blue One L,5000,3,West,Female,29,0,188,0.42857142857142855,15000,0,1,26-30
594,7,Blue One L,5000,0,South,Male,27,1,194,0.0,0,1,1,26-30
595,5,Blue One M,3000,3,Littoral,Male,28,0,110,0.6,9000,0,4,26-30
596,7,Blue One L,5000,3,Centre,Male,31,0,172,0.42857142857142855,15000,0,2,>30
597,7,Blue One L,5000,3,East,Female,28,0,175,0.42857142857142855,15000,0,2,26-30
598,8,Blue One L,5000,0,South,Male,26,1,199,0.0,0,1,1,26-30
600,7,Blue One L,5000,2,Littoral,Male,29,0,174,0.2857142857142857,10000,0,2,26-30
601,8,Blue One L,5000,2,North,Male,31,1,196,0.25,10000,0,1,>30
602,7,Blue One L,5000,3,Centre,Male,23,0,194,0.42857142857142855,15000,0,1,21-25
603,8,Blue One L,5000,0,South West,Female,28,1,201,0.0,0,1,1,26-30
604,8,Blue One L,5000,3,Centre,Female,27,0,207,0.375,15000,0,1,26-30
605,7,Blue One L,5000,2,North,Female,27,0,165,0.2857142857142857,10000,0,2,26-30
606,8,Blue One L,5000,2,Far North,Female,28,1,201,0.25,10000,0,1,26-30
607,7,Blue One L,5000,2,Centre,Female,26,0,166,0.2857142857142857,10000,0,2,26-30
608,7,Blue One L,5000,3,South,Male,30,0,174,0.42857142857142855,15000,0,2,26-30
609,8,Blue One L,5000,2,North,Female,29,0,202,0.25,10000,0,1,26-30
610,4,Blue One M,3000,3,South West,Female,28,0,94,0.75,9000,0,4,26-30
611,5,Blue One M,3000,2,Adamawa,Female,29,0,124,0.4,6000,0,3,26-30
612,4,Blue One M,3000,3,Centre,Male,20,0,95,0.75,9000,0,4,<=20
613,7,Blue One L,5000,3,South West,Male,27,0,175,0.42857142857142855,15000,0,2,26-30
614,7,Blue One L,5000,0,West,Male,22,1,164,0.0,0,1,2,21-25
615,6,Blue One M,3000,0,South,Male,21,1,150,0.0,0,1,2,21-25
617,6,Blue One M,3000,2,Far North,Female,27,1,139,0.3333333333333333,6000,0,3,26-30
618,6,Blue One M,3000,2,East,Male,24,0,158,0.3333333333333333,6000,0,2,21-25
619,7,Blue One L,5000,3,Far North,Male,28,0,185,0.42857142857142855,15000,0,1,26-30
620,7,Blue One L,5000,2,Adamawa,Male,22,0,189,0.2857142857142857,10000,0,1,21-25
622,7,Blue One L,5000,2,South West,Female,24,0,175,0.2857142857142857,10000,0,2,21-25
623,6,Blue One M,3000,0,North,Male,28,1,160,0.0,0,1,2,26-30
624,7,Blue One L,5000,2,South,Female,21,1,165,0.2857142857142857,10000,0,2,21-25
625,5,Blue One M,3000,2,East,Male,28,1,131,0.4,6000,0,3,26-30
626,7,Blue One L,5000,3,Adamawa,Female,28,0,194,0.42857142857142855,15000,0,1,26-30
627,7,Blue One L,5000,2,Littoral,Male,23,0,172,0.2857142857142857,10000,0,2,21-25
628,6,Blue One M,3000,0,East,Female,27,1,162,0.0,0,1,2,26-30
629,8,Blue One L,5000,2,West,Male,22,1,202,0.25,10000,0,1,21-25
630,8,Blue One L,5000,3,Littoral,Male,30,0,200,0.375,15000,0,1,26-30
631,7,Blue One L,5000,2,North West,Male,29,1,182,0.2857142857142857,10000,0,1,26-30
632,7,Blue One L,5000,3,Littoral,Female,25,0,179,0.42857142857142855,15000,0,1,21-25
633,6,Blue One M,3000,2,Adamawa,Male,32,0,159,0.3333333333333333,6000,0,2,>30
634,6,Blue One M,3000,2,East,Male,29,0,145,0.3333333333333333,6000,0,3,26-30
635,6,Blue One M,3000,2,East,Male,19,0,144,0.3333333333333333,6000,0,3,<=20
636,6,Blue One M,3000,2,West,Male,31,1,145,0.3333333333333333,6000,0,3,>30
637,8,Blue One L,5000,3,East,Male,30,0,202,0.375,15000,0,1,26-30
638,7,Blue One L,5000,3,Adamawa,Male,28,0,166,0.42857142857142855,15000,0,2,26-30
639,7,Blue One L,5000,0,North,Male,25,1,180,0.0,0,1,1,21-25
640,8,Blue One L,5000,3,North,Male,31,0,201,0.375,15000,0,1,>30
641,8,Blue One L,5000,0,South,Male,29,1,202,0.0,0,1,1,26-30
642,8,Blue One L,5000,3,West,Female,25,0,207,0.375,15000,0,1,21-25
643,8,Blue One L,5000,3,South,Male,33,0,207,0.375,15000,0,1,>30
644,8,Blue One L,5000,0,South West,Female,33,1,195,0.0,0,1,1,>30
645,6,Blue One M,3000,3,Far North,Male,23,0,161,0.5,9000,0,2,21-25
646,6,Blue One M,3000,0,West,Male,33,1,161,0.0,0,1,2,>30
647,8,Blue One L,5000,0,South West,Female,24,1,207,0.0,0,1,1,21-25
649,7,Blue One L,5000,2,North West,Male,23,0,179,0.2857142857142857,10000,0,1,21-25
650,6,Blue One M,3000,3,South,Female,23,0,147,0.5,9000,0,3,21-25
651,7,Blue One L,5000,2,South West,Female,28,0,189,0.2857142857142857,10000,0,1,26-30
654,6,Blue One M,3000,2,North West,Female,25,1,145,0.3333333333333333,6000,0,3,21-25
655,6,Blue One M,3000,2,South West,Male,24,0,161,0.3333333333333333,6000,0,2,21-25
656,6,Blue One M,3000,0,East,Female,23,1,158,0.0,0,1,2,21-25
657,5,Blue One M,3000,2,North,Male,24,1,127,0.4,6000,0,3,21-25
658,5,Blue One M,3000,3,Adamawa,Male,26,0,122,0.6,9000,0,3,26-30
659,5,Blue One M,3000,3,East,Male,24,0,125,0.6,9000,0,3,21-25
660,6,Blue One M,3000,2,Centre,Female,28,0,152,0.3333333333333333,6000,0,2,26-30
661,6,Blue One M,3000,0,Far North,Male,21,1,149,0.0,0,1,3,21-25
662,6,Blue One M,3000,2,Far North,Male,27,0,144,0.3333333333333333,6000,0,3,26-30
663,6,Blue One M,3000,2,Adamawa,Male,26,0,147,0.3333333333333333,6000,0,3,26-30
664,6,Blue One M,3000,2,North,Male,22,0,140,0.3333333333333333,6000,0,3,21-25
665,6,Blue One M,3000,3,North,Male,29,0,143,0.5,9000,0,3,26-30
666,6,Blue One M,3000,2,South West,Female,25,0,139,0.3333333333333333,6000,0,3,21-25
667,6,Blue One M,3000,2,North West,Female,29,1,138,0.3333333333333333,6000,0,3,26-30
668,5,Blue One M,3000,3,Far North,Male,21,0,131,0.6,9000,0,3,21-25
669,5,Blue One M,3000,2,South,Female,25,1,129,0.4,6000,0,3,21-25
670,4,Blue One M,3000,2,West,Male,26,0,100,0.5,6000,0,4,26-30
671,5,Blue One M,3000,2,East,Male,28,0,123,0.4,6000,0,3,26-30
672,5,Blue One M,3000,2,South,Female,25,0,121,0.4,6000,0,3,21-25
673,5,Blue One M,3000,2,Centre,Male,26,1,112,0.4,6000,0,4,26-30
674,5,Blue One M,3000,2,Adamawa,Male,19,1,108,0.4,6000,0,4,<=20
675,6,Blue One M,3000,2,North,Male,26,1,137,0.3333333333333333,6000,0,3,26-30
676,5,Blue One M,3000,3,East,Female,27,0,134,0.6,9000,0,3,26-30
677,5,Blue One M,3000,0,Adamawa,Female,20,1,134,0.0,0,1,3,<=20
678,6,Blue One M,3000,2,Far North,Male,29,0,163,0.3333333333333333,6000,0,2,26-30
679,6,Blue One M,3000,2,Centre,Female,23,0,163,0.3333333333333333,6000,0,2,21-25
680,6,Blue One M,3000,2,Littoral,Female,26,0,139,0.3333333333333333,6000,0,3,26-30
681,6,Blue One M,3000,2,West,Male,25,0,156,0.3333333333333333,6000,0,2,21-25
682,6,Blue One M,3000,2,Centre,Male,25,0,151,0.3333333333333333,6000,0,2,21-25
683,5,Blue One M,3000,0,West,Male,23,1,133,0.0,0,1,3,21-25
684,6,Blue One M,3000,0,Adamawa,Male,25,1,164,0.0,0,1,2,21-25
685,6,Blue One M,3000,2,Far North,Male,30,0,152,0.3333333333333333,6000,0,2,26-30
686,6,Blue One M,3000,3,West,Male,28,0,152,0.5,9000,0,2,26-30
687,6,Blue One M,3000,2,Adamawa,Female,29,1,160,0.3333333333333333,6000,0,2,26-30
688,6,Blue One M,3000,3,West,Male,23,0,161,0.5,9000,0,2,21-25
689,6,Blue One M,3000,0,North,Male,25,1,161,0.0,0,1,2,21-25
690,6,Blue One M,3000,2,East,Female,19,1,157,0.3333333333333333,6000,0,2,<=20
691,6,Blue One M,3000,0,East,Male,17,1,160,0.0,0,1,2,<=20
692,6,Blue One M,3000,0,West,Male,22,1,159,0.0,0,1,2,21-25
693,6,Blue One M,3000,2,Centre,Male,23,0,160,0.3333333333333333,6000,0,2,21-25
694,6,Blue One M,3000,2,South,Female,27,0,150,0.3333333333333333,6000,0,2,26-30
695,6,Blue One M,3000,0,Littoral,Male,25,1,150,0.0,0,1,2,21-25
696,6,Blue One M,3000,2,South,Male,27,0,157,0.3333333333333333,6000,0,2,26-30
697,6,Blue One M,3000,0,North,Male,22,1,154,0.0,0,1,2,21-25
698,6,Blue One M,3000,3,South West,Female,29,0,159,0.5,9000,0,2,26-30
699,6,Blue One M,3000,3,East,Female,27,0,151,0.5,9000,0,2,26-30
700,6,Blue One M,3000,0,Centre,Female,23,1,150,0.0,0,1,2,21-25
701,6,Blue One M,3000,2,Centre,Male,26,1,158,0.3333333333333333,6000,0,2,26-30
702,6,Blue One M,3000,2,South,Female,26,1,158,0.3333333333333333,6000,0,2,26-30
703,6,Blue One M,3000,3,South West,Male,27,0,143,0.5,9000,0,3,26-30
704,6,Blue One M,3000,0,North West,Male,28,1,153,0.0,0,1,2,26-30
705,6,Blue One M,3000,2,Far North,Male,25,0,157,0.3333333333333333,6000,0,2,21-25
706,6,Blue One M,3000,2,North,Male,29,0,147,0.3333333333333333,6000,0,3,26-30
707,6,Blue One M,3000,2,Littoral,Female,25,0,144,0.3333333333333333,6000,0,3,21-25
708,6,Blue One M,3000,3,South West,Male,20,0,140,0.5,9000,0,3,<=20
709,5,Blue One M,3000,3,South West,Male,23,0,132,0.6,9000,0,3,21-25
710,6,Blue One M,3000,2,Littoral,Female,24,0,143,0.3333333333333333,6000,0,3,21-25
711,6,Blue One M,3000,2,North,Female,25,0,136,0.3333333333333333,6000,0,3,21-25
712,6,Blue One M,3000,2,Littoral,Female,26,0,152,0.3333333333333333,6000,0,2,26-30
713,6,Blue One M,3000,0,East,Male,23,1,152,0.0,0,1,2,21-25
714,6,Blue One M,3000,0,South West,Male,29,1,151,0.0,0,1,2,26-30
715,6,Blue One M,3000,2,Centre,Female,26,1,151,0.3333333333333333,6000,0,2,26-30
716,6,Blue One M,3000,3,Far North,Male,22,0,143,0.5,9000,0,3,21-25
717,6,Blue One M,3000,0,Far North,Female,27,1,150,0.0,0,1,2,26-30
718,6,Blue One M,3000,3,Centre,Female,25,0,149,0.5,9000,0,3,21-25
719,5,Blue One M,3000,0,Adamawa,Male,26,1,124,0.0,0,1,3,26-30
720,6,Blue One M,3000,2,East,Female,24,1,156,0.3333333333333333,6000,0,2,21-25
721,5,Blue One M,3000,0,Far North,Male,24,1,132,0.0,0,1,3,21-25
722,7,Blue One L,5000,2,Far North,Female,27,1,178,0.2857142857142857,10000,0,1,26-30
723,6,Blue One M,3000,2,Far North,Female,28,1,139,0.3333333333333333,6000,0,3,26-30
724,6,Blue One M,3000,3,West,Female,29,0,155,0.5,9000,0,2,26-30
725,6,Blue One M,3000,0,Adamawa,Male,27,1,140,0.0,0,1,3,26-30
726,7,Blue One L,5000,0,South,Female,33,1,178,0.0,0,1,1,>30
727,7,Blue One L,5000,0,East,Male,21,1,166,0.0,0,1,2,21-25
728,7,Blue One L,5000,0,South West,Female,28,1,165,0.0,0,1,2,26-30
729,6,Blue One M,3000,3,Far North,Male,25,0,155,0.5,9000,0,2,21-25
730,4,Blue One M,3000,2,North West,Male,24,0,82,0.5,6000,0,5,21-25
732,6,Blue One M,3000,0,West,Male,23,1,156,0.0,0,1,2,21-25
733,6,Blue One M,3000,0,North,Male,23,1,156,0.0,0,1,2,21-25
734,6,Blue One M,3000,2,West,Male,30,1,151,0.3333333333333333,6000,0,2,26-30
735,6,Blue One M,3000,2,West,Male,19,1,140,0.3333333333333333,6000,0,3,<=20
736,6,Blue One M,3000,2,South West,Male,24,1,148,0.3333333333333333,6000,0,3,21-25
737,4,Blue One M,3000,2,Centre,Female,21,0,76,0.5,6000,0,5,21-25
738,5,Blue One M,3000,0,South,Male,23,1,131,0.0,0,1,3,21-25
739,5,Blue One M,3000,2,East,Female,29,1,129,0.4,6000,0,3,26-30
740,5,Blue One M,3000,2,Littoral,Male,25,0,129,0.4,6000,0,3,21-25
741,6,Blue One M,3000,2,North West,Female,29,1,139,0.3333333333333333,6000,0,3,26-30
742,5,Blue One M,3000,0,Far North,Male,22,1,117,0.0,0,1,4,21-25
743,5,Blue One M,3000,3,Adamawa,Female,26,0,125,0.6,9000,0,3,26-30
744,5,Blue One M,3000,2,Littoral,Male,28,0,124,0.4,6000,0,3,26-30
745,6,Blue One M,3000,3,South,Male,31,0,136,0.5,9000,0,3,>30
746,6,Blue One M,3000,2,Centre,Male,22,1,158,0.3333333333333333,6000,0,2,21-25
747,5,Blue One M,3000,3,East,Female,26,0,123,0.6,9000,0,3,26-30
748,6,Blue One M,3000,2,West,Female,22,0,154,0.3333333333333333,6000,0,2,21-25
749,4,Blue One M,3000,2,Adamawa,Female,22,1,101,0.5,6000,0,4,21-25
750,6,Blue One M,3000,2,Centre,Female,28,1,135,0.3333333333333333,6000,0,3,26-30
751,6,Blue One M,3000,2,Adamawa,Male,24,0,144,0.3333333333333333,6000,0,3,21-25
752,6,Blue One M,3000,0,West,Male,25,1,139,0.0,0,1,3,21-25
753,6,Blue One M,3000,3,South,Female,23,0,156,0.5,9000,0,2,21-25
754,6,Blue One M,3000,3,West,Male,26,0,151,0.5,9000,0,2,26-30
755,4,Blue One M,3000,2,East,Male,26,0,101,0.5,6000,0,4,26-30
756,4,Blue One M,3000,3,South,Male,21,0,104,0.75,9000,0,4,21-25
757,5,Blue One M,3000,2,East,Male,24,0,112,0.4,6000,0,4,21-25
758,6,Blue One M,3000,2,Adamawa,Female,24,0,138,0.3333333333333333,6000,0,3,21-25
759,6,Blue One M,3000,2,Adamawa,Female,27,1,138,0.3333333333333333,6000,0,3,26-30
760,5,Blue One M,3000,2,Centre,Female,21,0,124,0.4,6000,0,3,21-25
762,4,Blue One M,3000,3,Far North,Male,21,0,76,0.75,9000,0,5,21-25
763,6,Blue One M,3000,3,South West,Female,27,0,149,0.5,9000,0,3,26-30
764,6,Blue One M,3000,3,South,Female,23,0,157,0.5,9000,0,2,21-25
765,6,Blue One M,3000,0,Centre,Female,23,1,160,0.0,0,1,2,21-25
766,7,Blue One L,5000,0,North,Male,25,1,173,0.0,0,1,2,21-25
767,7,Blue One L,5000,2,South,Female,25,0,167,0.2857142857142857,10000,0,2,21-25
768,7,Blue One L,5000,2,North,Male,31,1,170,0.2857142857142857,10000,0,2,>30
769,6,Blue One M,3000,2,Centre,Male,27,0,164,0.3333333333333333,6000,0,2,26-30
770,7,Blue One L,5000,2,West,Female,32,1,165,0.2857142857142857,10000,0,2,>30
771,5,Blue One M,3000,0,North West,Female,29,1,116,0.0,0,1,4,26-30
772,6,Blue One M,3000,2,West,Female,26,1,137,0.3333333333333333,6000,0,3,26-30
773,4,Blue One M,3000,2,North,Male,23,0,86,0.5,6000,0,5,21-25
774,6,Blue One M,3000,2,Far North,Male,23,1,139,0.3333333333333333,6000,0,3,21-25
775,5,Blue One M,3000,2,North West,Female,28,1,126,0.4,6000,0,3,26-30
776,6,Blue One M,3000,3,South,Female,23,0,138,0.5,9000,0,3,21-25
777,6,Blue One M,3000,2,North West,Male,28,0,139,0.3333333333333333,6000,0,3,26-30
778,5,Blue One M,3000,3,South,Male,23,0,125,0.6,9000,0,3,21-25
779,6,Blue One M,3000,2,North,Female,22,0,157,0.3333333333333333,6000,0,2,21-25
780,6,Blue One M,3000,2,Adamawa,Female,22,0,150,0.3333333333333333,6000,0,2,21-25
781,7,Blue One L,5000,0,North West,Female,30,1,171,0.0,0,1,2,26-30
782,6,Blue One M,3000,3,Far North,Male,26,0,160,0.5,9000,0,2,26-30
783,7,Blue One L,5000,3,East,Male,29,0,164,0.42857142857142855,15000,0,2,26-30
784,7,Blue One L,5000,0,Centre,Female,31,1,165,0.0,0,1,2,>30
785,4,Blue One M,3000,2,Centre,Male,26,1,89,0.5,6000,0,4,26-30
786,6,Blue One M,3000,3,East,Male,19,0,153,0.5,9000,0,2,<=20
787,6,Blue One M,3000,2,Adamawa,Female,29,1,146,0.3333333333333333,6000,0,3,26-30
788,6,Blue One M,3000,2,Adamawa,Female,27,0,147,0.3333333333333333,6000,0,3,26-30
789,6,Blue One M,3000,0,Centre,Female,26,1,161,0.0,0,1,2,26-30
790,6,Blue One M,3000,3,Adamawa,Female,23,0,159,0.5,9000,0,2,21-25
791,7,Blue One L,5000,0,Far North,Female,21,1,165,0.0,0,1,2,21-25
792,6,Blue One M,3000,2,Far North,Male,26,1,150,0.3333333333333333,6000,0,2,26-30
793,4,Blue One M,3000,2,Centre,Female,23,0,83,0.5,6000,0,5,21-25
794,7,Blue One L,5000,0,East,Female,30,1,173,0.0,0,1,2,26-30
795,7,Blue One L,5000,0,South,Female,21,1,175,0.0,0,1,2,21-25
796,4,Blue One M,3000,3,North West,Female,28,0,88,0.75,9000,0,5,26-30
798,4,Blue One M,3000,2,South West,Male,24,1,97,0.5,6000,0,4,21-25
799,5,Blue One M,3000,2,West,Male,29,0,129,0.4,6000,0,3,26-30
800,5,Blue One M,3000,0,North,Male,23,1,129,0.0,0,1,3,21-25
801,5,Blue One M,3000,2,East,Female,27,0,117,0.4,6000,0,4,26-30
803,5,Blue One M,3000,3,East,Male,22,0,125,0.6,9000,0,3,21-25
805,5,Blue One M,3000,3,South West,Female,25,0,126,0.6,9000,0,3,21-25
806,5,Blue One M,3000,2,North West,Female,21,0,105,0.4,6000,0,4,21-25
807,4,Blue One M,3000,3,North,Male,25,0,96,0.75,9000,0,4,21-25
808,6,Blue One M,3000,0,Littoral,Male,30,1,157,0.0,0,1,2,26-30
809,6,Blue One M,3000,2,North West,Male,24,0,140,0.3333333333333333,6000,0,3,21-25
811,6,Blue One M,3000,2,Far North,Male,26,1,140,0.3333333333333333,6000,0,3,26-30
812,6,Blue One M,3000,0,North West,Female,25,1,136,0.0,0,1,3,21-25
813,6,Blue One M,3000,2,North West,Female,24,0,140,0.3333333333333333,6000,0,3,21-25
814,7,Blue One L,5000,2,West,Female,21,0,166,0.2857142857142857,10000,0,2,21-25
815,7,Blue One L,5000,2,Far North,Female,26,1,173,0.2857142857142857,10000,0,2,26-30
816,4,Blue One M,3000,2,Far North,Male,21,0,85,0.5,6000,0,5,21-25
817,4,Blue One M,3000,2,East,Male,24,0,92,0.5,6000,0,4,21-25
818,4,Blue One M,3000,2,South West,Male,23,1,95,0.5,6000,0,4,21-25
819,3,Blue One S,2000,1,Far North,Male,23,0,74,0.3333333333333333,2000,0,5,21-25
820,4,Blue One M,3000,2,West,Male,26,1,80,0.5,6000,0,5,26-30
821,4,Blue One M,3000,2,Far North,Male,20,1,85,0.5,6000,0,5,<=20
822,4,Blue One M,3000,3,Littoral,Female,22,0,88,0.75,9000,0,5,21-25
824,4,Blue One M,3000,2,West,Female,22,0,81,0.5,6000,0,5,21-25
825,4,Blue One M,3000,3,South,Female,21,0,77,0.75,9000,0,5,21-25
826,4,Blue One M,3000,3,North,Male,24,0,77,0.75,9000,0,5,21-25
827,4,Blue One M,3000,3,Littoral,Female,19,0,81,0.75,9000,0,5,<=20
828,4,Blue One M,3000,3,South West,Male,21,0,75,0.75,9000,0,5,21-25
831,4,Blue One M,3000,3,South West,Female,25,0,76,0.75,9000,0,5,21-25
834,7,Blue One L,5000,2,East,Female,19,0,165,0.2857142857142857,10000,0,2,<=20
835,7,Blue One L,5000,2,Littoral,Female,30,0,164,0.2857142857142857,10000,0,2,26-30
836,6,Blue One M,3000,2,North West,Female,28,0,154,0.3333333333333333,6000,0,2,26-30
838,6,Blue One M,3000,2,South West,Male,26,1,139,0.3333333333333333,6000,0,3,26-30
839,5,Blue One M,3000,2,East,Female,25,0,129,0.4,6000,0,3,21-25
840,5,Blue One M,3000,3,North West,Female,32,0,109,0.6,9000,0,4,>30
841,5,Blue One M,3000,3,North West,Male,29,0,108,0.6,9000,0,4,26-30
842,4,Blue One M,3000,3,South West,Female,25,0,97,0.75,9000,0,4,21-25
843,6,Blue One M,3000,0,South,Female,27,1,145,0.0,0,1,3,26-30
844,6,Blue One M,3000,0,Centre,Male,25,1,150,0.0,0,1,2,21-25
845,6,Blue One M,3000,3,North,Female,28,0,159,0.5,9000,0,2,26-30
846,4,Blue One M,3000,0,North West,Male,23,1,84,0.0,0,1,5,21-25
847,4,Blue One M,3000,2,Adamawa,Male,22,0,78,0.5,6000,0,5,21-25
848,5,Blue One M,3000,2,South West,Male,20,0,115,0.4,6000,0,4,<=20
849,5,Blue One M,3000,3,Far North,Female,29,0,123,0.6,9000,0,3,26-30
850,3,Blue One S,2000,1,Adamawa,Female,17,0,63,0.3333333333333333,2000,0,5,<=20
852,4,Blue One M,3000,0,North West,Male,29,1,74,0.0,0,1,5,26-30
853,5,Blue One M,3000,2,East,Female,27,0,134,0.4,6000,0,3,26-30
854,5,Blue One M,3000,3,North,Female,21,0,133,0.6,9000,0,3,21-25
855,7,Blue One L,5000,3,East,Female,27,0,178,0.42857142857142855,15000,0,1,26-30
856,7,Blue One L,5000,0,Far North,Male,21,1,175,0.0,0,1,2,21-25
857,5,Blue One M,3000,2,East,Male,24,0,133,0.4,6000,0,3,21-25
858,6,Blue One M,3000,0,North,Female,27,1,136,0.0,0,1,3,26-30
859,6,Blue One M,3000,3,Littoral,Male,24,0,150,0.5,9000,0,2,21-25
860,6,Blue One M,3000,2,Far North,Male,23,0,154,0.3333333333333333,6000,0,2,21-25
861,6,Blue One M,3000,2,South,Male,22,0,159,0.3333333333333333,6000,0,2,21-25
862,7,Blue One L,5000,3,South West,Female,31,0,166,0.42857142857142855,15000,0,2,>30
863,7,Blue One L,5000,2,Adamawa,Female,26,1,165,0.2857142857142857,10000,0,2,26-30
864,6,Blue One M,3000,3,Littoral,Male,26,0,155,0.5,9000,0,2,26-30
865,7,Blue One L,5000,0,East,Female,22,1,176,0.0,0,1,2,21-25
866,7,Blue One L,5000,0,Adamawa,Female,24,1,174,0.0,0,1,2,21-25
867,7,Blue One L,5000,0,North West,Female,21,1,172,0.0,0,1,2,21-25
868,6,Blue One M,3000,2,South,Male,21,1,138,0.3333333333333333,6000,0,3,21-25
869,6,Blue One M,3000,2,North,Female,28,0,143,0.3333333333333333,6000,0,3,26-30
870,6,Blue One M,3000,0,South West,Female,23,1,144,0.0,0,1,3,21-25
871,6,Blue One M,3000,2,Far North,Male,28,1,140,0.3333333333333333,6000,0,3,26-30
872,6,Blue One M,3000,2,Centre,Female,24,0,144,0.3333333333333333,6000,0,3,21-25
873,6,Blue One M,3000,2,North,Male,24,0,144,0.3333333333333333,6000,0,3,21-25
874,6,Blue One M,3000,3,East,Male,27,0,145,0.5,9000,0,3,26-30
875,6,Blue One M,3000,2,Far North,Male,22,1,144,0.3333333333333333,6000,0,3,21-25
876,6,Blue One M,3000,2,North,Female,20,0,140,0.3333333333333333,6000,0,3,<=20
877,6,Blue One M,3000,2,North West,Female,23,0,144,0.3333333333333333,6000,0,3,21-25
878,5,Blue One M,3000,3,West,Male,29,0,130,0.6,9000,0,3,26-30
879,6,Blue One M,3000,2,North West,Female,26,0,140,0.3333333333333333,6000,0,3,26-30
880,6,Blue One M,3000,3,Centre,Male,26,0,143,0.5,9000,0,3,26-30
881,6,Blue One M,3000,2,South,Male,25,0,143,0.3333333333333333,6000,0,3,21-25
882,6,Blue One M,3000,3,Adamawa,Male,29,0,139,0.5,9000,0,3,26-30
883,6,Blue One M,3000,2,Far North,Female,24,1,143,0.3333333333333333,6000,0,3,21-25
884,5,Blue One M,3000,2,Littoral,Male,23,1,128,0.4,6000,0,3,21-25
885,6,Blue One M,3000,2,Littoral,Female,25,0,139,0.3333333333333333,6000,0,3,21-25
886,6,Blue One M,3000,2,North West,Male,20,1,139,0.3333333333333333,6000,0,3,<=20
887,6,Blue One M,3000,0,North West,Male,19,1,139,0.0,0,1,3,<=20
888,5,Blue One M,3000,2,Littoral,Male,21,1,129,0.4,6000,0,3,21-25
889,5,Blue One M,3000,3,South,Male,30,0,132,0.6,9000,0,3,26-30
890,6,Blue One M,3000,2,South West,Female,27,1,137,0.3333333333333333,6000,0,3,26-30
891,6,Blue One M,3000,3,South West,Male,28,0,151,0.5,9000,0,2,26-30
892,6,Blue One M,3000,3,North,Female,26,0,151,0.5,9000,0,2,26-30
893,6,Blue One M,3000,2,South,Male,26,0,144,0.3333333333333333,6000,0,3,26-30
894,6,Blue One M,3000,2,North,Female,26,1,140,0.3333333333333333,6000,0,3,26-30
895,6,Blue One M,3000,0,South,Male,23,1,140,0.0,0,1,3,21-25
896,6,Blue One M,3000,0,South West,Male,24,1,140,0.0,0,1,3,21-25
897,6,Blue One M,3000,0,Far North,Male,24,1,140,0.0,0,1,3,21-25
898,6,Blue One M,3000,2,Centre,Male,22,1,140,0.3333333333333333,6000,0,3,21-25
899,6,Blue One M,3000,0,West,Female,28,1,144,0.0,0,1,3,26-30
900,6,Blue One M,3000,3,South,Male,22,0,150,0.5,9000,0,2,21-25
901,6,Blue One M,3000,2,Centre,Male,23,1,147,0.3333333333333333,6000,0,3,21-25
902,6,Blue One M,3000,2,Adamawa,Male,25,0,150,0.3333333333333333,6000,0,2,21-25
903,6,Blue One M,3000,2,South,Female,32,1,147,0.3333333333333333,6000,0,3,>30
904,6,Blue One M,3000,2,South,Male,25,1,150,0.3333333333333333,6000,0,2,21-25
905,6,Blue One M,3000,2,West,Male,22,0,147,0.3333333333333333,6000,0,3,21-25
906,6,Blue One M,3000,3,Adamawa,Female,23,0,138,0.5,9000,0,3,21-25
907,6,Blue One M,3000,2,Far North,Male,23,1,139,0.3333333333333333,6000,0,3,21-25
908,6,Blue One M,3000,2,Adamawa,Female,24,1,150,0.3333333333333333,6000,0,2,21-25
909,6,Blue One M,3000,2,North,Male,27,1,150,0.3333333333333333,6000,0,2,26-30
910,5,Blue One M,3000,0,South,Male,25,1,115,0.0,0,1,4,21-25
911,5,Blue One M,3000,0,Littoral,Female,21,1,128,0.0,0,1,3,21-25
912,6,Blue One M,3000,0,Centre,Male,23,1,139,0.0,0,1,3,21-25
913,6,Blue One M,3000,2,North West,Female,29,0,142,0.3333333333333333,6000,0,3,26-30
914,6,Blue One M,3000,2,Far North,Female,25,0,137,0.3333333333333333,6000,0,3,21-25
915,6,Blue One M,3000,2,West,Female,25,1,137,0.3333333333333333,6000,0,3,21-25
916,5,Blue One M,3000,2,Far North,Male,27,1,109,0.4,6000,0,4,26-30
917,6,Blue One M,3000,3,North,Male,30,0,141,0.5,9000,0,3,26-30
918,6,Blue One M,3000,2,Far North,Male,25,0,146,0.3333333333333333,6000,0,3,21-25
919,6,Blue One M,3000,2,West,Female,26,1,152,0.3333333333333333,6000,0,2,26-30
920,6,Blue One M,3000,3,West,Male,24,0,152,0.5,9000,0,2,21-25
921,6,Blue One M,3000,0,North West,Female,21,1,152,0.0,0,1,2,21-25
922,6,Blue One M,3000,0,South,Male,21,1,151,0.0,0,1,2,21-25
923,6,Blue One M,3000,3,West,Male,26,0,146,0.5,9000,0,3,26-30
924,6,Blue One M,3000,0,South,Male,25,1,152,0.0,0,1,2,21-25
925,6,Blue One M,3000,2,North West,Female,26,0,143,0.3333333333333333,6000,0,3,26-30
926,6,Blue One M,3000,2,Centre,Male,29,1,149,0.3333333333333333,6000,0,3,26-30
927,6,Blue One M,3000,2,South West,Female,28,0,149,0.3333333333333333,6000,0,3,26-30
928,6,Blue One M,3000,2,Centre,Female,25,1,140,0.3333333333333333,6000,0,3,21-25
929,6,Blue One M,3000,2,West,Female,21,0,143,0.3333333333333333,6000,0,3,21-25
930,5,Blue One M,3000,0,North,Male,27,1,131,0.0,0,1,3,26-30
931,5,Blue One M,3000,0,West,Male,25,1,128,0.0,0,1,3,21-25
932,6,Blue One M,3000,2,South West,Male,22,1,150,0.3333333333333333,6000,0,2,21-25
933,6,Blue One M,3000,2,North,Male,32,1,147,0.3333333333333333,6000,0,3,>30
934,6,Blue One M,3000,3,West,Female,29,0,147,0.5,9000,0,3,26-30
935,5,Blue One M,3000,2,North,Male,25,0,134,0.4,6000,0,3,21-25
936,6,Blue One M,3000,0,North,Male,28,1,142,0.0,0,1,3,26-30
937,6,Blue One M,3000,0,Littoral,Male,22,1,150,0.0,0,1,2,21-25
938,6,Blue One M,3000,3,North,Male,25,0,149,0.5,9000,0,3,21-25
939,6,Blue One M,3000,2,South West,Male,26,1,149,0.3333333333333333,6000,0,3,26-30
940,6,Blue One M,3000,2,East,Male,22,1,149,0.3333333333333333,6000,0,3,21-25
941,6,Blue One M,3000,3,Centre,Male,33,0,145,0.5,9000,0,3,>30
942,6,Blue One M,3000,2,East,Female,23,0,143,0.3333333333333333,6000,0,3,21-25
943,6,Blue One M,3000,0,South,Male,29,1,149,0.0,0,1,3,26-30
944,6,Blue One M,3000,2,South West,Male,30,1,143,0.3333333333333333,6000,0,3,26-30
945,6,Blue One M,3000,2,East,Male,29,0,147,0.3333333333333333,6000,0,3,26-30
946,6,Blue One M,3000,3,Centre,Male,21,0,147,0.5,9000,0,3,21-25
947,6,Blue One M,3000,3,South West,Male,26,0,145,0.5,9000,0,3,26-30
948,6,Blue One M,3000,3,South West,Female,28,0,135,0.5,9000,0,3,26-30
949,6,Blue One M,3000,3,West,Female,31,0,143,0.5,9000,0,3,>30
950,6,Blue One M,3000,3,Littoral,Male,21,0,143,0.5,9000,0,3,21-25
951,6,Blue One M,3000,2,South,Female,24,1,140,0.3333333333333333,6000,0,3,21-25
952,6,Blue One M,3000,0,Far North,Male,28,1,142,0.0,0,1,3,26-30
953,6,Blue One M,3000,2,Far North,Female,26,1,140,0.3333333333333333,6000,0,3,26-30
954,6,Blue One M,3000,0,West,Female,22,1,139,0.0,0,1,3,21-25
955,5,Blue One M,3000,2,Adamawa,Male,25,1,132,0.4,6000,0,3,21-25
956,6,Blue One M,3000,2,East,Male,27,0,151,0.3333333333333333,6000,0,2,26-30
957,6,Blue One M,3000,2,North,Male,20,1,151,0.3333333333333333,6000,0,2,<=20
958,6,Blue One M,3000,3,North,Male,30,0,153,0.5,9000,0,2,26-30
959,6,Blue One M,3000,0,Centre,Male,21,1,135,0.0,0,1,3,21-25
960,6,Blue One M,3000,2,South West,Male,26,1,152,0.3333333333333333,6000,0,2,26-30
961,6,Blue One M,3000,2,North,Male,25,0,144,0.3333333333333333,6000,0,3,21-25
962,6,Blue One M,3000,2,West,Male,24,1,152,0.3333333333333333,6000,0,2,21-25
963,6,Blue One M,3000,0,Littoral,Male,24,1,151,0.0,0,1,2,21-25
964,6,Blue One M,3000,2,South,Male,27,1,151,0.3333333333333333,6000,0,2,26-30
965,6,Blue One M,3000,2,Centre,Female,32,0,153,0.3333333333333333,6000,0,2,>30
966,6,Blue One M,3000,2,North,Female,26,1,153,0.3333333333333333,6000,0,2,26-30
967,6,Blue One M,3000,2,South West,Female,24,1,151,0.3333333333333333,6000,0,2,21-25
968,6,Blue One M,3000,0,South West,Male,28,1,151,0.0,0,1,2,26-30
969,6,Blue One M,3000,0,North West,Female,27,1,151,0.0,0,1,2,26-30
970,6,Blue One M,3000,3,Far North,Female,28,0,147,0.5,9000,0,3,26-30
971,6,Blue One M,3000,0,Far North,Female,25,1,147,0.0,0,1,3,21-25
972,6,Blue One M,3000,2,East,Male,25,1,150,0.3333333333333333,6000,0,2,21-25
973,6,Blue One M,3000,2,Adamawa,Male,20,0,142,0.3333333333333333,6000,0,3,<=20
974,6,Blue One M,3000,2,North,Male,27,1,147,0.3333333333333333,6000,0,3,26-30
975,6,Blue One M,3000,0,Littoral,Female,24,1,144,0.0,0,1,3,21-25
976,6,Blue One M,3000,2,North,Female,27,1,148,0.3333333333333333,6000,0,3,26-30
977,6,Blue One M,3000,2,Far North,Male,24,1,150,0.3333333333333333,6000,0,3,21-25
978,6,Blue One M,3000,0,North,Male,27,1,152,0.0,0,1,2,26-30
979,6,Blue One M,3000,3,South West,Male,22,0,151,0.5,9000,0,2,21-25
980,6,Blue One M,3000,2,North,Male,24,0,150,0.3333333333333333,6000,0,3,21-25
981,6,Blue One M,3000,0,North,Male,23,1,150,0.0,0,1,2,21-25
982,6,Blue One M,3000,2,North West,Male,25,1,150,0.3333333333333333,6000,0,2,21-25
983,5,Blue One M,3000,3,Far North,Male,23,0,131,0.6,9000,0,3,21-25
984,6,Blue One M,3000,0,Adamawa,Male,30,1,140,0.0,0,1,3,26-30
985,6,Blue One M,3000,2,Littoral,Male,28,1,150,0.3333333333333333,6000,0,2,26-30
986,5,Blue One M,3000,2,South West,Male,26,1,126,0.4,6000,0,3,26-30
990,4,Blue One M,3000,2,Littoral,Female,22,0,94,0.5,6000,0,4,21-25
991,5,Blue One M,3000,2,North,Male,28,0,104,0.4,6000,0,4,26-30
992,5,Blue One M,3000,2,North,Female,24,1,123,0.4,6000,0,3,21-25
993,5,Blue One M,3000,3,Adamawa,Female,31,0,126,0.6,9000,0,3,>30
994,5,Blue One M,3000,0,North,Female,27,1,123,0.0,0,1,3,26-30
995,5,Blue One M,3000,0,Littoral,Female,22,1,124,0.0,0,1,3,21-25
996,5,Blue One M,3000,2,West,Male,22,0,125,0.4,6000,0,3,21-25
997,5,Blue One M,3000,3,Far North,Male,27,0,124,0.6,9000,0,3,26-30
998,5,Blue One M,3000,2,Far North,Male,25,1,123,0.4,6000,0,3,21-25
999,5,Blue One M,3000,2,North West,Male,24,0,121,0.4,6000,0,3,21-25
1000,5,Blue One M,3000,3,North,Female,22,0,122,0.6,9000,0,3,21-25
1001,5,Blue One M,3000,2,Far North,Male,24,1,121,0.4,6000,0,3,21-25
1002,5,Blue One M,3000,2,North West,Female,24,0,107,0.4,6000,0,4,21-25
1003,5,Blue One M,3000,2,Adamawa,Male,24,0,112,0.4,6000,0,4,21-25
1004,5,Blue One M,3000,0,South,Female,26,1,111,0.0,0,1,4,26-30
1005,5,Blue One M,3000,2,North West,Female,29,1,108,0.4,6000,0,4,26-30
1006,5,Blue One M,3000,0,South West,Male,20,1,116,0.0,0,1,4,<=20
1007,4,Blue One M,3000,2,Littoral,Male,23,1,103,0.5,6000,0,4,21-25
1008,4,Blue One M,3000,2,Adamawa,Female,24,0,103,0.5,6000,0,4,21-25
1009,5,Blue One M,3000,3,West,Female,24,0,105,0.6,9000,0,4,21-25
1010,5,Blue One M,3000,2,Adamawa,Male,24,0,105,0.4,6000,0,4,21-25
1011,5,Blue One M,3000,3,North West,Male,26,0,105,0.6,9000,0,4,26-30
1012,5,Blue One M,3000,0,Littoral,Male,27,1,115,0.0,0,1,4,26-30
1013,5,Blue One M,3000,2,Littoral,Male,30,0,115,0.4,6000,0,4,26-30
1014,5,Blue One M,3000,3,East,Female,25,0,110,0.6,9000,0,4,21-25
1015,5,Blue One M,3000,2,North West,Female,21,1,110,0.4,6000,0,4,21-25
1016,5,Blue One M,3000,2,North West,Male,25,0,131,0.4,6000,0,3,21-25
1017,4,Blue One M,3000,3,South West,Female,26,0,102,0.75,9000,0,4,26-30
1018,5,Blue One M,3000,3,North West,Male,28,0,109,0.6,9000,0,4,26-30
1019,5,Blue One M,3000,2,North West,Female,26,0,118,0.4,6000,0,4,26-30
1020,5,Blue One M,3000,3,Far North,Male,22,0,130,0.6,9000,0,3,21-25
1021,5,Blue One M,3000,3,Adamawa,Female,24,0,124,0.6,9000,0,3,21-25
1022,5,Blue One M,3000,2,Far North,Male,22,0,119,0.4,6000,0,4,21-25
1023,5,Blue One M,3000,0,East,Male,23,1,108,0.0,0,1,4,21-25
1024,5,Blue One M,3000,2,East,Male,23,0,126,0.4,6000,0,3,21-25
1025,5,Blue One M,3000,2,East,Male,28,1,125,0.4,6000,0,3,26-30
1026,5,Blue One M,3000,2,Far North,Female,19,0,126,0.4,6000,0,3,<=20
1027,5,Blue One M,3000,0,South,Male,29,1,125,0.0,0,1,3,26-30
1028,5,Blue One M,3000,2,West,Female,19,1,128,0.4,6000,0,3,<=20
1029,5,Blue One M,3000,0,South,Female,24,1,129,0.0,0,1,3,21-25
1030,5,Blue One M,3000,2,East,Female,19,0,123,0.4,6000,0,3,<=20
1031,5,Blue One M,3000,3,North,Female,22,0,112,0.6,9000,0,4,21-25
1032,5,Blue One M,3000,3,Far North,Male,25,0,131,0.6,9000,0,3,21-25
1033,5,Blue One M,3000,0,Littoral,Female,19,1,116,0.0,0,1,4,<=20
1034,5,Blue One M,3000,2,North,Female,26,0,131,0.4,6000,0,3,26-30
1035,5,Blue One M,3000,0,South West,Female,20,1,109,0.0,0,1,4,<=20
1036,4,Blue One M,3000,3,South,Female,18,0,98,0.75,9000,0,4,<=20
1037,5,Blue One M,3000,2,East,Female,28,1,111,0.4,6000,0,4,26-30
1038,4,Blue One M,3000,3,Far North,Male,22,0,88,0.75,9000,0,5,21-25
1039,5,Blue One M,3000,3,West,Female,24,0,122,0.6,9000,0,3,21-25
1040,5,Blue One M,3000,0,Centre,Male,27,1,125,0.0,0,1,3,26-30
1041,5,Blue One M,3000,2,Adamawa,Male,27,0,123,0.4,6000,0,3,26-30
1042,5,Blue One M,3000,3,East,Female,23,0,124,0.6,9000,0,3,21-25
1043,5,Blue One M,3000,2,Centre,Female,25,1,124,0.4,6000,0,3,21-25
1044,5,Blue One M,3000,0,Littoral,Male,17,1,122,0.0,0,1,3,<=20
1045,5,Blue One M,3000,2,South West,Female,17,0,110,0.4,6000,0,4,<=20
1046,5,Blue One M,3000,0,South West,Male,24,1,126,0.0,0,1,3,21-25
1048,4,Blue One M,3000,2,Littoral,Female,26,0,90,0.5,6000,0,4,26-30
1049,4,Blue One M,3000,2,West,Male,24,1,97,0.5,6000,0,4,21-25
1050,5,Blue One M,3000,2,East,Female,23,0,124,0.4,6000,0,3,21-25
1051,4,Blue One M,3000,3,South West,Female,21,0,91,0.75,9000,0,4,21-25
1052,4,Blue One M,3000,0,Adamawa,Male,20,1,104,0.0,0,1,4,<=20
1053,4,Blue One M,3000,0,Far North,Male,23,1,83,0.0,0,1,5,21-25
1054,4,Blue One M,3000,3,Centre,Male,24,0,82,0.75,9000,0,5,21-25
1055,4,Blue One M,3000,3,North,Male,26,0,103,0.75,9000,0,4,26-30
1056,5,Blue One M,3000,3,Adamawa,Female,25,0,110,0.6,9000,0,4,21-25
1057,5,Blue One M,3000,2,Adamawa,Female,25,1,109,0.4,6000,0,4,21-25
1058,5,Blue One M,3000,2,Littoral,Male,29,0,125,0.4,6000,0,3,26-30
1059,5,Blue One M,3000,0,East,Male,25,1,125,0.0,0,1,3,21-25
1060,5,Blue One M,3000,0,Littoral,Male,24,1,123,0.0,0,1,3,21-25
1061,5,Blue One M,3000,0,Adamawa,Female,23,1,115,0.0,0,1,4,21-25
1062,5,Blue One M,3000,2,West,Male,24,0,118,0.4,6000,0,4,21-25
1063,3,Blue One S,2000,1,West,Male,24,0,63,0.3333333333333333,2000,0,5,21-25
1078,5,Blue One M,3000,2,South West,Male,25,1,125,0.4,6000,0,3,21-25
1079,5,Blue One M,3000,2,West,Female,19,1,125,0.4,6000,0,3,<=20
1080,5,Blue One M,3000,2,Centre,Female,26,0,111,0.4,6000,0,4,26-30
1081,5,Blue One M,3000,3,Adamawa,Female,23,0,115,0.6,9000,0,4,21-25
1082,5,Blue One M,3000,2,South West,Female,23,0,123,0.4,6000,0,3,21-25
1083,5,Blue One M,3000,2,North West,Female,25,1,122,0.4,6000,0,3,21-25
1084,5,Blue One M,3000,3,East,Female,22,0,118,0.6,9000,0,4,21-25
1085,5,Blue One M,3000,2,Centre,Male,25,1,118,0.4,6000,0,4,21-25
1086,6,Blue One M,3000,3,East,Female,27,0,136,0.5,9000,0,3,26-30
1087,5,Blue One M,3000,2,North West,Male,25,0,124,0.4,6000,0,3,21-25
1088,5,Blue One M,3000,3,Centre,Female,27,0,115,0.6,9000,0,4,26-30
1089,5,Blue One M,3000,2,Centre,Female,27,1,122,0.4,6000,0,3,26-30
1090,6,Blue One M,3000,3,South West,Female,23,0,148,0.5,9000,0,3,21-25
1091,5,Blue One M,3000,3,East,Male,22,0,130,0.6,9000,0,3,21-25
1092,6,Blue One M,3000,3,Littoral,Female,19,0,149,0.5,9000,0,3,<=20
1093,6,Blue One M,3000,0,East,Female,29,1,149,0.0,0,1,3,26-30
1094,6,Blue One M,3000,0,South West,Male,25,1,151,0.0,0,1,2,21-25
1095,6,Blue One M,3000,2,North West,Female,23,1,151,0.3333333333333333,6000,0,2,21-25
1096,6,Blue One M,3000,0,East,Female,26,1,149,0.0,0,1,3,26-30
1097,6,Blue One M,3000,2,Centre,Female,23,1,157,0.3333333333333333,6000,0,2,21-25
1098,6,Blue One M,3000,3,South West,Female,26,0,153,0.5,9000,0,2,26-30
1099,6,Blue One M,3000,2,Centre,Female,23,0,153,0.3333333333333333,6000,0,2,21-25
1100,6,Blue One M,3000,2,South West,Female,27,0,152,0.3333333333333333,6000,0,2,26-30
1101,6,Blue One M,3000,2,North,Female,25,1,142,0.3333333333333333,6000,0,3,21-25
1102,6,Blue One M,3000,2,South,Female,24,0,142,0.3333333333333333,6000,0,3,21-25
1103,4,Blue One M,3000,0,West,Female,25,1,99,0.0,0,1,4,21-25
1104,6,Blue One M,3000,0,South West,Female,27,1,146,0.0,0,1,3,26-30
1105,4,Blue One M,3000,3,East,Male,23,0,94,0.75,9000,0,4,21-25
1107,4,Blue One M,3000,3,East,Female,24,0,82,0.75,9000,0,5,21-25
1109,6,Blue One M,3000,0,South West,Female,23,1,159,0.0,0,1,2,21-25
1110,4,Blue One M,3000,0,North West,Female,29,1,90,0.0,0,1,4,26-30
1111,6,Blue One M,3000,2,Far North,Male,23,0,158,0.3333333333333333,6000,0,2,21-25
1112,6,Blue One M,3000,3,South West,Female,22,0,159,0.5,9000,0,2,21-25
1113,6,Blue One M,3000,2,Adamawa,Female,24,1,153,0.3333333333333333,6000,0,2,21-25
1114,6,Blue One M,3000,3,Centre,Male,22,0,147,0.5,9000,0,3,21-25
1115,6,Blue One M,3000,2,South West,Female,27,0,140,0.3333333333333333,6000,0,3,26-30
1116,6,Blue One M,3000,3,Far North,Male,29,0,142,0.5,9000,0,3,26-30
1117,6,Blue One M,3000,2,Adamawa,Male,28,1,139,0.3333333333333333,6000,0,3,26-30
1118,6,Blue One M,3000,0,Far North,Female,27,1,139,0.0,0,1,3,26-30
1119,5,Blue One M,3000,2,North,Male,23,0,129,0.4,6000,0,3,21-25
1120,5,Blue One M,3000,2,West,Female,23,0,134,0.4,6000,0,3,21-25
1121,6,Blue One M,3000,2,Centre,Male,27,0,135,0.3333333333333333,6000,0,3,26-30
1122,5,Blue One M,3000,3,Far North,Male,19,0,129,0.6,9000,0,3,<=20
1123,5,Blue One M,3000,2,East,Male,24,1,133,0.4,6000,0,3,21-25
1124,6,Blue One M,3000,3,North,Male,28,0,143,0.5,9000,0,3,26-30
1125,6,Blue One M,3000,2,South,Female,25,0,143,0.3333333333333333,6000,0,3,21-25
1126,6,Blue One M,3000,2,Adamawa,Female,31,1,145,0.3333333333333333,6000,0,3,>30
1127,6,Blue One M,3000,2,Littoral,Male,21,0,146,0.3333333333333333,6000,0,3,21-25
1128,6,Blue One M,3000,2,North West,Female,23,1,146,0.3333333333333333,6000,0,3,21-25
1129,4,Blue One M,3000,2,North West,Female,21,0,94,0.5,6000,0,4,21-25
1130,4,Blue One M,3000,2,Far North,Female,24,0,90,0.5,6000,0,4,21-25
1131,5,Blue One M,3000,2,South,Female,25,1,115,0.4,6000,0,4,21-25
1132,5,Blue One M,3000,0,Littoral,Female,21,1,131,0.0,0,1,3,21-25
1133,5,Blue One M,3000,0,Far North,Male,22,1,132,0.0,0,1,3,21-25
1134,5,Blue One M,3000,3,Far North,Female,18,0,131,0.6,9000,0,3,<=20
1135,5,Blue One M,3000,0,South West,Female,24,1,125,0.0,0,1,3,21-25
1136,5,Blue One M,3000,3,Centre,Male,27,0,125,0.6,9000,0,3,26-30
1137,5,Blue One M,3000,2,Centre,Female,22,0,124,0.4,6000,0,3,21-25
1138,4,Blue One M,3000,2,Far North,Male,21,0,76,0.5,6000,0,5,21-25
1139,4,Blue One M,3000,3,Adamawa,Female,19,0,75,0.75,9000,0,5,<=20
1143,6,Blue One M,3000,2,West,Male,23,0,137,0.3333333333333333,6000,0,3,21-25
1144,5,Blue One M,3000,0,North,Male,25,1,133,0.0,0,1,3,21-25
1145,6,Blue One M,3000,0,East,Female,26,1,149,0.0,0,1,3,26-30
1146,6,Blue One M,3000,3,North West,Male,23,0,149,0.5,9000,0,3,21-25
1147,6,Blue One M,3000,2,Centre,Male,26,1,159,0.3333333333333333,6000,0,2,26-30
1148,6,Blue One M,3000,2,South West,Female,26,1,159,0.3333333333333333,6000,0,2,26-30
1149,6,Blue One M,3000,3,West,Male,27,0,159,0.5,9000,0,2,26-30
1150,6,Blue One M,3000,3,Centre,Male,25,0,159,0.5,9000,0,2,21-25
1151,6,Blue One M,3000,2,East,Male,21,0,157,0.3333333333333333,6000,0,2,21-25
1152,6,Blue One M,3000,3,North West,Male,27,0,157,0.5,9000,0,2,26-30
1153,6,Blue One M,3000,0,North West,Female,33,1,157,0.0,0,1,2,>30
1154,6,Blue One M,3000,2,North West,Female,29,0,160,0.3333333333333333,6000,0,2,26-30
1155,6,Blue One M,3000,2,West,Female,24,0,159,0.3333333333333333,6000,0,2,21-25
1156,6,Blue One M,3000,0,West,Male,28,1,152,0.0,0,1,2,26-30
1157,6,Blue One M,3000,3,Adamawa,Male,27,0,158,0.5,9000,0,2,26-30
1158,6,Blue One M,3000,3,North West,Male,21,0,149,0.5,9000,0,3,21-25
1159,6,Blue One M,3000,2,Centre,Male,28,1,150,0.3333333333333333,6000,0,2,26-30
1160,6,Blue One M,3000,2,Adamawa,Female,30,0,158,0.3333333333333333,6000,0,2,26-30
1161,6,Blue One M,3000,3,East,Female,22,0,144,0.5,9000,0,3,21-25
1162,6,Blue One M,3000,0,South West,Male,30,1,159,0.0,0,1,2,26-30
1163,6,Blue One M,3000,3,Centre,Male,25,0,159,0.5,9000,0,2,21-25
1164,6,Blue One M,3000,2,South West,Female,24,1,154,0.3333333333333333,6000,0,2,21-25
1165,3,Blue One S,2000,2,East,Male,24,0,63,0.6666666666666666,4000,0,5,21-25
1166,3,Blue One S,2000,0,Centre,Female,19,1,68,0.0,0,1,5,<=20
1167,6,Blue One M,3000,0,South West,Male,26,1,160,0.0,0,1,2,26-30
1168,6,Blue One M,3000,3,Littoral,Male,25,0,160,0.5,9000,0,2,21-25
1169,6,Blue One M,3000,0,East,Male,24,1,159,0.0,0,1,2,21-25
1170,6,Blue One M,3000,2,Adamawa,Female,27,1,159,0.3333333333333333,6000,0,2,26-30
1171,6,Blue One M,3000,0,Littoral,Male,24,1,157,0.0,0,1,2,21-25
1172,6,Blue One M,3000,2,North West,Male,23,0,161,0.3333333333333333,6000,0,2,21-25
1173,6,Blue One M,3000,2,East,Male,21,0,155,0.3333333333333333,6000,0,2,21-25
1174,6,Blue One M,3000,2,West,Female,30,1,159,0.3333333333333333,6000,0,2,26-30
1175,6,Blue One M,3000,2,Adamawa,Female,22,1,157,0.3333333333333333,6000,0,2,21-25
1176,6,Blue One M,3000,3,South West,Male,24,0,160,0.5,9000,0,2,21-25
1177,6,Blue One M,3000,2,South,Male,27,1,159,0.3333333333333333,6000,0,2,26-30
1178,6,Blue One M,3000,0,South,Female,25,1,159,0.0,0,1,2,21-25
1179,6,Blue One M,3000,2,Far North,Male,26,0,159,0.3333333333333333,6000,0,2,26-30
1180,6,Blue One M,3000,2,Far North,Female,32,0,159,0.3333333333333333,6000,0,2,>30
1181,6,Blue One M,3000,0,North West,Female,23,1,158,0.0,0,1,2,21-25
1182,6,Blue One M,3000,2,East,Male,29,1,158,0.3333333333333333,6000,0,2,26-30
1183,6,Blue One M,3000,3,South West,Female,24,0,157,0.5,9000,0,2,21-25
1184,6,Blue One M,3000,3,West,Female,31,0,157,0.5,9000,0,2,>30
1185,6,Blue One M,3000,3,South West,Female,27,0,157,0.5,9000,0,2,26-30
1186,4,Blue One M,3000,0,South,Female,23,1,81,0.0,0,1,5,21-25
1187,6,Blue One M,3000,2,East,Female,29,0,151,0.3333333333333333,6000,0,2,26-30
1188,6,Blue One M,3000,3,North West,Male,22,0,150,0.5,9000,0,3,21-25
1189,6,Blue One M,3000,2,North West,Female,25,1,150,0.3333333333333333,6000,0,3,21-25
1190,6,Blue One M,3000,2,West,Male,23,1,159,0.3333333333333333,6000,0,2,21-25
1191,6,Blue One M,3000,2,Far North,Female,25,0,159,0.3333333333333333,6000,0,2,21-25
1192,6,Blue One M,3000,3,Far North,Male,28,0,154,0.5,9000,0,2,26-30
1193,6,Blue One M,3000,2,Adamawa,Male,26,1,154,0.3333333333333333,6000,0,2,26-30
1194,6,Blue One M,3000,3,Adamawa,Female,27,0,154,0.5,9000,0,2,26-30
1195,5,Blue One M,3000,3,Littoral,Female,22,0,116,0.6,9000,0,4,21-25
1196,6,Blue One M,3000,0,North,Male,24,1,156,0.0,0,1,2,21-25
1197,5,Blue One M,3000,2,South,Male,25,0,116,0.4,6000,0,4,21-25
1198,5,Blue One M,3000,2,South,Male,25,1,115,0.4,6000,0,4,21-25
1199,6,Blue One M,3000,2,North,Male,30,1,156,0.3333333333333333,6000,0,2,26-30
1200,6,Blue One M,3000,2,South,Female,21,0,151,0.3333333333333333,6000,0,2,21-25
1201,6,Blue One M,3000,2,Centre,Female,23,0,145,0.3333333333333333,6000,0,3,21-25
1202,6,Blue One M,3000,2,South West,Female,23,0,145,0.3333333333333333,6000,0,3,21-25
1203,6,Blue One M,3000,2,East,Male,25,0,143,0.3333333333333333,6000,0,3,21-25
1204,6,Blue One M,3000,0,South West,Male,23,1,147,0.0,0,1,3,21-25
1205,6,Blue One M,3000,2,East,Female,24,0,149,0.3333333333333333,6000,0,3,21-25
1206,6,Blue One M,3000,3,South West,Male,24,0,147,0.5,9000,0,3,21-25
1207,6,Blue One M,3000,2,South,Female,26,0,139,0.3333333333333333,6000,0,3,26-30
1208,6,Blue One M,3000,3,North,Female,29,0,147,0.5,9000,0,3,26-30
1209,6,Blue One M,3000,3,North,Male,30,0,146,0.5,9000,0,3,26-30
1210,6,Blue One M,3000,2,South,Male,26,0,147,0.3333333333333333,6000,0,3,26-30
1211,6,Blue One M,3000,3,Centre,Male,22,0,144,0.5,9000,0,3,21-25
1212,6,Blue One M,3000,0,Adamawa,Male,20,1,142,0.0,0,1,3,<=20
1213,6,Blue One M,3000,3,West,Male,27,0,137,0.5,9000,0,3,26-30
1214,5,Blue One M,3000,2,South,Male,24,1,130,0.4,6000,0,3,21-25
1215,6,Blue One M,3000,3,Adamawa,Male,17,0,142,0.5,9000,0,3,<=20
1216,6,Blue One M,3000,0,South,Male,28,1,144,0.0,0,1,3,26-30
1217,6,Blue One M,3000,2,North West,Male,22,0,136,0.3333333333333333,6000,0,3,21-25
1218,6,Blue One M,3000,2,North West,Female,22,0,145,0.3333333333333333,6000,0,3,21-25
1219,4,Blue One M,3000,0,Littoral,Male,31,1,100,0.0,0,1,4,>30
1220,6,Blue One M,3000,3,East,Male,24,0,136,0.5,9000,0,3,21-25
1221,6,Blue One M,3000,0,North,Male,28,1,138,0.0,0,1,3,26-30
1222,6,Blue One M,3000,2,Centre,Male,25,1,143,0.3333333333333333,6000,0,3,21-25
1223,5,Blue One M,3000,0,North West,Male,19,1,112,0.0,0,1,4,<=20
1224,5,Blue One M,3000,2,Adamawa,Male,23,0,112,0.4,6000,0,4,21-25
1225,6,Blue One M,3000,2,North West,Male,26,0,141,0.3333333333333333,6000,0,3,26-30
1226,6,Blue One M,3000,2,East,Female,22,1,140,0.3333333333333333,6000,0,3,21-25
1227,5,Blue One M,3000,2,West,Female,18,1,126,0.4,6000,0,3,<=20
1228,6,Blue One M,3000,2,Littoral,Male,28,1,143,0.3333333333333333,6000,0,3,26-30
1229,5,Blue One M,3000,0,Centre,Male,22,1,121,0.0,0,1,3,21-25
1230,5,Blue One M,3000,2,Littoral,Male,22,0,133,0.4,6000,0,3,21-25
1231,4,Blue One M,3000,2,North West,Female,25,0,98,0.5,6000,0,4,21-25
1232,6,Blue One M,3000,2,East,Female,26,0,142,0.3333333333333333,6000,0,3,26-30
1233,5,Blue One M,3000,0,North,Female,26,1,133,0.0,0,1,3,26-30
1234,5,Blue One M,3000,2,North,Female,32,1,131,0.4,6000,0,3,>30
1235,6,Blue One M,3000,0,Centre,Female,19,1,144,0.0,0,1,3,<=20
1236,6,Blue One M,3000,2,Littoral,Male,24,1,142,0.3333333333333333,6000,0,3,21-25
1237,6,Blue One M,3000,2,Centre,Female,23,0,140,0.3333333333333333,6000,0,3,21-25
1238,6,Blue One M,3000,2,North West,Male,21,1,140,0.3333333333333333,6000,0,3,21-25
1239,6,Blue One M,3000,0,Centre,Female,27,1,136,0.0,0,1,3,26-30
1240,5,Blue One M,3000,2,South West,Female,20,0,133,0.4,6000,0,3,<=20
1241,6,Blue One M,3000,2,North,Male,27,1,142,0.3333333333333333,6000,0,3,26-30
1242,4,Blue One M,3000,0,North West,Female,21,1,102,0.0,0,1,4,21-25
1243,5,Blue One M,3000,2,Adamawa,Female,26,0,131,0.4,6000,0,3,26-30
1244,4,Blue One M,3000,2,North West,Female,23,0,83,0.5,6000,0,5,21-25
1245,5,Blue One M,3000,2,North,Male,29,1,132,0.4,6000,0,3,26-30
1246,5,Blue One M,3000,0,North,Male,28,1,126,0.0,0,1,3,26-30
1247,5,Blue One M,3000,3,East,Male,29,0,133,0.6,9000,0,3,26-30
1248,5,Blue One M,3000,3,East,Female,27,0,128,0.6,9000,0,3,26-30
1249,6,Blue One M,3000,2,Far North,Female,28,1,142,0.3333333333333333,6000,0,3,26-30
1250,6,Blue One M,3000,3,Centre,Male,28,0,140,0.5,9000,0,3,26-30
1251,6,Blue One M,3000,3,Littoral,Male,26,0,138,0.5,9000,0,3,26-30
1252,6,Blue One M,3000,2,North,Male,27,1,136,0.3333333333333333,6000,0,3,26-30
1253,5,Blue One M,3000,2,South West,Male,25,0,130,0.4,6000,0,3,21-25
1254,5,Blue One M,3000,3,Adamawa,Female,23,0,130,0.6,9000,0,3,21-25
1255,5,Blue One M,3000,2,South,Female,26,1,133,0.4,6000,0,3,26-30
1256,5,Blue One M,3000,2,Adamawa,Male,24,0,126,0.4,6000,0,3,21-25
1257,5,Blue One M,3000,2,Far North,Female,26,0,126,0.4,6000,0,3,26-30
1258,5,Blue One M,3000,3,Centre,Male,26,0,133,0.6,9000,0,3,26-30
1259,5,Blue One M,3000,2,East,Female,26,0,132,0.4,6000,0,3,26-30
1260,6,Blue One M,3000,2,South West,Female,29,0,138,0.3333333333333333,6000,0,3,26-30
1261,6,Blue One M,3000,0,South West,Male,27,1,136,0.0,0,1,3,26-30
1262,6,Blue One M,3000,3,West,Male,25,0,136,0.5,9000,0,3,21-25
1263,6,Blue One M,3000,3,South West,Male,20,0,136,0.5,9000,0,3,<=20
1264,5,Blue One M,3000,0,South,Female,27,1,129,0.0,0,1,3,26-30
1266,5,Blue One M,3000,3,North,Male,29,0,129,0.6,9000,0,3,26-30
1267,5,Blue One M,3000,2,West,Female,20,0,131,0.4,6000,0,3,<=20
1268,6,Blue One M,3000,2,East,Male,24,0,136,0.3333333333333333,6000,0,3,21-25
1269,5,Blue One M,3000,2,North,Male,24,0,133,0.4,6000,0,3,21-25
1270,5,Blue One M,3000,0,South West,Male,19,1,132,0.0,0,1,3,<=20
1271,5,Blue One M,3000,2,North West,Male,20,1,132,0.4,6000,0,3,<=20
1272,5,Blue One M,3000,0,North,Male,25,1,132,0.0,0,1,3,21-25
1273,5,Blue One M,3000,2,Centre,Female,24,0,132,0.4,6000,0,3,21-25
1274,5,Blue One M,3000,2,North West,Male,24,0,132,0.4,6000,0,3,21-25
1275,5,Blue One M,3000,2,Centre,Female,31,0,133,0.4,6000,0,3,>30
1276,5,Blue One M,3000,2,West,Female,23,1,133,0.4,6000,0,3,21-25
1277,5,Blue One M,3000,3,South West,Male,23,0,124,0.6,9000,0,3,21-25
1278,5,Blue One M,3000,3,Centre,Male,20,0,125,0.6,9000,0,3,<=20
1279,5,Blue One M,3000,2,North,Male,23,0,128,0.4,6000,0,3,21-25
1280,5,Blue One M,3000,0,Far North,Male,26,1,126,0.0,0,1,3,26-30
1281,5,Blue One M,3000,2,North West,Male,28,1,129,0.4,6000,0,3,26-30
1282,5,Blue One M,3000,0,Centre,Male,27,1,131,0.0,0,1,3,26-30
1283,5,Blue One M,3000,2,East,Female,21,1,126,0.4,6000,0,3,21-25
1284,5,Blue One M,3000,2,East,Male,26,1,130,0.4,6000,0,3,26-30
1285,5,Blue One M,3000,2,East,Female,29,1,125,0.4,6000,0,3,26-30
1286,5,Blue One M,3000,3,South,Female,29,0,131,0.6,9000,0,3,26-30
1287,5,Blue One M,3000,0,Littoral,Male,26,1,133,0.0,0,1,3,26-30
1288,5,Blue One M,3000,2,Adamawa,Male,20,0,133,0.4,6000,0,3,<=20
1289,5,Blue One M,3000,2,West,Female,25,1,122,0.4,6000,0,3,21-25
1290,5,Blue One M,3000,3,Far North,Male,24,0,131,0.6,9000,0,3,21-25
1291,5,Blue One M,3000,2,North,Male,21,1,123,0.4,6000,0,3,21-25
1292,5,Blue One M,3000,2,Adamawa,Male,27,1,131,0.4,6000,0,3,26-30
1293,5,Blue One M,3000,0,South,Male,24,1,126,0.0,0,1,3,21-25
1294,5,Blue One M,3000,0,Far North,Female,18,1,126,0.0,0,1,3,<=20
1295,5,Blue One M,3000,2,Adamawa,Female,30,1,130,0.4,6000,0,3,26-30
1296,5,Blue One M,3000,3,East,Female,27,0,129,0.6,9000,0,3,26-30
1297,5,Blue One M,3000,3,North West,Male,26,0,123,0.6,9000,0,3,26-30
1298,5,Blue One M,3000,0,South West,Female,24,1,118,0.0,0,1,4,21-25
1299,4,Blue One M,3000,0,South,Male,27,1,102,0.0,0,1,4,26-30
1300,5,Blue One M,3000,2,Centre,Female,24,1,126,0.4,6000,0,3,21-25
1301,5,Blue One M,3000,2,North West,Male,22,1,118,0.4,6000,0,4,21-25
1302,5,Blue One M,3000,0,Far North,Female,26,1,126,0.0,0,1,3,26-30
1303,5,Blue One M,3000,0,Adamawa,Male,19,1,126,0.0,0,1,3,<=20
1304,5,Blue One M,3000,3,North West,Female,26,0,112,0.6,9000,0,4,26-30
1305,5,Blue One M,3000,2,East,Male,23,1,117,0.4,6000,0,4,21-25
1306,5,Blue One M,3000,3,Far North,Male,22,0,125,0.6,9000,0,3,21-25
1307,5,Blue One M,3000,2,South West,Female,29,1,118,0.4,6000,0,4,26-30
1308,4,Blue One M,3000,2,Littoral,Female,25,0,86,0.5,6000,0,5,21-25
1309,5,Blue One M,3000,3,South,Female,24,0,123,0.6,9000,0,3,21-25
1310,5,Blue One M,3000,2,North,Female,26,0,122,0.4,6000,0,3,26-30
1311,5,Blue One M,3000,3,Far North,Male,26,0,111,0.6,9000,0,4,26-30
1312,5,Blue One M,3000,3,North West,Male,27,0,112,0.6,9000,0,4,26-30
1313,4,Blue One M,3000,2,South West,Female,27,1,87,0.5,6000,0,5,26-30
1314,5,Blue One M,3000,3,Littoral,Male,29,0,122,0.6,9000,0,3,26-30
1315,4,Blue One M,3000,3,South,Male,22,0,98,0.75,9000,0,4,21-25
1316,4,Blue One M,3000,3,East,Male,23,0,101,0.75,9000,0,4,21-25
1317,5,Blue One M,3000,3,Centre,Female,22,0,123,0.6,9000,0,3,21-25
1318,5,Blue One M,3000,3,Centre,Male,23,0,123,0.6,9000,0,3,21-25
1319,5,Blue One M,3000,3,West,Female,24,0,125,0.6,9000,0,3,21-25
1320,5,Blue One M,3000,0,East,Female,20,1,124,0.0,0,1,3,<=20
1321,4,Blue One M,3000,0,East,Female,23,1,98,0.0,0,1,4,21-25
1322,5,Blue One M,3000,2,South,Male,21,0,122,0.4,6000,0,3,21-25
1323,5,Blue One M,3000,2,East,Male,22,0,123,0.4,6000,0,3,21-25
1324,5,Blue One M,3000,3,East,Male,20,0,119,0.6,9000,0,3,<=20
1325,5,Blue One M,3000,2,Littoral,Male,27,1,117,0.4,6000,0,4,26-30
1326,5,Blue One M,3000,2,East,Male,25,0,117,0.4,6000,0,4,21-25
1327,5,Blue One M,3000,0,Adamawa,Female,26,1,122,0.0,0,1,3,26-30
1328,5,Blue One M,3000,2,Centre,Female,28,1,121,0.4,6000,0,3,26-30
1329,5,Blue One M,3000,2,Adamawa,Male,22,1,123,0.4,6000,0,3,21-25
1330,5,Blue One M,3000,3,East,Male,23,0,118,0.6,9000,0,4,21-25
1331,5,Blue One M,3000,2,East,Female,21,0,116,0.4,6000,0,4,21-25
1332,5,Blue One M,3000,2,Far North,Male,24,1,110,0.4,6000,0,4,21-25
1333,4,Blue One M,3000,3,West,Male,25,0,76,0.75,9000,0,5,21-25
1335,3,Blue One S,2000,2,Centre,Female,19,0,74,0.6666666666666666,4000,0,5,<=20
1337,4,Blue One M,3000,3,Littoral,Male,25,0,88,0.75,9000,0,5,21-25
1338,4,Blue One M,3000,2,Centre,Female,20,1,91,0.5,6000,0,4,<=20
1339,7,Blue One L,5000,3,West,Female,29,0,166,0.42857142857142855,15000,0,2,26-30
1340,6,Blue One M,3000,3,East,Female,25,0,164,0.5,9000,0,2,21-25
1341,6,Blue One M,3000,2,West,Male,28,0,157,0.3333333333333333,6000,0,2,26-30
1342,7,Blue One L,5000,3,East,Male,26,0,172,0.42857142857142855,15000,0,2,26-30
1343,6,Blue One M,3000,2,East,Male,32,1,138,0.3333333333333333,6000,0,3,>30
1344,6,Blue One M,3000,2,South,Female,27,1,164,0.3333333333333333,6000,0,2,26-30
1345,7,Blue One L,5000,2,Littoral,Female,25,0,169,0.2857142857142857,10000,0,2,21-25
1346,6,Blue One M,3000,2,Centre,Male,26,0,157,0.3333333333333333,6000,0,2,26-30
1347,6,Blue One M,3000,2,Adamawa,Male,28,1,163,0.3333333333333333,6000,0,2,26-30
1348,7,Blue One L,5000,0,South West,Male,27,1,165,0.0,0,1,2,26-30
1349,7,Blue One L,5000,3,Far North,Male,28,0,171,0.42857142857142855,15000,0,2,26-30
1350,7,Blue One L,5000,3,East,Male,29,0,165,0.42857142857142855,15000,0,2,26-30
1351,7,Blue One L,5000,3,Centre,Female,22,0,167,0.42857142857142855,15000,0,2,21-25
1352,7,Blue One L,5000,3,South West,Female,24,0,168,0.42857142857142855,15000,0,2,21-25
1353,6,Blue One M,3000,2,Centre,Female,26,0,145,0.3333333333333333,6000,0,3,26-30
1354,7,Blue One L,5000,3,North West,Female,28,0,172,0.42857142857142855,15000,0,2,26-30
1355,6,Blue One M,3000,0,East,Female,25,1,149,0.0,0,1,3,21-25
1356,6,Blue One M,3000,3,Adamawa,Female,22,0,153,0.5,9000,0,2,21-25
1357,6,Blue One M,3000,0,West,Female,29,1,145,0.0,0,1,3,26-30
1358,6,Blue One M,3000,0,North,Female,27,1,159,0.0,0,1,2,26-30
1359,6,Blue One M,3000,2,Centre,Male,22,0,159,0.3333333333333333,6000,0,2,21-25
1360,7,Blue One L,5000,3,Far North,Male,26,0,166,0.42857142857142855,15000,0,2,26-30
1361,7,Blue One L,5000,3,East,Male,28,0,166,0.42857142857142855,15000,0,2,26-30
1362,6,Blue One M,3000,2,North West,Male,28,0,164,0.3333333333333333,6000,0,2,26-30
1363,7,Blue One L,5000,3,West,Male,26,0,172,0.42857142857142855,15000,0,2,26-30
1364,7,Blue One L,5000,0,North West,Female,27,1,172,0.0,0,1,2,26-30
1365,7,Blue One L,5000,3,South West,Male,25,0,168,0.42857142857142855,15000,0,2,21-25
1366,7,Blue One L,5000,0,Littoral,Female,26,1,172,0.0,0,1,2,26-30
1367,4,Blue One M,3000,3,South,Male,20,0,83,0.75,9000,0,5,<=20
1368,7,Blue One L,5000,3,South,Male,21,0,166,0.42857142857142855,15000,0,2,21-25
1369,6,Blue One M,3000,3,Far North,Male,24,0,157,0.5,9000,0,2,21-25
1370,6,Blue One M,3000,2,South West,Male,29,1,161,0.3333333333333333,6000,0,2,26-30
1371,6,Blue One M,3000,2,North,Male,24,1,158,0.3333333333333333,6000,0,2,21-25
1372,6,Blue One M,3000,3,Centre,Male,31,0,154,0.5,9000,0,2,>30
1373,6,Blue One M,3000,2,North West,Female,25,1,156,0.3333333333333333,6000,0,2,21-25
1374,6,Blue One M,3000,2,South,Male,25,1,135,0.3333333333333333,6000,0,3,21-25
1375,6,Blue One M,3000,0,East,Female,28,1,149,0.0,0,1,3,26-30
1376,7,Blue One L,5000,2,Far North,Male,21,1,166,0.2857142857142857,10000,0,2,21-25
1377,6,Blue One M,3000,3,West,Male,25,0,164,0.5,9000,0,2,21-25
1378,6,Blue One M,3000,0,North West,Male,28,1,160,0.0,0,1,2,26-30
1379,5,Blue One M,3000,0,Adamawa,Male,26,1,126,0.0,0,1,3,26-30
1380,6,Blue One M,3000,2,Far North,Male,27,1,156,0.3333333333333333,6000,0,2,26-30
1381,6,Blue One M,3000,0,Adamawa,Male,24,1,150,0.0,0,1,2,21-25
1382,6,Blue One M,3000,2,South,Male,27,1,157,0.3333333333333333,6000,0,2,26-30
1383,6,Blue One M,3000,2,North,Male,29,1,157,0.3333333333333333,6000,0,2,26-30
1384,6,Blue One M,3000,0,North West,Male,24,1,154,0.0,0,1,2,21-25
1385,6,Blue One M,3000,0,Littoral,Female,25,1,154,0.0,0,1,2,21-25
1386,6,Blue One M,3000,2,North West,Female,23,1,154,0.3333333333333333,6000,0,2,21-25
1387,6,Blue One M,3000,2,Littoral,Female,24,1,151,0.3333333333333333,6000,0,2,21-25
1388,6,Blue One M,3000,2,North,Female,23,0,144,0.3333333333333333,6000,0,3,21-25
1389,6,Blue One M,3000,2,South,Female,26,0,154,0.3333333333333333,6000,0,2,26-30
1390,6,Blue One M,3000,3,South West,Male,25,0,154,0.5,9000,0,2,21-25
1391,6,Blue One M,3000,2,Littoral,Female,28,1,146,0.3333333333333333,6000,0,3,26-30
1392,6,Blue One M,3000,2,South West,Female,21,0,158,0.3333333333333333,6000,0,2,21-25
1393,6,Blue One M,3000,0,East,Female,26,1,158,0.0,0,1,2,26-30
1394,6,Blue One M,3000,2,Adamawa,Male,28,1,158,0.3333333333333333,6000,0,2,26-30
1395,6,Blue One M,3000,2,Adamawa,Male,23,1,158,0.3333333333333333,6000,0,2,21-25
1396,6,Blue One M,3000,0,South,Male,29,1,154,0.0,0,1,2,26-30
1397,6,Blue One M,3000,2,West,Female,26,0,157,0.3333333333333333,6000,0,2,26-30
1398,6,Blue One M,3000,2,Adamawa,Female,31,0,157,0.3333333333333333,6000,0,2,>30
1399,6,Blue One M,3000,2,Littoral,Male,25,0,156,0.3333333333333333,6000,0,2,21-25
1400,6,Blue One M,3000,2,North,Female,23,1,156,0.3333333333333333,6000,0,2,21-25
1401,6,Blue One M,3000,0,West,Female,30,1,156,0.0,0,1,2,26-30
1402,6,Blue One M,3000,2,South,Male,26,0,150,0.3333333333333333,6000,0,3,26-30
1403,6,Blue One M,3000,2,West,Male,27,0,152,0.3333333333333333,6000,0,2,26-30
1404,6,Blue One M,3000,2,South,Male,28,1,154,0.3333333333333333,6000,0,2,26-30
1405,6,Blue One M,3000,2,South West,Male,23,0,153,0.3333333333333333,6000,0,2,21-25
1406,6,Blue One M,3000,2,South West,Female,23,1,152,0.3333333333333333,6000,0,2,21-25
1407,6,Blue One M,3000,3,South,Female,29,0,154,0.5,9000,0,2,26-30
1408,6,Blue One M,3000,2,West,Male,28,0,154,0.3333333333333333,6000,0,2,26-30
1409,6,Blue One M,3000,2,West,Female,31,1,154,0.3333333333333333,6000,0,2,>30
1410,6,Blue One M,3000,2,Littoral,Male,27,1,154,0.3333333333333333,6000,0,2,26-30
1411,6,Blue One M,3000,2,Centre,Female,25,1,143,0.3333333333333333,6000,0,3,21-25
1412,6,Blue One M,3000,2,Far North,Male,27,1,149,0.3333333333333333,6000,0,3,26-30
1413,6,Blue One M,3000,2,West,Female,26,1,147,0.3333333333333333,6000,0,3,26-30
1414,6,Blue One M,3000,0,South West,Male,26,1,137,0.0,0,1,3,26-30
1415,6,Blue One M,3000,2,North West,Male,27,1,149,0.3333333333333333,6000,0,3,26-30
1416,6,Blue One M,3000,0,North West,Female,26,1,151,0.0,0,1,2,26-30
1417,6,Blue One M,3000,2,South,Male,24,1,146,0.3333333333333333,6000,0,3,21-25
1418,6,Blue One M,3000,2,North,Male,28,1,147,0.3333333333333333,6000,0,3,26-30
1419,6,Blue One M,3000,3,Far North,Female,29,0,146,0.5,9000,0,3,26-30
1420,6,Blue One M,3000,0,Littoral,Female,22,1,146,0.0,0,1,3,21-25
1421,6,Blue One M,3000,2,North West,Male,26,1,144,0.3333333333333333,6000,0,3,26-30
1422,6,Blue One M,3000,3,South,Male,23,0,138,0.5,9000,0,3,21-25
1423,6,Blue One M,3000,2,North,Female,27,1,140,0.3333333333333333,6000,0,3,26-30
1424,6,Blue One M,3000,3,North West,Female,24,0,145,0.5,9000,0,3,21-25
1425,6,Blue One M,3000,3,East,Female,30,0,147,0.5,9000,0,3,26-30
1426,6,Blue One M,3000,3,North,Male,26,0,149,0.5,9000,0,3,26-30
1427,5,Blue One M,3000,2,North,Male,30,1,126,0.4,6000,0,3,26-30
1428,6,Blue One M,3000,2,Adamawa,Male,23,1,149,0.3333333333333333,6000,0,3,21-25
1429,5,Blue One M,3000,3,West,Male,22,0,119,0.6,9000,0,3,21-25
1430,6,Blue One M,3000,2,South,Female,22,1,151,0.3333333333333333,6000,0,2,21-25
1431,4,Blue One M,3000,2,Far North,Male,22,0,101,0.5,6000,0,4,21-25
1432,6,Blue One M,3000,2,East,Male,25,1,153,0.3333333333333333,6000,0,2,21-25
1433,6,Blue One M,3000,2,East,Female,28,1,140,0.3333333333333333,6000,0,3,26-30
1434,6,Blue One M,3000,2,North,Female,25,1,140,0.3333333333333333,6000,0,3,21-25
1435,6,Blue One M,3000,2,Littoral,Female,28,1,142,0.3333333333333333,6000,0,3,26-30
1436,6,Blue One M,3000,2,Littoral,Female,31,0,147,0.3333333333333333,6000,0,3,>30
1437,6,Blue One M,3000,0,Littoral,Male,26,1,147,0.0,0,1,3,26-30
1438,6,Blue One M,3000,0,South,Female,21,1,147,0.0,0,1,3,21-25
1439,6,Blue One M,3000,2,Centre,Female,30,1,147,0.3333333333333333,6000,0,3,26-30
1440,6,Blue One M,3000,3,Centre,Male,26,0,136,0.5,9000,0,3,26-30
1441,6,Blue One M,3000,0,Littoral,Female,26,1,138,0.0,0,1,3,26-30
1442,6,Blue One M,3000,0,East,Female,27,1,137,0.0,0,1,3,26-30
1443,6,Blue One M,3000,2,North West,Female,26,0,140,0.3333333333333333,6000,0,3,26-30
1444,6,Blue One M,3000,2,South,Male,22,0,138,0.3333333333333333,6000,0,3,21-25
1445,5,Blue One M,3000,2,East,Male,25,1,130,0.4,6000,0,3,21-25
1446,6,Blue One M,3000,0,South,Male,29,1,135,0.0,0,1,3,26-30
1447,5,Blue One M,3000,0,East,Female,24,1,112,0.0,0,1,4,21-25
1448,6,Blue One M,3000,0,West,Male,25,1,145,0.0,0,1,3,21-25
1449,6,Blue One M,3000,2,Littoral,Female,22,0,145,0.3333333333333333,6000,0,3,21-25
1450,5,Blue One M,3000,2,Adamawa,Female,18,0,132,0.4,6000,0,3,<=20
1451,5,Blue One M,3000,3,Adamawa,Male,19,0,131,0.6,9000,0,3,<=20
1452,5,Blue One M,3000,0,North,Male,21,1,129,0.0,0,1,3,21-25
1453,5,Blue One M,3000,0,East,Female,22,1,131,0.0,0,1,3,21-25
1454,5,Blue One M,3000,2,North West,Male,28,1,126,0.4,6000,0,3,26-30
1455,5,Blue One M,3000,3,North,Male,19,0,133,0.6,9000,0,3,<=20
1456,6,Blue One M,3000,2,East,Female,27,0,137,0.3333333333333333,6000,0,3,26-30
1457,6,Blue One M,3000,3,North West,Male,26,0,137,0.5,9000,0,3,26-30
1458,5,Blue One M,3000,2,Centre,Male,25,1,130,0.4,6000,0,3,21-25
1459,4,Blue One M,3000,0,West,Female,29,1,98,0.0,0,1,4,26-30
1460,5,Blue One M,3000,3,Centre,Female,25,0,132,0.6,9000,0,3,21-25
1461,5,Blue One M,3000,2,Far North,Male,32,0,131,0.4,6000,0,3,>30
1462,4,Blue One M,3000,2,North West,Female,25,0,98,0.5,6000,0,4,21-25
1463,5,Blue One M,3000,2,North West,Male,28,0,125,0.4,6000,0,3,26-30
1464,5,Blue One M,3000,2,South West,Female,25,0,126,0.4,6000,0,3,21-25
1465,5,Blue One M,3000,2,East,Female,22,0,133,0.4,6000,0,3,21-25
1466,5,Blue One M,3000,3,South West,Male,22,0,133,0.6,9000,0,3,21-25
1467,6,Blue One M,3000,2,South West,Male,26,1,137,0.3333333333333333,6000,0,3,26-30
1468,5,Blue One M,3000,0,Littoral,Male,21,1,132,0.0,0,1,3,21-25
1469,6,Blue One M,3000,3,South West,Male,24,0,137,0.5,9000,0,3,21-25
1470,5,Blue One M,3000,2,Adamawa,Female,26,1,116,0.4,6000,0,4,26-30
1471,4,Blue One M,3000,2,East,Male,25,1,104,0.5,6000,0,4,21-25
1472,5,Blue One M,3000,0,East,Female,22,1,132,0.0,0,1,3,21-25
1473,4,Blue One M,3000,3,East,Female,21,0,87,0.75,9000,0,5,21-25
1482,4,Blue One M,3000,2,Far North,Male,25,1,81,0.5,6000,0,5,21-25
1483,4,Blue One M,3000,3,Far North,Male,29,0,98,0.75,9000,0,4,26-30
1484,4,Blue One M,3000,3,South West,Female,24,0,98,0.75,9000,0,4,21-25
1485,4,Blue One M,3000,2,Adamawa,Male,22,0,84,0.5,6000,0,5,21-25
1486,4,Blue One M,3000,2,North,Female,20,0,83,0.5,6000,0,5,<=20
1487,4,Blue One M,3000,2,Adamawa,Female,20,0,89,0.5,6000,0,4,<=20
1488,4,Blue One M,3000,3,North West,Male,27,0,91,0.75,9000,0,4,26-30
1489,5,Blue One M,3000,2,Far North,Male,19,0,126,0.4,6000,0,3,<=20
1490,5,Blue One M,3000,3,Far North,Male,22,0,131,0.6,9000,0,3,21-25
1491,5,Blue One M,3000,3,West,Female,23,0,119,0.6,9000,0,3,21-25
1492,5,Blue One M,3000,3,North,Male,20,0,128,0.6,9000,0,3,<=20
1493,4,Blue One M,3000,2,South,Female,21,0,82,0.5,6000,0,5,21-25
1494,5,Blue One M,3000,3,North,Female,21,0,117,0.6,9000,0,4,21-25
1495,5,Blue One M,3000,2,West,Female,22,0,133,0.4,6000,0,3,21-25
1496,4,Blue One M,3000,2,East,Female,23,0,80,0.5,6000,0,5,21-25
1497,5,Blue One M,3000,3,North,Female,31,0,107,0.6,9000,0,4,>30
1498,5,Blue One M,3000,2,Littoral,Male,23,0,123,0.4,6000,0,3,21-25
1499,5,Blue One M,3000,3,South West,Male,25,0,130,0.6,9000,0,3,21-25
1500,5,Blue One M,3000,0,North,Female,25,1,130,0.0,0,1,3,21-25
1501,5,Blue One M,3000,2,North,Male,25,1,125,0.4,6000,0,3,21-25
1502,5,Blue One M,3000,2,Littoral,Female,23,1,126,0.4,6000,0,3,21-25
1503,5,Blue One M,3000,2,South West,Female,21,1,130,0.4,6000,0,3,21-25
1504,5,Blue One M,3000,0,South West,Female,27,1,126,0.0,0,1,3,26-30
1505,5,Blue One M,3000,2,Far North,Male,22,1,121,0.4,6000,0,3,21-25
1506,5,Blue One M,3000,2,Littoral,Female,28,0,125,0.4,6000,0,3,26-30
1507,5,Blue One M,3000,3,West,Male,23,0,123,0.6,9000,0,3,21-25
1508,5,Blue One M,3000,2,Centre,Female,22,1,128,0.4,6000,0,3,21-25
1509,5,Blue One M,3000,0,East,Male,28,1,126,0.0,0,1,3,26-30
1510,5,Blue One M,3000,2,North,Male,25,0,118,0.4,6000,0,4,21-25
1511,5,Blue One M,3000,2,South,Male,27,0,117,0.4,6000,0,4,26-30
1512,5,Blue One M,3000,3,Far North,Male,26,0,122,0.6,9000,0,3,26-30
1513,5,Blue One M,3000,2,South West,Female,17,0,117,0.4,6000,0,4,<=20
1514,5,Blue One M,3000,3,West,Female,20,0,122,0.6,9000,0,3,<=20
1515,5,Blue One M,3000,3,East,Female,25,0,117,0.6,9000,0,4,21-25
1516,5,Blue One M,3000,2,North,Female,24,1,123,0.4,6000,0,3,21-25
1517,5,Blue One M,3000,3,Centre,Male,25,0,119,0.6,9000,0,3,21-25
1518,5,Blue One M,3000,2,North West,Female,29,1,119,0.4,6000,0,3,26-30
1519,5,Blue One M,3000,3,West,Female,28,0,123,0.6,9000,0,3,26-30
1520,5,Blue One M,3000,2,East,Female,25,0,115,0.4,6000,0,4,21-25
1521,5,Blue One M,3000,2,North,Male,25,0,115,0.4,6000,0,4,21-25
1522,5,Blue One M,3000,2,East,Male,25,1,114,0.4,6000,0,4,21-25
1523,5,Blue One M,3000,0,North West,Female,23,1,112,0.0,0,1,4,21-25
1524,4,Blue One M,3000,3,Centre,Female,21,0,81,0.75,9000,0,5,21-25
1525,4,Blue One M,3000,3,West,Male,24,0,81,0.75,9000,0,5,21-25
1526,4,Blue One M,3000,3,East,Female,26,0,82,0.75,9000,0,5,26-30
1527,5,Blue One M,3000,2,Far North,Male,24,1,134,0.4,6000,0,3,21-25
1528,5,Blue One M,3000,2,South West,Female,25,1,110,0.4,6000,0,4,21-25
1529,5,Blue One M,3000,0,Centre,Male,23,1,129,0.0,0,1,3,21-25
1530,5,Blue One M,3000,3,Centre,Female,30,0,124,0.6,9000,0,3,26-30
1531,5,Blue One M,3000,0,Littoral,Female,25,1,112,0.0,0,1,4,21-25
1532,5,Blue One M,3000,3,Adamawa,Male,26,0,126,0.6,9000,0,3,26-30
1533,5,Blue One M,3000,2,West,Male,24,1,122,0.4,6000,0,3,21-25
1534,5,Blue One M,3000,2,Far North,Female,18,1,124,0.4,6000,0,3,<=20
1535,5,Blue One M,3000,0,Far North,Male,23,1,128,0.0,0,1,3,21-25
1536,5,Blue One M,3000,0,Littoral,Male,26,1,124,0.0,0,1,3,26-30
1537,5,Blue One M,3000,3,Adamawa,Male,26,0,128,0.6,9000,0,3,26-30
1538,5,Blue One M,3000,3,West,Female,25,0,129,0.6,9000,0,3,21-25
1539,3,Blue One S,2000,0,Littoral,Male,27,1,63,0.0,0,1,5,26-30
1541,3,Blue One S,2000,1,East,Male,26,0,63,0.3333333333333333,2000,0,5,26-30
1542,3,Blue One S,2000,2,North,Male,17,0,61,0.6666666666666666,4000,0,5,<=20
1543,3,Blue One S,2000,1,North West,Female,23,0,60,0.3333333333333333,2000,0,5,21-25
1544,4,Blue One M,3000,0,South,Female,18,1,84,0.0,0,1,5,<=20
1545,5,Blue One M,3000,0,Far North,Female,22,1,133,0.0,0,1,3,21-25
1546,5,Blue One M,3000,0,East,Female,27,1,129,0.0,0,1,3,26-30
1547,5,Blue One M,3000,3,North West,Male,23,0,105,0.6,9000,0,4,21-25
1548,5,Blue One M,3000,0,North,Male,24,1,108,0.0,0,1,4,21-25
1549,5,Blue One M,3000,3,South West,Female,28,0,117,0.6,9000,0,4,26-30
1550,5,Blue One M,3000,2,Adamawa,Female,27,1,125,0.4,6000,0,3,26-30
1551,5,Blue One M,3000,2,Littoral,Male,19,0,126,0.4,6000,0,3,<=20
1552,5,Blue One M,3000,2,South,Female,28,0,124,0.4,6000,0,3,26-30
1553,4,Blue One M,3000,3,East,Female,19,0,91,0.75,9000,0,4,<=20
1554,4,Blue One M,3000,3,Centre,Male,29,0,79,0.75,9000,0,5,26-30
1555,4,Blue One M,3000,2,East,Male,24,0,97,0.5,6000,0,4,21-25
1556,4,Blue One M,3000,2,Centre,Female,23,0,92,0.5,6000,0,4,21-25
1557,5,Blue One M,3000,2,Adamawa,Male,25,1,133,0.4,6000,0,3,21-25
1558,5,Blue One M,3000,2,Littoral,Male,28,1,128,0.4,6000,0,3,26-30
1559,7,Blue One L,5000,2,South West,Female,22,1,169,0.2857142857142857,10000,0,2,21-25
1560,7,Blue One L,5000,2,South,Female,27,1,165,0.2857142857142857,10000,0,2,26-30
1561,7,Blue One L,5000,2,Centre,Male,25,1,168,0.2857142857142857,10000,0,2,21-25
1562,7,Blue One L,5000,0,South,Female,27,1,168,0.0,0,1,2,26-30
1563,7,Blue One L,5000,2,East,Male,26,0,171,0.2857142857142857,10000,0,2,26-30
1564,7,Blue One L,5000,0,Littoral,Female,24,1,166,0.0,0,1,2,21-25
1565,6,Blue One M,3000,2,North,Male,24,0,161,0.3333333333333333,6000,0,2,21-25
1566,7,Blue One L,5000,3,Far North,Male,25,0,169,0.42857142857142855,15000,0,2,21-25
1567,6,Blue One M,3000,3,Adamawa,Female,18,0,153,0.5,9000,0,2,<=20
1568,6,Blue One M,3000,3,South,Male,25,0,157,0.5,9000,0,2,21-25
1569,6,Blue One M,3000,2,North West,Male,26,1,161,0.3333333333333333,6000,0,2,26-30
1570,7,Blue One L,5000,3,North,Male,30,0,165,0.42857142857142855,15000,0,2,26-30
1571,6,Blue One M,3000,3,South West,Male,22,0,153,0.5,9000,0,2,21-25
1572,7,Blue One L,5000,2,North West,Male,28,1,166,0.2857142857142857,10000,0,2,26-30
1573,6,Blue One M,3000,3,Centre,Female,25,0,150,0.5,9000,0,2,21-25
1574,6,Blue One M,3000,2,Littoral,Male,22,1,150,0.3333333333333333,6000,0,3,21-25
1575,6,Blue One M,3000,0,North,Male,26,1,149,0.0,0,1,3,26-30
1576,7,Blue One L,5000,2,South West,Female,26,1,165,0.2857142857142857,10000,0,2,26-30
1577,7,Blue One L,5000,2,North West,Male,25,1,166,0.2857142857142857,10000,0,2,21-25
1578,6,Blue One M,3000,2,North West,Male,23,0,150,0.3333333333333333,6000,0,2,21-25
1579,6,Blue One M,3000,0,North West,Female,23,1,154,0.0,0,1,2,21-25
1580,6,Blue One M,3000,2,Adamawa,Female,21,0,153,0.3333333333333333,6000,0,2,21-25
1581,7,Blue One L,5000,2,Littoral,Female,22,0,171,0.2857142857142857,10000,0,2,21-25
1582,6,Blue One M,3000,0,North,Female,24,1,136,0.0,0,1,3,21-25
1583,5,Blue One M,3000,2,North West,Female,29,0,118,0.4,6000,0,4,26-30
1586,4,Blue One M,3000,0,South,Female,24,1,90,0.0,0,1,4,21-25
1587,4,Blue One M,3000,2,Far North,Male,24,0,90,0.5,6000,0,4,21-25
1588,4,Blue One M,3000,3,Littoral,Male,22,0,98,0.75,9000,0,4,21-25
1589,4,Blue One M,3000,2,South,Male,19,0,98,0.5,6000,0,4,<=20
1590,4,Blue One M,3000,0,South West,Female,18,1,97,0.0,0,1,4,<=20
1591,5,Blue One M,3000,0,East,Male,20,1,121,0.0,0,1,3,<=20
1592,5,Blue One M,3000,2,North,Male,24,1,111,0.4,6000,0,4,21-25
1593,5,Blue One M,3000,0,North,Male,23,1,125,0.0,0,1,3,21-25
1594,5,Blue One M,3000,3,Centre,Female,29,0,131,0.6,9000,0,3,26-30
1595,5,Blue One M,3000,2,Adamawa,Male,21,1,123,0.4,6000,0,3,21-25
1596,4,Blue One M,3000,3,Littoral,Female,30,0,97,0.75,9000,0,4,26-30
1597,4,Blue One M,3000,3,Littoral,Male,20,0,95,0.75,9000,0,4,<=20
1598,4,Blue One M,3000,2,North,Male,19,0,97,0.5,6000,0,4,<=20
1599,4,Blue One M,3000,2,Far North,Male,25,1,104,0.5,6000,0,4,21-25
1600,5,Blue One M,3000,3,Centre,Female,31,0,105,0.6,9000,0,4,>30
1601,5,Blue One M,3000,2,South West,Female,23,1,117,0.4,6000,0,4,21-25
1602,5,Blue One M,3000,3,North,Male,26,0,112,0.6,9000,0,4,26-30
1603,5,Blue One M,3000,2,Far North,Male,24,1,124,0.4,6000,0,3,21-25
1604,5,Blue One M,3000,2,Adamawa,Female,25,1,128,0.4,6000,0,3,21-25
1605,4,Blue One M,3000,0,East,Male,25,1,76,0.0,0,1,5,21-25
1606,4,Blue One M,3000,0,Adamawa,Female,22,1,82,0.0,0,1,5,21-25
1607,4,Blue One M,3000,2,South West,Female,23,0,88,0.5,6000,0,5,21-25
1608,4,Blue One M,3000,0,South West,Male,24,1,83,0.0,0,1,5,21-25
1609,4,Blue One M,3000,2,Far North,Female,23,0,90,0.5,6000,0,4,21-25
1610,4,Blue One M,3000,2,Centre,Male,23,1,95,0.5,6000,0,4,21-25
1611,4,Blue One M,3000,3,North West,Male,22,0,82,0.75,9000,0,5,21-25
1612,4,Blue One M,3000,2,Littoral,Female,18,0,84,0.5,6000,0,5,<=20
1613,4,Blue One M,3000,2,West,Female,25,0,81,0.5,6000,0,5,21-25
1614,5,Blue One M,3000,0,North West,Male,25,1,118,0.0,0,1,4,21-25
1615,5,Blue One M,3000,2,North,Female,27,0,114,0.4,6000,0,4,26-30
1616,5,Blue One M,3000,2,South,Female,17,0,107,0.4,6000,0,4,<=20
1617,5,Blue One M,3000,3,Centre,Male,28,0,115,0.6,9000,0,4,26-30
1618,5,Blue One M,3000,2,South,Male,27,0,110,0.4,6000,0,4,26-30
1619,5,Blue One M,3000,2,Far North,Male,22,1,117,0.4,6000,0,4,21-25
1620,5,Blue One M,3000,2,East,Female,24,0,116,0.4,6000,0,4,21-25
1621,5,Blue One M,3000,2,Far North,Male,28,1,110,0.4,6000,0,4,26-30
1622,5,Blue One M,3000,2,South,Male,27,0,108,0.4,6000,0,4,26-30
1623,5,Blue One M,3000,3,East,Male,23,0,111,0.6,9000,0,4,21-25
1624,5,Blue One M,3000,2,Centre,Male,22,0,114,0.4,6000,0,4,21-25
1625,5,Blue One M,3000,2,East,Female,24,0,108,0.4,6000,0,4,21-25
1626,4,Blue One M,3000,2,North West,Female,25,1,76,0.5,6000,0,5,21-25
1627,5,Blue One M,3000,3,West,Female,24,0,105,0.6,9000,0,4,21-25
1628,5,Blue One M,3000,2,South West,Male,28,0,110,0.4,6000,0,4,26-30
1629,3,Blue One S,2000,2,South West,Female,18,0,74,0.6666666666666666,4000,0,5,<=20
1630,5,Blue One M,3000,3,West,Male,27,0,112,0.6,9000,0,4,26-30
1631,5,Blue One M,3000,2,West,Male,21,0,105,0.4,6000,0,4,21-25
1632,5,Blue One M,3000,0,Littoral,Male,23,1,111,0.0,0,1,4,21-25
1633,5,Blue One M,3000,3,North,Male,24,0,108,0.6,9000,0,4,21-25
1634,5,Blue One M,3000,3,North,Male,23,0,110,0.6,9000,0,4,21-25
1635,4,Blue One M,3000,0,North,Male,26,1,102,0.0,0,1,4,26-30
1636,4,Blue One M,3000,3,North,Male,26,0,103,0.75,9000,0,4,26-30
1637,5,Blue One M,3000,2,North,Male,21,0,105,0.4,6000,0,4,21-25
1638,4,Blue One M,3000,3,Adamawa,Male,26,0,99,0.75,9000,0,4,26-30
1639,4,Blue One M,3000,0,Adamawa,Male,20,1,99,0.0,0,1,4,<=20
1640,4,Blue One M,3000,2,South West,Male,22,1,84,0.5,6000,0,5,21-25
1641,4,Blue One M,3000,3,South West,Male,22,0,100,0.75,9000,0,4,21-25
1642,4,Blue One M,3000,2,Adamawa,Female,29,0,87,0.5,6000,0,5,26-30
1643,5,Blue One M,3000,2,West,Male,20,0,112,0.4,6000,0,4,<=20
1644,5,Blue One M,3000,2,Littoral,Female,25,0,108,0.4,6000,0,4,21-25
1645,5,Blue One M,3000,2,Littoral,Male,19,1,112,0.4,6000,0,4,<=20
1648,3,Blue One S,2000,1,South West,Male,22,0,74,0.3333333333333333,2000,0,5,21-25
1649,4,Blue One M,3000,3,North West,Male,21,0,76,0.75,9000,0,5,21-25
1650,4,Blue One M,3000,3,South West,Male,25,0,77,0.75,9000,0,5,21-25
1651,4,Blue One M,3000,2,Littoral,Female,22,0,80,0.5,6000,0,5,21-25
1652,4,Blue One M,3000,3,Adamawa,Female,22,0,84,0.75,9000,0,5,21-25
1653,4,Blue One M,3000,3,Adamawa,Male,23,0,79,0.75,9000,0,5,21-25
1656,4,Blue One M,3000,0,Far North,Female,29,1,84,0.0,0,1,5,26-30
1657,4,Blue One M,3000,2,Littoral,Male,22,0,80,0.5,6000,0,5,21-25
1658,4,Blue One M,3000,3,North,Male,24,0,79,0.75,9000,0,5,21-25
1659,4,Blue One M,3000,2,Centre,Female,24,0,79,0.5,6000,0,5,21-25
1660,4,Blue One M,3000,3,Littoral,Male,26,0,87,0.75,9000,0,5,26-30
1661,3,Blue One S,2000,2,East,Male,18,0,71,0.6666666666666666,4000,0,5,<=20
1662,4,Blue One M,3000,2,Adamawa,Female,25,0,77,0.5,6000,0,5,21-25
1668,4,Blue One M,3000,2,Littoral,Female,25,0,76,0.5,6000,0,5,21-25
1669,5,Blue One M,3000,2,North West,Male,25,1,108,0.4,6000,0,4,21-25
1670,5,Blue One M,3000,3,Adamawa,Male,18,0,110,0.6,9000,0,4,<=20
1671,5,Blue One M,3000,3,South West,Male,19,0,108,0.6,9000,0,4,<=20
1673,5,Blue One M,3000,2,East,Male,32,0,108,0.4,6000,0,4,>30
1674,5,Blue One M,3000,3,East,Male,23,0,105,0.6,9000,0,4,21-25
1675,5,Blue One M,3000,3,Littoral,Male,25,0,109,0.6,9000,0,4,21-25
1676,4,Blue One M,3000,3,Adamawa,Male,23,0,103,0.75,9000,0,4,21-25
1677,5,Blue One M,3000,2,Littoral,Female,22,0,108,0.4,6000,0,4,21-25
1678,5,Blue One M,3000,2,North,Male,25,1,106,0.4,6000,0,4,21-25
1679,5,Blue One M,3000,0,West,Male,27,1,105,0.0,0,1,4,26-30
1680,4,Blue One M,3000,2,East,Male,24,0,104,0.5,6000,0,4,21-25
1681,4,Blue One M,3000,2,East,Female,24,1,104,0.5,6000,0,4,21-25
1682,4,Blue One M,3000,3,East,Female,26,0,86,0.75,9000,0,5,26-30
1683,4,Blue One M,3000,0,South,Female,24,1,101,0.0,0,1,4,21-25
1684,4,Blue One M,3000,3,East,Female,24,0,100,0.75,9000,0,4,21-25
1685,5,Blue One M,3000,3,North,Male,30,0,105,0.6,9000,0,4,26-30
1686,4,Blue One M,3000,0,South,Female,28,1,93,0.0,0,1,4,26-30
1687,5,Blue One M,3000,3,Centre,Female,28,0,104,0.6,9000,0,4,26-30
1688,4,Blue One M,3000,0,South West,Male,25,1,104,0.0,0,1,4,21-25
1689,4,Blue One M,3000,2,Centre,Male,27,1,91,0.5,6000,0,4,26-30
1690,4,Blue One M,3000,2,North,Male,21,0,93,0.5,6000,0,4,21-25
1691,4,Blue One M,3000,2,Centre,Female,22,1,104,0.5,6000,0,4,21-25
1692,4,Blue One M,3000,3,North West,Male,22,0,102,0.75,9000,0,4,21-25
1693,4,Blue One M,3000,2,Centre,Male,22,0,93,0.5,6000,0,4,21-25
1694,4,Blue One M,3000,3,Adamawa,Male,26,0,104,0.75,9000,0,4,26-30
1695,5,Blue One M,3000,3,South,Male,20,0,105,0.6,9000,0,4,<=20
1696,5,Blue One M,3000,2,West,Female,24,1,105,0.4,6000,0,4,21-25
1697,5,Blue One M,3000,0,West,Male,25,1,132,0.0,0,1,3,21-25
1698,5,Blue One M,3000,2,North,Male,25,0,131,0.4,6000,0,3,21-25
1699,5,Blue One M,3000,3,South,Male,25,0,131,0.6,9000,0,3,21-25
1701,5,Blue One M,3000,0,West,Male,21,1,124,0.0,0,1,3,21-25
1702,5,Blue One M,3000,0,West,Female,27,1,132,0.0,0,1,3,26-30
1703,5,Blue One M,3000,2,North West,Male,25,1,105,0.4,6000,0,4,21-25
1704,5,Blue One M,3000,3,Centre,Male,25,0,124,0.6,9000,0,3,21-25
1705,5,Blue One M,3000,0,Adamawa,Female,24,1,128,0.0,0,1,3,21-25
1706,5,Blue One M,3000,2,South West,Male,24,1,126,0.4,6000,0,3,21-25
1707,5,Blue One M,3000,0,Littoral,Male,24,1,111,0.0,0,1,4,21-25
1708,5,Blue One M,3000,2,Centre,Male,29,0,130,0.4,6000,0,3,26-30
1709,5,Blue One M,3000,3,Far North,Female,26,0,129,0.6,9000,0,3,26-30
1710,5,Blue One M,3000,3,South,Female,26,0,132,0.6,9000,0,3,26-30
1711,5,Blue One M,3000,2,East,Male,24,0,121,0.4,6000,0,3,21-25
1712,5,Blue One M,3000,2,Far North,Male,23,0,125,0.4,6000,0,3,21-25
1713,5,Blue One M,3000,2,Littoral,Female,21,0,124,0.4,6000,0,3,21-25
1714,5,Blue One M,3000,2,North,Male,22,1,118,0.4,6000,0,4,21-25
1715,5,Blue One M,3000,3,North,Male,29,0,127,0.6,9000,0,3,26-30
1716,5,Blue One M,3000,2,Far North,Male,28,0,125,0.4,6000,0,3,26-30
1717,5,Blue One M,3000,3,South West,Female,23,0,124,0.6,9000,0,3,21-25
1718,5,Blue One M,3000,2,Adamawa,Male,24,0,117,0.4,6000,0,4,21-25
1719,5,Blue One M,3000,2,South,Female,23,1,115,0.4,6000,0,4,21-25
1720,4,Blue One M,3000,0,Littoral,Female,25,1,84,0.0,0,1,5,21-25
1721,5,Blue One M,3000,2,Far North,Male,24,0,125,0.4,6000,0,3,21-25
1722,4,Blue One M,3000,2,North,Female,23,0,81,0.5,6000,0,5,21-25
1723,4,Blue One M,3000,0,North,Male,28,1,96,0.0,0,1,4,26-30
1724,4,Blue One M,3000,2,Littoral,Male,28,1,96,0.5,6000,0,4,26-30
1725,4,Blue One M,3000,2,Centre,Male,20,1,84,0.5,6000,0,5,<=20
1726,4,Blue One M,3000,2,West,Male,27,0,77,0.5,6000,0,5,26-30
1727,4,Blue One M,3000,3,Littoral,Male,26,0,97,0.75,9000,0,4,26-30
1728,4,Blue One M,3000,2,North West,Male,26,0,97,0.5,6000,0,4,26-30
1729,4,Blue One M,3000,3,East,Male,26,0,101,0.75,9000,0,4,26-30
1730,4,Blue One M,3000,2,North,Female,23,1,95,0.5,6000,0,4,21-25
1731,4,Blue One M,3000,2,Adamawa,Female,20,0,80,0.5,6000,0,5,<=20
1732,5,Blue One M,3000,3,North,Male,31,0,108,0.6,9000,0,4,>30
1733,4,Blue One M,3000,2,North,Male,27,0,80,0.5,6000,0,5,26-30
1734,5,Blue One M,3000,2,North,Female,29,1,107,0.4,6000,0,4,26-30
1736,4,Blue One M,3000,2,Adamawa,Female,20,0,91,0.5,6000,0,4,<=20
1737,4,Blue One M,3000,0,Centre,Female,23,1,95,0.0,0,1,4,21-25
1738,4,Blue One M,3000,2,Centre,Male,27,0,96,0.5,6000,0,4,26-30
1739,4,Blue One M,3000,2,North West,Male,32,0,94,0.5,6000,0,4,>30
1740,4,Blue One M,3000,2,Littoral,Female,20,1,97,0.5,6000,0,4,<=20
1741,4,Blue One M,3000,3,Littoral,Male,21,0,100,0.75,9000,0,4,21-25
1742,4,Blue One M,3000,0,South West,Female,17,1,103,0.0,0,1,4,<=20
1743,4,Blue One M,3000,2,East,Male,21,0,94,0.5,6000,0,4,21-25
1744,4,Blue One M,3000,2,Adamawa,Female,26,1,96,0.5,6000,0,4,26-30
1745,4,Blue One M,3000,2,West,Male,23,0,103,0.5,6000,0,4,21-25
1746,5,Blue One M,3000,3,South,Male,19,0,105,0.6,9000,0,4,<=20
1747,5,Blue One M,3000,3,South,Male,28,0,107,0.6,9000,0,4,26-30
1748,5,Blue One M,3000,2,North West,Male,26,0,108,0.4,6000,0,4,26-30
1749,4,Blue One M,3000,3,Centre,Female,26,0,95,0.75,9000,0,4,26-30
1750,4,Blue One M,3000,2,West,Male,23,0,104,0.5,6000,0,4,21-25
1751,4,Blue One M,3000,3,North,Female,26,0,89,0.75,9000,0,4,26-30
1752,4,Blue One M,3000,2,Adamawa,Female,20,0,82,0.5,6000,0,5,<=20
1753,4,Blue One M,3000,2,South,Male,25,0,102,0.5,6000,0,4,21-25
1754,5,Blue One M,3000,3,East,Female,20,0,108,0.6,9000,0,4,<=20
1755,5,Blue One M,3000,3,South West,Male,23,0,107,0.6,9000,0,4,21-25
1756,5,Blue One M,3000,2,Adamawa,Male,26,1,105,0.4,6000,0,4,26-30
1757,4,Blue One M,3000,2,North,Male,21,0,84,0.5,6000,0,5,21-25
1758,4,Blue One M,3000,2,Littoral,Male,29,0,91,0.5,6000,0,4,26-30
1759,4,Blue One M,3000,3,East,Female,24,0,84,0.75,9000,0,5,21-25
1760,4,Blue One M,3000,2,Centre,Female,25,0,82,0.5,6000,0,5,21-25
1761,4,Blue One M,3000,2,North,Male,23,0,83,0.5,6000,0,5,21-25
1762,4,Blue One M,3000,2,Far North,Female,26,0,87,0.5,6000,0,5,26-30
1763,4,Blue One M,3000,3,North,Female,22,0,81,0.75,9000,0,5,21-25
1764,4,Blue One M,3000,3,East,Female,25,0,90,0.75,9000,0,4,21-25
1765,4,Blue One M,3000,2,Far North,Female,27,0,81,0.5,6000,0,5,26-30
1766,4,Blue One M,3000,2,South,Female,27,1,84,0.5,6000,0,5,26-30
1767,4,Blue One M,3000,3,Adamawa,Female,23,0,84,0.75,9000,0,5,21-25
1768,4,Blue One M,3000,2,West,Female,20,1,83,0.5,6000,0,5,<=20
1769,4,Blue One M,3000,3,Far North,Female,24,0,95,0.75,9000,0,4,21-25
1770,4,Blue One M,3000,2,South,Female,23,0,84,0.5,6000,0,5,21-25
1771,4,Blue One M,3000,2,Littoral,Female,22,1,92,0.5,6000,0,4,21-25
1772,4,Blue One M,3000,2,South West,Female,24,1,96,0.5,6000,0,4,21-25
1773,4,Blue One M,3000,2,East,Female,20,1,81,0.5,6000,0,5,<=20
1774,4,Blue One M,3000,3,Littoral,Male,23,0,80,0.75,9000,0,5,21-25
1775,4,Blue One M,3000,2,South West,Female,27,0,79,0.5,6000,0,5,26-30
1776,4,Blue One M,3000,3,West,Female,25,0,77,0.75,9000,0,5,21-25
1807,4,Blue One M,3000,3,South,Female,21,0,76,0.75,9000,0,5,21-25
1809,4,Blue One M,3000,3,North,Male,24,0,79,0.75,9000,0,5,21-25
1810,4,Blue One M,3000,3,West,Male,22,0,77,0.75,9000,0,5,21-25
1814,4,Blue One M,3000,2,South West,Female,21,0,77,0.5,6000,0,5,21-25
1828,4,Blue One M,3000,3,Adamawa,Female,27,0,80,0.75,9000,0,5,26-30
1829,4,Blue One M,3000,3,South,Male,29,0,77,0.75,9000,0,5,26-30
1835,4,Blue One M,3000,2,Adamawa,Female,22,0,80,0.5,6000,0,5,21-25
1836,4,Blue One M,3000,2,Centre,Male,19,0,76,0.5,6000,0,5,<=20
1837,4,Blue One M,3000,2,South,Male,33,0,81,0.5,6000,0,5,>30
1838,4,Blue One M,3000,2,South West,Female,25,0,77,0.5,6000,0,5,21-25
1840,6,Blue One M,3000,3,South West,Female,22,0,151,0.5,9000,0,2,21-25
1841,5,Blue One M,3000,0,North West,Male,25,1,125,0.0,0,1,3,21-25
1842,6,Blue One M,3000,2,West,Female,21,1,150,0.3333333333333333,6000,0,2,21-25
1843,6,Blue One M,3000,2,Adamawa,Female,26,0,150,0.3333333333333333,6000,0,2,26-30
1844,6,Blue One M,3000,3,Adamawa,Female,25,0,150,0.5,9000,0,2,21-25
1845,6,Blue One M,3000,3,Centre,Female,24,0,148,0.5,9000,0,3,21-25
1846,6,Blue One M,3000,0,West,Male,30,1,147,0.0,0,1,3,26-30
1847,6,Blue One M,3000,0,South West,Male,27,1,149,0.0,0,1,3,26-30
1848,6,Blue One M,3000,0,East,Male,25,1,150,0.0,0,1,3,21-25
1849,6,Blue One M,3000,2,East,Female,27,0,150,0.3333333333333333,6000,0,3,26-30
1850,5,Blue One M,3000,2,Littoral,Female,25,1,130,0.4,6000,0,3,21-25
1851,5,Blue One M,3000,2,Centre,Female,30,0,121,0.4,6000,0,3,26-30
1852,5,Blue One M,3000,0,South West,Male,24,1,111,0.0,0,1,4,21-25
1853,5,Blue One M,3000,3,Far North,Female,23,0,132,0.6,9000,0,3,21-25
1854,5,Blue One M,3000,2,West,Female,26,1,134,0.4,6000,0,3,26-30
1855,5,Blue One M,3000,0,South West,Male,23,1,128,0.0,0,1,3,21-25
1856,6,Blue One M,3000,2,Far North,Male,25,1,147,0.3333333333333333,6000,0,3,21-25
1857,5,Blue One M,3000,2,West,Female,23,1,117,0.4,6000,0,4,21-25
1858,5,Blue One M,3000,2,South West,Male,23,1,133,0.4,6000,0,3,21-25
1859,5,Blue One M,3000,2,South,Male,24,0,133,0.4,6000,0,3,21-25
1860,6,Blue One M,3000,2,North,Male,29,0,140,0.3333333333333333,6000,0,3,26-30
1861,6,Blue One M,3000,2,Far North,Male,22,1,140,0.3333333333333333,6000,0,3,21-25
1862,6,Blue One M,3000,2,Adamawa,Male,24,1,140,0.3333333333333333,6000,0,3,21-25
1863,6,Blue One M,3000,2,Centre,Male,25,0,139,0.3333333333333333,6000,0,3,21-25
1864,6,Blue One M,3000,2,North,Male,28,0,146,0.3333333333333333,6000,0,3,26-30
1865,6,Blue One M,3000,0,Adamawa,Male,26,1,146,0.0,0,1,3,26-30
1866,6,Blue One M,3000,0,Centre,Female,25,1,145,0.0,0,1,3,21-25
1867,6,Blue One M,3000,0,West,Male,21,1,144,0.0,0,1,3,21-25
1868,5,Blue One M,3000,2,South West,Male,21,1,130,0.4,6000,0,3,21-25
1869,6,Blue One M,3000,3,West,Female,22,0,144,0.5,9000,0,3,21-25
1870,6,Blue One M,3000,2,Centre,Female,30,0,143,0.3333333333333333,6000,0,3,26-30
1871,6,Blue One M,3000,3,North,Female,25,0,143,0.5,9000,0,3,21-25
1872,6,Blue One M,3000,0,Far North,Male,21,1,143,0.0,0,1,3,21-25
1873,6,Blue One M,3000,0,West,Female,29,1,143,0.0,0,1,3,26-30
1874,6,Blue One M,3000,2,South,Male,25,1,145,0.3333333333333333,6000,0,3,21-25
1875,6,Blue One M,3000,2,Far North,Female,24,0,143,0.3333333333333333,6000,0,3,21-25
1876,6,Blue One M,3000,2,East,Female,24,0,144,0.3333333333333333,6000,0,3,21-25
1877,6,Blue One M,3000,0,Centre,Male,21,1,143,0.0,0,1,3,21-25
1878,6,Blue One M,3000,2,North West,Male,26,1,139,0.3333333333333333,6000,0,3,26-30
1879,6,Blue One M,3000,2,North,Male,23,0,139,0.3333333333333333,6000,0,3,21-25
1880,6,Blue One M,3000,2,Far North,Male,25,0,139,0.3333333333333333,6000,0,3,21-25
1881,6,Blue One M,3000,2,South,Male,22,0,139,0.3333333333333333,6000,0,3,21-25
1882,5,Blue One M,3000,3,North West,Male,25,0,131,0.6,9000,0,3,21-25
1883,5,Blue One M,3000,0,North,Male,21,1,133,0.0,0,1,3,21-25
1884,5,Blue One M,3000,2,West,Male,26,0,134,0.4,6000,0,3,26-30
1885,5,Blue One M,3000,2,East,Male,25,0,134,0.4,6000,0,3,21-25
1886,5,Blue One M,3000,3,North West,Female,22,0,132,0.6,9000,0,3,21-25
1887,5,Blue One M,3000,2,North West,Female,21,1,132,0.4,6000,0,3,21-25
1889,5,Blue One M,3000,2,Adamawa,Male,19,0,130,0.4,6000,0,3,<=20
1890,5,Blue One M,3000,2,Littoral,Male,28,0,126,0.4,6000,0,3,26-30
1891,5,Blue One M,3000,2,South West,Female,24,0,126,0.4,6000,0,3,21-25
1892,5,Blue One M,3000,2,Adamawa,Male,20,0,126,0.4,6000,0,3,<=20
1893,5,Blue One M,3000,3,Far North,Male,26,0,123,0.6,9000,0,3,26-30
1894,5,Blue One M,3000,2,North West,Female,22,0,123,0.4,6000,0,3,21-25
1895,5,Blue One M,3000,3,North West,Male,27,0,119,0.6,9000,0,3,26-30
1896,6,Blue One M,3000,3,East,Male,29,0,140,0.5,9000,0,3,26-30
1897,4,Blue One M,3000,3,Littoral,Female,19,0,104,0.75,9000,0,4,<=20
1898,6,Blue One M,3000,2,East,Female,22,1,143,0.3333333333333333,6000,0,3,21-25
1899,5,Blue One M,3000,0,Littoral,Male,23,1,124,0.0,0,1,3,21-25
1900,4,Blue One M,3000,2,East,Male,24,1,92,0.5,6000,0,4,21-25
1901,6,Blue One M,3000,0,West,Male,28,1,147,0.0,0,1,3,26-30
1902,6,Blue One M,3000,2,South,Female,28,1,145,0.3333333333333333,6000,0,3,26-30
1903,6,Blue One M,3000,3,East,Female,27,0,142,0.5,9000,0,3,26-30
1904,6,Blue One M,3000,2,South West,Female,22,0,143,0.3333333333333333,6000,0,3,21-25
1905,6,Blue One M,3000,2,South,Female,24,1,145,0.3333333333333333,6000,0,3,21-25
1906,6,Blue One M,3000,2,North,Female,27,0,147,0.3333333333333333,6000,0,3,26-30
1907,6,Blue One M,3000,0,North West,Male,28,1,138,0.0,0,1,3,26-30
1908,5,Blue One M,3000,2,North,Male,22,0,128,0.4,6000,0,3,21-25
1909,5,Blue One M,3000,2,East,Female,26,0,119,0.4,6000,0,3,26-30
1910,5,Blue One M,3000,3,North,Male,24,0,128,0.6,9000,0,3,21-25
1911,5,Blue One M,3000,2,East,Male,30,1,115,0.4,6000,0,4,26-30
1912,6,Blue One M,3000,0,Far North,Male,31,1,145,0.0,0,1,3,>30
1913,5,Blue One M,3000,2,North West,Female,28,1,124,0.4,6000,0,3,26-30
1914,6,Blue One M,3000,3,Far North,Female,28,0,140,0.5,9000,0,3,26-30
1915,4,Blue One M,3000,3,South West,Male,20,0,83,0.75,9000,0,5,<=20
1916,6,Blue One M,3000,2,West,Male,23,0,143,0.3333333333333333,6000,0,3,21-25
1917,4,Blue One M,3000,2,North,Male,22,1,90,0.5,6000,0,4,21-25
1918,6,Blue One M,3000,2,East,Female,29,0,147,0.3333333333333333,6000,0,3,26-30
1919,6,Blue One M,3000,0,South,Female,25,1,146,0.0,0,1,3,21-25
1920,6,Blue One M,3000,0,West,Female,27,1,146,0.0,0,1,3,26-30
1921,6,Blue One M,3000,2,North,Male,22,0,146,0.3333333333333333,6000,0,3,21-25
1922,6,Blue One M,3000,2,North West,Male,23,0,142,0.3333333333333333,6000,0,3,21-25
1923,5,Blue One M,3000,2,North West,Male,22,0,134,0.4,6000,0,3,21-25
1925,6,Blue One M,3000,3,South,Female,23,0,142,0.5,9000,0,3,21-25
1926,6,Blue One M,3000,2,South,Female,25,0,142,0.3333333333333333,6000,0,3,21-25
1927,6,Blue One M,3000,3,Adamawa,Male,23,0,141,0.5,9000,0,3,21-25
1928,6,Blue One M,3000,3,South,Male,26,0,141,0.5,9000,0,3,26-30
1929,5,Blue One M,3000,3,North,Male,25,0,133,0.6,9000,0,3,21-25
1930,5,Blue One M,3000,0,East,Female,23,1,126,0.0,0,1,3,21-25
1931,4,Blue One M,3000,3,Far North,Male,20,0,101,0.75,9000,0,4,<=20
1932,6,Blue One M,3000,0,East,Male,25,1,141,0.0,0,1,3,21-25
1933,5,Blue One M,3000,3,West,Male,29,0,133,0.6,9000,0,3,26-30
1934,6,Blue One M,3000,2,West,Male,32,0,140,0.3333333333333333,6000,0,3,>30
1935,6,Blue One M,3000,0,South,Female,26,1,142,0.0,0,1,3,26-30
1936,6,Blue One M,3000,0,South,Female,24,1,140,0.0,0,1,3,21-25
1937,6,Blue One M,3000,2,South West,Female,31,1,140,0.3333333333333333,6000,0,3,>30
1938,6,Blue One M,3000,3,Littoral,Male,20,0,136,0.5,9000,0,3,<=20
1939,6,Blue One M,3000,2,South,Male,29,1,139,0.3333333333333333,6000,0,3,26-30
1940,6,Blue One M,3000,0,Far North,Male,23,1,140,0.0,0,1,3,21-25
1941,6,Blue One M,3000,0,Adamawa,Male,24,1,138,0.0,0,1,3,21-25
1942,6,Blue One M,3000,2,South,Female,18,1,137,0.3333333333333333,6000,0,3,<=20
1943,5,Blue One M,3000,3,Littoral,Female,22,0,104,0.6,9000,0,4,21-25
1944,5,Blue One M,3000,0,North West,Female,20,1,129,0.0,0,1,3,<=20
1945,6,Blue One M,3000,3,West,Male,26,0,140,0.5,9000,0,3,26-30
1946,6,Blue One M,3000,0,North West,Female,19,1,138,0.0,0,1,3,<=20
1947,5,Blue One M,3000,2,East,Male,25,0,107,0.4,6000,0,4,21-25
1948,6,Blue One M,3000,2,Littoral,Female,25,1,153,0.3333333333333333,6000,0,2,21-25
1949,6,Blue One M,3000,2,East,Male,24,0,150,0.3333333333333333,6000,0,2,21-25
1950,6,Blue One M,3000,2,Adamawa,Male,26,1,150,0.3333333333333333,6000,0,2,26-30
1951,6,Blue One M,3000,3,Adamawa,Male,27,0,150,0.5,9000,0,2,26-30
1952,6,Blue One M,3000,3,Adamawa,Male,28,0,145,0.5,9000,0,3,26-30
1953,6,Blue One M,3000,2,North West,Female,25,1,146,0.3333333333333333,6000,0,3,21-25
1954,6,Blue One M,3000,2,West,Male,31,1,145,0.3333333333333333,6000,0,3,>30
1955,6,Blue One M,3000,2,North,Female,29,0,145,0.3333333333333333,6000,0,3,26-30
1956,6,Blue One M,3000,2,North West,Male,30,1,145,0.3333333333333333,6000,0,3,26-30
1957,6,Blue One M,3000,2,North West,Female,25,0,145,0.3333333333333333,6000,0,3,21-25
1958,6,Blue One M,3000,0,South West,Female,26,1,141,0.0,0,1,3,26-30
1959,6,Blue One M,3000,2,South,Female,28,1,141,0.3333333333333333,6000,0,3,26-30
1960,6,Blue One M,3000,3,South,Male,27,0,142,0.5,9000,0,3,26-30
1961,6,Blue One M,3000,2,East,Female,27,1,140,0.3333333333333333,6000,0,3,26-30
1962,6,Blue One M,3000,0,East,Female,25,1,139,0.0,0,1,3,21-25
1963,5,Blue One M,3000,2,South West,Female,26,1,134,0.4,6000,0,3,26-30
1964,6,Blue One M,3000,2,Littoral,Female,23,0,137,0.3333333333333333,6000,0,3,21-25
1965,6,Blue One M,3000,0,Far North,Male,26,1,144,0.0,0,1,3,26-30
1966,5,Blue One M,3000,0,Far North,Female,23,1,122,0.0,0,1,3,21-25
1967,6,Blue One M,3000,2,Far North,Male,27,0,138,0.3333333333333333,6000,0,3,26-30
1968,5,Blue One M,3000,0,South West,Male,26,1,119,0.0,0,1,4,26-30
1969,6,Blue One M,3000,2,North,Male,28,0,135,0.3333333333333333,6000,0,3,26-30
1970,6,Blue One M,3000,2,West,Female,29,1,136,0.3333333333333333,6000,0,3,26-30
1971,6,Blue One M,3000,0,South,Male,26,1,138,0.0,0,1,3,26-30
1972,6,Blue One M,3000,0,Adamawa,Female,20,1,138,0.0,0,1,3,<=20
1973,6,Blue One M,3000,2,North,Male,25,1,140,0.3333333333333333,6000,0,3,21-25
1974,6,Blue One M,3000,3,Adamawa,Male,28,0,142,0.5,9000,0,3,26-30
1975,6,Blue One M,3000,3,South,Female,25,0,141,0.5,9000,0,3,21-25
1976,6,Blue One M,3000,2,West,Male,25,1,142,0.3333333333333333,6000,0,3,21-25
1977,6,Blue One M,3000,3,Adamawa,Male,23,0,151,0.5,9000,0,2,21-25
1978,6,Blue One M,3000,0,North,Male,28,1,151,0.0,0,1,2,26-30
1979,6,Blue One M,3000,2,South,Female,27,0,151,0.3333333333333333,6000,0,2,26-30
1980,6,Blue One M,3000,2,North West,Male,27,1,151,0.3333333333333333,6000,0,2,26-30
1981,6,Blue One M,3000,2,South West,Male,26,1,151,0.3333333333333333,6000,0,2,26-30
1982,6,Blue One M,3000,0,West,Male,24,1,150,0.0,0,1,2,21-25
1983,6,Blue One M,3000,3,East,Male,27,0,150,0.5,9000,0,2,26-30
1984,6,Blue One M,3000,0,Littoral,Female,27,1,142,0.0,0,1,3,26-30
1985,6,Blue One M,3000,2,Centre,Male,26,0,142,0.3333333333333333,6000,0,3,26-30
1986,6,Blue One M,3000,2,South,Male,24,0,143,0.3333333333333333,6000,0,3,21-25
1987,6,Blue One M,3000,3,North,Male,20,0,151,0.5,9000,0,2,<=20
1988,6,Blue One M,3000,0,South,Female,26,1,151,0.0,0,1,2,26-30
1989,6,Blue One M,3000,2,South West,Male,29,0,149,0.3333333333333333,6000,0,3,26-30
1990,6,Blue One M,3000,3,South West,Male,20,0,149,0.5,9000,0,3,<=20
1991,6,Blue One M,3000,3,West,Female,27,0,147,0.5,9000,0,3,26-30
1992,6,Blue One M,3000,3,Littoral,Female,25,0,145,0.5,9000,0,3,21-25
1993,6,Blue One M,3000,0,South,Female,27,1,145,0.0,0,1,3,26-30
1994,6,Blue One M,3000,0,Far North,Female,30,1,145,0.0,0,1,3,26-30
1995,6,Blue One M,3000,3,North West,Female,25,0,143,0.5,9000,0,3,21-25
1996,6,Blue One M,3000,2,West,Male,25,1,143,0.3333333333333333,6000,0,3,21-25
1997,6,Blue One M,3000,2,East,Female,23,1,142,0.3333333333333333,6000,0,3,21-25
1998,6,Blue One M,3000,2,Adamawa,Male,24,0,140,0.3333333333333333,6000,0,3,21-25
1999,6,Blue One M,3000,3,North,Female,27,0,140,0.5,9000,0,3,26-30
2000,6,Blue One M,3000,2,Adamawa,Male,25,1,140,0.3333333333333333,6000,0,3,21-25
2001,6,Blue One M,3000,3,Adamawa,Female,28,0,135,0.5,9000,0,3,26-30
2002,6,Blue One M,3000,3,South,Male,27,0,135,0.5,9000,0,3,26-30
2003,6,Blue One M,3000,0,Littoral,Male,23,1,154,0.0,0,1,2,21-25
2004,6,Blue One M,3000,2,Adamawa,Male,22,0,153,0.3333333333333333,6000,0,2,21-25
2005,6,Blue One M,3000,3,South,Male,26,0,153,0.5,9000,0,2,26-30
2006,6,Blue One M,3000,3,Far North,Male,24,0,153,0.5,9000,0,2,21-25
2007,6,Blue One M,3000,2,North West,Female,29,0,154,0.3333333333333333,6000,0,2,26-30
2008,6,Blue One M,3000,2,East,Female,23,1,151,0.3333333333333333,6000,0,2,21-25
2009,6,Blue One M,3000,2,East,Female,27,0,151,0.3333333333333333,6000,0,2,26-30
2010,6,Blue One M,3000,2,South West,Male,26,0,151,0.3333333333333333,6000,0,2,26-30
2011,6,Blue One M,3000,3,North West,Male,25,0,152,0.5,9000,0,2,21-25
2012,6,Blue One M,3000,2,West,Male,23,0,152,0.3333333333333333,6000,0,2,21-25
2013,6,Blue One M,3000,0,North West,Female,29,1,153,0.0,0,1,2,26-30
2014,6,Blue One M,3000,2,Adamawa,Female,28,1,153,0.3333333333333333,6000,0,2,26-30
2015,6,Blue One M,3000,2,South West,Male,24,0,152,0.3333333333333333,6000,0,2,21-25
2016,6,Blue One M,3000,2,Far North,Female,27,1,152,0.3333333333333333,6000,0,2,26-30
2017,6,Blue One M,3000,0,North West,Male,26,1,154,0.0,0,1,2,26-30
2018,6,Blue One M,3000,2,North West,Female,25,1,151,0.3333333333333333,6000,0,2,21-25
2019,6,Blue One M,3000,2,East,Male,32,0,152,0.3333333333333333,6000,0,2,>30
2020,6,Blue One M,3000,0,North,Female,26,1,151,0.0,0,1,2,26-30
2021,6,Blue One M,3000,0,North,Male,24,1,153,0.0,0,1,2,21-25
2022,6,Blue One M,3000,2,Littoral,Male,28,0,151,0.3333333333333333,6000,0,2,26-30
2023,6,Blue One M,3000,2,Far North,Male,23,1,154,0.3333333333333333,6000,0,2,21-25
2024,6,Blue One M,3000,0,Centre,Female,24,1,154,0.0,0,1,2,21-25
2025,6,Blue One M,3000,2,Adamawa,Male,24,1,154,0.3333333333333333,6000,0,2,21-25
2026,6,Blue One M,3000,2,East,Female,29,1,149,0.3333333333333333,6000,0,3,26-30
2027,6,Blue One M,3000,3,South,Male,28,0,153,0.5,9000,0,2,26-30
2028,6,Blue One M,3000,0,North West,Female,22,1,151,0.0,0,1,2,21-25
2029,6,Blue One M,3000,0,Littoral,Female,27,1,151,0.0,0,1,2,26-30
2030,6,Blue One M,3000,0,North,Male,24,1,153,0.0,0,1,2,21-25
2031,6,Blue One M,3000,2,East,Female,25,0,153,0.3333333333333333,6000,0,2,21-25
2032,6,Blue One M,3000,2,East,Female,27,1,152,0.3333333333333333,6000,0,2,26-30
2033,6,Blue One M,3000,0,South West,Male,23,1,154,0.0,0,1,2,21-25
2034,6,Blue One M,3000,3,North,Male,26,0,154,0.5,9000,0,2,26-30
2035,6,Blue One M,3000,2,South,Female,27,0,152,0.3333333333333333,6000,0,2,26-30
2036,6,Blue One M,3000,0,South West,Male,20,1,152,0.0,0,1,2,<=20
2037,6,Blue One M,3000,2,Littoral,Female,28,0,152,0.3333333333333333,6000,0,2,26-30
2038,6,Blue One M,3000,0,East,Female,27,1,152,0.0,0,1,2,26-30
2039,6,Blue One M,3000,0,Adamawa,Male,22,1,147,0.0,0,1,3,21-25
2040,6,Blue One M,3000,0,East,Male,23,1,147,0.0,0,1,3,21-25
2041,6,Blue One M,3000,3,North West,Male,30,0,146,0.5,9000,0,3,26-30
2042,6,Blue One M,3000,2,Adamawa,Male,24,0,146,0.3333333333333333,6000,0,3,21-25
2043,6,Blue One M,3000,2,West,Female,22,1,146,0.3333333333333333,6000,0,3,21-25
2044,6,Blue One M,3000,2,Littoral,Female,24,1,149,0.3333333333333333,6000,0,3,21-25
2045,6,Blue One M,3000,0,West,Female,26,1,148,0.0,0,1,3,26-30
2046,6,Blue One M,3000,2,South,Male,26,1,147,0.3333333333333333,6000,0,3,26-30
2047,6,Blue One M,3000,0,West,Female,26,1,145,0.0,0,1,3,26-30
2048,6,Blue One M,3000,3,North,Male,33,0,146,0.5,9000,0,3,>30
2049,6,Blue One M,3000,2,Centre,Male,22,0,145,0.3333333333333333,6000,0,3,21-25
2050,6,Blue One M,3000,3,West,Female,30,0,145,0.5,9000,0,3,26-30
2051,5,Blue One M,3000,2,West,Female,29,0,107,0.4,6000,0,4,26-30
2052,5,Blue One M,3000,2,South West,Female,22,0,116,0.4,6000,0,4,21-25
2053,5,Blue One M,3000,2,North West,Female,23,0,130,0.4,6000,0,3,21-25
2054,5,Blue One M,3000,3,Centre,Female,26,0,131,0.6,9000,0,3,26-30
2055,5,Blue One M,3000,0,East,Male,25,1,131,0.0,0,1,3,21-25
2056,5,Blue One M,3000,2,North,Male,22,1,118,0.4,6000,0,4,21-25
2057,5,Blue One M,3000,3,South West,Female,19,0,112,0.6,9000,0,4,<=20
2058,5,Blue One M,3000,0,South,Male,26,1,119,0.0,0,1,3,26-30
2059,6,Blue One M,3000,3,Adamawa,Male,23,0,135,0.5,9000,0,3,21-25
2060,5,Blue One M,3000,2,Adamawa,Male,26,0,133,0.4,6000,0,3,26-30
2061,5,Blue One M,3000,2,North West,Male,26,1,126,0.4,6000,0,3,26-30
2062,5,Blue One M,3000,2,East,Male,22,1,125,0.4,6000,0,3,21-25
2063,5,Blue One M,3000,3,East,Female,23,0,131,0.6,9000,0,3,21-25
2064,6,Blue One M,3000,2,South,Female,30,1,138,0.3333333333333333,6000,0,3,26-30
2065,5,Blue One M,3000,0,North West,Female,22,1,133,0.0,0,1,3,21-25
2066,5,Blue One M,3000,3,Far North,Female,21,0,133,0.6,9000,0,3,21-25
2067,6,Blue One M,3000,2,Centre,Female,30,0,140,0.3333333333333333,6000,0,3,26-30
2068,5,Blue One M,3000,0,Far North,Male,27,1,134,0.0,0,1,3,26-30
2069,5,Blue One M,3000,2,West,Female,28,1,134,0.4,6000,0,3,26-30
2070,6,Blue One M,3000,2,Centre,Female,26,0,137,0.3333333333333333,6000,0,3,26-30
2071,5,Blue One M,3000,2,South,Female,21,1,134,0.4,6000,0,3,21-25
2072,6,Blue One M,3000,2,East,Male,25,1,137,0.3333333333333333,6000,0,3,21-25
2073,6,Blue One M,3000,2,Littoral,Female,33,0,137,0.3333333333333333,6000,0,3,>30
2074,4,Blue One M,3000,2,Littoral,Male,27,0,96,0.5,6000,0,4,26-30
2075,6,Blue One M,3000,2,Far North,Female,24,1,139,0.3333333333333333,6000,0,3,21-25
2076,6,Blue One M,3000,0,Littoral,Female,30,1,139,0.0,0,1,3,26-30
2077,6,Blue One M,3000,2,North West,Male,30,1,137,0.3333333333333333,6000,0,3,26-30
2078,4,Blue One M,3000,2,North West,Male,24,0,102,0.5,6000,0,4,21-25
2079,4,Blue One M,3000,2,East,Male,25,0,100,0.5,6000,0,4,21-25
2080,5,Blue One M,3000,2,Adamawa,Female,26,1,126,0.4,6000,0,3,26-30
2081,5,Blue One M,3000,3,Adamawa,Female,28,0,126,0.6,9000,0,3,26-30
2082,5,Blue One M,3000,0,Far North,Female,22,1,125,0.0,0,1,3,21-25
2083,6,Blue One M,3000,3,Adamawa,Female,28,0,136,0.5,9000,0,3,26-30
2084,5,Blue One M,3000,2,Littoral,Female,24,1,126,0.4,6000,0,3,21-25
2085,5,Blue One M,3000,2,Far North,Male,24,0,119,0.4,6000,0,3,21-25
2086,5,Blue One M,3000,2,South West,Female,20,0,126,0.4,6000,0,3,<=20
2088,6,Blue One M,3000,3,South West,Male,27,0,134,0.5,9000,0,3,26-30
2089,5,Blue One M,3000,2,Littoral,Female,28,0,131,0.4,6000,0,3,26-30
2090,5,Blue One M,3000,0,Littoral,Female,23,1,131,0.0,0,1,3,21-25
2091,5,Blue One M,3000,2,Far North,Female,27,0,131,0.4,6000,0,3,26-30
2092,5,Blue One M,3000,2,North West,Male,27,0,130,0.4,6000,0,3,26-30
2093,6,Blue One M,3000,2,Littoral,Female,29,1,137,0.3333333333333333,6000,0,3,26-30
2094,5,Blue One M,3000,3,North West,Male,24,0,118,0.6,9000,0,4,21-25
2095,6,Blue One M,3000,2,Centre,Female,23,1,137,0.3333333333333333,6000,0,3,21-25
2096,6,Blue One M,3000,2,North,Male,25,0,137,0.3333333333333333,6000,0,3,21-25
2097,5,Blue One M,3000,3,North,Female,20,0,122,0.6,9000,0,3,<=20
2098,5,Blue One M,3000,2,Adamawa,Male,21,0,116,0.4,6000,0,4,21-25
2099,5,Blue One M,3000,2,Centre,Female,24,1,133,0.4,6000,0,3,21-25
2100,5,Blue One M,3000,0,East,Female,17,1,115,0.0,0,1,4,<=20
2101,5,Blue One M,3000,3,Far North,Female,23,0,131,0.6,9000,0,3,21-25
2102,5,Blue One M,3000,0,North West,Male,28,1,131,0.0,0,1,3,26-30
2103,4,Blue One M,3000,3,Littoral,Male,22,0,98,0.75,9000,0,4,21-25
2104,5,Blue One M,3000,3,West,Male,24,0,130,0.6,9000,0,3,21-25
2105,5,Blue One M,3000,2,Far North,Female,20,1,127,0.4,6000,0,3,<=20
2106,5,Blue One M,3000,3,North,Male,25,0,115,0.6,9000,0,4,21-25
2107,5,Blue One M,3000,2,East,Male,25,0,112,0.4,6000,0,4,21-25
2108,5,Blue One M,3000,2,North,Male,26,1,113,0.4,6000,0,4,26-30
2109,5,Blue One M,3000,2,North West,Male,23,1,110,0.4,6000,0,4,21-25
2110,5,Blue One M,3000,3,North,Male,25,0,124,0.6,9000,0,3,21-25
2111,5,Blue One M,3000,3,Centre,Male,25,0,133,0.6,9000,0,3,21-25
2112,5,Blue One M,3000,3,West,Male,23,0,134,0.6,9000,0,3,21-25
2113,5,Blue One M,3000,2,South,Male,23,1,134,0.4,6000,0,3,21-25
2114,5,Blue One M,3000,2,South West,Male,26,0,126,0.4,6000,0,3,26-30
2115,6,Blue One M,3000,0,South West,Male,25,1,138,0.0,0,1,3,21-25
2116,5,Blue One M,3000,2,Adamawa,Female,26,0,130,0.4,6000,0,3,26-30
2117,5,Blue One M,3000,3,Littoral,Male,23,0,133,0.6,9000,0,3,21-25
2118,5,Blue One M,3000,3,East,Male,20,0,134,0.6,9000,0,3,<=20
2119,6,Blue One M,3000,2,North,Male,20,0,135,0.3333333333333333,6000,0,3,<=20
2120,5,Blue One M,3000,0,Far North,Male,24,1,133,0.0,0,1,3,21-25
2121,5,Blue One M,3000,3,East,Female,24,0,133,0.6,9000,0,3,21-25
2122,6,Blue One M,3000,0,West,Female,29,1,137,0.0,0,1,3,26-30
2123,6,Blue One M,3000,3,South West,Female,24,0,136,0.5,9000,0,3,21-25
2124,4,Blue One M,3000,3,North,Male,22,0,81,0.75,9000,0,5,21-25
2125,5,Blue One M,3000,2,North West,Female,26,0,127,0.4,6000,0,3,26-30
2126,6,Blue One M,3000,2,Adamawa,Male,28,0,139,0.3333333333333333,6000,0,3,26-30
2127,5,Blue One M,3000,2,West,Male,25,0,110,0.4,6000,0,4,21-25
2128,6,Blue One M,3000,0,West,Female,25,1,139,0.0,0,1,3,21-25
2129,5,Blue One M,3000,3,South,Female,24,0,134,0.6,9000,0,3,21-25
2130,5,Blue One M,3000,2,East,Male,20,0,134,0.4,6000,0,3,<=20
2131,6,Blue One M,3000,2,South West,Female,26,0,136,0.3333333333333333,6000,0,3,26-30
2132,6,Blue One M,3000,3,South,Female,21,0,136,0.5,9000,0,3,21-25
2133,6,Blue One M,3000,0,Far North,Female,28,1,136,0.0,0,1,3,26-30
2134,6,Blue One M,3000,2,South,Female,31,1,137,0.3333333333333333,6000,0,3,>30
2135,5,Blue One M,3000,0,West,Male,27,1,133,0.0,0,1,3,26-30
2136,5,Blue One M,3000,2,North West,Male,17,1,132,0.4,6000,0,3,<=20
2137,5,Blue One M,3000,2,Littoral,Male,22,0,131,0.4,6000,0,3,21-25
2138,5,Blue One M,3000,0,Adamawa,Male,23,1,131,0.0,0,1,3,21-25
2139,6,Blue One M,3000,2,South West,Female,25,1,136,0.3333333333333333,6000,0,3,21-25
2140,6,Blue One M,3000,3,South West,Male,26,0,136,0.5,9000,0,3,26-30
2141,5,Blue One M,3000,2,South,Male,24,0,129,0.4,6000,0,3,21-25
2142,5,Blue One M,3000,2,South West,Female,25,1,129,0.4,6000,0,3,21-25
2143,5,Blue One M,3000,2,Centre,Female,22,1,130,0.4,6000,0,3,21-25
2144,5,Blue One M,3000,3,Adamawa,Male,30,0,126,0.6,9000,0,3,26-30
2145,5,Blue One M,3000,3,South West,Male,26,0,118,0.6,9000,0,4,26-30
2146,5,Blue One M,3000,0,South,Female,23,1,133,0.0,0,1,3,21-25
2147,5,Blue One M,3000,3,Far North,Male,21,0,126,0.6,9000,0,3,21-25
2148,5,Blue One M,3000,2,South West,Female,27,1,126,0.4,6000,0,3,26-30
2149,5,Blue One M,3000,2,East,Male,19,0,133,0.4,6000,0,3,<=20
2150,5,Blue One M,3000,3,South,Male,30,0,133,0.6,9000,0,3,26-30
2151,6,Blue One M,3000,3,South,Female,28,0,135,0.5,9000,0,3,26-30
2152,4,Blue One M,3000,3,North,Female,21,0,100,0.75,9000,0,4,21-25
2153,5,Blue One M,3000,2,Far North,Female,25,1,129,0.4,6000,0,3,21-25
2154,5,Blue One M,3000,2,North,Male,23,0,129,0.4,6000,0,3,21-25
2155,5,Blue One M,3000,2,Far North,Female,23,0,131,0.4,6000,0,3,21-25
2156,5,Blue One M,3000,2,Adamawa,Female,27,0,128,0.4,6000,0,3,26-30
2157,5,Blue One M,3000,2,East,Female,28,0,128,0.4,6000,0,3,26-30
2158,5,Blue One M,3000,3,East,Male,24,0,126,0.6,9000,0,3,21-25
2159,5,Blue One M,3000,2,South,Female,20,1,126,0.4,6000,0,3,<=20
2160,5,Blue One M,3000,2,North,Female,20,1,126,0.4,6000,0,3,<=20
2161,5,Blue One M,3000,0,North West,Female,25,1,126,0.0,0,1,3,21-25
2162,5,Blue One M,3000,3,North,Male,26,0,126,0.6,9000,0,3,26-30
2163,6,Blue One M,3000,0,North West,Male,27,1,150,0.0,0,1,2,26-30
2164,6,Blue One M,3000,0,Far North,Male,22,1,150,0.0,0,1,2,21-25
2165,6,Blue One M,3000,2,Centre,Male,20,1,153,0.3333333333333333,6000,0,2,<=20
2166,6,Blue One M,3000,2,Far North,Male,28,1,151,0.3333333333333333,6000,0,2,26-30
2167,4,Blue One M,3000,2,South West,Male,23,0,99,0.5,6000,0,4,21-25
2168,6,Blue One M,3000,3,Far North,Male,25,0,152,0.5,9000,0,2,21-25
2169,6,Blue One M,3000,0,North,Female,26,1,151,0.0,0,1,2,26-30
2170,6,Blue One M,3000,2,South,Male,24,0,147,0.3333333333333333,6000,0,3,21-25
2171,6,Blue One M,3000,3,West,Female,23,0,151,0.5,9000,0,2,21-25
2172,6,Blue One M,3000,0,North,Female,27,1,151,0.0,0,1,2,26-30
2173,6,Blue One M,3000,0,Centre,Female,22,1,151,0.0,0,1,2,21-25
2174,6,Blue One M,3000,0,West,Male,27,1,151,0.0,0,1,2,26-30
2175,6,Blue One M,3000,2,Adamawa,Male,24,1,151,0.3333333333333333,6000,0,2,21-25
2176,6,Blue One M,3000,2,South West,Female,26,1,148,0.3333333333333333,6000,0,3,26-30
2177,6,Blue One M,3000,0,South West,Female,27,1,150,0.0,0,1,2,26-30
2178,6,Blue One M,3000,2,North West,Male,27,0,150,0.3333333333333333,6000,0,2,26-30
2179,6,Blue One M,3000,3,West,Male,31,0,150,0.5,9000,0,2,>30
2180,6,Blue One M,3000,0,West,Female,24,1,149,0.0,0,1,3,21-25
2181,6,Blue One M,3000,3,Adamawa,Male,23,0,151,0.5,9000,0,2,21-25
2182,6,Blue One M,3000,2,South,Male,22,1,136,0.3333333333333333,6000,0,3,21-25
2183,5,Blue One M,3000,3,Far North,Female,20,0,115,0.6,9000,0,4,<=20
2184,5,Blue One M,3000,3,North,Female,26,0,117,0.6,9000,0,4,26-30
2185,5,Blue One M,3000,2,Far North,Male,25,0,130,0.4,6000,0,3,21-25
2186,5,Blue One M,3000,3,West,Male,25,0,130,0.6,9000,0,3,21-25
2187,5,Blue One M,3000,2,West,Female,27,0,130,0.4,6000,0,3,26-30
2188,6,Blue One M,3000,3,North,Male,28,0,137,0.5,9000,0,3,26-30
2189,6,Blue One M,3000,2,Far North,Female,23,0,147,0.3333333333333333,6000,0,3,21-25
2190,6,Blue One M,3000,2,East,Female,26,0,147,0.3333333333333333,6000,0,3,26-30
2191,6,Blue One M,3000,0,North,Female,30,1,141,0.0,0,1,3,26-30
2192,6,Blue One M,3000,3,West,Female,26,0,147,0.5,9000,0,3,26-30
2193,6,Blue One M,3000,0,Littoral,Male,28,1,147,0.0,0,1,3,26-30
2194,6,Blue One M,3000,2,Far North,Male,26,1,140,0.3333333333333333,6000,0,3,26-30
2195,6,Blue One M,3000,2,Centre,Female,24,0,139,0.3333333333333333,6000,0,3,21-25
2196,6,Blue One M,3000,2,Adamawa,Male,22,1,146,0.3333333333333333,6000,0,3,21-25
2197,6,Blue One M,3000,2,North,Male,31,1,141,0.3333333333333333,6000,0,3,>30
2198,6,Blue One M,3000,2,North,Male,26,0,141,0.3333333333333333,6000,0,3,26-30
2199,6,Blue One M,3000,2,Centre,Male,29,1,141,0.3333333333333333,6000,0,3,26-30
2200,6,Blue One M,3000,2,Littoral,Female,30,0,141,0.3333333333333333,6000,0,3,26-30
2201,6,Blue One M,3000,3,South,Male,22,0,146,0.5,9000,0,3,21-25
2202,6,Blue One M,3000,2,East,Female,22,0,145,0.3333333333333333,6000,0,3,21-25
2203,6,Blue One M,3000,2,East,Male,29,0,140,0.3333333333333333,6000,0,3,26-30
2204,6,Blue One M,3000,2,South,Male,27,1,142,0.3333333333333333,6000,0,3,26-30
2205,6,Blue One M,3000,3,Adamawa,Female,26,0,142,0.5,9000,0,3,26-30
2206,5,Blue One M,3000,2,South,Male,33,0,116,0.4,6000,0,4,>30
2207,6,Blue One M,3000,2,West,Male,26,0,137,0.3333333333333333,6000,0,3,26-30
2208,6,Blue One M,3000,2,South West,Female,20,0,145,0.3333333333333333,6000,0,3,<=20
2209,6,Blue One M,3000,3,North,Male,23,0,141,0.5,9000,0,3,21-25
2210,6,Blue One M,3000,2,Far North,Male,25,1,147,0.3333333333333333,6000,0,3,21-25
2211,6,Blue One M,3000,2,Far North,Male,27,1,140,0.3333333333333333,6000,0,3,26-30
2212,6,Blue One M,3000,2,West,Male,29,1,143,0.3333333333333333,6000,0,3,26-30
2213,5,Blue One M,3000,2,Adamawa,Male,27,0,130,0.4,6000,0,3,26-30
2214,5,Blue One M,3000,3,North,Male,29,0,130,0.6,9000,0,3,26-30
2215,5,Blue One M,3000,0,South,Male,26,1,130,0.0,0,1,3,26-30
2216,6,Blue One M,3000,2,North West,Female,24,0,141,0.3333333333333333,6000,0,3,21-25
2217,6,Blue One M,3000,3,North,Female,26,0,141,0.5,9000,0,3,26-30
2218,6,Blue One M,3000,0,Far North,Male,23,1,135,0.0,0,1,3,21-25
2219,6,Blue One M,3000,2,South West,Male,21,0,142,0.3333333333333333,6000,0,3,21-25
2220,6,Blue One M,3000,0,North,Male,26,1,136,0.0,0,1,3,26-30
2221,6,Blue One M,3000,3,North West,Male,26,0,142,0.5,9000,0,3,26-30
2222,6,Blue One M,3000,2,Centre,Male,27,0,142,0.3333333333333333,6000,0,3,26-30
2223,5,Blue One M,3000,2,Littoral,Male,25,0,134,0.4,6000,0,3,21-25
2224,5,Blue One M,3000,2,Centre,Male,23,0,125,0.4,6000,0,3,21-25
2225,6,Blue One M,3000,2,Far North,Male,26,1,139,0.3333333333333333,6000,0,3,26-30
2226,6,Blue One M,3000,0,South West,Female,23,1,139,0.0,0,1,3,21-25
2227,6,Blue One M,3000,2,Littoral,Male,26,1,142,0.3333333333333333,6000,0,3,26-30
2228,6,Blue One M,3000,2,South West,Female,27,1,141,0.3333333333333333,6000,0,3,26-30
2229,6,Blue One M,3000,2,Littoral,Female,27,1,140,0.3333333333333333,6000,0,3,26-30
2230,6,Blue One M,3000,3,West,Female,20,0,139,0.5,9000,0,3,<=20
2231,5,Blue One M,3000,2,North West,Female,32,0,124,0.4,6000,0,3,>30
2232,5,Blue One M,3000,3,Centre,Male,23,0,131,0.6,9000,0,3,21-25
2233,6,Blue One M,3000,0,Far North,Female,28,1,139,0.0,0,1,3,26-30
2234,6,Blue One M,3000,3,North West,Female,31,0,140,0.5,9000,0,3,>30
2235,5,Blue One M,3000,0,East,Male,24,1,130,0.0,0,1,3,21-25
2236,6,Blue One M,3000,2,South,Male,23,1,150,0.3333333333333333,6000,0,3,21-25
2237,6,Blue One M,3000,2,West,Female,25,1,150,0.3333333333333333,6000,0,2,21-25
2238,6,Blue One M,3000,2,Far North,Male,25,1,150,0.3333333333333333,6000,0,2,21-25
2239,5,Blue One M,3000,2,North,Male,27,0,133,0.4,6000,0,3,26-30
2240,6,Blue One M,3000,0,South,Male,20,1,149,0.0,0,1,3,<=20
2241,6,Blue One M,3000,2,North West,Female,33,0,153,0.3333333333333333,6000,0,2,>30
2242,6,Blue One M,3000,2,South West,Male,30,1,153,0.3333333333333333,6000,0,2,26-30
2243,6,Blue One M,3000,3,North,Female,22,0,142,0.5,9000,0,3,21-25
2244,6,Blue One M,3000,2,Adamawa,Male,22,1,140,0.3333333333333333,6000,0,3,21-25
2245,6,Blue One M,3000,2,Far North,Male,29,1,151,0.3333333333333333,6000,0,2,26-30
2246,6,Blue One M,3000,2,West,Female,23,1,151,0.3333333333333333,6000,0,2,21-25
2247,6,Blue One M,3000,2,South West,Male,23,0,151,0.3333333333333333,6000,0,2,21-25
2248,6,Blue One M,3000,0,West,Male,21,1,149,0.0,0,1,3,21-25
2249,6,Blue One M,3000,0,North West,Male,29,1,141,0.0,0,1,3,26-30
2250,6,Blue One M,3000,0,West,Male,24,1,141,0.0,0,1,3,21-25
2251,6,Blue One M,3000,2,Littoral,Male,27,1,141,0.3333333333333333,6000,0,3,26-30
2252,6,Blue One M,3000,2,East,Female,20,1,141,0.3333333333333333,6000,0,3,<=20
2253,6,Blue One M,3000,0,Far North,Female,29,1,141,0.0,0,1,3,26-30
2254,6,Blue One M,3000,2,East,Female,29,1,141,0.3333333333333333,6000,0,3,26-30
2255,5,Blue One M,3000,2,South,Female,24,1,133,0.4,6000,0,3,21-25
2256,6,Blue One M,3000,3,South West,Female,27,0,147,0.5,9000,0,3,26-30
2257,6,Blue One M,3000,2,South,Female,26,1,151,0.3333333333333333,6000,0,2,26-30
2258,6,Blue One M,3000,3,Adamawa,Female,21,0,150,0.5,9000,0,2,21-25
2259,6,Blue One M,3000,2,East,Female,29,0,142,0.3333333333333333,6000,0,3,26-30
2260,6,Blue One M,3000,0,South West,Male,22,1,143,0.0,0,1,3,21-25
2261,6,Blue One M,3000,2,Centre,Male,24,1,143,0.3333333333333333,6000,0,3,21-25
2262,6,Blue One M,3000,3,West,Male,24,0,147,0.5,9000,0,3,21-25
2263,6,Blue One M,3000,2,Far North,Male,22,0,147,0.3333333333333333,6000,0,3,21-25
2264,6,Blue One M,3000,0,Centre,Male,26,1,147,0.0,0,1,3,26-30
2265,6,Blue One M,3000,3,East,Female,24,0,147,0.5,9000,0,3,21-25
2266,6,Blue One M,3000,2,East,Female,28,1,148,0.3333333333333333,6000,0,3,26-30
2267,6,Blue One M,3000,2,South West,Male,27,0,142,0.3333333333333333,6000,0,3,26-30
2268,4,Blue One M,3000,3,South West,Female,22,0,89,0.75,9000,0,4,21-25
2269,4,Blue One M,3000,2,South West,Female,26,1,92,0.5,6000,0,4,26-30
2270,4,Blue One M,3000,3,West,Male,18,0,97,0.75,9000,0,4,<=20
2271,5,Blue One M,3000,0,South,Male,27,1,130,0.0,0,1,3,26-30
2272,6,Blue One M,3000,3,Centre,Female,26,0,144,0.5,9000,0,3,26-30
2273,6,Blue One M,3000,2,East,Female,28,0,143,0.3333333333333333,6000,0,3,26-30
2274,6,Blue One M,3000,3,South West,Male,28,0,143,0.5,9000,0,3,26-30
2275,6,Blue One M,3000,0,Centre,Male,29,1,139,0.0,0,1,3,26-30
2276,6,Blue One M,3000,2,South,Female,20,0,135,0.3333333333333333,6000,0,3,<=20
2277,5,Blue One M,3000,2,North,Male,23,0,133,0.4,6000,0,3,21-25
2278,5,Blue One M,3000,2,North,Male,25,0,133,0.4,6000,0,3,21-25
2279,5,Blue One M,3000,2,Far North,Male,27,0,131,0.4,6000,0,3,26-30
2280,6,Blue One M,3000,2,Far North,Female,26,0,139,0.3333333333333333,6000,0,3,26-30
2281,6,Blue One M,3000,2,South West,Male,27,1,137,0.3333333333333333,6000,0,3,26-30
2282,6,Blue One M,3000,3,Littoral,Male,25,0,136,0.5,9000,0,3,21-25
2283,5,Blue One M,3000,3,North,Female,22,0,122,0.6,9000,0,3,21-25
2284,5,Blue One M,3000,3,Centre,Female,26,0,134,0.6,9000,0,3,26-30
2285,6,Blue One M,3000,3,East,Male,26,0,139,0.5,9000,0,3,26-30
2286,6,Blue One M,3000,2,Far North,Female,27,1,139,0.3333333333333333,6000,0,3,26-30
2287,6,Blue One M,3000,0,Far North,Female,26,1,135,0.0,0,1,3,26-30
2288,5,Blue One M,3000,3,West,Male,30,0,117,0.6,9000,0,4,26-30
2289,6,Blue One M,3000,3,North,Female,27,0,141,0.5,9000,0,3,26-30
2290,5,Blue One M,3000,2,Adamawa,Male,27,1,130,0.4,6000,0,3,26-30
2291,6,Blue One M,3000,2,East,Female,28,0,142,0.3333333333333333,6000,0,3,26-30
2292,5,Blue One M,3000,0,Adamawa,Female,26,1,132,0.0,0,1,3,26-30
2293,5,Blue One M,3000,0,North West,Female,25,1,132,0.0,0,1,3,21-25
2294,5,Blue One M,3000,2,Centre,Female,28,1,129,0.4,6000,0,3,26-30
2295,5,Blue One M,3000,2,Centre,Female,25,0,132,0.4,6000,0,3,21-25
2296,5,Blue One M,3000,3,West,Male,28,0,127,0.6,9000,0,3,26-30
2297,5,Blue One M,3000,0,South,Male,28,1,126,0.0,0,1,3,26-30
2298,5,Blue One M,3000,0,East,Female,24,1,132,0.0,0,1,3,21-25
2299,5,Blue One M,3000,2,East,Male,22,0,132,0.4,6000,0,3,21-25
2300,5,Blue One M,3000,2,Centre,Female,22,0,132,0.4,6000,0,3,21-25
2301,6,Blue One M,3000,0,Far North,Male,24,1,140,0.0,0,1,3,21-25
2302,6,Blue One M,3000,2,Centre,Female,25,0,140,0.3333333333333333,6000,0,3,21-25
2303,6,Blue One M,3000,3,South West,Male,23,0,139,0.5,9000,0,3,21-25
2304,5,Blue One M,3000,2,East,Male,22,0,131,0.4,6000,0,3,21-25
2305,5,Blue One M,3000,2,South,Male,22,1,127,0.4,6000,0,3,21-25
2306,5,Blue One M,3000,3,East,Male,25,0,118,0.6,9000,0,4,21-25
2307,6,Blue One M,3000,2,West,Male,23,0,138,0.3333333333333333,6000,0,3,21-25
2308,5,Blue One M,3000,0,North,Female,28,1,121,0.0,0,1,3,26-30
2309,5,Blue One M,3000,0,East,Male,27,1,121,0.0,0,1,3,26-30
2310,6,Blue One M,3000,0,East,Male,17,1,139,0.0,0,1,3,<=20
2311,6,Blue One M,3000,3,East,Male,27,0,139,0.5,9000,0,3,26-30
2312,6,Blue One M,3000,2,South West,Male,30,1,137,0.3333333333333333,6000,0,3,26-30
2313,6,Blue One M,3000,0,South,Female,25,1,142,0.0,0,1,3,21-25
2315,6,Blue One M,3000,3,Far North,Male,27,0,137,0.5,9000,0,3,26-30
2316,5,Blue One M,3000,2,Centre,Male,22,0,133,0.4,6000,0,3,21-25
2317,5,Blue One M,3000,2,West,Male,23,0,132,0.4,6000,0,3,21-25
2318,5,Blue One M,3000,2,Far North,Female,22,1,132,0.4,6000,0,3,21-25
2319,6,Blue One M,3000,0,North West,Male,29,1,138,0.0,0,1,3,26-30
2320,6,Blue One M,3000,2,West,Male,28,1,140,0.3333333333333333,6000,0,3,26-30
2321,5,Blue One M,3000,0,West,Male,21,1,127,0.0,0,1,3,21-25
2322,6,Blue One M,3000,3,West,Female,23,0,136,0.5,9000,0,3,21-25
2323,6,Blue One M,3000,0,East,Female,28,1,138,0.0,0,1,3,26-30
2324,5,Blue One M,3000,0,South,Male,29,1,129,0.0,0,1,3,26-30
2325,6,Blue One M,3000,2,Far North,Male,22,0,138,0.3333333333333333,6000,0,3,21-25
2326,6,Blue One M,3000,2,West,Female,23,1,137,0.3333333333333333,6000,0,3,21-25
2327,6,Blue One M,3000,3,Centre,Female,25,0,137,0.5,9000,0,3,21-25
2328,6,Blue One M,3000,2,North West,Female,24,0,137,0.3333333333333333,6000,0,3,21-25
2329,6,Blue One M,3000,0,West,Female,28,1,137,0.0,0,1,3,26-30
2330,5,Blue One M,3000,2,North,Male,25,1,126,0.4,6000,0,3,21-25
2331,5,Blue One M,3000,3,Adamawa,Female,27,0,133,0.6,9000,0,3,26-30
2332,6,Blue One M,3000,2,South West,Female,26,1,136,0.3333333333333333,6000,0,3,26-30
2333,4,Blue One M,3000,2,Adamawa,Female,22,1,96,0.5,6000,0,4,21-25
2334,6,Blue One M,3000,0,East,Male,27,1,145,0.0,0,1,3,26-30
2335,5,Blue One M,3000,2,West,Female,24,1,122,0.4,6000,0,3,21-25
2336,5,Blue One M,3000,0,Littoral,Female,27,1,124,0.0,0,1,3,26-30
2337,5,Blue One M,3000,3,North,Female,27,0,124,0.6,9000,0,3,26-30
2338,5,Blue One M,3000,2,South,Male,17,1,124,0.4,6000,0,3,<=20
2339,5,Blue One M,3000,2,Far North,Male,22,0,124,0.4,6000,0,3,21-25
2340,5,Blue One M,3000,2,West,Male,24,1,127,0.4,6000,0,3,21-25
2342,5,Blue One M,3000,3,Adamawa,Female,25,0,108,0.6,9000,0,4,21-25
2343,4,Blue One M,3000,0,East,Male,23,1,80,0.0,0,1,5,21-25
2344,5,Blue One M,3000,0,Centre,Female,24,1,130,0.0,0,1,3,21-25
2345,5,Blue One M,3000,0,Far North,Male,27,1,129,0.0,0,1,3,26-30
2346,5,Blue One M,3000,2,Centre,Female,22,1,125,0.4,6000,0,3,21-25
2347,5,Blue One M,3000,3,Littoral,Male,25,0,125,0.6,9000,0,3,21-25
2348,5,Blue One M,3000,3,Littoral,Male,24,0,123,0.6,9000,0,3,21-25
2349,5,Blue One M,3000,2,Adamawa,Male,29,1,124,0.4,6000,0,3,26-30
2350,5,Blue One M,3000,2,East,Female,21,1,110,0.4,6000,0,4,21-25
2351,5,Blue One M,3000,2,East,Male,24,0,119,0.4,6000,0,4,21-25
2352,5,Blue One M,3000,3,Littoral,Female,27,0,122,0.6,9000,0,3,26-30
2353,5,Blue One M,3000,0,South,Male,27,1,122,0.0,0,1,3,26-30
2354,5,Blue One M,3000,2,North West,Male,28,1,115,0.4,6000,0,4,26-30
2355,5,Blue One M,3000,2,West,Male,19,0,115,0.4,6000,0,4,<=20
2356,5,Blue One M,3000,2,North West,Female,27,1,111,0.4,6000,0,4,26-30
2357,5,Blue One M,3000,2,Far North,Male,23,1,112,0.4,6000,0,4,21-25
2358,5,Blue One M,3000,2,West,Male,21,1,111,0.4,6000,0,4,21-25
2359,5,Blue One M,3000,3,South West,Female,30,0,110,0.6,9000,0,4,26-30
2360,5,Blue One M,3000,2,South,Male,23,0,107,0.4,6000,0,4,21-25
2361,5,Blue One M,3000,2,Littoral,Female,24,1,105,0.4,6000,0,4,21-25
2362,4,Blue One M,3000,3,Littoral,Female,25,0,102,0.75,9000,0,4,21-25
2363,4,Blue One M,3000,2,South West,Male,21,0,102,0.5,6000,0,4,21-25
2364,4,Blue One M,3000,2,North West,Male,21,0,98,0.5,6000,0,4,21-25
2365,4,Blue One M,3000,3,South West,Female,25,0,95,0.75,9000,0,4,21-25
2366,4,Blue One M,3000,3,Adamawa,Male,29,0,97,0.75,9000,0,4,26-30
2367,4,Blue One M,3000,2,Adamawa,Female,26,0,94,0.5,6000,0,4,26-30
2368,4,Blue One M,3000,0,Centre,Male,21,1,95,0.0,0,1,4,21-25
2369,4,Blue One M,3000,3,West,Female,17,0,95,0.75,9000,0,4,<=20
2370,4,Blue One M,3000,0,South,Male,28,1,91,0.0,0,1,4,26-30
2371,6,Blue One M,3000,2,South,Female,23,0,145,0.3333333333333333,6000,0,3,21-25
2372,5,Blue One M,3000,2,Far North,Male,21,0,121,0.4,6000,0,3,21-25
2373,5,Blue One M,3000,3,Adamawa,Male,21,0,121,0.6,9000,0,3,21-25
2374,6,Blue One M,3000,3,North West,Male,30,0,145,0.5,9000,0,3,26-30
2375,6,Blue One M,3000,2,North,Male,24,0,145,0.3333333333333333,6000,0,3,21-25
2376,6,Blue One M,3000,2,South West,Female,28,0,153,0.3333333333333333,6000,0,2,26-30
2377,6,Blue One M,3000,0,West,Female,29,1,153,0.0,0,1,2,26-30
2378,6,Blue One M,3000,2,Centre,Female,27,0,153,0.3333333333333333,6000,0,2,26-30
2379,6,Blue One M,3000,0,North,Female,29,1,147,0.0,0,1,3,26-30
2380,6,Blue One M,3000,0,Littoral,Female,20,1,147,0.0,0,1,3,<=20
2381,6,Blue One M,3000,0,Littoral,Male,22,1,151,0.0,0,1,2,21-25
2382,6,Blue One M,3000,3,Centre,Male,24,0,153,0.5,9000,0,2,21-25
2383,6,Blue One M,3000,0,Far North,Male,22,1,153,0.0,0,1,2,21-25
2384,6,Blue One M,3000,3,North West,Female,29,0,153,0.5,9000,0,2,26-30
2385,6,Blue One M,3000,2,South West,Female,26,0,153,0.3333333333333333,6000,0,2,26-30
2386,6,Blue One M,3000,0,Centre,Male,19,1,153,0.0,0,1,2,<=20
2387,5,Blue One M,3000,2,Far North,Male,30,1,123,0.4,6000,0,3,26-30
2388,6,Blue One M,3000,2,North West,Female,21,0,135,0.3333333333333333,6000,0,3,21-25
2389,5,Blue One M,3000,0,North,Male,29,1,122,0.0,0,1,3,26-30
2390,6,Blue One M,3000,2,North West,Female,27,1,150,0.3333333333333333,6000,0,2,26-30
2391,6,Blue One M,3000,2,North,Male,26,1,149,0.3333333333333333,6000,0,3,26-30
2392,6,Blue One M,3000,2,North,Male,23,1,151,0.3333333333333333,6000,0,2,21-25
2393,6,Blue One M,3000,0,Far North,Female,26,1,149,0.0,0,1,3,26-30
2394,6,Blue One M,3000,0,Far North,Male,30,1,147,0.0,0,1,3,26-30
2395,6,Blue One M,3000,2,North,Male,21,1,152,0.3333333333333333,6000,0,2,21-25
2396,6,Blue One M,3000,3,Littoral,Female,31,0,152,0.5,9000,0,2,>30
2397,6,Blue One M,3000,2,South West,Male,27,0,152,0.3333333333333333,6000,0,2,26-30
2398,5,Blue One M,3000,3,Centre,Male,23,0,126,0.6,9000,0,3,21-25
2399,5,Blue One M,3000,3,South,Female,24,0,118,0.6,9000,0,4,21-25
2400,5,Blue One M,3000,3,East,Male,21,0,118,0.6,9000,0,4,21-25
2401,5,Blue One M,3000,2,Centre,Male,23,0,118,0.4,6000,0,4,21-25
2402,6,Blue One M,3000,0,Far North,Female,28,1,141,0.0,0,1,3,26-30
2403,6,Blue One M,3000,2,West,Female,25,0,141,0.3333333333333333,6000,0,3,21-25
2404,5,Blue One M,3000,3,Far North,Female,27,0,130,0.6,9000,0,3,26-30
2405,6,Blue One M,3000,2,South West,Male,23,0,141,0.3333333333333333,6000,0,3,21-25
2406,6,Blue One M,3000,3,Centre,Male,24,0,150,0.5,9000,0,2,21-25
2407,6,Blue One M,3000,2,North,Male,26,1,153,0.3333333333333333,6000,0,2,26-30
2408,6,Blue One M,3000,3,South,Female,25,0,152,0.5,9000,0,2,21-25
2409,6,Blue One M,3000,2,Adamawa,Female,26,0,152,0.3333333333333333,6000,0,2,26-30
2410,6,Blue One M,3000,2,North West,Male,27,0,153,0.3333333333333333,6000,0,2,26-30
2411,6,Blue One M,3000,0,North,Male,27,1,138,0.0,0,1,3,26-30
2412,6,Blue One M,3000,2,Far North,Male,24,0,150,0.3333333333333333,6000,0,2,21-25
2413,6,Blue One M,3000,0,North,Female,22,1,138,0.0,0,1,3,21-25
2414,6,Blue One M,3000,3,Far North,Female,23,0,151,0.5,9000,0,2,21-25
2415,6,Blue One M,3000,2,West,Female,30,1,153,0.3333333333333333,6000,0,2,26-30
2416,6,Blue One M,3000,2,South West,Female,27,1,140,0.3333333333333333,6000,0,3,26-30
2417,5,Blue One M,3000,2,South,Male,28,1,126,0.4,6000,0,3,26-30
2418,6,Blue One M,3000,0,North,Male,30,1,137,0.0,0,1,3,26-30
2419,6,Blue One M,3000,2,Centre,Male,27,0,142,0.3333333333333333,6000,0,3,26-30
2420,6,Blue One M,3000,0,North,Male,25,1,137,0.0,0,1,3,21-25
2421,6,Blue One M,3000,0,South West,Male,26,1,153,0.0,0,1,2,26-30
2422,6,Blue One M,3000,0,South West,Female,23,1,153,0.0,0,1,2,21-25
2423,6,Blue One M,3000,2,East,Female,24,1,150,0.3333333333333333,6000,0,2,21-25
2424,5,Blue One M,3000,0,East,Male,31,1,119,0.0,0,1,4,>30
2425,6,Blue One M,3000,2,North,Male,27,0,140,0.3333333333333333,6000,0,3,26-30
2426,7,Blue One L,5000,2,North,Male,27,0,185,0.2857142857142857,10000,0,1,26-30
2427,4,Blue One M,3000,2,North,Male,21,0,86,0.5,6000,0,5,21-25
2428,7,Blue One L,5000,2,Far North,Male,25,1,185,0.2857142857142857,10000,0,1,21-25
2429,3,Blue One S,2000,2,Littoral,Female,25,0,60,0.6666666666666666,4000,0,5,21-25
2432,5,Blue One M,3000,2,Adamawa,Male,25,1,123,0.4,6000,0,3,21-25
2439,6,Blue One M,3000,0,North,Male,24,1,136,0.0,0,1,3,21-25
2440,6,Blue One M,3000,0,South West,Female,23,1,140,0.0,0,1,3,21-25
2441,6,Blue One M,3000,0,Far North,Male,26,1,140,0.0,0,1,3,26-30
2442,5,Blue One M,3000,2,North,Female,19,0,131,0.4,6000,0,3,<=20
2443,6,Blue One M,3000,2,North West,Male,23,1,136,0.3333333333333333,6000,0,3,21-25
2444,5,Blue One M,3000,0,North West,Male,27,1,132,0.0,0,1,3,26-30
2445,5,Blue One M,3000,2,North West,Female,25,1,132,0.4,6000,0,3,21-25
2446,6,Blue One M,3000,2,Centre,Female,23,0,136,0.3333333333333333,6000,0,3,21-25
2447,6,Blue One M,3000,2,West,Male,32,0,136,0.3333333333333333,6000,0,3,>30
2448,5,Blue One M,3000,2,East,Male,21,1,132,0.4,6000,0,3,21-25
2449,5,Blue One M,3000,0,Littoral,Male,20,1,131,0.0,0,1,3,<=20
2450,5,Blue One M,3000,2,East,Female,24,1,125,0.4,6000,0,3,21-25
2451,5,Blue One M,3000,0,West,Female,21,1,131,0.0,0,1,3,21-25
2452,5,Blue One M,3000,3,North West,Female,20,0,129,0.6,9000,0,3,<=20
2453,5,Blue One M,3000,0,Littoral,Male,22,1,130,0.0,0,1,3,21-25
2454,5,Blue One M,3000,0,East,Male,24,1,119,0.0,0,1,4,21-25
2455,5,Blue One M,3000,2,Adamawa,Female,25,0,119,0.4,6000,0,4,21-25
2456,5,Blue One M,3000,3,Far North,Male,23,0,122,0.6,9000,0,3,21-25
2457,4,Blue One M,3000,0,East,Female,23,1,102,0.0,0,1,4,21-25
2458,4,Blue One M,3000,0,South,Male,21,1,98,0.0,0,1,4,21-25
2459,4,Blue One M,3000,0,Far North,Male,19,1,82,0.0,0,1,5,<=20
2460,5,Blue One M,3000,2,Littoral,Female,21,0,104,0.4,6000,0,4,21-25
2461,4,Blue One M,3000,3,Littoral,Male,24,0,102,0.75,9000,0,4,21-25
2462,4,Blue One M,3000,3,Littoral,Female,25,0,102,0.75,9000,0,4,21-25
2463,4,Blue One M,3000,0,Centre,Male,23,1,102,0.0,0,1,4,21-25
2464,4,Blue One M,3000,2,South West,Male,23,0,95,0.5,6000,0,4,21-25
2465,4,Blue One M,3000,3,North,Female,20,0,91,0.75,9000,0,4,<=20
2466,4,Blue One M,3000,2,Centre,Female,27,1,94,0.5,6000,0,4,26-30
2467,4,Blue One M,3000,3,Littoral,Male,26,0,95,0.75,9000,0,4,26-30
2468,4,Blue One M,3000,3,West,Male,22,0,83,0.75,9000,0,5,21-25
2469,4,Blue One M,3000,2,Adamawa,Male,21,0,79,0.5,6000,0,5,21-25
2470,3,Blue One S,2000,1,South West,Female,23,0,74,0.3333333333333333,2000,0,5,21-25
2471,3,Blue One S,2000,2,Centre,Male,20,0,74,0.6666666666666666,4000,0,5,<=20
2472,3,Blue One S,2000,2,North,Male,25,0,61,0.6666666666666666,4000,0,5,21-25
2473,3,Blue One S,2000,1,Littoral,Male,25,0,61,0.3333333333333333,2000,0,5,21-25
2483,6,Blue One M,3000,3,Littoral,Male,25,0,148,0.5,9000,0,3,21-25
2484,6,Blue One M,3000,2,South West,Male,27,0,148,0.3333333333333333,6000,0,3,26-30
2485,6,Blue One M,3000,3,Centre,Male,22,0,152,0.5,9000,0,2,21-25
2486,6,Blue One M,3000,3,South,Female,30,0,151,0.5,9000,0,2,26-30
2487,6,Blue One M,3000,2,North West,Male,29,0,151,0.3333333333333333,6000,0,2,26-30
2488,6,Blue One M,3000,2,North,Male,27,1,148,0.3333333333333333,6000,0,3,26-30
2489,6,Blue One M,3000,3,West,Female,21,0,148,0.5,9000,0,3,21-25
2490,6,Blue One M,3000,2,Littoral,Male,22,1,148,0.3333333333333333,6000,0,3,21-25
2491,6,Blue One M,3000,3,East,Male,20,0,151,0.5,9000,0,2,<=20
2492,6,Blue One M,3000,0,South West,Female,30,1,151,0.0,0,1,2,26-30
2493,6,Blue One M,3000,3,Centre,Female,25,0,149,0.5,9000,0,3,21-25
2494,6,Blue One M,3000,3,East,Female,26,0,148,0.5,9000,0,3,26-30
2495,6,Blue One M,3000,0,Adamawa,Female,22,1,151,0.0,0,1,2,21-25
2496,6,Blue One M,3000,3,South West,Female,30,0,148,0.5,9000,0,3,26-30
2497,6,Blue One M,3000,2,East,Female,28,0,150,0.3333333333333333,6000,0,3,26-30
2498,6,Blue One M,3000,3,North West,Female,27,0,151,0.5,9000,0,2,26-30
2499,6,Blue One M,3000,2,Far North,Male,23,0,144,0.3333333333333333,6000,0,3,21-25
2500,6,Blue One M,3000,2,South West,Male,23,1,148,0.3333333333333333,6000,0,3,21-25
2501,6,Blue One M,3000,2,Far North,Male,22,0,149,0.3333333333333333,6000,0,3,21-25
2502,6,Blue One M,3000,2,West,Male,21,1,146,0.3333333333333333,6000,0,3,21-25
2503,5,Blue One M,3000,2,South West,Male,29,1,112,0.4,6000,0,4,26-30
2504,6,Blue One M,3000,2,South West,Male,20,0,136,0.3333333333333333,6000,0,3,<=20
2505,5,Blue One M,3000,3,South West,Female,29,0,120,0.6,9000,0,3,26-30
2506,4,Blue One M,3000,2,Centre,Male,26,0,95,0.5,6000,0,4,26-30
2507,5,Blue One M,3000,2,Centre,Male,26,0,133,0.4,6000,0,3,26-30
2508,6,Blue One M,3000,3,South West,Female,32,0,147,0.5,9000,0,3,>30
2509,6,Blue One M,3000,2,South West,Male,27,1,147,0.3333333333333333,6000,0,3,26-30
2510,6,Blue One M,3000,0,North West,Female,26,1,147,0.0,0,1,3,26-30
2511,6,Blue One M,3000,3,South,Male,25,0,145,0.5,9000,0,3,21-25
2512,5,Blue One M,3000,0,Far North,Male,26,1,128,0.0,0,1,3,26-30
2513,5,Blue One M,3000,2,Centre,Male,21,1,134,0.4,6000,0,3,21-25
2514,5,Blue One M,3000,2,Adamawa,Male,22,0,134,0.4,6000,0,3,21-25
2515,6,Blue One M,3000,2,West,Female,28,1,139,0.3333333333333333,6000,0,3,26-30
2516,5,Blue One M,3000,2,East,Male,25,1,126,0.4,6000,0,3,21-25
2517,5,Blue One M,3000,0,South West,Male,23,1,133,0.0,0,1,3,21-25
2518,5,Blue One M,3000,3,Adamawa,Female,19,0,110,0.6,9000,0,4,<=20
2519,5,Blue One M,3000,0,North West,Male,24,1,116,0.0,0,1,4,21-25
2520,5,Blue One M,3000,2,Far North,Male,27,1,129,0.4,6000,0,3,26-30
2521,5,Blue One M,3000,0,Far North,Female,26,1,104,0.0,0,1,4,26-30
2522,5,Blue One M,3000,3,North,Male,19,0,131,0.6,9000,0,3,<=20
2523,6,Blue One M,3000,0,West,Male,24,1,137,0.0,0,1,3,21-25
2524,6,Blue One M,3000,2,Littoral,Female,24,0,144,0.3333333333333333,6000,0,3,21-25
2525,6,Blue One M,3000,2,North West,Female,30,1,142,0.3333333333333333,6000,0,3,26-30
2526,6,Blue One M,3000,0,East,Male,23,1,138,0.0,0,1,3,21-25
2527,5,Blue One M,3000,2,Littoral,Male,30,1,123,0.4,6000,0,3,26-30
2528,6,Blue One M,3000,3,West,Male,27,0,137,0.5,9000,0,3,26-30
2529,6,Blue One M,3000,3,North West,Female,21,0,137,0.5,9000,0,3,21-25
2530,6,Blue One M,3000,3,East,Female,22,0,137,0.5,9000,0,3,21-25
2531,6,Blue One M,3000,0,East,Female,29,1,137,0.0,0,1,3,26-30
2532,5,Blue One M,3000,2,Far North,Male,24,1,134,0.4,6000,0,3,21-25
2533,5,Blue One M,3000,0,South,Male,25,1,134,0.0,0,1,3,21-25
2534,5,Blue One M,3000,2,East,Female,23,1,134,0.4,6000,0,3,21-25
2535,5,Blue One M,3000,2,North,Female,26,0,133,0.4,6000,0,3,26-30
2536,6,Blue One M,3000,3,Centre,Female,25,0,139,0.5,9000,0,3,21-25
2537,6,Blue One M,3000,2,Centre,Male,22,0,137,0.3333333333333333,6000,0,3,21-25
2538,6,Blue One M,3000,2,Adamawa,Female,28,0,136,0.3333333333333333,6000,0,3,26-30
2539,5,Blue One M,3000,3,North West,Male,21,0,129,0.6,9000,0,3,21-25
2540,5,Blue One M,3000,2,South,Male,21,0,129,0.4,6000,0,3,21-25
2541,5,Blue One M,3000,0,West,Female,24,1,129,0.0,0,1,3,21-25
2542,5,Blue One M,3000,2,East,Female,30,0,129,0.4,6000,0,3,26-30
2543,5,Blue One M,3000,2,Littoral,Male,18,1,116,0.4,6000,0,4,<=20
2544,5,Blue One M,3000,0,East,Female,25,1,110,0.0,0,1,4,21-25
2545,5,Blue One M,3000,2,Centre,Male,22,0,110,0.4,6000,0,4,21-25
2546,5,Blue One M,3000,2,East,Female,27,0,116,0.4,6000,0,4,26-30
2547,5,Blue One M,3000,2,North,Male,26,0,124,0.4,6000,0,3,26-30
2548,5,Blue One M,3000,0,North,Female,28,1,132,0.0,0,1,3,26-30
2549,5,Blue One M,3000,2,East,Female,23,1,115,0.4,6000,0,4,21-25
2550,6,Blue One M,3000,3,East,Male,26,0,135,0.5,9000,0,3,26-30
2551,5,Blue One M,3000,2,Littoral,Female,25,0,134,0.4,6000,0,3,21-25
2552,6,Blue One M,3000,0,East,Male,30,1,139,0.0,0,1,3,26-30
2553,6,Blue One M,3000,0,Littoral,Female,27,1,138,0.0,0,1,3,26-30
2554,6,Blue One M,3000,0,Far North,Male,26,1,138,0.0,0,1,3,26-30
2555,6,Blue One M,3000,0,Littoral,Male,23,1,138,0.0,0,1,3,21-25
2556,6,Blue One M,3000,2,Adamawa,Female,26,1,138,0.3333333333333333,6000,0,3,26-30
2557,5,Blue One M,3000,3,South West,Male,29,0,132,0.6,9000,0,3,26-30
2558,5,Blue One M,3000,2,East,Male,26,1,110,0.4,6000,0,4,26-30
2559,5,Blue One M,3000,2,East,Female,19,0,125,0.4,6000,0,3,<=20
2560,5,Blue One M,3000,2,East,Male,22,0,110,0.4,6000,0,4,21-25
2561,5,Blue One M,3000,0,Littoral,Female,24,1,122,0.0,0,1,3,21-25
2562,5,Blue One M,3000,2,South West,Male,22,0,112,0.4,6000,0,4,21-25
2563,5,Blue One M,3000,2,North,Male,25,0,112,0.4,6000,0,4,21-25
2564,5,Blue One M,3000,0,Centre,Male,23,1,127,0.0,0,1,3,21-25
2565,5,Blue One M,3000,0,West,Male,23,1,127,0.0,0,1,3,21-25
2566,5,Blue One M,3000,0,South West,Male,27,1,122,0.0,0,1,3,26-30
2567,5,Blue One M,3000,0,West,Female,28,1,116,0.0,0,1,4,26-30
2568,4,Blue One M,3000,2,Far North,Male,25,1,99,0.5,6000,0,4,21-25
2569,5,Blue One M,3000,2,Littoral,Male,23,1,119,0.4,6000,0,3,21-25
2570,5,Blue One M,3000,2,Adamawa,Female,21,0,115,0.4,6000,0,4,21-25
2571,5,Blue One M,3000,3,North West,Male,25,0,107,0.6,9000,0,4,21-25
2572,5,Blue One M,3000,2,North,Female,26,1,119,0.4,6000,0,3,26-30
2573,5,Blue One M,3000,2,East,Female,23,1,122,0.4,6000,0,3,21-25
2574,5,Blue One M,3000,2,South,Male,25,1,121,0.4,6000,0,3,21-25
2575,5,Blue One M,3000,3,West,Female,21,0,111,0.6,9000,0,4,21-25
2576,5,Blue One M,3000,0,Centre,Male,24,1,123,0.0,0,1,3,21-25
2577,5,Blue One M,3000,3,Adamawa,Female,23,0,122,0.6,9000,0,3,21-25
2578,5,Blue One M,3000,0,West,Female,27,1,123,0.0,0,1,3,26-30
2579,5,Blue One M,3000,0,North,Male,30,1,121,0.0,0,1,3,26-30
2580,5,Blue One M,3000,0,Littoral,Male,27,1,133,0.0,0,1,3,26-30
2581,5,Blue One M,3000,2,Littoral,Female,23,1,125,0.4,6000,0,3,21-25
2582,5,Blue One M,3000,2,Far North,Female,22,1,131,0.4,6000,0,3,21-25
2583,5,Blue One M,3000,2,South West,Female,29,1,105,0.4,6000,0,4,26-30
2584,5,Blue One M,3000,2,Littoral,Male,27,1,128,0.4,6000,0,3,26-30
2585,5,Blue One M,3000,3,Centre,Male,22,0,128,0.6,9000,0,3,21-25
2586,5,Blue One M,3000,3,West,Female,30,0,128,0.6,9000,0,3,26-30
2587,5,Blue One M,3000,2,North West,Male,32,1,127,0.4,6000,0,3,>30
2588,5,Blue One M,3000,3,West,Male,29,0,117,0.6,9000,0,4,26-30
2589,5,Blue One M,3000,3,South West,Female,26,0,110,0.6,9000,0,4,26-30
2590,4,Blue One M,3000,0,South West,Male,23,1,102,0.0,0,1,4,21-25
2591,4,Blue One M,3000,2,South,Female,22,1,95,0.5,6000,0,4,21-25
2592,6,Blue One M,3000,2,Adamawa,Male,23,1,144,0.3333333333333333,6000,0,3,21-25
2593,6,Blue One M,3000,0,Littoral,Female,25,1,144,0.0,0,1,3,21-25
2594,5,Blue One M,3000,3,South West,Male,24,0,122,0.6,9000,0,3,21-25
2595,5,Blue One M,3000,3,West,Male,30,0,122,0.6,9000,0,3,26-30
2596,5,Blue One M,3000,3,Far North,Female,17,0,116,0.6,9000,0,4,<=20
2597,5,Blue One M,3000,2,Adamawa,Male,25,0,128,0.4,6000,0,3,21-25
2598,6,Blue One M,3000,2,South,Female,26,0,136,0.3333333333333333,6000,0,3,26-30
2599,5,Blue One M,3000,2,South,Female,31,0,109,0.4,6000,0,4,>30
2600,6,Blue One M,3000,2,North,Male,23,0,138,0.3333333333333333,6000,0,3,21-25
2601,6,Blue One M,3000,3,North,Male,27,0,145,0.5,9000,0,3,26-30
2603,5,Blue One M,3000,2,West,Male,18,0,126,0.4,6000,0,3,<=20
2605,4,Blue One M,3000,3,Adamawa,Female,24,0,92,0.75,9000,0,4,21-25
2606,6,Blue One M,3000,2,East,Male,20,0,151,0.3333333333333333,6000,0,2,<=20
2607,6,Blue One M,3000,0,West,Female,26,1,151,0.0,0,1,2,26-30
2608,6,Blue One M,3000,0,Far North,Female,26,1,150,0.0,0,1,2,26-30
2609,6,Blue One M,3000,0,North West,Female,22,1,146,0.0,0,1,3,21-25
2610,6,Blue One M,3000,2,South West,Female,28,1,145,0.3333333333333333,6000,0,3,26-30
2611,6,Blue One M,3000,0,Adamawa,Female,26,1,151,0.0,0,1,2,26-30
2612,3,Blue One S,2000,2,North West,Female,27,0,74,0.6666666666666666,4000,0,5,26-30
2614,4,Blue One M,3000,3,East,Male,22,0,88,0.75,9000,0,5,21-25
2615,4,Blue One M,3000,2,Littoral,Male,22,1,102,0.5,6000,0,4,21-25
2616,4,Blue One M,3000,3,West,Female,23,0,89,0.75,9000,0,4,21-25
2617,4,Blue One M,3000,3,Far North,Male,25,0,89,0.75,9000,0,4,21-25
2618,4,Blue One M,3000,0,North,Female,29,1,95,0.0,0,1,4,26-30
2620,4,Blue One M,3000,0,North,Male,22,1,96,0.0,0,1,4,21-25
2621,6,Blue One M,3000,2,Adamawa,Female,26,1,136,0.3333333333333333,6000,0,3,26-30
2622,4,Blue One M,3000,2,North,Male,24,0,96,0.5,6000,0,4,21-25
2623,6,Blue One M,3000,0,South West,Female,28,1,138,0.0,0,1,3,26-30
2624,6,Blue One M,3000,3,North,Male,25,0,144,0.5,9000,0,3,21-25
2625,6,Blue One M,3000,0,North West,Female,23,1,144,0.0,0,1,3,21-25
2626,6,Blue One M,3000,2,Far North,Female,21,1,144,0.3333333333333333,6000,0,3,21-25
2627,6,Blue One M,3000,3,North West,Male,27,0,140,0.5,9000,0,3,26-30
2628,6,Blue One M,3000,2,South West,Female,30,1,136,0.3333333333333333,6000,0,3,26-30
2629,5,Blue One M,3000,0,Adamawa,Male,24,1,131,0.0,0,1,3,21-25
2630,5,Blue One M,3000,2,Littoral,Female,22,1,131,0.4,6000,0,3,21-25
2631,5,Blue One M,3000,3,Far North,Male,25,0,126,0.6,9000,0,3,21-25
2632,5,Blue One M,3000,2,South,Male,27,0,125,0.4,6000,0,3,26-30
2633,5,Blue One M,3000,2,Littoral,Female,23,1,115,0.4,6000,0,4,21-25
2634,5,Blue One M,3000,2,East,Female,24,0,115,0.4,6000,0,4,21-25
2635,5,Blue One M,3000,2,North West,Male,24,0,125,0.4,6000,0,3,21-25
2636,5,Blue One M,3000,0,South West,Male,26,1,115,0.0,0,1,4,26-30
2637,5,Blue One M,3000,2,North,Male,22,1,116,0.4,6000,0,4,21-25
2638,5,Blue One M,3000,2,North,Female,25,0,105,0.4,6000,0,4,21-25
2639,5,Blue One M,3000,0,Adamawa,Female,26,1,105,0.0,0,1,4,26-30
2640,5,Blue One M,3000,3,Littoral,Male,25,0,111,0.6,9000,0,4,21-25
2641,5,Blue One M,3000,2,West,Female,30,1,111,0.4,6000,0,4,26-30
2643,6,Blue One M,3000,2,North,Male,27,0,138,0.3333333333333333,6000,0,3,26-30
2644,5,Blue One M,3000,2,South West,Female,26,0,121,0.4,6000,0,3,26-30
2645,6,Blue One M,3000,0,South,Male,25,1,145,0.0,0,1,3,21-25
2646,6,Blue One M,3000,0,North,Male,26,1,144,0.0,0,1,3,26-30
2647,4,Blue One M,3000,3,East,Male,20,0,102,0.75,9000,0,4,<=20
2649,4,Blue One M,3000,3,Adamawa,Female,24,0,84,0.75,9000,0,5,21-25
2650,5,Blue One M,3000,3,South West,Female,28,0,108,0.6,9000,0,4,26-30
2651,5,Blue One M,3000,2,Far North,Male,28,0,118,0.4,6000,0,4,26-30
2652,4,Blue One M,3000,3,Adamawa,Male,23,0,94,0.75,9000,0,4,21-25
2653,6,Blue One M,3000,3,West,Female,26,0,137,0.5,9000,0,3,26-30
2654,6,Blue One M,3000,2,Far North,Female,29,0,149,0.3333333333333333,6000,0,3,26-30
2655,5,Blue One M,3000,2,Far North,Male,22,0,110,0.4,6000,0,4,21-25
2656,4,Blue One M,3000,2,Adamawa,Female,25,0,95,0.5,6000,0,4,21-25
2657,4,Blue One M,3000,2,South West,Female,20,0,96,0.5,6000,0,4,<=20
2658,4,Blue One M,3000,3,West,Female,27,0,103,0.75,9000,0,4,26-30
2659,5,Blue One M,3000,2,North West,Male,27,0,133,0.4,6000,0,3,26-30
2660,5,Blue One M,3000,3,East,Male,25,0,130,0.6,9000,0,3,21-25
2661,5,Blue One M,3000,3,Far North,Male,21,0,116,0.6,9000,0,4,21-25
2662,4,Blue One M,3000,0,West,Male,28,1,102,0.0,0,1,4,26-30
2663,6,Blue One M,3000,2,Centre,Male,28,0,149,0.3333333333333333,6000,0,3,26-30
2664,5,Blue One M,3000,2,South,Female,24,1,124,0.4,6000,0,3,21-25
2665,5,Blue One M,3000,2,Centre,Female,25,1,110,0.4,6000,0,4,21-25
2666,5,Blue One M,3000,2,South,Female,22,0,109,0.4,6000,0,4,21-25
2667,6,Blue One M,3000,3,Littoral,Female,29,0,136,0.5,9000,0,3,26-30
2668,4,Blue One M,3000,3,Adamawa,Male,26,0,94,0.75,9000,0,4,26-30
2669,5,Blue One M,3000,3,South West,Male,28,0,125,0.6,9000,0,3,26-30
2670,5,Blue One M,3000,2,Centre,Female,20,1,115,0.4,6000,0,4,<=20
2671,5,Blue One M,3000,2,Littoral,Male,32,0,123,0.4,6000,0,3,>30
2672,4,Blue One M,3000,3,West,Male,23,0,103,0.75,9000,0,4,21-25
2673,5,Blue One M,3000,0,South West,Female,32,1,108,0.0,0,1,4,>30
2674,6,Blue One M,3000,2,Littoral,Male,27,0,141,0.3333333333333333,6000,0,3,26-30
2675,5,Blue One M,3000,0,Littoral,Male,21,1,105,0.0,0,1,4,21-25
2676,5,Blue One M,3000,0,South,Female,27,1,122,0.0,0,1,3,26-30
2677,4,Blue One M,3000,2,North West,Male,28,0,95,0.5,6000,0,4,26-30
2678,5,Blue One M,3000,0,North,Male,32,1,124,0.0,0,1,3,>30
2679,6,Blue One M,3000,3,Far North,Male,29,0,153,0.5,9000,0,2,26-30
2680,6,Blue One M,3000,2,East,Male,32,0,146,0.3333333333333333,6000,0,3,>30
2681,5,Blue One M,3000,2,South West,Female,29,0,105,0.4,6000,0,4,26-30
2682,4,Blue One M,3000,3,East,Female,27,0,90,0.75,9000,0,4,26-30
2683,6,Blue One M,3000,3,North,Female,28,0,139,0.5,9000,0,3,26-30
2684,4,Blue One M,3000,0,North,Female,24,1,95,0.0,0,1,4,21-25
2685,5,Blue One M,3000,2,Far North,Female,24,0,118,0.4,6000,0,4,21-25
2686,5,Blue One M,3000,0,South West,Female,17,1,132,0.0,0,1,3,<=20
2687,6,Blue One M,3000,3,North West,Male,26,0,136,0.5,9000,0,3,26-30
2688,6,Blue One M,3000,2,South,Female,25,0,144,0.3333333333333333,6000,0,3,21-25
2689,6,Blue One M,3000,2,North West,Female,31,1,150,0.3333333333333333,6000,0,2,>30
2690,5,Blue One M,3000,2,Far North,Male,26,1,116,0.4,6000,0,4,26-30
2691,6,Blue One M,3000,2,South,Male,26,0,145,0.3333333333333333,6000,0,3,26-30
2692,5,Blue One M,3000,2,South,Male,25,0,129,0.4,6000,0,3,21-25
2693,6,Blue One M,3000,0,Littoral,Female,26,1,139,0.0,0,1,3,26-30
2694,5,Blue One M,3000,2,South West,Male,21,0,125,0.4,6000,0,3,21-25
2695,5,Blue One M,3000,0,South,Female,25,1,132,0.0,0,1,3,21-25
2696,5,Blue One M,3000,2,North,Male,23,0,132,0.4,6000,0,3,21-25
2697,6,Blue One M,3000,0,East,Male,25,1,140,0.0,0,1,3,21-25
2698,6,Blue One M,3000,0,Centre,Male,30,1,136,0.0,0,1,3,26-30
2699,5,Blue One M,3000,3,North,Female,28,0,116,0.6,9000,0,4,26-30
2700,4,Blue One M,3000,3,Littoral,Female,26,0,89,0.75,9000,0,4,26-30
2701,5,Blue One M,3000,0,Far North,Male,28,1,129,0.0,0,1,3,26-30
2702,5,Blue One M,3000,3,North West,Female,22,0,126,0.6,9000,0,3,21-25
2703,5,Blue One M,3000,2,West,Female,22,0,125,0.4,6000,0,3,21-25
2704,6,Blue One M,3000,3,Adamawa,Female,28,0,136,0.5,9000,0,3,26-30
2705,4,Blue One M,3000,2,East,Male,29,0,86,0.5,6000,0,5,26-30
2712,4,Blue One M,3000,2,South West,Male,23,0,75,0.5,6000,0,5,21-25
2715,4,Blue One M,3000,3,East,Female,21,0,75,0.75,9000,0,5,21-25
2740,4,Blue One M,3000,2,Adamawa,Male,19,1,76,0.5,6000,0,5,<=20
2741,3,Blue One S,2000,1,Far North,Female,19,0,74,0.3333333333333333,2000,0,5,<=20
2743,4,Blue One M,3000,3,East,Male,21,0,77,0.75,9000,0,5,21-25
2746,3,Blue One S,2000,2,South West,Male,23,0,74,0.6666666666666666,4000,0,5,21-25
2749,4,Blue One M,3000,2,Littoral,Female,23,0,77,0.5,6000,0,5,21-25
2752,4,Blue One M,3000,2,South West,Female,23,0,75,0.5,6000,0,5,21-25
2753,5,Blue One M,3000,2,South West,Female,23,1,109,0.4,6000,0,4,21-25
2755,4,Blue One M,3000,3,East,Male,22,0,83,0.75,9000,0,5,21-25
2756,4,Blue One M,3000,2,West,Male,26,0,97,0.5,6000,0,4,26-30
2757,5,Blue One M,3000,3,North,Male,22,0,109,0.6,9000,0,4,21-25
2758,5,Blue One M,3000,2,East,Female,25,0,133,0.4,6000,0,3,21-25
2759,3,Blue One S,2000,2,North West,Male,20,0,74,0.6666666666666666,4000,0,5,<=20
2760,4,Blue One M,3000,2,North,Male,23,1,93,0.5,6000,0,4,21-25
2761,5,Blue One M,3000,2,Far North,Male,26,0,114,0.4,6000,0,4,26-30
2762,5,Blue One M,3000,3,East,Female,22,0,106,0.6,9000,0,4,21-25
2763,5,Blue One M,3000,3,North,Male,27,0,116,0.6,9000,0,4,26-30
2764,5,Blue One M,3000,3,Far North,Male,25,0,117,0.6,9000,0,4,21-25
2767,5,Blue One M,3000,2,South,Male,24,1,107,0.4,6000,0,4,21-25
2768,4,Blue One M,3000,2,South,Male,23,0,98,0.5,6000,0,4,21-25
2769,5,Blue One M,3000,2,Far North,Male,23,1,112,0.4,6000,0,4,21-25
2770,5,Blue One M,3000,2,South,Female,21,1,110,0.4,6000,0,4,21-25
2771,5,Blue One M,3000,3,Far North,Male,26,0,110,0.6,9000,0,4,26-30
2772,5,Blue One M,3000,0,South,Male,27,1,110,0.0,0,1,4,26-30
2773,5,Blue One M,3000,2,Adamawa,Male,25,0,109,0.4,6000,0,4,21-25
2774,4,Blue One M,3000,3,West,Male,27,0,100,0.75,9000,0,4,26-30
2775,4,Blue One M,3000,2,South West,Male,22,0,91,0.5,6000,0,4,21-25
2777,4,Blue One M,3000,3,North,Male,21,0,95,0.75,9000,0,4,21-25
2778,4,Blue One M,3000,0,Adamawa,Male,23,1,81,0.0,0,1,5,21-25
2779,4,Blue One M,3000,2,West,Male,23,0,94,0.5,6000,0,4,21-25
2780,4,Blue One M,3000,3,South West,Female,22,0,81,0.75,9000,0,5,21-25
2781,4,Blue One M,3000,2,North,Male,21,0,94,0.5,6000,0,4,21-25
2782,4,Blue One M,3000,2,North West,Female,27,0,84,0.5,6000,0,5,26-30
2783,4,Blue One M,3000,2,South,Female,26,0,79,0.5,6000,0,5,26-30
2784,4,Blue One M,3000,3,Littoral,Female,28,0,80,0.75,9000,0,5,26-30
2785,5,Blue One M,3000,2,Far North,Female,26,0,105,0.4,6000,0,4,26-30
2786,4,Blue One M,3000,2,East,Male,21,0,92,0.5,6000,0,4,21-25
2787,4,Blue One M,3000,2,Centre,Female,20,0,76,0.5,6000,0,5,<=20
2788,4,Blue One M,3000,3,Littoral,Female,22,0,90,0.75,9000,0,4,21-25
2789,4,Blue One M,3000,3,South,Female,29,0,83,0.75,9000,0,5,26-30
2790,4,Blue One M,3000,0,South,Male,18,1,102,0.0,0,1,4,<=20
2791,4,Blue One M,3000,2,Far North,Female,23,1,96,0.5,6000,0,4,21-25
2792,4,Blue One M,3000,2,Adamawa,Male,22,1,104,0.5,6000,0,4,21-25
2793,4,Blue One M,3000,0,Centre,Male,20,1,101,0.0,0,1,4,<=20
2794,5,Blue One M,3000,2,Littoral,Male,26,1,109,0.4,6000,0,4,26-30
2795,5,Blue One M,3000,0,North West,Male,25,1,109,0.0,0,1,4,21-25
2796,4,Blue One M,3000,2,Adamawa,Female,25,0,98,0.5,6000,0,4,21-25
2797,4,Blue One M,3000,2,South,Male,20,0,80,0.5,6000,0,5,<=20
2798,4,Blue One M,3000,2,South,Female,26,0,86,0.5,6000,0,5,26-30
2799,4,Blue One M,3000,3,South West,Female,22,0,92,0.75,9000,0,4,21-25
2800,4,Blue One M,3000,3,Adamawa,Male,20,0,95,0.75,9000,0,4,<=20
2801,4,Blue One M,3000,3,North West,Female,20,0,93,0.75,9000,0,4,<=20
2802,4,Blue One M,3000,0,Adamawa,Male,23,1,92,0.0,0,1,4,21-25
2803,4,Blue One M,3000,2,South West,Female,28,0,83,0.5,6000,0,5,26-30
2804,4,Blue One M,3000,3,North,Female,23,0,76,0.75,9000,0,5,21-25
2805,5,Blue One M,3000,2,Littoral,Male,20,1,131,0.4,6000,0,3,<=20
2806,4,Blue One M,3000,2,West,Male,22,1,89,0.5,6000,0,4,21-25
2807,5,Blue One M,3000,3,East,Male,23,0,124,0.6,9000,0,3,21-25
2808,5,Blue One M,3000,2,Far North,Male,23,1,124,0.4,6000,0,3,21-25
2810,4,Blue One M,3000,2,South West,Female,26,0,85,0.5,6000,0,5,26-30
2811,4,Blue One M,3000,3,West,Male,25,0,98,0.75,9000,0,4,21-25
2812,5,Blue One M,3000,0,North West,Female,24,1,116,0.0,0,1,4,21-25
2813,5,Blue One M,3000,0,Littoral,Female,26,1,128,0.0,0,1,3,26-30
2814,4,Blue One M,3000,3,South,Female,25,0,76,0.75,9000,0,5,21-25
2815,5,Blue One M,3000,2,West,Male,22,0,129,0.4,6000,0,3,21-25
2816,4,Blue One M,3000,2,Littoral,Male,23,0,80,0.5,6000,0,5,21-25
2817,5,Blue One M,3000,2,South West,Female,20,0,121,0.4,6000,0,3,<=20
2818,5,Blue One M,3000,0,South West,Male,29,1,116,0.0,0,1,4,26-30
2819,5,Blue One M,3000,3,Centre,Female,29,0,121,0.6,9000,0,3,26-30
2820,4,Blue One M,3000,2,North West,Female,26,0,81,0.5,6000,0,5,26-30
2821,5,Blue One M,3000,2,Far North,Male,25,0,125,0.4,6000,0,3,21-25
2823,5,Blue One M,3000,3,North,Male,27,0,126,0.6,9000,0,3,26-30
2824,5,Blue One M,3000,2,Centre,Female,22,0,111,0.4,6000,0,4,21-25
2825,4,Blue One M,3000,2,North West,Female,29,0,91,0.5,6000,0,4,26-30
2827,5,Blue One M,3000,0,East,Female,21,1,111,0.0,0,1,4,21-25
2829,4,Blue One M,3000,0,East,Female,20,1,96,0.0,0,1,4,<=20
2830,5,Blue One M,3000,2,North West,Female,26,1,124,0.4,6000,0,3,26-30
2831,4,Blue One M,3000,2,South,Male,24,1,96,0.5,6000,0,4,21-25
2832,4,Blue One M,3000,2,West,Male,24,0,104,0.5,6000,0,4,21-25
2833,5,Blue One M,3000,2,East,Male,22,0,116,0.4,6000,0,4,21-25
2834,5,Blue One M,3000,2,North West,Male,24,1,124,0.4,6000,0,3,21-25
2835,5,Blue One M,3000,3,Littoral,Male,23,0,132,0.6,9000,0,3,21-25
2836,5,Blue One M,3000,3,Far North,Male,27,0,112,0.6,9000,0,4,26-30
2837,5,Blue One M,3000,3,West,Female,23,0,123,0.6,9000,0,3,21-25
2838,5,Blue One M,3000,3,West,Female,25,0,126,0.6,9000,0,3,21-25
2839,5,Blue One M,3000,0,North West,Male,21,1,126,0.0,0,1,3,21-25
2840,5,Blue One M,3000,2,Adamawa,Male,26,1,126,0.4,6000,0,3,26-30
2841,5,Blue One M,3000,2,North West,Female,25,0,126,0.4,6000,0,3,21-25
2842,5,Blue One M,3000,0,North,Male,21,1,111,0.0,0,1,4,21-25
2843,4,Blue One M,3000,3,East,Female,26,0,89,0.75,9000,0,4,26-30
2844,5,Blue One M,3000,3,South,Female,25,0,129,0.6,9000,0,3,21-25
2845,4,Blue One M,3000,0,Littoral,Male,27,1,97,0.0,0,1,4,26-30
2847,5,Blue One M,3000,2,Centre,Male,22,0,123,0.4,6000,0,3,21-25
2849,5,Blue One M,3000,3,Far North,Male,17,0,109,0.6,9000,0,4,<=20
2850,5,Blue One M,3000,3,Centre,Male,26,0,116,0.6,9000,0,4,26-30
2851,5,Blue One M,3000,2,North West,Female,23,1,111,0.4,6000,0,4,21-25
2852,4,Blue One M,3000,3,Adamawa,Male,22,0,83,0.75,9000,0,5,21-25
2853,4,Blue One M,3000,0,South West,Female,21,1,104,0.0,0,1,4,21-25
2854,4,Blue One M,3000,0,East,Female,24,1,97,0.0,0,1,4,21-25
2855,6,Blue One M,3000,0,Adamawa,Female,28,1,138,0.0,0,1,3,26-30
2856,6,Blue One M,3000,0,Littoral,Male,24,1,139,0.0,0,1,3,21-25
2857,6,Blue One M,3000,2,North,Female,24,1,139,0.3333333333333333,6000,0,3,21-25
2858,6,Blue One M,3000,2,Adamawa,Female,20,0,139,0.3333333333333333,6000,0,3,<=20
2859,4,Blue One M,3000,0,North,Male,26,1,82,0.0,0,1,5,26-30
2860,4,Blue One M,3000,3,Littoral,Male,25,0,82,0.75,9000,0,5,21-25
2861,5,Blue One M,3000,3,North,Male,27,0,120,0.6,9000,0,3,26-30
2862,5,Blue One M,3000,2,South West,Female,24,0,117,0.4,6000,0,4,21-25
2863,5,Blue One M,3000,0,East,Female,23,1,128,0.0,0,1,3,21-25
2864,5,Blue One M,3000,2,North,Male,24,1,105,0.4,6000,0,4,21-25
2865,5,Blue One M,3000,0,Far North,Male,19,1,133,0.0,0,1,3,<=20
2866,4,Blue One M,3000,2,South,Female,26,0,76,0.5,6000,0,5,26-30
2867,5,Blue One M,3000,0,South West,Male,23,1,117,0.0,0,1,4,21-25
2868,4,Blue One M,3000,3,Littoral,Female,24,0,90,0.75,9000,0,4,21-25
2869,4,Blue One M,3000,0,South,Female,20,1,87,0.0,0,1,5,<=20
2870,5,Blue One M,3000,0,West,Female,25,1,115,0.0,0,1,4,21-25
2871,5,Blue One M,3000,2,Centre,Female,28,1,129,0.4,6000,0,3,26-30
2872,4,Blue One M,3000,3,South West,Male,22,0,103,0.75,9000,0,4,21-25
2873,4,Blue One M,3000,2,West,Male,19,1,91,0.5,6000,0,4,<=20
2874,4,Blue One M,3000,0,Far North,Female,25,1,102,0.0,0,1,4,21-25
2875,5,Blue One M,3000,2,South West,Male,24,0,109,0.4,6000,0,4,21-25
2876,4,Blue One M,3000,2,North West,Female,26,1,83,0.5,6000,0,5,26-30
2877,5,Blue One M,3000,0,Adamawa,Female,24,1,115,0.0,0,1,4,21-25
2878,5,Blue One M,3000,0,West,Male,27,1,108,0.0,0,1,4,26-30
2879,4,Blue One M,3000,2,North West,Female,22,0,87,0.5,6000,0,5,21-25
2882,4,Blue One M,3000,0,North West,Female,23,1,97,0.0,0,1,4,21-25
2883,4,Blue One M,3000,0,West,Male,21,1,92,0.0,0,1,4,21-25
2884,5,Blue One M,3000,2,South,Female,22,0,109,0.4,6000,0,4,21-25
2885,5,Blue One M,3000,3,Centre,Female,26,0,109,0.6,9000,0,4,26-30
2886,5,Blue One M,3000,0,Adamawa,Male,22,1,109,0.0,0,1,4,21-25
2887,4,Blue One M,3000,2,South,Female,24,0,79,0.5,6000,0,5,21-25
2888,5,Blue One M,3000,2,North,Female,20,1,104,0.4,6000,0,4,<=20
2890,4,Blue One M,3000,2,South,Female,22,0,97,0.5,6000,0,4,21-25
2891,5,Blue One M,3000,2,North West,Male,29,0,111,0.4,6000,0,4,26-30
2892,5,Blue One M,3000,2,Far North,Female,26,1,112,0.4,6000,0,4,26-30
2894,4,Blue One M,3000,2,North,Female,22,0,96,0.5,6000,0,4,21-25
2895,5,Blue One M,3000,2,Far North,Female,22,0,111,0.4,6000,0,4,21-25
2896,4,Blue One M,3000,2,Littoral,Male,30,0,95,0.5,6000,0,4,26-30
2897,6,Blue One M,3000,2,North,Female,25,1,135,0.3333333333333333,6000,0,3,21-25
2898,5,Blue One M,3000,2,East,Male,28,0,116,0.4,6000,0,4,26-30
2899,5,Blue One M,3000,2,West,Female,25,0,129,0.4,6000,0,3,21-25
2900,5,Blue One M,3000,2,South,Female,29,1,134,0.4,6000,0,3,26-30
2901,6,Blue One M,3000,2,East,Female,23,1,136,0.3333333333333333,6000,0,3,21-25
2902,6,Blue One M,3000,2,North,Male,32,1,138,0.3333333333333333,6000,0,3,>30
2903,6,Blue One M,3000,3,Far North,Male,27,0,136,0.5,9000,0,3,26-30
2904,5,Blue One M,3000,3,Adamawa,Female,26,0,134,0.6,9000,0,3,26-30
2905,5,Blue One M,3000,0,West,Female,28,1,134,0.0,0,1,3,26-30
2906,5,Blue One M,3000,2,North West,Male,24,1,134,0.4,6000,0,3,21-25
2907,5,Blue One M,3000,2,Adamawa,Male,20,1,129,0.4,6000,0,3,<=20
2908,4,Blue One M,3000,2,East,Female,25,0,81,0.5,6000,0,5,21-25
2909,4,Blue One M,3000,3,East,Male,25,0,75,0.75,9000,0,5,21-25
2910,4,Blue One M,3000,0,Centre,Female,24,1,104,0.0,0,1,4,21-25
2911,4,Blue One M,3000,2,Far North,Male,22,1,96,0.5,6000,0,4,21-25
2912,5,Blue One M,3000,3,North West,Female,26,0,111,0.6,9000,0,4,26-30
2913,5,Blue One M,3000,0,South,Male,26,1,105,0.0,0,1,4,26-30
2914,5,Blue One M,3000,2,Far North,Male,25,0,109,0.4,6000,0,4,21-25
2915,5,Blue One M,3000,2,South,Male,22,1,109,0.4,6000,0,4,21-25
2918,4,Blue One M,3000,3,Centre,Male,24,0,87,0.75,9000,0,5,21-25
2919,4,Blue One M,3000,0,North,Male,21,1,99,0.0,0,1,4,21-25
2920,4,Blue One M,3000,2,South,Female,26,1,95,0.5,6000,0,4,26-30
2921,4,Blue One M,3000,2,Adamawa,Female,24,1,94,0.5,6000,0,4,21-25
2922,4,Blue One M,3000,2,Adamawa,Male,22,0,98,0.5,6000,0,4,21-25
2923,4,Blue One M,3000,2,South,Male,19,0,90,0.5,6000,0,4,<=20
2924,4,Blue One M,3000,0,South West,Male,27,1,80,0.0,0,1,5,26-30
2925,4,Blue One M,3000,3,Littoral,Female,29,0,80,0.75,9000,0,5,26-30
2926,4,Blue One M,3000,0,East,Male,25,1,102,0.0,0,1,4,21-25
2927,4,Blue One M,3000,3,Adamawa,Female,25,0,76,0.75,9000,0,5,21-25
2928,4,Blue One M,3000,2,Adamawa,Female,24,0,89,0.5,6000,0,4,21-25
2929,4,Blue One M,3000,3,South West,Male,25,0,90,0.75,9000,0,4,21-25
2930,4,Blue One M,3000,3,West,Female,23,0,103,0.75,9000,0,4,21-25
2931,4,Blue One M,3000,2,South West,Female,22,0,85,0.5,6000,0,5,21-25
2932,4,Blue One M,3000,3,West,Female,23,0,80,0.75,9000,0,5,21-25
2933,5,Blue One M,3000,3,North West,Female,28,0,108,0.6,9000,0,4,26-30
2934,5,Blue One M,3000,2,Far North,Male,23,0,104,0.4,6000,0,4,21-25
2935,4,Blue One M,3000,2,Centre,Female,27,1,90,0.5,6000,0,4,26-30
2936,3,Blue One S,2000,1,Far North,Female,20,0,61,0.3333333333333333,2000,0,5,<=20
2939,4,Blue One M,3000,2,Centre,Female,24,0,75,0.5,6000,0,5,21-25
2958,5,Blue One M,3000,3,Far North,Male,24,0,110,0.6,9000,0,4,21-25
2959,5,Blue One M,3000,0,West,Male,25,1,126,0.0,0,1,3,21-25
2961,5,Blue One M,3000,2,Littoral,Female,29,1,116,0.4,6000,0,4,26-30
2962,5,Blue One M,3000,2,Centre,Male,30,0,112,0.4,6000,0,4,26-30
2963,5,Blue One M,3000,3,North West,Male,22,0,117,0.6,9000,0,4,21-25
2964,5,Blue One M,3000,0,Centre,Female,27,1,122,0.0,0,1,3,26-30
2966,5,Blue One M,3000,2,Far North,Female,26,0,127,0.4,6000,0,3,26-30
2967,4,Blue One M,3000,3,Adamawa,Female,17,0,102,0.75,9000,0,4,<=20
2968,5,Blue One M,3000,2,Centre,Female,28,1,126,0.4,6000,0,3,26-30
2969,5,Blue One M,3000,3,Centre,Male,25,0,126,0.6,9000,0,3,21-25
2970,5,Blue One M,3000,2,Centre,Female,22,0,126,0.4,6000,0,3,21-25
2971,5,Blue One M,3000,0,South,Female,24,1,127,0.0,0,1,3,21-25
2972,5,Blue One M,3000,3,Centre,Female,24,0,127,0.6,9000,0,3,21-25
2973,4,Blue One M,3000,2,Littoral,Female,28,1,103,0.5,6000,0,4,26-30
2974,5,Blue One M,3000,3,West,Male,20,0,124,0.6,9000,0,3,<=20
2975,5,Blue One M,3000,3,South West,Female,25,0,127,0.6,9000,0,3,21-25
2976,5,Blue One M,3000,2,Littoral,Female,25,0,124,0.4,6000,0,3,21-25
2977,5,Blue One M,3000,2,West,Male,19,0,113,0.4,6000,0,4,<=20
2978,5,Blue One M,3000,3,East,Male,28,0,126,0.6,9000,0,3,26-30
2979,5,Blue One M,3000,2,North West,Female,21,0,124,0.4,6000,0,3,21-25
2982,5,Blue One M,3000,2,South West,Male,27,1,125,0.4,6000,0,3,26-30
2983,5,Blue One M,3000,3,North West,Male,23,0,124,0.6,9000,0,3,21-25
2984,5,Blue One M,3000,0,South,Male,26,1,127,0.0,0,1,3,26-30
2985,5,Blue One M,3000,2,Centre,Female,20,1,123,0.4,6000,0,3,<=20
2986,5,Blue One M,3000,2,West,Female,27,0,118,0.4,6000,0,4,26-30
2987,5,Blue One M,3000,0,South,Female,27,1,109,0.0,0,1,4,26-30
2988,5,Blue One M,3000,3,West,Female,24,0,118,0.6,9000,0,4,21-25
2989,5,Blue One M,3000,2,South,Male,28,0,126,0.4,6000,0,3,26-30
2990,5,Blue One M,3000,2,South West,Female,26,1,126,0.4,6000,0,3,26-30
2991,4,Blue One M,3000,0,West,Female,19,1,102,0.0,0,1,4,<=20
2992,4,Blue One M,3000,2,Centre,Male,21,0,95,0.5,6000,0,4,21-25
2994,5,Blue One M,3000,2,East,Male,23,1,128,0.4,6000,0,3,21-25
2995,5,Blue One M,3000,0,Centre,Male,30,1,112,0.0,0,1,4,26-30
2996,5,Blue One M,3000,3,North,Male,25,0,121,0.6,9000,0,3,21-25
2997,5,Blue One M,3000,3,Littoral,Female,24,0,130,0.6,9000,0,3,21-25
2998,5,Blue One M,3000,0,East,Female,23,1,132,0.0,0,1,3,21-25
2999,4,Blue One M,3000,3,South West,Male,26,0,82,0.75,9000,0,5,26-30
3000,4,Blue One M,3000,2,Centre,Male,22,0,84,0.5,6000,0,5,21-25
3002,4,Blue One M,3000,2,Littoral,Male,18,0,88,0.5,6000,0,5,<=20
3003,4,Blue One M,3000,0,East,Male,24,1,84,0.0,0,1,5,21-25
3004,4,Blue One M,3000,2,West,Female,24,0,84,0.5,6000,0,5,21-25
3005,4,Blue One M,3000,3,Adamawa,Male,26,0,90,0.75,9000,0,4,26-30
3006,4,Blue One M,3000,2,Adamawa,Female,27,0,90,0.5,6000,0,4,26-30
3007,4,Blue One M,3000,2,West,Male,27,0,84,0.5,6000,0,5,26-30
3008,4,Blue One M,3000,3,Far North,Male,22,0,91,0.75,9000,0,4,21-25
3009,4,Blue One M,3000,2,South West,Female,28,0,84,0.5,6000,0,5,26-30
3010,4,Blue One M,3000,2,East,Male,19,0,84,0.5,6000,0,5,<=20
3012,4,Blue One M,3000,0,South West,Female,17,1,90,0.0,0,1,4,<=20
3013,4,Blue One M,3000,2,East,Male,23,0,97,0.5,6000,0,4,21-25
3014,4,Blue One M,3000,2,South West,Male,31,0,99,0.5,6000,0,4,>30
3015,5,Blue One M,3000,2,East,Female,24,0,111,0.4,6000,0,4,21-25
3016,5,Blue One M,3000,2,North West,Female,26,0,116,0.4,6000,0,4,26-30
3017,5,Blue One M,3000,0,South West,Male,22,1,106,0.0,0,1,4,21-25
3018,5,Blue One M,3000,3,Centre,Male,28,0,117,0.6,9000,0,4,26-30
3019,5,Blue One M,3000,3,Centre,Male,24,0,109,0.6,9000,0,4,21-25
3020,5,Blue One M,3000,2,South West,Male,24,1,117,0.4,6000,0,4,21-25
3021,5,Blue One M,3000,2,South West,Female,28,1,122,0.4,6000,0,3,26-30
3022,5,Blue One M,3000,0,East,Male,24,1,119,0.0,0,1,4,21-25
3023,5,Blue One M,3000,2,South West,Female,29,1,118,0.4,6000,0,4,26-30
3024,5,Blue One M,3000,2,Far North,Male,27,1,124,0.4,6000,0,3,26-30
3025,5,Blue One M,3000,3,South West,Male,25,0,122,0.6,9000,0,3,21-25
3026,5,Blue One M,3000,3,Littoral,Male,27,0,129,0.6,9000,0,3,26-30
3029,6,Blue One M,3000,2,West,Female,25,0,145,0.3333333333333333,6000,0,3,21-25
3030,4,Blue One M,3000,3,Littoral,Female,23,0,83,0.75,9000,0,5,21-25
3031,4,Blue One M,3000,3,South West,Male,21,0,83,0.75,9000,0,5,21-25
3032,4,Blue One M,3000,2,Centre,Male,19,1,89,0.5,6000,0,4,<=20
3033,4,Blue One M,3000,3,Centre,Female,21,0,80,0.75,9000,0,5,21-25
3034,4,Blue One M,3000,2,West,Female,24,0,86,0.5,6000,0,5,21-25
3035,4,Blue One M,3000,3,South West,Female,26,0,83,0.75,9000,0,5,26-30
3036,4,Blue One M,3000,2,East,Female,27,0,83,0.5,6000,0,5,26-30
3037,4,Blue One M,3000,2,South,Female,24,0,87,0.5,6000,0,5,21-25
3038,4,Blue One M,3000,0,South West,Male,22,1,86,0.0,0,1,5,21-25
3040,4,Blue One M,3000,0,West,Male,28,1,83,0.0,0,1,5,26-30
3043,4,Blue One M,3000,2,North West,Female,25,0,79,0.5,6000,0,5,21-25
3044,4,Blue One M,3000,0,North,Female,23,1,79,0.0,0,1,5,21-25
3045,4,Blue One M,3000,2,Far North,Male,21,0,79,0.5,6000,0,5,21-25
3046,4,Blue One M,3000,3,East,Female,25,0,86,0.75,9000,0,5,21-25
3047,4,Blue One M,3000,0,East,Male,25,1,84,0.0,0,1,5,21-25
3048,4,Blue One M,3000,2,South,Male,23,1,86,0.5,6000,0,5,21-25
3049,4,Blue One M,3000,0,West,Female,28,1,87,0.0,0,1,5,26-30
3050,4,Blue One M,3000,3,North West,Female,21,0,83,0.75,9000,0,5,21-25
3051,4,Blue One M,3000,0,North West,Female,18,1,89,0.0,0,1,4,<=20
3052,4,Blue One M,3000,2,South,Male,23,0,95,0.5,6000,0,4,21-25
3053,4,Blue One M,3000,2,East,Male,23,0,82,0.5,6000,0,5,21-25
3054,4,Blue One M,3000,3,East,Male,26,0,80,0.75,9000,0,5,26-30
3056,4,Blue One M,3000,3,Littoral,Female,25,0,82,0.75,9000,0,5,21-25
3058,4,Blue One M,3000,3,East,Female,27,0,82,0.75,9000,0,5,26-30
3059,4,Blue One M,3000,3,North West,Male,23,0,82,0.75,9000,0,5,21-25
3060,4,Blue One M,3000,3,Centre,Female,24,0,75,0.75,9000,0,5,21-25
3061,4,Blue One M,3000,2,East,Male,26,1,81,0.5,6000,0,5,26-30
3069,5,Blue One M,3000,2,North,Male,26,1,111,0.4,6000,0,4,26-30
3070,5,Blue One M,3000,2,Centre,Female,27,1,114,0.4,6000,0,4,26-30
3071,5,Blue One M,3000,2,South West,Male,26,0,107,0.4,6000,0,4,26-30
3072,5,Blue One M,3000,0,Centre,Female,24,1,109,0.0,0,1,4,21-25
3074,4,Blue One M,3000,3,South West,Female,24,0,104,0.75,9000,0,4,21-25
3075,5,Blue One M,3000,2,South,Male,23,1,106,0.4,6000,0,4,21-25
3076,4,Blue One M,3000,3,East,Female,20,0,96,0.75,9000,0,4,<=20
3077,4,Blue One M,3000,3,South West,Male,20,0,102,0.75,9000,0,4,<=20
3078,5,Blue One M,3000,0,Littoral,Female,23,1,108,0.0,0,1,4,21-25
3079,5,Blue One M,3000,2,South,Male,28,1,104,0.4,6000,0,4,26-30
3080,5,Blue One M,3000,2,East,Male,24,1,107,0.4,6000,0,4,21-25
3081,4,Blue One M,3000,2,Littoral,Female,23,0,102,0.5,6000,0,4,21-25
3082,4,Blue One M,3000,3,West,Male,26,0,103,0.75,9000,0,4,26-30
3083,5,Blue One M,3000,0,Adamawa,Female,29,1,106,0.0,0,1,4,26-30
3084,4,Blue One M,3000,0,Littoral,Female,25,1,80,0.0,0,1,5,21-25
3085,4,Blue One M,3000,0,Far North,Male,29,1,103,0.0,0,1,4,26-30
3086,4,Blue One M,3000,3,South West,Male,26,0,96,0.75,9000,0,4,26-30
3087,4,Blue One M,3000,2,Adamawa,Male,19,0,102,0.5,6000,0,4,<=20
3088,4,Blue One M,3000,2,Far North,Male,25,1,101,0.5,6000,0,4,21-25
3089,4,Blue One M,3000,2,Centre,Female,21,1,101,0.5,6000,0,4,21-25
3090,4,Blue One M,3000,2,Littoral,Female,26,1,92,0.5,6000,0,4,26-30
3091,4,Blue One M,3000,2,West,Female,26,1,104,0.5,6000,0,4,26-30
3092,4,Blue One M,3000,3,South,Female,26,0,101,0.75,9000,0,4,26-30
3093,4,Blue One M,3000,3,East,Male,25,0,83,0.75,9000,0,5,21-25
3094,5,Blue One M,3000,2,North West,Female,29,1,116,0.4,6000,0,4,26-30
3095,5,Blue One M,3000,3,East,Female,27,0,129,0.6,9000,0,3,26-30
3096,5,Blue One M,3000,3,Far North,Female,22,0,107,0.6,9000,0,4,21-25
3097,5,Blue One M,3000,2,West,Female,26,1,124,0.4,6000,0,3,26-30
3098,5,Blue One M,3000,0,Far North,Female,26,1,125,0.0,0,1,3,26-30
3099,5,Blue One M,3000,0,North,Male,26,1,125,0.0,0,1,3,26-30
3100,5,Blue One M,3000,2,North West,Female,25,0,119,0.4,6000,0,4,21-25
3101,5,Blue One M,3000,0,Far North,Male,27,1,119,0.0,0,1,4,26-30
3102,5,Blue One M,3000,2,East,Female,29,0,123,0.4,6000,0,3,26-30
3103,5,Blue One M,3000,0,Far North,Male,24,1,123,0.0,0,1,3,21-25
3104,5,Blue One M,3000,3,West,Female,24,0,118,0.6,9000,0,4,21-25
3105,5,Blue One M,3000,3,Centre,Female,26,0,117,0.6,9000,0,4,26-30
3106,5,Blue One M,3000,2,West,Male,21,0,117,0.4,6000,0,4,21-25
3107,5,Blue One M,3000,2,West,Female,29,1,117,0.4,6000,0,4,26-30
3108,5,Blue One M,3000,0,Littoral,Female,23,1,117,0.0,0,1,4,21-25
3109,5,Blue One M,3000,3,Far North,Male,21,0,116,0.6,9000,0,4,21-25
3110,5,Blue One M,3000,0,Littoral,Male,25,1,118,0.0,0,1,4,21-25
3111,5,Blue One M,3000,2,North West,Male,28,0,109,0.4,6000,0,4,26-30
3112,5,Blue One M,3000,3,Far North,Male,22,0,108,0.6,9000,0,4,21-25
3113,5,Blue One M,3000,3,Littoral,Female,18,0,108,0.6,9000,0,4,<=20
3114,5,Blue One M,3000,2,Centre,Female,22,1,108,0.4,6000,0,4,21-25
3115,5,Blue One M,3000,2,North West,Male,22,0,115,0.4,6000,0,4,21-25
3116,5,Blue One M,3000,3,Centre,Male,23,0,107,0.6,9000,0,4,21-25
3117,5,Blue One M,3000,0,Adamawa,Male,28,1,116,0.0,0,1,4,26-30
3118,5,Blue One M,3000,2,East,Male,28,1,114,0.4,6000,0,4,26-30
3119,5,Blue One M,3000,0,North West,Female,22,1,110,0.0,0,1,4,21-25
3120,5,Blue One M,3000,2,Littoral,Female,25,0,107,0.4,6000,0,4,21-25
3121,5,Blue One M,3000,2,East,Female,22,1,115,0.4,6000,0,4,21-25
3122,5,Blue One M,3000,2,West,Male,25,1,111,0.4,6000,0,4,21-25
3123,5,Blue One M,3000,0,Centre,Female,25,1,107,0.0,0,1,4,21-25
3124,5,Blue One M,3000,2,Littoral,Male,26,0,107,0.4,6000,0,4,26-30
3125,5,Blue One M,3000,2,North West,Male,21,0,107,0.4,6000,0,4,21-25
3126,5,Blue One M,3000,2,North,Female,19,1,107,0.4,6000,0,4,<=20
3127,5,Blue One M,3000,3,North West,Male,27,0,107,0.6,9000,0,4,26-30
3138,4,Blue One M,3000,3,Centre,Male,27,0,80,0.75,9000,0,5,26-30
3242,5,Blue One M,3000,2,Adamawa,Male,27,0,105,0.4,6000,0,4,26-30
3243,4,Blue One M,3000,2,North,Female,17,0,97,0.5,6000,0,4,<=20
3244,4,Blue One M,3000,2,South West,Female,23,1,97,0.5,6000,0,4,21-25
3245,4,Blue One M,3000,2,Littoral,Female,20,1,74,0.5,6000,0,5,<=20
3246,4,Blue One M,3000,2,West,Female,22,0,98,0.5,6000,0,4,21-25
3247,4,Blue One M,3000,2,South West,Male,24,1,93,0.5,6000,0,4,21-25
3248,4,Blue One M,3000,2,North,Female,22,0,98,0.5,6000,0,4,21-25
3249,4,Blue One M,3000,0,Adamawa,Male,20,1,89,0.0,0,1,4,<=20
3250,4,Blue One M,3000,3,Centre,Female,18,0,85,0.75,9000,0,5,<=20
3251,4,Blue One M,3000,2,Adamawa,Male,21,0,100,0.5,6000,0,4,21-25
3252,4,Blue One M,3000,2,North West,Female,21,0,90,0.5,6000,0,4,21-25
3253,4,Blue One M,3000,2,Adamawa,Female,25,0,86,0.5,6000,0,5,21-25
3254,4,Blue One M,3000,2,North West,Male,19,0,104,0.5,6000,0,4,<=20
3255,4,Blue One M,3000,3,West,Male,20,0,104,0.75,9000,0,4,<=20
3256,5,Blue One M,3000,2,Adamawa,Female,29,1,106,0.4,6000,0,4,26-30
3257,4,Blue One M,3000,3,Adamawa,Male,26,0,104,0.75,9000,0,4,26-30
3258,4,Blue One M,3000,2,Far North,Female,26,0,104,0.5,6000,0,4,26-30
3259,4,Blue One M,3000,3,Far North,Female,26,0,98,0.75,9000,0,4,26-30
3260,4,Blue One M,3000,3,North West,Male,23,0,90,0.75,9000,0,4,21-25
3261,4,Blue One M,3000,2,North,Male,19,0,104,0.5,6000,0,4,<=20
3262,4,Blue One M,3000,2,Littoral,Female,25,0,103,0.5,6000,0,4,21-25
3263,4,Blue One M,3000,0,North West,Male,26,1,81,0.0,0,1,5,26-30
3264,4,Blue One M,3000,2,North,Male,26,0,90,0.5,6000,0,4,26-30
3266,4,Blue One M,3000,0,North,Male,17,1,95,0.0,0,1,4,<=20
3268,4,Blue One M,3000,2,Adamawa,Female,23,1,95,0.5,6000,0,4,21-25
3269,4,Blue One M,3000,2,North,Male,22,0,85,0.5,6000,0,5,21-25
3271,4,Blue One M,3000,3,Littoral,Male,17,0,94,0.75,9000,0,4,<=20
3272,4,Blue One M,3000,0,South West,Male,27,1,90,0.0,0,1,4,26-30
3273,4,Blue One M,3000,0,Centre,Female,22,1,90,0.0,0,1,4,21-25
3274,4,Blue One M,3000,3,North,Male,25,0,90,0.75,9000,0,4,21-25
3275,4,Blue One M,3000,2,Centre,Male,24,0,92,0.5,6000,0,4,21-25
3276,4,Blue One M,3000,2,Adamawa,Female,27,0,91,0.5,6000,0,4,26-30
3277,4,Blue One M,3000,3,Far North,Male,23,0,91,0.75,9000,0,4,21-25
3278,4,Blue One M,3000,2,Centre,Female,23,0,91,0.5,6000,0,4,21-25
3279,4,Blue One M,3000,3,East,Female,20,0,90,0.75,9000,0,4,<=20
3282,4,Blue One M,3000,3,North,Male,25,0,76,0.75,9000,0,5,21-25
3283,4,Blue One M,3000,0,Far North,Male,25,1,89,0.0,0,1,4,21-25
3284,4,Blue One M,3000,2,Littoral,Female,25,0,89,0.5,6000,0,4,21-25
3285,4,Blue One M,3000,2,West,Male,20,0,83,0.5,6000,0,5,<=20
3286,4,Blue One M,3000,0,North,Female,21,1,86,0.0,0,1,5,21-25
3287,4,Blue One M,3000,3,West,Male,21,0,82,0.75,9000,0,5,21-25
3288,4,Blue One M,3000,2,South,Male,24,0,77,0.5,6000,0,5,21-25
3289,4,Blue One M,3000,0,Adamawa,Female,28,1,77,0.0,0,1,5,26-30
3290,4,Blue One M,3000,3,North West,Female,28,0,74,0.75,9000,0,5,26-30
3291,4,Blue One M,3000,2,East,Male,20,0,86,0.5,6000,0,5,<=20
3293,4,Blue One M,3000,2,South,Male,22,0,86,0.5,6000,0,5,21-25
3295,4,Blue One M,3000,2,South West,Male,22,0,84,0.5,6000,0,5,21-25
3296,4,Blue One M,3000,2,Far North,Male,22,0,84,0.5,6000,0,5,21-25
3297,4,Blue One M,3000,3,North,Male,28,0,84,0.75,9000,0,5,26-30
3298,4,Blue One M,3000,2,North,Male,23,0,84,0.5,6000,0,5,21-25
3299,4,Blue One M,3000,2,Adamawa,Female,23,0,83,0.5,6000,0,5,21-25
3300,4,Blue One M,3000,0,South West,Female,26,1,83,0.0,0,1,5,26-30
3301,4,Blue One M,3000,3,Adamawa,Female,23,0,84,0.75,9000,0,5,21-25
3302,4,Blue One M,3000,3,West,Male,19,0,83,0.75,9000,0,5,<=20
3303,4,Blue One M,3000,0,North,Male,24,1,83,0.0,0,1,5,21-25
3304,4,Blue One M,3000,3,North,Female,22,0,82,0.75,9000,0,5,21-25
3305,4,Blue One M,3000,2,Far North,Male,26,1,79,0.5,6000,0,5,26-30
3306,4,Blue One M,3000,2,South West,Male,24,0,78,0.5,6000,0,5,21-25
3308,4,Blue One M,3000,2,North,Male,25,1,82,0.5,6000,0,5,21-25
3309,4,Blue One M,3000,3,North,Male,20,0,80,0.75,9000,0,5,<=20
3310,4,Blue One M,3000,2,East,Male,20,0,77,0.5,6000,0,5,<=20
3313,4,Blue One M,3000,2,Far North,Female,25,1,76,0.5,6000,0,5,21-25
3314,3,Blue One S,2000,1,Adamawa,Male,27,0,74,0.3333333333333333,2000,0,5,26-30
3315,3,Blue One S,2000,1,South,Female,19,0,74,0.3333333333333333,2000,0,5,<=20
3323,3,Blue One S,2000,2,South,Female,26,0,74,0.6666666666666666,4000,0,5,26-30
3339,5,Blue One M,3000,3,North,Male,24,0,122,0.6,9000,0,3,21-25
3340,5,Blue One M,3000,2,North West,Female,27,1,119,0.4,6000,0,3,26-30
3341,5,Blue One M,3000,2,North West,Female,28,1,128,0.4,6000,0,3,26-30
3342,5,Blue One M,3000,3,South West,Female,27,0,128,0.6,9000,0,3,26-30
3343,5,Blue One M,3000,0,Littoral,Female,23,1,125,0.0,0,1,3,21-25
3345,5,Blue One M,3000,2,West,Male,23,0,129,0.4,6000,0,3,21-25
3346,5,Blue One M,3000,3,Centre,Male,29,0,122,0.6,9000,0,3,26-30
3347,5,Blue One M,3000,0,West,Male,28,1,122,0.0,0,1,3,26-30
3348,5,Blue One M,3000,2,North West,Male,23,0,110,0.4,6000,0,4,21-25
3349,5,Blue One M,3000,2,North,Male,23,0,117,0.4,6000,0,4,21-25
3350,5,Blue One M,3000,2,West,Female,22,1,125,0.4,6000,0,3,21-25
3351,5,Blue One M,3000,2,Littoral,Male,23,1,125,0.4,6000,0,3,21-25
3352,5,Blue One M,3000,2,Far North,Male,22,0,125,0.4,6000,0,3,21-25
3353,5,Blue One M,3000,2,North,Male,18,0,124,0.4,6000,0,3,<=20
3354,5,Blue One M,3000,2,Adamawa,Male,25,1,125,0.4,6000,0,3,21-25
3355,5,Blue One M,3000,2,Centre,Male,29,0,121,0.4,6000,0,3,26-30
3356,5,Blue One M,3000,0,North West,Male,24,1,122,0.0,0,1,3,21-25
3357,4,Blue One M,3000,0,South,Male,27,1,102,0.0,0,1,4,26-30
3358,5,Blue One M,3000,2,Centre,Male,25,1,123,0.4,6000,0,3,21-25
3359,5,Blue One M,3000,2,West,Female,25,0,122,0.4,6000,0,3,21-25
3360,5,Blue One M,3000,2,North,Male,22,0,122,0.4,6000,0,3,21-25
3361,5,Blue One M,3000,2,North West,Male,27,0,119,0.4,6000,0,3,26-30
3362,5,Blue One M,3000,3,Centre,Male,24,0,119,0.6,9000,0,3,21-25
3363,5,Blue One M,3000,3,North West,Female,25,0,119,0.6,9000,0,3,21-25
3364,5,Blue One M,3000,3,South,Female,22,0,119,0.6,9000,0,3,21-25
3365,5,Blue One M,3000,2,North,Male,25,1,117,0.4,6000,0,4,21-25
3366,5,Blue One M,3000,2,Centre,Female,26,1,125,0.4,6000,0,3,26-30
3367,3,Blue One S,2000,2,Littoral,Male,25,0,74,0.6666666666666666,4000,0,5,21-25
3368,5,Blue One M,3000,2,Adamawa,Male,25,1,118,0.4,6000,0,4,21-25
3369,5,Blue One M,3000,2,West,Male,23,0,125,0.4,6000,0,3,21-25
3370,5,Blue One M,3000,0,West,Female,25,1,124,0.0,0,1,3,21-25
3371,5,Blue One M,3000,0,South,Male,24,1,125,0.0,0,1,3,21-25
3372,5,Blue One M,3000,2,North West,Female,26,1,120,0.4,6000,0,3,26-30
3373,4,Blue One M,3000,3,South West,Male,26,0,78,0.75,9000,0,5,26-30
3374,5,Blue One M,3000,0,North West,Male,26,1,109,0.0,0,1,4,26-30
3375,5,Blue One M,3000,3,Centre,Female,24,0,122,0.6,9000,0,3,21-25
3376,5,Blue One M,3000,3,Adamawa,Female,28,0,129,0.6,9000,0,3,26-30
3377,5,Blue One M,3000,2,Adamawa,Female,29,0,125,0.4,6000,0,3,26-30
3378,5,Blue One M,3000,2,North West,Female,26,1,124,0.4,6000,0,3,26-30
3379,5,Blue One M,3000,3,Adamawa,Male,24,0,122,0.6,9000,0,3,21-25
3380,5,Blue One M,3000,2,North West,Male,26,1,124,0.4,6000,0,3,26-30
3381,5,Blue One M,3000,2,South West,Male,25,0,126,0.4,6000,0,3,21-25
3382,5,Blue One M,3000,3,West,Male,22,0,122,0.6,9000,0,3,21-25
3383,5,Blue One M,3000,0,East,Female,28,1,126,0.0,0,1,3,26-30
3385,5,Blue One M,3000,2,Littoral,Male,22,0,124,0.4,6000,0,3,21-25
3386,5,Blue One M,3000,3,Adamawa,Male,24,0,124,0.6,9000,0,3,21-25
3387,5,Blue One M,3000,2,South West,Male,25,0,124,0.4,6000,0,3,21-25
3388,5,Blue One M,3000,0,South West,Male,27,1,126,0.0,0,1,3,26-30
3390,5,Blue One M,3000,2,Centre,Female,23,1,123,0.4,6000,0,3,21-25
3391,5,Blue One M,3000,3,West,Male,25,0,123,0.6,9000,0,3,21-25
3392,5,Blue One M,3000,2,South,Male,25,1,124,0.4,6000,0,3,21-25
3393,5,Blue One M,3000,3,Adamawa,Male,25,0,119,0.6,9000,0,3,21-25
3394,5,Blue One M,3000,0,North West,Female,27,1,123,0.0,0,1,3,26-30
3395,5,Blue One M,3000,3,Littoral,Male,21,0,124,0.6,9000,0,3,21-25
3396,5,Blue One M,3000,3,North West,Male,25,0,119,0.6,9000,0,3,21-25
3397,5,Blue One M,3000,2,Adamawa,Female,21,0,119,0.4,6000,0,3,21-25
3398,5,Blue One M,3000,2,South West,Female,26,0,119,0.4,6000,0,3,26-30
3399,5,Blue One M,3000,2,South,Male,28,0,123,0.4,6000,0,3,26-30
3400,5,Blue One M,3000,2,South,Female,27,1,119,0.4,6000,0,3,26-30
3401,5,Blue One M,3000,0,South,Female,24,1,125,0.0,0,1,3,21-25
3402,5,Blue One M,3000,2,West,Female,24,1,123,0.4,6000,0,3,21-25
3403,5,Blue One M,3000,2,Adamawa,Male,25,1,124,0.4,6000,0,3,21-25
3404,5,Blue One M,3000,3,North,Female,26,0,124,0.6,9000,0,3,26-30
3405,5,Blue One M,3000,2,North,Female,23,0,125,0.4,6000,0,3,21-25
3406,5,Blue One M,3000,2,East,Male,29,0,121,0.4,6000,0,3,26-30
3407,5,Blue One M,3000,2,Littoral,Male,25,1,124,0.4,6000,0,3,21-25
3408,5,Blue One M,3000,0,Littoral,Female,23,1,121,0.0,0,1,3,21-25
3409,5,Blue One M,3000,0,North,Male,20,1,121,0.0,0,1,3,<=20
3410,5,Blue One M,3000,2,North West,Male,23,1,123,0.4,6000,0,3,21-25
3411,5,Blue One M,3000,2,South West,Male,26,1,120,0.4,6000,0,3,26-30
3412,5,Blue One M,3000,3,North West,Male,28,0,119,0.6,9000,0,3,26-30
3413,5,Blue One M,3000,2,Adamawa,Male,31,0,121,0.4,6000,0,3,>30
3414,5,Blue One M,3000,2,North,Male,27,1,120,0.4,6000,0,3,26-30
3415,5,Blue One M,3000,2,North,Female,23,1,117,0.4,6000,0,4,21-25
3416,5,Blue One M,3000,0,Adamawa,Female,29,1,121,0.0,0,1,3,26-30
3417,5,Blue One M,3000,0,South West,Female,27,1,121,0.0,0,1,3,26-30
3418,5,Blue One M,3000,2,Far North,Male,19,0,122,0.4,6000,0,3,<=20
3419,5,Blue One M,3000,3,Centre,Male,23,0,122,0.6,9000,0,3,21-25
3420,4,Blue One M,3000,2,North West,Female,26,0,80,0.5,6000,0,5,26-30
3421,5,Blue One M,3000,2,Littoral,Female,20,0,118,0.4,6000,0,4,<=20
3422,5,Blue One M,3000,3,Adamawa,Female,26,0,118,0.6,9000,0,4,26-30
3423,5,Blue One M,3000,0,South West,Male,23,1,123,0.0,0,1,3,21-25
3424,5,Blue One M,3000,0,West,Female,23,1,124,0.0,0,1,3,21-25
3425,5,Blue One M,3000,2,East,Female,25,0,121,0.4,6000,0,3,21-25
3426,5,Blue One M,3000,3,South,Female,25,0,121,0.6,9000,0,3,21-25
3427,5,Blue One M,3000,2,Far North,Female,25,1,121,0.4,6000,0,3,21-25
3428,5,Blue One M,3000,2,East,Female,21,1,120,0.4,6000,0,3,21-25
3429,5,Blue One M,3000,2,Far North,Female,25,1,120,0.4,6000,0,3,21-25
3430,5,Blue One M,3000,0,South,Male,28,1,122,0.0,0,1,3,26-30
3431,5,Blue One M,3000,3,Far North,Male,26,0,123,0.6,9000,0,3,26-30
3432,5,Blue One M,3000,2,Littoral,Male,23,0,122,0.4,6000,0,3,21-25
3433,5,Blue One M,3000,2,East,Male,26,0,121,0.4,6000,0,3,26-30
3434,5,Blue One M,3000,3,West,Male,24,0,123,0.6,9000,0,3,21-25
3435,5,Blue One M,3000,2,Far North,Male,25,1,122,0.4,6000,0,3,21-25
3436,5,Blue One M,3000,3,Littoral,Female,22,0,121,0.6,9000,0,3,21-25
3437,5,Blue One M,3000,2,Adamawa,Male,24,0,121,0.4,6000,0,3,21-25
3438,5,Blue One M,3000,2,North,Female,26,0,121,0.4,6000,0,3,26-30
3439,5,Blue One M,3000,2,South,Female,18,0,109,0.4,6000,0,4,<=20
3440,5,Blue One M,3000,2,East,Male,21,1,121,0.4,6000,0,3,21-25
3441,4,Blue One M,3000,2,South,Female,23,0,104,0.5,6000,0,4,21-25
3442,5,Blue One M,3000,2,South West,Male,29,0,115,0.4,6000,0,4,26-30
3443,5,Blue One M,3000,0,North,Male,23,1,115,0.0,0,1,4,21-25
3444,5,Blue One M,3000,0,North West,Male,19,1,115,0.0,0,1,4,<=20
3445,5,Blue One M,3000,3,South,Male,25,0,112,0.6,9000,0,4,21-25
3446,5,Blue One M,3000,2,North,Male,26,0,112,0.4,6000,0,4,26-30
3447,5,Blue One M,3000,3,West,Female,26,0,112,0.6,9000,0,4,26-30
3448,5,Blue One M,3000,2,Far North,Female,27,0,112,0.4,6000,0,4,26-30
3449,5,Blue One M,3000,0,West,Male,24,1,112,0.0,0,1,4,21-25
3450,5,Blue One M,3000,3,South West,Male,22,0,111,0.6,9000,0,4,21-25
3451,5,Blue One M,3000,2,Littoral,Male,26,0,111,0.4,6000,0,4,26-30
3452,5,Blue One M,3000,0,North,Male,22,1,105,0.0,0,1,4,21-25
3453,5,Blue One M,3000,0,North West,Male,27,1,105,0.0,0,1,4,26-30
3454,5,Blue One M,3000,2,North,Male,25,1,105,0.4,6000,0,4,21-25
3455,4,Blue One M,3000,2,Centre,Female,20,1,102,0.5,6000,0,4,<=20
3456,5,Blue One M,3000,3,Centre,Female,26,0,110,0.6,9000,0,4,26-30
3457,5,Blue One M,3000,3,West,Male,29,0,109,0.6,9000,0,4,26-30
3458,5,Blue One M,3000,3,Littoral,Male,25,0,108,0.6,9000,0,4,21-25
3459,5,Blue One M,3000,0,Adamawa,Female,29,1,110,0.0,0,1,4,26-30
3460,4,Blue One M,3000,3,Littoral,Female,25,0,82,0.75,9000,0,5,21-25
3461,4,Blue One M,3000,2,South,Male,22,0,84,0.5,6000,0,5,21-25
3462,4,Blue One M,3000,2,East,Female,21,1,93,0.5,6000,0,4,21-25
3463,5,Blue One M,3000,0,Littoral,Male,30,1,112,0.0,0,1,4,26-30
3464,4,Blue One M,3000,3,North,Female,21,0,104,0.75,9000,0,4,21-25
3465,4,Blue One M,3000,3,Adamawa,Female,24,0,96,0.75,9000,0,4,21-25
3466,4,Blue One M,3000,2,West,Female,23,0,96,0.5,6000,0,4,21-25
3468,5,Blue One M,3000,2,Centre,Female,27,0,118,0.4,6000,0,4,26-30
3469,5,Blue One M,3000,0,Littoral,Male,23,1,118,0.0,0,1,4,21-25
3470,5,Blue One M,3000,3,Littoral,Male,23,0,117,0.6,9000,0,4,21-25
3471,5,Blue One M,3000,3,East,Female,28,0,117,0.6,9000,0,4,26-30
3472,5,Blue One M,3000,2,Centre,Male,19,1,112,0.4,6000,0,4,<=20
3473,3,Blue One S,2000,2,West,Female,20,0,74,0.6666666666666666,4000,0,5,<=20
3474,4,Blue One M,3000,3,North West,Male,31,0,98,0.75,9000,0,4,>30
3475,5,Blue One M,3000,2,Adamawa,Male,28,0,110,0.4,6000,0,4,26-30
3476,5,Blue One M,3000,0,Adamawa,Female,20,1,114,0.0,0,1,4,<=20
3477,5,Blue One M,3000,2,East,Male,23,1,112,0.4,6000,0,4,21-25
3478,5,Blue One M,3000,0,Far North,Male,27,1,108,0.0,0,1,4,26-30
3479,5,Blue One M,3000,3,Centre,Female,23,0,115,0.6,9000,0,4,21-25
3480,5,Blue One M,3000,3,Far North,Male,26,0,116,0.6,9000,0,4,26-30
3481,5,Blue One M,3000,3,Littoral,Female,33,0,110,0.6,9000,0,4,>30
3482,5,Blue One M,3000,3,West,Female,26,0,109,0.6,9000,0,4,26-30
3483,5,Blue One M,3000,3,Littoral,Female,20,0,106,0.6,9000,0,4,<=20
3484,5,Blue One M,3000,3,South,Female,28,0,106,0.6,9000,0,4,26-30
3485,5,Blue One M,3000,2,North West,Female,24,1,117,0.4,6000,0,4,21-25
3486,5,Blue One M,3000,2,North West,Male,24,1,117,0.4,6000,0,4,21-25
3487,5,Blue One M,3000,3,North West,Female,25,0,117,0.6,9000,0,4,21-25
3488,5,Blue One M,3000,3,North,Male,29,0,117,0.6,9000,0,4,26-30
3489,5,Blue One M,3000,3,Centre,Male,27,0,117,0.6,9000,0,4,26-30
3490,5,Blue One M,3000,2,East,Female,25,0,117,0.4,6000,0,4,21-25
3491,5,Blue One M,3000,0,Adamawa,Male,23,1,113,0.0,0,1,4,21-25
3492,5,Blue One M,3000,3,South,Male,24,0,113,0.6,9000,0,4,21-25
3493,5,Blue One M,3000,2,North,Male,21,0,111,0.4,6000,0,4,21-25
3494,5,Blue One M,3000,2,West,Female,24,0,106,0.4,6000,0,4,21-25
3495,5,Blue One M,3000,2,Centre,Female,26,0,110,0.4,6000,0,4,26-30
3496,5,Blue One M,3000,2,Far North,Male,25,0,110,0.4,6000,0,4,21-25
3497,4,Blue One M,3000,3,North,Male,21,0,96,0.75,9000,0,4,21-25
3498,4,Blue One M,3000,2,East,Male,24,0,96,0.5,6000,0,4,21-25
3499,5,Blue One M,3000,2,North West,Male,23,0,110,0.4,6000,0,4,21-25
3500,4,Blue One M,3000,0,Adamawa,Female,28,1,96,0.0,0,1,4,26-30
3501,5,Blue One M,3000,3,Littoral,Female,28,0,110,0.6,9000,0,4,26-30
3502,5,Blue One M,3000,2,Far North,Male,23,1,119,0.4,6000,0,4,21-25
3503,5,Blue One M,3000,2,North,Male,29,0,111,0.4,6000,0,4,26-30
3504,5,Blue One M,3000,3,Far North,Male,23,0,117,0.6,9000,0,4,21-25
3505,5,Blue One M,3000,0,West,Female,22,1,110,0.0,0,1,4,21-25
3506,5,Blue One M,3000,0,Adamawa,Male,21,1,117,0.0,0,1,4,21-25
3507,5,Blue One M,3000,3,Centre,Male,25,0,123,0.6,9000,0,3,21-25
3508,5,Blue One M,3000,3,Far North,Female,30,0,123,0.6,9000,0,3,26-30
3509,5,Blue One M,3000,3,Centre,Male,27,0,121,0.6,9000,0,3,26-30
3510,4,Blue One M,3000,2,Littoral,Female,19,1,98,0.5,6000,0,4,<=20
3511,4,Blue One M,3000,3,East,Female,22,0,103,0.75,9000,0,4,21-25
3512,5,Blue One M,3000,3,North West,Male,22,0,114,0.6,9000,0,4,21-25
3514,4,Blue One M,3000,0,Far North,Male,26,1,100,0.0,0,1,4,26-30
3515,5,Blue One M,3000,2,Far North,Male,24,0,109,0.4,6000,0,4,21-25
3516,5,Blue One M,3000,2,West,Female,25,1,123,0.4,6000,0,3,21-25
3517,5,Blue One M,3000,2,Centre,Male,20,0,124,0.4,6000,0,3,<=20
3518,5,Blue One M,3000,0,North,Male,25,1,124,0.0,0,1,3,21-25
3519,5,Blue One M,3000,2,Adamawa,Female,26,1,119,0.4,6000,0,3,26-30
3520,5,Blue One M,3000,2,East,Male,25,0,122,0.4,6000,0,3,21-25
3521,5,Blue One M,3000,2,Centre,Female,28,1,122,0.4,6000,0,3,26-30
3522,5,Blue One M,3000,2,Far North,Female,22,0,119,0.4,6000,0,3,21-25
3524,5,Blue One M,3000,2,West,Male,27,1,117,0.4,6000,0,4,26-30
3525,4,Blue One M,3000,2,North West,Female,17,0,90,0.5,6000,0,4,<=20
3526,5,Blue One M,3000,0,Far North,Male,20,1,117,0.0,0,1,4,<=20
3527,5,Blue One M,3000,0,Littoral,Female,23,1,120,0.0,0,1,3,21-25
3528,5,Blue One M,3000,2,Littoral,Female,30,0,121,0.4,6000,0,3,26-30
3529,5,Blue One M,3000,3,Adamawa,Male,31,0,121,0.6,9000,0,3,>30
3530,4,Blue One M,3000,3,South,Female,26,0,96,0.75,9000,0,4,26-30
3531,4,Blue One M,3000,2,North West,Male,24,1,103,0.5,6000,0,4,21-25
3533,4,Blue One M,3000,3,South West,Female,30,0,89,0.75,9000,0,4,26-30
3534,4,Blue One M,3000,3,Adamawa,Female,26,0,90,0.75,9000,0,4,26-30
3535,4,Blue One M,3000,2,East,Female,21,1,104,0.5,6000,0,4,21-25
3536,5,Blue One M,3000,0,East,Female,26,1,114,0.0,0,1,4,26-30
3537,5,Blue One M,3000,2,Littoral,Male,28,0,116,0.4,6000,0,4,26-30
3538,5,Blue One M,3000,2,East,Female,26,1,117,0.4,6000,0,4,26-30
3539,5,Blue One M,3000,3,East,Male,29,0,117,0.6,9000,0,4,26-30
3540,5,Blue One M,3000,3,Adamawa,Male,27,0,117,0.6,9000,0,4,26-30
3541,5,Blue One M,3000,0,South,Female,26,1,111,0.0,0,1,4,26-30
3542,4,Blue One M,3000,2,South,Female,21,1,104,0.5,6000,0,4,21-25
3543,5,Blue One M,3000,2,Far North,Female,21,0,112,0.4,6000,0,4,21-25
3544,5,Blue One M,3000,2,East,Male,22,0,112,0.4,6000,0,4,21-25
3545,5,Blue One M,3000,3,Far North,Male,27,0,111,0.6,9000,0,4,26-30
3546,5,Blue One M,3000,0,Centre,Male,26,1,109,0.0,0,1,4,26-30
3547,4,Blue One M,3000,2,West,Male,27,0,104,0.5,6000,0,4,26-30
3548,4,Blue One M,3000,2,East,Male,25,0,97,0.5,6000,0,4,21-25
3549,4,Blue One M,3000,3,West,Female,26,0,104,0.75,9000,0,4,26-30
3550,5,Blue One M,3000,2,East,Male,26,1,117,0.4,6000,0,4,26-30
3551,5,Blue One M,3000,3,West,Female,27,0,117,0.6,9000,0,4,26-30
3552,5,Blue One M,3000,2,West,Female,29,0,117,0.4,6000,0,4,26-30
3553,5,Blue One M,3000,2,East,Male,25,1,117,0.4,6000,0,4,21-25
3554,4,Blue One M,3000,3,Centre,Male,19,0,104,0.75,9000,0,4,<=20
3555,3,Blue One S,2000,2,East,Male,23,0,74,0.6666666666666666,4000,0,5,21-25
3556,4,Blue One M,3000,3,South,Female,26,0,78,0.75,9000,0,5,26-30
3557,4,Blue One M,3000,3,Far North,Female,17,0,84,0.75,9000,0,5,<=20
3558,5,Blue One M,3000,2,South,Female,22,0,111,0.4,6000,0,4,21-25
3559,5,Blue One M,3000,2,South West,Female,19,0,111,0.4,6000,0,4,<=20
3560,5,Blue One M,3000,2,Adamawa,Female,28,0,111,0.4,6000,0,4,26-30
3561,5,Blue One M,3000,3,East,Female,27,0,110,0.6,9000,0,4,26-30
3562,5,Blue One M,3000,2,North,Male,26,0,112,0.4,6000,0,4,26-30
3563,4,Blue One M,3000,2,Adamawa,Female,24,0,92,0.5,6000,0,4,21-25
3564,4,Blue One M,3000,2,West,Female,25,1,97,0.5,6000,0,4,21-25
3565,4,Blue One M,3000,0,West,Male,18,1,92,0.0,0,1,4,<=20
3566,5,Blue One M,3000,2,North West,Male,25,1,110,0.4,6000,0,4,21-25
3567,5,Blue One M,3000,3,Adamawa,Male,21,0,111,0.6,9000,0,4,21-25
3568,4,Blue One M,3000,2,North,Male,25,1,100,0.5,6000,0,4,21-25
3569,5,Blue One M,3000,2,Centre,Male,22,0,104,0.4,6000,0,4,21-25
3570,5,Blue One M,3000,0,North West,Female,20,1,106,0.0,0,1,4,<=20
3571,4,Blue One M,3000,0,Centre,Female,23,1,103,0.0,0,1,4,21-25
3588,5,Blue One M,3000,3,South,Male,27,0,114,0.6,9000,0,4,26-30
3589,5,Blue One M,3000,2,Adamawa,Female,21,0,111,0.4,6000,0,4,21-25
3590,5,Blue One M,3000,2,Centre,Male,29,1,114,0.4,6000,0,4,26-30
3591,5,Blue One M,3000,2,North West,Female,25,0,115,0.4,6000,0,4,21-25
3592,5,Blue One M,3000,0,North,Male,25,1,111,0.0,0,1,4,21-25
3593,5,Blue One M,3000,3,North,Male,26,0,111,0.6,9000,0,4,26-30
3594,5,Blue One M,3000,2,North,Male,18,1,111,0.4,6000,0,4,<=20
3595,5,Blue One M,3000,2,Centre,Female,26,1,111,0.4,6000,0,4,26-30
3596,5,Blue One M,3000,0,North,Female,24,1,111,0.0,0,1,4,21-25
3597,5,Blue One M,3000,3,North West,Male,24,0,111,0.6,9000,0,4,21-25
3598,5,Blue One M,3000,2,Littoral,Male,25,0,111,0.4,6000,0,4,21-25
3599,5,Blue One M,3000,2,West,Female,26,0,111,0.4,6000,0,4,26-30
3600,5,Blue One M,3000,0,Adamawa,Female,28,1,111,0.0,0,1,4,26-30
3601,3,Blue One S,2000,1,East,Male,26,0,74,0.3333333333333333,2000,0,5,26-30
3602,5,Blue One M,3000,3,South West,Male,29,0,111,0.6,9000,0,4,26-30
3603,5,Blue One M,3000,2,North,Male,24,0,111,0.4,6000,0,4,21-25
3604,5,Blue One M,3000,2,Far North,Male,19,1,110,0.4,6000,0,4,<=20
3605,5,Blue One M,3000,3,North,Male,22,0,110,0.6,9000,0,4,21-25
3606,5,Blue One M,3000,0,North West,Male,29,1,111,0.0,0,1,4,26-30
3607,5,Blue One M,3000,0,South West,Male,20,1,110,0.0,0,1,4,<=20
3608,5,Blue One M,3000,3,East,Female,33,0,110,0.6,9000,0,4,>30
3609,5,Blue One M,3000,2,Centre,Male,26,0,113,0.4,6000,0,4,26-30
3610,5,Blue One M,3000,0,East,Male,22,1,113,0.0,0,1,4,21-25
3611,5,Blue One M,3000,2,Littoral,Female,24,1,113,0.4,6000,0,4,21-25
3612,5,Blue One M,3000,3,North,Female,26,0,110,0.6,9000,0,4,26-30
3613,5,Blue One M,3000,2,Centre,Male,26,0,110,0.4,6000,0,4,26-30
3614,5,Blue One M,3000,3,Far North,Female,21,0,110,0.6,9000,0,4,21-25
3615,5,Blue One M,3000,2,North West,Male,22,1,109,0.4,6000,0,4,21-25
3616,5,Blue One M,3000,0,Far North,Male,21,1,109,0.0,0,1,4,21-25
3617,5,Blue One M,3000,3,Far North,Male,18,0,109,0.6,9000,0,4,<=20
3618,5,Blue One M,3000,2,South,Female,23,0,109,0.4,6000,0,4,21-25
3619,5,Blue One M,3000,3,East,Female,21,0,109,0.6,9000,0,4,21-25
3620,5,Blue One M,3000,2,Littoral,Female,28,0,109,0.4,6000,0,4,26-30
3621,5,Blue One M,3000,3,Littoral,Male,22,0,117,0.6,9000,0,4,21-25
3622,5,Blue One M,3000,2,South,Male,27,0,116,0.4,6000,0,4,26-30
3623,5,Blue One M,3000,2,North West,Female,24,0,120,0.4,6000,0,3,21-25
3624,4,Blue One M,3000,3,East,Male,28,0,97,0.75,9000,0,4,26-30
3625,5,Blue One M,3000,3,Littoral,Male,28,0,108,0.6,9000,0,4,26-30
3626,5,Blue One M,3000,0,East,Female,18,1,110,0.0,0,1,4,<=20
3627,5,Blue One M,3000,0,East,Female,29,1,118,0.0,0,1,4,26-30
3628,5,Blue One M,3000,3,North,Male,27,0,118,0.6,9000,0,4,26-30
3629,5,Blue One M,3000,2,South West,Female,26,0,118,0.4,6000,0,4,26-30
3630,5,Blue One M,3000,2,North,Male,26,1,117,0.4,6000,0,4,26-30
3631,5,Blue One M,3000,0,Littoral,Female,26,1,117,0.0,0,1,4,26-30
3632,5,Blue One M,3000,2,West,Female,25,0,117,0.4,6000,0,4,21-25
3633,5,Blue One M,3000,2,Adamawa,Male,26,0,117,0.4,6000,0,4,26-30
3634,5,Blue One M,3000,2,West,Female,23,1,119,0.4,6000,0,3,21-25
3635,5,Blue One M,3000,3,Adamawa,Female,26,0,119,0.6,9000,0,3,26-30
3636,5,Blue One M,3000,2,West,Female,26,1,119,0.4,6000,0,3,26-30
3637,5,Blue One M,3000,0,East,Female,20,1,114,0.0,0,1,4,<=20
3638,5,Blue One M,3000,2,North West,Male,25,0,117,0.4,6000,0,4,21-25
3639,5,Blue One M,3000,2,Centre,Male,17,0,117,0.4,6000,0,4,<=20
3640,5,Blue One M,3000,3,West,Female,23,0,119,0.6,9000,0,3,21-25
3641,5,Blue One M,3000,2,Adamawa,Male,23,1,119,0.4,6000,0,4,21-25
3642,5,Blue One M,3000,0,South West,Female,24,1,119,0.0,0,1,3,21-25
3643,5,Blue One M,3000,0,Littoral,Female,21,1,118,0.0,0,1,4,21-25
3644,5,Blue One M,3000,2,Adamawa,Female,25,0,113,0.4,6000,0,4,21-25
3645,5,Blue One M,3000,2,Centre,Male,25,1,116,0.4,6000,0,4,21-25
3646,5,Blue One M,3000,0,Far North,Male,28,1,116,0.0,0,1,4,26-30
3647,5,Blue One M,3000,0,South,Male,25,1,121,0.0,0,1,3,21-25
3648,5,Blue One M,3000,2,East,Male,22,1,117,0.4,6000,0,4,21-25
3649,5,Blue One M,3000,3,Far North,Female,27,0,120,0.6,9000,0,3,26-30
3650,5,Blue One M,3000,0,Adamawa,Female,25,1,120,0.0,0,1,3,21-25
3651,5,Blue One M,3000,2,Centre,Female,25,0,120,0.4,6000,0,3,21-25
3652,5,Blue One M,3000,2,South West,Male,20,0,120,0.4,6000,0,3,<=20
3653,5,Blue One M,3000,0,East,Male,24,1,120,0.0,0,1,3,21-25
3654,5,Blue One M,3000,3,North West,Male,26,0,120,0.6,9000,0,3,26-30
3655,5,Blue One M,3000,3,West,Male,20,0,120,0.6,9000,0,3,<=20
3656,5,Blue One M,3000,2,South,Male,20,0,120,0.4,6000,0,3,<=20
3657,5,Blue One M,3000,3,North,Male,23,0,120,0.6,9000,0,3,21-25
3658,5,Blue One M,3000,2,North West,Female,26,1,120,0.4,6000,0,3,26-30
3659,5,Blue One M,3000,3,South,Male,27,0,120,0.6,9000,0,3,26-30
3660,5,Blue One M,3000,2,Adamawa,Female,27,1,108,0.4,6000,0,4,26-30
3661,5,Blue One M,3000,0,Centre,Male,25,1,108,0.0,0,1,4,21-25
3662,5,Blue One M,3000,2,Littoral,Male,25,0,114,0.4,6000,0,4,21-25
3663,5,Blue One M,3000,3,South,Male,25,0,114,0.6,9000,0,4,21-25
3664,5,Blue One M,3000,2,North West,Female,24,1,116,0.4,6000,0,4,21-25
3665,5,Blue One M,3000,3,Far North,Male,25,0,116,0.6,9000,0,4,21-25
3666,5,Blue One M,3000,3,North West,Male,23,0,117,0.6,9000,0,4,21-25
3667,5,Blue One M,3000,0,Far North,Male,24,1,117,0.0,0,1,4,21-25
3668,5,Blue One M,3000,2,Far North,Male,28,0,117,0.4,6000,0,4,26-30
3669,4,Blue One M,3000,2,North West,Female,24,0,96,0.5,6000,0,4,21-25
3670,5,Blue One M,3000,2,East,Female,24,1,111,0.4,6000,0,4,21-25
3671,5,Blue One M,3000,0,South West,Male,22,1,109,0.0,0,1,4,21-25
3672,5,Blue One M,3000,2,Adamawa,Male,22,1,110,0.4,6000,0,4,21-25
3673,5,Blue One M,3000,2,Centre,Male,20,0,118,0.4,6000,0,4,<=20
3674,5,Blue One M,3000,2,East,Male,26,0,112,0.4,6000,0,4,26-30
3675,5,Blue One M,3000,2,Centre,Female,20,0,114,0.4,6000,0,4,<=20
3676,5,Blue One M,3000,2,East,Female,20,1,114,0.4,6000,0,4,<=20
3677,5,Blue One M,3000,0,West,Male,25,1,110,0.0,0,1,4,21-25
3678,5,Blue One M,3000,2,West,Female,25,0,110,0.4,6000,0,4,21-25
3679,4,Blue One M,3000,0,Littoral,Male,22,1,98,0.0,0,1,4,21-25
3680,5,Blue One M,3000,0,Littoral,Male,24,1,116,0.0,0,1,4,21-25
3681,5,Blue One M,3000,3,Centre,Male,28,0,110,0.6,9000,0,4,26-30
3682,5,Blue One M,3000,2,Far North,Male,29,1,110,0.4,6000,0,4,26-30
3683,5,Blue One M,3000,2,South West,Female,22,0,117,0.4,6000,0,4,21-25
3684,5,Blue One M,3000,3,Centre,Male,28,0,118,0.6,9000,0,4,26-30
3685,5,Blue One M,3000,2,Adamawa,Male,28,0,118,0.4,6000,0,4,26-30
3689,4,Blue One M,3000,3,East,Female,25,0,91,0.75,9000,0,4,21-25
3690,4,Blue One M,3000,3,Centre,Female,23,0,91,0.75,9000,0,4,21-25
3691,4,Blue One M,3000,3,East,Male,24,0,90,0.75,9000,0,4,21-25
3692,4,Blue One M,3000,3,West,Male,19,0,78,0.75,9000,0,5,<=20
3693,4,Blue One M,3000,2,North West,Male,26,0,77,0.5,6000,0,5,26-30
3694,4,Blue One M,3000,2,West,Male,29,0,77,0.5,6000,0,5,26-30
3701,5,Blue One M,3000,3,Adamawa,Male,27,0,118,0.6,9000,0,4,26-30
3702,5,Blue One M,3000,3,Centre,Male,28,0,116,0.6,9000,0,4,26-30
3703,5,Blue One M,3000,2,Centre,Male,22,1,115,0.4,6000,0,4,21-25
3704,5,Blue One M,3000,2,South,Female,19,1,115,0.4,6000,0,4,<=20
3705,5,Blue One M,3000,2,Centre,Male,27,1,110,0.4,6000,0,4,26-30
3706,5,Blue One M,3000,3,Far North,Male,23,0,118,0.6,9000,0,4,21-25
3707,5,Blue One M,3000,3,North West,Male,28,0,115,0.6,9000,0,4,26-30
3708,5,Blue One M,3000,2,South,Male,22,1,115,0.4,6000,0,4,21-25
3709,5,Blue One M,3000,2,North West,Female,29,1,111,0.4,6000,0,4,26-30
3710,5,Blue One M,3000,2,South West,Female,26,0,118,0.4,6000,0,4,26-30
3711,5,Blue One M,3000,2,South West,Male,23,1,105,0.4,6000,0,4,21-25
3712,5,Blue One M,3000,3,Littoral,Male,22,0,106,0.6,9000,0,4,21-25
3713,5,Blue One M,3000,2,North West,Male,29,0,110,0.4,6000,0,4,26-30
3714,4,Blue One M,3000,2,North,Male,23,0,98,0.5,6000,0,4,21-25
3715,4,Blue One M,3000,2,South,Female,22,0,103,0.5,6000,0,4,21-25
3716,4,Blue One M,3000,2,South West,Male,26,1,103,0.5,6000,0,4,26-30
3717,5,Blue One M,3000,0,Far North,Male,22,1,111,0.0,0,1,4,21-25
3718,5,Blue One M,3000,0,Far North,Male,27,1,111,0.0,0,1,4,26-30
3719,5,Blue One M,3000,3,East,Male,23,0,109,0.6,9000,0,4,21-25
3720,5,Blue One M,3000,0,North West,Male,20,1,109,0.0,0,1,4,<=20
3721,5,Blue One M,3000,2,South,Male,27,1,109,0.4,6000,0,4,26-30
3722,5,Blue One M,3000,2,North,Male,24,0,109,0.4,6000,0,4,21-25
3723,5,Blue One M,3000,3,Far North,Male,19,0,108,0.6,9000,0,4,<=20
3724,4,Blue One M,3000,2,North West,Female,25,0,104,0.5,6000,0,4,21-25
3725,4,Blue One M,3000,0,Far North,Male,22,1,102,0.0,0,1,4,21-25
3726,4,Blue One M,3000,2,Adamawa,Female,20,0,90,0.5,6000,0,4,<=20
3727,4,Blue One M,3000,3,East,Male,25,0,90,0.75,9000,0,4,21-25
3728,4,Blue One M,3000,3,Adamawa,Male,28,0,87,0.75,9000,0,5,26-30
3729,5,Blue One M,3000,0,North,Male,21,1,118,0.0,0,1,4,21-25
3730,7,Blue One L,5000,0,East,Female,24,1,182,0.0,0,1,1,21-25
3731,7,Blue One L,5000,3,West,Female,28,0,182,0.42857142857142855,15000,0,1,26-30
3732,7,Blue One L,5000,2,Centre,Male,24,0,182,0.2857142857142857,10000,0,1,21-25
3733,5,Blue One M,3000,2,Littoral,Male,22,1,111,0.4,6000,0,4,21-25
3734,5,Blue One M,3000,2,North,Male,25,0,111,0.4,6000,0,4,21-25
3736,4,Blue One M,3000,2,Centre,Male,22,1,100,0.5,6000,0,4,21-25
3737,4,Blue One M,3000,2,Far North,Female,22,0,97,0.5,6000,0,4,21-25
3738,5,Blue One M,3000,3,North,Male,24,0,119,0.6,9000,0,3,21-25
3741,5,Blue One M,3000,2,West,Female,25,0,110,0.4,6000,0,4,21-25
3742,5,Blue One M,3000,2,Far North,Male,23,0,117,0.4,6000,0,4,21-25
3743,5,Blue One M,3000,3,South West,Male,23,0,112,0.6,9000,0,4,21-25
3744,5,Blue One M,3000,2,North,Male,27,0,110,0.4,6000,0,4,26-30
3745,5,Blue One M,3000,0,Littoral,Female,22,1,122,0.0,0,1,3,21-25
3746,5,Blue One M,3000,3,South West,Female,24,0,122,0.6,9000,0,3,21-25
3747,7,Blue One L,5000,2,North West,Female,23,1,181,0.2857142857142857,10000,0,1,21-25
3748,5,Blue One M,3000,2,Far North,Female,25,0,122,0.4,6000,0,3,21-25
3749,5,Blue One M,3000,2,Adamawa,Female,23,0,122,0.4,6000,0,3,21-25
3750,5,Blue One M,3000,2,North,Male,27,0,115,0.4,6000,0,4,26-30
3751,5,Blue One M,3000,2,East,Male,22,1,121,0.4,6000,0,3,21-25
3752,5,Blue One M,3000,3,East,Male,17,0,121,0.6,9000,0,3,<=20
3753,5,Blue One M,3000,3,West,Female,17,0,121,0.6,9000,0,3,<=20
3754,5,Blue One M,3000,3,West,Female,23,0,117,0.6,9000,0,4,21-25
3755,5,Blue One M,3000,2,Littoral,Male,17,0,121,0.4,6000,0,3,<=20
3756,5,Blue One M,3000,2,North West,Female,26,1,122,0.4,6000,0,3,26-30
3757,5,Blue One M,3000,2,East,Female,17,0,124,0.4,6000,0,3,<=20
3758,5,Blue One M,3000,2,South West,Female,29,0,122,0.4,6000,0,3,26-30
3759,5,Blue One M,3000,3,Littoral,Male,29,0,124,0.6,9000,0,3,26-30
3761,5,Blue One M,3000,2,South,Female,22,1,123,0.4,6000,0,3,21-25
3762,5,Blue One M,3000,2,East,Male,30,0,119,0.4,6000,0,3,26-30
3763,5,Blue One M,3000,2,East,Male,25,1,125,0.4,6000,0,3,21-25
3764,5,Blue One M,3000,2,Adamawa,Female,25,1,112,0.4,6000,0,4,21-25
3765,5,Blue One M,3000,2,Adamawa,Male,23,1,115,0.4,6000,0,4,21-25
3766,5,Blue One M,3000,0,Far North,Male,26,1,120,0.0,0,1,3,26-30
3767,5,Blue One M,3000,3,Littoral,Female,24,0,124,0.6,9000,0,3,21-25
3768,5,Blue One M,3000,2,Littoral,Male,19,0,124,0.4,6000,0,3,<=20
3769,5,Blue One M,3000,0,South West,Female,30,1,124,0.0,0,1,3,26-30
3770,5,Blue One M,3000,3,Adamawa,Female,31,0,122,0.6,9000,0,3,>30
3771,5,Blue One M,3000,0,Far North,Male,31,1,124,0.0,0,1,3,>30
3772,5,Blue One M,3000,2,Littoral,Female,24,0,123,0.4,6000,0,3,21-25
3773,5,Blue One M,3000,0,West,Female,20,1,124,0.0,0,1,3,<=20
3774,5,Blue One M,3000,3,Littoral,Female,21,0,125,0.6,9000,0,3,21-25
3775,5,Blue One M,3000,3,Centre,Male,17,0,122,0.6,9000,0,3,<=20
3776,5,Blue One M,3000,2,West,Female,25,0,124,0.4,6000,0,3,21-25
3777,5,Blue One M,3000,0,Far North,Male,24,1,122,0.0,0,1,3,21-25
3778,5,Blue One M,3000,2,East,Male,25,1,117,0.4,6000,0,4,21-25
3779,5,Blue One M,3000,2,South West,Female,23,1,115,0.4,6000,0,4,21-25
3780,5,Blue One M,3000,2,South West,Female,25,1,120,0.4,6000,0,3,21-25
3781,5,Blue One M,3000,3,North,Male,26,0,114,0.6,9000,0,4,26-30
3782,5,Blue One M,3000,2,West,Male,27,0,122,0.4,6000,0,3,26-30
3783,5,Blue One M,3000,3,Adamawa,Female,22,0,122,0.6,9000,0,3,21-25
3784,5,Blue One M,3000,2,Far North,Male,23,0,117,0.4,6000,0,4,21-25
3785,5,Blue One M,3000,2,Far North,Male,21,0,117,0.4,6000,0,4,21-25
3786,5,Blue One M,3000,2,North,Male,25,0,117,0.4,6000,0,4,21-25
3787,4,Blue One M,3000,3,Adamawa,Male,24,0,83,0.75,9000,0,5,21-25
3788,4,Blue One M,3000,2,South,Male,22,0,84,0.5,6000,0,5,21-25
3789,4,Blue One M,3000,3,North,Male,26,0,84,0.75,9000,0,5,26-30
3790,4,Blue One M,3000,3,North West,Male,22,0,86,0.75,9000,0,5,21-25
3791,4,Blue One M,3000,2,West,Male,26,0,84,0.5,6000,0,5,26-30
3792,4,Blue One M,3000,2,Littoral,Male,21,1,84,0.5,6000,0,5,21-25
3793,4,Blue One M,3000,3,South,Female,28,0,84,0.75,9000,0,5,26-30
3794,4,Blue One M,3000,3,East,Female,28,0,88,0.75,9000,0,5,26-30
3795,4,Blue One M,3000,2,North,Female,23,0,89,0.5,6000,0,4,21-25
3796,4,Blue One M,3000,2,East,Male,21,0,83,0.5,6000,0,5,21-25
3797,4,Blue One M,3000,3,Littoral,Female,27,0,83,0.75,9000,0,5,26-30
3798,4,Blue One M,3000,2,Centre,Male,21,0,77,0.5,6000,0,5,21-25
3799,4,Blue One M,3000,3,North West,Female,23,0,76,0.75,9000,0,5,21-25
3800,4,Blue One M,3000,2,East,Female,23,0,76,0.5,6000,0,5,21-25
3801,4,Blue One M,3000,3,Centre,Male,26,0,75,0.75,9000,0,5,26-30
3802,4,Blue One M,3000,2,Littoral,Male,26,0,83,0.5,6000,0,5,26-30
3803,4,Blue One M,3000,0,South,Male,26,1,83,0.0,0,1,5,26-30
3804,4,Blue One M,3000,2,East,Female,25,1,81,0.5,6000,0,5,21-25
3805,4,Blue One M,3000,3,South,Male,23,0,81,0.75,9000,0,5,21-25
3806,4,Blue One M,3000,2,Adamawa,Female,25,1,77,0.5,6000,0,5,21-25
3807,4,Blue One M,3000,2,Adamawa,Male,24,0,81,0.5,6000,0,5,21-25
3808,4,Blue One M,3000,3,South West,Male,20,0,80,0.75,9000,0,5,<=20
3809,4,Blue One M,3000,2,West,Female,29,1,80,0.5,6000,0,5,26-30
3810,4,Blue One M,3000,2,Far North,Male,24,0,78,0.5,6000,0,5,21-25
3811,4,Blue One M,3000,2,Adamawa,Female,22,0,77,0.5,6000,0,5,21-25
3812,4,Blue One M,3000,3,Littoral,Male,19,0,76,0.75,9000,0,5,<=20
3813,4,Blue One M,3000,2,North,Female,21,0,77,0.5,6000,0,5,21-25
3814,4,Blue One M,3000,3,Centre,Male,26,0,77,0.75,9000,0,5,26-30
3815,4,Blue One M,3000,0,South,Male,26,1,81,0.0,0,1,5,26-30
3816,4,Blue One M,3000,3,Far North,Male,26,0,76,0.75,9000,0,5,26-30
3818,4,Blue One M,3000,3,Littoral,Male,22,0,76,0.75,9000,0,5,21-25
3819,4,Blue One M,3000,3,Far North,Male,26,0,76,0.75,9000,0,5,26-30
3820,4,Blue One M,3000,3,West,Male,21,0,76,0.75,9000,0,5,21-25
3821,3,Blue One S,2000,1,Adamawa,Male,19,0,67,0.3333333333333333,2000,0,5,<=20
3831,3,Blue One S,2000,2,West,Male,28,0,61,0.6666666666666666,4000,0,5,26-30
3834,4,Blue One M,3000,2,Centre,Male,24,0,76,0.5,6000,0,5,21-25
3836,3,Blue One S,2000,1,South,Male,18,0,63,0.3333333333333333,2000,0,5,<=20
3837,4,Blue One M,3000,0,North,Female,25,1,103,0.0,0,1,4,21-25
3838,4,Blue One M,3000,2,North West,Male,20,0,99,0.5,6000,0,4,<=20
3839,4,Blue One M,3000,3,East,Female,22,0,98,0.75,9000,0,4,21-25
3840,5,Blue One M,3000,0,West,Female,28,1,104,0.0,0,1,4,26-30
3841,4,Blue One M,3000,2,Adamawa,Male,25,1,96,0.5,6000,0,4,21-25
3842,4,Blue One M,3000,2,South West,Male,23,1,96,0.5,6000,0,4,21-25
3843,4,Blue One M,3000,2,Centre,Male,23,1,91,0.5,6000,0,4,21-25
3844,4,Blue One M,3000,3,Centre,Male,27,0,91,0.75,9000,0,4,26-30
3845,4,Blue One M,3000,3,South West,Female,24,0,90,0.75,9000,0,4,21-25
3846,4,Blue One M,3000,2,Centre,Male,20,0,90,0.5,6000,0,4,<=20
3847,4,Blue One M,3000,3,Centre,Male,23,0,89,0.75,9000,0,4,21-25
3848,4,Blue One M,3000,3,North,Male,26,0,89,0.75,9000,0,4,26-30
3849,4,Blue One M,3000,3,North West,Male,23,0,87,0.75,9000,0,5,21-25
3850,4,Blue One M,3000,3,South West,Male,24,0,97,0.75,9000,0,4,21-25
3851,4,Blue One M,3000,3,North West,Female,26,0,97,0.75,9000,0,4,26-30
3852,4,Blue One M,3000,3,West,Female,21,0,97,0.75,9000,0,4,21-25
3853,4,Blue One M,3000,2,North,Male,21,0,95,0.5,6000,0,4,21-25
3854,4,Blue One M,3000,3,North West,Male,28,0,95,0.75,9000,0,4,26-30
3855,4,Blue One M,3000,2,East,Male,27,0,96,0.5,6000,0,4,26-30
3856,4,Blue One M,3000,2,West,Male,31,0,96,0.5,6000,0,4,>30
3857,4,Blue One M,3000,3,Adamawa,Male,23,0,81,0.75,9000,0,5,21-25
3858,4,Blue One M,3000,0,West,Female,26,1,82,0.0,0,1,5,26-30
3859,4,Blue One M,3000,0,South,Male,24,1,84,0.0,0,1,5,21-25
3860,4,Blue One M,3000,3,Adamawa,Female,22,0,90,0.75,9000,0,4,21-25
3861,4,Blue One M,3000,2,East,Female,27,1,84,0.5,6000,0,5,26-30
3862,4,Blue One M,3000,0,Adamawa,Male,17,1,77,0.0,0,1,5,<=20
3863,4,Blue One M,3000,3,Far North,Male,21,0,91,0.75,9000,0,4,21-25
3864,4,Blue One M,3000,3,North West,Male,28,0,80,0.75,9000,0,5,26-30
3865,4,Blue One M,3000,2,East,Male,23,0,78,0.5,6000,0,5,21-25
3866,4,Blue One M,3000,3,West,Female,24,0,82,0.75,9000,0,5,21-25
3867,4,Blue One M,3000,3,North,Male,26,0,90,0.75,9000,0,4,26-30
3868,4,Blue One M,3000,2,Littoral,Female,26,1,89,0.5,6000,0,4,26-30
3869,4,Blue One M,3000,3,Adamawa,Female,20,0,88,0.75,9000,0,5,<=20
3870,4,Blue One M,3000,3,North West,Male,22,0,87,0.75,9000,0,5,21-25
3871,4,Blue One M,3000,2,North West,Female,17,0,84,0.5,6000,0,5,<=20
3872,4,Blue One M,3000,3,Far North,Male,22,0,83,0.75,9000,0,5,21-25
3873,4,Blue One M,3000,3,Centre,Male,23,0,82,0.75,9000,0,5,21-25
3874,4,Blue One M,3000,2,Far North,Male,23,0,82,0.5,6000,0,5,21-25
3875,4,Blue One M,3000,0,Far North,Female,23,1,92,0.0,0,1,4,21-25
3876,4,Blue One M,3000,2,East,Female,22,0,90,0.5,6000,0,4,21-25
3877,4,Blue One M,3000,2,North West,Male,25,1,94,0.5,6000,0,4,21-25
3878,4,Blue One M,3000,2,Centre,Male,26,0,79,0.5,6000,0,5,26-30
3879,4,Blue One M,3000,2,Littoral,Male,25,0,78,0.5,6000,0,5,21-25
3880,4,Blue One M,3000,2,Adamawa,Female,18,0,77,0.5,6000,0,5,<=20
3881,4,Blue One M,3000,3,North,Female,23,0,77,0.75,9000,0,5,21-25
3882,4,Blue One M,3000,3,West,Female,19,0,80,0.75,9000,0,5,<=20
3883,4,Blue One M,3000,3,South West,Male,24,0,80,0.75,9000,0,5,21-25
3884,4,Blue One M,3000,2,South West,Male,21,0,79,0.5,6000,0,5,21-25
3888,5,Blue One M,3000,2,South,Female,25,0,116,0.4,6000,0,4,21-25
3889,5,Blue One M,3000,3,South West,Male,25,0,112,0.6,9000,0,4,21-25
3890,5,Blue One M,3000,2,Far North,Male,27,1,112,0.4,6000,0,4,26-30
3891,5,Blue One M,3000,0,Littoral,Male,33,1,117,0.0,0,1,4,>30
3892,5,Blue One M,3000,3,East,Female,24,0,117,0.6,9000,0,4,21-25
3893,4,Blue One M,3000,3,Far North,Female,22,0,89,0.75,9000,0,4,21-25
3894,5,Blue One M,3000,0,Adamawa,Female,32,1,117,0.0,0,1,4,>30
3895,5,Blue One M,3000,2,Far North,Female,26,0,117,0.4,6000,0,4,26-30
3896,5,Blue One M,3000,2,North,Male,24,1,112,0.4,6000,0,4,21-25
3897,5,Blue One M,3000,0,North,Male,25,1,117,0.0,0,1,4,21-25
3898,5,Blue One M,3000,0,Centre,Female,19,1,112,0.0,0,1,4,<=20
3899,4,Blue One M,3000,2,Centre,Female,25,0,98,0.5,6000,0,4,21-25
3900,5,Blue One M,3000,2,North West,Male,32,0,118,0.4,6000,0,4,>30
3901,5,Blue One M,3000,0,South,Female,25,1,115,0.0,0,1,4,21-25
3902,5,Blue One M,3000,2,Far North,Male,27,1,116,0.4,6000,0,4,26-30
3903,5,Blue One M,3000,2,Far North,Male,26,0,117,0.4,6000,0,4,26-30
3904,5,Blue One M,3000,3,West,Male,28,0,117,0.6,9000,0,4,26-30
3905,5,Blue One M,3000,2,Centre,Female,21,0,117,0.4,6000,0,4,21-25
3906,5,Blue One M,3000,2,South West,Male,26,0,116,0.4,6000,0,4,26-30
3907,4,Blue One M,3000,2,South West,Male,23,0,97,0.5,6000,0,4,21-25
3908,4,Blue One M,3000,2,Centre,Male,25,0,97,0.5,6000,0,4,21-25
3909,5,Blue One M,3000,2,North West,Female,25,1,108,0.4,6000,0,4,21-25
3910,4,Blue One M,3000,2,Adamawa,Male,25,0,94,0.5,6000,0,4,21-25
3911,5,Blue One M,3000,2,North West,Male,32,1,115,0.4,6000,0,4,>30
3912,5,Blue One M,3000,2,Littoral,Male,27,0,108,0.4,6000,0,4,26-30
3913,5,Blue One M,3000,2,North,Male,19,1,112,0.4,6000,0,4,<=20
3914,5,Blue One M,3000,3,East,Female,24,0,112,0.6,9000,0,4,21-25
3915,5,Blue One M,3000,0,North,Male,20,1,115,0.0,0,1,4,<=20
3916,5,Blue One M,3000,2,North West,Female,23,0,111,0.4,6000,0,4,21-25
3917,5,Blue One M,3000,2,South West,Female,21,1,112,0.4,6000,0,4,21-25
3918,5,Blue One M,3000,2,Adamawa,Male,21,1,115,0.4,6000,0,4,21-25
3919,5,Blue One M,3000,3,North West,Male,22,0,116,0.6,9000,0,4,21-25
3920,5,Blue One M,3000,2,South West,Male,28,0,111,0.4,6000,0,4,26-30
3921,5,Blue One M,3000,2,Centre,Female,28,1,108,0.4,6000,0,4,26-30
3922,5,Blue One M,3000,3,South West,Male,26,0,116,0.6,9000,0,4,26-30
3923,5,Blue One M,3000,3,Centre,Female,26,0,116,0.6,9000,0,4,26-30
3924,5,Blue One M,3000,3,West,Male,29,0,114,0.6,9000,0,4,26-30
3925,5,Blue One M,3000,0,West,Male,27,1,115,0.0,0,1,4,26-30
3926,5,Blue One M,3000,2,Adamawa,Female,29,0,115,0.4,6000,0,4,26-30
3927,5,Blue One M,3000,2,Centre,Female,24,0,115,0.4,6000,0,4,21-25
3928,5,Blue One M,3000,0,North West,Male,24,1,115,0.0,0,1,4,21-25
3929,5,Blue One M,3000,2,West,Female,22,1,115,0.4,6000,0,4,21-25
3930,5,Blue One M,3000,2,Adamawa,Male,25,0,108,0.4,6000,0,4,21-25
3931,5,Blue One M,3000,3,North West,Female,21,0,108,0.6,9000,0,4,21-25
3932,5,Blue One M,3000,0,Adamawa,Male,24,1,110,0.0,0,1,4,21-25
3933,5,Blue One M,3000,2,Adamawa,Male,33,0,110,0.4,6000,0,4,>30
3934,5,Blue One M,3000,2,Littoral,Male,19,0,108,0.4,6000,0,4,<=20
3935,5,Blue One M,3000,3,South,Female,29,0,108,0.6,9000,0,4,26-30
3936,5,Blue One M,3000,0,Littoral,Male,29,1,110,0.0,0,1,4,26-30
3937,5,Blue One M,3000,2,Far North,Male,23,1,110,0.4,6000,0,4,21-25
3938,5,Blue One M,3000,2,East,Male,28,1,105,0.4,6000,0,4,26-30
3939,5,Blue One M,3000,3,Far North,Female,23,0,105,0.6,9000,0,4,21-25
3940,5,Blue One M,3000,3,East,Female,24,0,105,0.6,9000,0,4,21-25
3941,5,Blue One M,3000,2,West,Male,18,0,115,0.4,6000,0,4,<=20
3942,4,Blue One M,3000,2,South,Male,27,0,100,0.5,6000,0,4,26-30
3943,5,Blue One M,3000,0,North West,Male,26,1,117,0.0,0,1,4,26-30
3944,4,Blue One M,3000,2,South West,Male,19,0,97,0.5,6000,0,4,<=20
3945,5,Blue One M,3000,2,Far North,Female,25,1,117,0.4,6000,0,4,21-25
3946,4,Blue One M,3000,3,North West,Male,22,0,87,0.75,9000,0,5,21-25
3947,5,Blue One M,3000,2,Adamawa,Male,27,0,116,0.4,6000,0,4,26-30
3948,5,Blue One M,3000,0,Centre,Female,24,1,110,0.0,0,1,4,21-25
3949,5,Blue One M,3000,2,North,Male,19,0,116,0.4,6000,0,4,<=20
3950,5,Blue One M,3000,3,North West,Male,25,0,116,0.6,9000,0,4,21-25
3951,5,Blue One M,3000,2,Far North,Female,22,0,108,0.4,6000,0,4,21-25
3952,5,Blue One M,3000,0,Centre,Male,24,1,115,0.0,0,1,4,21-25
3953,5,Blue One M,3000,3,East,Female,25,0,115,0.6,9000,0,4,21-25
3954,4,Blue One M,3000,2,South West,Male,18,0,87,0.5,6000,0,5,<=20
3955,5,Blue One M,3000,3,Littoral,Female,27,0,114,0.6,9000,0,4,26-30
3956,5,Blue One M,3000,3,Centre,Male,28,0,115,0.6,9000,0,4,26-30
3957,5,Blue One M,3000,2,North West,Male,29,0,114,0.4,6000,0,4,26-30
3958,5,Blue One M,3000,0,North West,Male,24,1,114,0.0,0,1,4,21-25
3959,5,Blue One M,3000,2,Adamawa,Female,19,1,104,0.4,6000,0,4,<=20
3960,5,Blue One M,3000,0,West,Female,20,1,108,0.0,0,1,4,<=20
3961,5,Blue One M,3000,3,North,Male,22,0,114,0.6,9000,0,4,21-25
3962,5,Blue One M,3000,2,West,Female,21,0,108,0.4,6000,0,4,21-25
3963,4,Blue One M,3000,0,West,Male,23,1,101,0.0,0,1,4,21-25
3964,5,Blue One M,3000,0,South,Male,27,1,116,0.0,0,1,4,26-30
3965,4,Blue One M,3000,0,Littoral,Female,20,1,100,0.0,0,1,4,<=20
3966,5,Blue One M,3000,3,East,Female,17,0,105,0.6,9000,0,4,<=20
3967,5,Blue One M,3000,2,South,Male,27,0,111,0.4,6000,0,4,26-30
3968,4,Blue One M,3000,0,East,Male,19,1,84,0.0,0,1,5,<=20
3969,5,Blue One M,3000,2,Far North,Male,20,1,116,0.4,6000,0,4,<=20
3970,5,Blue One M,3000,2,North West,Male,25,0,117,0.4,6000,0,4,21-25
3971,5,Blue One M,3000,2,Adamawa,Male,20,1,117,0.4,6000,0,4,<=20
3972,5,Blue One M,3000,2,East,Male,27,0,116,0.4,6000,0,4,26-30
3973,5,Blue One M,3000,2,East,Male,22,1,116,0.4,6000,0,4,21-25
3974,5,Blue One M,3000,2,West,Male,20,0,117,0.4,6000,0,4,<=20
3975,5,Blue One M,3000,3,Adamawa,Male,24,0,117,0.6,9000,0,4,21-25
3976,5,Blue One M,3000,2,Adamawa,Male,21,0,112,0.4,6000,0,4,21-25
3977,5,Blue One M,3000,2,Littoral,Male,24,1,110,0.4,6000,0,4,21-25
3978,5,Blue One M,3000,3,Far North,Male,25,0,115,0.6,9000,0,4,21-25
3979,5,Blue One M,3000,3,Adamawa,Male,25,0,116,0.6,9000,0,4,21-25
3980,5,Blue One M,3000,0,South West,Female,25,1,110,0.0,0,1,4,21-25
3981,5,Blue One M,3000,2,West,Female,22,0,109,0.4,6000,0,4,21-25
3982,5,Blue One M,3000,2,South West,Male,23,0,115,0.4,6000,0,4,21-25
3983,5,Blue One M,3000,2,West,Male,27,0,115,0.4,6000,0,4,26-30
3984,5,Blue One M,3000,0,Adamawa,Male,25,1,113,0.0,0,1,4,21-25
3985,5,Blue One M,3000,2,East,Female,27,1,113,0.4,6000,0,4,26-30
3986,4,Blue One M,3000,2,North West,Female,21,0,102,0.5,6000,0,4,21-25
3987,5,Blue One M,3000,3,South,Female,28,0,113,0.6,9000,0,4,26-30
3988,5,Blue One M,3000,2,Littoral,Male,26,0,113,0.4,6000,0,4,26-30
3989,5,Blue One M,3000,2,Adamawa,Male,28,0,113,0.4,6000,0,4,26-30
3991,5,Blue One M,3000,2,South West,Male,25,1,112,0.4,6000,0,4,21-25
3992,5,Blue One M,3000,2,Adamawa,Female,24,1,111,0.4,6000,0,4,21-25
3993,5,Blue One M,3000,0,South West,Female,20,1,112,0.0,0,1,4,<=20
3994,4,Blue One M,3000,2,South West,Female,21,0,103,0.5,6000,0,4,21-25
3995,4,Blue One M,3000,2,South West,Female,19,0,96,0.5,6000,0,4,<=20
3996,4,Blue One M,3000,0,Far North,Female,25,1,91,0.0,0,1,4,21-25
3997,5,Blue One M,3000,2,East,Male,23,1,110,0.4,6000,0,4,21-25
3998,5,Blue One M,3000,2,Littoral,Male,25,0,109,0.4,6000,0,4,21-25
3999,5,Blue One M,3000,3,Centre,Female,22,0,106,0.6,9000,0,4,21-25
4000,5,Blue One M,3000,2,Littoral,Male,23,0,107,0.4,6000,0,4,21-25
4001,5,Blue One M,3000,0,North,Female,19,1,109,0.0,0,1,4,<=20
4002,5,Blue One M,3000,3,West,Female,23,0,110,0.6,9000,0,4,21-25
4003,5,Blue One M,3000,2,Centre,Female,23,1,105,0.4,6000,0,4,21-25
4004,5,Blue One M,3000,2,South,Male,19,0,110,0.4,6000,0,4,<=20
4005,5,Blue One M,3000,2,South,Female,29,0,110,0.4,6000,0,4,26-30
4006,5,Blue One M,3000,2,North West,Male,23,0,114,0.4,6000,0,4,21-25
4007,4,Blue One M,3000,2,Adamawa,Male,20,0,96,0.5,6000,0,4,<=20
4008,5,Blue One M,3000,2,South West,Female,24,1,110,0.4,6000,0,4,21-25
4009,5,Blue One M,3000,0,South,Female,26,1,111,0.0,0,1,4,26-30
4010,4,Blue One M,3000,3,Littoral,Male,21,0,96,0.75,9000,0,4,21-25
4011,4,Blue One M,3000,3,Adamawa,Female,26,0,96,0.75,9000,0,4,26-30
4012,5,Blue One M,3000,2,West,Male,22,1,105,0.4,6000,0,4,21-25
4013,5,Blue One M,3000,2,East,Male,24,1,111,0.4,6000,0,4,21-25
4014,5,Blue One M,3000,2,Adamawa,Male,21,0,109,0.4,6000,0,4,21-25
4015,5,Blue One M,3000,3,South West,Male,21,0,108,0.6,9000,0,4,21-25
4016,5,Blue One M,3000,2,Littoral,Female,21,1,108,0.4,6000,0,4,21-25
4017,5,Blue One M,3000,3,East,Male,27,0,108,0.6,9000,0,4,26-30
4018,5,Blue One M,3000,2,Littoral,Male,20,0,107,0.4,6000,0,4,<=20
4019,4,Blue One M,3000,2,South West,Male,25,1,88,0.5,6000,0,5,21-25
4020,5,Blue One M,3000,3,Far North,Male,24,0,108,0.6,9000,0,4,21-25
4021,4,Blue One M,3000,3,Adamawa,Female,25,0,104,0.75,9000,0,4,21-25
4022,4,Blue One M,3000,2,Centre,Female,25,1,89,0.5,6000,0,4,21-25
4023,4,Blue One M,3000,2,North West,Male,19,0,91,0.5,6000,0,4,<=20
4024,5,Blue One M,3000,0,South West,Male,26,1,107,0.0,0,1,4,26-30
4025,5,Blue One M,3000,0,Far North,Male,31,1,105,0.0,0,1,4,>30
4026,5,Blue One M,3000,0,Centre,Female,27,1,105,0.0,0,1,4,26-30
4027,4,Blue One M,3000,0,Centre,Female,25,1,102,0.0,0,1,4,21-25
4028,4,Blue One M,3000,2,North,Male,29,1,104,0.5,6000,0,4,26-30
4029,4,Blue One M,3000,0,East,Female,23,1,104,0.0,0,1,4,21-25
4030,4,Blue One M,3000,2,West,Male,24,1,103,0.5,6000,0,4,21-25
4031,4,Blue One M,3000,2,South West,Male,27,0,98,0.5,6000,0,4,26-30
4032,4,Blue One M,3000,3,North West,Male,22,0,98,0.75,9000,0,4,21-25
4034,5,Blue One M,3000,3,Centre,Male,24,0,111,0.6,9000,0,4,21-25
4035,5,Blue One M,3000,2,Centre,Male,17,0,112,0.4,6000,0,4,<=20
4036,5,Blue One M,3000,3,North,Female,25,0,104,0.6,9000,0,4,21-25
4037,5,Blue One M,3000,2,West,Female,20,1,112,0.4,6000,0,4,<=20
4038,3,Blue One S,2000,1,South West,Male,20,0,62,0.3333333333333333,2000,0,5,<=20
4039,5,Blue One M,3000,3,Far North,Male,27,0,115,0.6,9000,0,4,26-30
4040,5,Blue One M,3000,2,Centre,Male,23,1,113,0.4,6000,0,4,21-25
4041,5,Blue One M,3000,0,Littoral,Male,22,1,112,0.0,0,1,4,21-25
4042,5,Blue One M,3000,2,South West,Female,26,0,112,0.4,6000,0,4,26-30
4043,5,Blue One M,3000,2,South,Male,26,1,112,0.4,6000,0,4,26-30
4044,4,Blue One M,3000,2,Adamawa,Female,24,1,101,0.5,6000,0,4,21-25
4045,5,Blue One M,3000,3,Adamawa,Female,27,0,105,0.6,9000,0,4,26-30
4046,4,Blue One M,3000,0,East,Female,22,1,104,0.0,0,1,4,21-25
4047,5,Blue One M,3000,2,North West,Male,23,0,112,0.4,6000,0,4,21-25
4048,5,Blue One M,3000,2,Centre,Male,25,0,115,0.4,6000,0,4,21-25
4049,4,Blue One M,3000,3,Far North,Male,28,0,89,0.75,9000,0,4,26-30
4050,5,Blue One M,3000,0,North,Male,20,1,105,0.0,0,1,4,<=20
4051,5,Blue One M,3000,2,Littoral,Female,21,1,109,0.4,6000,0,4,21-25
4052,4,Blue One M,3000,3,Littoral,Male,23,0,102,0.75,9000,0,4,21-25
4053,5,Blue One M,3000,3,North West,Female,20,0,111,0.6,9000,0,4,<=20
4054,5,Blue One M,3000,2,South West,Female,24,0,112,0.4,6000,0,4,21-25
4055,5,Blue One M,3000,3,South,Male,24,0,112,0.6,9000,0,4,21-25
4056,4,Blue One M,3000,2,East,Male,28,0,76,0.5,6000,0,5,26-30
4057,5,Blue One M,3000,0,Far North,Male,28,1,110,0.0,0,1,4,26-30
4058,5,Blue One M,3000,3,Adamawa,Female,23,0,105,0.6,9000,0,4,21-25
4059,5,Blue One M,3000,0,Littoral,Male,27,1,115,0.0,0,1,4,26-30
4060,4,Blue One M,3000,3,South West,Male,18,0,84,0.75,9000,0,5,<=20
4062,4,Blue One M,3000,0,Littoral,Male,20,1,99,0.0,0,1,4,<=20
4063,4,Blue One M,3000,2,Far North,Female,25,0,102,0.5,6000,0,4,21-25
4064,4,Blue One M,3000,0,South,Female,27,1,95,0.0,0,1,4,26-30
4065,7,Blue One L,5000,3,South West,Female,20,0,172,0.42857142857142855,15000,0,2,<=20
4066,5,Blue One M,3000,2,South West,Female,30,1,124,0.4,6000,0,3,26-30
4067,7,Blue One L,5000,0,South,Female,30,1,172,0.0,0,1,2,26-30
4068,5,Blue One M,3000,2,East,Male,29,0,117,0.4,6000,0,4,26-30
4069,7,Blue One L,5000,0,West,Female,28,1,193,0.0,0,1,1,26-30
4070,7,Blue One L,5000,3,West,Female,32,0,177,0.42857142857142855,15000,0,2,>30
4071,7,Blue One L,5000,2,North West,Male,24,0,171,0.2857142857142857,10000,0,2,21-25
4072,5,Blue One M,3000,3,North,Female,21,0,123,0.6,9000,0,3,21-25
4073,3,Blue One S,2000,2,South West,Male,19,0,61,0.6666666666666666,4000,0,5,<=20
4074,4,Blue One M,3000,2,Adamawa,Female,25,0,83,0.5,6000,0,5,21-25
4075,7,Blue One L,5000,0,Centre,Male,30,1,178,0.0,0,1,1,26-30
4076,4,Blue One M,3000,2,East,Male,27,0,81,0.5,6000,0,5,26-30
4078,7,Blue One L,5000,0,Far North,Male,33,1,193,0.0,0,1,1,>30
4079,4,Blue One M,3000,2,Centre,Male,26,0,102,0.5,6000,0,4,26-30
4080,4,Blue One M,3000,3,Centre,Female,21,0,102,0.75,9000,0,4,21-25
4081,4,Blue One M,3000,2,North West,Female,21,0,97,0.5,6000,0,4,21-25
4082,7,Blue One L,5000,3,Littoral,Female,21,0,175,0.42857142857142855,15000,0,2,21-25
4085,7,Blue One L,5000,2,East,Male,24,0,174,0.2857142857142857,10000,0,2,21-25
4087,7,Blue One L,5000,0,East,Male,30,1,182,0.0,0,1,1,26-30
4088,6,Blue One M,3000,2,Littoral,Male,23,1,157,0.3333333333333333,6000,0,2,21-25
4090,3,Blue One S,2000,1,Littoral,Female,29,0,61,0.3333333333333333,2000,0,5,26-30
4092,8,Blue One L,5000,0,North West,Male,27,1,201,0.0,0,1,1,26-30
4093,8,Blue One L,5000,0,Littoral,Female,24,1,200,0.0,0,1,1,21-25
4094,8,Blue One L,5000,2,Adamawa,Female,28,0,199,0.25,10000,0,1,26-30
4095,7,Blue One L,5000,3,South West,Female,27,0,173,0.42857142857142855,15000,0,2,26-30
4096,7,Blue One L,5000,2,West,Male,26,0,171,0.2857142857142857,10000,0,2,26-30
4097,7,Blue One L,5000,2,Adamawa,Female,28,1,171,0.2857142857142857,10000,0,2,26-30
4098,6,Blue One M,3000,2,Adamawa,Female,23,1,159,0.3333333333333333,6000,0,2,21-25
4099,6,Blue One M,3000,2,North West,Male,22,1,159,0.3333333333333333,6000,0,2,21-25
4100,7,Blue One L,5000,3,Adamawa,Female,24,0,165,0.42857142857142855,15000,0,2,21-25
4101,6,Blue One M,3000,0,Adamawa,Female,25,1,159,0.0,0,1,2,21-25
4102,6,Blue One M,3000,2,East,Female,25,0,141,0.3333333333333333,6000,0,3,21-25
4103,8,Blue One L,5000,2,Adamawa,Female,28,0,199,0.25,10000,0,1,26-30
4104,7,Blue One L,5000,3,North West,Female,30,0,175,0.42857142857142855,15000,0,2,26-30
4105,7,Blue One L,5000,3,Littoral,Male,22,0,171,0.42857142857142855,15000,0,2,21-25
4106,6,Blue One M,3000,0,Centre,Male,22,1,154,0.0,0,1,2,21-25
4107,4,Blue One M,3000,2,North,Male,26,0,82,0.5,6000,0,5,26-30
4108,4,Blue One M,3000,2,Far North,Male,23,0,98,0.5,6000,0,4,21-25
4112,5,Blue One M,3000,0,South West,Female,30,1,123,0.0,0,1,3,26-30
4113,5,Blue One M,3000,2,Far North,Male,27,0,112,0.4,6000,0,4,26-30
4114,5,Blue One M,3000,2,North,Male,23,0,124,0.4,6000,0,3,21-25
4115,6,Blue One M,3000,3,East,Male,22,0,136,0.5,9000,0,3,21-25
4116,5,Blue One M,3000,2,Centre,Female,26,0,126,0.4,6000,0,3,26-30
4117,5,Blue One M,3000,2,Adamawa,Male,26,0,111,0.4,6000,0,4,26-30
4118,5,Blue One M,3000,2,West,Female,24,0,111,0.4,6000,0,4,21-25
4119,5,Blue One M,3000,3,West,Male,25,0,104,0.6,9000,0,4,21-25
4120,4,Blue One M,3000,0,East,Female,18,1,96,0.0,0,1,4,<=20
4121,8,Blue One L,5000,0,Adamawa,Male,28,1,204,0.0,0,1,1,26-30
4122,7,Blue One L,5000,2,Centre,Male,23,0,170,0.2857142857142857,10000,0,2,21-25
4124,6,Blue One M,3000,2,Far North,Male,21,1,154,0.3333333333333333,6000,0,2,21-25
4125,4,Blue One M,3000,2,Centre,Male,18,0,103,0.5,6000,0,4,<=20
4126,5,Blue One M,3000,3,Far North,Male,27,0,111,0.6,9000,0,4,26-30
4127,4,Blue One M,3000,2,West,Male,22,0,75,0.5,6000,0,5,21-25
4129,6,Blue One M,3000,0,Adamawa,Male,26,1,146,0.0,0,1,3,26-30
4130,8,Blue One L,5000,0,Adamawa,Female,28,1,200,0.0,0,1,1,26-30
4131,5,Blue One M,3000,2,West,Female,28,0,118,0.4,6000,0,4,26-30
4132,5,Blue One M,3000,3,Centre,Female,24,0,110,0.6,9000,0,4,21-25
4135,8,Blue One L,5000,0,Far North,Male,26,1,201,0.0,0,1,1,26-30
4136,7,Blue One L,5000,2,East,Male,25,1,174,0.2857142857142857,10000,0,2,21-25
4137,6,Blue One M,3000,0,East,Male,27,1,143,0.0,0,1,3,26-30
4138,6,Blue One M,3000,0,South West,Male,25,1,145,0.0,0,1,3,21-25
4139,6,Blue One M,3000,3,Far North,Male,27,0,149,0.5,9000,0,3,26-30
4140,6,Blue One M,3000,2,South West,Female,24,0,136,0.3333333333333333,6000,0,3,21-25
4143,6,Blue One M,3000,2,South,Male,28,0,138,0.3333333333333333,6000,0,3,26-30
4144,5,Blue One M,3000,2,Far North,Female,25,0,111,0.4,6000,0,4,21-25
4145,5,Blue One M,3000,0,Littoral,Male,28,1,115,0.0,0,1,4,26-30
4146,4,Blue One M,3000,3,South,Female,26,0,94,0.75,9000,0,4,26-30
4147,4,Blue One M,3000,0,South,Female,24,1,96,0.0,0,1,4,21-25
4148,7,Blue One L,5000,0,North,Male,22,1,178,0.0,0,1,1,21-25
4149,4,Blue One M,3000,0,West,Female,22,1,104,0.0,0,1,4,21-25
4150,7,Blue One L,5000,2,West,Female,27,0,192,0.2857142857142857,10000,0,1,26-30
4151,7,Blue One L,5000,0,Centre,Female,31,1,185,0.0,0,1,1,>30
4152,8,Blue One L,5000,2,East,Male,30,1,204,0.25,10000,0,1,26-30
4153,8,Blue One L,5000,0,Centre,Female,30,1,196,0.0,0,1,1,26-30
4154,7,Blue One L,5000,2,West,Male,28,1,189,0.2857142857142857,10000,0,1,26-30
4155,7,Blue One L,5000,2,South,Male,22,0,188,0.2857142857142857,10000,0,1,21-25
4156,7,Blue One L,5000,2,Adamawa,Female,26,0,186,0.2857142857142857,10000,0,1,26-30
4157,7,Blue One L,5000,2,North,Male,29,1,178,0.2857142857142857,10000,0,1,26-30
4158,6,Blue One M,3000,2,Centre,Male,23,1,157,0.3333333333333333,6000,0,2,21-25
4164,8,Blue One L,5000,2,East,Male,20,1,207,0.25,10000,0,1,<=20
4165,8,Blue One L,5000,0,South West,Female,32,1,195,0.0,0,1,1,>30
4166,8,Blue One L,5000,2,East,Male,32,0,203,0.25,10000,0,1,>30
4167,8,Blue One L,5000,2,South,Male,25,1,195,0.25,10000,0,1,21-25
4168,7,Blue One L,5000,3,South,Male,25,0,188,0.42857142857142855,15000,0,1,21-25
4169,8,Blue One L,5000,2,North,Female,28,0,195,0.25,10000,0,1,26-30
4170,7,Blue One L,5000,0,East,Female,21,1,186,0.0,0,1,1,21-25
4171,7,Blue One L,5000,2,Far North,Male,27,0,181,0.2857142857142857,10000,0,1,26-30
4172,7,Blue One L,5000,0,West,Male,31,1,175,0.0,0,1,2,>30
4173,7,Blue One L,5000,2,Far North,Female,23,1,172,0.2857142857142857,10000,0,2,21-25
4174,6,Blue One M,3000,0,South West,Male,26,1,161,0.0,0,1,2,26-30
4180,5,Blue One M,3000,2,West,Female,27,0,108,0.4,6000,0,4,26-30
4181,7,Blue One L,5000,3,Littoral,Male,28,0,188,0.42857142857142855,15000,0,1,26-30
4182,7,Blue One L,5000,0,North,Male,27,1,178,0.0,0,1,1,26-30
4183,5,Blue One M,3000,2,East,Male,22,1,112,0.4,6000,0,4,21-25
4184,6,Blue One M,3000,2,East,Female,22,1,164,0.3333333333333333,6000,0,2,21-25
4185,8,Blue One L,5000,2,North,Male,23,1,196,0.25,10000,0,1,21-25
4186,5,Blue One M,3000,2,East,Female,22,0,119,0.4,6000,0,3,21-25
4187,5,Blue One M,3000,0,Littoral,Male,23,1,118,0.0,0,1,4,21-25
4188,8,Blue One L,5000,2,Littoral,Male,25,0,202,0.25,10000,0,1,21-25
4189,8,Blue One L,5000,3,South West,Female,27,0,205,0.375,15000,0,1,26-30
4191,7,Blue One L,5000,3,Centre,Female,27,0,194,0.42857142857142855,15000,0,1,26-30
4192,7,Blue One L,5000,2,East,Male,29,1,191,0.2857142857142857,10000,0,1,26-30
4193,7,Blue One L,5000,2,Adamawa,Male,30,0,174,0.2857142857142857,10000,0,2,26-30
4194,7,Blue One L,5000,2,North West,Male,32,1,178,0.2857142857142857,10000,0,1,>30
4195,8,Blue One L,5000,3,North,Female,33,0,199,0.375,15000,0,1,>30
4196,8,Blue One L,5000,2,South,Male,29,1,197,0.25,10000,0,1,26-30
4197,7,Blue One L,5000,2,Adamawa,Male,22,0,193,0.2857142857142857,10000,0,1,21-25
4198,8,Blue One L,5000,2,Far North,Male,28,1,202,0.25,10000,0,1,26-30
4199,8,Blue One L,5000,2,Centre,Female,32,1,200,0.25,10000,0,1,>30
4200,7,Blue One L,5000,3,Centre,Female,29,0,175,0.42857142857142855,15000,0,2,26-30
4201,7,Blue One L,5000,2,East,Male,30,0,174,0.2857142857142857,10000,0,2,26-30
4202,7,Blue One L,5000,0,North West,Female,31,1,172,0.0,0,1,2,>30
4203,7,Blue One L,5000,0,Littoral,Female,27,1,171,0.0,0,1,2,26-30
4204,4,Blue One M,3000,2,North,Female,22,0,91,0.5,6000,0,4,21-25
4205,7,Blue One L,5000,3,South West,Male,28,0,168,0.42857142857142855,15000,0,2,26-30
4207,6,Blue One M,3000,3,Centre,Female,26,0,159,0.5,9000,0,2,26-30
4208,7,Blue One L,5000,0,South,Male,24,1,186,0.0,0,1,1,21-25
4209,7,Blue One L,5000,2,North West,Female,23,1,184,0.2857142857142857,10000,0,1,21-25
4210,4,Blue One M,3000,3,South,Male,25,0,101,0.75,9000,0,4,21-25
4211,7,Blue One L,5000,2,Adamawa,Female,28,0,182,0.2857142857142857,10000,0,1,26-30
4212,7,Blue One L,5000,2,Centre,Female,27,0,179,0.2857142857142857,10000,0,1,26-30
4213,7,Blue One L,5000,2,North,Male,31,0,185,0.2857142857142857,10000,0,1,>30
4214,7,Blue One L,5000,2,West,Male,21,1,175,0.2857142857142857,10000,0,2,21-25
4215,5,Blue One M,3000,0,Far North,Male,23,1,126,0.0,0,1,3,21-25
4216,7,Blue One L,5000,2,West,Male,25,1,172,0.2857142857142857,10000,0,2,21-25
4217,7,Blue One L,5000,2,Adamawa,Female,33,0,174,0.2857142857142857,10000,0,2,>30
4218,7,Blue One L,5000,2,North,Female,30,0,172,0.2857142857142857,10000,0,2,26-30
4219,7,Blue One L,5000,0,Centre,Female,24,1,175,0.0,0,1,2,21-25
4220,7,Blue One L,5000,2,Littoral,Female,23,0,171,0.2857142857142857,10000,0,2,21-25
4221,6,Blue One M,3000,3,Adamawa,Male,26,0,160,0.5,9000,0,2,26-30
4222,7,Blue One L,5000,2,West,Male,27,0,172,0.2857142857142857,10000,0,2,26-30
4223,7,Blue One L,5000,0,Centre,Male,29,1,174,0.0,0,1,2,26-30
4224,7,Blue One L,5000,2,Centre,Female,24,1,172,0.2857142857142857,10000,0,2,21-25
4225,7,Blue One L,5000,0,Centre,Female,24,1,172,0.0,0,1,2,21-25
4226,7,Blue One L,5000,0,Littoral,Male,20,1,187,0.0,0,1,1,<=20
4227,7,Blue One L,5000,0,North,Male,26,1,184,0.0,0,1,1,26-30
4228,7,Blue One L,5000,2,Centre,Female,27,1,185,0.2857142857142857,10000,0,1,26-30
4229,7,Blue One L,5000,0,Adamawa,Male,32,1,185,0.0,0,1,1,>30
4230,7,Blue One L,5000,2,South,Female,27,0,186,0.2857142857142857,10000,0,1,26-30
4231,7,Blue One L,5000,2,South,Female,27,1,185,0.2857142857142857,10000,0,1,26-30
4232,7,Blue One L,5000,0,North West,Female,25,1,183,0.0,0,1,1,21-25
4233,7,Blue One L,5000,3,South,Male,30,0,178,0.42857142857142855,15000,0,1,26-30
4234,7,Blue One L,5000,3,West,Male,24,0,171,0.42857142857142855,15000,0,2,21-25
4235,7,Blue One L,5000,3,Littoral,Female,25,0,171,0.42857142857142855,15000,0,2,21-25
4236,7,Blue One L,5000,2,North West,Male,27,0,184,0.2857142857142857,10000,0,1,26-30
4237,7,Blue One L,5000,2,East,Male,29,1,184,0.2857142857142857,10000,0,1,26-30
4238,4,Blue One M,3000,0,North West,Female,28,1,98,0.0,0,1,4,26-30
4240,7,Blue One L,5000,2,North West,Female,27,1,189,0.2857142857142857,10000,0,1,26-30
4241,8,Blue One L,5000,3,East,Male,27,0,203,0.375,15000,0,1,26-30
4242,8,Blue One L,5000,0,Far North,Male,33,1,195,0.0,0,1,1,>30
4243,8,Blue One L,5000,2,Far North,Male,28,0,199,0.25,10000,0,1,26-30
4244,8,Blue One L,5000,0,North West,Female,32,1,199,0.0,0,1,1,>30
4245,7,Blue One L,5000,3,South West,Male,25,0,184,0.42857142857142855,15000,0,1,21-25
4246,7,Blue One L,5000,2,West,Male,27,0,170,0.2857142857142857,10000,0,2,26-30
4247,8,Blue One L,5000,2,West,Female,28,1,196,0.25,10000,0,1,26-30
4248,4,Blue One M,3000,3,South,Male,25,0,83,0.75,9000,0,5,21-25
4249,7,Blue One L,5000,0,Far North,Male,25,1,185,0.0,0,1,1,21-25
4250,5,Blue One M,3000,2,South,Male,21,0,110,0.4,6000,0,4,21-25
4251,7,Blue One L,5000,0,Far North,Female,29,1,175,0.0,0,1,2,26-30
4252,5,Blue One M,3000,0,South,Female,27,1,124,0.0,0,1,3,26-30
4253,4,Blue One M,3000,3,South,Female,22,0,103,0.75,9000,0,4,21-25
4254,7,Blue One L,5000,0,Centre,Male,29,1,178,0.0,0,1,1,26-30
4256,7,Blue One L,5000,0,West,Female,27,1,178,0.0,0,1,1,26-30
4257,7,Blue One L,5000,0,North West,Male,24,1,189,0.0,0,1,1,21-25
4258,8,Blue One L,5000,0,Far North,Male,23,1,196,0.0,0,1,1,21-25
4259,7,Blue One L,5000,2,North West,Female,29,1,190,0.2857142857142857,10000,0,1,26-30
4260,7,Blue One L,5000,2,Centre,Male,23,0,168,0.2857142857142857,10000,0,2,21-25
4261,8,Blue One L,5000,3,North West,Female,30,0,202,0.375,15000,0,1,26-30
4262,4,Blue One M,3000,0,South,Male,17,1,104,0.0,0,1,4,<=20
4263,4,Blue One M,3000,2,South West,Female,25,0,90,0.5,6000,0,4,21-25
4264,7,Blue One L,5000,0,East,Male,23,1,187,0.0,0,1,1,21-25
4265,7,Blue One L,5000,2,North West,Female,23,1,182,0.2857142857142857,10000,0,1,21-25
4266,8,Blue One L,5000,2,Adamawa,Female,26,0,203,0.25,10000,0,1,26-30
4267,8,Blue One L,5000,2,Centre,Female,28,0,203,0.25,10000,0,1,26-30
4268,8,Blue One L,5000,2,Littoral,Female,30,0,207,0.25,10000,0,1,26-30
4269,5,Blue One M,3000,2,West,Male,24,0,126,0.4,6000,0,3,21-25
4270,7,Blue One L,5000,2,Littoral,Female,18,1,194,0.2857142857142857,10000,0,1,<=20
4271,8,Blue One L,5000,2,West,Male,33,1,203,0.25,10000,0,1,>30
4272,7,Blue One L,5000,2,North,Male,28,1,187,0.2857142857142857,10000,0,1,26-30
4273,8,Blue One L,5000,2,South West,Male,31,1,205,0.25,10000,0,1,>30
4274,8,Blue One L,5000,0,East,Female,25,1,199,0.0,0,1,1,21-25
4275,8,Blue One L,5000,2,West,Male,27,1,207,0.25,10000,0,1,26-30
4276,8,Blue One L,5000,2,Adamawa,Male,26,0,207,0.25,10000,0,1,26-30
4277,4,Blue One M,3000,2,Far North,Male,23,1,101,0.5,6000,0,4,21-25
4278,8,Blue One L,5000,0,Littoral,Male,33,1,207,0.0,0,1,1,>30
4279,8,Blue One L,5000,0,Far North,Female,29,1,203,0.0,0,1,1,26-30
4280,8,Blue One L,5000,0,Far North,Male,23,1,197,0.0,0,1,1,21-25
4281,8,Blue One L,5000,0,Adamawa,Female,32,1,197,0.0,0,1,1,>30
4282,6,Blue One M,3000,2,North West,Female,29,1,138,0.3333333333333333,6000,0,3,26-30
4283,6,Blue One M,3000,2,West,Female,24,0,146,0.3333333333333333,6000,0,3,21-25
4284,7,Blue One L,5000,3,North West,Male,26,0,188,0.42857142857142855,15000,0,1,26-30
4285,5,Blue One M,3000,2,East,Female,22,1,130,0.4,6000,0,3,21-25
4286,7,Blue One L,5000,3,East,Female,28,0,193,0.42857142857142855,15000,0,1,26-30
4288,7,Blue One L,5000,3,North,Female,24,0,176,0.42857142857142855,15000,0,2,21-25
4290,7,Blue One L,5000,3,South,Female,27,0,179,0.42857142857142855,15000,0,1,26-30
4292,6,Blue One M,3000,2,Centre,Female,24,0,137,0.3333333333333333,6000,0,3,21-25
4294,4,Blue One M,3000,3,West,Female,20,0,100,0.75,9000,0,4,<=20
4295,8,Blue One L,5000,2,Littoral,Female,28,0,198,0.25,10000,0,1,26-30
4296,8,Blue One L,5000,3,Adamawa,Female,30,0,204,0.375,15000,0,1,26-30
4297,8,Blue One L,5000,3,Adamawa,Male,27,0,203,0.375,15000,0,1,26-30
4298,6,Blue One M,3000,0,North,Male,30,1,141,0.0,0,1,3,26-30
4299,8,Blue One L,5000,2,North West,Male,26,0,207,0.25,10000,0,1,26-30
4300,8,Blue One L,5000,2,North,Male,25,0,202,0.25,10000,0,1,21-25
4301,8,Blue One L,5000,2,North West,Male,24,1,198,0.25,10000,0,1,21-25
4302,4,Blue One M,3000,3,South West,Male,19,0,82,0.75,9000,0,5,<=20
4303,7,Blue One L,5000,0,North West,Male,22,1,180,0.0,0,1,1,21-25
4304,6,Blue One M,3000,2,North West,Male,23,1,164,0.3333333333333333,6000,0,2,21-25
4305,7,Blue One L,5000,0,Littoral,Male,23,1,184,0.0,0,1,1,21-25
4306,7,Blue One L,5000,0,South,Female,28,1,183,0.0,0,1,1,26-30
4307,7,Blue One L,5000,3,Adamawa,Female,25,0,194,0.42857142857142855,15000,0,1,21-25
4308,8,Blue One L,5000,2,Far North,Male,33,0,200,0.25,10000,0,1,>30
4309,8,Blue One L,5000,3,Littoral,Male,27,0,202,0.375,15000,0,1,26-30
4310,8,Blue One L,5000,0,Centre,Female,30,1,200,0.0,0,1,1,26-30
4311,8,Blue One L,5000,0,North,Female,33,1,203,0.0,0,1,1,>30
4312,6,Blue One M,3000,2,East,Male,28,1,138,0.3333333333333333,6000,0,3,26-30
4313,6,Blue One M,3000,2,West,Male,25,1,143,0.3333333333333333,6000,0,3,21-25
4314,5,Blue One M,3000,2,North,Female,28,0,118,0.4,6000,0,4,26-30
4315,5,Blue One M,3000,0,Littoral,Female,24,1,108,0.0,0,1,4,21-25
4319,4,Blue One M,3000,2,West,Male,23,0,90,0.5,6000,0,4,21-25
4320,4,Blue One M,3000,2,West,Male,23,0,87,0.5,6000,0,5,21-25
4321,8,Blue One L,5000,2,West,Female,28,0,203,0.25,10000,0,1,26-30
4322,8,Blue One L,5000,2,North,Male,30,0,207,0.25,10000,0,1,26-30
4323,8,Blue One L,5000,3,East,Female,27,0,207,0.375,15000,0,1,26-30
4324,8,Blue One L,5000,2,Littoral,Male,28,1,207,0.25,10000,0,1,26-30
4325,4,Blue One M,3000,2,South,Male,23,1,95,0.5,6000,0,4,21-25
4326,7,Blue One L,5000,0,Littoral,Male,28,1,194,0.0,0,1,1,26-30
4327,7,Blue One L,5000,2,Centre,Female,28,1,189,0.2857142857142857,10000,0,1,26-30
4329,8,Blue One L,5000,2,West,Female,26,1,195,0.25,10000,0,1,26-30
4330,7,Blue One L,5000,2,East,Female,27,1,178,0.2857142857142857,10000,0,1,26-30
4331,8,Blue One L,5000,2,Adamawa,Female,27,1,202,0.25,10000,0,1,26-30
4332,5,Blue One M,3000,2,Far North,Male,21,1,111,0.4,6000,0,4,21-25
4333,8,Blue One L,5000,2,South,Female,27,1,198,0.25,10000,0,1,26-30
4334,8,Blue One L,5000,2,Littoral,Male,27,1,196,0.25,10000,0,1,26-30
4335,7,Blue One L,5000,0,North West,Female,22,1,182,0.0,0,1,1,21-25
4336,8,Blue One L,5000,0,South,Female,28,1,194,0.0,0,1,1,26-30
4337,7,Blue One L,5000,2,South,Male,28,1,192,0.2857142857142857,10000,0,1,26-30
4338,7,Blue One L,5000,0,Centre,Female,28,1,189,0.0,0,1,1,26-30
4339,7,Blue One L,5000,2,West,Female,29,1,187,0.2857142857142857,10000,0,1,26-30
4340,7,Blue One L,5000,0,North,Male,28,1,190,0.0,0,1,1,26-30
4341,7,Blue One L,5000,0,East,Female,23,1,187,0.0,0,1,1,21-25
4342,7,Blue One L,5000,3,North West,Female,29,0,189,0.42857142857142855,15000,0,1,26-30
4343,7,Blue One L,5000,2,Centre,Male,26,1,188,0.2857142857142857,10000,0,1,26-30
4344,6,Blue One M,3000,2,South,Male,33,1,146,0.3333333333333333,6000,0,3,>30
4345,6,Blue One M,3000,0,East,Female,27,1,139,0.0,0,1,3,26-30
4346,7,Blue One L,5000,2,Adamawa,Female,28,0,172,0.2857142857142857,10000,0,2,26-30
4347,7,Blue One L,5000,3,Adamawa,Male,26,0,183,0.42857142857142855,15000,0,1,26-30
4348,7,Blue One L,5000,2,Littoral,Female,23,1,185,0.2857142857142857,10000,0,1,21-25
4349,6,Blue One M,3000,2,South West,Male,23,1,163,0.3333333333333333,6000,0,2,21-25
4350,6,Blue One M,3000,2,South,Male,22,0,161,0.3333333333333333,6000,0,2,21-25
4352,7,Blue One L,5000,2,Far North,Male,26,1,179,0.2857142857142857,10000,0,1,26-30
4353,7,Blue One L,5000,2,South,Female,28,1,178,0.2857142857142857,10000,0,1,26-30
4354,6,Blue One M,3000,2,South,Male,23,1,158,0.3333333333333333,6000,0,2,21-25
4355,6,Blue One M,3000,0,Centre,Female,20,1,162,0.0,0,1,2,<=20
4356,6,Blue One M,3000,0,East,Female,31,1,160,0.0,0,1,2,>30
4357,8,Blue One L,5000,0,West,Female,33,1,201,0.0,0,1,1,>30
4358,8,Blue One L,5000,3,North,Male,26,0,201,0.375,15000,0,1,26-30
4359,8,Blue One L,5000,2,South West,Male,31,1,201,0.25,10000,0,1,>30
4360,8,Blue One L,5000,0,Littoral,Female,29,1,201,0.0,0,1,1,26-30
4361,8,Blue One L,5000,2,South West,Male,29,1,200,0.25,10000,0,1,26-30
4362,7,Blue One L,5000,2,Far North,Male,31,0,188,0.2857142857142857,10000,0,1,>30
4363,8,Blue One L,5000,0,Centre,Female,28,1,198,0.0,0,1,1,26-30
4365,8,Blue One L,5000,2,Adamawa,Female,29,1,203,0.25,10000,0,1,26-30
4366,8,Blue One L,5000,2,Centre,Male,33,1,203,0.25,10000,0,1,>30
4367,7,Blue One L,5000,2,South,Female,23,1,167,0.2857142857142857,10000,0,2,21-25
4368,6,Blue One M,3000,0,North West,Female,29,1,164,0.0,0,1,2,26-30
4369,7,Blue One L,5000,3,Far North,Male,27,0,186,0.42857142857142855,15000,0,1,26-30
4370,7,Blue One L,5000,2,North West,Male,27,1,183,0.2857142857142857,10000,0,1,26-30
4371,7,Blue One L,5000,3,Adamawa,Female,26,0,184,0.42857142857142855,15000,0,1,26-30
4372,7,Blue One L,5000,2,North,Female,26,0,180,0.2857142857142857,10000,0,1,26-30
4373,7,Blue One L,5000,2,North West,Female,23,1,184,0.2857142857142857,10000,0,1,21-25
4374,7,Blue One L,5000,3,Littoral,Female,29,0,183,0.42857142857142855,15000,0,1,26-30
4375,7,Blue One L,5000,0,West,Male,21,1,179,0.0,0,1,1,21-25
4376,7,Blue One L,5000,0,South West,Male,21,1,181,0.0,0,1,1,21-25
4377,7,Blue One L,5000,2,North West,Male,22,0,180,0.2857142857142857,10000,0,1,21-25
4378,7,Blue One L,5000,2,North,Male,25,0,179,0.2857142857142857,10000,0,1,21-25
4379,7,Blue One L,5000,2,North West,Female,25,1,183,0.2857142857142857,10000,0,1,21-25
4380,7,Blue One L,5000,2,Centre,Male,25,0,180,0.2857142857142857,10000,0,1,21-25
4381,7,Blue One L,5000,3,Far North,Female,24,0,180,0.42857142857142855,15000,0,1,21-25
4382,7,Blue One L,5000,2,East,Female,25,0,181,0.2857142857142857,10000,0,1,21-25
4383,7,Blue One L,5000,0,North,Female,22,1,180,0.0,0,1,1,21-25
4384,7,Blue One L,5000,2,Centre,Female,22,1,180,0.2857142857142857,10000,0,1,21-25
4385,7,Blue One L,5000,2,West,Male,23,1,182,0.2857142857142857,10000,0,1,21-25
4386,7,Blue One L,5000,0,North West,Female,24,1,180,0.0,0,1,1,21-25
4387,7,Blue One L,5000,2,West,Female,26,1,181,0.2857142857142857,10000,0,1,26-30
4388,7,Blue One L,5000,0,West,Female,25,1,184,0.0,0,1,1,21-25
4389,7,Blue One L,5000,2,Littoral,Female,29,0,184,0.2857142857142857,10000,0,1,26-30
4390,7,Blue One L,5000,2,East,Female,27,1,172,0.2857142857142857,10000,0,2,26-30
4391,7,Blue One L,5000,3,East,Female,29,0,178,0.42857142857142855,15000,0,1,26-30
4392,7,Blue One L,5000,3,East,Male,22,0,182,0.42857142857142855,15000,0,1,21-25
4393,7,Blue One L,5000,2,East,Female,27,0,185,0.2857142857142857,10000,0,1,26-30
4394,7,Blue One L,5000,3,Far North,Female,28,0,186,0.42857142857142855,15000,0,1,26-30
4395,7,Blue One L,5000,3,Adamawa,Female,27,0,186,0.42857142857142855,15000,0,1,26-30
4396,7,Blue One L,5000,0,Far North,Female,25,1,186,0.0,0,1,1,21-25
4397,7,Blue One L,5000,2,East,Male,32,1,183,0.2857142857142857,10000,0,1,>30
4398,7,Blue One L,5000,3,Adamawa,Male,30,0,178,0.42857142857142855,15000,0,1,26-30
4399,7,Blue One L,5000,3,Adamawa,Female,21,0,185,0.42857142857142855,15000,0,1,21-25
4400,7,Blue One L,5000,2,Littoral,Female,29,0,185,0.2857142857142857,10000,0,1,26-30
4401,7,Blue One L,5000,2,South,Male,30,0,186,0.2857142857142857,10000,0,1,26-30
4402,7,Blue One L,5000,2,Littoral,Male,24,1,186,0.2857142857142857,10000,0,1,21-25
4403,7,Blue One L,5000,0,Far North,Male,25,1,187,0.0,0,1,1,21-25
4404,7,Blue One L,5000,0,South,Male,24,1,187,0.0,0,1,1,21-25
4405,7,Blue One L,5000,2,North West,Female,23,0,185,0.2857142857142857,10000,0,1,21-25
4406,7,Blue One L,5000,2,East,Male,28,0,186,0.2857142857142857,10000,0,1,26-30
4407,7,Blue One L,5000,3,North,Male,26,0,186,0.42857142857142855,15000,0,1,26-30
4408,7,Blue One L,5000,0,South,Female,27,1,186,0.0,0,1,1,26-30
4409,7,Blue One L,5000,2,Centre,Female,29,1,187,0.2857142857142857,10000,0,1,26-30
4410,7,Blue One L,5000,3,Centre,Female,25,0,188,0.42857142857142855,15000,0,1,21-25
4411,7,Blue One L,5000,3,Adamawa,Female,25,0,178,0.42857142857142855,15000,0,1,21-25
4412,7,Blue One L,5000,2,East,Female,26,1,186,0.2857142857142857,10000,0,1,26-30
4413,7,Blue One L,5000,3,East,Female,25,0,186,0.42857142857142855,15000,0,1,21-25
4414,7,Blue One L,5000,2,North,Male,20,1,187,0.2857142857142857,10000,0,1,<=20
4415,7,Blue One L,5000,2,Far North,Female,26,1,187,0.2857142857142857,10000,0,1,26-30
4416,7,Blue One L,5000,2,Centre,Male,30,1,187,0.2857142857142857,10000,0,1,26-30
4417,7,Blue One L,5000,2,West,Female,28,0,187,0.2857142857142857,10000,0,1,26-30
4418,7,Blue One L,5000,0,North West,Female,27,1,186,0.0,0,1,1,26-30
4419,7,Blue One L,5000,2,East,Male,25,0,179,0.2857142857142857,10000,0,1,21-25
4420,7,Blue One L,5000,2,South,Female,28,1,179,0.2857142857142857,10000,0,1,26-30
4421,7,Blue One L,5000,0,Far North,Female,31,1,179,0.0,0,1,1,>30
4422,6,Blue One M,3000,3,Far North,Female,26,0,163,0.5,9000,0,2,26-30
4423,6,Blue One M,3000,2,Littoral,Female,23,0,153,0.3333333333333333,6000,0,2,21-25
4424,6,Blue One M,3000,2,East,Female,26,0,154,0.3333333333333333,6000,0,2,26-30
4425,6,Blue One M,3000,2,North,Male,24,0,157,0.3333333333333333,6000,0,2,21-25
4426,6,Blue One M,3000,2,Centre,Male,26,0,151,0.3333333333333333,6000,0,2,26-30
4427,6,Blue One M,3000,3,Centre,Female,25,0,151,0.5,9000,0,2,21-25
4428,6,Blue One M,3000,3,Centre,Female,22,0,151,0.5,9000,0,2,21-25
4429,6,Blue One M,3000,2,West,Female,27,0,161,0.3333333333333333,6000,0,2,26-30
4430,7,Blue One L,5000,0,South,Male,30,1,165,0.0,0,1,2,26-30
4431,6,Blue One M,3000,0,West,Female,30,1,155,0.0,0,1,2,26-30
4432,6,Blue One M,3000,0,West,Male,22,1,160,0.0,0,1,2,21-25
4433,6,Blue One M,3000,3,Adamawa,Female,28,0,160,0.5,9000,0,2,26-30
4434,6,Blue One M,3000,3,North West,Female,25,0,137,0.5,9000,0,3,21-25
4435,6,Blue One M,3000,0,East,Male,28,1,157,0.0,0,1,2,26-30
4436,6,Blue One M,3000,2,South West,Female,19,0,154,0.3333333333333333,6000,0,2,<=20
4437,6,Blue One M,3000,0,East,Female,25,1,154,0.0,0,1,2,21-25
4438,5,Blue One M,3000,2,North West,Male,21,0,123,0.4,6000,0,3,21-25
4439,6,Blue One M,3000,3,Littoral,Male,24,0,157,0.5,9000,0,2,21-25
4440,7,Blue One L,5000,3,East,Female,30,0,167,0.42857142857142855,15000,0,2,26-30
4441,6,Blue One M,3000,0,Adamawa,Male,25,1,164,0.0,0,1,2,21-25
4442,7,Blue One L,5000,2,North West,Male,30,0,167,0.2857142857142857,10000,0,2,26-30
4443,6,Blue One M,3000,2,South,Male,23,0,154,0.3333333333333333,6000,0,2,21-25
4444,6,Blue One M,3000,0,South West,Female,24,1,147,0.0,0,1,3,21-25
4445,6,Blue One M,3000,2,North West,Male,22,1,155,0.3333333333333333,6000,0,2,21-25
4446,6,Blue One M,3000,3,Littoral,Male,22,0,161,0.5,9000,0,2,21-25
4447,6,Blue One M,3000,0,Centre,Female,29,1,161,0.0,0,1,2,26-30
4448,6,Blue One M,3000,2,West,Female,28,0,143,0.3333333333333333,6000,0,3,26-30
4449,6,Blue One M,3000,3,North West,Female,23,0,161,0.5,9000,0,2,21-25
4450,7,Blue One L,5000,2,South,Male,23,1,171,0.2857142857142857,10000,0,2,21-25
4451,7,Blue One L,5000,0,West,Male,27,1,166,0.0,0,1,2,26-30
4452,7,Blue One L,5000,2,South West,Male,29,0,166,0.2857142857142857,10000,0,2,26-30
4453,7,Blue One L,5000,0,East,Male,27,1,168,0.0,0,1,2,26-30
4454,7,Blue One L,5000,0,Adamawa,Female,23,1,165,0.0,0,1,2,21-25
4455,7,Blue One L,5000,3,Centre,Male,21,0,165,0.42857142857142855,15000,0,2,21-25
4456,7,Blue One L,5000,2,East,Male,27,0,169,0.2857142857142857,10000,0,2,26-30
4457,6,Blue One M,3000,2,Littoral,Male,25,1,163,0.3333333333333333,6000,0,2,21-25
4458,6,Blue One M,3000,2,South,Male,24,0,163,0.3333333333333333,6000,0,2,21-25
4459,6,Blue One M,3000,0,North West,Female,24,1,163,0.0,0,1,2,21-25
4460,6,Blue One M,3000,3,East,Male,23,0,163,0.5,9000,0,2,21-25
4461,7,Blue One L,5000,0,Centre,Female,26,1,182,0.0,0,1,1,26-30
4462,5,Blue One M,3000,0,East,Male,27,1,110,0.0,0,1,4,26-30
4463,6,Blue One M,3000,3,Adamawa,Female,26,0,140,0.5,9000,0,3,26-30
4464,6,Blue One M,3000,0,North,Male,21,1,161,0.0,0,1,2,21-25
4465,7,Blue One L,5000,0,Centre,Male,26,1,181,0.0,0,1,1,26-30
4466,7,Blue One L,5000,3,West,Female,26,0,180,0.42857142857142855,15000,0,1,26-30
4467,7,Blue One L,5000,2,Adamawa,Female,32,0,165,0.2857142857142857,10000,0,2,>30
4468,7,Blue One L,5000,0,Adamawa,Female,24,1,171,0.0,0,1,2,21-25
4469,6,Blue One M,3000,2,North West,Male,24,1,139,0.3333333333333333,6000,0,3,21-25
4470,7,Blue One L,5000,0,East,Female,21,1,181,0.0,0,1,1,21-25
4471,7,Blue One L,5000,3,West,Female,28,0,168,0.42857142857142855,15000,0,2,26-30
4472,7,Blue One L,5000,3,West,Male,25,0,173,0.42857142857142855,15000,0,2,21-25
4474,3,Blue One S,2000,1,Littoral,Male,22,0,74,0.3333333333333333,2000,0,5,21-25
4475,6,Blue One M,3000,2,South,Female,27,1,138,0.3333333333333333,6000,0,3,26-30
4476,7,Blue One L,5000,3,Adamawa,Female,28,0,168,0.42857142857142855,15000,0,2,26-30
4477,6,Blue One M,3000,3,South West,Female,25,0,151,0.5,9000,0,2,21-25
4478,7,Blue One L,5000,3,West,Female,28,0,171,0.42857142857142855,15000,0,2,26-30
4479,4,Blue One M,3000,2,Far North,Male,26,1,94,0.5,6000,0,4,26-30
4480,7,Blue One L,5000,3,South,Female,25,0,179,0.42857142857142855,15000,0,1,21-25
4481,7,Blue One L,5000,3,East,Female,32,0,172,0.42857142857142855,15000,0,2,>30
4482,4,Blue One M,3000,2,Littoral,Male,25,1,83,0.5,6000,0,5,21-25
4483,4,Blue One M,3000,2,North,Male,25,0,100,0.5,6000,0,4,21-25
4484,5,Blue One M,3000,2,North West,Male,23,1,122,0.4,6000,0,3,21-25
4485,6,Blue One M,3000,0,Littoral,Male,20,1,142,0.0,0,1,3,<=20
4486,7,Blue One L,5000,3,West,Female,26,0,167,0.42857142857142855,15000,0,2,26-30
4487,6,Blue One M,3000,2,South West,Female,21,0,153,0.3333333333333333,6000,0,2,21-25
4488,7,Blue One L,5000,2,South,Male,25,1,178,0.2857142857142857,10000,0,1,21-25
4489,7,Blue One L,5000,2,North,Female,25,1,179,0.2857142857142857,10000,0,1,21-25
4490,7,Blue One L,5000,2,Adamawa,Female,25,0,172,0.2857142857142857,10000,0,2,21-25
4491,6,Blue One M,3000,0,West,Male,26,1,152,0.0,0,1,2,26-30
4492,7,Blue One L,5000,0,North West,Male,27,1,177,0.0,0,1,2,26-30
4493,7,Blue One L,5000,2,Centre,Male,24,1,178,0.2857142857142857,10000,0,1,21-25
4494,7,Blue One L,5000,2,South,Female,26,1,175,0.2857142857142857,10000,0,2,26-30
4495,6,Blue One M,3000,3,West,Female,24,0,153,0.5,9000,0,2,21-25
4496,6,Blue One M,3000,3,Littoral,Female,26,0,154,0.5,9000,0,2,26-30
4497,6,Blue One M,3000,2,Centre,Male,26,1,152,0.3333333333333333,6000,0,2,26-30
4498,6,Blue One M,3000,0,South,Male,23,1,154,0.0,0,1,2,21-25
4499,6,Blue One M,3000,3,North,Female,23,0,150,0.5,9000,0,2,21-25
4500,6,Blue One M,3000,2,East,Male,27,1,145,0.3333333333333333,6000,0,3,26-30
4501,6,Blue One M,3000,0,West,Female,24,1,144,0.0,0,1,3,21-25
4502,6,Blue One M,3000,0,South,Male,21,1,145,0.0,0,1,3,21-25
4503,5,Blue One M,3000,2,South,Male,24,1,129,0.4,6000,0,3,21-25
4504,6,Blue One M,3000,2,East,Female,24,0,147,0.3333333333333333,6000,0,3,21-25
4505,6,Blue One M,3000,0,Far North,Female,26,1,145,0.0,0,1,3,26-30
4506,5,Blue One M,3000,3,East,Female,20,0,124,0.6,9000,0,3,<=20
4507,6,Blue One M,3000,3,South,Female,24,0,143,0.5,9000,0,3,21-25
4508,6,Blue One M,3000,0,West,Male,23,1,136,0.0,0,1,3,21-25
4509,6,Blue One M,3000,2,Adamawa,Male,23,1,156,0.3333333333333333,6000,0,2,21-25
4510,5,Blue One M,3000,2,Littoral,Male,26,0,112,0.4,6000,0,4,26-30
4511,5,Blue One M,3000,0,Littoral,Male,20,1,129,0.0,0,1,3,<=20
4512,5,Blue One M,3000,2,North,Male,24,0,126,0.4,6000,0,3,21-25
4513,6,Blue One M,3000,2,Far North,Male,25,1,150,0.3333333333333333,6000,0,2,21-25
4514,6,Blue One M,3000,3,North West,Female,26,0,150,0.5,9000,0,2,26-30
4515,6,Blue One M,3000,3,Far North,Male,23,0,146,0.5,9000,0,3,21-25
4516,6,Blue One M,3000,3,Far North,Male,21,0,143,0.5,9000,0,3,21-25
4517,6,Blue One M,3000,0,Centre,Female,22,1,141,0.0,0,1,3,21-25
4518,6,Blue One M,3000,2,South,Male,29,1,151,0.3333333333333333,6000,0,2,26-30
4519,6,Blue One M,3000,2,Littoral,Female,27,1,138,0.3333333333333333,6000,0,3,26-30
4520,6,Blue One M,3000,0,Centre,Male,20,1,138,0.0,0,1,3,<=20
4521,4,Blue One M,3000,0,Littoral,Male,26,1,98,0.0,0,1,4,26-30
4522,4,Blue One M,3000,2,North,Male,23,0,96,0.5,6000,0,4,21-25
4523,4,Blue One M,3000,2,West,Female,26,1,95,0.5,6000,0,4,26-30
4524,4,Blue One M,3000,3,Littoral,Male,29,0,91,0.75,9000,0,4,26-30
4525,4,Blue One M,3000,2,Adamawa,Male,23,0,90,0.5,6000,0,4,21-25
4526,4,Blue One M,3000,2,Centre,Male,20,0,90,0.5,6000,0,4,<=20
4527,4,Blue One M,3000,2,West,Female,25,0,80,0.5,6000,0,5,21-25
4528,4,Blue One M,3000,3,Littoral,Male,22,0,76,0.75,9000,0,5,21-25
4532,4,Blue One M,3000,3,Adamawa,Male,23,0,85,0.75,9000,0,5,21-25
4533,6,Blue One M,3000,0,South West,Female,31,1,138,0.0,0,1,3,>30
4534,4,Blue One M,3000,2,Adamawa,Male,24,1,86,0.5,6000,0,5,21-25
4535,5,Blue One M,3000,0,Littoral,Female,26,1,125,0.0,0,1,3,26-30
4536,5,Blue One M,3000,0,East,Male,21,1,125,0.0,0,1,3,21-25
4537,7,Blue One L,5000,2,Far North,Male,27,0,168,0.2857142857142857,10000,0,2,26-30
4538,6,Blue One M,3000,2,Centre,Male,24,1,161,0.3333333333333333,6000,0,2,21-25
4539,7,Blue One L,5000,2,South West,Female,25,1,171,0.2857142857142857,10000,0,2,21-25
4540,7,Blue One L,5000,0,South,Female,23,1,181,0.0,0,1,1,21-25
4541,7,Blue One L,5000,3,South West,Female,22,0,180,0.42857142857142855,15000,0,1,21-25
4542,7,Blue One L,5000,0,Littoral,Male,21,1,175,0.0,0,1,2,21-25
4543,7,Blue One L,5000,2,South West,Male,26,0,182,0.2857142857142857,10000,0,1,26-30
4544,7,Blue One L,5000,0,East,Male,30,1,166,0.0,0,1,2,26-30
4545,7,Blue One L,5000,2,Far North,Female,26,0,170,0.2857142857142857,10000,0,2,26-30
4546,7,Blue One L,5000,0,North West,Female,26,1,164,0.0,0,1,2,26-30
4547,7,Blue One L,5000,3,East,Male,25,0,182,0.42857142857142855,15000,0,1,21-25
4548,7,Blue One L,5000,0,North,Male,31,1,179,0.0,0,1,1,>30
4549,7,Blue One L,5000,3,Far North,Male,25,0,179,0.42857142857142855,15000,0,1,21-25
4550,7,Blue One L,5000,3,Far North,Female,26,0,171,0.42857142857142855,15000,0,2,26-30
4551,7,Blue One L,5000,2,South West,Female,27,0,171,0.2857142857142857,10000,0,2,26-30
4552,7,Blue One L,5000,2,North West,Male,27,1,179,0.2857142857142857,10000,0,1,26-30
4553,7,Blue One L,5000,3,Centre,Female,28,0,182,0.42857142857142855,15000,0,1,26-30
4554,7,Blue One L,5000,0,South West,Male,19,1,180,0.0,0,1,1,<=20
4555,7,Blue One L,5000,2,Adamawa,Female,31,0,180,0.2857142857142857,10000,0,1,>30
4556,7,Blue One L,5000,2,North,Male,29,1,181,0.2857142857142857,10000,0,1,26-30
4557,7,Blue One L,5000,0,East,Female,25,1,181,0.0,0,1,1,21-25
4558,7,Blue One L,5000,3,South,Female,30,0,181,0.42857142857142855,15000,0,1,26-30
4559,7,Blue One L,5000,2,South,Female,25,0,181,0.2857142857142857,10000,0,1,21-25
4560,5,Blue One M,3000,3,South West,Female,21,0,111,0.6,9000,0,4,21-25
4561,7,Blue One L,5000,2,Centre,Female,27,1,180,0.2857142857142857,10000,0,1,26-30
4562,7,Blue One L,5000,2,Far North,Male,29,0,180,0.2857142857142857,10000,0,1,26-30
4563,6,Blue One M,3000,2,West,Female,21,1,154,0.3333333333333333,6000,0,2,21-25
4564,5,Blue One M,3000,2,South,Female,29,1,124,0.4,6000,0,3,26-30
4565,6,Blue One M,3000,2,North West,Female,31,0,162,0.3333333333333333,6000,0,2,>30
4566,7,Blue One L,5000,2,South,Male,26,0,179,0.2857142857142857,10000,0,1,26-30
4567,7,Blue One L,5000,3,North West,Female,26,0,177,0.42857142857142855,15000,0,2,26-30
4568,7,Blue One L,5000,0,Far North,Male,23,1,179,0.0,0,1,1,21-25
4569,7,Blue One L,5000,3,Littoral,Male,23,0,170,0.42857142857142855,15000,0,2,21-25
4570,7,Blue One L,5000,0,South West,Male,28,1,167,0.0,0,1,2,26-30
4571,7,Blue One L,5000,3,West,Male,28,0,178,0.42857142857142855,15000,0,1,26-30
4572,7,Blue One L,5000,0,North West,Female,27,1,175,0.0,0,1,2,26-30
4573,7,Blue One L,5000,2,Adamawa,Female,25,1,175,0.2857142857142857,10000,0,2,21-25
4574,7,Blue One L,5000,2,Adamawa,Female,26,1,166,0.2857142857142857,10000,0,2,26-30
4575,7,Blue One L,5000,0,Centre,Female,24,1,171,0.0,0,1,2,21-25
4576,7,Blue One L,5000,2,Centre,Female,30,0,171,0.2857142857142857,10000,0,2,26-30
4577,7,Blue One L,5000,2,East,Female,23,1,171,0.2857142857142857,10000,0,2,21-25
4578,6,Blue One M,3000,2,South,Female,30,1,137,0.3333333333333333,6000,0,3,26-30
4580,5,Blue One M,3000,3,North,Female,23,0,130,0.6,9000,0,3,21-25
4581,5,Blue One M,3000,2,South,Male,23,0,111,0.4,6000,0,4,21-25
4582,6,Blue One M,3000,3,Littoral,Female,26,0,148,0.5,9000,0,3,26-30
4583,6,Blue One M,3000,3,Adamawa,Male,31,0,142,0.5,9000,0,3,>30
4584,7,Blue One L,5000,2,Far North,Female,31,1,166,0.2857142857142857,10000,0,2,>30
4585,5,Blue One M,3000,2,North,Male,20,0,122,0.4,6000,0,3,<=20
4586,6,Blue One M,3000,0,South West,Female,31,1,158,0.0,0,1,2,>30
4587,6,Blue One M,3000,2,North West,Male,30,0,149,0.3333333333333333,6000,0,3,26-30
4588,6,Blue One M,3000,2,Littoral,Male,27,0,140,0.3333333333333333,6000,0,3,26-30
4590,6,Blue One M,3000,3,South West,Male,25,0,146,0.5,9000,0,3,21-25
4591,7,Blue One L,5000,3,South West,Male,28,0,168,0.42857142857142855,15000,0,2,26-30
4592,7,Blue One L,5000,2,East,Male,26,0,167,0.2857142857142857,10000,0,2,26-30
4595,6,Blue One M,3000,2,Littoral,Female,23,1,147,0.3333333333333333,6000,0,3,21-25
4596,5,Blue One M,3000,0,Littoral,Female,25,1,131,0.0,0,1,3,21-25
4597,6,Blue One M,3000,2,North,Male,25,0,162,0.3333333333333333,6000,0,2,21-25
4598,6,Blue One M,3000,2,Adamawa,Male,25,0,139,0.3333333333333333,6000,0,3,21-25
4599,6,Blue One M,3000,0,West,Female,30,1,150,0.0,0,1,2,26-30
4600,6,Blue One M,3000,2,East,Male,19,0,152,0.3333333333333333,6000,0,2,<=20
4601,6,Blue One M,3000,2,Far North,Male,22,1,152,0.3333333333333333,6000,0,2,21-25
4602,6,Blue One M,3000,2,South,Female,26,1,160,0.3333333333333333,6000,0,2,26-30
4603,6,Blue One M,3000,0,West,Male,27,1,153,0.0,0,1,2,26-30
4604,6,Blue One M,3000,3,North,Male,22,0,157,0.5,9000,0,2,21-25
4605,5,Blue One M,3000,2,West,Male,24,0,110,0.4,6000,0,4,21-25
4606,5,Blue One M,3000,0,North West,Male,21,1,110,0.0,0,1,4,21-25
4607,6,Blue One M,3000,2,North West,Male,21,0,143,0.3333333333333333,6000,0,3,21-25
4608,6,Blue One M,3000,0,Far North,Male,23,1,145,0.0,0,1,3,21-25
4609,4,Blue One M,3000,3,Littoral,Male,23,0,91,0.75,9000,0,4,21-25
4610,6,Blue One M,3000,3,East,Female,28,0,146,0.5,9000,0,3,26-30
4611,6,Blue One M,3000,2,East,Male,27,1,148,0.3333333333333333,6000,0,3,26-30
4612,6,Blue One M,3000,2,Centre,Female,26,1,164,0.3333333333333333,6000,0,2,26-30
4613,6,Blue One M,3000,3,Littoral,Male,29,0,160,0.5,9000,0,2,26-30
4614,6,Blue One M,3000,2,West,Female,25,0,163,0.3333333333333333,6000,0,2,21-25
4615,6,Blue One M,3000,0,North West,Male,24,1,145,0.0,0,1,3,21-25
4616,6,Blue One M,3000,3,West,Female,24,0,154,0.5,9000,0,2,21-25
4617,6,Blue One M,3000,2,Far North,Female,21,0,150,0.3333333333333333,6000,0,2,21-25
4620,7,Blue One L,5000,2,West,Male,30,1,172,0.2857142857142857,10000,0,2,26-30
4623,5,Blue One M,3000,2,South,Female,23,1,112,0.4,6000,0,4,21-25
4624,8,Blue One L,5000,0,Centre,Male,25,1,203,0.0,0,1,1,21-25
4626,4,Blue One M,3000,2,Far North,Male,30,0,99,0.5,6000,0,4,26-30
4627,5,Blue One M,3000,2,East,Female,26,1,123,0.4,6000,0,3,26-30
4628,5,Blue One M,3000,0,East,Male,22,1,109,0.0,0,1,4,21-25
4629,7,Blue One L,5000,2,Adamawa,Male,27,0,186,0.2857142857142857,10000,0,1,26-30
4630,7,Blue One L,5000,0,Centre,Male,25,1,186,0.0,0,1,1,21-25
4631,7,Blue One L,5000,0,North West,Female,29,1,181,0.0,0,1,1,26-30
4632,5,Blue One M,3000,2,West,Female,21,1,112,0.4,6000,0,4,21-25
4633,8,Blue One L,5000,2,Centre,Male,27,1,199,0.25,10000,0,1,26-30
4634,7,Blue One L,5000,2,Centre,Female,25,0,171,0.2857142857142857,10000,0,2,21-25
4635,7,Blue One L,5000,2,North,Male,22,0,175,0.2857142857142857,10000,0,2,21-25
4636,7,Blue One L,5000,0,Littoral,Male,22,1,181,0.0,0,1,1,21-25
4637,7,Blue One L,5000,2,Centre,Female,27,1,181,0.2857142857142857,10000,0,1,26-30
4639,6,Blue One M,3000,2,Centre,Female,32,0,147,0.3333333333333333,6000,0,3,>30
4641,7,Blue One L,5000,2,Littoral,Female,26,0,166,0.2857142857142857,10000,0,2,26-30
4642,8,Blue One L,5000,0,East,Female,27,1,199,0.0,0,1,1,26-30
4643,7,Blue One L,5000,2,East,Female,30,1,181,0.2857142857142857,10000,0,1,26-30
4644,7,Blue One L,5000,2,South,Male,23,0,194,0.2857142857142857,10000,0,1,21-25
4645,6,Blue One M,3000,2,North West,Male,25,0,155,0.3333333333333333,6000,0,2,21-25
4646,4,Blue One M,3000,3,North,Male,21,0,97,0.75,9000,0,4,21-25
4648,6,Blue One M,3000,0,North,Male,29,1,147,0.0,0,1,3,26-30
4649,7,Blue One L,5000,2,Far North,Male,27,1,194,0.2857142857142857,10000,0,1,26-30
4650,7,Blue One L,5000,2,South,Male,29,1,186,0.2857142857142857,10000,0,1,26-30
4651,7,Blue One L,5000,3,North West,Female,26,0,186,0.42857142857142855,15000,0,1,26-30
4652,6,Blue One M,3000,2,East,Female,25,0,146,0.3333333333333333,6000,0,3,21-25
4653,4,Blue One M,3000,3,North West,Female,23,0,85,0.75,9000,0,5,21-25
4654,4,Blue One M,3000,2,South,Female,22,0,75,0.5,6000,0,5,21-25
4655,8,Blue One L,5000,2,West,Male,21,1,203,0.25,10000,0,1,21-25
4656,7,Blue One L,5000,3,East,Male,25,0,192,0.42857142857142855,15000,0,1,21-25
4657,7,Blue One L,5000,0,South West,Male,24,1,193,0.0,0,1,1,21-25
4658,7,Blue One L,5000,3,North,Male,27,0,187,0.42857142857142855,15000,0,1,26-30
4659,7,Blue One L,5000,3,South,Female,30,0,173,0.42857142857142855,15000,0,2,26-30
4660,6,Blue One M,3000,2,Adamawa,Male,28,0,140,0.3333333333333333,6000,0,3,26-30
4661,6,Blue One M,3000,3,Littoral,Female,23,0,147,0.5,9000,0,3,21-25
4662,6,Blue One M,3000,2,East,Male,23,1,147,0.3333333333333333,6000,0,3,21-25
4663,6,Blue One M,3000,3,South,Male,24,0,150,0.5,9000,0,2,21-25
4664,6,Blue One M,3000,2,Centre,Male,27,0,150,0.3333333333333333,6000,0,2,26-30
4665,7,Blue One L,5000,0,South West,Male,31,1,178,0.0,0,1,2,>30
4666,7,Blue One L,5000,2,Littoral,Male,31,0,182,0.2857142857142857,10000,0,1,>30
4667,4,Blue One M,3000,2,Littoral,Female,21,1,91,0.5,6000,0,4,21-25
4668,7,Blue One L,5000,0,Adamawa,Male,25,1,184,0.0,0,1,1,21-25
4669,6,Blue One M,3000,0,Centre,Female,27,1,164,0.0,0,1,2,26-30
4670,7,Blue One L,5000,3,South West,Female,24,0,167,0.42857142857142855,15000,0,2,21-25
4672,4,Blue One M,3000,2,West,Male,21,1,97,0.5,6000,0,4,21-25
4673,4,Blue One M,3000,3,East,Female,21,0,77,0.75,9000,0,5,21-25
4675,7,Blue One L,5000,0,Adamawa,Female,27,1,174,0.0,0,1,2,26-30
4676,7,Blue One L,5000,3,North West,Male,31,0,166,0.42857142857142855,15000,0,2,>30
4677,8,Blue One L,5000,2,Adamawa,Male,26,0,198,0.25,10000,0,1,26-30
4678,7,Blue One L,5000,0,West,Female,27,1,189,0.0,0,1,1,26-30
4679,7,Blue One L,5000,3,Adamawa,Female,30,0,194,0.42857142857142855,15000,0,1,26-30
4680,8,Blue One L,5000,0,West,Male,25,1,195,0.0,0,1,1,21-25
4681,8,Blue One L,5000,0,South,Male,22,1,195,0.0,0,1,1,21-25
4682,7,Blue One L,5000,3,Littoral,Male,26,0,179,0.42857142857142855,15000,0,1,26-30
4683,7,Blue One L,5000,2,South West,Female,26,1,184,0.2857142857142857,10000,0,1,26-30
4684,7,Blue One L,5000,2,Centre,Male,30,0,189,0.2857142857142857,10000,0,1,26-30
4685,7,Blue One L,5000,2,Littoral,Female,26,0,191,0.2857142857142857,10000,0,1,26-30
4686,7,Blue One L,5000,3,North,Female,29,0,193,0.42857142857142855,15000,0,1,26-30
4687,7,Blue One L,5000,2,East,Male,23,0,174,0.2857142857142857,10000,0,2,21-25
4689,6,Blue One M,3000,2,South,Female,26,0,157,0.3333333333333333,6000,0,2,26-30
4692,4,Blue One M,3000,2,North,Male,17,0,94,0.5,6000,0,4,<=20
4693,6,Blue One M,3000,3,East,Male,26,0,151,0.5,9000,0,2,26-30
4694,4,Blue One M,3000,3,North,Male,27,0,86,0.75,9000,0,5,26-30
4696,4,Blue One M,3000,3,Littoral,Female,27,0,102,0.75,9000,0,4,26-30
4697,6,Blue One M,3000,0,Far North,Male,27,1,153,0.0,0,1,2,26-30
4698,7,Blue One L,5000,3,West,Male,27,0,174,0.42857142857142855,15000,0,2,26-30
4699,7,Blue One L,5000,3,Far North,Female,25,0,165,0.42857142857142855,15000,0,2,21-25
4700,7,Blue One L,5000,2,South West,Female,26,0,165,0.2857142857142857,10000,0,2,26-30
4701,7,Blue One L,5000,3,Centre,Female,27,0,172,0.42857142857142855,15000,0,2,26-30
4702,7,Blue One L,5000,2,East,Female,24,1,181,0.2857142857142857,10000,0,1,21-25
4703,7,Blue One L,5000,3,South West,Male,23,0,184,0.42857142857142855,15000,0,1,21-25
4704,7,Blue One L,5000,3,Adamawa,Female,26,0,173,0.42857142857142855,15000,0,2,26-30
4705,7,Blue One L,5000,3,Littoral,Female,29,0,185,0.42857142857142855,15000,0,1,26-30
4706,7,Blue One L,5000,2,South,Male,29,0,166,0.2857142857142857,10000,0,2,26-30
4707,8,Blue One L,5000,3,Centre,Female,32,0,195,0.375,15000,0,1,>30
4708,7,Blue One L,5000,0,East,Female,30,1,193,0.0,0,1,1,26-30
4709,7,Blue One L,5000,2,North,Male,25,0,193,0.2857142857142857,10000,0,1,21-25
4710,4,Blue One M,3000,2,East,Female,25,0,84,0.5,6000,0,5,21-25
4711,4,Blue One M,3000,3,Centre,Male,25,0,93,0.75,9000,0,4,21-25
4713,4,Blue One M,3000,2,Centre,Female,26,0,80,0.5,6000,0,5,26-30
4714,3,Blue One S,2000,1,Far North,Male,26,0,61,0.3333333333333333,2000,0,5,26-30
4715,4,Blue One M,3000,2,North,Male,28,0,81,0.5,6000,0,5,26-30
4718,5,Blue One M,3000,3,Adamawa,Male,21,0,111,0.6,9000,0,4,21-25
4720,5,Blue One M,3000,2,North,Male,23,1,132,0.4,6000,0,3,21-25
4721,6,Blue One M,3000,2,South,Male,17,0,154,0.3333333333333333,6000,0,2,<=20
4722,5,Blue One M,3000,2,West,Male,20,0,131,0.4,6000,0,3,<=20
4723,8,Blue One L,5000,0,North,Female,28,1,202,0.0,0,1,1,26-30
4724,8,Blue One L,5000,2,North West,Male,25,1,201,0.25,10000,0,1,21-25
4725,8,Blue One L,5000,0,Far North,Male,30,1,199,0.0,0,1,1,26-30
4726,7,Blue One L,5000,2,West,Female,27,0,192,0.2857142857142857,10000,0,1,26-30
4727,7,Blue One L,5000,2,Centre,Male,27,1,186,0.2857142857142857,10000,0,1,26-30
4728,7,Blue One L,5000,0,North,Male,22,1,179,0.0,0,1,1,21-25
4729,7,Blue One L,5000,2,West,Male,28,1,173,0.2857142857142857,10000,0,2,26-30
4730,7,Blue One L,5000,2,North West,Female,27,1,170,0.2857142857142857,10000,0,2,26-30
4731,7,Blue One L,5000,0,South,Male,29,1,165,0.0,0,1,2,26-30
4732,6,Blue One M,3000,0,Littoral,Male,32,1,158,0.0,0,1,2,>30
4733,6,Blue One M,3000,2,North,Male,26,0,152,0.3333333333333333,6000,0,2,26-30
4734,6,Blue One M,3000,3,North,Female,24,0,145,0.5,9000,0,3,21-25
4735,6,Blue One M,3000,2,North West,Male,24,1,139,0.3333333333333333,6000,0,3,21-25
4736,8,Blue One L,5000,3,Far North,Female,25,0,207,0.375,15000,0,1,21-25
4737,8,Blue One L,5000,2,South,Female,28,1,199,0.25,10000,0,1,26-30
4738,6,Blue One M,3000,2,West,Male,29,0,150,0.3333333333333333,6000,0,2,26-30
4739,8,Blue One L,5000,0,West,Male,33,1,202,0.0,0,1,1,>30
4740,8,Blue One L,5000,2,West,Male,30,1,202,0.25,10000,0,1,26-30
4741,7,Blue One L,5000,3,Centre,Female,32,0,192,0.42857142857142855,15000,0,1,>30
4742,8,Blue One L,5000,0,North,Male,33,1,195,0.0,0,1,1,>30
4743,7,Blue One L,5000,3,East,Female,21,0,191,0.42857142857142855,15000,0,1,21-25
4744,7,Blue One L,5000,0,North West,Female,24,1,189,0.0,0,1,1,21-25
4745,7,Blue One L,5000,2,Littoral,Female,26,0,193,0.2857142857142857,10000,0,1,26-30
4746,8,Blue One L,5000,2,South,Female,28,1,198,0.25,10000,0,1,26-30
4747,8,Blue One L,5000,3,Far North,Male,27,0,201,0.375,15000,0,1,26-30
4748,7,Blue One L,5000,2,East,Female,26,0,177,0.2857142857142857,10000,0,2,26-30
4749,7,Blue One L,5000,2,North West,Female,26,1,177,0.2857142857142857,10000,0,2,26-30
4750,4,Blue One M,3000,3,South West,Female,21,0,103,0.75,9000,0,4,21-25
4753,6,Blue One M,3000,2,North,Male,26,1,159,0.3333333333333333,6000,0,2,26-30
4754,7,Blue One L,5000,0,West,Male,25,1,179,0.0,0,1,1,21-25
4755,8,Blue One L,5000,2,Centre,Female,33,0,201,0.25,10000,0,1,>30
4757,7,Blue One L,5000,3,West,Male,24,0,168,0.42857142857142855,15000,0,2,21-25
4758,7,Blue One L,5000,2,Adamawa,Female,30,0,183,0.2857142857142857,10000,0,1,26-30
4759,7,Blue One L,5000,3,Centre,Female,29,0,193,0.42857142857142855,15000,0,1,26-30
4760,8,Blue One L,5000,0,North West,Male,33,1,195,0.0,0,1,1,>30
4761,6,Blue One M,3000,2,Far North,Female,25,0,136,0.3333333333333333,6000,0,3,21-25
4762,5,Blue One M,3000,0,South,Male,26,1,116,0.0,0,1,4,26-30
4763,7,Blue One L,5000,2,Centre,Male,22,1,166,0.2857142857142857,10000,0,2,21-25
4764,7,Blue One L,5000,2,West,Female,21,0,166,0.2857142857142857,10000,0,2,21-25
4765,7,Blue One L,5000,3,Far North,Male,26,0,165,0.42857142857142855,15000,0,2,26-30
4766,6,Blue One M,3000,2,West,Male,32,1,164,0.3333333333333333,6000,0,2,>30
4767,6,Blue One M,3000,2,East,Female,26,1,145,0.3333333333333333,6000,0,3,26-30
4768,7,Blue One L,5000,2,West,Male,22,1,172,0.2857142857142857,10000,0,2,21-25
4769,7,Blue One L,5000,2,East,Male,21,1,175,0.2857142857142857,10000,0,2,21-25
4770,7,Blue One L,5000,0,Centre,Male,25,1,166,0.0,0,1,2,21-25
4771,7,Blue One L,5000,3,Centre,Female,23,0,180,0.42857142857142855,15000,0,1,21-25
4772,7,Blue One L,5000,2,North,Male,23,0,187,0.2857142857142857,10000,0,1,21-25
4773,7,Blue One L,5000,0,West,Male,27,1,187,0.0,0,1,1,26-30
4774,7,Blue One L,5000,3,North West,Male,24,0,173,0.42857142857142855,15000,0,2,21-25
4775,7,Blue One L,5000,0,Centre,Female,27,1,191,0.0,0,1,1,26-30
4776,7,Blue One L,5000,2,North,Male,28,0,187,0.2857142857142857,10000,0,1,26-30
4777,7,Blue One L,5000,2,South,Male,23,0,184,0.2857142857142857,10000,0,1,21-25
4778,7,Blue One L,5000,3,Centre,Female,25,0,191,0.42857142857142855,15000,0,1,21-25
4779,8,Blue One L,5000,2,Adamawa,Female,28,0,195,0.25,10000,0,1,26-30
4780,7,Blue One L,5000,0,South West,Male,27,1,193,0.0,0,1,1,26-30
4781,7,Blue One L,5000,0,North West,Male,26,1,191,0.0,0,1,1,26-30
4782,8,Blue One L,5000,2,East,Female,32,1,195,0.25,10000,0,1,>30
4783,7,Blue One L,5000,2,East,Male,26,1,190,0.2857142857142857,10000,0,1,26-30
4784,7,Blue One L,5000,3,Littoral,Male,24,0,193,0.42857142857142855,15000,0,1,21-25
4785,7,Blue One L,5000,0,South,Male,26,1,186,0.0,0,1,1,26-30
4786,7,Blue One L,5000,2,Adamawa,Male,28,1,191,0.2857142857142857,10000,0,1,26-30
4787,7,Blue One L,5000,2,North,Male,25,1,191,0.2857142857142857,10000,0,1,21-25
4788,7,Blue One L,5000,0,South,Male,26,1,175,0.0,0,1,2,26-30
4789,7,Blue One L,5000,2,South West,Male,30,1,181,0.2857142857142857,10000,0,1,26-30
4790,7,Blue One L,5000,2,Centre,Female,24,0,180,0.2857142857142857,10000,0,1,21-25
4791,7,Blue One L,5000,0,Littoral,Female,24,1,180,0.0,0,1,1,21-25
4792,7,Blue One L,5000,0,Centre,Female,33,1,188,0.0,0,1,1,>30
4793,7,Blue One L,5000,2,Far North,Male,29,0,190,0.2857142857142857,10000,0,1,26-30
4794,7,Blue One L,5000,0,East,Male,21,1,189,0.0,0,1,1,21-25
4795,7,Blue One L,5000,3,Far North,Male,26,0,189,0.42857142857142855,15000,0,1,26-30
4796,7,Blue One L,5000,2,East,Female,30,1,178,0.2857142857142857,10000,0,1,26-30
4797,7,Blue One L,5000,2,North,Male,24,1,185,0.2857142857142857,10000,0,1,21-25
4798,7,Blue One L,5000,2,Littoral,Female,25,0,187,0.2857142857142857,10000,0,1,21-25
4799,7,Blue One L,5000,0,Far North,Male,24,1,188,0.0,0,1,1,21-25
4800,7,Blue One L,5000,3,Centre,Female,31,0,188,0.42857142857142855,15000,0,1,>30
4801,7,Blue One L,5000,0,South,Female,21,1,182,0.0,0,1,1,21-25
4802,5,Blue One M,3000,3,South,Female,25,0,119,0.6,9000,0,4,21-25
4803,5,Blue One M,3000,0,Littoral,Male,24,1,125,0.0,0,1,3,21-25
4806,5,Blue One M,3000,3,West,Female,23,0,122,0.6,9000,0,3,21-25
4807,5,Blue One M,3000,2,South West,Female,22,0,115,0.4,6000,0,4,21-25
4810,4,Blue One M,3000,2,North,Male,20,0,104,0.5,6000,0,4,<=20
4811,4,Blue One M,3000,0,Littoral,Male,33,1,90,0.0,0,1,4,>30
4812,4,Blue One M,3000,3,South West,Male,28,0,82,0.75,9000,0,5,26-30
4813,4,Blue One M,3000,2,Littoral,Male,27,0,82,0.5,6000,0,5,26-30
4814,6,Blue One M,3000,0,Centre,Female,26,1,136,0.0,0,1,3,26-30
4815,5,Blue One M,3000,2,Centre,Female,23,0,128,0.4,6000,0,3,21-25
4816,5,Blue One M,3000,2,East,Female,23,1,125,0.4,6000,0,3,21-25
4817,5,Blue One M,3000,0,Far North,Female,19,1,124,0.0,0,1,3,<=20
4818,5,Blue One M,3000,2,West,Female,30,0,122,0.4,6000,0,3,26-30
4819,5,Blue One M,3000,2,North West,Female,24,1,118,0.4,6000,0,4,21-25
4820,6,Blue One M,3000,2,North West,Male,27,1,145,0.3333333333333333,6000,0,3,26-30
4821,6,Blue One M,3000,3,Adamawa,Male,29,0,153,0.5,9000,0,2,26-30
4822,5,Blue One M,3000,3,Adamawa,Female,27,0,111,0.6,9000,0,4,26-30
4823,4,Blue One M,3000,3,East,Male,24,0,97,0.75,9000,0,4,21-25
4824,4,Blue One M,3000,3,West,Male,20,0,103,0.75,9000,0,4,<=20
4825,4,Blue One M,3000,2,Adamawa,Male,21,0,104,0.5,6000,0,4,21-25
4826,4,Blue One M,3000,2,Centre,Female,25,0,86,0.5,6000,0,5,21-25
4827,4,Blue One M,3000,0,Far North,Male,27,1,102,0.0,0,1,4,26-30
4828,5,Blue One M,3000,0,Far North,Female,25,1,108,0.0,0,1,4,21-25
4829,5,Blue One M,3000,2,Far North,Male,23,0,117,0.4,6000,0,4,21-25
4831,6,Blue One M,3000,3,Littoral,Female,26,0,139,0.5,9000,0,3,26-30
4832,5,Blue One M,3000,3,South West,Female,24,0,130,0.6,9000,0,3,21-25
4837,6,Blue One M,3000,3,North West,Female,25,0,139,0.5,9000,0,3,21-25
4838,6,Blue One M,3000,3,South West,Male,24,0,146,0.5,9000,0,3,21-25
4839,4,Blue One M,3000,0,North West,Male,27,1,97,0.0,0,1,4,26-30
4840,4,Blue One M,3000,2,North,Male,31,0,87,0.5,6000,0,5,>30
4841,4,Blue One M,3000,0,North West,Female,22,1,75,0.0,0,1,5,21-25
4842,3,Blue One S,2000,2,West,Male,21,0,74,0.6666666666666666,4000,0,5,21-25
4843,5,Blue One M,3000,2,East,Female,20,0,124,0.4,6000,0,3,<=20
4844,4,Blue One M,3000,3,North West,Male,22,0,80,0.75,9000,0,5,21-25
4845,4,Blue One M,3000,3,Littoral,Male,22,0,79,0.75,9000,0,5,21-25
4846,6,Blue One M,3000,3,West,Male,22,0,164,0.5,9000,0,2,21-25
4847,8,Blue One L,5000,0,South,Male,30,1,207,0.0,0,1,1,26-30
4848,6,Blue One M,3000,3,West,Female,26,0,158,0.5,9000,0,2,26-30
4849,6,Blue One M,3000,3,South West,Male,22,0,151,0.5,9000,0,2,21-25
4850,6,Blue One M,3000,2,South West,Female,27,1,136,0.3333333333333333,6000,0,3,26-30
4851,5,Blue One M,3000,0,South West,Female,22,1,126,0.0,0,1,3,21-25
4852,5,Blue One M,3000,2,Far North,Female,22,0,110,0.4,6000,0,4,21-25
4853,6,Blue One M,3000,3,North,Male,27,0,153,0.5,9000,0,2,26-30
4855,8,Blue One L,5000,0,East,Male,30,1,203,0.0,0,1,1,26-30
4856,8,Blue One L,5000,2,Far North,Male,28,1,196,0.25,10000,0,1,26-30
4857,7,Blue One L,5000,0,Littoral,Male,32,1,187,0.0,0,1,1,>30
4858,7,Blue One L,5000,0,Centre,Female,28,1,188,0.0,0,1,1,26-30
4859,6,Blue One M,3000,3,North West,Female,22,0,151,0.5,9000,0,2,21-25
4860,4,Blue One M,3000,0,West,Male,22,1,103,0.0,0,1,4,21-25
4861,4,Blue One M,3000,2,Far North,Male,25,0,83,0.5,6000,0,5,21-25
4862,4,Blue One M,3000,2,Littoral,Male,24,0,81,0.5,6000,0,5,21-25
4863,7,Blue One L,5000,2,East,Female,30,1,182,0.2857142857142857,10000,0,1,26-30
4864,7,Blue One L,5000,3,East,Female,30,0,166,0.42857142857142855,15000,0,2,26-30
4865,5,Blue One M,3000,3,North,Female,25,0,115,0.6,9000,0,4,21-25
4866,7,Blue One L,5000,2,West,Female,27,0,181,0.2857142857142857,10000,0,1,26-30
4867,7,Blue One L,5000,2,Adamawa,Female,28,1,193,0.2857142857142857,10000,0,1,26-30
4868,8,Blue One L,5000,2,West,Male,30,1,203,0.25,10000,0,1,26-30
4869,8,Blue One L,5000,2,Littoral,Female,27,1,205,0.25,10000,0,1,26-30
4870,7,Blue One L,5000,2,Adamawa,Female,31,1,176,0.2857142857142857,10000,0,2,>30
4871,8,Blue One L,5000,2,South West,Male,24,0,202,0.25,10000,0,1,21-25
4872,8,Blue One L,5000,2,South,Female,30,1,200,0.25,10000,0,1,26-30
4873,8,Blue One L,5000,0,South West,Male,27,1,195,0.0,0,1,1,26-30
4874,5,Blue One M,3000,3,Far North,Female,22,0,113,0.6,9000,0,4,21-25
4875,5,Blue One M,3000,0,North West,Male,22,1,112,0.0,0,1,4,21-25
4876,4,Blue One M,3000,2,Far North,Male,21,0,95,0.5,6000,0,4,21-25
4877,5,Blue One M,3000,0,North West,Male,30,1,106,0.0,0,1,4,26-30
4878,4,Blue One M,3000,2,West,Female,19,0,98,0.5,6000,0,4,<=20
4879,4,Blue One M,3000,0,North,Female,19,1,97,0.0,0,1,4,<=20
4880,4,Blue One M,3000,3,East,Male,18,0,99,0.75,9000,0,4,<=20
4881,5,Blue One M,3000,2,South,Female,25,1,104,0.4,6000,0,4,21-25
4882,5,Blue One M,3000,0,Far North,Male,26,1,112,0.0,0,1,4,26-30
4883,5,Blue One M,3000,2,North,Female,27,1,111,0.4,6000,0,4,26-30
4884,5,Blue One M,3000,2,Far North,Male,26,1,110,0.4,6000,0,4,26-30
4888,6,Blue One M,3000,3,East,Female,21,0,150,0.5,9000,0,2,21-25
4889,6,Blue One M,3000,2,Adamawa,Male,25,1,151,0.3333333333333333,6000,0,2,21-25
4890,6,Blue One M,3000,0,East,Male,27,1,140,0.0,0,1,3,26-30
4891,6,Blue One M,3000,2,Centre,Female,24,0,150,0.3333333333333333,6000,0,2,21-25
4892,6,Blue One M,3000,3,Far North,Male,25,0,148,0.5,9000,0,3,21-25
4893,6,Blue One M,3000,2,South,Male,29,1,146,0.3333333333333333,6000,0,3,26-30
4894,5,Blue One M,3000,0,North,Male,23,1,124,0.0,0,1,3,21-25
4895,6,Blue One M,3000,0,Centre,Male,24,1,139,0.0,0,1,3,21-25
4896,6,Blue One M,3000,3,North West,Male,27,0,141,0.5,9000,0,3,26-30
4897,6,Blue One M,3000,3,East,Male,28,0,140,0.5,9000,0,3,26-30
4898,5,Blue One M,3000,2,Littoral,Male,25,1,133,0.4,6000,0,3,21-25
4899,6,Blue One M,3000,2,Centre,Male,32,1,140,0.3333333333333333,6000,0,3,>30
4900,6,Blue One M,3000,2,Centre,Male,26,0,138,0.3333333333333333,6000,0,3,26-30
4901,6,Blue One M,3000,2,South West,Female,23,0,136,0.3333333333333333,6000,0,3,21-25
4902,6,Blue One M,3000,2,Adamawa,Male,27,0,138,0.3333333333333333,6000,0,3,26-30
4903,5,Blue One M,3000,2,Adamawa,Female,28,1,125,0.4,6000,0,3,26-30
4904,5,Blue One M,3000,2,Far North,Female,22,1,130,0.4,6000,0,3,21-25
4905,5,Blue One M,3000,2,North,Male,24,0,129,0.4,6000,0,3,21-25
4906,5,Blue One M,3000,2,North,Male,23,0,114,0.4,6000,0,4,21-25
4907,5,Blue One M,3000,2,Littoral,Female,25,1,108,0.4,6000,0,4,21-25
4910,7,Blue One L,5000,2,Far North,Male,28,0,187,0.2857142857142857,10000,0,1,26-30
4913,7,Blue One L,5000,0,South,Female,22,1,193,0.0,0,1,1,21-25
4914,8,Blue One L,5000,2,North,Male,29,0,203,0.25,10000,0,1,26-30
4916,7,Blue One L,5000,2,Centre,Female,24,0,166,0.2857142857142857,10000,0,2,21-25
4917,6,Blue One M,3000,0,Centre,Female,27,1,143,0.0,0,1,3,26-30
4918,7,Blue One L,5000,2,Littoral,Female,27,1,187,0.2857142857142857,10000,0,1,26-30
4919,8,Blue One L,5000,2,North,Female,28,0,198,0.25,10000,0,1,26-30
4920,8,Blue One L,5000,3,South,Female,30,0,203,0.375,15000,0,1,26-30
4921,8,Blue One L,5000,2,North West,Female,29,0,201,0.25,10000,0,1,26-30
4922,7,Blue One L,5000,3,Adamawa,Female,27,0,192,0.42857142857142855,15000,0,1,26-30
4923,8,Blue One L,5000,0,Centre,Female,27,1,201,0.0,0,1,1,26-30
4924,7,Blue One L,5000,2,South,Male,20,0,192,0.2857142857142857,10000,0,1,<=20
4925,8,Blue One L,5000,2,South,Female,25,1,202,0.25,10000,0,1,21-25
4926,8,Blue One L,5000,3,South,Female,27,0,199,0.375,15000,0,1,26-30
4927,7,Blue One L,5000,2,South West,Male,28,0,170,0.2857142857142857,10000,0,2,26-30
4928,8,Blue One L,5000,3,North,Female,28,0,196,0.375,15000,0,1,26-30
4929,5,Blue One M,3000,2,Far North,Male,27,0,125,0.4,6000,0,3,26-30
4930,8,Blue One L,5000,3,Centre,Male,27,0,207,0.375,15000,0,1,26-30
4931,5,Blue One M,3000,2,Centre,Male,23,0,124,0.4,6000,0,3,21-25
4932,5,Blue One M,3000,2,North,Male,23,1,108,0.4,6000,0,4,21-25
4933,4,Blue One M,3000,2,Littoral,Female,27,0,95,0.5,6000,0,4,26-30
4934,6,Blue One M,3000,2,South,Female,28,1,139,0.3333333333333333,6000,0,3,26-30
4935,4,Blue One M,3000,2,Centre,Male,27,0,102,0.5,6000,0,4,26-30
4936,5,Blue One M,3000,2,South,Male,27,0,112,0.4,6000,0,4,26-30
4937,5,Blue One M,3000,2,West,Female,27,0,122,0.4,6000,0,3,26-30
4938,5,Blue One M,3000,0,West,Male,25,1,133,0.0,0,1,3,21-25
4939,5,Blue One M,3000,3,North,Female,28,0,117,0.6,9000,0,4,26-30
4940,6,Blue One M,3000,2,East,Female,20,0,161,0.3333333333333333,6000,0,2,<=20
4942,8,Blue One L,5000,3,Adamawa,Female,29,0,196,0.375,15000,0,1,26-30
4943,7,Blue One L,5000,3,West,Female,26,0,194,0.42857142857142855,15000,0,1,26-30
4944,8,Blue One L,5000,0,Adamawa,Male,24,1,196,0.0,0,1,1,21-25
4945,4,Blue One M,3000,2,East,Male,19,0,89,0.5,6000,0,4,<=20
4946,7,Blue One L,5000,3,Centre,Female,29,0,189,0.42857142857142855,15000,0,1,26-30
4948,7,Blue One L,5000,3,South,Female,32,0,182,0.42857142857142855,15000,0,1,>30
4949,6,Blue One M,3000,2,Centre,Male,25,0,161,0.3333333333333333,6000,0,2,21-25
4950,4,Blue One M,3000,2,Littoral,Female,26,0,76,0.5,6000,0,5,26-30
4951,4,Blue One M,3000,3,Far North,Male,22,0,76,0.75,9000,0,5,21-25
4952,8,Blue One L,5000,2,West,Female,24,0,196,0.25,10000,0,1,21-25
4953,7,Blue One L,5000,2,East,Male,31,0,188,0.2857142857142857,10000,0,1,>30
4955,5,Blue One M,3000,2,North,Male,22,1,133,0.4,6000,0,3,21-25
4956,5,Blue One M,3000,2,West,Male,21,1,110,0.4,6000,0,4,21-25
4957,8,Blue One L,5000,2,East,Female,27,1,207,0.25,10000,0,1,26-30
4958,7,Blue One L,5000,3,West,Female,26,0,189,0.42857142857142855,15000,0,1,26-30
4959,7,Blue One L,5000,2,West,Female,27,1,193,0.2857142857142857,10000,0,1,26-30
4960,4,Blue One M,3000,2,Littoral,Female,28,0,100,0.5,6000,0,4,26-30
4961,4,Blue One M,3000,2,North West,Female,19,0,92,0.5,6000,0,4,<=20
4962,7,Blue One L,5000,2,South,Female,28,1,189,0.2857142857142857,10000,0,1,26-30
4963,7,Blue One L,5000,0,South West,Female,28,1,186,0.0,0,1,1,26-30
4964,8,Blue One L,5000,2,South,Male,28,1,196,0.25,10000,0,1,26-30
4965,5,Blue One M,3000,2,South West,Male,25,0,116,0.4,6000,0,4,21-25
4966,4,Blue One M,3000,2,North,Male,19,1,87,0.5,6000,0,5,<=20
4967,6,Blue One M,3000,2,West,Female,32,0,147,0.3333333333333333,6000,0,3,>30
4968,7,Blue One L,5000,3,North,Male,22,0,179,0.42857142857142855,15000,0,1,21-25
4969,6,Blue One M,3000,2,Littoral,Male,28,1,140,0.3333333333333333,6000,0,3,26-30
4971,5,Blue One M,3000,2,East,Female,23,0,134,0.4,6000,0,3,21-25
4972,7,Blue One L,5000,2,East,Male,30,1,182,0.2857142857142857,10000,0,1,26-30
4973,7,Blue One L,5000,0,Littoral,Female,30,1,178,0.0,0,1,2,26-30
4974,8,Blue One L,5000,3,South West,Female,32,0,201,0.375,15000,0,1,>30
4975,7,Blue One L,5000,3,West,Male,31,0,166,0.42857142857142855,15000,0,2,>30
4976,7,Blue One L,5000,2,Adamawa,Female,30,0,193,0.2857142857142857,10000,0,1,26-30
4977,4,Blue One M,3000,2,North,Male,21,0,95,0.5,6000,0,4,21-25
4978,7,Blue One L,5000,2,Littoral,Male,27,0,185,0.2857142857142857,10000,0,1,26-30
4979,8,Blue One L,5000,2,Centre,Male,32,1,200,0.25,10000,0,1,>30
4980,8,Blue One L,5000,0,North,Female,29,1,201,0.0,0,1,1,26-30
4981,8,Blue One L,5000,2,South West,Male,29,1,208,0.25,10000,0,1,26-30
4982,8,Blue One L,5000,2,West,Female,30,0,196,0.25,10000,0,1,26-30
4983,8,Blue One L,5000,2,South,Female,25,0,204,0.25,10000,0,1,21-25
4984,8,Blue One L,5000,0,Littoral,Male,26,1,200,0.0,0,1,1,26-30
4985,7,Blue One L,5000,3,Adamawa,Female,27,0,187,0.42857142857142855,15000,0,1,26-30
4986,8,Blue One L,5000,2,Centre,Female,27,0,200,0.25,10000,0,1,26-30
4987,8,Blue One L,5000,3,East,Male,23,0,195,0.375,15000,0,1,21-25
4988,8,Blue One L,5000,0,Littoral,Female,29,1,198,0.0,0,1,1,26-30
4989,8,Blue One L,5000,2,South West,Male,27,0,196,0.25,10000,0,1,26-30
4990,7,Blue One L,5000,3,North West,Male,26,0,193,0.42857142857142855,15000,0,1,26-30
4991,6,Blue One M,3000,2,Littoral,Male,30,1,136,0.3333333333333333,6000,0,3,26-30
4992,4,Blue One M,3000,0,Far North,Female,28,1,92,0.0,0,1,4,26-30
4994,4,Blue One M,3000,3,South,Female,26,0,83,0.75,9000,0,5,26-30
4995,4,Blue One M,3000,3,South West,Female,25,0,81,0.75,9000,0,5,21-25
4996,4,Blue One M,3000,2,Centre,Female,20,0,79,0.5,6000,0,5,<=20
4997,4,Blue One M,3000,0,Littoral,Female,21,1,81,0.0,0,1,5,21-25
4998,4,Blue One M,3000,2,North West,Female,23,0,88,0.5,6000,0,5,21-25
4999,7,Blue One L,5000,3,North West,Female,28,0,187,0.42857142857142855,15000,0,1,26-30
5000,7,Blue One L,5000,2,Centre,Female,26,0,166,0.2857142857142857,10000,0,2,26-30
5001,8,Blue One L,5000,3,North,Female,33,0,203,0.375,15000,0,1,>30
5002,8,Blue One L,5000,3,North West,Male,29,0,196,0.375,15000,0,1,26-30
5003,7,Blue One L,5000,0,Adamawa,Male,21,1,188,0.0,0,1,1,21-25
5004,8,Blue One L,5000,2,South West,Female,32,0,194,0.25,10000,0,1,>30
5005,8,Blue One L,5000,2,Far North,Male,26,0,207,0.25,10000,0,1,26-30
5006,5,Blue One M,3000,0,East,Male,23,1,123,0.0,0,1,3,21-25
5010,5,Blue One M,3000,2,East,Female,27,0,133,0.4,6000,0,3,26-30
5011,8,Blue One L,5000,3,South West,Male,28,0,202,0.375,15000,0,1,26-30
5012,8,Blue One L,5000,2,Littoral,Male,26,1,200,0.25,10000,0,1,26-30
5013,8,Blue One L,5000,3,Far North,Female,24,0,207,0.375,15000,0,1,21-25
5014,7,Blue One L,5000,2,East,Female,27,0,166,0.2857142857142857,10000,0,2,26-30
5015,7,Blue One L,5000,2,North West,Female,31,1,177,0.2857142857142857,10000,0,2,>30
5016,7,Blue One L,5000,2,Littoral,Female,28,1,174,0.2857142857142857,10000,0,2,26-30
5017,4,Blue One M,3000,3,North,Female,20,0,85,0.75,9000,0,5,<=20
5018,7,Blue One L,5000,2,Adamawa,Male,26,0,166,0.2857142857142857,10000,0,2,26-30
5020,8,Blue One L,5000,2,East,Female,24,0,201,0.25,10000,0,1,21-25
5021,7,Blue One L,5000,0,South West,Female,21,1,178,0.0,0,1,1,21-25
5022,7,Blue One L,5000,2,Littoral,Female,23,1,186,0.2857142857142857,10000,0,1,21-25
5023,8,Blue One L,5000,2,South,Female,28,0,200,0.25,10000,0,1,26-30
5024,8,Blue One L,5000,2,Littoral,Male,21,1,200,0.25,10000,0,1,21-25
5025,8,Blue One L,5000,0,Centre,Male,24,1,202,0.0,0,1,1,21-25
5026,8,Blue One L,5000,2,North,Male,21,1,202,0.25,10000,0,1,21-25
5029,6,Blue One M,3000,2,West,Male,30,0,152,0.3333333333333333,6000,0,2,26-30
5030,7,Blue One L,5000,0,North,Male,26,1,170,0.0,0,1,2,26-30
5031,7,Blue One L,5000,3,Centre,Female,29,0,164,0.42857142857142855,15000,0,2,26-30
5032,7,Blue One L,5000,0,Centre,Male,29,1,194,0.0,0,1,1,26-30
5033,7,Blue One L,5000,0,Far North,Male,25,1,194,0.0,0,1,1,21-25
5034,7,Blue One L,5000,2,Centre,Male,28,0,193,0.2857142857142857,10000,0,1,26-30
5035,7,Blue One L,5000,3,West,Male,27,0,191,0.42857142857142855,15000,0,1,26-30
5036,7,Blue One L,5000,2,North West,Male,24,1,166,0.2857142857142857,10000,0,2,21-25
5037,7,Blue One L,5000,0,North,Male,27,1,184,0.0,0,1,1,26-30
5038,7,Blue One L,5000,2,North West,Female,23,0,181,0.2857142857142857,10000,0,1,21-25
5039,7,Blue One L,5000,3,North West,Female,27,0,178,0.42857142857142855,15000,0,1,26-30
5040,7,Blue One L,5000,0,Centre,Female,26,1,166,0.0,0,1,2,26-30
5041,7,Blue One L,5000,2,Adamawa,Female,31,1,170,0.2857142857142857,10000,0,2,>30
5042,7,Blue One L,5000,2,North,Male,27,1,182,0.2857142857142857,10000,0,1,26-30
5043,7,Blue One L,5000,2,North,Female,33,1,180,0.2857142857142857,10000,0,1,>30
5044,7,Blue One L,5000,3,South West,Male,25,0,181,0.42857142857142855,15000,0,1,21-25
5045,7,Blue One L,5000,2,West,Female,26,0,179,0.2857142857142857,10000,0,1,26-30
5046,7,Blue One L,5000,0,Adamawa,Female,26,1,179,0.0,0,1,1,26-30
5047,7,Blue One L,5000,2,East,Male,25,1,179,0.2857142857142857,10000,0,1,21-25
5048,7,Blue One L,5000,2,South West,Female,33,1,178,0.2857142857142857,10000,0,1,>30
5049,7,Blue One L,5000,2,North,Male,28,1,166,0.2857142857142857,10000,0,2,26-30
5050,7,Blue One L,5000,0,North West,Female,27,1,171,0.0,0,1,2,26-30
5051,7,Blue One L,5000,0,Centre,Female,25,1,165,0.0,0,1,2,21-25
5052,7,Blue One L,5000,0,Littoral,Female,29,1,179,0.0,0,1,1,26-30
5053,7,Blue One L,5000,2,East,Male,26,1,176,0.2857142857142857,10000,0,2,26-30
5054,6,Blue One M,3000,3,West,Female,24,0,141,0.5,9000,0,3,21-25
5055,6,Blue One M,3000,2,South West,Male,25,1,141,0.3333333333333333,6000,0,3,21-25
5056,7,Blue One L,5000,2,Adamawa,Male,27,1,170,0.2857142857142857,10000,0,2,26-30
5057,7,Blue One L,5000,0,South West,Female,28,1,174,0.0,0,1,2,26-30
5058,8,Blue One L,5000,2,North West,Female,28,1,202,0.25,10000,0,1,26-30
5059,8,Blue One L,5000,2,South,Female,27,1,204,0.25,10000,0,1,26-30
5060,8,Blue One L,5000,2,Centre,Male,29,0,207,0.25,10000,0,1,26-30
5061,8,Blue One L,5000,2,Centre,Female,29,0,202,0.25,10000,0,1,26-30
5062,8,Blue One L,5000,2,South West,Male,30,0,202,0.25,10000,0,1,26-30
5063,8,Blue One L,5000,2,North West,Female,32,1,200,0.25,10000,0,1,>30
5064,7,Blue One L,5000,3,North,Male,26,0,184,0.42857142857142855,15000,0,1,26-30
5065,8,Blue One L,5000,3,South West,Male,27,0,202,0.375,15000,0,1,26-30
5066,8,Blue One L,5000,0,Centre,Male,24,1,202,0.0,0,1,1,21-25
5067,7,Blue One L,5000,3,East,Female,29,0,187,0.42857142857142855,15000,0,1,26-30
5068,8,Blue One L,5000,3,North,Female,28,0,196,0.375,15000,0,1,26-30
5069,8,Blue One L,5000,0,North,Male,29,1,199,0.0,0,1,1,26-30
5070,4,Blue One M,3000,2,Adamawa,Male,20,0,98,0.5,6000,0,4,<=20
5073,7,Blue One L,5000,3,East,Male,29,0,170,0.42857142857142855,15000,0,2,26-30
5074,4,Blue One M,3000,3,South,Female,19,0,80,0.75,9000,0,5,<=20
5075,7,Blue One L,5000,2,North,Male,28,1,174,0.2857142857142857,10000,0,2,26-30
5076,4,Blue One M,3000,2,South West,Male,23,0,97,0.5,6000,0,4,21-25
5077,7,Blue One L,5000,2,North,Male,26,1,188,0.2857142857142857,10000,0,1,26-30
5078,7,Blue One L,5000,0,South West,Male,27,1,188,0.0,0,1,1,26-30
5079,7,Blue One L,5000,2,East,Female,28,1,188,0.2857142857142857,10000,0,1,26-30
5080,3,Blue One S,2000,1,East,Male,27,0,65,0.3333333333333333,2000,0,5,26-30
5081,5,Blue One M,3000,2,North,Female,25,0,108,0.4,6000,0,4,21-25
5082,5,Blue One M,3000,3,North,Male,24,0,107,0.6,9000,0,4,21-25
5083,5,Blue One M,3000,3,East,Female,21,0,116,0.6,9000,0,4,21-25
5084,7,Blue One L,5000,3,South West,Female,25,0,179,0.42857142857142855,15000,0,1,21-25
5085,5,Blue One M,3000,2,Far North,Male,30,1,133,0.4,6000,0,3,26-30
5086,7,Blue One L,5000,3,Centre,Female,29,0,174,0.42857142857142855,15000,0,2,26-30
5087,4,Blue One M,3000,3,South West,Male,25,0,98,0.75,9000,0,4,21-25
5088,6,Blue One M,3000,3,Centre,Male,27,0,154,0.5,9000,0,2,26-30
5089,7,Blue One L,5000,3,Littoral,Female,23,0,189,0.42857142857142855,15000,0,1,21-25
5090,4,Blue One M,3000,0,Far North,Male,20,1,96,0.0,0,1,4,<=20
5091,8,Blue One L,5000,2,Adamawa,Male,27,1,195,0.25,10000,0,1,26-30
5092,8,Blue One L,5000,3,Centre,Male,26,0,207,0.375,15000,0,1,26-30
5093,7,Blue One L,5000,3,West,Female,26,0,187,0.42857142857142855,15000,0,1,26-30
5094,6,Blue One M,3000,2,East,Male,25,0,146,0.3333333333333333,6000,0,3,21-25
5095,8,Blue One L,5000,2,South West,Female,21,1,204,0.25,10000,0,1,21-25
5096,6,Blue One M,3000,2,East,Female,29,1,156,0.3333333333333333,6000,0,2,26-30
5097,6,Blue One M,3000,0,South West,Female,27,1,141,0.0,0,1,3,26-30
5098,6,Blue One M,3000,2,West,Male,27,0,146,0.3333333333333333,6000,0,3,26-30
5099,5,Blue One M,3000,0,South West,Female,21,1,119,0.0,0,1,3,21-25
5100,7,Blue One L,5000,2,South,Female,25,1,185,0.2857142857142857,10000,0,1,21-25
5101,7,Blue One L,5000,0,Littoral,Female,30,1,189,0.0,0,1,1,26-30
5102,8,Blue One L,5000,3,Littoral,Male,28,0,202,0.375,15000,0,1,26-30
5103,6,Blue One M,3000,2,North,Male,23,0,135,0.3333333333333333,6000,0,3,21-25
5104,7,Blue One L,5000,2,Far North,Female,28,1,191,0.2857142857142857,10000,0,1,26-30
5105,8,Blue One L,5000,2,Littoral,Male,27,1,207,0.25,10000,0,1,26-30
5106,8,Blue One L,5000,2,South,Female,27,1,202,0.25,10000,0,1,26-30
5107,7,Blue One L,5000,0,South West,Female,25,1,169,0.0,0,1,2,21-25
5108,7,Blue One L,5000,3,North,Male,28,0,166,0.42857142857142855,15000,0,2,26-30
5109,7,Blue One L,5000,3,North,Male,22,0,172,0.42857142857142855,15000,0,2,21-25
5110,7,Blue One L,5000,3,Far North,Male,27,0,189,0.42857142857142855,15000,0,1,26-30
5111,7,Blue One L,5000,2,Centre,Male,27,0,193,0.2857142857142857,10000,0,1,26-30
5112,5,Blue One M,3000,0,North West,Male,25,1,112,0.0,0,1,4,21-25
5113,5,Blue One M,3000,0,Far North,Male,26,1,133,0.0,0,1,3,26-30
5114,6,Blue One M,3000,0,North,Male,20,1,136,0.0,0,1,3,<=20
5115,7,Blue One L,5000,0,Littoral,Male,26,1,181,0.0,0,1,1,26-30
5116,4,Blue One M,3000,2,West,Female,26,0,95,0.5,6000,0,4,26-30
5117,4,Blue One M,3000,2,Far North,Male,30,1,90,0.5,6000,0,4,26-30
5118,7,Blue One L,5000,3,Adamawa,Female,26,0,189,0.42857142857142855,15000,0,1,26-30
5119,7,Blue One L,5000,3,Littoral,Female,27,0,178,0.42857142857142855,15000,0,1,26-30
5120,8,Blue One L,5000,0,North,Female,27,1,201,0.0,0,1,1,26-30
5121,8,Blue One L,5000,2,North,Male,29,0,204,0.25,10000,0,1,26-30
5122,8,Blue One L,5000,2,Far North,Male,28,1,204,0.25,10000,0,1,26-30
5123,6,Blue One M,3000,2,North West,Male,26,1,162,0.3333333333333333,6000,0,2,26-30
5124,5,Blue One M,3000,3,West,Female,20,0,132,0.6,9000,0,3,<=20
5125,5,Blue One M,3000,2,East,Female,20,1,112,0.4,6000,0,4,<=20
5127,5,Blue One M,3000,2,Far North,Female,26,0,129,0.4,6000,0,3,26-30
5128,7,Blue One L,5000,2,Centre,Female,27,1,171,0.2857142857142857,10000,0,2,26-30
5129,7,Blue One L,5000,0,South,Female,28,1,181,0.0,0,1,1,26-30
5130,7,Blue One L,5000,2,Adamawa,Male,26,0,187,0.2857142857142857,10000,0,1,26-30
5131,8,Blue One L,5000,2,Far North,Male,27,0,195,0.25,10000,0,1,26-30
5132,8,Blue One L,5000,0,Littoral,Female,31,1,199,0.0,0,1,1,>30
5133,6,Blue One M,3000,3,North West,Male,22,0,139,0.5,9000,0,3,21-25
5134,6,Blue One M,3000,2,Littoral,Male,27,0,136,0.3333333333333333,6000,0,3,26-30
5135,6,Blue One M,3000,2,West,Female,31,0,142,0.3333333333333333,6000,0,3,>30
5136,7,Blue One L,5000,2,East,Male,25,1,167,0.2857142857142857,10000,0,2,21-25
5139,7,Blue One L,5000,2,Adamawa,Male,24,1,165,0.2857142857142857,10000,0,2,21-25
5140,7,Blue One L,5000,2,North,Male,27,0,179,0.2857142857142857,10000,0,1,26-30
5141,6,Blue One M,3000,2,North,Female,25,0,158,0.3333333333333333,6000,0,2,21-25
5142,7,Blue One L,5000,2,Adamawa,Male,24,0,165,0.2857142857142857,10000,0,2,21-25
5143,8,Blue One L,5000,0,Adamawa,Male,30,1,199,0.0,0,1,1,26-30
5144,8,Blue One L,5000,0,North West,Female,33,1,206,0.0,0,1,1,>30
5145,7,Blue One L,5000,0,North,Male,31,1,166,0.0,0,1,2,>30
5146,8,Blue One L,5000,3,Littoral,Male,24,0,201,0.375,15000,0,1,21-25
5147,7,Blue One L,5000,0,South,Female,32,1,187,0.0,0,1,1,>30
5148,7,Blue One L,5000,0,North,Male,26,1,179,0.0,0,1,1,26-30
5149,7,Blue One L,5000,2,South West,Female,26,0,186,0.2857142857142857,10000,0,1,26-30
5150,7,Blue One L,5000,2,South West,Male,26,1,193,0.2857142857142857,10000,0,1,26-30
5151,6,Blue One M,3000,0,South West,Female,27,1,142,0.0,0,1,3,26-30
5152,7,Blue One L,5000,3,South West,Female,22,0,178,0.42857142857142855,15000,0,1,21-25
5153,7,Blue One L,5000,2,West,Male,26,0,181,0.2857142857142857,10000,0,1,26-30
5154,5,Blue One M,3000,3,Adamawa,Female,23,0,127,0.6,9000,0,3,21-25
5155,4,Blue One M,3000,2,South,Female,25,1,99,0.5,6000,0,4,21-25
5156,7,Blue One L,5000,0,South West,Female,20,1,188,0.0,0,1,1,<=20
5157,7,Blue One L,5000,0,South,Male,25,1,179,0.0,0,1,1,21-25
5158,5,Blue One M,3000,2,North West,Male,26,1,116,0.4,6000,0,4,26-30
5159,8,Blue One L,5000,2,South,Male,24,0,208,0.25,10000,0,1,21-25
5160,7,Blue One L,5000,2,South,Male,32,1,172,0.2857142857142857,10000,0,2,>30
5161,7,Blue One L,5000,2,North West,Male,25,1,172,0.2857142857142857,10000,0,2,21-25
5162,8,Blue One L,5000,0,Littoral,Female,33,1,195,0.0,0,1,1,>30
5163,4,Blue One M,3000,3,North,Male,26,0,89,0.75,9000,0,4,26-30
5164,6,Blue One M,3000,0,East,Female,21,1,144,0.0,0,1,3,21-25
5165,6,Blue One M,3000,0,Adamawa,Male,24,1,136,0.0,0,1,3,21-25
5166,8,Blue One L,5000,3,West,Male,24,0,204,0.375,15000,0,1,21-25
5167,7,Blue One L,5000,0,Adamawa,Female,28,1,194,0.0,0,1,1,26-30
5168,5,Blue One M,3000,2,Adamawa,Male,25,0,110,0.4,6000,0,4,21-25
5169,6,Blue One M,3000,2,East,Male,30,0,144,0.3333333333333333,6000,0,3,26-30
5170,7,Blue One L,5000,2,Adamawa,Male,21,0,178,0.2857142857142857,10000,0,1,21-25
5171,8,Blue One L,5000,2,West,Female,31,1,202,0.25,10000,0,1,>30
5172,7,Blue One L,5000,3,North West,Female,24,0,182,0.42857142857142855,15000,0,1,21-25
5173,7,Blue One L,5000,2,East,Male,22,0,178,0.2857142857142857,10000,0,1,21-25
5174,7,Blue One L,5000,2,East,Male,26,0,178,0.2857142857142857,10000,0,1,26-30
5175,8,Blue One L,5000,0,Centre,Female,19,1,202,0.0,0,1,1,<=20
5176,7,Blue One L,5000,2,Littoral,Male,24,1,187,0.2857142857142857,10000,0,1,21-25
5177,7,Blue One L,5000,0,North West,Female,21,1,167,0.0,0,1,2,21-25
5178,5,Blue One M,3000,2,South West,Male,27,0,129,0.4,6000,0,3,26-30
5179,6,Blue One M,3000,0,South,Male,29,1,147,0.0,0,1,3,26-30
5180,8,Blue One L,5000,2,South,Male,25,1,205,0.25,10000,0,1,21-25
5181,8,Blue One L,5000,0,West,Female,28,1,195,0.0,0,1,1,26-30
5182,8,Blue One L,5000,2,South West,Male,31,1,195,0.25,10000,0,1,>30
5183,7,Blue One L,5000,2,Adamawa,Male,30,1,189,0.2857142857142857,10000,0,1,26-30
5184,8,Blue One L,5000,3,Far North,Female,27,0,195,0.375,15000,0,1,26-30
5185,8,Blue One L,5000,2,West,Male,27,1,200,0.25,10000,0,1,26-30
5186,8,Blue One L,5000,2,Adamawa,Male,25,1,202,0.25,10000,0,1,21-25
5187,8,Blue One L,5000,3,Littoral,Male,29,0,195,0.375,15000,0,1,26-30
5188,8,Blue One L,5000,0,South,Female,24,1,202,0.0,0,1,1,21-25
5189,8,Blue One L,5000,2,Adamawa,Female,27,0,206,0.25,10000,0,1,26-30
5190,8,Blue One L,5000,3,Far North,Male,30,0,203,0.375,15000,0,1,26-30
5191,7,Blue One L,5000,2,Littoral,Female,24,1,178,0.2857142857142857,10000,0,1,21-25
5192,8,Blue One L,5000,0,Adamawa,Male,28,1,196,0.0,0,1,1,26-30
5193,7,Blue One L,5000,2,South,Female,24,0,185,0.2857142857142857,10000,0,1,21-25
5194,8,Blue One L,5000,2,South,Male,27,0,202,0.25,10000,0,1,26-30
5195,8,Blue One L,5000,2,North West,Female,27,0,202,0.25,10000,0,1,26-30
5196,8,Blue One L,5000,2,Littoral,Female,23,1,199,0.25,10000,0,1,21-25
5197,8,Blue One L,5000,2,West,Male,27,1,201,0.25,10000,0,1,26-30
5198,8,Blue One L,5000,3,Centre,Female,27,0,195,0.375,15000,0,1,26-30
5199,7,Blue One L,5000,2,North West,Male,26,1,181,0.2857142857142857,10000,0,1,26-30
5200,7,Blue One L,5000,2,South West,Female,23,1,192,0.2857142857142857,10000,0,1,21-25
5201,7,Blue One L,5000,0,Centre,Female,32,1,165,0.0,0,1,2,>30
5202,6,Blue One M,3000,2,East,Female,24,1,146,0.3333333333333333,6000,0,3,21-25
5203,7,Blue One L,5000,2,East,Female,28,0,186,0.2857142857142857,10000,0,1,26-30
5204,8,Blue One L,5000,2,West,Female,29,1,195,0.25,10000,0,1,26-30
5205,8,Blue One L,5000,2,Centre,Male,32,0,195,0.25,10000,0,1,>30
5208,6,Blue One M,3000,0,North West,Female,27,1,139,0.0,0,1,3,26-30
5209,8,Blue One L,5000,2,Adamawa,Female,27,0,199,0.25,10000,0,1,26-30
5210,7,Blue One L,5000,0,Littoral,Male,21,1,181,0.0,0,1,1,21-25
5211,7,Blue One L,5000,2,East,Male,30,0,173,0.2857142857142857,10000,0,2,26-30
5212,7,Blue One L,5000,2,North,Female,23,1,166,0.2857142857142857,10000,0,2,21-25
5213,7,Blue One L,5000,2,Centre,Female,27,1,181,0.2857142857142857,10000,0,1,26-30
5214,5,Blue One M,3000,3,North West,Male,27,0,124,0.6,9000,0,3,26-30
5215,6,Blue One M,3000,3,North,Male,24,0,140,0.5,9000,0,3,21-25
5216,6,Blue One M,3000,0,West,Female,28,1,161,0.0,0,1,2,26-30
5217,6,Blue One M,3000,2,Far North,Male,29,1,153,0.3333333333333333,6000,0,2,26-30
5218,6,Blue One M,3000,2,East,Male,25,0,162,0.3333333333333333,6000,0,2,21-25
5219,6,Blue One M,3000,0,North West,Female,26,1,158,0.0,0,1,2,26-30
5220,7,Blue One L,5000,0,Adamawa,Male,25,1,173,0.0,0,1,2,21-25
5221,7,Blue One L,5000,3,Far North,Male,26,0,193,0.42857142857142855,15000,0,1,26-30
5222,7,Blue One L,5000,2,South,Female,27,0,189,0.2857142857142857,10000,0,1,26-30
5223,6,Blue One M,3000,0,West,Female,26,1,161,0.0,0,1,2,26-30
5224,6,Blue One M,3000,3,West,Male,26,0,138,0.5,9000,0,3,26-30
5225,8,Blue One L,5000,3,South West,Male,28,0,199,0.375,15000,0,1,26-30
5226,8,Blue One L,5000,2,Littoral,Male,22,0,195,0.25,10000,0,1,21-25
5227,8,Blue One L,5000,0,Littoral,Female,26,1,195,0.0,0,1,1,26-30
5228,7,Blue One L,5000,2,Adamawa,Female,27,1,181,0.2857142857142857,10000,0,1,26-30
5229,5,Blue One M,3000,2,East,Female,23,0,124,0.4,6000,0,3,21-25
5230,5,Blue One M,3000,2,Far North,Male,23,1,108,0.4,6000,0,4,21-25
5231,7,Blue One L,5000,2,Adamawa,Male,30,0,188,0.2857142857142857,10000,0,1,26-30
5232,7,Blue One L,5000,0,East,Male,23,1,168,0.0,0,1,2,21-25
5233,7,Blue One L,5000,0,West,Male,27,1,173,0.0,0,1,2,26-30
5234,7,Blue One L,5000,0,North,Male,30,1,173,0.0,0,1,2,26-30
5235,6,Blue One M,3000,2,Centre,Female,28,1,161,0.3333333333333333,6000,0,2,26-30
5236,6,Blue One M,3000,0,South,Female,18,1,139,0.0,0,1,3,<=20
5237,8,Blue One L,5000,2,East,Female,24,1,202,0.25,10000,0,1,21-25
5238,4,Blue One M,3000,2,Littoral,Female,20,0,95,0.5,6000,0,4,<=20
5239,4,Blue One M,3000,0,West,Female,21,1,96,0.0,0,1,4,21-25
5240,7,Blue One L,5000,0,West,Male,23,1,187,0.0,0,1,1,21-25
5241,8,Blue One L,5000,2,North West,Female,26,0,203,0.25,10000,0,1,26-30
5242,8,Blue One L,5000,3,North,Male,27,0,204,0.375,15000,0,1,26-30
5243,8,Blue One L,5000,2,South,Male,23,1,199,0.25,10000,0,1,21-25
5244,8,Blue One L,5000,2,North West,Female,27,1,200,0.25,10000,0,1,26-30
5245,7,Blue One L,5000,0,Centre,Female,21,1,185,0.0,0,1,1,21-25
5246,7,Blue One L,5000,2,West,Female,23,1,169,0.2857142857142857,10000,0,2,21-25
5247,6,Blue One M,3000,2,North West,Male,24,1,145,0.3333333333333333,6000,0,3,21-25
5249,4,Blue One M,3000,2,Centre,Female,22,0,81,0.5,6000,0,5,21-25
5250,4,Blue One M,3000,2,Centre,Female,23,1,102,0.5,6000,0,4,21-25
5252,6,Blue One M,3000,2,Centre,Male,22,1,138,0.3333333333333333,6000,0,3,21-25
5253,5,Blue One M,3000,2,North,Male,23,1,129,0.4,6000,0,3,21-25
5254,5,Blue One M,3000,2,Adamawa,Male,26,0,117,0.4,6000,0,4,26-30
5255,7,Blue One L,5000,2,Adamawa,Female,29,1,172,0.2857142857142857,10000,0,2,26-30
5256,7,Blue One L,5000,2,Littoral,Male,26,1,165,0.2857142857142857,10000,0,2,26-30
5257,6,Blue One M,3000,2,East,Male,27,0,139,0.3333333333333333,6000,0,3,26-30
5258,6,Blue One M,3000,2,East,Female,27,0,143,0.3333333333333333,6000,0,3,26-30
5259,6,Blue One M,3000,2,South West,Female,22,0,146,0.3333333333333333,6000,0,3,21-25
5261,4,Blue One M,3000,2,North,Male,19,0,82,0.5,6000,0,5,<=20
5262,3,Blue One S,2000,2,South West,Male,23,0,74,0.6666666666666666,4000,0,5,21-25
5263,4,Blue One M,3000,2,North,Male,24,0,84,0.5,6000,0,5,21-25
5264,5,Blue One M,3000,3,South West,Female,17,0,126,0.6,9000,0,3,<=20
5265,5,Blue One M,3000,0,Adamawa,Female,26,1,124,0.0,0,1,3,26-30
5266,4,Blue One M,3000,2,Far North,Female,20,1,103,0.5,6000,0,4,<=20
5267,4,Blue One M,3000,2,Far North,Male,23,0,104,0.5,6000,0,4,21-25
5268,5,Blue One M,3000,3,South,Male,29,0,133,0.6,9000,0,3,26-30
5269,5,Blue One M,3000,2,East,Male,26,0,111,0.4,6000,0,4,26-30
5270,4,Blue One M,3000,3,West,Female,30,0,89,0.75,9000,0,4,26-30
5272,6,Blue One M,3000,2,West,Male,21,1,157,0.3333333333333333,6000,0,2,21-25
5273,6,Blue One M,3000,0,East,Female,27,1,146,0.0,0,1,3,26-30
5274,4,Blue One M,3000,0,Littoral,Male,26,1,103,0.0,0,1,4,26-30
5275,5,Blue One M,3000,0,Adamawa,Male,25,1,126,0.0,0,1,3,21-25
5276,8,Blue One L,5000,0,North,Female,28,1,204,0.0,0,1,1,26-30
5277,8,Blue One L,5000,3,North,Male,22,0,203,0.375,15000,0,1,21-25
5279,7,Blue One L,5000,2,Littoral,Female,20,1,180,0.2857142857142857,10000,0,1,<=20
5280,7,Blue One L,5000,2,North West,Male,27,1,184,0.2857142857142857,10000,0,1,26-30
5281,7,Blue One L,5000,2,Adamawa,Male,24,0,187,0.2857142857142857,10000,0,1,21-25
5282,7,Blue One L,5000,2,Adamawa,Female,28,1,184,0.2857142857142857,10000,0,1,26-30
5283,7,Blue One L,5000,2,South,Female,28,0,180,0.2857142857142857,10000,0,1,26-30
5284,7,Blue One L,5000,2,South West,Male,32,1,193,0.2857142857142857,10000,0,1,>30
5285,7,Blue One L,5000,0,East,Male,22,1,185,0.0,0,1,1,21-25
5286,8,Blue One L,5000,2,West,Female,31,0,195,0.25,10000,0,1,>30
5287,7,Blue One L,5000,3,Far North,Female,24,0,189,0.42857142857142855,15000,0,1,21-25
5288,7,Blue One L,5000,0,North West,Male,24,1,186,0.0,0,1,1,21-25
5289,7,Blue One L,5000,3,East,Male,25,0,186,0.42857142857142855,15000,0,1,21-25
5290,7,Blue One L,5000,3,Far North,Female,20,0,167,0.42857142857142855,15000,0,2,<=20
5291,7,Blue One L,5000,3,Centre,Female,24,0,167,0.42857142857142855,15000,0,2,21-25
5292,7,Blue One L,5000,2,North West,Female,23,1,178,0.2857142857142857,10000,0,1,21-25
5293,4,Blue One M,3000,2,West,Female,25,0,97,0.5,6000,0,4,21-25
5294,8,Blue One L,5000,3,Littoral,Male,24,0,195,0.375,15000,0,1,21-25
5295,6,Blue One M,3000,3,East,Female,32,0,140,0.5,9000,0,3,>30
5296,7,Blue One L,5000,0,North West,Female,21,1,169,0.0,0,1,2,21-25
5297,7,Blue One L,5000,3,East,Male,23,0,167,0.42857142857142855,15000,0,2,21-25
5298,5,Blue One M,3000,2,Adamawa,Female,24,1,119,0.4,6000,0,3,21-25
5299,7,Blue One L,5000,2,Far North,Female,33,1,165,0.2857142857142857,10000,0,2,>30
5300,6,Blue One M,3000,2,South,Female,25,0,147,0.3333333333333333,6000,0,3,21-25
5301,6,Blue One M,3000,0,North West,Male,27,1,160,0.0,0,1,2,26-30
5302,7,Blue One L,5000,2,East,Male,19,1,188,0.2857142857142857,10000,0,1,<=20
5303,7,Blue One L,5000,2,Far North,Male,30,0,186,0.2857142857142857,10000,0,1,26-30
5304,7,Blue One L,5000,2,Centre,Male,29,1,184,0.2857142857142857,10000,0,1,26-30
5305,7,Blue One L,5000,0,Littoral,Male,25,1,185,0.0,0,1,1,21-25
5306,7,Blue One L,5000,3,Far North,Male,28,0,188,0.42857142857142855,15000,0,1,26-30
5307,7,Blue One L,5000,2,North,Male,25,1,165,0.2857142857142857,10000,0,2,21-25
5308,7,Blue One L,5000,3,North West,Female,29,0,187,0.42857142857142855,15000,0,1,26-30
5309,7,Blue One L,5000,3,South,Male,32,0,187,0.42857142857142855,15000,0,1,>30
5310,6,Blue One M,3000,0,Far North,Male,21,1,151,0.0,0,1,2,21-25
5312,5,Blue One M,3000,2,Centre,Female,28,0,125,0.4,6000,0,3,26-30
5313,4,Blue One M,3000,2,Adamawa,Male,31,1,75,0.5,6000,0,5,>30
5314,6,Blue One M,3000,2,North,Female,25,1,151,0.3333333333333333,6000,0,2,21-25
5315,7,Blue One L,5000,2,Adamawa,Female,26,0,172,0.2857142857142857,10000,0,2,26-30
5316,7,Blue One L,5000,3,South West,Male,28,0,182,0.42857142857142855,15000,0,1,26-30
5317,4,Blue One M,3000,3,North West,Female,24,0,87,0.75,9000,0,5,21-25
5318,5,Blue One M,3000,3,Far North,Male,21,0,106,0.6,9000,0,4,21-25
5319,7,Blue One L,5000,2,Adamawa,Male,29,1,167,0.2857142857142857,10000,0,2,26-30
5320,7,Blue One L,5000,2,Centre,Male,28,0,167,0.2857142857142857,10000,0,2,26-30
5321,4,Blue One M,3000,3,North West,Female,24,0,104,0.75,9000,0,4,21-25
5322,7,Blue One L,5000,2,Littoral,Female,28,1,191,0.2857142857142857,10000,0,1,26-30
5323,7,Blue One L,5000,2,South West,Female,29,1,174,0.2857142857142857,10000,0,2,26-30
5324,7,Blue One L,5000,2,West,Female,20,0,179,0.2857142857142857,10000,0,1,<=20
5325,7,Blue One L,5000,2,West,Female,27,0,179,0.2857142857142857,10000,0,1,26-30
5326,8,Blue One L,5000,0,North West,Male,28,1,196,0.0,0,1,1,26-30
5327,8,Blue One L,5000,2,North West,Male,29,0,195,0.25,10000,0,1,26-30
5328,8,Blue One L,5000,2,West,Male,25,1,197,0.25,10000,0,1,21-25
5329,7,Blue One L,5000,3,Adamawa,Female,27,0,185,0.42857142857142855,15000,0,1,26-30
5330,7,Blue One L,5000,3,West,Female,23,0,193,0.42857142857142855,15000,0,1,21-25
5331,7,Blue One L,5000,2,Centre,Female,25,0,188,0.2857142857142857,10000,0,1,21-25
5332,7,Blue One L,5000,3,Far North,Female,29,0,181,0.42857142857142855,15000,0,1,26-30
5333,7,Blue One L,5000,3,South,Female,28,0,188,0.42857142857142855,15000,0,1,26-30
5334,7,Blue One L,5000,0,East,Male,23,1,181,0.0,0,1,1,21-25
5337,8,Blue One L,5000,2,East,Female,28,0,207,0.25,10000,0,1,26-30
5338,7,Blue One L,5000,0,West,Female,26,1,192,0.0,0,1,1,26-30
5339,8,Blue One L,5000,3,Centre,Female,27,0,202,0.375,15000,0,1,26-30
5340,7,Blue One L,5000,2,Centre,Male,27,1,185,0.2857142857142857,10000,0,1,26-30
5341,7,Blue One L,5000,0,South,Male,30,1,180,0.0,0,1,1,26-30
5342,8,Blue One L,5000,0,South,Female,33,1,195,0.0,0,1,1,>30
5343,8,Blue One L,5000,2,Far North,Female,26,0,200,0.25,10000,0,1,26-30
5344,7,Blue One L,5000,3,North West,Male,29,0,179,0.42857142857142855,15000,0,1,26-30
5345,6,Blue One M,3000,0,North,Male,24,1,145,0.0,0,1,3,21-25
5346,8,Blue One L,5000,2,Adamawa,Female,23,1,199,0.25,10000,0,1,21-25
5347,8,Blue One L,5000,0,Littoral,Female,27,1,198,0.0,0,1,1,26-30
5348,7,Blue One L,5000,2,North West,Male,25,1,188,0.2857142857142857,10000,0,1,21-25
5349,7,Blue One L,5000,2,South West,Female,27,0,189,0.2857142857142857,10000,0,1,26-30
5350,7,Blue One L,5000,0,East,Male,25,1,175,0.0,0,1,2,21-25
5351,8,Blue One L,5000,3,West,Female,24,0,196,0.375,15000,0,1,21-25
5352,8,Blue One L,5000,3,Centre,Female,27,0,205,0.375,15000,0,1,26-30
5353,7,Blue One L,5000,3,Adamawa,Female,27,0,166,0.42857142857142855,15000,0,2,26-30
5354,8,Blue One L,5000,2,North,Male,26,0,201,0.25,10000,0,1,26-30
5355,8,Blue One L,5000,0,South,Female,27,1,208,0.0,0,1,1,26-30
5356,8,Blue One L,5000,2,South,Male,23,0,207,0.25,10000,0,1,21-25
5357,8,Blue One L,5000,3,South West,Male,31,0,206,0.375,15000,0,1,>30
5358,5,Blue One M,3000,2,South West,Male,28,0,116,0.4,6000,0,4,26-30
5359,5,Blue One M,3000,2,Adamawa,Female,21,0,132,0.4,6000,0,3,21-25
5360,5,Blue One M,3000,2,North,Female,24,1,124,0.4,6000,0,3,21-25
5361,5,Blue One M,3000,3,West,Female,30,0,130,0.6,9000,0,3,26-30
5362,6,Blue One M,3000,2,South,Male,29,0,150,0.3333333333333333,6000,0,2,26-30
5363,6,Blue One M,3000,3,North,Male,24,0,143,0.5,9000,0,3,21-25
5364,6,Blue One M,3000,2,Centre,Male,24,1,139,0.3333333333333333,6000,0,3,21-25
5365,7,Blue One L,5000,2,South,Male,30,0,180,0.2857142857142857,10000,0,1,26-30
5366,8,Blue One L,5000,2,Littoral,Female,30,0,206,0.25,10000,0,1,26-30
5367,8,Blue One L,5000,0,Littoral,Female,29,1,201,0.0,0,1,1,26-30
5368,6,Blue One M,3000,2,North,Male,24,0,151,0.3333333333333333,6000,0,2,21-25
5369,6,Blue One M,3000,2,Centre,Male,27,0,143,0.3333333333333333,6000,0,3,26-30
5370,8,Blue One L,5000,3,West,Female,30,0,196,0.375,15000,0,1,26-30
5371,8,Blue One L,5000,0,North,Male,33,1,202,0.0,0,1,1,>30
5372,7,Blue One L,5000,2,Littoral,Male,27,1,190,0.2857142857142857,10000,0,1,26-30
5373,8,Blue One L,5000,0,North,Female,22,1,199,0.0,0,1,1,21-25
5374,8,Blue One L,5000,2,Centre,Female,29,1,209,0.25,10000,0,1,26-30
5375,5,Blue One M,3000,3,Littoral,Female,25,0,123,0.6,9000,0,3,21-25
5376,8,Blue One L,5000,2,Centre,Male,24,1,196,0.25,10000,0,1,21-25
5377,7,Blue One L,5000,3,Centre,Male,26,0,193,0.42857142857142855,15000,0,1,26-30
5378,8,Blue One L,5000,0,Centre,Male,33,1,203,0.0,0,1,1,>30
5379,4,Blue One M,3000,2,Centre,Male,22,0,98,0.5,6000,0,4,21-25
5380,8,Blue One L,5000,2,South West,Male,23,0,202,0.25,10000,0,1,21-25
5381,7,Blue One L,5000,2,North West,Male,31,0,182,0.2857142857142857,10000,0,1,>30
5382,8,Blue One L,5000,2,South West,Female,30,0,196,0.25,10000,0,1,26-30
5383,8,Blue One L,5000,2,North West,Male,29,0,202,0.25,10000,0,1,26-30
5384,8,Blue One L,5000,0,East,Male,28,1,206,0.0,0,1,1,26-30
5385,8,Blue One L,5000,3,Centre,Female,29,0,201,0.375,15000,0,1,26-30
5386,8,Blue One L,5000,0,North West,Female,25,1,202,0.0,0,1,1,21-25
5387,8,Blue One L,5000,2,East,Male,31,0,196,0.25,10000,0,1,>30
5388,6,Blue One M,3000,0,Centre,Male,30,1,151,0.0,0,1,2,26-30
5389,7,Blue One L,5000,3,South,Female,24,0,188,0.42857142857142855,15000,0,1,21-25
5390,7,Blue One L,5000,3,North West,Female,28,0,188,0.42857142857142855,15000,0,1,26-30
5391,8,Blue One L,5000,2,North,Female,26,1,203,0.25,10000,0,1,26-30
5392,8,Blue One L,5000,2,Far North,Male,26,1,203,0.25,10000,0,1,26-30
5393,7,Blue One L,5000,2,East,Male,28,1,183,0.2857142857142857,10000,0,1,26-30
5394,8,Blue One L,5000,2,Centre,Male,28,1,197,0.25,10000,0,1,26-30
5395,8,Blue One L,5000,2,West,Female,31,1,202,0.25,10000,0,1,>30
5396,8,Blue One L,5000,2,Centre,Male,32,0,202,0.25,10000,0,1,>30
5397,8,Blue One L,5000,3,Littoral,Male,26,0,203,0.375,15000,0,1,26-30
5398,7,Blue One L,5000,0,Adamawa,Female,24,1,189,0.0,0,1,1,21-25
5399,8,Blue One L,5000,2,North,Male,25,1,202,0.25,10000,0,1,21-25
5400,8,Blue One L,5000,0,East,Female,33,1,203,0.0,0,1,1,>30
5401,7,Blue One L,5000,2,South West,Female,23,0,194,0.2857142857142857,10000,0,1,21-25
5402,8,Blue One L,5000,2,Centre,Male,30,1,202,0.25,10000,0,1,26-30
5403,8,Blue One L,5000,2,Far North,Male,30,1,196,0.25,10000,0,1,26-30
5404,8,Blue One L,5000,0,Centre,Female,33,1,202,0.0,0,1,1,>30
5405,8,Blue One L,5000,0,North West,Female,27,1,202,0.0,0,1,1,26-30
5406,7,Blue One L,5000,3,North,Male,28,0,189,0.42857142857142855,15000,0,1,26-30
5407,8,Blue One L,5000,0,North West,Male,24,1,195,0.0,0,1,1,21-25
5408,7,Blue One L,5000,3,Centre,Male,26,0,189,0.42857142857142855,15000,0,1,26-30
5409,8,Blue One L,5000,2,South,Male,25,0,196,0.25,10000,0,1,21-25
5410,8,Blue One L,5000,3,South West,Female,25,0,200,0.375,15000,0,1,21-25
5411,8,Blue One L,5000,3,Centre,Female,23,0,199,0.375,15000,0,1,21-25
5412,8,Blue One L,5000,0,Littoral,Female,26,1,199,0.0,0,1,1,26-30
5413,8,Blue One L,5000,0,North West,Female,24,1,199,0.0,0,1,1,21-25
5414,7,Blue One L,5000,2,East,Male,29,0,189,0.2857142857142857,10000,0,1,26-30
5415,8,Blue One L,5000,2,Centre,Male,29,0,201,0.25,10000,0,1,26-30
5416,7,Blue One L,5000,2,Littoral,Female,30,1,175,0.2857142857142857,10000,0,2,26-30
5417,8,Blue One L,5000,3,North West,Male,27,0,195,0.375,15000,0,1,26-30
5419,8,Blue One L,5000,2,East,Female,26,0,195,0.25,10000,0,1,26-30
5420,7,Blue One L,5000,3,North West,Female,22,0,168,0.42857142857142855,15000,0,2,21-25
5421,7,Blue One L,5000,3,North,Male,24,0,179,0.42857142857142855,15000,0,1,21-25
5422,7,Blue One L,5000,2,West,Female,30,1,188,0.2857142857142857,10000,0,1,26-30
5423,7,Blue One L,5000,3,North,Male,25,0,185,0.42857142857142855,15000,0,1,21-25
5424,7,Blue One L,5000,2,North,Female,23,1,171,0.2857142857142857,10000,0,2,21-25
5425,6,Blue One M,3000,2,East,Male,27,0,157,0.3333333333333333,6000,0,2,26-30
5426,5,Blue One M,3000,2,West,Female,26,0,114,0.4,6000,0,4,26-30
5428,6,Blue One M,3000,0,Adamawa,Male,26,1,161,0.0,0,1,2,26-30
5429,6,Blue One M,3000,3,Far North,Male,26,0,158,0.5,9000,0,2,26-30
5430,6,Blue One M,3000,2,North,Male,26,0,159,0.3333333333333333,6000,0,2,26-30
5431,6,Blue One M,3000,3,South,Female,22,0,161,0.5,9000,0,2,21-25
5432,6,Blue One M,3000,2,South,Female,27,0,157,0.3333333333333333,6000,0,2,26-30
5433,6,Blue One M,3000,0,East,Male,24,1,159,0.0,0,1,2,21-25
5434,6,Blue One M,3000,2,Adamawa,Male,28,0,159,0.3333333333333333,6000,0,2,26-30
5435,6,Blue One M,3000,2,Far North,Female,26,1,158,0.3333333333333333,6000,0,2,26-30
5436,4,Blue One M,3000,3,Adamawa,Male,23,0,75,0.75,9000,0,5,21-25
5437,6,Blue One M,3000,3,Far North,Female,23,0,149,0.5,9000,0,3,21-25
5438,6,Blue One M,3000,3,East,Female,26,0,149,0.5,9000,0,3,26-30
5439,6,Blue One M,3000,2,Far North,Male,22,1,159,0.3333333333333333,6000,0,2,21-25
5440,6,Blue One M,3000,2,East,Male,27,0,159,0.3333333333333333,6000,0,2,26-30
5441,6,Blue One M,3000,2,Adamawa,Male,31,0,150,0.3333333333333333,6000,0,2,>30
5442,6,Blue One M,3000,2,Far North,Male,23,1,153,0.3333333333333333,6000,0,2,21-25
5443,6,Blue One M,3000,3,Far North,Male,25,0,155,0.5,9000,0,2,21-25
5444,6,Blue One M,3000,2,Centre,Female,23,0,150,0.3333333333333333,6000,0,2,21-25
5445,6,Blue One M,3000,2,West,Female,25,0,157,0.3333333333333333,6000,0,2,21-25
5446,6,Blue One M,3000,2,Far North,Male,24,0,149,0.3333333333333333,6000,0,3,21-25
5447,6,Blue One M,3000,2,Far North,Male,23,0,139,0.3333333333333333,6000,0,3,21-25
5448,6,Blue One M,3000,2,Centre,Female,28,1,150,0.3333333333333333,6000,0,2,26-30
5449,6,Blue One M,3000,0,West,Female,23,1,150,0.0,0,1,2,21-25
5450,5,Blue One M,3000,2,Littoral,Male,22,1,125,0.4,6000,0,3,21-25
5451,5,Blue One M,3000,0,South,Male,24,1,131,0.0,0,1,3,21-25
5452,6,Blue One M,3000,2,West,Male,26,1,136,0.3333333333333333,6000,0,3,26-30
5453,5,Blue One M,3000,0,Littoral,Female,22,1,123,0.0,0,1,3,21-25
5454,6,Blue One M,3000,2,Littoral,Female,25,0,146,0.3333333333333333,6000,0,3,21-25
5455,6,Blue One M,3000,3,Far North,Male,28,0,142,0.5,9000,0,3,26-30
5456,6,Blue One M,3000,2,Centre,Female,26,1,150,0.3333333333333333,6000,0,2,26-30
5457,6,Blue One M,3000,2,Far North,Female,29,1,147,0.3333333333333333,6000,0,3,26-30
5458,6,Blue One M,3000,3,East,Male,24,0,150,0.5,9000,0,2,21-25
5459,6,Blue One M,3000,3,East,Female,20,0,147,0.5,9000,0,3,<=20
5460,6,Blue One M,3000,2,East,Male,27,1,149,0.3333333333333333,6000,0,3,26-30
5461,6,Blue One M,3000,2,South West,Female,25,1,144,0.3333333333333333,6000,0,3,21-25
5462,6,Blue One M,3000,2,West,Male,24,0,144,0.3333333333333333,6000,0,3,21-25
5463,6,Blue One M,3000,3,Adamawa,Male,30,0,149,0.5,9000,0,3,26-30
5464,6,Blue One M,3000,2,South West,Female,26,0,150,0.3333333333333333,6000,0,2,26-30
5465,6,Blue One M,3000,0,Centre,Female,27,1,146,0.0,0,1,3,26-30
5466,5,Blue One M,3000,3,South West,Male,27,0,111,0.6,9000,0,4,26-30
5467,5,Blue One M,3000,2,Far North,Male,23,0,123,0.4,6000,0,3,21-25
5468,5,Blue One M,3000,3,Far North,Male,28,0,116,0.6,9000,0,4,26-30
5469,5,Blue One M,3000,2,South West,Female,26,1,126,0.4,6000,0,3,26-30
5470,5,Blue One M,3000,2,North,Male,23,1,125,0.4,6000,0,3,21-25
5471,5,Blue One M,3000,0,Littoral,Female,19,1,122,0.0,0,1,3,<=20
5472,5,Blue One M,3000,2,Far North,Male,25,1,124,0.4,6000,0,3,21-25
5473,5,Blue One M,3000,2,North,Male,25,0,124,0.4,6000,0,3,21-25
5474,5,Blue One M,3000,3,Adamawa,Male,25,0,124,0.6,9000,0,3,21-25
5475,5,Blue One M,3000,0,West,Male,26,1,125,0.0,0,1,3,26-30
5476,5,Blue One M,3000,2,Adamawa,Female,31,1,116,0.4,6000,0,4,>30
5477,5,Blue One M,3000,3,West,Male,28,0,116,0.6,9000,0,4,26-30
5478,5,Blue One M,3000,2,Far North,Female,27,1,111,0.4,6000,0,4,26-30
5479,5,Blue One M,3000,2,Adamawa,Female,24,1,116,0.4,6000,0,4,21-25
5480,5,Blue One M,3000,3,Centre,Male,23,0,124,0.6,9000,0,3,21-25
5481,5,Blue One M,3000,2,North,Male,23,1,126,0.4,6000,0,3,21-25
5482,5,Blue One M,3000,2,North West,Male,28,0,107,0.4,6000,0,4,26-30
5483,6,Blue One M,3000,2,North,Male,29,1,139,0.3333333333333333,6000,0,3,26-30
5484,6,Blue One M,3000,2,West,Female,22,1,143,0.3333333333333333,6000,0,3,21-25
5485,6,Blue One M,3000,0,East,Female,23,1,139,0.0,0,1,3,21-25
5486,5,Blue One M,3000,2,Centre,Female,20,0,125,0.4,6000,0,3,<=20
5487,5,Blue One M,3000,2,Centre,Female,24,0,129,0.4,6000,0,3,21-25
5488,5,Blue One M,3000,0,Littoral,Female,30,1,125,0.0,0,1,3,26-30
5489,6,Blue One M,3000,0,Littoral,Male,25,1,136,0.0,0,1,3,21-25
5490,6,Blue One M,3000,0,North,Female,28,1,138,0.0,0,1,3,26-30
5491,5,Blue One M,3000,2,East,Male,29,1,118,0.4,6000,0,4,26-30
5492,4,Blue One M,3000,2,North,Male,22,0,100,0.5,6000,0,4,21-25
5493,5,Blue One M,3000,0,Far North,Male,27,1,133,0.0,0,1,3,26-30
5494,5,Blue One M,3000,3,Littoral,Female,20,0,116,0.6,9000,0,4,<=20
5495,6,Blue One M,3000,0,East,Female,24,1,136,0.0,0,1,3,21-25
5496,5,Blue One M,3000,2,West,Female,19,1,132,0.4,6000,0,3,<=20
5497,5,Blue One M,3000,3,East,Male,24,0,130,0.6,9000,0,3,21-25
5498,6,Blue One M,3000,2,Adamawa,Male,31,1,143,0.3333333333333333,6000,0,3,>30
5499,6,Blue One M,3000,2,North,Male,28,0,142,0.3333333333333333,6000,0,3,26-30
5500,6,Blue One M,3000,2,South West,Male,26,0,143,0.3333333333333333,6000,0,3,26-30
5501,5,Blue One M,3000,3,Far North,Female,26,0,115,0.6,9000,0,4,26-30
5502,4,Blue One M,3000,3,North West,Male,19,0,76,0.75,9000,0,5,<=20
5503,5,Blue One M,3000,2,South,Male,19,1,118,0.4,6000,0,4,<=20
5504,5,Blue One M,3000,3,Far North,Female,25,0,133,0.6,9000,0,3,21-25
5505,5,Blue One M,3000,2,North West,Female,28,0,130,0.4,6000,0,3,26-30
5506,6,Blue One M,3000,2,North,Male,25,1,139,0.3333333333333333,6000,0,3,21-25
5507,6,Blue One M,3000,3,Littoral,Female,22,0,137,0.5,9000,0,3,21-25
5508,7,Blue One L,5000,3,North West,Female,26,0,181,0.42857142857142855,15000,0,1,26-30
5509,7,Blue One L,5000,0,North,Male,25,1,181,0.0,0,1,1,21-25
5510,7,Blue One L,5000,2,North,Male,26,0,165,0.2857142857142857,10000,0,2,26-30
5511,7,Blue One L,5000,2,South,Male,28,1,174,0.2857142857142857,10000,0,2,26-30
5512,7,Blue One L,5000,3,Far North,Male,23,0,173,0.42857142857142855,15000,0,2,21-25
5513,7,Blue One L,5000,3,South,Female,22,0,189,0.42857142857142855,15000,0,1,21-25
5514,7,Blue One L,5000,0,North,Male,23,1,185,0.0,0,1,1,21-25
5515,7,Blue One L,5000,0,East,Male,29,1,187,0.0,0,1,1,26-30
5516,7,Blue One L,5000,2,Far North,Male,26,0,185,0.2857142857142857,10000,0,1,26-30
5517,6,Blue One M,3000,3,East,Female,24,0,161,0.5,9000,0,2,21-25
5518,7,Blue One L,5000,2,South West,Male,25,0,186,0.2857142857142857,10000,0,1,21-25
5519,7,Blue One L,5000,2,Centre,Male,26,1,180,0.2857142857142857,10000,0,1,26-30
5520,7,Blue One L,5000,0,East,Female,27,1,189,0.0,0,1,1,26-30
5521,4,Blue One M,3000,2,East,Male,24,0,91,0.5,6000,0,4,21-25
5522,4,Blue One M,3000,2,East,Female,25,1,104,0.5,6000,0,4,21-25
5523,6,Blue One M,3000,3,South,Male,26,0,147,0.5,9000,0,3,26-30
5524,7,Blue One L,5000,2,North West,Female,27,1,172,0.2857142857142857,10000,0,2,26-30
5525,7,Blue One L,5000,0,Littoral,Male,33,1,182,0.0,0,1,1,>30
5526,7,Blue One L,5000,2,West,Male,19,0,184,0.2857142857142857,10000,0,1,<=20
5527,7,Blue One L,5000,0,Centre,Male,24,1,183,0.0,0,1,1,21-25
5528,7,Blue One L,5000,2,North West,Male,25,0,177,0.2857142857142857,10000,0,2,21-25
5529,7,Blue One L,5000,2,Centre,Female,22,1,172,0.2857142857142857,10000,0,2,21-25
5530,7,Blue One L,5000,3,North,Female,26,0,170,0.42857142857142855,15000,0,2,26-30
5531,6,Blue One M,3000,3,South West,Male,26,0,152,0.5,9000,0,2,26-30
5532,6,Blue One M,3000,3,East,Female,28,0,146,0.5,9000,0,3,26-30
5534,7,Blue One L,5000,0,Littoral,Male,21,1,182,0.0,0,1,1,21-25
5535,7,Blue One L,5000,3,North,Male,33,0,182,0.42857142857142855,15000,0,1,>30
5536,4,Blue One M,3000,2,East,Female,21,0,81,0.5,6000,0,5,21-25
5537,6,Blue One M,3000,3,North,Male,25,0,162,0.5,9000,0,2,21-25
5538,7,Blue One L,5000,2,Littoral,Female,21,1,165,0.2857142857142857,10000,0,2,21-25
5539,7,Blue One L,5000,2,South West,Female,21,1,178,0.2857142857142857,10000,0,2,21-25
5540,7,Blue One L,5000,3,Littoral,Male,30,0,171,0.42857142857142855,15000,0,2,26-30
5541,7,Blue One L,5000,2,South West,Male,26,0,175,0.2857142857142857,10000,0,2,26-30
5542,5,Blue One M,3000,3,North,Male,26,0,129,0.6,9000,0,3,26-30
5543,7,Blue One L,5000,0,Far North,Male,26,1,175,0.0,0,1,2,26-30
5544,7,Blue One L,5000,2,North West,Female,20,0,175,0.2857142857142857,10000,0,2,<=20
5545,7,Blue One L,5000,3,Centre,Female,20,0,180,0.42857142857142855,15000,0,1,<=20
5546,7,Blue One L,5000,3,South,Male,29,0,175,0.42857142857142855,15000,0,2,26-30
5547,7,Blue One L,5000,0,Adamawa,Female,28,1,179,0.0,0,1,1,26-30
5548,5,Blue One M,3000,2,South,Female,23,0,111,0.4,6000,0,4,21-25
5549,5,Blue One M,3000,3,South West,Female,30,0,122,0.6,9000,0,3,26-30
5550,5,Blue One M,3000,2,South West,Female,24,1,125,0.4,6000,0,3,21-25
5551,4,Blue One M,3000,2,North,Male,25,1,97,0.5,6000,0,4,21-25
5552,6,Blue One M,3000,2,South West,Male,27,0,156,0.3333333333333333,6000,0,2,26-30
5553,6,Blue One M,3000,0,East,Female,29,1,147,0.0,0,1,3,26-30
5554,5,Blue One M,3000,0,Littoral,Male,23,1,116,0.0,0,1,4,21-25
5555,5,Blue One M,3000,0,Centre,Female,27,1,110,0.0,0,1,4,26-30
5556,7,Blue One L,5000,2,Centre,Female,29,0,178,0.2857142857142857,10000,0,1,26-30
5557,7,Blue One L,5000,2,Centre,Male,23,1,179,0.2857142857142857,10000,0,1,21-25
5559,6,Blue One M,3000,3,North,Male,24,0,164,0.5,9000,0,2,21-25
5560,6,Blue One M,3000,2,Adamawa,Female,27,0,151,0.3333333333333333,6000,0,2,26-30
5561,7,Blue One L,5000,0,North West,Male,24,1,171,0.0,0,1,2,21-25
5562,6,Blue One M,3000,2,Centre,Male,24,0,147,0.3333333333333333,6000,0,3,21-25
5563,6,Blue One M,3000,2,South,Male,22,1,160,0.3333333333333333,6000,0,2,21-25
5564,6,Blue One M,3000,0,East,Female,25,1,161,0.0,0,1,2,21-25
5565,7,Blue One L,5000,2,West,Female,25,1,172,0.2857142857142857,10000,0,2,21-25
5566,6,Blue One M,3000,2,North,Male,21,0,160,0.3333333333333333,6000,0,2,21-25
5567,7,Blue One L,5000,0,Centre,Female,28,1,171,0.0,0,1,2,26-30
5568,6,Blue One M,3000,2,South West,Male,30,1,163,0.3333333333333333,6000,0,2,26-30
5569,7,Blue One L,5000,3,Far North,Male,26,0,172,0.42857142857142855,15000,0,2,26-30
5570,7,Blue One L,5000,2,North West,Male,24,1,165,0.2857142857142857,10000,0,2,21-25
5571,8,Blue One L,5000,2,Far North,Male,28,0,195,0.25,10000,0,1,26-30
5572,7,Blue One L,5000,2,East,Female,26,0,191,0.2857142857142857,10000,0,1,26-30
5573,7,Blue One L,5000,2,Littoral,Male,25,0,193,0.2857142857142857,10000,0,1,21-25
5574,7,Blue One L,5000,2,North,Male,33,1,189,0.2857142857142857,10000,0,1,>30
5575,8,Blue One L,5000,0,East,Female,27,1,199,0.0,0,1,1,26-30
5576,7,Blue One L,5000,2,Centre,Male,26,0,192,0.2857142857142857,10000,0,1,26-30
5577,7,Blue One L,5000,0,Far North,Male,25,1,189,0.0,0,1,1,21-25
5578,7,Blue One L,5000,2,Far North,Male,24,1,175,0.2857142857142857,10000,0,2,21-25
5579,7,Blue One L,5000,2,West,Male,32,0,188,0.2857142857142857,10000,0,1,>30
5580,7,Blue One L,5000,0,Adamawa,Female,26,1,188,0.0,0,1,1,26-30
5581,7,Blue One L,5000,0,West,Male,33,1,193,0.0,0,1,1,>30
5582,6,Blue One M,3000,2,Adamawa,Male,23,1,147,0.3333333333333333,6000,0,3,21-25
5583,6,Blue One M,3000,0,East,Female,22,1,144,0.0,0,1,3,21-25
5584,7,Blue One L,5000,2,South West,Female,26,1,173,0.2857142857142857,10000,0,2,26-30
5585,6,Blue One M,3000,0,Littoral,Female,24,1,160,0.0,0,1,2,21-25
5586,6,Blue One M,3000,3,East,Male,22,0,158,0.5,9000,0,2,21-25
5587,6,Blue One M,3000,3,South,Female,20,0,152,0.5,9000,0,2,<=20
5588,7,Blue One L,5000,0,West,Female,21,1,188,0.0,0,1,1,21-25
5589,7,Blue One L,5000,3,South,Male,29,0,181,0.42857142857142855,15000,0,1,26-30
5590,7,Blue One L,5000,2,West,Male,29,0,182,0.2857142857142857,10000,0,1,26-30
5591,6,Blue One M,3000,3,East,Female,22,0,147,0.5,9000,0,3,21-25
5592,7,Blue One L,5000,2,Littoral,Female,29,0,175,0.2857142857142857,10000,0,2,26-30
5593,7,Blue One L,5000,0,Far North,Male,25,1,174,0.0,0,1,2,21-25
5594,7,Blue One L,5000,2,South,Female,26,1,183,0.2857142857142857,10000,0,1,26-30
5595,7,Blue One L,5000,3,South West,Male,26,0,184,0.42857142857142855,15000,0,1,26-30
5596,7,Blue One L,5000,0,North West,Female,23,1,191,0.0,0,1,1,21-25
5597,7,Blue One L,5000,2,Far North,Male,30,0,187,0.2857142857142857,10000,0,1,26-30
5598,7,Blue One L,5000,0,South,Male,24,1,187,0.0,0,1,1,21-25
5599,7,Blue One L,5000,2,Far North,Male,28,0,192,0.2857142857142857,10000,0,1,26-30
5600,7,Blue One L,5000,0,Centre,Male,22,1,177,0.0,0,1,2,21-25
5601,6,Blue One M,3000,2,Far North,Male,24,0,163,0.3333333333333333,6000,0,2,21-25
5602,7,Blue One L,5000,0,Adamawa,Female,28,1,184,0.0,0,1,1,26-30
5603,6,Blue One M,3000,2,Centre,Male,26,1,160,0.3333333333333333,6000,0,2,26-30
5604,6,Blue One M,3000,2,South,Male,23,0,154,0.3333333333333333,6000,0,2,21-25
5605,6,Blue One M,3000,2,Littoral,Female,20,0,136,0.3333333333333333,6000,0,3,<=20
5606,7,Blue One L,5000,2,South,Female,29,0,185,0.2857142857142857,10000,0,1,26-30
5607,7,Blue One L,5000,0,Littoral,Male,24,1,186,0.0,0,1,1,21-25
5608,7,Blue One L,5000,2,Littoral,Male,28,0,186,0.2857142857142857,10000,0,1,26-30
5609,7,Blue One L,5000,2,Littoral,Male,28,0,182,0.2857142857142857,10000,0,1,26-30
5610,6,Blue One M,3000,3,North,Female,25,0,161,0.5,9000,0,2,21-25
5611,7,Blue One L,5000,0,South West,Male,26,1,185,0.0,0,1,1,26-30
5612,4,Blue One M,3000,3,Far North,Female,28,0,77,0.75,9000,0,5,26-30
5613,4,Blue One M,3000,2,North,Female,24,0,76,0.5,6000,0,5,21-25
5614,5,Blue One M,3000,0,South,Female,23,1,121,0.0,0,1,3,21-25
5615,5,Blue One M,3000,2,Adamawa,Male,23,1,118,0.4,6000,0,4,21-25
5616,5,Blue One M,3000,2,Far North,Male,22,1,111,0.4,6000,0,4,21-25
5617,4,Blue One M,3000,2,Littoral,Female,25,0,100,0.5,6000,0,4,21-25
5618,5,Blue One M,3000,2,North West,Male,21,1,118,0.4,6000,0,4,21-25
5619,5,Blue One M,3000,3,West,Female,21,0,108,0.6,9000,0,4,21-25
5620,4,Blue One M,3000,2,Littoral,Male,21,0,99,0.5,6000,0,4,21-25
5621,5,Blue One M,3000,2,Littoral,Male,25,0,105,0.4,6000,0,4,21-25
5622,4,Blue One M,3000,2,Centre,Male,30,1,98,0.5,6000,0,4,26-30
5623,5,Blue One M,3000,2,North West,Male,21,1,109,0.4,6000,0,4,21-25
5624,5,Blue One M,3000,3,South,Male,24,0,117,0.6,9000,0,4,21-25
5625,5,Blue One M,3000,2,North West,Male,26,0,115,0.4,6000,0,4,26-30
5626,5,Blue One M,3000,2,West,Male,25,0,115,0.4,6000,0,4,21-25
5627,5,Blue One M,3000,2,Adamawa,Female,23,1,115,0.4,6000,0,4,21-25
5628,6,Blue One M,3000,0,Adamawa,Female,30,1,161,0.0,0,1,2,26-30
5629,6,Blue One M,3000,2,South,Female,33,0,161,0.3333333333333333,6000,0,2,>30
5630,6,Blue One M,3000,2,Adamawa,Male,23,1,157,0.3333333333333333,6000,0,2,21-25
5631,6,Blue One M,3000,2,East,Male,29,0,156,0.3333333333333333,6000,0,2,26-30
5632,6,Blue One M,3000,3,Littoral,Male,27,0,145,0.5,9000,0,3,26-30
5633,5,Blue One M,3000,0,South,Female,21,1,125,0.0,0,1,3,21-25
5634,6,Blue One M,3000,0,West,Male,28,1,145,0.0,0,1,3,26-30
5635,6,Blue One M,3000,2,South West,Male,24,0,148,0.3333333333333333,6000,0,3,21-25
5636,6,Blue One M,3000,0,East,Male,24,1,160,0.0,0,1,2,21-25
5637,6,Blue One M,3000,0,Centre,Male,28,1,159,0.0,0,1,2,26-30
5638,6,Blue One M,3000,2,North,Male,22,0,160,0.3333333333333333,6000,0,2,21-25
5639,4,Blue One M,3000,3,West,Female,26,0,85,0.75,9000,0,5,26-30
5640,6,Blue One M,3000,3,South,Male,23,0,159,0.5,9000,0,2,21-25
5641,6,Blue One M,3000,2,North West,Male,29,1,159,0.3333333333333333,6000,0,2,26-30
5642,5,Blue One M,3000,2,North West,Male,28,0,128,0.4,6000,0,3,26-30
5643,4,Blue One M,3000,3,East,Female,24,0,96,0.75,9000,0,4,21-25
5644,6,Blue One M,3000,2,North West,Female,28,0,151,0.3333333333333333,6000,0,2,26-30
5645,6,Blue One M,3000,0,South West,Male,28,1,153,0.0,0,1,2,26-30
5646,6,Blue One M,3000,2,Centre,Female,30,1,151,0.3333333333333333,6000,0,2,26-30
5647,6,Blue One M,3000,2,South West,Female,27,1,149,0.3333333333333333,6000,0,3,26-30
5648,6,Blue One M,3000,3,Adamawa,Female,26,0,152,0.5,9000,0,2,26-30
5649,6,Blue One M,3000,3,South West,Male,33,0,152,0.5,9000,0,2,>30
5650,6,Blue One M,3000,2,Far North,Female,22,0,150,0.3333333333333333,6000,0,3,21-25
5651,6,Blue One M,3000,2,North West,Male,25,1,146,0.3333333333333333,6000,0,3,21-25
5652,5,Blue One M,3000,3,East,Female,23,0,134,0.6,9000,0,3,21-25
5653,7,Blue One L,5000,0,South West,Female,26,1,180,0.0,0,1,1,26-30
5654,6,Blue One M,3000,2,Centre,Female,23,0,164,0.3333333333333333,6000,0,2,21-25
5655,7,Blue One L,5000,2,Littoral,Male,29,1,171,0.2857142857142857,10000,0,2,26-30
5656,5,Blue One M,3000,2,South,Male,20,1,132,0.4,6000,0,3,<=20
5657,7,Blue One L,5000,0,Far North,Male,24,1,167,0.0,0,1,2,21-25
5658,7,Blue One L,5000,3,Far North,Female,31,0,179,0.42857142857142855,15000,0,1,>30
5659,4,Blue One M,3000,3,East,Male,19,0,83,0.75,9000,0,5,<=20
5660,7,Blue One L,5000,0,West,Male,29,1,166,0.0,0,1,2,26-30
5662,7,Blue One L,5000,0,West,Male,31,1,176,0.0,0,1,2,>30
5663,7,Blue One L,5000,0,West,Male,26,1,165,0.0,0,1,2,26-30
5664,7,Blue One L,5000,3,Centre,Male,25,0,178,0.42857142857142855,15000,0,1,21-25
5665,7,Blue One L,5000,3,Far North,Male,31,0,178,0.42857142857142855,15000,0,1,>30
5666,7,Blue One L,5000,2,South West,Female,29,0,173,0.2857142857142857,10000,0,2,26-30
5667,6,Blue One M,3000,2,East,Female,24,1,154,0.3333333333333333,6000,0,2,21-25
5668,7,Blue One L,5000,2,Centre,Male,27,1,175,0.2857142857142857,10000,0,2,26-30
5669,7,Blue One L,5000,2,Far North,Female,26,0,174,0.2857142857142857,10000,0,2,26-30
5670,7,Blue One L,5000,3,North,Male,25,0,172,0.42857142857142855,15000,0,2,21-25
5671,7,Blue One L,5000,3,North West,Female,26,0,172,0.42857142857142855,15000,0,2,26-30
5672,7,Blue One L,5000,3,Far North,Male,28,0,171,0.42857142857142855,15000,0,2,26-30
5673,7,Blue One L,5000,2,North,Male,25,1,171,0.2857142857142857,10000,0,2,21-25
5675,6,Blue One M,3000,2,North,Male,29,0,136,0.3333333333333333,6000,0,3,26-30
5676,5,Blue One M,3000,0,North,Male,24,1,131,0.0,0,1,3,21-25
5677,6,Blue One M,3000,0,North West,Female,25,1,137,0.0,0,1,3,21-25
5678,5,Blue One M,3000,0,Far North,Female,25,1,131,0.0,0,1,3,21-25
5679,5,Blue One M,3000,2,East,Male,30,1,127,0.4,6000,0,3,26-30
5680,5,Blue One M,3000,0,South West,Female,24,1,132,0.0,0,1,3,21-25
5681,5,Blue One M,3000,2,North West,Male,25,1,134,0.4,6000,0,3,21-25
5682,5,Blue One M,3000,0,Littoral,Male,21,1,132,0.0,0,1,3,21-25
5683,5,Blue One M,3000,3,North,Male,27,0,134,0.6,9000,0,3,26-30
5684,5,Blue One M,3000,3,North West,Female,24,0,118,0.6,9000,0,4,21-25
5685,5,Blue One M,3000,3,West,Male,27,0,118,0.6,9000,0,4,26-30
5686,5,Blue One M,3000,3,Littoral,Male,23,0,125,0.6,9000,0,3,21-25
5687,5,Blue One M,3000,2,Littoral,Female,28,0,125,0.4,6000,0,3,26-30
5688,6,Blue One M,3000,2,South,Female,24,1,135,0.3333333333333333,6000,0,3,21-25
5689,5,Blue One M,3000,2,North,Male,24,0,132,0.4,6000,0,3,21-25
5690,5,Blue One M,3000,0,Centre,Male,21,1,119,0.0,0,1,4,21-25
5691,5,Blue One M,3000,3,North,Male,26,0,117,0.6,9000,0,4,26-30
5692,5,Blue One M,3000,2,West,Female,28,1,123,0.4,6000,0,3,26-30
5693,6,Blue One M,3000,0,Adamawa,Male,27,1,159,0.0,0,1,2,26-30
5694,6,Blue One M,3000,2,Adamawa,Male,23,0,157,0.3333333333333333,6000,0,2,21-25
5695,6,Blue One M,3000,3,Littoral,Female,25,0,152,0.5,9000,0,2,21-25
5696,6,Blue One M,3000,2,East,Female,29,1,159,0.3333333333333333,6000,0,2,26-30
5697,6,Blue One M,3000,2,Far North,Male,22,0,136,0.3333333333333333,6000,0,3,21-25
5698,6,Blue One M,3000,3,North,Male,24,0,157,0.5,9000,0,2,21-25
5699,6,Blue One M,3000,0,North West,Male,24,1,159,0.0,0,1,2,21-25
5700,6,Blue One M,3000,3,Centre,Female,29,0,145,0.5,9000,0,3,26-30
5701,6,Blue One M,3000,0,Far North,Male,24,1,150,0.0,0,1,2,21-25
5702,6,Blue One M,3000,2,Adamawa,Male,23,0,150,0.3333333333333333,6000,0,2,21-25
5703,6,Blue One M,3000,2,South,Male,25,0,157,0.3333333333333333,6000,0,2,21-25
5704,6,Blue One M,3000,2,West,Male,22,0,145,0.3333333333333333,6000,0,3,21-25
5705,6,Blue One M,3000,2,North West,Female,28,0,153,0.3333333333333333,6000,0,2,26-30
5706,6,Blue One M,3000,3,Adamawa,Male,24,0,150,0.5,9000,0,2,21-25
5707,6,Blue One M,3000,3,Centre,Female,25,0,150,0.5,9000,0,2,21-25
5708,6,Blue One M,3000,2,North West,Male,20,1,150,0.3333333333333333,6000,0,2,<=20
5709,6,Blue One M,3000,3,South West,Female,25,0,153,0.5,9000,0,2,21-25
5710,6,Blue One M,3000,3,Littoral,Female,21,0,152,0.5,9000,0,2,21-25
5711,6,Blue One M,3000,3,North West,Female,22,0,135,0.5,9000,0,3,21-25
5712,6,Blue One M,3000,2,North,Female,26,1,144,0.3333333333333333,6000,0,3,26-30
5713,6,Blue One M,3000,2,Littoral,Male,22,0,136,0.3333333333333333,6000,0,3,21-25
5714,4,Blue One M,3000,2,Far North,Male,21,0,103,0.5,6000,0,4,21-25
5715,4,Blue One M,3000,0,South West,Male,23,1,102,0.0,0,1,4,21-25
5716,5,Blue One M,3000,2,Adamawa,Female,29,1,109,0.4,6000,0,4,26-30
5717,5,Blue One M,3000,0,South West,Female,23,1,115,0.0,0,1,4,21-25
5718,5,Blue One M,3000,3,Littoral,Female,20,0,115,0.6,9000,0,4,<=20
5722,4,Blue One M,3000,0,South,Female,25,1,97,0.0,0,1,4,21-25
5723,4,Blue One M,3000,0,Littoral,Female,24,1,90,0.0,0,1,4,21-25
5725,6,Blue One M,3000,2,South,Male,25,1,163,0.3333333333333333,6000,0,2,21-25
5726,6,Blue One M,3000,0,South,Male,22,1,146,0.0,0,1,3,21-25
5727,6,Blue One M,3000,2,South,Male,20,0,145,0.3333333333333333,6000,0,3,<=20
5728,6,Blue One M,3000,2,Centre,Male,26,0,143,0.3333333333333333,6000,0,3,26-30
5729,6,Blue One M,3000,0,North West,Female,27,1,145,0.0,0,1,3,26-30
5730,6,Blue One M,3000,0,Far North,Male,26,1,146,0.0,0,1,3,26-30
5731,6,Blue One M,3000,2,Far North,Male,27,1,159,0.3333333333333333,6000,0,2,26-30
5732,6,Blue One M,3000,3,North,Male,24,0,159,0.5,9000,0,2,21-25
5733,6,Blue One M,3000,0,Centre,Male,27,1,152,0.0,0,1,2,26-30
5734,6,Blue One M,3000,2,East,Male,26,1,153,0.3333333333333333,6000,0,2,26-30
5735,6,Blue One M,3000,2,South West,Female,25,0,154,0.3333333333333333,6000,0,2,21-25
5736,6,Blue One M,3000,0,Adamawa,Male,25,1,160,0.0,0,1,2,21-25
5737,6,Blue One M,3000,2,Far North,Male,24,1,156,0.3333333333333333,6000,0,2,21-25
5738,6,Blue One M,3000,3,East,Male,26,0,143,0.5,9000,0,3,26-30
5739,6,Blue One M,3000,2,South,Male,28,1,144,0.3333333333333333,6000,0,3,26-30
5740,6,Blue One M,3000,3,Centre,Female,25,0,144,0.5,9000,0,3,21-25
5741,6,Blue One M,3000,2,Centre,Male,29,1,153,0.3333333333333333,6000,0,2,26-30
5742,6,Blue One M,3000,3,Far North,Male,23,0,153,0.5,9000,0,2,21-25
5743,6,Blue One M,3000,2,Far North,Female,24,0,151,0.3333333333333333,6000,0,2,21-25
5744,6,Blue One M,3000,0,North,Male,20,1,150,0.0,0,1,2,<=20
5745,6,Blue One M,3000,2,Adamawa,Female,22,1,145,0.3333333333333333,6000,0,3,21-25
5746,5,Blue One M,3000,2,North,Male,30,0,107,0.4,6000,0,4,26-30
5747,6,Blue One M,3000,2,North West,Female,30,1,150,0.3333333333333333,6000,0,2,26-30
5748,6,Blue One M,3000,3,Adamawa,Female,21,0,150,0.5,9000,0,2,21-25
5749,6,Blue One M,3000,0,East,Male,27,1,148,0.0,0,1,3,26-30
5750,6,Blue One M,3000,3,Littoral,Female,23,0,143,0.5,9000,0,3,21-25
5751,7,Blue One L,5000,3,South,Male,30,0,181,0.42857142857142855,15000,0,1,26-30
5752,6,Blue One M,3000,2,North,Female,27,1,140,0.3333333333333333,6000,0,3,26-30
5753,7,Blue One L,5000,3,East,Female,31,0,180,0.42857142857142855,15000,0,1,>30
5754,7,Blue One L,5000,2,Littoral,Female,28,1,180,0.2857142857142857,10000,0,1,26-30
5755,7,Blue One L,5000,3,East,Male,26,0,169,0.42857142857142855,15000,0,2,26-30
5756,7,Blue One L,5000,2,North,Male,27,1,169,0.2857142857142857,10000,0,2,26-30
5757,7,Blue One L,5000,3,East,Male,28,0,182,0.42857142857142855,15000,0,1,26-30
5758,7,Blue One L,5000,2,North,Female,28,0,180,0.2857142857142857,10000,0,1,26-30
5759,7,Blue One L,5000,2,North,Male,26,1,172,0.2857142857142857,10000,0,2,26-30
5760,6,Blue One M,3000,3,Far North,Female,30,0,160,0.5,9000,0,2,26-30
5761,7,Blue One L,5000,2,North West,Female,28,0,182,0.2857142857142857,10000,0,1,26-30
5762,4,Blue One M,3000,3,South West,Female,22,0,97,0.75,9000,0,4,21-25
5763,7,Blue One L,5000,3,Littoral,Male,29,0,180,0.42857142857142855,15000,0,1,26-30
5764,7,Blue One L,5000,2,North West,Female,25,0,180,0.2857142857142857,10000,0,1,21-25
5765,7,Blue One L,5000,2,Littoral,Female,28,0,182,0.2857142857142857,10000,0,1,26-30
5766,7,Blue One L,5000,2,North,Male,25,1,182,0.2857142857142857,10000,0,1,21-25
5767,7,Blue One L,5000,2,Far North,Male,24,1,182,0.2857142857142857,10000,0,1,21-25
5768,7,Blue One L,5000,3,Littoral,Male,28,0,179,0.42857142857142855,15000,0,1,26-30
5769,7,Blue One L,5000,0,Far North,Male,31,1,172,0.0,0,1,2,>30
5770,7,Blue One L,5000,2,South West,Female,25,0,183,0.2857142857142857,10000,0,1,21-25
5771,7,Blue One L,5000,0,Littoral,Female,29,1,184,0.0,0,1,1,26-30
5772,7,Blue One L,5000,0,Centre,Male,24,1,175,0.0,0,1,2,21-25
5773,7,Blue One L,5000,0,East,Female,30,1,183,0.0,0,1,1,26-30
5774,7,Blue One L,5000,2,East,Female,25,0,179,0.2857142857142857,10000,0,1,21-25
5775,7,Blue One L,5000,2,Far North,Male,31,1,180,0.2857142857142857,10000,0,1,>30
5776,6,Blue One M,3000,2,Far North,Female,23,1,148,0.3333333333333333,6000,0,3,21-25
5777,7,Blue One L,5000,0,East,Male,29,1,179,0.0,0,1,1,26-30
5778,7,Blue One L,5000,2,North,Male,32,1,182,0.2857142857142857,10000,0,1,>30
5779,7,Blue One L,5000,2,East,Female,28,1,180,0.2857142857142857,10000,0,1,26-30
5780,7,Blue One L,5000,0,North,Male,24,1,182,0.0,0,1,1,21-25
5781,7,Blue One L,5000,2,Littoral,Male,27,0,182,0.2857142857142857,10000,0,1,26-30
5782,7,Blue One L,5000,0,West,Male,26,1,185,0.0,0,1,1,26-30
5783,7,Blue One L,5000,3,Adamawa,Female,30,0,169,0.42857142857142855,15000,0,2,26-30
5784,7,Blue One L,5000,2,Far North,Male,26,1,178,0.2857142857142857,10000,0,1,26-30
5785,7,Blue One L,5000,2,South West,Female,26,0,178,0.2857142857142857,10000,0,1,26-30
5786,7,Blue One L,5000,2,North,Male,26,1,181,0.2857142857142857,10000,0,1,26-30
5787,7,Blue One L,5000,3,North,Male,22,0,182,0.42857142857142855,15000,0,1,21-25
5788,7,Blue One L,5000,0,Centre,Male,24,1,179,0.0,0,1,1,21-25
5789,7,Blue One L,5000,3,Littoral,Female,28,0,181,0.42857142857142855,15000,0,1,26-30
5790,7,Blue One L,5000,2,Adamawa,Female,28,1,180,0.2857142857142857,10000,0,1,26-30
5791,7,Blue One L,5000,2,North West,Male,22,1,167,0.2857142857142857,10000,0,2,21-25
5792,7,Blue One L,5000,2,South West,Female,26,1,181,0.2857142857142857,10000,0,1,26-30
5793,7,Blue One L,5000,2,West,Male,27,1,179,0.2857142857142857,10000,0,1,26-30
5794,7,Blue One L,5000,0,Centre,Female,31,1,179,0.0,0,1,1,>30
5795,7,Blue One L,5000,2,North West,Female,26,1,180,0.2857142857142857,10000,0,1,26-30
5796,3,Blue One S,2000,1,Centre,Male,27,0,68,0.3333333333333333,2000,0,5,26-30
5797,7,Blue One L,5000,2,Adamawa,Female,28,1,172,0.2857142857142857,10000,0,2,26-30
5798,7,Blue One L,5000,0,Adamawa,Male,31,1,179,0.0,0,1,1,>30
5799,7,Blue One L,5000,2,North West,Male,28,1,179,0.2857142857142857,10000,0,1,26-30
5800,7,Blue One L,5000,3,Littoral,Male,24,0,175,0.42857142857142855,15000,0,2,21-25
5801,7,Blue One L,5000,2,South West,Female,23,1,179,0.2857142857142857,10000,0,1,21-25
5802,7,Blue One L,5000,2,North West,Female,26,1,179,0.2857142857142857,10000,0,1,26-30
5803,5,Blue One M,3000,2,North,Female,28,1,130,0.4,6000,0,3,26-30
5804,7,Blue One L,5000,3,West,Female,30,0,178,0.42857142857142855,15000,0,2,26-30
5805,7,Blue One L,5000,2,North,Female,28,0,178,0.2857142857142857,10000,0,1,26-30
5806,7,Blue One L,5000,0,Centre,Male,29,1,180,0.0,0,1,1,26-30
5807,7,Blue One L,5000,2,Adamawa,Female,26,1,176,0.2857142857142857,10000,0,2,26-30
5808,7,Blue One L,5000,3,North West,Male,23,0,176,0.42857142857142855,15000,0,2,21-25
5809,7,Blue One L,5000,2,Far North,Male,31,1,175,0.2857142857142857,10000,0,2,>30
5810,5,Blue One M,3000,2,North West,Female,24,1,106,0.4,6000,0,4,21-25
5811,6,Blue One M,3000,2,East,Female,25,1,155,0.3333333333333333,6000,0,2,21-25
5812,7,Blue One L,5000,2,Far North,Male,31,1,172,0.2857142857142857,10000,0,2,>30
5813,7,Blue One L,5000,2,Far North,Male,24,1,168,0.2857142857142857,10000,0,2,21-25
5814,7,Blue One L,5000,0,South West,Male,25,1,176,0.0,0,1,2,21-25
5815,7,Blue One L,5000,3,Adamawa,Male,26,0,168,0.42857142857142855,15000,0,2,26-30
5816,7,Blue One L,5000,0,Far North,Male,25,1,168,0.0,0,1,2,21-25
5817,7,Blue One L,5000,2,North West,Female,25,0,168,0.2857142857142857,10000,0,2,21-25
5818,7,Blue One L,5000,2,South West,Male,23,0,166,0.2857142857142857,10000,0,2,21-25
5819,6,Blue One M,3000,3,Centre,Female,22,0,164,0.5,9000,0,2,21-25
5820,6,Blue One M,3000,3,North,Female,26,0,149,0.5,9000,0,3,26-30
5821,6,Blue One M,3000,2,Centre,Male,18,0,163,0.3333333333333333,6000,0,2,<=20
5822,6,Blue One M,3000,2,West,Female,26,1,160,0.3333333333333333,6000,0,2,26-30
5823,7,Blue One L,5000,2,Littoral,Male,24,1,172,0.2857142857142857,10000,0,2,21-25
5824,7,Blue One L,5000,3,North West,Male,30,0,172,0.42857142857142855,15000,0,2,26-30
5825,7,Blue One L,5000,0,Littoral,Male,23,1,172,0.0,0,1,2,21-25
5826,7,Blue One L,5000,2,West,Female,22,0,172,0.2857142857142857,10000,0,2,21-25
5827,7,Blue One L,5000,3,Centre,Female,26,0,166,0.42857142857142855,15000,0,2,26-30
5828,7,Blue One L,5000,2,Centre,Female,31,1,166,0.2857142857142857,10000,0,2,>30
5829,7,Blue One L,5000,3,Centre,Male,24,0,166,0.42857142857142855,15000,0,2,21-25
5830,7,Blue One L,5000,0,East,Male,24,1,166,0.0,0,1,2,21-25
5831,7,Blue One L,5000,3,North West,Male,26,0,166,0.42857142857142855,15000,0,2,26-30
5832,7,Blue One L,5000,2,South West,Female,28,1,169,0.2857142857142857,10000,0,2,26-30
5833,7,Blue One L,5000,0,Adamawa,Female,24,1,169,0.0,0,1,2,21-25
5834,7,Blue One L,5000,3,Littoral,Female,20,0,169,0.42857142857142855,15000,0,2,<=20
5835,7,Blue One L,5000,2,South West,Male,21,0,169,0.2857142857142857,10000,0,2,21-25
5836,7,Blue One L,5000,2,North,Male,26,1,167,0.2857142857142857,10000,0,2,26-30
5837,6,Blue One M,3000,3,Adamawa,Male,22,0,159,0.5,9000,0,2,21-25
5838,6,Blue One M,3000,2,Adamawa,Male,24,1,154,0.3333333333333333,6000,0,2,21-25
5839,7,Blue One L,5000,0,South West,Male,27,1,168,0.0,0,1,2,26-30
5840,7,Blue One L,5000,0,Far North,Female,23,1,173,0.0,0,1,2,21-25
5841,7,Blue One L,5000,2,East,Male,29,0,171,0.2857142857142857,10000,0,2,26-30
5842,7,Blue One L,5000,3,Far North,Female,26,0,166,0.42857142857142855,15000,0,2,26-30
5843,7,Blue One L,5000,0,South,Male,29,1,171,0.0,0,1,2,26-30
5844,7,Blue One L,5000,0,West,Male,28,1,170,0.0,0,1,2,26-30
5845,7,Blue One L,5000,2,Adamawa,Female,32,0,171,0.2857142857142857,10000,0,2,>30
5846,7,Blue One L,5000,2,Centre,Female,27,0,169,0.2857142857142857,10000,0,2,26-30
5847,6,Blue One M,3000,3,Littoral,Male,27,0,154,0.5,9000,0,2,26-30
5848,5,Blue One M,3000,3,South,Female,24,0,116,0.6,9000,0,4,21-25
5849,7,Blue One L,5000,3,Adamawa,Female,26,0,167,0.42857142857142855,15000,0,2,26-30
5850,7,Blue One L,5000,2,North,Female,25,1,165,0.2857142857142857,10000,0,2,21-25
5851,7,Blue One L,5000,2,South,Female,30,0,169,0.2857142857142857,10000,0,2,26-30
5852,6,Blue One M,3000,2,Littoral,Female,27,0,160,0.3333333333333333,6000,0,2,26-30
5853,6,Blue One M,3000,2,Far North,Male,26,1,152,0.3333333333333333,6000,0,2,26-30
5854,6,Blue One M,3000,2,South West,Male,26,1,152,0.3333333333333333,6000,0,2,26-30
5855,7,Blue One L,5000,3,North West,Female,32,0,172,0.42857142857142855,15000,0,2,>30
5856,7,Blue One L,5000,2,Littoral,Male,22,1,171,0.2857142857142857,10000,0,2,21-25
5857,7,Blue One L,5000,3,South West,Male,20,0,172,0.42857142857142855,15000,0,2,<=20
5858,7,Blue One L,5000,3,West,Male,23,0,170,0.42857142857142855,15000,0,2,21-25
5859,7,Blue One L,5000,0,South West,Female,27,1,170,0.0,0,1,2,26-30
5860,7,Blue One L,5000,2,North,Male,23,1,166,0.2857142857142857,10000,0,2,21-25
5861,6,Blue One M,3000,0,North,Male,21,1,161,0.0,0,1,2,21-25
5862,6,Blue One M,3000,2,South,Female,25,1,161,0.3333333333333333,6000,0,2,21-25
5863,7,Blue One L,5000,3,Centre,Male,30,0,170,0.42857142857142855,15000,0,2,26-30
5864,7,Blue One L,5000,2,West,Male,25,1,170,0.2857142857142857,10000,0,2,21-25
5865,7,Blue One L,5000,0,South,Male,27,1,170,0.0,0,1,2,26-30
5866,7,Blue One L,5000,2,Adamawa,Female,24,0,169,0.2857142857142857,10000,0,2,21-25
5867,7,Blue One L,5000,2,Adamawa,Female,23,0,173,0.2857142857142857,10000,0,2,21-25
5868,7,Blue One L,5000,2,South West,Female,21,1,173,0.2857142857142857,10000,0,2,21-25
5869,7,Blue One L,5000,0,West,Male,28,1,173,0.0,0,1,2,26-30
5870,7,Blue One L,5000,3,East,Male,28,0,173,0.42857142857142855,15000,0,2,26-30
5871,7,Blue One L,5000,3,North West,Female,27,0,173,0.42857142857142855,15000,0,2,26-30
5872,7,Blue One L,5000,0,North West,Female,27,1,173,0.0,0,1,2,26-30
5873,7,Blue One L,5000,2,South,Female,25,0,173,0.2857142857142857,10000,0,2,21-25
5874,7,Blue One L,5000,3,East,Male,22,0,173,0.42857142857142855,15000,0,2,21-25
5875,7,Blue One L,5000,2,Far North,Male,29,1,173,0.2857142857142857,10000,0,2,26-30
5876,7,Blue One L,5000,2,Centre,Female,20,0,171,0.2857142857142857,10000,0,2,<=20
5877,7,Blue One L,5000,2,East,Female,30,0,172,0.2857142857142857,10000,0,2,26-30
5878,7,Blue One L,5000,0,Adamawa,Male,24,1,173,0.0,0,1,2,21-25
5879,7,Blue One L,5000,2,Adamawa,Female,26,1,172,0.2857142857142857,10000,0,2,26-30
5880,7,Blue One L,5000,3,West,Male,29,0,172,0.42857142857142855,15000,0,2,26-30
5881,7,Blue One L,5000,3,West,Female,24,0,172,0.42857142857142855,15000,0,2,21-25
5882,7,Blue One L,5000,2,North West,Female,23,0,172,0.2857142857142857,10000,0,2,21-25
5883,7,Blue One L,5000,2,North West,Male,31,0,172,0.2857142857142857,10000,0,2,>30
5884,7,Blue One L,5000,0,East,Female,28,1,172,0.0,0,1,2,26-30
5885,7,Blue One L,5000,3,South West,Male,27,0,171,0.42857142857142855,15000,0,2,26-30
5886,5,Blue One M,3000,0,West,Male,22,1,110,0.0,0,1,4,21-25
5887,7,Blue One L,5000,2,Far North,Male,25,0,172,0.2857142857142857,10000,0,2,21-25
5888,7,Blue One L,5000,0,South,Male,26,1,171,0.0,0,1,2,26-30
5889,7,Blue One L,5000,0,North,Male,23,1,171,0.0,0,1,2,21-25
5890,7,Blue One L,5000,0,East,Male,24,1,172,0.0,0,1,2,21-25
5891,7,Blue One L,5000,2,East,Female,30,0,169,0.2857142857142857,10000,0,2,26-30
5892,7,Blue One L,5000,0,West,Female,30,1,173,0.0,0,1,2,26-30
5893,6,Blue One M,3000,2,Centre,Male,26,1,157,0.3333333333333333,6000,0,2,26-30
5894,7,Blue One L,5000,2,South West,Male,28,0,172,0.2857142857142857,10000,0,2,26-30
5895,7,Blue One L,5000,2,Littoral,Female,25,0,172,0.2857142857142857,10000,0,2,21-25
5896,7,Blue One L,5000,0,East,Female,26,1,172,0.0,0,1,2,26-30
5897,6,Blue One M,3000,0,Littoral,Female,22,1,155,0.0,0,1,2,21-25
5898,7,Blue One L,5000,0,South West,Female,23,1,172,0.0,0,1,2,21-25
5899,7,Blue One L,5000,3,West,Female,24,0,172,0.42857142857142855,15000,0,2,21-25
5900,7,Blue One L,5000,0,Centre,Female,26,1,172,0.0,0,1,2,26-30
5901,6,Blue One M,3000,3,West,Male,29,0,155,0.5,9000,0,2,26-30
5902,6,Blue One M,3000,2,Littoral,Male,33,0,156,0.3333333333333333,6000,0,2,>30
5903,6,Blue One M,3000,2,South,Female,26,1,154,0.3333333333333333,6000,0,2,26-30
5904,6,Blue One M,3000,0,East,Male,27,1,157,0.0,0,1,2,26-30
5905,7,Blue One L,5000,0,Far North,Male,28,1,165,0.0,0,1,2,26-30
5906,7,Blue One L,5000,2,North West,Female,28,1,164,0.2857142857142857,10000,0,2,26-30
5907,7,Blue One L,5000,2,South West,Female,29,1,164,0.2857142857142857,10000,0,2,26-30
5908,6,Blue One M,3000,2,West,Female,21,0,161,0.3333333333333333,6000,0,2,21-25
5909,6,Blue One M,3000,3,South,Male,32,0,162,0.5,9000,0,2,>30
5910,6,Blue One M,3000,3,Littoral,Male,30,0,164,0.5,9000,0,2,26-30
5911,6,Blue One M,3000,3,South West,Male,24,0,159,0.5,9000,0,2,21-25
5912,6,Blue One M,3000,2,Adamawa,Male,24,1,160,0.3333333333333333,6000,0,2,21-25
5913,6,Blue One M,3000,2,Littoral,Male,19,1,161,0.3333333333333333,6000,0,2,<=20
5915,7,Blue One L,5000,0,Adamawa,Male,30,1,167,0.0,0,1,2,26-30
5916,6,Blue One M,3000,2,South West,Female,30,0,157,0.3333333333333333,6000,0,2,26-30
5917,7,Blue One L,5000,2,North,Male,24,1,165,0.2857142857142857,10000,0,2,21-25
5918,7,Blue One L,5000,0,West,Female,28,1,165,0.0,0,1,2,26-30
5919,6,Blue One M,3000,3,North,Male,31,0,160,0.5,9000,0,2,>30
5920,5,Blue One M,3000,2,Adamawa,Female,18,0,117,0.4,6000,0,4,<=20
5921,7,Blue One L,5000,2,North West,Male,27,1,167,0.2857142857142857,10000,0,2,26-30
5922,7,Blue One L,5000,0,South,Male,25,1,164,0.0,0,1,2,21-25
5923,7,Blue One L,5000,0,West,Male,26,1,165,0.0,0,1,2,26-30
5924,6,Blue One M,3000,2,East,Female,27,0,162,0.3333333333333333,6000,0,2,26-30
5925,6,Blue One M,3000,2,Adamawa,Female,27,1,162,0.3333333333333333,6000,0,2,26-30
5926,6,Blue One M,3000,3,Centre,Female,26,0,160,0.5,9000,0,2,26-30
5927,6,Blue One M,3000,2,Far North,Female,24,1,160,0.3333333333333333,6000,0,2,21-25
5928,6,Blue One M,3000,2,South West,Female,23,0,158,0.3333333333333333,6000,0,2,21-25
5929,6,Blue One M,3000,2,Littoral,Male,22,1,160,0.3333333333333333,6000,0,2,21-25
5930,7,Blue One L,5000,2,Centre,Male,29,0,165,0.2857142857142857,10000,0,2,26-30
5931,7,Blue One L,5000,2,East,Female,24,1,166,0.2857142857142857,10000,0,2,21-25
5932,7,Blue One L,5000,0,Far North,Male,23,1,166,0.0,0,1,2,21-25
5933,7,Blue One L,5000,2,North,Male,24,0,165,0.2857142857142857,10000,0,2,21-25
5934,7,Blue One L,5000,2,North West,Female,27,1,165,0.2857142857142857,10000,0,2,26-30
5935,6,Blue One M,3000,2,Centre,Female,27,0,163,0.3333333333333333,6000,0,2,26-30
5936,6,Blue One M,3000,2,Far North,Male,22,0,152,0.3333333333333333,6000,0,2,21-25
5937,7,Blue One L,5000,2,Adamawa,Male,28,0,167,0.2857142857142857,10000,0,2,26-30
5938,6,Blue One M,3000,0,Centre,Female,27,1,164,0.0,0,1,2,26-30
5939,6,Blue One M,3000,3,Far North,Male,30,0,150,0.5,9000,0,2,26-30
5940,7,Blue One L,5000,3,Adamawa,Male,33,0,168,0.42857142857142855,15000,0,2,>30
5941,7,Blue One L,5000,2,Littoral,Female,23,1,170,0.2857142857142857,10000,0,2,21-25
5942,6,Blue One M,3000,2,East,Female,27,1,155,0.3333333333333333,6000,0,2,26-30
5943,6,Blue One M,3000,2,Centre,Male,28,0,162,0.3333333333333333,6000,0,2,26-30
5944,7,Blue One L,5000,3,North West,Female,27,0,171,0.42857142857142855,15000,0,2,26-30
5945,7,Blue One L,5000,2,North,Male,29,0,172,0.2857142857142857,10000,0,2,26-30
5946,7,Blue One L,5000,2,South West,Female,25,1,172,0.2857142857142857,10000,0,2,21-25
5947,7,Blue One L,5000,2,North West,Female,20,1,167,0.2857142857142857,10000,0,2,<=20
5948,6,Blue One M,3000,3,South,Female,25,0,158,0.5,9000,0,2,21-25
5949,7,Blue One L,5000,2,West,Female,26,1,167,0.2857142857142857,10000,0,2,26-30
5950,7,Blue One L,5000,3,South,Female,25,0,167,0.42857142857142855,15000,0,2,21-25
5951,6,Blue One M,3000,0,South,Male,28,1,137,0.0,0,1,3,26-30
5952,6,Blue One M,3000,2,Adamawa,Female,28,1,161,0.3333333333333333,6000,0,2,26-30
5953,7,Blue One L,5000,3,West,Male,31,0,171,0.42857142857142855,15000,0,2,>30
5954,7,Blue One L,5000,0,North West,Female,24,1,171,0.0,0,1,2,21-25
5955,6,Blue One M,3000,0,North West,Male,22,1,150,0.0,0,1,2,21-25
5956,7,Blue One L,5000,2,Littoral,Female,25,1,171,0.2857142857142857,10000,0,2,21-25
5957,7,Blue One L,5000,2,Centre,Male,26,0,171,0.2857142857142857,10000,0,2,26-30
5958,7,Blue One L,5000,2,South,Male,33,0,171,0.2857142857142857,10000,0,2,>30
5959,6,Blue One M,3000,2,South,Female,20,1,150,0.3333333333333333,6000,0,2,<=20
5960,6,Blue One M,3000,3,North,Female,24,0,155,0.5,9000,0,2,21-25
5962,5,Blue One M,3000,2,East,Female,26,0,127,0.4,6000,0,3,26-30
5963,6,Blue One M,3000,2,Adamawa,Female,21,0,149,0.3333333333333333,6000,0,3,21-25
5964,6,Blue One M,3000,0,East,Male,24,1,149,0.0,0,1,3,21-25
5965,6,Blue One M,3000,3,South,Male,24,0,156,0.5,9000,0,2,21-25
5966,6,Blue One M,3000,0,West,Female,31,1,160,0.0,0,1,2,>30
5967,7,Blue One L,5000,2,West,Female,28,1,178,0.2857142857142857,10000,0,1,26-30
5968,7,Blue One L,5000,0,East,Female,25,1,180,0.0,0,1,1,21-25
5969,7,Blue One L,5000,0,South West,Male,26,1,179,0.0,0,1,1,26-30
5970,7,Blue One L,5000,2,South,Male,28,1,182,0.2857142857142857,10000,0,1,26-30
5971,4,Blue One M,3000,2,Far North,Male,24,0,99,0.5,6000,0,4,21-25
5972,7,Blue One L,5000,3,South,Female,32,0,178,0.42857142857142855,15000,0,1,>30
5973,7,Blue One L,5000,0,South,Male,21,1,175,0.0,0,1,2,21-25
5974,7,Blue One L,5000,0,Littoral,Male,28,1,178,0.0,0,1,1,26-30
5975,7,Blue One L,5000,3,East,Male,27,0,176,0.42857142857142855,15000,0,2,26-30
5976,7,Blue One L,5000,3,East,Male,26,0,172,0.42857142857142855,15000,0,2,26-30
5977,7,Blue One L,5000,2,North West,Male,21,0,171,0.2857142857142857,10000,0,2,21-25
5978,7,Blue One L,5000,2,Littoral,Male,25,0,166,0.2857142857142857,10000,0,2,21-25
5979,6,Blue One M,3000,0,Adamawa,Male,27,1,155,0.0,0,1,2,26-30
5980,5,Blue One M,3000,2,South West,Female,26,1,124,0.4,6000,0,3,26-30
5981,4,Blue One M,3000,3,East,Male,24,0,99,0.75,9000,0,4,21-25
5982,7,Blue One L,5000,2,North West,Female,30,0,174,0.2857142857142857,10000,0,2,26-30
5983,7,Blue One L,5000,0,Far North,Female,28,1,177,0.0,0,1,2,26-30
5984,7,Blue One L,5000,2,North,Male,23,0,172,0.2857142857142857,10000,0,2,21-25
5985,7,Blue One L,5000,3,Littoral,Female,29,0,172,0.42857142857142855,15000,0,2,26-30
5986,7,Blue One L,5000,0,South,Male,29,1,172,0.0,0,1,2,26-30
5987,7,Blue One L,5000,0,South West,Female,27,1,172,0.0,0,1,2,26-30
5988,7,Blue One L,5000,3,South,Male,23,0,172,0.42857142857142855,15000,0,2,21-25
5989,7,Blue One L,5000,2,Far North,Male,28,1,172,0.2857142857142857,10000,0,2,26-30
5990,7,Blue One L,5000,2,North,Male,25,1,172,0.2857142857142857,10000,0,2,21-25
5991,7,Blue One L,5000,2,East,Male,26,0,172,0.2857142857142857,10000,0,2,26-30
5992,7,Blue One L,5000,2,South,Male,27,1,171,0.2857142857142857,10000,0,2,26-30
5993,7,Blue One L,5000,3,Centre,Male,27,0,171,0.42857142857142855,15000,0,2,26-30
5994,7,Blue One L,5000,3,Littoral,Female,31,0,171,0.42857142857142855,15000,0,2,>30
5995,7,Blue One L,5000,3,Far North,Female,27,0,169,0.42857142857142855,15000,0,2,26-30
5996,7,Blue One L,5000,0,North West,Male,28,1,170,0.0,0,1,2,26-30
5997,7,Blue One L,5000,2,South West,Male,26,1,170,0.2857142857142857,10000,0,2,26-30
5998,7,Blue One L,5000,0,North,Female,26,1,168,0.0,0,1,2,26-30
5999,7,Blue One L,5000,0,Centre,Male,27,1,170,0.0,0,1,2,26-30
6000,7,Blue One L,5000,2,South,Male,25,0,170,0.2857142857142857,10000,0,2,21-25
6001,7,Blue One L,5000,2,North,Male,26,0,169,0.2857142857142857,10000,0,2,26-30
6002,7,Blue One L,5000,2,Adamawa,Male,26,1,170,0.2857142857142857,10000,0,2,26-30
6003,7,Blue One L,5000,2,West,Male,30,1,170,0.2857142857142857,10000,0,2,26-30
6004,7,Blue One L,5000,2,West,Male,30,1,170,0.2857142857142857,10000,0,2,26-30
6005,7,Blue One L,5000,0,North,Male,22,1,170,0.0,0,1,2,21-25
6006,7,Blue One L,5000,2,North West,Male,23,1,173,0.2857142857142857,10000,0,2,21-25
6007,7,Blue One L,5000,2,Littoral,Female,27,0,174,0.2857142857142857,10000,0,2,26-30
6008,6,Blue One M,3000,2,Littoral,Female,29,1,154,0.3333333333333333,6000,0,2,26-30
6009,7,Blue One L,5000,2,West,Male,26,1,175,0.2857142857142857,10000,0,2,26-30
6010,7,Blue One L,5000,2,Far North,Male,25,1,173,0.2857142857142857,10000,0,2,21-25
6011,7,Blue One L,5000,0,North,Male,27,1,175,0.0,0,1,2,26-30
6012,7,Blue One L,5000,0,East,Female,25,1,170,0.0,0,1,2,21-25
6013,7,Blue One L,5000,3,Adamawa,Female,21,0,171,0.42857142857142855,15000,0,2,21-25
6014,7,Blue One L,5000,2,West,Male,27,1,173,0.2857142857142857,10000,0,2,26-30
6015,7,Blue One L,5000,3,North,Female,27,0,173,0.42857142857142855,15000,0,2,26-30
6016,7,Blue One L,5000,2,North West,Female,26,0,168,0.2857142857142857,10000,0,2,26-30
6017,7,Blue One L,5000,0,North West,Male,26,1,172,0.0,0,1,2,26-30
6018,7,Blue One L,5000,2,Centre,Male,29,0,168,0.2857142857142857,10000,0,2,26-30
6019,6,Blue One M,3000,3,South West,Male,28,0,162,0.5,9000,0,2,26-30
6020,7,Blue One L,5000,2,West,Male,30,1,172,0.2857142857142857,10000,0,2,26-30
6021,6,Blue One M,3000,3,Littoral,Male,24,0,164,0.5,9000,0,2,21-25
6022,6,Blue One M,3000,3,North West,Male,23,0,161,0.5,9000,0,2,21-25
6023,7,Blue One L,5000,2,South,Male,25,0,174,0.2857142857142857,10000,0,2,21-25
6024,7,Blue One L,5000,3,Adamawa,Male,28,0,175,0.42857142857142855,15000,0,2,26-30
6025,7,Blue One L,5000,2,South,Female,25,0,174,0.2857142857142857,10000,0,2,21-25
6026,7,Blue One L,5000,3,South West,Female,28,0,171,0.42857142857142855,15000,0,2,26-30
6027,7,Blue One L,5000,0,Far North,Male,27,1,172,0.0,0,1,2,26-30
6028,6,Blue One M,3000,0,East,Male,30,1,152,0.0,0,1,2,26-30
6029,6,Blue One M,3000,2,West,Male,26,1,152,0.3333333333333333,6000,0,2,26-30
6030,6,Blue One M,3000,2,East,Female,23,1,159,0.3333333333333333,6000,0,2,21-25
6031,7,Blue One L,5000,2,North West,Female,30,0,171,0.2857142857142857,10000,0,2,26-30
6032,7,Blue One L,5000,2,Centre,Female,27,1,178,0.2857142857142857,10000,0,1,26-30
6033,7,Blue One L,5000,0,North,Male,24,1,178,0.0,0,1,1,21-25
6034,7,Blue One L,5000,2,North West,Male,31,1,182,0.2857142857142857,10000,0,1,>30
6035,7,Blue One L,5000,2,Littoral,Male,25,0,182,0.2857142857142857,10000,0,1,21-25
6036,7,Blue One L,5000,3,North,Male,27,0,182,0.42857142857142855,15000,0,1,26-30
6037,7,Blue One L,5000,2,North West,Male,22,1,174,0.2857142857142857,10000,0,2,21-25
6038,6,Blue One M,3000,2,South West,Female,28,1,143,0.3333333333333333,6000,0,3,26-30
6039,7,Blue One L,5000,2,Littoral,Female,25,1,179,0.2857142857142857,10000,0,1,21-25
6040,7,Blue One L,5000,0,South,Female,29,1,176,0.0,0,1,2,26-30
6041,7,Blue One L,5000,2,East,Female,23,1,181,0.2857142857142857,10000,0,1,21-25
6042,7,Blue One L,5000,0,Centre,Male,25,1,179,0.0,0,1,1,21-25
6043,7,Blue One L,5000,0,North West,Female,27,1,177,0.0,0,1,2,26-30
6044,7,Blue One L,5000,0,South West,Male,28,1,181,0.0,0,1,1,26-30
6045,7,Blue One L,5000,0,Adamawa,Male,31,1,181,0.0,0,1,1,>30
6046,7,Blue One L,5000,2,South,Male,27,0,165,0.2857142857142857,10000,0,2,26-30
6047,7,Blue One L,5000,0,Centre,Male,27,1,180,0.0,0,1,1,26-30
6048,7,Blue One L,5000,0,Centre,Male,29,1,180,0.0,0,1,1,26-30
6049,7,Blue One L,5000,0,Centre,Female,27,1,177,0.0,0,1,2,26-30
6050,7,Blue One L,5000,2,South,Male,24,1,177,0.2857142857142857,10000,0,2,21-25
6051,7,Blue One L,5000,2,Far North,Male,23,0,177,0.2857142857142857,10000,0,2,21-25
6052,7,Blue One L,5000,0,North West,Female,24,1,177,0.0,0,1,2,21-25
6053,7,Blue One L,5000,2,South West,Female,31,1,179,0.2857142857142857,10000,0,1,>30
6054,7,Blue One L,5000,0,Littoral,Female,28,1,179,0.0,0,1,1,26-30
6055,7,Blue One L,5000,3,Littoral,Male,30,0,179,0.42857142857142855,15000,0,1,26-30
6056,7,Blue One L,5000,0,South,Male,28,1,179,0.0,0,1,1,26-30
6057,7,Blue One L,5000,0,Adamawa,Male,26,1,169,0.0,0,1,2,26-30
6058,7,Blue One L,5000,2,West,Male,23,1,169,0.2857142857142857,10000,0,2,21-25
6059,7,Blue One L,5000,2,North West,Female,26,0,179,0.2857142857142857,10000,0,1,26-30
6060,7,Blue One L,5000,3,North,Male,31,0,168,0.42857142857142855,15000,0,2,>30
6061,7,Blue One L,5000,0,Far North,Male,26,1,188,0.0,0,1,1,26-30
6062,7,Blue One L,5000,2,Centre,Female,25,1,181,0.2857142857142857,10000,0,1,21-25
6063,7,Blue One L,5000,2,Adamawa,Female,26,1,177,0.2857142857142857,10000,0,2,26-30
6064,7,Blue One L,5000,2,Adamawa,Female,24,0,178,0.2857142857142857,10000,0,1,21-25
6065,7,Blue One L,5000,0,North West,Male,25,1,183,0.0,0,1,1,21-25
6066,7,Blue One L,5000,2,North West,Male,26,0,186,0.2857142857142857,10000,0,1,26-30
6067,7,Blue One L,5000,2,Centre,Male,26,0,186,0.2857142857142857,10000,0,1,26-30
6068,7,Blue One L,5000,3,Adamawa,Female,27,0,185,0.42857142857142855,15000,0,1,26-30
6069,7,Blue One L,5000,2,South West,Female,25,1,181,0.2857142857142857,10000,0,1,21-25
6070,7,Blue One L,5000,3,North West,Female,24,0,186,0.42857142857142855,15000,0,1,21-25
6071,7,Blue One L,5000,2,South,Male,25,1,185,0.2857142857142857,10000,0,1,21-25
6072,6,Blue One M,3000,2,West,Male,27,0,136,0.3333333333333333,6000,0,3,26-30
6073,6,Blue One M,3000,0,South West,Male,26,1,151,0.0,0,1,2,26-30
6074,7,Blue One L,5000,3,East,Female,27,0,179,0.42857142857142855,15000,0,1,26-30
6075,6,Blue One M,3000,2,East,Male,23,0,158,0.3333333333333333,6000,0,2,21-25
6076,6,Blue One M,3000,3,Centre,Male,22,0,145,0.5,9000,0,3,21-25
6077,6,Blue One M,3000,3,South West,Male,23,0,157,0.5,9000,0,2,21-25
6078,5,Blue One M,3000,2,Far North,Female,21,0,105,0.4,6000,0,4,21-25
6079,6,Blue One M,3000,2,Centre,Male,30,0,160,0.3333333333333333,6000,0,2,26-30
6080,6,Blue One M,3000,2,South,Male,21,0,150,0.3333333333333333,6000,0,2,21-25
6081,7,Blue One L,5000,2,North,Male,28,0,174,0.2857142857142857,10000,0,2,26-30
6082,7,Blue One L,5000,0,North,Male,29,1,183,0.0,0,1,1,26-30
6083,7,Blue One L,5000,2,Far North,Female,28,1,178,0.2857142857142857,10000,0,1,26-30
6084,7,Blue One L,5000,2,Far North,Female,25,1,181,0.2857142857142857,10000,0,1,21-25
6085,7,Blue One L,5000,3,North,Male,26,0,186,0.42857142857142855,15000,0,1,26-30
6086,7,Blue One L,5000,2,East,Female,26,0,186,0.2857142857142857,10000,0,1,26-30
6087,6,Blue One M,3000,0,Littoral,Female,23,1,149,0.0,0,1,3,21-25
6088,5,Blue One M,3000,3,Adamawa,Male,22,0,131,0.6,9000,0,3,21-25
6089,4,Blue One M,3000,3,Far North,Male,19,0,88,0.75,9000,0,5,<=20
6090,7,Blue One L,5000,2,Adamawa,Female,31,1,172,0.2857142857142857,10000,0,2,>30
6091,7,Blue One L,5000,2,Adamawa,Female,29,1,170,0.2857142857142857,10000,0,2,26-30
6092,7,Blue One L,5000,0,West,Female,27,1,186,0.0,0,1,1,26-30
6093,7,Blue One L,5000,0,Centre,Male,25,1,165,0.0,0,1,2,21-25
6094,7,Blue One L,5000,2,North West,Male,25,1,181,0.2857142857142857,10000,0,1,21-25
6095,7,Blue One L,5000,2,North,Male,30,0,179,0.2857142857142857,10000,0,1,26-30
6096,7,Blue One L,5000,0,Adamawa,Female,29,1,168,0.0,0,1,2,26-30
6097,7,Blue One L,5000,2,North West,Female,24,0,170,0.2857142857142857,10000,0,2,21-25
6098,7,Blue One L,5000,2,Littoral,Female,29,1,184,0.2857142857142857,10000,0,1,26-30
6099,7,Blue One L,5000,2,Littoral,Female,26,1,174,0.2857142857142857,10000,0,2,26-30
6100,7,Blue One L,5000,2,Centre,Female,30,0,178,0.2857142857142857,10000,0,1,26-30
6101,7,Blue One L,5000,0,South,Female,28,1,178,0.0,0,1,1,26-30
6102,6,Blue One M,3000,3,Adamawa,Male,27,0,151,0.5,9000,0,2,26-30
6103,7,Blue One L,5000,2,West,Female,31,0,178,0.2857142857142857,10000,0,1,>30
6104,7,Blue One L,5000,2,Adamawa,Male,19,1,169,0.2857142857142857,10000,0,2,<=20
6105,5,Blue One M,3000,2,Littoral,Female,23,1,108,0.4,6000,0,4,21-25
6106,7,Blue One L,5000,2,North West,Female,28,1,179,0.2857142857142857,10000,0,1,26-30
6107,7,Blue One L,5000,0,North West,Male,26,1,175,0.0,0,1,2,26-30
6108,5,Blue One M,3000,3,East,Male,26,0,109,0.6,9000,0,4,26-30
6109,7,Blue One L,5000,2,Far North,Male,27,0,178,0.2857142857142857,10000,0,1,26-30
6110,4,Blue One M,3000,3,North West,Male,26,0,100,0.75,9000,0,4,26-30
6111,7,Blue One L,5000,2,Adamawa,Female,27,1,178,0.2857142857142857,10000,0,1,26-30
6112,7,Blue One L,5000,0,North,Female,27,1,174,0.0,0,1,2,26-30
6113,7,Blue One L,5000,2,Littoral,Female,27,0,178,0.2857142857142857,10000,0,1,26-30
6115,7,Blue One L,5000,3,East,Female,29,0,170,0.42857142857142855,15000,0,2,26-30
6116,7,Blue One L,5000,3,Far North,Male,28,0,166,0.42857142857142855,15000,0,2,26-30
6117,7,Blue One L,5000,3,Littoral,Male,25,0,166,0.42857142857142855,15000,0,2,21-25
6118,6,Blue One M,3000,0,Centre,Female,25,1,164,0.0,0,1,2,21-25
6119,7,Blue One L,5000,2,Adamawa,Female,26,1,165,0.2857142857142857,10000,0,2,26-30
6120,7,Blue One L,5000,2,Far North,Male,28,1,169,0.2857142857142857,10000,0,2,26-30
6121,4,Blue One M,3000,2,North West,Male,22,1,104,0.5,6000,0,4,21-25
6122,6,Blue One M,3000,3,North West,Male,28,0,161,0.5,9000,0,2,26-30
6123,5,Blue One M,3000,3,West,Male,23,0,129,0.6,9000,0,3,21-25
6124,7,Blue One L,5000,2,South West,Male,29,0,170,0.2857142857142857,10000,0,2,26-30
6125,7,Blue One L,5000,0,South West,Female,30,1,175,0.0,0,1,2,26-30
6126,6,Blue One M,3000,2,Littoral,Female,27,0,150,0.3333333333333333,6000,0,3,26-30
6127,6,Blue One M,3000,2,South,Male,24,0,151,0.3333333333333333,6000,0,2,21-25
6128,7,Blue One L,5000,0,North West,Male,25,1,168,0.0,0,1,2,21-25
6129,7,Blue One L,5000,2,North West,Male,28,0,168,0.2857142857142857,10000,0,2,26-30
6130,7,Blue One L,5000,3,South,Female,24,0,170,0.42857142857142855,15000,0,2,21-25
6131,7,Blue One L,5000,3,East,Male,28,0,171,0.42857142857142855,15000,0,2,26-30
6132,7,Blue One L,5000,2,Adamawa,Female,28,0,170,0.2857142857142857,10000,0,2,26-30
6133,6,Blue One M,3000,2,Littoral,Male,26,1,156,0.3333333333333333,6000,0,2,26-30
6134,7,Blue One L,5000,0,North,Female,27,1,175,0.0,0,1,2,26-30
6135,7,Blue One L,5000,2,Far North,Male,26,1,171,0.2857142857142857,10000,0,2,26-30
6136,7,Blue One L,5000,2,South West,Female,22,1,171,0.2857142857142857,10000,0,2,21-25
6137,7,Blue One L,5000,0,Adamawa,Male,26,1,175,0.0,0,1,2,26-30
6138,7,Blue One L,5000,2,West,Male,29,1,167,0.2857142857142857,10000,0,2,26-30
6139,6,Blue One M,3000,2,Littoral,Male,24,0,163,0.3333333333333333,6000,0,2,21-25
6140,7,Blue One L,5000,2,West,Female,24,0,171,0.2857142857142857,10000,0,2,21-25
6141,6,Blue One M,3000,3,North West,Female,27,0,157,0.5,9000,0,2,26-30
6142,7,Blue One L,5000,2,Adamawa,Male,23,1,168,0.2857142857142857,10000,0,2,21-25
6143,7,Blue One L,5000,3,South,Female,25,0,170,0.42857142857142855,15000,0,2,21-25
6144,7,Blue One L,5000,0,East,Female,31,1,166,0.0,0,1,2,>30
6145,6,Blue One M,3000,0,Littoral,Male,28,1,151,0.0,0,1,2,26-30
6146,6,Blue One M,3000,2,East,Female,23,1,164,0.3333333333333333,6000,0,2,21-25
6147,6,Blue One M,3000,2,Far North,Male,29,1,164,0.3333333333333333,6000,0,2,26-30
6148,5,Blue One M,3000,0,Littoral,Female,26,1,128,0.0,0,1,3,26-30
6149,6,Blue One M,3000,3,South West,Male,23,0,150,0.5,9000,0,2,21-25
6150,6,Blue One M,3000,2,Adamawa,Male,24,0,160,0.3333333333333333,6000,0,2,21-25
6151,7,Blue One L,5000,2,East,Female,24,0,183,0.2857142857142857,10000,0,1,21-25
6152,6,Blue One M,3000,2,Far North,Female,25,0,147,0.3333333333333333,6000,0,3,21-25
6153,7,Blue One L,5000,2,Adamawa,Female,31,0,180,0.2857142857142857,10000,0,1,>30
6154,7,Blue One L,5000,2,North West,Male,28,0,178,0.2857142857142857,10000,0,1,26-30
6155,7,Blue One L,5000,2,East,Female,31,1,173,0.2857142857142857,10000,0,2,>30
6156,7,Blue One L,5000,3,West,Female,28,0,164,0.42857142857142855,15000,0,2,26-30
6157,6,Blue One M,3000,2,North,Male,26,1,159,0.3333333333333333,6000,0,2,26-30
6158,6,Blue One M,3000,0,Centre,Female,27,1,152,0.0,0,1,2,26-30
6159,6,Blue One M,3000,2,East,Female,28,0,145,0.3333333333333333,6000,0,3,26-30
6160,7,Blue One L,5000,2,Far North,Female,21,0,187,0.2857142857142857,10000,0,1,21-25
6161,7,Blue One L,5000,2,Littoral,Female,25,1,184,0.2857142857142857,10000,0,1,21-25
6162,7,Blue One L,5000,2,South,Male,23,0,180,0.2857142857142857,10000,0,1,21-25
6163,7,Blue One L,5000,3,North West,Male,27,0,165,0.42857142857142855,15000,0,2,26-30
6164,7,Blue One L,5000,0,Far North,Female,29,1,178,0.0,0,1,1,26-30
6165,7,Blue One L,5000,3,Centre,Male,28,0,187,0.42857142857142855,15000,0,1,26-30
6166,6,Blue One M,3000,0,South,Male,26,1,158,0.0,0,1,2,26-30
6167,6,Blue One M,3000,3,South West,Female,27,0,158,0.5,9000,0,2,26-30
6168,7,Blue One L,5000,2,Littoral,Female,30,1,175,0.2857142857142857,10000,0,2,26-30
6169,7,Blue One L,5000,2,South West,Female,31,0,174,0.2857142857142857,10000,0,2,>30
6170,6,Blue One M,3000,3,Centre,Male,28,0,156,0.5,9000,0,2,26-30
6171,6,Blue One M,3000,2,West,Female,19,0,154,0.3333333333333333,6000,0,2,<=20
6172,6,Blue One M,3000,2,Centre,Male,26,0,154,0.3333333333333333,6000,0,2,26-30
6173,7,Blue One L,5000,0,Far North,Male,19,1,179,0.0,0,1,1,<=20
6174,7,Blue One L,5000,3,Centre,Female,25,0,172,0.42857142857142855,15000,0,2,21-25
6175,7,Blue One L,5000,2,North,Male,22,0,172,0.2857142857142857,10000,0,2,21-25
6176,6,Blue One M,3000,2,South West,Male,27,0,153,0.3333333333333333,6000,0,2,26-30
6177,7,Blue One L,5000,3,West,Male,25,0,180,0.42857142857142855,15000,0,1,21-25
6178,6,Blue One M,3000,2,North,Male,32,0,151,0.3333333333333333,6000,0,2,>30
6179,6,Blue One M,3000,0,Centre,Female,26,1,146,0.0,0,1,3,26-30
6180,3,Blue One S,2000,2,Far North,Male,22,0,70,0.6666666666666666,4000,0,5,21-25
6181,4,Blue One M,3000,0,Centre,Female,24,1,75,0.0,0,1,5,21-25
6183,4,Blue One M,3000,3,South,Male,21,0,75,0.75,9000,0,5,21-25
6184,7,Blue One L,5000,2,South,Female,25,0,192,0.2857142857142857,10000,0,1,21-25
6185,6,Blue One M,3000,2,West,Male,29,1,144,0.3333333333333333,6000,0,3,26-30
6186,4,Blue One M,3000,3,North West,Female,22,0,77,0.75,9000,0,5,21-25
6188,7,Blue One L,5000,2,South West,Male,28,1,180,0.2857142857142857,10000,0,1,26-30
6189,6,Blue One M,3000,3,North West,Female,26,0,151,0.5,9000,0,2,26-30
6190,6,Blue One M,3000,2,West,Female,27,1,146,0.3333333333333333,6000,0,3,26-30
6191,6,Blue One M,3000,3,East,Male,26,0,154,0.5,9000,0,2,26-30
6192,6,Blue One M,3000,2,Far North,Male,24,1,150,0.3333333333333333,6000,0,2,21-25
6193,7,Blue One L,5000,2,Adamawa,Male,27,0,171,0.2857142857142857,10000,0,2,26-30
6194,6,Blue One M,3000,3,East,Female,24,0,164,0.5,9000,0,2,21-25
6195,7,Blue One L,5000,0,North,Male,33,1,184,0.0,0,1,1,>30
6196,7,Blue One L,5000,3,South West,Male,27,0,181,0.42857142857142855,15000,0,1,26-30
6197,6,Blue One M,3000,3,East,Female,27,0,144,0.5,9000,0,3,26-30
6199,8,Blue One L,5000,0,Littoral,Female,23,1,203,0.0,0,1,1,21-25
6200,7,Blue One L,5000,2,North,Male,30,1,165,0.2857142857142857,10000,0,2,26-30
6203,8,Blue One L,5000,3,South West,Male,33,0,196,0.375,15000,0,1,>30
6204,5,Blue One M,3000,2,North West,Male,26,1,114,0.4,6000,0,4,26-30
6205,6,Blue One M,3000,2,East,Female,29,1,150,0.3333333333333333,6000,0,2,26-30
6206,7,Blue One L,5000,2,North West,Male,29,1,193,0.2857142857142857,10000,0,1,26-30
6207,4,Blue One M,3000,3,Far North,Male,24,0,89,0.75,9000,0,4,21-25
6208,6,Blue One M,3000,2,South,Male,29,0,157,0.3333333333333333,6000,0,2,26-30
6209,7,Blue One L,5000,2,North,Male,31,1,193,0.2857142857142857,10000,0,1,>30
6210,7,Blue One L,5000,0,Adamawa,Female,18,1,170,0.0,0,1,2,<=20
6211,7,Blue One L,5000,2,East,Male,19,0,193,0.2857142857142857,10000,0,1,<=20
6213,4,Blue One M,3000,3,South,Male,20,0,83,0.75,9000,0,5,<=20
6215,7,Blue One L,5000,2,West,Male,23,1,194,0.2857142857142857,10000,0,1,21-25
6216,4,Blue One M,3000,2,South West,Male,22,0,77,0.5,6000,0,5,21-25
6218,8,Blue One L,5000,2,North West,Male,31,0,196,0.25,10000,0,1,>30
6219,7,Blue One L,5000,3,West,Male,27,0,185,0.42857142857142855,15000,0,1,26-30
6220,6,Blue One M,3000,2,Far North,Male,27,1,151,0.3333333333333333,6000,0,2,26-30
6221,4,Blue One M,3000,3,North West,Male,18,0,97,0.75,9000,0,4,<=20
6222,7,Blue One L,5000,0,North West,Male,30,1,181,0.0,0,1,1,26-30
6225,4,Blue One M,3000,2,Littoral,Female,23,0,76,0.5,6000,0,5,21-25
6226,6,Blue One M,3000,0,North West,Male,23,1,147,0.0,0,1,3,21-25
6227,6,Blue One M,3000,0,South West,Female,24,1,163,0.0,0,1,2,21-25
6229,7,Blue One L,5000,0,East,Male,24,1,189,0.0,0,1,1,21-25
6230,4,Blue One M,3000,2,South,Male,24,0,91,0.5,6000,0,4,21-25
6232,4,Blue One M,3000,0,Littoral,Female,22,1,89,0.0,0,1,4,21-25
6235,5,Blue One M,3000,2,Far North,Male,23,0,124,0.4,6000,0,3,21-25
6237,7,Blue One L,5000,2,East,Male,24,1,178,0.2857142857142857,10000,0,1,21-25
6239,6,Blue One M,3000,2,Adamawa,Female,23,1,143,0.3333333333333333,6000,0,3,21-25
6240,4,Blue One M,3000,3,West,Male,24,0,88,0.75,9000,0,5,21-25
6241,6,Blue One M,3000,2,Adamawa,Female,29,0,141,0.3333333333333333,6000,0,3,26-30
6242,7,Blue One L,5000,0,West,Female,24,1,184,0.0,0,1,1,21-25
6243,7,Blue One L,5000,0,Far North,Male,27,1,165,0.0,0,1,2,26-30
6244,6,Blue One M,3000,3,West,Female,29,0,152,0.5,9000,0,2,26-30
6245,6,Blue One M,3000,2,Adamawa,Male,29,0,151,0.3333333333333333,6000,0,2,26-30
6248,6,Blue One M,3000,2,Littoral,Male,26,0,161,0.3333333333333333,6000,0,2,26-30
6250,6,Blue One M,3000,2,Adamawa,Female,26,0,156,0.3333333333333333,6000,0,2,26-30
6251,7,Blue One L,5000,3,Far North,Male,24,0,185,0.42857142857142855,15000,0,1,21-25
6252,8,Blue One L,5000,2,South,Female,31,1,201,0.25,10000,0,1,>30
6253,4,Blue One M,3000,3,Centre,Female,25,0,83,0.75,9000,0,5,21-25
6254,4,Blue One M,3000,3,South,Male,22,0,76,0.75,9000,0,5,21-25
6256,6,Blue One M,3000,2,Far North,Male,29,1,143,0.3333333333333333,6000,0,3,26-30
6258,6,Blue One M,3000,3,Centre,Female,24,0,160,0.5,9000,0,2,21-25
6259,5,Blue One M,3000,2,South West,Female,21,1,133,0.4,6000,0,3,21-25
6260,7,Blue One L,5000,0,East,Male,27,1,165,0.0,0,1,2,26-30
6261,7,Blue One L,5000,0,West,Male,28,1,184,0.0,0,1,1,26-30
6262,7,Blue One L,5000,2,Littoral,Female,23,1,170,0.2857142857142857,10000,0,2,21-25
6263,8,Blue One L,5000,2,North,Male,28,1,203,0.25,10000,0,1,26-30
6264,6,Blue One M,3000,2,Far North,Male,24,1,161,0.3333333333333333,6000,0,2,21-25
6265,4,Blue One M,3000,2,South,Male,21,0,81,0.5,6000,0,5,21-25
6271,5,Blue One M,3000,3,North,Male,30,0,105,0.6,9000,0,4,26-30
6272,7,Blue One L,5000,0,Centre,Male,24,1,182,0.0,0,1,1,21-25
6273,5,Blue One M,3000,3,North West,Male,25,0,118,0.6,9000,0,4,21-25
6274,7,Blue One L,5000,2,Far North,Female,26,1,185,0.2857142857142857,10000,0,1,26-30
6276,5,Blue One M,3000,3,Adamawa,Male,21,0,124,0.6,9000,0,3,21-25
6277,8,Blue One L,5000,2,Far North,Male,32,0,201,0.25,10000,0,1,>30
6279,7,Blue One L,5000,0,East,Male,19,1,186,0.0,0,1,1,<=20
6280,7,Blue One L,5000,3,Adamawa,Male,26,0,185,0.42857142857142855,15000,0,1,26-30
6281,6,Blue One M,3000,2,North,Male,27,1,147,0.3333333333333333,6000,0,3,26-30
6282,7,Blue One L,5000,2,South West,Female,25,1,172,0.2857142857142857,10000,0,2,21-25
6283,6,Blue One M,3000,0,Littoral,Female,27,1,157,0.0,0,1,2,26-30
6286,4,Blue One M,3000,2,West,Female,25,0,82,0.5,6000,0,5,21-25
6287,7,Blue One L,5000,2,Far North,Male,23,1,181,0.2857142857142857,10000,0,1,21-25
6288,6,Blue One M,3000,3,East,Female,25,0,157,0.5,9000,0,2,21-25
6289,8,Blue One L,5000,0,Adamawa,Male,23,1,200,0.0,0,1,1,21-25
6290,7,Blue One L,5000,3,Centre,Male,26,0,184,0.42857142857142855,15000,0,1,26-30
6291,6,Blue One M,3000,3,North West,Male,24,0,157,0.5,9000,0,2,21-25
6292,8,Blue One L,5000,2,Adamawa,Female,24,1,203,0.25,10000,0,1,21-25
6293,6,Blue One M,3000,3,North West,Female,30,0,157,0.5,9000,0,2,26-30
6294,6,Blue One M,3000,2,South,Female,26,1,162,0.3333333333333333,6000,0,2,26-30
6295,4,Blue One M,3000,3,Centre,Male,24,0,99,0.75,9000,0,4,21-25
6297,7,Blue One L,5000,2,South West,Female,29,0,181,0.2857142857142857,10000,0,1,26-30
6298,8,Blue One L,5000,0,North,Female,24,1,203,0.0,0,1,1,21-25
6299,6,Blue One M,3000,3,Centre,Male,26,0,164,0.5,9000,0,2,26-30
6302,5,Blue One M,3000,3,Littoral,Female,29,0,117,0.6,9000,0,4,26-30
6303,4,Blue One M,3000,2,North,Male,22,0,98,0.5,6000,0,4,21-25
6304,4,Blue One M,3000,2,North,Male,27,0,98,0.5,6000,0,4,26-30
6309,6,Blue One M,3000,2,Centre,Female,26,1,147,0.3333333333333333,6000,0,3,26-30
6311,5,Blue One M,3000,3,Littoral,Male,23,0,126,0.6,9000,0,3,21-25
6312,5,Blue One M,3000,2,Far North,Male,22,1,129,0.4,6000,0,3,21-25
6313,6,Blue One M,3000,3,West,Female,24,0,138,0.5,9000,0,3,21-25
6314,7,Blue One L,5000,0,Centre,Female,25,1,190,0.0,0,1,1,21-25
6315,8,Blue One L,5000,2,North,Female,28,0,207,0.25,10000,0,1,26-30
6316,6,Blue One M,3000,2,Centre,Male,30,1,161,0.3333333333333333,6000,0,2,26-30
6317,7,Blue One L,5000,2,Centre,Male,30,0,172,0.2857142857142857,10000,0,2,26-30
6318,5,Blue One M,3000,2,Littoral,Female,25,0,121,0.4,6000,0,3,21-25
6319,7,Blue One L,5000,3,Adamawa,Male,27,0,166,0.42857142857142855,15000,0,2,26-30
6320,4,Blue One M,3000,2,South West,Female,30,0,84,0.5,6000,0,5,26-30
6323,7,Blue One L,5000,0,North West,Male,27,1,178,0.0,0,1,1,26-30
6324,7,Blue One L,5000,0,West,Male,24,1,193,0.0,0,1,1,21-25
6325,5,Blue One M,3000,2,Littoral,Female,26,0,111,0.4,6000,0,4,26-30
6326,6,Blue One M,3000,0,East,Female,30,1,153,0.0,0,1,2,26-30
6327,6,Blue One M,3000,2,Littoral,Male,23,1,149,0.3333333333333333,6000,0,3,21-25
6328,6,Blue One M,3000,3,North West,Female,26,0,142,0.5,9000,0,3,26-30
6330,7,Blue One L,5000,3,North West,Male,19,0,174,0.42857142857142855,15000,0,2,<=20
6331,6,Blue One M,3000,2,South West,Female,27,0,162,0.3333333333333333,6000,0,2,26-30
6332,6,Blue One M,3000,0,Centre,Female,25,1,164,0.0,0,1,2,21-25
6334,7,Blue One L,5000,2,Adamawa,Male,25,1,166,0.2857142857142857,10000,0,2,21-25
6336,4,Blue One M,3000,3,West,Female,24,0,89,0.75,9000,0,4,21-25
6339,7,Blue One L,5000,3,East,Male,26,0,194,0.42857142857142855,15000,0,1,26-30
6341,6,Blue One M,3000,2,Far North,Male,29,1,162,0.3333333333333333,6000,0,2,26-30
6342,7,Blue One L,5000,2,Centre,Female,22,1,189,0.2857142857142857,10000,0,1,21-25
6343,7,Blue One L,5000,3,West,Female,25,0,172,0.42857142857142855,15000,0,2,21-25
6344,7,Blue One L,5000,2,Far North,Male,31,1,171,0.2857142857142857,10000,0,2,>30
6345,6,Blue One M,3000,2,Adamawa,Female,26,0,145,0.3333333333333333,6000,0,3,26-30
6346,7,Blue One L,5000,2,South,Female,26,1,185,0.2857142857142857,10000,0,1,26-30
6347,7,Blue One L,5000,2,North West,Male,26,0,180,0.2857142857142857,10000,0,1,26-30
6348,7,Blue One L,5000,2,South West,Male,27,1,193,0.2857142857142857,10000,0,1,26-30
6349,7,Blue One L,5000,0,South,Male,28,1,185,0.0,0,1,1,26-30
6350,4,Blue One M,3000,2,North,Male,24,0,87,0.5,6000,0,5,21-25
6352,6,Blue One M,3000,3,East,Male,25,0,153,0.5,9000,0,2,21-25
6353,6,Blue One M,3000,0,West,Female,26,1,154,0.0,0,1,2,26-30
6354,8,Blue One L,5000,2,Far North,Male,29,1,207,0.25,10000,0,1,26-30
6355,6,Blue One M,3000,3,North,Male,18,0,156,0.5,9000,0,2,<=20
6356,6,Blue One M,3000,3,Littoral,Male,23,0,152,0.5,9000,0,2,21-25
6357,5,Blue One M,3000,3,West,Female,27,0,116,0.6,9000,0,4,26-30
6358,5,Blue One M,3000,0,Littoral,Female,25,1,131,0.0,0,1,3,21-25
6359,5,Blue One M,3000,3,Littoral,Male,23,0,131,0.6,9000,0,3,21-25
6360,5,Blue One M,3000,2,North,Female,26,0,126,0.4,6000,0,3,26-30
6361,6,Blue One M,3000,3,Centre,Female,29,0,151,0.5,9000,0,2,26-30
6362,6,Blue One M,3000,0,South,Male,25,1,143,0.0,0,1,3,21-25
6364,4,Blue One M,3000,2,Far North,Male,24,1,102,0.5,6000,0,4,21-25
6365,4,Blue One M,3000,2,North,Female,25,0,101,0.5,6000,0,4,21-25
6366,5,Blue One M,3000,3,South West,Female,27,0,111,0.6,9000,0,4,26-30
6368,5,Blue One M,3000,2,East,Female,19,1,132,0.4,6000,0,3,<=20
6369,6,Blue One M,3000,2,South,Female,26,1,147,0.3333333333333333,6000,0,3,26-30
6370,5,Blue One M,3000,2,Far North,Female,26,1,112,0.4,6000,0,4,26-30
6371,6,Blue One M,3000,2,South West,Male,23,0,159,0.3333333333333333,6000,0,2,21-25
6372,8,Blue One L,5000,0,North West,Female,24,1,200,0.0,0,1,1,21-25
6373,8,Blue One L,5000,0,North,Male,25,1,196,0.0,0,1,1,21-25
6374,8,Blue One L,5000,2,South West,Male,30,0,200,0.25,10000,0,1,26-30
6375,8,Blue One L,5000,2,Littoral,Female,29,1,203,0.25,10000,0,1,26-30
6376,7,Blue One L,5000,0,Adamawa,Male,29,1,189,0.0,0,1,1,26-30
6377,7,Blue One L,5000,2,South,Female,27,1,189,0.2857142857142857,10000,0,1,26-30
6378,7,Blue One L,5000,2,North,Female,30,1,189,0.2857142857142857,10000,0,1,26-30
6379,7,Blue One L,5000,2,South,Female,25,1,168,0.2857142857142857,10000,0,2,21-25
6380,7,Blue One L,5000,2,Adamawa,Male,20,0,171,0.2857142857142857,10000,0,2,<=20
6381,7,Blue One L,5000,2,West,Male,27,0,190,0.2857142857142857,10000,0,1,26-30
6382,8,Blue One L,5000,2,Far North,Male,27,1,196,0.25,10000,0,1,26-30
6383,8,Blue One L,5000,0,South,Female,28,1,200,0.0,0,1,1,26-30
6384,7,Blue One L,5000,2,Littoral,Female,28,1,187,0.2857142857142857,10000,0,1,26-30
6385,8,Blue One L,5000,3,Adamawa,Male,33,0,200,0.375,15000,0,1,>30
6386,6,Blue One M,3000,0,East,Female,26,1,138,0.0,0,1,3,26-30
6387,3,Blue One S,2000,2,North West,Female,20,0,74,0.6666666666666666,4000,0,5,<=20
6388,7,Blue One L,5000,0,Far North,Male,25,1,188,0.0,0,1,1,21-25
6389,7,Blue One L,5000,0,Far North,Male,21,1,182,0.0,0,1,1,21-25
6390,7,Blue One L,5000,2,South West,Male,24,0,179,0.2857142857142857,10000,0,1,21-25
6391,7,Blue One L,5000,2,North West,Female,27,1,172,0.2857142857142857,10000,0,2,26-30
6392,7,Blue One L,5000,2,Adamawa,Male,19,1,166,0.2857142857142857,10000,0,2,<=20
6393,8,Blue One L,5000,2,Centre,Female,27,1,207,0.25,10000,0,1,26-30
6394,8,Blue One L,5000,2,South,Female,31,1,203,0.25,10000,0,1,>30
6395,8,Blue One L,5000,2,Littoral,Female,21,0,201,0.25,10000,0,1,21-25
6396,8,Blue One L,5000,2,West,Female,31,0,198,0.25,10000,0,1,>30
6397,8,Blue One L,5000,0,North West,Male,33,1,202,0.0,0,1,1,>30
6398,8,Blue One L,5000,2,Littoral,Male,25,0,197,0.25,10000,0,1,21-25
6399,8,Blue One L,5000,0,Littoral,Female,31,1,200,0.0,0,1,1,>30
6400,8,Blue One L,5000,2,North West,Female,22,1,206,0.25,10000,0,1,21-25
6401,8,Blue One L,5000,3,West,Male,25,0,199,0.375,15000,0,1,21-25
6402,8,Blue One L,5000,3,Centre,Male,31,0,206,0.375,15000,0,1,>30
6403,8,Blue One L,5000,2,North,Male,29,1,202,0.25,10000,0,1,26-30
6404,8,Blue One L,5000,0,South,Female,27,1,201,0.0,0,1,1,26-30
6409,7,Blue One L,5000,2,Littoral,Female,27,1,190,0.2857142857142857,10000,0,1,26-30
6410,6,Blue One M,3000,0,Littoral,Female,25,1,143,0.0,0,1,3,21-25
6411,6,Blue One M,3000,0,West,Male,29,1,144,0.0,0,1,3,26-30
6412,6,Blue One M,3000,0,South,Male,27,1,143,0.0,0,1,3,26-30
6413,6,Blue One M,3000,2,South West,Female,25,0,151,0.3333333333333333,6000,0,2,21-25
6414,5,Blue One M,3000,3,Littoral,Male,24,0,126,0.6,9000,0,3,21-25
6415,5,Blue One M,3000,3,East,Female,25,0,123,0.6,9000,0,3,21-25
6416,6,Blue One M,3000,2,South,Female,26,1,146,0.3333333333333333,6000,0,3,26-30
6417,7,Blue One L,5000,2,Far North,Male,23,0,175,0.2857142857142857,10000,0,2,21-25
6418,5,Blue One M,3000,3,West,Female,26,0,133,0.6,9000,0,3,26-30
6419,7,Blue One L,5000,3,Adamawa,Female,24,0,177,0.42857142857142855,15000,0,2,21-25
6420,7,Blue One L,5000,2,North West,Male,31,0,177,0.2857142857142857,10000,0,2,>30
6421,7,Blue One L,5000,0,South West,Male,25,1,177,0.0,0,1,2,21-25
6422,7,Blue One L,5000,2,West,Male,25,1,176,0.2857142857142857,10000,0,2,21-25
6423,7,Blue One L,5000,3,Littoral,Female,25,0,176,0.42857142857142855,15000,0,2,21-25
6424,7,Blue One L,5000,2,South,Female,27,0,180,0.2857142857142857,10000,0,1,26-30
6425,8,Blue One L,5000,3,Centre,Male,24,0,202,0.375,15000,0,1,21-25
6426,8,Blue One L,5000,2,East,Male,25,1,196,0.25,10000,0,1,21-25
6427,8,Blue One L,5000,0,South,Male,26,1,195,0.0,0,1,1,26-30
6428,7,Blue One L,5000,2,East,Male,21,0,190,0.2857142857142857,10000,0,1,21-25
6429,7,Blue One L,5000,0,Littoral,Female,23,1,182,0.0,0,1,1,21-25
6430,7,Blue One L,5000,2,South West,Male,26,1,186,0.2857142857142857,10000,0,1,26-30
6431,7,Blue One L,5000,2,Adamawa,Male,28,1,171,0.2857142857142857,10000,0,2,26-30
6432,7,Blue One L,5000,3,Centre,Female,25,0,182,0.42857142857142855,15000,0,1,21-25
6433,7,Blue One L,5000,0,West,Female,21,1,166,0.0,0,1,2,21-25
6434,7,Blue One L,5000,2,South,Male,26,1,171,0.2857142857142857,10000,0,2,26-30
6435,7,Blue One L,5000,2,Centre,Male,26,1,175,0.2857142857142857,10000,0,2,26-30
6436,5,Blue One M,3000,2,West,Female,23,1,133,0.4,6000,0,3,21-25
6437,6,Blue One M,3000,2,Centre,Male,30,1,136,0.3333333333333333,6000,0,3,26-30
6438,4,Blue One M,3000,0,North,Male,19,1,103,0.0,0,1,4,<=20
6440,5,Blue One M,3000,2,South West,Female,23,1,126,0.4,6000,0,3,21-25
6441,7,Blue One L,5000,3,Littoral,Female,32,0,172,0.42857142857142855,15000,0,2,>30
6442,6,Blue One M,3000,2,South,Male,26,0,161,0.3333333333333333,6000,0,2,26-30
6443,6,Blue One M,3000,3,South West,Male,23,0,157,0.5,9000,0,2,21-25
6445,7,Blue One L,5000,3,North West,Male,20,0,171,0.42857142857142855,15000,0,2,<=20
6446,7,Blue One L,5000,2,South,Female,24,0,170,0.2857142857142857,10000,0,2,21-25
6447,7,Blue One L,5000,2,North,Male,23,1,165,0.2857142857142857,10000,0,2,21-25
6448,7,Blue One L,5000,0,East,Male,26,1,166,0.0,0,1,2,26-30
6449,7,Blue One L,5000,3,Littoral,Female,27,0,164,0.42857142857142855,15000,0,2,26-30
6450,6,Blue One M,3000,0,North West,Female,22,1,159,0.0,0,1,2,21-25
6451,6,Blue One M,3000,0,Centre,Male,22,1,164,0.0,0,1,2,21-25
6452,5,Blue One M,3000,3,South West,Female,23,0,133,0.6,9000,0,3,21-25
6453,5,Blue One M,3000,2,South West,Male,25,1,132,0.4,6000,0,3,21-25
6454,5,Blue One M,3000,0,West,Female,24,1,131,0.0,0,1,3,21-25
6455,6,Blue One M,3000,2,Littoral,Male,26,1,135,0.3333333333333333,6000,0,3,26-30
6456,5,Blue One M,3000,0,Centre,Male,24,1,130,0.0,0,1,3,21-25
6457,6,Blue One M,3000,2,Far North,Male,24,1,160,0.3333333333333333,6000,0,2,21-25
6458,6,Blue One M,3000,0,Centre,Male,27,1,158,0.0,0,1,2,26-30
6459,6,Blue One M,3000,3,North West,Male,31,0,158,0.5,9000,0,2,>30
6460,6,Blue One M,3000,2,South West,Female,23,1,158,0.3333333333333333,6000,0,2,21-25
6461,6,Blue One M,3000,2,Far North,Female,29,1,154,0.3333333333333333,6000,0,2,26-30
6462,6,Blue One M,3000,0,Far North,Male,19,1,157,0.0,0,1,2,<=20
6463,6,Blue One M,3000,2,South,Female,24,0,140,0.3333333333333333,6000,0,3,21-25
6464,6,Blue One M,3000,0,Littoral,Male,26,1,143,0.0,0,1,3,26-30
6465,6,Blue One M,3000,0,South West,Female,19,1,138,0.0,0,1,3,<=20
6466,6,Blue One M,3000,0,South West,Female,24,1,146,0.0,0,1,3,21-25
6467,6,Blue One M,3000,2,North West,Male,25,1,157,0.3333333333333333,6000,0,2,21-25
6468,6,Blue One M,3000,2,Littoral,Female,25,1,158,0.3333333333333333,6000,0,2,21-25
6470,7,Blue One L,5000,3,Far North,Male,21,0,166,0.42857142857142855,15000,0,2,21-25
6471,6,Blue One M,3000,2,Far North,Female,32,1,154,0.3333333333333333,6000,0,2,>30
6472,5,Blue One M,3000,2,South West,Male,24,1,118,0.4,6000,0,4,21-25
6473,6,Blue One M,3000,2,Littoral,Male,27,1,148,0.3333333333333333,6000,0,3,26-30
6474,4,Blue One M,3000,0,Adamawa,Female,24,1,97,0.0,0,1,4,21-25
6475,6,Blue One M,3000,0,South,Female,29,1,136,0.0,0,1,3,26-30
6476,6,Blue One M,3000,2,North,Male,28,1,143,0.3333333333333333,6000,0,3,26-30
6477,6,Blue One M,3000,2,Far North,Male,22,1,150,0.3333333333333333,6000,0,2,21-25
6478,6,Blue One M,3000,2,North,Male,25,0,150,0.3333333333333333,6000,0,2,21-25
6479,6,Blue One M,3000,2,East,Male,25,0,145,0.3333333333333333,6000,0,3,21-25
6480,6,Blue One M,3000,2,East,Male,20,1,147,0.3333333333333333,6000,0,3,<=20
6481,7,Blue One L,5000,2,Littoral,Female,25,1,166,0.2857142857142857,10000,0,2,21-25
6482,6,Blue One M,3000,2,South West,Female,25,0,160,0.3333333333333333,6000,0,2,21-25
6483,6,Blue One M,3000,2,North West,Female,28,0,141,0.3333333333333333,6000,0,3,26-30
6485,7,Blue One L,5000,2,Centre,Female,25,0,166,0.2857142857142857,10000,0,2,21-25
6486,5,Blue One M,3000,2,South,Male,23,1,117,0.4,6000,0,4,21-25
6487,5,Blue One M,3000,2,Littoral,Female,24,1,130,0.4,6000,0,3,21-25
6488,6,Blue One M,3000,2,South West,Female,22,0,151,0.3333333333333333,6000,0,2,21-25
6489,6,Blue One M,3000,2,Adamawa,Female,25,1,156,0.3333333333333333,6000,0,2,21-25
6490,6,Blue One M,3000,2,North West,Male,22,0,153,0.3333333333333333,6000,0,2,21-25
6491,6,Blue One M,3000,3,Far North,Male,27,0,149,0.5,9000,0,3,26-30
6492,6,Blue One M,3000,0,East,Female,28,1,136,0.0,0,1,3,26-30
6493,5,Blue One M,3000,2,Far North,Male,23,0,126,0.4,6000,0,3,21-25
6494,6,Blue One M,3000,0,South West,Male,25,1,151,0.0,0,1,2,21-25
6495,6,Blue One M,3000,2,Centre,Male,25,0,151,0.3333333333333333,6000,0,2,21-25
6496,5,Blue One M,3000,2,Adamawa,Male,25,0,125,0.4,6000,0,3,21-25
6497,6,Blue One M,3000,0,Littoral,Male,28,1,139,0.0,0,1,3,26-30
6498,5,Blue One M,3000,2,West,Female,22,0,132,0.4,6000,0,3,21-25
6499,6,Blue One M,3000,3,West,Male,25,0,152,0.5,9000,0,2,21-25
6501,4,Blue One M,3000,3,South,Female,24,0,86,0.75,9000,0,5,21-25
6502,4,Blue One M,3000,2,Centre,Female,21,0,95,0.5,6000,0,4,21-25
6503,4,Blue One M,3000,3,South West,Male,24,0,81,0.75,9000,0,5,21-25
6504,7,Blue One L,5000,3,Centre,Female,25,0,177,0.42857142857142855,15000,0,2,21-25
6505,7,Blue One L,5000,2,Adamawa,Female,26,1,176,0.2857142857142857,10000,0,2,26-30
6506,7,Blue One L,5000,3,Far North,Male,21,0,176,0.42857142857142855,15000,0,2,21-25
6507,7,Blue One L,5000,0,South West,Female,25,1,176,0.0,0,1,2,21-25
6508,8,Blue One L,5000,3,Far North,Male,30,0,200,0.375,15000,0,1,26-30
6509,8,Blue One L,5000,2,East,Female,30,0,196,0.25,10000,0,1,26-30
6510,7,Blue One L,5000,2,North West,Male,29,1,193,0.2857142857142857,10000,0,1,26-30
6511,8,Blue One L,5000,3,Littoral,Male,26,0,196,0.375,15000,0,1,26-30
6512,8,Blue One L,5000,3,North West,Male,27,0,198,0.375,15000,0,1,26-30
6513,7,Blue One L,5000,2,South,Female,26,0,194,0.2857142857142857,10000,0,1,26-30
6514,7,Blue One L,5000,0,West,Female,26,1,189,0.0,0,1,1,26-30
6515,7,Blue One L,5000,2,North West,Female,17,0,192,0.2857142857142857,10000,0,1,<=20
6516,7,Blue One L,5000,2,South,Male,25,1,182,0.2857142857142857,10000,0,1,21-25
6517,7,Blue One L,5000,2,Centre,Female,30,1,190,0.2857142857142857,10000,0,1,26-30
6518,7,Blue One L,5000,0,South,Female,30,1,192,0.0,0,1,1,26-30
6519,7,Blue One L,5000,2,South,Female,24,0,186,0.2857142857142857,10000,0,1,21-25
6520,7,Blue One L,5000,2,East,Male,32,1,187,0.2857142857142857,10000,0,1,>30
6521,7,Blue One L,5000,0,Far North,Female,30,1,186,0.0,0,1,1,26-30
6522,7,Blue One L,5000,2,Littoral,Male,26,1,183,0.2857142857142857,10000,0,1,26-30
6523,7,Blue One L,5000,2,Adamawa,Female,22,1,179,0.2857142857142857,10000,0,1,21-25
6524,7,Blue One L,5000,2,North West,Female,27,1,182,0.2857142857142857,10000,0,1,26-30
6525,7,Blue One L,5000,2,South West,Male,28,1,173,0.2857142857142857,10000,0,2,26-30
6526,7,Blue One L,5000,2,South West,Female,28,0,173,0.2857142857142857,10000,0,2,26-30
6527,8,Blue One L,5000,2,South,Female,26,1,198,0.25,10000,0,1,26-30
6528,8,Blue One L,5000,2,West,Female,30,0,208,0.25,10000,0,1,26-30
6529,8,Blue One L,5000,2,South West,Female,26,0,208,0.25,10000,0,1,26-30
6530,7,Blue One L,5000,3,North,Male,28,0,185,0.42857142857142855,15000,0,1,26-30
6531,8,Blue One L,5000,3,Adamawa,Male,26,0,199,0.375,15000,0,1,26-30
6532,8,Blue One L,5000,3,East,Male,31,0,200,0.375,15000,0,1,>30
6533,8,Blue One L,5000,2,North West,Female,29,1,195,0.25,10000,0,1,26-30
6534,6,Blue One M,3000,0,North,Male,22,1,142,0.0,0,1,3,21-25
6535,8,Blue One L,5000,0,Adamawa,Female,28,1,203,0.0,0,1,1,26-30
6536,8,Blue One L,5000,2,West,Female,23,1,203,0.25,10000,0,1,21-25
6537,8,Blue One L,5000,2,East,Male,30,0,200,0.25,10000,0,1,26-30
6538,8,Blue One L,5000,2,North West,Male,27,1,204,0.25,10000,0,1,26-30
6539,8,Blue One L,5000,2,Centre,Female,28,1,197,0.25,10000,0,1,26-30
6540,8,Blue One L,5000,3,Far North,Male,29,0,204,0.375,15000,0,1,26-30
6541,8,Blue One L,5000,2,North,Male,29,1,207,0.25,10000,0,1,26-30
6542,8,Blue One L,5000,0,East,Female,22,1,200,0.0,0,1,1,21-25
6543,6,Blue One M,3000,2,Adamawa,Male,23,0,162,0.3333333333333333,6000,0,2,21-25
6544,5,Blue One M,3000,3,Adamawa,Female,19,0,128,0.6,9000,0,3,<=20
6545,8,Blue One L,5000,0,Centre,Female,33,1,203,0.0,0,1,1,>30
6546,8,Blue One L,5000,3,East,Female,25,0,198,0.375,15000,0,1,21-25
6547,7,Blue One L,5000,0,East,Male,27,1,193,0.0,0,1,1,26-30
6548,8,Blue One L,5000,0,South,Female,26,1,202,0.0,0,1,1,26-30
6549,8,Blue One L,5000,2,West,Female,26,1,204,0.25,10000,0,1,26-30
6550,5,Blue One M,3000,3,Adamawa,Male,22,0,117,0.6,9000,0,4,21-25
6551,8,Blue One L,5000,2,South West,Male,25,1,207,0.25,10000,0,1,21-25
6552,8,Blue One L,5000,2,Littoral,Female,32,0,195,0.25,10000,0,1,>30
6553,8,Blue One L,5000,2,South,Female,29,1,197,0.25,10000,0,1,26-30
6554,8,Blue One L,5000,2,Far North,Male,26,0,203,0.25,10000,0,1,26-30
6555,8,Blue One L,5000,2,Centre,Male,28,0,202,0.25,10000,0,1,26-30
6556,8,Blue One L,5000,0,North,Male,30,1,199,0.0,0,1,1,26-30
6557,8,Blue One L,5000,3,South,Female,33,0,199,0.375,15000,0,1,>30
6558,8,Blue One L,5000,0,East,Female,21,1,208,0.0,0,1,1,21-25
6559,8,Blue One L,5000,2,Adamawa,Male,32,1,205,0.25,10000,0,1,>30
6560,8,Blue One L,5000,3,South,Female,25,0,203,0.375,15000,0,1,21-25
6561,8,Blue One L,5000,2,Centre,Female,29,0,203,0.25,10000,0,1,26-30
6562,8,Blue One L,5000,3,South,Male,30,0,203,0.375,15000,0,1,26-30
6563,8,Blue One L,5000,3,Far North,Male,30,0,199,0.375,15000,0,1,26-30
6564,6,Blue One M,3000,2,East,Female,25,1,161,0.3333333333333333,6000,0,2,21-25
6565,7,Blue One L,5000,2,Adamawa,Female,26,0,184,0.2857142857142857,10000,0,1,26-30
6566,7,Blue One L,5000,2,East,Female,28,0,179,0.2857142857142857,10000,0,1,26-30
6567,7,Blue One L,5000,2,East,Male,28,1,187,0.2857142857142857,10000,0,1,26-30
6568,8,Blue One L,5000,3,South,Male,26,0,203,0.375,15000,0,1,26-30
6569,8,Blue One L,5000,3,West,Male,24,0,203,0.375,15000,0,1,21-25
6570,8,Blue One L,5000,0,East,Male,23,1,201,0.0,0,1,1,21-25
6571,8,Blue One L,5000,2,North,Male,33,1,202,0.25,10000,0,1,>30
6572,8,Blue One L,5000,0,Adamawa,Male,29,1,195,0.0,0,1,1,26-30
6573,8,Blue One L,5000,3,South,Female,27,0,198,0.375,15000,0,1,26-30
6574,7,Blue One L,5000,2,Adamawa,Male,23,1,191,0.2857142857142857,10000,0,1,21-25
6575,8,Blue One L,5000,0,South West,Female,29,1,196,0.0,0,1,1,26-30
6576,8,Blue One L,5000,0,Littoral,Male,28,1,203,0.0,0,1,1,26-30
6577,8,Blue One L,5000,2,West,Male,30,0,203,0.25,10000,0,1,26-30
6578,8,Blue One L,5000,2,South,Female,32,1,196,0.25,10000,0,1,>30
6579,8,Blue One L,5000,2,North,Male,24,0,199,0.25,10000,0,1,21-25
6580,8,Blue One L,5000,2,Adamawa,Male,25,0,204,0.25,10000,0,1,21-25
6581,8,Blue One L,5000,2,North West,Female,30,0,203,0.25,10000,0,1,26-30
6582,7,Blue One L,5000,2,Littoral,Female,28,1,185,0.2857142857142857,10000,0,1,26-30
6583,7,Blue One L,5000,2,Adamawa,Female,22,1,187,0.2857142857142857,10000,0,1,21-25
6584,7,Blue One L,5000,0,Far North,Male,21,1,188,0.0,0,1,1,21-25
6585,6,Blue One M,3000,2,Adamawa,Female,27,0,161,0.3333333333333333,6000,0,2,26-30
6586,8,Blue One L,5000,0,East,Female,23,1,195,0.0,0,1,1,21-25
6587,8,Blue One L,5000,0,North West,Female,25,1,196,0.0,0,1,1,21-25
6588,8,Blue One L,5000,3,Adamawa,Female,29,0,198,0.375,15000,0,1,26-30
6589,8,Blue One L,5000,2,Adamawa,Male,32,1,198,0.25,10000,0,1,>30
6590,8,Blue One L,5000,0,Adamawa,Female,23,1,205,0.0,0,1,1,21-25
6591,8,Blue One L,5000,2,Adamawa,Male,26,0,207,0.25,10000,0,1,26-30
6592,8,Blue One L,5000,3,Centre,Female,23,0,198,0.375,15000,0,1,21-25
6593,8,Blue One L,5000,2,North,Male,27,1,199,0.25,10000,0,1,26-30
6594,7,Blue One L,5000,0,North West,Male,27,1,188,0.0,0,1,1,26-30
6595,8,Blue One L,5000,0,Centre,Female,24,1,198,0.0,0,1,1,21-25
6596,7,Blue One L,5000,0,Centre,Female,25,1,194,0.0,0,1,1,21-25
6597,8,Blue One L,5000,2,South,Female,29,0,201,0.25,10000,0,1,26-30
6598,8,Blue One L,5000,2,West,Male,25,1,199,0.25,10000,0,1,21-25
6599,8,Blue One L,5000,2,West,Male,29,0,200,0.25,10000,0,1,26-30
6600,8,Blue One L,5000,0,South West,Female,27,1,201,0.0,0,1,1,26-30
6601,8,Blue One L,5000,0,West,Female,30,1,196,0.0,0,1,1,26-30
6602,7,Blue One L,5000,2,South West,Female,29,1,165,0.2857142857142857,10000,0,2,26-30
6603,7,Blue One L,5000,2,Centre,Female,26,1,180,0.2857142857142857,10000,0,1,26-30
6604,8,Blue One L,5000,0,North West,Female,29,1,194,0.0,0,1,1,26-30
6605,7,Blue One L,5000,3,South,Female,28,0,191,0.42857142857142855,15000,0,1,26-30
6606,8,Blue One L,5000,3,North West,Female,27,0,196,0.375,15000,0,1,26-30
6608,5,Blue One M,3000,0,West,Female,21,1,126,0.0,0,1,3,21-25
6609,7,Blue One L,5000,0,East,Male,26,1,191,0.0,0,1,1,26-30
6610,6,Blue One M,3000,2,East,Male,20,1,153,0.3333333333333333,6000,0,2,<=20
6611,7,Blue One L,5000,2,Far North,Male,27,1,193,0.2857142857142857,10000,0,1,26-30
6612,8,Blue One L,5000,0,East,Female,25,1,200,0.0,0,1,1,21-25
6613,7,Blue One L,5000,2,Centre,Male,29,0,191,0.2857142857142857,10000,0,1,26-30
6614,8,Blue One L,5000,2,North,Female,24,0,199,0.25,10000,0,1,21-25
6615,8,Blue One L,5000,0,Centre,Female,24,1,200,0.0,0,1,1,21-25
6616,8,Blue One L,5000,0,East,Female,33,1,200,0.0,0,1,1,>30
6617,7,Blue One L,5000,0,Adamawa,Male,31,1,184,0.0,0,1,1,>30
6618,7,Blue One L,5000,3,North West,Male,28,0,184,0.42857142857142855,15000,0,1,26-30
6619,7,Blue One L,5000,2,Far North,Male,29,1,182,0.2857142857142857,10000,0,1,26-30
6620,7,Blue One L,5000,3,North,Male,26,0,166,0.42857142857142855,15000,0,2,26-30
6621,7,Blue One L,5000,2,Littoral,Male,24,0,179,0.2857142857142857,10000,0,1,21-25
6622,7,Blue One L,5000,3,North West,Male,30,0,171,0.42857142857142855,15000,0,2,26-30
6623,7,Blue One L,5000,2,West,Male,29,0,182,0.2857142857142857,10000,0,1,26-30
6624,7,Blue One L,5000,0,North West,Male,28,1,174,0.0,0,1,2,26-30
6625,7,Blue One L,5000,2,South,Female,30,0,168,0.2857142857142857,10000,0,2,26-30
6626,6,Blue One M,3000,3,North West,Female,28,0,147,0.5,9000,0,3,26-30
6627,7,Blue One L,5000,2,Centre,Female,22,0,181,0.2857142857142857,10000,0,1,21-25
6628,7,Blue One L,5000,3,South,Female,30,0,185,0.42857142857142855,15000,0,1,26-30
6629,7,Blue One L,5000,0,North,Male,26,1,193,0.0,0,1,1,26-30
6630,7,Blue One L,5000,2,South,Female,25,1,193,0.2857142857142857,10000,0,1,21-25
6631,7,Blue One L,5000,0,South West,Female,33,1,192,0.0,0,1,1,>30
6632,7,Blue One L,5000,2,Far North,Male,27,1,187,0.2857142857142857,10000,0,1,26-30
6633,7,Blue One L,5000,2,East,Male,31,1,192,0.2857142857142857,10000,0,1,>30
6634,7,Blue One L,5000,2,North,Female,29,0,187,0.2857142857142857,10000,0,1,26-30
6636,7,Blue One L,5000,2,West,Female,28,0,190,0.2857142857142857,10000,0,1,26-30
6637,7,Blue One L,5000,0,North West,Female,23,1,186,0.0,0,1,1,21-25
6638,7,Blue One L,5000,3,Littoral,Female,21,0,188,0.42857142857142855,15000,0,1,21-25
6639,7,Blue One L,5000,0,Adamawa,Male,27,1,188,0.0,0,1,1,26-30
6640,7,Blue One L,5000,0,Adamawa,Male,24,1,187,0.0,0,1,1,21-25
6641,7,Blue One L,5000,2,East,Male,27,0,184,0.2857142857142857,10000,0,1,26-30
6642,7,Blue One L,5000,0,West,Male,31,1,189,0.0,0,1,1,>30
6643,7,Blue One L,5000,2,Littoral,Female,27,1,186,0.2857142857142857,10000,0,1,26-30
6644,7,Blue One L,5000,0,East,Female,25,1,172,0.0,0,1,2,21-25
6645,7,Blue One L,5000,2,West,Male,29,0,182,0.2857142857142857,10000,0,1,26-30
6646,7,Blue One L,5000,3,West,Male,23,0,187,0.42857142857142855,15000,0,1,21-25
6647,7,Blue One L,5000,0,Centre,Male,27,1,187,0.0,0,1,1,26-30
6648,7,Blue One L,5000,0,North,Female,31,1,181,0.0,0,1,1,>30
6649,7,Blue One L,5000,2,Far North,Male,25,0,181,0.2857142857142857,10000,0,1,21-25
6650,7,Blue One L,5000,3,North,Female,29,0,187,0.42857142857142855,15000,0,1,26-30
6651,7,Blue One L,5000,2,South West,Female,28,1,184,0.2857142857142857,10000,0,1,26-30
6652,7,Blue One L,5000,0,Far North,Female,27,1,188,0.0,0,1,1,26-30
6653,7,Blue One L,5000,3,Centre,Female,29,0,184,0.42857142857142855,15000,0,1,26-30
6654,7,Blue One L,5000,0,South West,Male,27,1,184,0.0,0,1,1,26-30
6655,7,Blue One L,5000,0,North,Male,30,1,181,0.0,0,1,1,26-30
6656,7,Blue One L,5000,2,Littoral,Female,24,1,186,0.2857142857142857,10000,0,1,21-25
6657,7,Blue One L,5000,0,Far North,Male,22,1,179,0.0,0,1,1,21-25
6658,7,Blue One L,5000,2,North,Male,25,1,187,0.2857142857142857,10000,0,1,21-25
6659,7,Blue One L,5000,2,West,Male,30,0,179,0.2857142857142857,10000,0,1,26-30
6660,7,Blue One L,5000,2,South,Female,24,0,187,0.2857142857142857,10000,0,1,21-25
6662,7,Blue One L,5000,2,Far North,Male,28,1,179,0.2857142857142857,10000,0,1,26-30
6663,7,Blue One L,5000,0,Centre,Male,27,1,186,0.0,0,1,1,26-30
6664,7,Blue One L,5000,3,South West,Female,24,0,187,0.42857142857142855,15000,0,1,21-25
6665,7,Blue One L,5000,0,Centre,Female,24,1,172,0.0,0,1,2,21-25
6666,7,Blue One L,5000,2,Far North,Female,31,0,184,0.2857142857142857,10000,0,1,>30
6667,7,Blue One L,5000,0,Centre,Male,31,1,184,0.0,0,1,1,>30
6668,7,Blue One L,5000,0,Far North,Female,32,1,185,0.0,0,1,1,>30
6669,7,Blue One L,5000,3,Littoral,Female,27,0,186,0.42857142857142855,15000,0,1,26-30
6670,7,Blue One L,5000,0,Far North,Female,32,1,180,0.0,0,1,1,>30
6671,7,Blue One L,5000,2,North West,Male,23,1,182,0.2857142857142857,10000,0,1,21-25
6672,7,Blue One L,5000,2,Far North,Male,24,0,185,0.2857142857142857,10000,0,1,21-25
6673,4,Blue One M,3000,3,Centre,Female,26,0,82,0.75,9000,0,5,26-30
6674,7,Blue One L,5000,2,North,Male,29,0,179,0.2857142857142857,10000,0,1,26-30
6675,7,Blue One L,5000,2,Littoral,Male,24,1,185,0.2857142857142857,10000,0,1,21-25
6676,7,Blue One L,5000,0,North West,Male,22,1,184,0.0,0,1,1,21-25
6677,7,Blue One L,5000,2,South West,Female,27,1,185,0.2857142857142857,10000,0,1,26-30
6678,7,Blue One L,5000,0,South,Male,24,1,185,0.0,0,1,1,21-25
6679,7,Blue One L,5000,2,North West,Female,28,1,179,0.2857142857142857,10000,0,1,26-30
6680,7,Blue One L,5000,2,Adamawa,Male,30,1,175,0.2857142857142857,10000,0,2,26-30
6681,7,Blue One L,5000,2,North,Female,27,0,182,0.2857142857142857,10000,0,1,26-30
6682,7,Blue One L,5000,2,Centre,Male,21,1,182,0.2857142857142857,10000,0,1,21-25
6683,7,Blue One L,5000,2,West,Male,27,1,184,0.2857142857142857,10000,0,1,26-30
6684,7,Blue One L,5000,2,Adamawa,Male,25,0,182,0.2857142857142857,10000,0,1,21-25
6685,7,Blue One L,5000,2,East,Female,28,0,182,0.2857142857142857,10000,0,1,26-30
6686,7,Blue One L,5000,2,South,Male,23,0,182,0.2857142857142857,10000,0,1,21-25
6687,6,Blue One M,3000,2,North West,Female,23,1,157,0.3333333333333333,6000,0,2,21-25
6688,7,Blue One L,5000,0,South West,Female,24,1,181,0.0,0,1,1,21-25
6689,7,Blue One L,5000,0,North,Female,25,1,184,0.0,0,1,1,21-25
6690,7,Blue One L,5000,2,East,Male,26,1,184,0.2857142857142857,10000,0,1,26-30
6691,7,Blue One L,5000,2,Far North,Male,25,1,175,0.2857142857142857,10000,0,2,21-25
6692,6,Blue One M,3000,2,North,Male,28,0,153,0.3333333333333333,6000,0,2,26-30
6693,6,Blue One M,3000,2,Centre,Male,28,1,153,0.3333333333333333,6000,0,2,26-30
6694,6,Blue One M,3000,3,South West,Male,30,0,152,0.5,9000,0,2,26-30
6695,6,Blue One M,3000,3,North West,Male,24,0,145,0.5,9000,0,3,21-25
6696,6,Blue One M,3000,3,East,Female,24,0,153,0.5,9000,0,2,21-25
6697,6,Blue One M,3000,2,North,Male,28,0,155,0.3333333333333333,6000,0,2,26-30
6698,6,Blue One M,3000,3,Far North,Male,27,0,156,0.5,9000,0,2,26-30
6699,6,Blue One M,3000,2,Centre,Male,26,1,150,0.3333333333333333,6000,0,3,26-30
6700,6,Blue One M,3000,0,North,Male,18,1,150,0.0,0,1,3,<=20
6701,6,Blue One M,3000,0,Far North,Male,28,1,154,0.0,0,1,2,26-30
6702,6,Blue One M,3000,2,South West,Female,29,1,144,0.3333333333333333,6000,0,3,26-30
6703,6,Blue One M,3000,3,Adamawa,Female,26,0,147,0.5,9000,0,3,26-30
6704,6,Blue One M,3000,0,Adamawa,Female,31,1,147,0.0,0,1,3,>30
6705,6,Blue One M,3000,2,West,Male,27,1,143,0.3333333333333333,6000,0,3,26-30
6706,6,Blue One M,3000,2,South West,Male,26,1,153,0.3333333333333333,6000,0,2,26-30
6707,6,Blue One M,3000,0,West,Male,24,1,153,0.0,0,1,2,21-25
6708,6,Blue One M,3000,0,South West,Male,22,1,150,0.0,0,1,2,21-25
6709,6,Blue One M,3000,3,Littoral,Female,23,0,157,0.5,9000,0,2,21-25
6710,6,Blue One M,3000,3,Centre,Male,26,0,153,0.5,9000,0,2,26-30
6711,6,Blue One M,3000,2,Centre,Male,24,1,154,0.3333333333333333,6000,0,2,21-25
6712,6,Blue One M,3000,2,Littoral,Female,21,1,154,0.3333333333333333,6000,0,2,21-25
6713,6,Blue One M,3000,3,Far North,Male,29,0,146,0.5,9000,0,3,26-30
6714,4,Blue One M,3000,2,Adamawa,Male,22,1,74,0.5,6000,0,5,21-25
6715,6,Blue One M,3000,3,Centre,Female,27,0,151,0.5,9000,0,2,26-30
6716,6,Blue One M,3000,3,South,Female,25,0,136,0.5,9000,0,3,21-25
6717,5,Blue One M,3000,0,South,Male,23,1,110,0.0,0,1,4,21-25
6718,5,Blue One M,3000,2,Littoral,Male,20,1,133,0.4,6000,0,3,<=20
6719,6,Blue One M,3000,2,North,Female,26,1,136,0.3333333333333333,6000,0,3,26-30
6720,5,Blue One M,3000,3,Far North,Male,21,0,124,0.6,9000,0,3,21-25
6721,5,Blue One M,3000,0,East,Male,28,1,110,0.0,0,1,4,26-30
6722,4,Blue One M,3000,3,Adamawa,Male,24,0,104,0.75,9000,0,4,21-25
6723,5,Blue One M,3000,2,Centre,Male,26,0,133,0.4,6000,0,3,26-30
6724,6,Blue One M,3000,0,Littoral,Male,26,1,139,0.0,0,1,3,26-30
6725,5,Blue One M,3000,2,South,Female,27,1,124,0.4,6000,0,3,26-30
6726,6,Blue One M,3000,2,South,Male,27,0,141,0.3333333333333333,6000,0,3,26-30
6727,5,Blue One M,3000,0,Adamawa,Male,26,1,126,0.0,0,1,3,26-30
6728,6,Blue One M,3000,2,East,Male,31,0,140,0.3333333333333333,6000,0,3,>30
6729,6,Blue One M,3000,2,Far North,Female,29,1,139,0.3333333333333333,6000,0,3,26-30
6730,6,Blue One M,3000,0,Littoral,Male,25,1,140,0.0,0,1,3,21-25
6731,5,Blue One M,3000,3,East,Male,25,0,133,0.6,9000,0,3,21-25
6732,6,Blue One M,3000,2,West,Male,26,1,136,0.3333333333333333,6000,0,3,26-30
6733,5,Blue One M,3000,2,North West,Male,18,1,125,0.4,6000,0,3,<=20
6734,4,Blue One M,3000,0,West,Male,28,1,102,0.0,0,1,4,26-30
6735,6,Blue One M,3000,0,Far North,Female,26,1,140,0.0,0,1,3,26-30
6736,6,Blue One M,3000,0,South,Male,20,1,139,0.0,0,1,3,<=20
6737,6,Blue One M,3000,2,Far North,Male,27,0,140,0.3333333333333333,6000,0,3,26-30
6738,6,Blue One M,3000,0,Far North,Female,25,1,140,0.0,0,1,3,21-25
6739,5,Blue One M,3000,3,South,Male,22,0,133,0.6,9000,0,3,21-25
6740,5,Blue One M,3000,2,Littoral,Male,20,0,133,0.4,6000,0,3,<=20
6741,5,Blue One M,3000,2,South West,Male,19,1,133,0.4,6000,0,3,<=20
6742,6,Blue One M,3000,2,North,Female,28,0,145,0.3333333333333333,6000,0,3,26-30
6743,6,Blue One M,3000,2,South,Male,28,1,137,0.3333333333333333,6000,0,3,26-30
6744,6,Blue One M,3000,0,East,Male,26,1,143,0.0,0,1,3,26-30
6745,6,Blue One M,3000,2,South,Female,20,0,142,0.3333333333333333,6000,0,3,<=20
6746,6,Blue One M,3000,2,Centre,Female,30,1,143,0.3333333333333333,6000,0,3,26-30
6747,6,Blue One M,3000,3,East,Male,27,0,144,0.5,9000,0,3,26-30
6748,6,Blue One M,3000,2,North,Male,22,0,140,0.3333333333333333,6000,0,3,21-25
6749,6,Blue One M,3000,2,North,Male,21,1,143,0.3333333333333333,6000,0,3,21-25
6750,6,Blue One M,3000,2,Littoral,Female,23,0,143,0.3333333333333333,6000,0,3,21-25
6751,4,Blue One M,3000,0,East,Female,22,1,90,0.0,0,1,4,21-25
6752,4,Blue One M,3000,0,South West,Male,24,1,102,0.0,0,1,4,21-25
6753,5,Blue One M,3000,3,West,Female,22,0,110,0.6,9000,0,4,21-25
6754,5,Blue One M,3000,3,Adamawa,Female,27,0,111,0.6,9000,0,4,26-30
6755,5,Blue One M,3000,2,Littoral,Female,17,0,118,0.4,6000,0,4,<=20
6756,5,Blue One M,3000,0,South,Female,22,1,120,0.0,0,1,3,21-25
6757,5,Blue One M,3000,2,North West,Male,25,1,121,0.4,6000,0,3,21-25
6758,4,Blue One M,3000,3,North,Male,25,0,84,0.75,9000,0,5,21-25
6760,5,Blue One M,3000,3,North,Male,21,0,119,0.6,9000,0,3,21-25
6761,5,Blue One M,3000,2,East,Male,22,1,131,0.4,6000,0,3,21-25
6762,5,Blue One M,3000,2,East,Male,23,1,131,0.4,6000,0,3,21-25
6763,5,Blue One M,3000,3,Adamawa,Female,22,0,127,0.6,9000,0,3,21-25
6764,5,Blue One M,3000,2,Littoral,Male,25,0,131,0.4,6000,0,3,21-25
6765,5,Blue One M,3000,2,South West,Male,18,1,131,0.4,6000,0,3,<=20
6766,5,Blue One M,3000,3,Littoral,Male,23,0,131,0.6,9000,0,3,21-25
6767,5,Blue One M,3000,2,Far North,Male,23,0,131,0.4,6000,0,3,21-25
6768,5,Blue One M,3000,2,West,Male,24,0,129,0.4,6000,0,3,21-25
6769,5,Blue One M,3000,2,South West,Male,23,0,117,0.4,6000,0,4,21-25
6770,5,Blue One M,3000,0,East,Female,23,1,124,0.0,0,1,3,21-25
6771,5,Blue One M,3000,0,North West,Male,25,1,126,0.0,0,1,3,21-25
6772,5,Blue One M,3000,0,North,Male,25,1,127,0.0,0,1,3,21-25
6773,5,Blue One M,3000,0,North,Female,23,1,127,0.0,0,1,3,21-25
6774,5,Blue One M,3000,0,South,Male,25,1,126,0.0,0,1,3,21-25
6775,5,Blue One M,3000,0,South,Female,23,1,129,0.0,0,1,3,21-25
6776,5,Blue One M,3000,0,South West,Female,21,1,129,0.0,0,1,3,21-25
6777,5,Blue One M,3000,3,East,Male,30,0,130,0.6,9000,0,3,26-30
6778,5,Blue One M,3000,3,South,Male,25,0,125,0.6,9000,0,3,21-25
6779,5,Blue One M,3000,2,East,Male,23,0,125,0.4,6000,0,3,21-25
6780,5,Blue One M,3000,2,Far North,Male,29,1,125,0.4,6000,0,3,26-30
6781,5,Blue One M,3000,2,North West,Male,27,1,126,0.4,6000,0,3,26-30
6782,5,Blue One M,3000,0,Adamawa,Male,21,1,125,0.0,0,1,3,21-25
6783,5,Blue One M,3000,3,South West,Female,26,0,124,0.6,9000,0,3,26-30
6784,5,Blue One M,3000,2,South West,Female,22,0,119,0.4,6000,0,3,21-25
6785,5,Blue One M,3000,2,Centre,Female,24,0,125,0.4,6000,0,3,21-25
6786,5,Blue One M,3000,0,North,Male,24,1,121,0.0,0,1,3,21-25
6787,5,Blue One M,3000,2,Littoral,Male,20,1,117,0.4,6000,0,4,<=20
6788,5,Blue One M,3000,2,Centre,Male,21,1,116,0.4,6000,0,4,21-25
6789,5,Blue One M,3000,2,South West,Male,26,0,124,0.4,6000,0,3,26-30
6790,5,Blue One M,3000,2,Adamawa,Male,20,0,122,0.4,6000,0,3,<=20
6791,5,Blue One M,3000,2,Littoral,Female,19,0,120,0.4,6000,0,3,<=20
6792,5,Blue One M,3000,2,Far North,Male,20,1,119,0.4,6000,0,3,<=20
6793,5,Blue One M,3000,3,West,Male,21,0,119,0.6,9000,0,3,21-25
6794,5,Blue One M,3000,3,Littoral,Female,26,0,121,0.6,9000,0,3,26-30
6795,5,Blue One M,3000,0,East,Male,21,1,121,0.0,0,1,3,21-25
6796,5,Blue One M,3000,0,South West,Male,28,1,122,0.0,0,1,3,26-30
6797,5,Blue One M,3000,2,Centre,Male,24,1,124,0.4,6000,0,3,21-25
6798,5,Blue One M,3000,3,Littoral,Female,21,0,118,0.6,9000,0,4,21-25
6799,5,Blue One M,3000,2,Littoral,Female,26,0,121,0.4,6000,0,3,26-30
6800,5,Blue One M,3000,2,East,Male,29,1,105,0.4,6000,0,4,26-30
6801,5,Blue One M,3000,2,North,Male,24,0,123,0.4,6000,0,3,21-25
6802,5,Blue One M,3000,0,Centre,Male,29,1,124,0.0,0,1,3,26-30
6803,5,Blue One M,3000,0,East,Male,24,1,124,0.0,0,1,3,21-25
6804,5,Blue One M,3000,2,Littoral,Female,22,0,118,0.4,6000,0,4,21-25
6805,5,Blue One M,3000,2,South,Female,27,0,111,0.4,6000,0,4,26-30
6806,5,Blue One M,3000,0,North West,Female,25,1,111,0.0,0,1,4,21-25
6807,5,Blue One M,3000,2,West,Male,25,0,111,0.4,6000,0,4,21-25
6808,4,Blue One M,3000,2,East,Female,20,1,90,0.5,6000,0,4,<=20
6809,4,Blue One M,3000,2,Littoral,Female,22,0,98,0.5,6000,0,4,21-25
6810,5,Blue One M,3000,2,Littoral,Female,22,1,117,0.4,6000,0,4,21-25
6811,5,Blue One M,3000,2,Littoral,Male,25,1,117,0.4,6000,0,4,21-25
6812,5,Blue One M,3000,2,North West,Male,21,1,118,0.4,6000,0,4,21-25
6813,5,Blue One M,3000,0,Littoral,Male,33,1,116,0.0,0,1,4,>30
6814,5,Blue One M,3000,2,North West,Male,27,0,120,0.4,6000,0,3,26-30
6815,4,Blue One M,3000,2,South West,Male,23,0,100,0.5,6000,0,4,21-25
6816,5,Blue One M,3000,2,North West,Female,19,1,113,0.4,6000,0,4,<=20
6817,5,Blue One M,3000,0,South,Female,30,1,121,0.0,0,1,3,26-30
6818,5,Blue One M,3000,0,North West,Female,30,1,125,0.0,0,1,3,26-30
6819,5,Blue One M,3000,0,Adamawa,Male,24,1,119,0.0,0,1,3,21-25
6820,6,Blue One M,3000,0,Far North,Male,25,1,137,0.0,0,1,3,21-25
6821,5,Blue One M,3000,2,East,Female,25,1,133,0.4,6000,0,3,21-25
6822,6,Blue One M,3000,2,Adamawa,Male,29,1,136,0.3333333333333333,6000,0,3,26-30
6823,6,Blue One M,3000,2,North,Male,27,0,137,0.3333333333333333,6000,0,3,26-30
6824,6,Blue One M,3000,2,Adamawa,Female,21,0,135,0.3333333333333333,6000,0,3,21-25
6825,5,Blue One M,3000,0,South,Male,22,1,131,0.0,0,1,3,21-25
6826,5,Blue One M,3000,2,North West,Female,21,1,112,0.4,6000,0,4,21-25
6827,5,Blue One M,3000,0,South West,Male,26,1,131,0.0,0,1,3,26-30
6828,5,Blue One M,3000,0,Centre,Female,25,1,133,0.0,0,1,3,21-25
6829,5,Blue One M,3000,2,Littoral,Male,21,0,109,0.4,6000,0,4,21-25
6830,6,Blue One M,3000,2,South,Male,30,1,136,0.3333333333333333,6000,0,3,26-30
6831,5,Blue One M,3000,3,Far North,Male,29,0,130,0.6,9000,0,3,26-30
6832,6,Blue One M,3000,2,Centre,Male,26,1,137,0.3333333333333333,6000,0,3,26-30
6833,6,Blue One M,3000,2,North,Male,27,0,135,0.3333333333333333,6000,0,3,26-30
6834,5,Blue One M,3000,3,South West,Female,21,0,115,0.6,9000,0,4,21-25
6835,5,Blue One M,3000,0,Far North,Male,31,1,121,0.0,0,1,3,>30
6836,5,Blue One M,3000,2,Adamawa,Male,22,1,125,0.4,6000,0,3,21-25
6837,5,Blue One M,3000,2,East,Male,24,1,118,0.4,6000,0,4,21-25
6838,5,Blue One M,3000,2,Centre,Male,24,1,119,0.4,6000,0,3,21-25
6839,5,Blue One M,3000,3,East,Female,27,0,123,0.6,9000,0,3,26-30
6840,5,Blue One M,3000,0,North,Male,27,1,130,0.0,0,1,3,26-30
6841,5,Blue One M,3000,2,South West,Female,27,0,130,0.4,6000,0,3,26-30
6842,5,Blue One M,3000,3,North West,Male,26,0,130,0.6,9000,0,3,26-30
6843,5,Blue One M,3000,3,South,Female,25,0,133,0.6,9000,0,3,21-25
6844,5,Blue One M,3000,2,Centre,Female,22,1,125,0.4,6000,0,3,21-25
6845,5,Blue One M,3000,3,Littoral,Male,23,0,131,0.6,9000,0,3,21-25
6846,5,Blue One M,3000,0,West,Female,17,1,128,0.0,0,1,3,<=20
6847,5,Blue One M,3000,3,South,Male,23,0,126,0.6,9000,0,3,21-25
6848,5,Blue One M,3000,0,North,Female,23,1,125,0.0,0,1,3,21-25
6849,5,Blue One M,3000,3,Far North,Female,29,0,132,0.6,9000,0,3,26-30
6850,5,Blue One M,3000,2,Centre,Male,27,1,128,0.4,6000,0,3,26-30
6851,5,Blue One M,3000,2,North West,Female,22,1,118,0.4,6000,0,4,21-25
6852,5,Blue One M,3000,3,South,Male,25,0,132,0.6,9000,0,3,21-25
6853,5,Blue One M,3000,2,North West,Female,24,1,130,0.4,6000,0,3,21-25
6854,5,Blue One M,3000,2,Far North,Male,27,0,131,0.4,6000,0,3,26-30
6855,5,Blue One M,3000,0,North,Male,21,1,131,0.0,0,1,3,21-25
6856,5,Blue One M,3000,0,North West,Male,21,1,129,0.0,0,1,3,21-25
6857,5,Blue One M,3000,2,North,Male,25,0,131,0.4,6000,0,3,21-25
6858,5,Blue One M,3000,2,South,Male,20,0,130,0.4,6000,0,3,<=20
6859,7,Blue One L,5000,0,North West,Male,30,1,172,0.0,0,1,2,26-30
6860,7,Blue One L,5000,0,West,Male,28,1,189,0.0,0,1,1,26-30
6861,6,Blue One M,3000,0,West,Female,25,1,151,0.0,0,1,2,21-25
6862,8,Blue One L,5000,2,South West,Male,25,1,197,0.25,10000,0,1,21-25
6863,4,Blue One M,3000,2,West,Male,24,0,78,0.5,6000,0,5,21-25
6865,8,Blue One L,5000,0,Far North,Male,26,1,199,0.0,0,1,1,26-30
6866,7,Blue One L,5000,2,Adamawa,Male,32,0,167,0.2857142857142857,10000,0,2,>30
6867,8,Blue One L,5000,3,South,Female,29,0,203,0.375,15000,0,1,26-30
6870,4,Blue One M,3000,2,Littoral,Female,26,0,102,0.5,6000,0,4,26-30
6871,7,Blue One L,5000,0,West,Female,27,1,176,0.0,0,1,2,26-30
6872,8,Blue One L,5000,2,North,Male,28,0,196,0.25,10000,0,1,26-30
6873,8,Blue One L,5000,0,North,Male,32,1,202,0.0,0,1,1,>30
6874,7,Blue One L,5000,0,East,Female,24,1,190,0.0,0,1,1,21-25
6875,7,Blue One L,5000,2,South,Female,25,1,194,0.2857142857142857,10000,0,1,21-25
6876,7,Blue One L,5000,2,East,Male,25,1,184,0.2857142857142857,10000,0,1,21-25
6877,8,Blue One L,5000,0,Far North,Male,28,1,199,0.0,0,1,1,26-30
6879,4,Blue One M,3000,0,North,Male,20,1,79,0.0,0,1,5,<=20
6880,4,Blue One M,3000,2,West,Female,21,0,83,0.5,6000,0,5,21-25
6881,7,Blue One L,5000,0,South,Male,28,1,180,0.0,0,1,1,26-30
6882,4,Blue One M,3000,2,Far North,Male,24,1,104,0.5,6000,0,4,21-25
6883,3,Blue One S,2000,2,South West,Male,23,0,67,0.6666666666666666,4000,0,5,21-25
6884,3,Blue One S,2000,2,Littoral,Female,22,0,70,0.6666666666666666,4000,0,5,21-25
6886,4,Blue One M,3000,0,South,Female,20,1,77,0.0,0,1,5,<=20
6887,5,Blue One M,3000,2,North West,Male,21,1,111,0.4,6000,0,4,21-25
6888,5,Blue One M,3000,3,South West,Female,26,0,115,0.6,9000,0,4,26-30
6889,5,Blue One M,3000,2,South West,Male,25,1,125,0.4,6000,0,3,21-25
6890,7,Blue One L,5000,3,West,Male,27,0,189,0.42857142857142855,15000,0,1,26-30
6891,7,Blue One L,5000,0,Centre,Male,33,1,182,0.0,0,1,1,>30
6892,6,Blue One M,3000,2,Littoral,Female,22,0,162,0.3333333333333333,6000,0,2,21-25
6893,7,Blue One L,5000,3,South,Male,23,0,180,0.42857142857142855,15000,0,1,21-25
6894,7,Blue One L,5000,0,Far North,Female,24,1,179,0.0,0,1,1,21-25
6895,7,Blue One L,5000,0,South West,Female,22,1,166,0.0,0,1,2,21-25
6896,7,Blue One L,5000,0,Littoral,Male,26,1,181,0.0,0,1,1,26-30
6897,7,Blue One L,5000,2,Centre,Male,27,1,187,0.2857142857142857,10000,0,1,26-30
6898,6,Blue One M,3000,0,Centre,Male,26,1,164,0.0,0,1,2,26-30
6899,8,Blue One L,5000,2,South,Female,24,0,203,0.25,10000,0,1,21-25
6900,7,Blue One L,5000,2,West,Male,26,0,165,0.2857142857142857,10000,0,2,26-30
6901,5,Blue One M,3000,0,North,Male,21,1,124,0.0,0,1,3,21-25
6902,6,Blue One M,3000,2,North,Male,22,0,164,0.3333333333333333,6000,0,2,21-25
6903,7,Blue One L,5000,0,Far North,Male,27,1,185,0.0,0,1,1,26-30
6904,8,Blue One L,5000,0,South West,Male,28,1,201,0.0,0,1,1,26-30
6905,7,Blue One L,5000,2,Littoral,Male,27,1,185,0.2857142857142857,10000,0,1,26-30
6906,7,Blue One L,5000,3,North West,Female,30,0,178,0.42857142857142855,15000,0,1,26-30
6908,7,Blue One L,5000,0,Adamawa,Male,19,1,169,0.0,0,1,2,<=20
6909,7,Blue One L,5000,0,Littoral,Female,28,1,192,0.0,0,1,1,26-30
6910,7,Blue One L,5000,3,North,Male,32,0,164,0.42857142857142855,15000,0,2,>30
6911,7,Blue One L,5000,0,West,Male,24,1,166,0.0,0,1,2,21-25
6912,7,Blue One L,5000,2,North West,Male,30,1,168,0.2857142857142857,10000,0,2,26-30
6913,6,Blue One M,3000,3,South West,Male,25,0,161,0.5,9000,0,2,21-25
6914,6,Blue One M,3000,2,Littoral,Male,28,0,144,0.3333333333333333,6000,0,3,26-30
6915,6,Blue One M,3000,0,Littoral,Female,27,1,145,0.0,0,1,3,26-30
6916,7,Blue One L,5000,2,Centre,Male,23,1,178,0.2857142857142857,10000,0,1,21-25
6917,6,Blue One M,3000,2,South,Male,32,0,159,0.3333333333333333,6000,0,2,>30
6918,7,Blue One L,5000,3,Far North,Female,30,0,171,0.42857142857142855,15000,0,2,26-30
6919,8,Blue One L,5000,3,East,Male,29,0,204,0.375,15000,0,1,26-30
6920,8,Blue One L,5000,0,North,Female,29,1,201,0.0,0,1,1,26-30
6921,8,Blue One L,5000,0,North,Female,28,1,198,0.0,0,1,1,26-30
6922,8,Blue One L,5000,2,North,Male,29,0,202,0.25,10000,0,1,26-30
6923,8,Blue One L,5000,2,North West,Male,28,1,205,0.25,10000,0,1,26-30
6924,7,Blue One L,5000,0,South West,Male,28,1,166,0.0,0,1,2,26-30
6925,6,Blue One M,3000,3,Far North,Male,30,0,160,0.5,9000,0,2,26-30
6926,6,Blue One M,3000,3,South West,Male,27,0,163,0.5,9000,0,2,26-30
6927,5,Blue One M,3000,2,West,Male,23,0,105,0.4,6000,0,4,21-25
6928,7,Blue One L,5000,0,North,Male,28,1,179,0.0,0,1,1,26-30
6929,5,Blue One M,3000,2,Far North,Female,23,1,108,0.4,6000,0,4,21-25
6930,8,Blue One L,5000,2,Centre,Female,32,1,194,0.25,10000,0,1,>30
6931,6,Blue One M,3000,0,West,Female,26,1,149,0.0,0,1,3,26-30
6932,5,Blue One M,3000,0,Centre,Male,24,1,132,0.0,0,1,3,21-25
6933,6,Blue One M,3000,3,West,Male,28,0,157,0.5,9000,0,2,26-30
6934,7,Blue One L,5000,0,Adamawa,Male,24,1,166,0.0,0,1,2,21-25
6935,8,Blue One L,5000,0,North,Male,33,1,197,0.0,0,1,1,>30
6936,7,Blue One L,5000,3,East,Female,26,0,184,0.42857142857142855,15000,0,1,26-30
6937,8,Blue One L,5000,0,North West,Male,28,1,203,0.0,0,1,1,26-30
6938,7,Blue One L,5000,0,Far North,Male,23,1,189,0.0,0,1,1,21-25
6939,8,Blue One L,5000,2,Centre,Male,25,1,200,0.25,10000,0,1,21-25
6940,8,Blue One L,5000,2,North,Male,32,1,207,0.25,10000,0,1,>30
6941,8,Blue One L,5000,2,Centre,Female,30,0,203,0.25,10000,0,1,26-30
6942,6,Blue One M,3000,2,Centre,Male,28,1,162,0.3333333333333333,6000,0,2,26-30
6943,7,Blue One L,5000,2,South West,Female,31,1,185,0.2857142857142857,10000,0,1,>30
6944,8,Blue One L,5000,2,Adamawa,Male,28,1,203,0.25,10000,0,1,26-30
6945,6,Blue One M,3000,2,Centre,Male,31,0,154,0.3333333333333333,6000,0,2,>30
6946,8,Blue One L,5000,0,East,Female,26,1,203,0.0,0,1,1,26-30
6947,7,Blue One L,5000,2,West,Male,33,0,194,0.2857142857142857,10000,0,1,>30
6948,7,Blue One L,5000,2,Adamawa,Female,26,1,191,0.2857142857142857,10000,0,1,26-30
6949,7,Blue One L,5000,0,Adamawa,Male,29,1,188,0.0,0,1,1,26-30
6950,7,Blue One L,5000,2,Littoral,Male,26,0,181,0.2857142857142857,10000,0,1,26-30
6951,7,Blue One L,5000,2,Centre,Male,22,0,173,0.2857142857142857,10000,0,2,21-25
6952,7,Blue One L,5000,2,North,Female,29,1,165,0.2857142857142857,10000,0,2,26-30
6953,7,Blue One L,5000,2,North West,Male,27,1,173,0.2857142857142857,10000,0,2,26-30
6954,7,Blue One L,5000,2,South West,Female,30,1,165,0.2857142857142857,10000,0,2,26-30
6955,5,Blue One M,3000,0,Adamawa,Female,20,1,122,0.0,0,1,3,<=20
6956,8,Blue One L,5000,2,Littoral,Female,25,1,202,0.25,10000,0,1,21-25
6957,8,Blue One L,5000,2,Littoral,Male,31,0,206,0.25,10000,0,1,>30
6958,8,Blue One L,5000,0,East,Male,26,1,203,0.0,0,1,1,26-30
6959,8,Blue One L,5000,0,Far North,Male,27,1,206,0.0,0,1,1,26-30
6960,8,Blue One L,5000,2,Adamawa,Male,28,0,199,0.25,10000,0,1,26-30
6961,8,Blue One L,5000,3,Adamawa,Female,29,0,200,0.375,15000,0,1,26-30
6962,8,Blue One L,5000,2,North,Female,29,0,200,0.25,10000,0,1,26-30
6963,8,Blue One L,5000,2,South,Female,29,1,194,0.25,10000,0,1,26-30
6964,8,Blue One L,5000,0,North,Female,28,1,206,0.0,0,1,1,26-30
6965,8,Blue One L,5000,0,Far North,Male,32,1,203,0.0,0,1,1,>30
6966,8,Blue One L,5000,2,North,Male,32,0,201,0.25,10000,0,1,>30
6967,7,Blue One L,5000,2,Far North,Male,30,1,176,0.2857142857142857,10000,0,2,26-30
6972,8,Blue One L,5000,0,Adamawa,Male,23,1,207,0.0,0,1,1,21-25
6973,6,Blue One M,3000,0,East,Male,17,1,144,0.0,0,1,3,<=20
6974,6,Blue One M,3000,0,South West,Male,26,1,146,0.0,0,1,3,26-30
6975,6,Blue One M,3000,2,North,Male,26,1,144,0.3333333333333333,6000,0,3,26-30
6976,6,Blue One M,3000,0,Adamawa,Female,21,1,147,0.0,0,1,3,21-25
6977,6,Blue One M,3000,0,North,Male,27,1,147,0.0,0,1,3,26-30
6978,5,Blue One M,3000,2,South,Female,25,1,126,0.4,6000,0,3,21-25
6979,7,Blue One L,5000,2,West,Male,28,1,180,0.2857142857142857,10000,0,1,26-30
6980,5,Blue One M,3000,3,Far North,Male,25,0,122,0.6,9000,0,3,21-25
6981,7,Blue One L,5000,2,East,Male,21,1,177,0.2857142857142857,10000,0,2,21-25
6982,7,Blue One L,5000,0,Far North,Male,26,1,177,0.0,0,1,2,26-30
6983,7,Blue One L,5000,2,West,Male,33,0,176,0.2857142857142857,10000,0,2,>30
6984,7,Blue One L,5000,3,East,Female,30,0,177,0.42857142857142855,15000,0,2,26-30
6985,7,Blue One L,5000,2,South West,Male,29,0,176,0.2857142857142857,10000,0,2,26-30
6986,7,Blue One L,5000,3,Far North,Male,24,0,177,0.42857142857142855,15000,0,2,21-25
6987,7,Blue One L,5000,2,West,Female,24,1,178,0.2857142857142857,10000,0,1,21-25
6988,8,Blue One L,5000,0,East,Female,25,1,206,0.0,0,1,1,21-25
6989,7,Blue One L,5000,0,East,Male,25,1,190,0.0,0,1,1,21-25
6990,7,Blue One L,5000,0,South West,Male,28,1,179,0.0,0,1,1,26-30
6991,6,Blue One M,3000,2,East,Female,27,1,161,0.3333333333333333,6000,0,2,26-30
6992,7,Blue One L,5000,0,West,Female,22,1,175,0.0,0,1,2,21-25
6993,7,Blue One L,5000,2,West,Male,27,1,181,0.2857142857142857,10000,0,1,26-30
6994,6,Blue One M,3000,0,South West,Male,20,1,161,0.0,0,1,2,<=20
6995,7,Blue One L,5000,0,Far North,Female,21,1,193,0.0,0,1,1,21-25
6996,7,Blue One L,5000,3,South,Male,31,0,175,0.42857142857142855,15000,0,2,>30
6997,4,Blue One M,3000,2,Adamawa,Male,28,0,75,0.5,6000,0,5,26-30
6998,5,Blue One M,3000,2,South West,Male,29,0,109,0.4,6000,0,4,26-30
7000,7,Blue One L,5000,2,East,Male,27,0,171,0.2857142857142857,10000,0,2,26-30
7001,6,Blue One M,3000,3,Littoral,Male,27,0,157,0.5,9000,0,2,26-30
7002,6,Blue One M,3000,3,West,Male,24,0,161,0.5,9000,0,2,21-25
7003,7,Blue One L,5000,2,West,Male,31,0,170,0.2857142857142857,10000,0,2,>30
7004,7,Blue One L,5000,3,Far North,Male,26,0,166,0.42857142857142855,15000,0,2,26-30
7005,7,Blue One L,5000,0,North West,Male,27,1,165,0.0,0,1,2,26-30
7006,7,Blue One L,5000,2,West,Male,24,0,164,0.2857142857142857,10000,0,2,21-25
7007,6,Blue One M,3000,0,South West,Female,23,1,159,0.0,0,1,2,21-25
7008,6,Blue One M,3000,0,West,Male,23,1,147,0.0,0,1,3,21-25
7009,6,Blue One M,3000,3,Centre,Male,27,0,147,0.5,9000,0,3,26-30
7010,5,Blue One M,3000,0,East,Female,26,1,133,0.0,0,1,3,26-30
7011,5,Blue One M,3000,2,Centre,Female,22,1,133,0.4,6000,0,3,21-25
7012,6,Blue One M,3000,2,North West,Female,26,0,137,0.3333333333333333,6000,0,3,26-30
7013,5,Blue One M,3000,2,Littoral,Female,28,0,123,0.4,6000,0,3,26-30
7014,5,Blue One M,3000,0,South West,Female,19,1,124,0.0,0,1,3,<=20
7015,5,Blue One M,3000,0,Adamawa,Female,22,1,116,0.0,0,1,4,21-25
7016,5,Blue One M,3000,3,Far North,Female,23,0,130,0.6,9000,0,3,21-25
7017,5,Blue One M,3000,3,North West,Male,23,0,132,0.6,9000,0,3,21-25
7018,5,Blue One M,3000,3,South,Male,24,0,126,0.6,9000,0,3,21-25
7019,5,Blue One M,3000,0,Adamawa,Male,31,1,126,0.0,0,1,3,>30
7020,6,Blue One M,3000,2,South,Male,29,1,160,0.3333333333333333,6000,0,2,26-30
7021,6,Blue One M,3000,0,South,Male,20,1,145,0.0,0,1,3,<=20
7022,6,Blue One M,3000,2,Littoral,Female,30,1,158,0.3333333333333333,6000,0,2,26-30
7023,6,Blue One M,3000,2,Centre,Male,26,0,152,0.3333333333333333,6000,0,2,26-30
7024,6,Blue One M,3000,0,South,Male,25,1,138,0.0,0,1,3,21-25
7025,6,Blue One M,3000,3,North,Male,28,0,139,0.5,9000,0,3,26-30
7026,5,Blue One M,3000,0,West,Female,23,1,109,0.0,0,1,4,21-25
7028,6,Blue One M,3000,0,Adamawa,Male,21,1,137,0.0,0,1,3,21-25
7029,4,Blue One M,3000,0,Adamawa,Male,24,1,84,0.0,0,1,5,21-25
7030,4,Blue One M,3000,2,East,Male,19,1,89,0.5,6000,0,4,<=20
7031,5,Blue One M,3000,2,Far North,Male,27,1,126,0.4,6000,0,3,26-30
7032,4,Blue One M,3000,0,Centre,Female,25,1,97,0.0,0,1,4,21-25
7034,4,Blue One M,3000,0,North,Male,27,1,79,0.0,0,1,5,26-30
7035,5,Blue One M,3000,2,South West,Female,28,1,117,0.4,6000,0,4,26-30
7036,7,Blue One L,5000,0,North,Male,24,1,173,0.0,0,1,2,21-25
7038,6,Blue One M,3000,3,Littoral,Male,27,0,140,0.5,9000,0,3,26-30
7039,6,Blue One M,3000,3,North West,Male,25,0,145,0.5,9000,0,3,21-25
7040,6,Blue One M,3000,3,South West,Male,24,0,144,0.5,9000,0,3,21-25
7041,6,Blue One M,3000,2,South West,Male,21,0,150,0.3333333333333333,6000,0,2,21-25
7042,6,Blue One M,3000,2,North West,Male,31,1,157,0.3333333333333333,6000,0,2,>30
7043,6,Blue One M,3000,0,Centre,Female,26,1,146,0.0,0,1,3,26-30
7044,6,Blue One M,3000,2,Adamawa,Female,25,0,136,0.3333333333333333,6000,0,3,21-25
7045,6,Blue One M,3000,0,West,Female,22,1,147,0.0,0,1,3,21-25
7046,6,Blue One M,3000,2,Far North,Male,25,1,136,0.3333333333333333,6000,0,3,21-25
7047,4,Blue One M,3000,2,South,Male,23,0,98,0.5,6000,0,4,21-25
7048,6,Blue One M,3000,2,Littoral,Female,26,1,162,0.3333333333333333,6000,0,2,26-30
7049,6,Blue One M,3000,2,Far North,Male,21,0,151,0.3333333333333333,6000,0,2,21-25
7050,7,Blue One L,5000,2,Littoral,Female,26,0,166,0.2857142857142857,10000,0,2,26-30
7051,6,Blue One M,3000,0,North,Female,26,1,161,0.0,0,1,2,26-30
7052,5,Blue One M,3000,2,Littoral,Female,23,0,117,0.4,6000,0,4,21-25
7053,6,Blue One M,3000,3,Adamawa,Female,24,0,136,0.5,9000,0,3,21-25
7054,6,Blue One M,3000,0,Littoral,Male,24,1,154,0.0,0,1,2,21-25
7055,6,Blue One M,3000,2,Littoral,Male,27,0,152,0.3333333333333333,6000,0,2,26-30
7056,6,Blue One M,3000,0,Centre,Female,25,1,154,0.0,0,1,2,21-25
7057,6,Blue One M,3000,0,Adamawa,Male,29,1,158,0.0,0,1,2,26-30
7058,4,Blue One M,3000,3,South,Female,21,0,87,0.75,9000,0,5,21-25
7059,4,Blue One M,3000,3,Far North,Male,21,0,96,0.75,9000,0,4,21-25
7061,5,Blue One M,3000,3,West,Male,24,0,126,0.6,9000,0,3,21-25
7062,6,Blue One M,3000,2,East,Male,29,1,147,0.3333333333333333,6000,0,3,26-30
7063,6,Blue One M,3000,2,Centre,Female,24,1,156,0.3333333333333333,6000,0,2,21-25
7064,6,Blue One M,3000,2,Adamawa,Female,22,0,157,0.3333333333333333,6000,0,2,21-25
7065,5,Blue One M,3000,3,Adamawa,Female,21,0,107,0.6,9000,0,4,21-25
7066,5,Blue One M,3000,3,South,Male,29,0,110,0.6,9000,0,4,26-30
7067,5,Blue One M,3000,2,North West,Male,26,0,112,0.4,6000,0,4,26-30
7068,6,Blue One M,3000,2,East,Male,25,1,152,0.3333333333333333,6000,0,2,21-25
7069,6,Blue One M,3000,2,West,Male,20,1,145,0.3333333333333333,6000,0,3,<=20
7070,5,Blue One M,3000,2,Centre,Male,21,1,105,0.4,6000,0,4,21-25
7071,4,Blue One M,3000,2,West,Male,24,1,84,0.5,6000,0,5,21-25
7072,4,Blue One M,3000,3,South West,Male,23,0,83,0.75,9000,0,5,21-25
7073,6,Blue One M,3000,0,North,Male,26,1,154,0.0,0,1,2,26-30
7074,7,Blue One L,5000,3,Centre,Male,29,0,177,0.42857142857142855,15000,0,2,26-30
7075,7,Blue One L,5000,3,North,Male,26,0,176,0.42857142857142855,15000,0,2,26-30
7076,7,Blue One L,5000,2,North West,Male,23,1,176,0.2857142857142857,10000,0,2,21-25
7077,8,Blue One L,5000,0,Centre,Female,27,1,195,0.0,0,1,1,26-30
7078,8,Blue One L,5000,0,Far North,Male,26,1,198,0.0,0,1,1,26-30
7079,8,Blue One L,5000,2,North,Female,26,0,195,0.25,10000,0,1,26-30
7080,8,Blue One L,5000,2,Littoral,Female,28,1,195,0.25,10000,0,1,26-30
7081,7,Blue One L,5000,3,Centre,Female,28,0,194,0.42857142857142855,15000,0,1,26-30
7082,8,Blue One L,5000,2,East,Female,26,1,195,0.25,10000,0,1,26-30
7083,7,Blue One L,5000,2,Adamawa,Male,21,1,191,0.2857142857142857,10000,0,1,21-25
7084,7,Blue One L,5000,2,Far North,Male,28,1,186,0.2857142857142857,10000,0,1,26-30
7085,7,Blue One L,5000,0,Far North,Male,28,1,187,0.0,0,1,1,26-30
7086,7,Blue One L,5000,3,Littoral,Male,29,0,186,0.42857142857142855,15000,0,1,26-30
7087,7,Blue One L,5000,2,South,Female,26,0,181,0.2857142857142857,10000,0,1,26-30
7088,7,Blue One L,5000,2,South West,Female,22,0,182,0.2857142857142857,10000,0,1,21-25
7089,7,Blue One L,5000,0,North,Male,24,1,174,0.0,0,1,2,21-25
7090,7,Blue One L,5000,2,North,Male,28,0,172,0.2857142857142857,10000,0,2,26-30
7091,7,Blue One L,5000,0,West,Male,22,1,175,0.0,0,1,2,21-25
7092,7,Blue One L,5000,2,Littoral,Male,24,0,178,0.2857142857142857,10000,0,1,21-25
7093,8,Blue One L,5000,3,Adamawa,Female,27,0,200,0.375,15000,0,1,26-30
7094,8,Blue One L,5000,3,East,Female,25,0,198,0.375,15000,0,1,21-25
7095,8,Blue One L,5000,2,East,Female,25,0,200,0.25,10000,0,1,21-25
7096,4,Blue One M,3000,0,Littoral,Male,23,1,98,0.0,0,1,4,21-25
7097,7,Blue One L,5000,3,Centre,Female,27,0,193,0.42857142857142855,15000,0,1,26-30
7098,8,Blue One L,5000,2,Adamawa,Female,22,1,196,0.25,10000,0,1,21-25
7099,8,Blue One L,5000,0,North West,Male,27,1,203,0.0,0,1,1,26-30
7100,6,Blue One M,3000,2,Far North,Male,26,1,153,0.3333333333333333,6000,0,2,26-30
7101,8,Blue One L,5000,2,South,Female,30,1,207,0.25,10000,0,1,26-30
7102,8,Blue One L,5000,0,South,Female,29,1,199,0.0,0,1,1,26-30
7103,7,Blue One L,5000,0,South,Male,26,1,179,0.0,0,1,1,26-30
7104,8,Blue One L,5000,0,West,Male,25,1,196,0.0,0,1,1,21-25
7105,6,Blue One M,3000,2,Littoral,Female,19,0,157,0.3333333333333333,6000,0,2,<=20
7106,8,Blue One L,5000,0,North West,Female,26,1,199,0.0,0,1,1,26-30
7108,8,Blue One L,5000,2,Centre,Male,28,0,200,0.25,10000,0,1,26-30
7109,8,Blue One L,5000,2,South West,Male,24,1,199,0.25,10000,0,1,21-25
7110,8,Blue One L,5000,2,Far North,Male,26,0,199,0.25,10000,0,1,26-30
7111,8,Blue One L,5000,0,Adamawa,Female,21,1,207,0.0,0,1,1,21-25
7112,8,Blue One L,5000,3,Far North,Male,32,0,200,0.375,15000,0,1,>30
7113,8,Blue One L,5000,0,Far North,Male,27,1,206,0.0,0,1,1,26-30
7114,8,Blue One L,5000,0,North West,Male,29,1,206,0.0,0,1,1,26-30
7115,7,Blue One L,5000,0,East,Female,21,1,189,0.0,0,1,1,21-25
7116,8,Blue One L,5000,2,Adamawa,Male,25,1,203,0.25,10000,0,1,21-25
7117,8,Blue One L,5000,0,East,Female,27,1,200,0.0,0,1,1,26-30
7118,8,Blue One L,5000,2,Centre,Female,33,1,199,0.25,10000,0,1,>30
7119,8,Blue One L,5000,0,South West,Female,24,1,204,0.0,0,1,1,21-25
7120,8,Blue One L,5000,3,South West,Female,23,0,203,0.375,15000,0,1,21-25
7121,8,Blue One L,5000,3,South,Female,24,0,206,0.375,15000,0,1,21-25
7122,8,Blue One L,5000,2,North West,Male,22,1,206,0.25,10000,0,1,21-25
7123,8,Blue One L,5000,0,East,Female,31,1,199,0.0,0,1,1,>30
7124,8,Blue One L,5000,0,Centre,Male,29,1,195,0.0,0,1,1,26-30
7125,8,Blue One L,5000,0,North,Male,25,1,196,0.0,0,1,1,21-25
7126,8,Blue One L,5000,3,Centre,Female,21,0,201,0.375,15000,0,1,21-25
7127,8,Blue One L,5000,2,West,Female,28,0,206,0.25,10000,0,1,26-30
7128,7,Blue One L,5000,2,Adamawa,Male,27,1,190,0.2857142857142857,10000,0,1,26-30
7129,8,Blue One L,5000,2,North West,Male,26,1,203,0.25,10000,0,1,26-30
7130,8,Blue One L,5000,0,North West,Female,32,1,201,0.0,0,1,1,>30
7131,8,Blue One L,5000,2,North,Male,28,0,194,0.25,10000,0,1,26-30
7132,8,Blue One L,5000,2,East,Male,25,0,194,0.25,10000,0,1,21-25
7133,7,Blue One L,5000,2,Littoral,Female,25,1,193,0.2857142857142857,10000,0,1,21-25
7134,8,Blue One L,5000,2,South,Female,28,1,205,0.25,10000,0,1,26-30
7136,8,Blue One L,5000,2,East,Female,31,1,207,0.25,10000,0,1,>30
7137,8,Blue One L,5000,2,Centre,Male,27,0,203,0.25,10000,0,1,26-30
7138,7,Blue One L,5000,2,Littoral,Female,25,0,193,0.2857142857142857,10000,0,1,21-25
7139,7,Blue One L,5000,2,Adamawa,Male,32,1,189,0.2857142857142857,10000,0,1,>30
7140,7,Blue One L,5000,2,West,Male,20,0,179,0.2857142857142857,10000,0,1,<=20
7141,7,Blue One L,5000,0,North,Female,26,1,185,0.0,0,1,1,26-30
7142,8,Blue One L,5000,3,North,Female,28,0,201,0.375,15000,0,1,26-30
7143,8,Blue One L,5000,2,Littoral,Female,27,0,202,0.25,10000,0,1,26-30
7144,8,Blue One L,5000,2,West,Female,28,0,203,0.25,10000,0,1,26-30
7145,8,Blue One L,5000,2,South West,Male,29,1,196,0.25,10000,0,1,26-30
7146,6,Blue One M,3000,2,East,Male,22,0,136,0.3333333333333333,6000,0,3,21-25
7147,7,Blue One L,5000,2,West,Female,32,0,192,0.2857142857142857,10000,0,1,>30
7148,7,Blue One L,5000,3,South West,Female,25,0,189,0.42857142857142855,15000,0,1,21-25
7149,7,Blue One L,5000,2,Far North,Female,26,0,190,0.2857142857142857,10000,0,1,26-30
7150,7,Blue One L,5000,2,Centre,Male,20,1,176,0.2857142857142857,10000,0,2,<=20
7151,8,Blue One L,5000,0,East,Male,30,1,199,0.0,0,1,1,26-30
7152,7,Blue One L,5000,2,Adamawa,Male,28,0,193,0.2857142857142857,10000,0,1,26-30
7153,8,Blue One L,5000,2,Littoral,Male,24,1,206,0.25,10000,0,1,21-25
7154,8,Blue One L,5000,0,North West,Female,28,1,203,0.0,0,1,1,26-30
7155,8,Blue One L,5000,2,Centre,Male,29,1,199,0.25,10000,0,1,26-30
7156,8,Blue One L,5000,2,West,Female,25,0,203,0.25,10000,0,1,21-25
7157,8,Blue One L,5000,3,Adamawa,Female,27,0,199,0.375,15000,0,1,26-30
7158,8,Blue One L,5000,0,North West,Male,29,1,203,0.0,0,1,1,26-30
7159,8,Blue One L,5000,2,West,Male,27,0,199,0.25,10000,0,1,26-30
7160,8,Blue One L,5000,0,Far North,Male,25,1,200,0.0,0,1,1,21-25
7161,8,Blue One L,5000,2,Littoral,Female,29,1,195,0.25,10000,0,1,26-30
7162,7,Blue One L,5000,2,East,Male,27,1,194,0.2857142857142857,10000,0,1,26-30
7163,7,Blue One L,5000,2,West,Male,24,1,189,0.2857142857142857,10000,0,1,21-25
7164,7,Blue One L,5000,0,North West,Female,27,1,194,0.0,0,1,1,26-30
7165,7,Blue One L,5000,2,South,Female,30,0,188,0.2857142857142857,10000,0,1,26-30
7166,8,Blue One L,5000,0,Littoral,Female,28,1,195,0.0,0,1,1,26-30
7167,8,Blue One L,5000,2,Centre,Male,27,1,204,0.25,10000,0,1,26-30
7168,8,Blue One L,5000,2,Centre,Male,29,1,207,0.25,10000,0,1,26-30
7169,8,Blue One L,5000,2,South West,Male,27,1,206,0.25,10000,0,1,26-30
7170,8,Blue One L,5000,0,North,Male,28,1,200,0.0,0,1,1,26-30
7171,7,Blue One L,5000,0,West,Female,25,1,194,0.0,0,1,1,21-25
7172,8,Blue One L,5000,2,South,Female,29,1,203,0.25,10000,0,1,26-30
7173,8,Blue One L,5000,3,Adamawa,Male,24,0,195,0.375,15000,0,1,21-25
7174,8,Blue One L,5000,0,South,Female,27,1,198,0.0,0,1,1,26-30
7175,8,Blue One L,5000,0,North,Male,29,1,199,0.0,0,1,1,26-30
7176,7,Blue One L,5000,2,Adamawa,Female,27,1,194,0.2857142857142857,10000,0,1,26-30
7177,8,Blue One L,5000,0,Adamawa,Male,25,1,199,0.0,0,1,1,21-25
7178,8,Blue One L,5000,0,North West,Female,25,1,199,0.0,0,1,1,21-25
7179,8,Blue One L,5000,0,North West,Female,32,1,200,0.0,0,1,1,>30
7180,7,Blue One L,5000,3,Littoral,Male,24,0,192,0.42857142857142855,15000,0,1,21-25
7181,8,Blue One L,5000,0,Centre,Female,21,1,195,0.0,0,1,1,21-25
7182,8,Blue One L,5000,3,Adamawa,Female,29,0,203,0.375,15000,0,1,26-30
7183,8,Blue One L,5000,0,Far North,Female,30,1,198,0.0,0,1,1,26-30
7184,8,Blue One L,5000,0,Centre,Female,31,1,198,0.0,0,1,1,>30
7185,8,Blue One L,5000,0,Adamawa,Female,21,1,201,0.0,0,1,1,21-25
7186,8,Blue One L,5000,2,South,Female,27,1,200,0.25,10000,0,1,26-30
7187,8,Blue One L,5000,3,Far North,Male,27,0,201,0.375,15000,0,1,26-30
7188,7,Blue One L,5000,2,South West,Female,27,0,192,0.2857142857142857,10000,0,1,26-30
7189,7,Blue One L,5000,2,North,Male,24,1,186,0.2857142857142857,10000,0,1,21-25
7190,8,Blue One L,5000,2,South West,Male,32,0,199,0.25,10000,0,1,>30
7191,8,Blue One L,5000,3,Adamawa,Male,28,0,196,0.375,15000,0,1,26-30
7192,6,Blue One M,3000,0,East,Female,26,1,147,0.0,0,1,3,26-30
7193,7,Blue One L,5000,0,Far North,Female,24,1,186,0.0,0,1,1,21-25
7194,7,Blue One L,5000,0,Littoral,Male,30,1,193,0.0,0,1,1,26-30
7195,8,Blue One L,5000,2,North West,Male,28,0,196,0.25,10000,0,1,26-30
7196,7,Blue One L,5000,0,North West,Male,28,1,171,0.0,0,1,2,26-30
7197,7,Blue One L,5000,2,North West,Female,26,1,190,0.2857142857142857,10000,0,1,26-30
7198,7,Blue One L,5000,2,North,Male,25,0,191,0.2857142857142857,10000,0,1,21-25
7199,7,Blue One L,5000,3,Centre,Male,27,0,167,0.42857142857142855,15000,0,2,26-30
7200,7,Blue One L,5000,3,East,Male,23,0,191,0.42857142857142855,15000,0,1,21-25
7201,7,Blue One L,5000,0,East,Male,24,1,189,0.0,0,1,1,21-25
7202,7,Blue One L,5000,2,West,Male,27,1,194,0.2857142857142857,10000,0,1,26-30
7203,5,Blue One M,3000,0,Centre,Male,26,1,132,0.0,0,1,3,26-30
7204,4,Blue One M,3000,2,Adamawa,Male,26,0,90,0.5,6000,0,4,26-30
7205,8,Blue One L,5000,0,South West,Male,30,1,200,0.0,0,1,1,26-30
7206,6,Blue One M,3000,2,South,Male,22,0,153,0.3333333333333333,6000,0,2,21-25
7207,8,Blue One L,5000,0,Adamawa,Male,25,1,200,0.0,0,1,1,21-25
7208,8,Blue One L,5000,2,Centre,Male,22,1,200,0.25,10000,0,1,21-25
7209,8,Blue One L,5000,0,South,Male,26,1,199,0.0,0,1,1,26-30
7210,5,Blue One M,3000,0,Far North,Male,28,1,133,0.0,0,1,3,26-30
7211,8,Blue One L,5000,2,South,Female,28,1,201,0.25,10000,0,1,26-30
7212,7,Blue One L,5000,2,North,Male,24,1,182,0.2857142857142857,10000,0,1,21-25
7214,7,Blue One L,5000,2,North West,Male,27,1,174,0.2857142857142857,10000,0,2,26-30
7215,7,Blue One L,5000,3,Far North,Male,30,0,185,0.42857142857142855,15000,0,1,26-30
7216,7,Blue One L,5000,2,Adamawa,Male,28,0,186,0.2857142857142857,10000,0,1,26-30
7217,7,Blue One L,5000,2,Adamawa,Female,26,1,174,0.2857142857142857,10000,0,2,26-30
7218,7,Blue One L,5000,2,South West,Female,29,1,174,0.2857142857142857,10000,0,2,26-30
7219,7,Blue One L,5000,0,South West,Male,29,1,181,0.0,0,1,1,26-30
7220,6,Blue One M,3000,0,South,Male,24,1,147,0.0,0,1,3,21-25
7221,7,Blue One L,5000,3,East,Male,28,0,186,0.42857142857142855,15000,0,1,26-30
7222,7,Blue One L,5000,0,Adamawa,Female,24,1,181,0.0,0,1,1,21-25
7223,7,Blue One L,5000,3,South,Female,27,0,187,0.42857142857142855,15000,0,1,26-30
7224,7,Blue One L,5000,2,South West,Male,24,0,188,0.2857142857142857,10000,0,1,21-25
7225,7,Blue One L,5000,2,South West,Female,31,0,192,0.2857142857142857,10000,0,1,>30
7226,7,Blue One L,5000,3,North,Female,24,0,192,0.42857142857142855,15000,0,1,21-25
7227,7,Blue One L,5000,0,East,Male,23,1,189,0.0,0,1,1,21-25
7228,7,Blue One L,5000,3,North West,Male,25,0,189,0.42857142857142855,15000,0,1,21-25
7229,7,Blue One L,5000,2,North,Male,23,1,187,0.2857142857142857,10000,0,1,21-25
7230,7,Blue One L,5000,3,Littoral,Male,25,0,188,0.42857142857142855,15000,0,1,21-25
7231,7,Blue One L,5000,2,Adamawa,Male,28,0,186,0.2857142857142857,10000,0,1,26-30
7232,7,Blue One L,5000,2,South,Male,33,1,184,0.2857142857142857,10000,0,1,>30
7233,7,Blue One L,5000,3,East,Male,20,0,177,0.42857142857142855,15000,0,2,<=20
7234,7,Blue One L,5000,2,Littoral,Female,29,1,182,0.2857142857142857,10000,0,1,26-30
7235,7,Blue One L,5000,3,South West,Male,28,0,187,0.42857142857142855,15000,0,1,26-30
7236,7,Blue One L,5000,0,West,Male,26,1,187,0.0,0,1,1,26-30
7237,7,Blue One L,5000,3,Far North,Male,29,0,182,0.42857142857142855,15000,0,1,26-30
7238,7,Blue One L,5000,0,North,Male,28,1,188,0.0,0,1,1,26-30
7239,7,Blue One L,5000,0,Centre,Male,26,1,188,0.0,0,1,1,26-30
7240,7,Blue One L,5000,2,Centre,Male,26,1,188,0.2857142857142857,10000,0,1,26-30
7241,7,Blue One L,5000,2,South West,Male,27,1,189,0.2857142857142857,10000,0,1,26-30
7242,7,Blue One L,5000,0,South West,Male,28,1,178,0.0,0,1,2,26-30
7243,7,Blue One L,5000,2,South West,Female,23,1,184,0.2857142857142857,10000,0,1,21-25
7244,7,Blue One L,5000,3,Centre,Female,27,0,186,0.42857142857142855,15000,0,1,26-30
7245,7,Blue One L,5000,2,Centre,Male,29,0,184,0.2857142857142857,10000,0,1,26-30
7246,7,Blue One L,5000,3,North,Male,29,0,183,0.42857142857142855,15000,0,1,26-30
7247,7,Blue One L,5000,3,West,Female,29,0,183,0.42857142857142855,15000,0,1,26-30
7248,7,Blue One L,5000,2,West,Male,25,0,187,0.2857142857142857,10000,0,1,21-25
7249,7,Blue One L,5000,3,West,Male,32,0,186,0.42857142857142855,15000,0,1,>30
7251,7,Blue One L,5000,2,East,Female,33,0,166,0.2857142857142857,10000,0,2,>30
7252,7,Blue One L,5000,2,Adamawa,Male,27,0,175,0.2857142857142857,10000,0,2,26-30
7253,7,Blue One L,5000,2,Far North,Male,26,1,181,0.2857142857142857,10000,0,1,26-30
7254,7,Blue One L,5000,3,South,Male,30,0,184,0.42857142857142855,15000,0,1,26-30
7255,7,Blue One L,5000,2,West,Female,26,0,184,0.2857142857142857,10000,0,1,26-30
7257,6,Blue One M,3000,2,South West,Female,27,0,158,0.3333333333333333,6000,0,2,26-30
7258,7,Blue One L,5000,2,Littoral,Female,27,0,182,0.2857142857142857,10000,0,1,26-30
7259,7,Blue One L,5000,0,Centre,Male,23,1,180,0.0,0,1,1,21-25
7261,7,Blue One L,5000,2,North West,Male,33,0,184,0.2857142857142857,10000,0,1,>30
7262,7,Blue One L,5000,2,North,Male,27,1,184,0.2857142857142857,10000,0,1,26-30
7263,7,Blue One L,5000,3,Adamawa,Female,25,0,184,0.42857142857142855,15000,0,1,21-25
7264,7,Blue One L,5000,2,South,Male,26,1,185,0.2857142857142857,10000,0,1,26-30
7265,7,Blue One L,5000,2,North West,Female,25,1,185,0.2857142857142857,10000,0,1,21-25
7266,7,Blue One L,5000,3,West,Male,29,0,182,0.42857142857142855,15000,0,1,26-30
7267,7,Blue One L,5000,2,Far North,Female,23,1,175,0.2857142857142857,10000,0,2,21-25
7268,7,Blue One L,5000,0,Littoral,Female,24,1,182,0.0,0,1,1,21-25
7269,7,Blue One L,5000,0,South,Female,24,1,183,0.0,0,1,1,21-25
7270,7,Blue One L,5000,0,Centre,Male,28,1,169,0.0,0,1,2,26-30
7271,6,Blue One M,3000,2,Centre,Male,32,0,164,0.3333333333333333,6000,0,2,>30
7272,7,Blue One L,5000,2,North West,Female,23,1,184,0.2857142857142857,10000,0,1,21-25
7273,7,Blue One L,5000,3,North West,Female,23,0,182,0.42857142857142855,15000,0,1,21-25
7274,7,Blue One L,5000,2,North West,Male,25,0,172,0.2857142857142857,10000,0,2,21-25
7275,7,Blue One L,5000,2,South West,Male,29,0,166,0.2857142857142857,10000,0,2,26-30
7276,7,Blue One L,5000,2,Littoral,Male,29,0,184,0.2857142857142857,10000,0,1,26-30
7277,7,Blue One L,5000,0,Adamawa,Male,24,1,183,0.0,0,1,1,21-25
7278,7,Blue One L,5000,2,East,Female,27,1,179,0.2857142857142857,10000,0,1,26-30
7279,7,Blue One L,5000,2,North West,Male,29,0,184,0.2857142857142857,10000,0,1,26-30
7280,7,Blue One L,5000,2,East,Male,27,1,182,0.2857142857142857,10000,0,1,26-30
7281,7,Blue One L,5000,0,North West,Male,29,1,180,0.0,0,1,1,26-30
7282,7,Blue One L,5000,2,Littoral,Female,24,1,173,0.2857142857142857,10000,0,2,21-25
7283,7,Blue One L,5000,2,North West,Female,27,1,182,0.2857142857142857,10000,0,1,26-30
7284,7,Blue One L,5000,2,East,Female,27,0,182,0.2857142857142857,10000,0,1,26-30
7285,7,Blue One L,5000,0,Littoral,Female,24,1,180,0.0,0,1,1,21-25
7286,7,Blue One L,5000,3,North West,Female,24,0,182,0.42857142857142855,15000,0,1,21-25
7287,7,Blue One L,5000,0,Centre,Male,23,1,182,0.0,0,1,1,21-25
7288,7,Blue One L,5000,0,South West,Male,28,1,182,0.0,0,1,1,26-30
7289,7,Blue One L,5000,2,North,Female,27,1,180,0.2857142857142857,10000,0,1,26-30
7290,7,Blue One L,5000,2,East,Female,30,0,172,0.2857142857142857,10000,0,2,26-30
7291,6,Blue One M,3000,0,South West,Female,25,1,160,0.0,0,1,2,21-25
7292,7,Blue One L,5000,3,South West,Male,30,0,175,0.42857142857142855,15000,0,2,26-30
7293,6,Blue One M,3000,2,North West,Male,26,1,163,0.3333333333333333,6000,0,2,26-30
7294,7,Blue One L,5000,0,South West,Male,27,1,175,0.0,0,1,2,26-30
7295,7,Blue One L,5000,3,North West,Female,31,0,179,0.42857142857142855,15000,0,1,>30
7296,7,Blue One L,5000,2,South West,Male,29,1,175,0.2857142857142857,10000,0,2,26-30
7297,6,Blue One M,3000,0,Littoral,Male,28,1,155,0.0,0,1,2,26-30
7298,7,Blue One L,5000,2,South,Female,28,1,180,0.2857142857142857,10000,0,1,26-30
7299,6,Blue One M,3000,3,Centre,Male,27,0,150,0.5,9000,0,2,26-30
7300,7,Blue One L,5000,2,North West,Female,25,0,173,0.2857142857142857,10000,0,2,21-25
7301,7,Blue One L,5000,2,East,Male,26,0,168,0.2857142857142857,10000,0,2,26-30
7302,7,Blue One L,5000,3,North,Male,24,0,180,0.42857142857142855,15000,0,1,21-25
7303,7,Blue One L,5000,0,Centre,Male,28,1,178,0.0,0,1,1,26-30
7304,7,Blue One L,5000,2,East,Male,31,0,173,0.2857142857142857,10000,0,2,>30
7305,7,Blue One L,5000,3,Far North,Male,25,0,173,0.42857142857142855,15000,0,2,21-25
7306,7,Blue One L,5000,2,West,Male,31,0,173,0.2857142857142857,10000,0,2,>30
7307,7,Blue One L,5000,0,West,Male,33,1,175,0.0,0,1,2,>30
7308,7,Blue One L,5000,2,Littoral,Female,30,0,175,0.2857142857142857,10000,0,2,26-30
7309,7,Blue One L,5000,0,East,Female,28,1,172,0.0,0,1,2,26-30
7310,7,Blue One L,5000,2,Littoral,Female,32,0,173,0.2857142857142857,10000,0,2,>30
7311,7,Blue One L,5000,2,South West,Male,27,1,169,0.2857142857142857,10000,0,2,26-30
7312,7,Blue One L,5000,0,West,Male,26,1,168,0.0,0,1,2,26-30
7313,6,Blue One M,3000,0,South,Male,29,1,153,0.0,0,1,2,26-30
7314,6,Blue One M,3000,2,Far North,Male,25,1,160,0.3333333333333333,6000,0,2,21-25
7315,6,Blue One M,3000,0,South,Female,26,1,157,0.0,0,1,2,26-30
7316,6,Blue One M,3000,2,Centre,Female,23,1,154,0.3333333333333333,6000,0,2,21-25
7317,7,Blue One L,5000,0,Far North,Female,28,1,167,0.0,0,1,2,26-30
7318,7,Blue One L,5000,2,South,Female,24,1,175,0.2857142857142857,10000,0,2,21-25
7319,7,Blue One L,5000,3,North West,Female,26,0,174,0.42857142857142855,15000,0,2,26-30
7320,6,Blue One M,3000,2,West,Male,23,0,160,0.3333333333333333,6000,0,2,21-25
7321,7,Blue One L,5000,2,West,Male,31,1,171,0.2857142857142857,10000,0,2,>30
7322,6,Blue One M,3000,3,Adamawa,Male,28,0,138,0.5,9000,0,3,26-30
7323,7,Blue One L,5000,2,South,Male,26,1,169,0.2857142857142857,10000,0,2,26-30
7324,7,Blue One L,5000,3,North West,Male,28,0,172,0.42857142857142855,15000,0,2,26-30
7325,7,Blue One L,5000,3,Littoral,Male,21,0,175,0.42857142857142855,15000,0,2,21-25
7326,7,Blue One L,5000,2,South,Male,24,0,175,0.2857142857142857,10000,0,2,21-25
7327,7,Blue One L,5000,2,North West,Female,29,0,176,0.2857142857142857,10000,0,2,26-30
7328,7,Blue One L,5000,2,Littoral,Male,27,0,176,0.2857142857142857,10000,0,2,26-30
7329,7,Blue One L,5000,2,Adamawa,Male,32,1,165,0.2857142857142857,10000,0,2,>30
7330,6,Blue One M,3000,0,South,Male,23,1,159,0.0,0,1,2,21-25
7331,7,Blue One L,5000,0,Adamawa,Male,19,1,165,0.0,0,1,2,<=20
7332,6,Blue One M,3000,2,South West,Female,23,0,160,0.3333333333333333,6000,0,2,21-25
7333,7,Blue One L,5000,2,South West,Female,32,0,165,0.2857142857142857,10000,0,2,>30
7334,7,Blue One L,5000,2,North,Male,28,1,164,0.2857142857142857,10000,0,2,26-30
7335,6,Blue One M,3000,3,South,Female,25,0,150,0.5,9000,0,2,21-25
7336,7,Blue One L,5000,0,North West,Female,25,1,165,0.0,0,1,2,21-25
7337,7,Blue One L,5000,3,Far North,Female,27,0,168,0.42857142857142855,15000,0,2,26-30
7338,6,Blue One M,3000,0,West,Male,26,1,160,0.0,0,1,2,26-30
7339,7,Blue One L,5000,2,North,Male,30,0,172,0.2857142857142857,10000,0,2,26-30
7340,7,Blue One L,5000,0,North West,Female,25,1,172,0.0,0,1,2,21-25
7341,7,Blue One L,5000,3,North West,Female,24,0,171,0.42857142857142855,15000,0,2,21-25
7342,7,Blue One L,5000,2,Far North,Female,26,0,170,0.2857142857142857,10000,0,2,26-30
7343,7,Blue One L,5000,2,South West,Female,29,0,172,0.2857142857142857,10000,0,2,26-30
7344,7,Blue One L,5000,3,West,Female,23,0,172,0.42857142857142855,15000,0,2,21-25
7345,7,Blue One L,5000,0,Centre,Male,30,1,172,0.0,0,1,2,26-30
7346,6,Blue One M,3000,3,Centre,Male,25,0,163,0.5,9000,0,2,21-25
7347,7,Blue One L,5000,2,East,Male,25,1,172,0.2857142857142857,10000,0,2,21-25
7348,6,Blue One M,3000,0,Adamawa,Female,22,1,157,0.0,0,1,2,21-25
7349,6,Blue One M,3000,2,South,Female,28,1,152,0.3333333333333333,6000,0,2,26-30
7350,6,Blue One M,3000,2,West,Male,23,0,145,0.3333333333333333,6000,0,3,21-25
7351,5,Blue One M,3000,2,Littoral,Male,27,0,116,0.4,6000,0,4,26-30
7352,6,Blue One M,3000,3,Centre,Male,23,0,154,0.5,9000,0,2,21-25
7353,6,Blue One M,3000,2,South,Male,27,1,150,0.3333333333333333,6000,0,2,26-30
7354,7,Blue One L,5000,2,Littoral,Male,29,0,164,0.2857142857142857,10000,0,2,26-30
7355,6,Blue One M,3000,0,South West,Male,31,1,160,0.0,0,1,2,>30
7356,4,Blue One M,3000,3,Far North,Male,27,0,101,0.75,9000,0,4,26-30
7357,7,Blue One L,5000,2,North,Male,23,1,165,0.2857142857142857,10000,0,2,21-25
7358,7,Blue One L,5000,2,West,Male,24,1,168,0.2857142857142857,10000,0,2,21-25
7359,7,Blue One L,5000,3,North West,Male,30,0,168,0.42857142857142855,15000,0,2,26-30
7360,6,Blue One M,3000,2,West,Female,25,0,160,0.3333333333333333,6000,0,2,21-25
7361,6,Blue One M,3000,0,Far North,Female,22,1,161,0.0,0,1,2,21-25
7362,6,Blue One M,3000,0,West,Male,28,1,161,0.0,0,1,2,26-30
7363,6,Blue One M,3000,2,Far North,Male,24,0,162,0.3333333333333333,6000,0,2,21-25
7364,7,Blue One L,5000,0,Centre,Male,29,1,168,0.0,0,1,2,26-30
7365,6,Blue One M,3000,3,South,Female,26,0,164,0.5,9000,0,2,26-30
7366,6,Blue One M,3000,0,South,Female,22,1,164,0.0,0,1,2,21-25
7367,7,Blue One L,5000,3,Littoral,Male,24,0,167,0.42857142857142855,15000,0,2,21-25
7368,6,Blue One M,3000,2,North West,Male,25,0,161,0.3333333333333333,6000,0,2,21-25
7369,7,Blue One L,5000,0,North West,Male,27,1,167,0.0,0,1,2,26-30
7370,7,Blue One L,5000,2,Centre,Female,30,0,165,0.2857142857142857,10000,0,2,26-30
7371,7,Blue One L,5000,3,West,Male,22,0,168,0.42857142857142855,15000,0,2,21-25
7372,6,Blue One M,3000,3,Adamawa,Male,27,0,160,0.5,9000,0,2,26-30
7373,6,Blue One M,3000,0,Far North,Male,23,1,160,0.0,0,1,2,21-25
7374,6,Blue One M,3000,2,Far North,Male,26,1,157,0.3333333333333333,6000,0,2,26-30
7375,6,Blue One M,3000,0,Centre,Male,30,1,161,0.0,0,1,2,26-30
7376,7,Blue One L,5000,3,South,Female,28,0,168,0.42857142857142855,15000,0,2,26-30
7377,7,Blue One L,5000,2,Far North,Female,30,0,165,0.2857142857142857,10000,0,2,26-30
7378,7,Blue One L,5000,2,West,Male,30,0,166,0.2857142857142857,10000,0,2,26-30
7379,7,Blue One L,5000,2,Adamawa,Male,28,0,166,0.2857142857142857,10000,0,2,26-30
7380,7,Blue One L,5000,2,South,Female,30,0,167,0.2857142857142857,10000,0,2,26-30
7381,7,Blue One L,5000,2,South,Male,30,0,165,0.2857142857142857,10000,0,2,26-30
7382,6,Blue One M,3000,3,Far North,Female,22,0,160,0.5,9000,0,2,21-25
7383,7,Blue One L,5000,2,South West,Male,17,0,165,0.2857142857142857,10000,0,2,<=20
7384,6,Blue One M,3000,2,Littoral,Female,29,1,164,0.3333333333333333,6000,0,2,26-30
7385,6,Blue One M,3000,2,Centre,Male,26,0,154,0.3333333333333333,6000,0,2,26-30
7386,6,Blue One M,3000,2,South West,Male,29,0,159,0.3333333333333333,6000,0,2,26-30
7387,6,Blue One M,3000,2,North West,Female,28,0,145,0.3333333333333333,6000,0,3,26-30
7388,6,Blue One M,3000,0,East,Female,29,1,161,0.0,0,1,2,26-30
7389,7,Blue One L,5000,3,West,Male,26,0,165,0.42857142857142855,15000,0,2,26-30
7390,6,Blue One M,3000,2,Littoral,Male,22,0,160,0.3333333333333333,6000,0,2,21-25
7391,6,Blue One M,3000,2,South West,Female,24,0,161,0.3333333333333333,6000,0,2,21-25
7392,7,Blue One L,5000,0,North West,Male,30,1,165,0.0,0,1,2,26-30
7393,6,Blue One M,3000,0,South West,Male,28,1,139,0.0,0,1,3,26-30
7394,6,Blue One M,3000,2,South,Male,24,0,154,0.3333333333333333,6000,0,2,21-25
7395,6,Blue One M,3000,3,South,Male,20,0,158,0.5,9000,0,2,<=20
7396,6,Blue One M,3000,2,Far North,Female,27,1,160,0.3333333333333333,6000,0,2,26-30
7397,6,Blue One M,3000,3,South West,Female,28,0,148,0.5,9000,0,3,26-30
7398,5,Blue One M,3000,0,South,Male,22,1,108,0.0,0,1,4,21-25
7399,6,Blue One M,3000,0,East,Female,26,1,161,0.0,0,1,2,26-30
7400,5,Blue One M,3000,3,East,Female,23,0,115,0.6,9000,0,4,21-25
7401,6,Blue One M,3000,0,Far North,Male,23,1,155,0.0,0,1,2,21-25
7402,6,Blue One M,3000,0,East,Female,25,1,162,0.0,0,1,2,21-25
7403,6,Blue One M,3000,0,Centre,Male,25,1,147,0.0,0,1,3,21-25
7404,6,Blue One M,3000,2,Adamawa,Female,25,0,160,0.3333333333333333,6000,0,2,21-25
7405,6,Blue One M,3000,2,Adamawa,Male,21,1,160,0.3333333333333333,6000,0,2,21-25
7406,6,Blue One M,3000,2,Littoral,Male,29,1,161,0.3333333333333333,6000,0,2,26-30
7407,6,Blue One M,3000,0,North,Male,24,1,163,0.0,0,1,2,21-25
7408,6,Blue One M,3000,3,Littoral,Female,25,0,161,0.5,9000,0,2,21-25
7409,6,Blue One M,3000,2,Centre,Female,28,1,164,0.3333333333333333,6000,0,2,26-30
7410,6,Blue One M,3000,2,Littoral,Female,30,0,161,0.3333333333333333,6000,0,2,26-30
7411,7,Blue One L,5000,3,Littoral,Male,30,0,165,0.42857142857142855,15000,0,2,26-30
7412,6,Blue One M,3000,0,South,Female,29,1,160,0.0,0,1,2,26-30
7413,6,Blue One M,3000,2,Centre,Female,24,0,164,0.3333333333333333,6000,0,2,21-25
7414,6,Blue One M,3000,3,North West,Female,24,0,151,0.5,9000,0,2,21-25
7415,6,Blue One M,3000,3,North,Male,24,0,161,0.5,9000,0,2,21-25
7416,6,Blue One M,3000,2,South,Female,29,1,159,0.3333333333333333,6000,0,2,26-30
7417,6,Blue One M,3000,0,South West,Male,26,1,158,0.0,0,1,2,26-30
7418,6,Blue One M,3000,2,North West,Female,31,1,152,0.3333333333333333,6000,0,2,>30
7419,6,Blue One M,3000,0,Littoral,Male,28,1,158,0.0,0,1,2,26-30
7420,6,Blue One M,3000,0,West,Male,27,1,152,0.0,0,1,2,26-30
7421,6,Blue One M,3000,0,North West,Male,24,1,159,0.0,0,1,2,21-25
7422,6,Blue One M,3000,2,Far North,Male,29,0,160,0.3333333333333333,6000,0,2,26-30
7423,6,Blue One M,3000,3,South West,Female,29,0,159,0.5,9000,0,2,26-30
7424,7,Blue One L,5000,2,North West,Male,22,1,193,0.2857142857142857,10000,0,1,21-25
7425,6,Blue One M,3000,2,Far North,Female,19,1,159,0.3333333333333333,6000,0,2,<=20
7426,6,Blue One M,3000,0,Adamawa,Male,22,1,158,0.0,0,1,2,21-25
7427,6,Blue One M,3000,3,Littoral,Female,27,0,152,0.5,9000,0,2,26-30
7428,6,Blue One M,3000,2,South,Male,25,1,147,0.3333333333333333,6000,0,3,21-25
7429,6,Blue One M,3000,0,Far North,Male,25,1,158,0.0,0,1,2,21-25
7430,6,Blue One M,3000,0,West,Female,22,1,154,0.0,0,1,2,21-25
7431,4,Blue One M,3000,3,Centre,Male,27,0,102,0.75,9000,0,4,26-30
7432,6,Blue One M,3000,0,South,Male,28,1,153,0.0,0,1,2,26-30
7433,6,Blue One M,3000,2,Littoral,Female,22,1,142,0.3333333333333333,6000,0,3,21-25
7434,6,Blue One M,3000,0,South West,Male,22,1,157,0.0,0,1,2,21-25
7435,6,Blue One M,3000,0,Centre,Female,27,1,153,0.0,0,1,2,26-30
7436,6,Blue One M,3000,0,Centre,Male,29,1,157,0.0,0,1,2,26-30
7437,6,Blue One M,3000,0,East,Male,27,1,153,0.0,0,1,2,26-30
7438,6,Blue One M,3000,2,West,Male,26,0,154,0.3333333333333333,6000,0,2,26-30
7439,6,Blue One M,3000,2,West,Female,25,1,153,0.3333333333333333,6000,0,2,21-25
7440,6,Blue One M,3000,2,South West,Male,26,0,152,0.3333333333333333,6000,0,2,26-30
7441,5,Blue One M,3000,3,Centre,Female,22,0,133,0.6,9000,0,3,21-25
7442,6,Blue One M,3000,0,North West,Female,22,1,153,0.0,0,1,2,21-25
7443,6,Blue One M,3000,0,South West,Female,20,1,140,0.0,0,1,3,<=20
7444,6,Blue One M,3000,2,East,Male,25,0,153,0.3333333333333333,6000,0,2,21-25
7445,6,Blue One M,3000,2,Adamawa,Male,23,1,155,0.3333333333333333,6000,0,2,21-25
7446,6,Blue One M,3000,3,Littoral,Female,22,0,151,0.5,9000,0,2,21-25
7447,6,Blue One M,3000,3,East,Male,28,0,151,0.5,9000,0,2,26-30
7448,6,Blue One M,3000,2,Centre,Female,31,1,148,0.3333333333333333,6000,0,3,>30
7449,6,Blue One M,3000,2,North,Male,27,0,146,0.3333333333333333,6000,0,3,26-30
7450,6,Blue One M,3000,3,Littoral,Male,27,0,143,0.5,9000,0,3,26-30
7451,6,Blue One M,3000,2,West,Male,23,1,153,0.3333333333333333,6000,0,2,21-25
7452,6,Blue One M,3000,2,South,Male,23,1,150,0.3333333333333333,6000,0,2,21-25
7453,6,Blue One M,3000,0,South,Male,27,1,157,0.0,0,1,2,26-30
7454,6,Blue One M,3000,2,North West,Female,25,1,150,0.3333333333333333,6000,0,2,21-25
7455,6,Blue One M,3000,3,Centre,Male,31,0,153,0.5,9000,0,2,>30
7456,6,Blue One M,3000,0,North,Male,30,1,144,0.0,0,1,3,26-30
7457,6,Blue One M,3000,0,Adamawa,Male,22,1,135,0.0,0,1,3,21-25
7458,5,Blue One M,3000,0,North,Female,19,1,126,0.0,0,1,3,<=20
7459,5,Blue One M,3000,3,North,Male,17,0,126,0.6,9000,0,3,<=20
7460,5,Blue One M,3000,2,South West,Male,23,1,133,0.4,6000,0,3,21-25
7461,5,Blue One M,3000,2,South,Male,25,0,133,0.4,6000,0,3,21-25
7462,5,Blue One M,3000,0,Centre,Female,22,1,124,0.0,0,1,3,21-25
7463,5,Blue One M,3000,2,Centre,Male,25,0,126,0.4,6000,0,3,21-25
7464,6,Blue One M,3000,2,North West,Male,22,0,140,0.3333333333333333,6000,0,3,21-25
7465,6,Blue One M,3000,0,North,Male,31,1,136,0.0,0,1,3,>30
7466,5,Blue One M,3000,3,North West,Female,23,0,120,0.6,9000,0,3,21-25
7467,5,Blue One M,3000,2,Littoral,Female,31,1,125,0.4,6000,0,3,>30
7468,6,Blue One M,3000,2,Far North,Female,26,0,139,0.3333333333333333,6000,0,3,26-30
7469,5,Blue One M,3000,2,North West,Female,28,1,119,0.4,6000,0,3,26-30
7470,6,Blue One M,3000,3,Littoral,Female,23,0,141,0.5,9000,0,3,21-25
7471,6,Blue One M,3000,3,Adamawa,Female,25,0,139,0.5,9000,0,3,21-25
7472,6,Blue One M,3000,2,West,Female,29,0,142,0.3333333333333333,6000,0,3,26-30
7473,6,Blue One M,3000,2,Adamawa,Male,29,1,139,0.3333333333333333,6000,0,3,26-30
7474,6,Blue One M,3000,0,North,Male,23,1,139,0.0,0,1,3,21-25
7475,6,Blue One M,3000,2,North West,Female,24,1,135,0.3333333333333333,6000,0,3,21-25
7476,5,Blue One M,3000,2,North,Female,27,0,119,0.4,6000,0,3,26-30
7477,5,Blue One M,3000,0,South,Female,20,1,131,0.0,0,1,3,<=20
7478,6,Blue One M,3000,2,East,Female,29,0,136,0.3333333333333333,6000,0,3,26-30
7479,5,Blue One M,3000,3,East,Male,25,0,125,0.6,9000,0,3,21-25
7480,5,Blue One M,3000,0,South West,Female,27,1,105,0.0,0,1,4,26-30
7481,6,Blue One M,3000,2,South West,Male,25,1,139,0.3333333333333333,6000,0,3,21-25
7482,5,Blue One M,3000,2,North,Male,25,0,108,0.4,6000,0,4,21-25
7483,6,Blue One M,3000,3,North West,Female,24,0,139,0.5,9000,0,3,21-25
7484,6,Blue One M,3000,0,South West,Female,18,1,138,0.0,0,1,3,<=20
7485,6,Blue One M,3000,2,West,Female,25,1,140,0.3333333333333333,6000,0,3,21-25
7486,6,Blue One M,3000,3,North West,Female,27,0,140,0.5,9000,0,3,26-30
7487,6,Blue One M,3000,2,Littoral,Female,24,0,139,0.3333333333333333,6000,0,3,21-25
7488,6,Blue One M,3000,2,Littoral,Female,27,0,139,0.3333333333333333,6000,0,3,26-30
7489,6,Blue One M,3000,2,Littoral,Female,23,0,140,0.3333333333333333,6000,0,3,21-25
7490,6,Blue One M,3000,3,South West,Male,28,0,139,0.5,9000,0,3,26-30
7491,5,Blue One M,3000,3,South,Female,24,0,128,0.6,9000,0,3,21-25
7492,6,Blue One M,3000,2,Far North,Male,25,1,142,0.3333333333333333,6000,0,3,21-25
7493,6,Blue One M,3000,2,Far North,Female,24,1,140,0.3333333333333333,6000,0,3,21-25
7494,6,Blue One M,3000,3,Littoral,Female,25,0,140,0.5,9000,0,3,21-25
7495,6,Blue One M,3000,2,West,Male,29,0,137,0.3333333333333333,6000,0,3,26-30
7496,6,Blue One M,3000,0,Littoral,Male,20,1,137,0.0,0,1,3,<=20
7497,6,Blue One M,3000,2,North West,Female,23,1,139,0.3333333333333333,6000,0,3,21-25
7498,5,Blue One M,3000,2,Littoral,Male,26,0,132,0.4,6000,0,3,26-30
7499,5,Blue One M,3000,3,Littoral,Female,25,0,133,0.6,9000,0,3,21-25
7500,5,Blue One M,3000,0,East,Female,24,1,132,0.0,0,1,3,21-25
7501,6,Blue One M,3000,3,South,Male,20,0,143,0.5,9000,0,3,<=20
7502,6,Blue One M,3000,2,South,Female,23,1,138,0.3333333333333333,6000,0,3,21-25
7503,6,Blue One M,3000,2,North,Female,22,1,137,0.3333333333333333,6000,0,3,21-25
7504,6,Blue One M,3000,2,North West,Male,26,1,140,0.3333333333333333,6000,0,3,26-30
7505,6,Blue One M,3000,2,West,Female,23,0,138,0.3333333333333333,6000,0,3,21-25
7506,6,Blue One M,3000,2,West,Male,26,0,138,0.3333333333333333,6000,0,3,26-30
7507,5,Blue One M,3000,2,South West,Female,27,0,125,0.4,6000,0,3,26-30
7508,5,Blue One M,3000,3,Far North,Female,21,0,106,0.6,9000,0,4,21-25
7509,4,Blue One M,3000,3,West,Male,23,0,91,0.75,9000,0,4,21-25
7510,4,Blue One M,3000,0,East,Male,20,1,100,0.0,0,1,4,<=20
7511,4,Blue One M,3000,2,South West,Female,23,0,90,0.5,6000,0,4,21-25
7512,4,Blue One M,3000,3,West,Male,31,0,88,0.75,9000,0,5,>30
7513,5,Blue One M,3000,3,Far North,Male,21,0,116,0.6,9000,0,4,21-25
7514,5,Blue One M,3000,2,Centre,Female,24,0,119,0.4,6000,0,4,21-25
7516,4,Blue One M,3000,2,North West,Female,20,0,81,0.5,6000,0,5,<=20
7517,5,Blue One M,3000,2,East,Male,28,1,120,0.4,6000,0,3,26-30
7518,5,Blue One M,3000,3,Adamawa,Female,23,0,126,0.6,9000,0,3,21-25
7519,5,Blue One M,3000,3,South West,Female,24,0,131,0.6,9000,0,3,21-25
7520,5,Blue One M,3000,2,North West,Male,26,1,129,0.4,6000,0,3,26-30
7521,5,Blue One M,3000,3,Far North,Male,24,0,131,0.6,9000,0,3,21-25
7522,5,Blue One M,3000,3,West,Male,27,0,129,0.6,9000,0,3,26-30
7523,5,Blue One M,3000,3,North,Male,24,0,131,0.6,9000,0,3,21-25
7524,5,Blue One M,3000,0,West,Female,23,1,131,0.0,0,1,3,21-25
7525,5,Blue One M,3000,2,Centre,Male,22,0,131,0.4,6000,0,3,21-25
7526,5,Blue One M,3000,3,North West,Male,26,0,130,0.6,9000,0,3,26-30
7527,5,Blue One M,3000,2,North West,Male,32,1,129,0.4,6000,0,3,>30
7528,5,Blue One M,3000,0,West,Male,20,1,129,0.0,0,1,3,<=20
7529,5,Blue One M,3000,3,East,Female,27,0,122,0.6,9000,0,3,26-30
7530,5,Blue One M,3000,3,West,Female,23,0,125,0.6,9000,0,3,21-25
7531,4,Blue One M,3000,2,North,Male,26,0,76,0.5,6000,0,5,26-30
7532,5,Blue One M,3000,2,Centre,Female,25,1,127,0.4,6000,0,3,21-25
7533,5,Blue One M,3000,0,North,Male,26,1,125,0.0,0,1,3,26-30
7534,5,Blue One M,3000,2,South,Female,22,0,126,0.4,6000,0,3,21-25
7535,5,Blue One M,3000,3,Littoral,Female,25,0,126,0.6,9000,0,3,21-25
7536,5,Blue One M,3000,0,East,Female,23,1,125,0.0,0,1,3,21-25
7537,5,Blue One M,3000,3,West,Female,27,0,127,0.6,9000,0,3,26-30
7538,5,Blue One M,3000,2,Far North,Female,32,1,124,0.4,6000,0,3,>30
7539,5,Blue One M,3000,2,South West,Female,24,1,125,0.4,6000,0,3,21-25
7541,5,Blue One M,3000,0,South,Male,23,1,105,0.0,0,1,4,21-25
7542,5,Blue One M,3000,0,Far North,Male,27,1,119,0.0,0,1,3,26-30
7543,5,Blue One M,3000,2,South West,Male,21,0,118,0.4,6000,0,4,21-25
7544,5,Blue One M,3000,2,Littoral,Male,22,1,122,0.4,6000,0,3,21-25
7545,4,Blue One M,3000,2,North,Male,24,1,93,0.5,6000,0,4,21-25
7546,5,Blue One M,3000,2,South West,Male,21,1,121,0.4,6000,0,3,21-25
7547,5,Blue One M,3000,3,East,Female,23,0,122,0.6,9000,0,3,21-25
7548,5,Blue One M,3000,2,South West,Male,18,0,112,0.4,6000,0,4,<=20
7549,5,Blue One M,3000,2,South West,Male,24,1,121,0.4,6000,0,3,21-25
7550,5,Blue One M,3000,0,North,Male,24,1,123,0.0,0,1,3,21-25
7551,5,Blue One M,3000,2,Centre,Male,22,1,118,0.4,6000,0,4,21-25
7552,5,Blue One M,3000,2,North West,Female,26,1,107,0.4,6000,0,4,26-30
7553,5,Blue One M,3000,2,Centre,Female,20,0,121,0.4,6000,0,3,<=20
7554,5,Blue One M,3000,0,West,Male,26,1,109,0.0,0,1,4,26-30
7555,5,Blue One M,3000,2,South,Male,26,1,116,0.4,6000,0,4,26-30
7556,5,Blue One M,3000,2,Adamawa,Male,25,0,119,0.4,6000,0,3,21-25
7557,5,Blue One M,3000,3,North West,Male,21,0,124,0.6,9000,0,3,21-25
7558,5,Blue One M,3000,2,Far North,Female,25,0,123,0.4,6000,0,3,21-25
7559,5,Blue One M,3000,2,North,Male,22,0,124,0.4,6000,0,3,21-25
7560,5,Blue One M,3000,2,North,Male,28,0,123,0.4,6000,0,3,26-30
7561,5,Blue One M,3000,2,Far North,Female,23,1,118,0.4,6000,0,4,21-25
7562,4,Blue One M,3000,2,Littoral,Female,25,0,103,0.5,6000,0,4,21-25
7563,5,Blue One M,3000,2,North,Male,24,0,116,0.4,6000,0,4,21-25
7564,5,Blue One M,3000,2,Adamawa,Female,25,1,111,0.4,6000,0,4,21-25
7565,5,Blue One M,3000,0,East,Female,24,1,118,0.0,0,1,4,21-25
7566,5,Blue One M,3000,2,East,Male,27,0,116,0.4,6000,0,4,26-30
7567,5,Blue One M,3000,0,West,Male,25,1,111,0.0,0,1,4,21-25
7568,5,Blue One M,3000,3,Littoral,Male,20,0,116,0.6,9000,0,4,<=20
7569,5,Blue One M,3000,3,South West,Female,22,0,114,0.6,9000,0,4,21-25
7570,5,Blue One M,3000,3,Adamawa,Male,22,0,119,0.6,9000,0,3,21-25
7571,5,Blue One M,3000,3,East,Male,26,0,122,0.6,9000,0,3,26-30
7572,5,Blue One M,3000,2,Far North,Female,23,0,119,0.4,6000,0,3,21-25
7573,5,Blue One M,3000,3,Littoral,Female,29,0,119,0.6,9000,0,3,26-30
7574,5,Blue One M,3000,3,South West,Female,26,0,112,0.6,9000,0,4,26-30
7575,6,Blue One M,3000,2,Centre,Female,23,1,137,0.3333333333333333,6000,0,3,21-25
7576,5,Blue One M,3000,2,Littoral,Female,27,0,131,0.4,6000,0,3,26-30
7577,6,Blue One M,3000,3,Centre,Male,26,0,136,0.5,9000,0,3,26-30
7579,5,Blue One M,3000,3,Littoral,Male,24,0,132,0.6,9000,0,3,21-25
7580,6,Blue One M,3000,2,Littoral,Male,27,0,137,0.3333333333333333,6000,0,3,26-30
7581,5,Blue One M,3000,2,Adamawa,Female,19,1,109,0.4,6000,0,4,<=20
7582,5,Blue One M,3000,2,Littoral,Female,27,1,133,0.4,6000,0,3,26-30
7583,5,Blue One M,3000,3,Littoral,Female,30,0,133,0.6,9000,0,3,26-30
7584,5,Blue One M,3000,2,Far North,Male,28,1,133,0.4,6000,0,3,26-30
7585,5,Blue One M,3000,0,North,Male,23,1,125,0.0,0,1,3,21-25
7586,5,Blue One M,3000,0,Adamawa,Male,25,1,125,0.0,0,1,3,21-25
7587,5,Blue One M,3000,0,East,Female,26,1,125,0.0,0,1,3,26-30
7588,5,Blue One M,3000,0,South West,Female,25,1,123,0.0,0,1,3,21-25
7589,5,Blue One M,3000,0,East,Male,19,1,122,0.0,0,1,3,<=20
7590,5,Blue One M,3000,3,West,Male,25,0,105,0.6,9000,0,4,21-25
7591,5,Blue One M,3000,2,South West,Male,27,1,130,0.4,6000,0,3,26-30
7592,5,Blue One M,3000,2,Littoral,Female,29,0,130,0.4,6000,0,3,26-30
7593,5,Blue One M,3000,2,North West,Male,26,0,130,0.4,6000,0,3,26-30
7594,5,Blue One M,3000,2,South,Male,22,0,130,0.4,6000,0,3,21-25
7595,5,Blue One M,3000,0,East,Male,25,1,130,0.0,0,1,3,21-25
7596,5,Blue One M,3000,2,West,Female,28,0,129,0.4,6000,0,3,26-30
7597,5,Blue One M,3000,0,Far North,Female,21,1,131,0.0,0,1,3,21-25
7598,5,Blue One M,3000,2,Adamawa,Male,23,1,132,0.4,6000,0,3,21-25
7599,5,Blue One M,3000,0,South,Male,23,1,131,0.0,0,1,3,21-25
7600,5,Blue One M,3000,2,South,Male,27,1,129,0.4,6000,0,3,26-30
7601,5,Blue One M,3000,3,Adamawa,Female,26,0,129,0.6,9000,0,3,26-30
7602,5,Blue One M,3000,2,West,Male,26,0,125,0.4,6000,0,3,26-30
7603,5,Blue One M,3000,3,Far North,Male,22,0,124,0.6,9000,0,3,21-25
7604,5,Blue One M,3000,0,Littoral,Female,20,1,125,0.0,0,1,3,<=20
7605,5,Blue One M,3000,0,South,Male,22,1,131,0.0,0,1,3,21-25
7606,5,Blue One M,3000,2,Centre,Female,21,1,133,0.4,6000,0,3,21-25
7607,5,Blue One M,3000,0,North West,Male,22,1,121,0.0,0,1,3,21-25
7608,5,Blue One M,3000,2,Littoral,Female,29,0,124,0.4,6000,0,3,26-30
7609,5,Blue One M,3000,0,South West,Female,24,1,125,0.0,0,1,3,21-25
7610,5,Blue One M,3000,2,East,Female,30,0,130,0.4,6000,0,3,26-30
7611,5,Blue One M,3000,3,West,Male,30,0,131,0.6,9000,0,3,26-30
7612,5,Blue One M,3000,2,Centre,Female,19,1,132,0.4,6000,0,3,<=20
7613,5,Blue One M,3000,0,Littoral,Female,19,1,131,0.0,0,1,3,<=20
7614,5,Blue One M,3000,3,Far North,Male,29,0,132,0.6,9000,0,3,26-30
7615,5,Blue One M,3000,2,South,Male,26,1,130,0.4,6000,0,3,26-30
7616,5,Blue One M,3000,2,Littoral,Male,21,0,131,0.4,6000,0,3,21-25
7617,5,Blue One M,3000,0,South West,Male,20,1,129,0.0,0,1,3,<=20
7618,5,Blue One M,3000,0,Far North,Male,24,1,130,0.0,0,1,3,21-25
7620,7,Blue One L,5000,0,Far North,Male,23,1,189,0.0,0,1,1,21-25
7621,7,Blue One L,5000,3,South,Female,30,0,189,0.42857142857142855,15000,0,1,26-30
7623,7,Blue One L,5000,0,North West,Female,33,1,172,0.0,0,1,2,>30
7624,6,Blue One M,3000,0,North,Male,26,1,138,0.0,0,1,3,26-30
7625,6,Blue One M,3000,3,Littoral,Female,24,0,154,0.5,9000,0,2,21-25
7627,4,Blue One M,3000,3,North,Female,24,0,97,0.75,9000,0,4,21-25
7629,7,Blue One L,5000,0,West,Female,24,1,180,0.0,0,1,1,21-25
7630,7,Blue One L,5000,3,East,Male,27,0,178,0.42857142857142855,15000,0,1,26-30
7632,8,Blue One L,5000,2,Adamawa,Male,28,1,199,0.25,10000,0,1,26-30
7633,6,Blue One M,3000,2,North,Male,19,0,148,0.3333333333333333,6000,0,3,<=20
7634,6,Blue One M,3000,0,North,Female,29,1,151,0.0,0,1,2,26-30
7635,8,Blue One L,5000,0,Far North,Male,28,1,199,0.0,0,1,1,26-30
7636,6,Blue One M,3000,2,Littoral,Female,29,0,154,0.3333333333333333,6000,0,2,26-30
7637,7,Blue One L,5000,2,Adamawa,Male,29,1,182,0.2857142857142857,10000,0,1,26-30
7638,7,Blue One L,5000,2,South West,Female,29,0,173,0.2857142857142857,10000,0,2,26-30
7639,7,Blue One L,5000,0,Centre,Female,27,1,193,0.0,0,1,1,26-30
7642,8,Blue One L,5000,2,South,Male,32,0,207,0.25,10000,0,1,>30
7643,8,Blue One L,5000,3,North West,Male,22,0,202,0.375,15000,0,1,21-25
7644,7,Blue One L,5000,2,Littoral,Male,31,0,193,0.2857142857142857,10000,0,1,>30
7645,8,Blue One L,5000,2,Centre,Male,23,1,195,0.25,10000,0,1,21-25
7646,7,Blue One L,5000,2,Far North,Male,29,0,175,0.2857142857142857,10000,0,2,26-30
7647,7,Blue One L,5000,0,North West,Male,22,1,182,0.0,0,1,1,21-25
7648,7,Blue One L,5000,3,North West,Male,25,0,180,0.42857142857142855,15000,0,1,21-25
7649,4,Blue One M,3000,0,Adamawa,Female,24,1,103,0.0,0,1,4,21-25
7651,4,Blue One M,3000,2,Centre,Male,26,0,99,0.5,6000,0,4,26-30
7652,4,Blue One M,3000,3,East,Female,30,0,75,0.75,9000,0,5,26-30
7653,5,Blue One M,3000,3,Far North,Male,29,0,105,0.6,9000,0,4,26-30
7654,4,Blue One M,3000,2,North,Female,24,0,83,0.5,6000,0,5,21-25
7655,4,Blue One M,3000,3,Far North,Female,29,0,82,0.75,9000,0,5,26-30
7659,7,Blue One L,5000,2,East,Female,26,1,183,0.2857142857142857,10000,0,1,26-30
7660,4,Blue One M,3000,2,Littoral,Male,22,0,84,0.5,6000,0,5,21-25
7661,4,Blue One M,3000,2,South,Female,23,0,103,0.5,6000,0,4,21-25
7662,8,Blue One L,5000,2,North West,Male,26,1,195,0.25,10000,0,1,26-30
7663,4,Blue One M,3000,2,West,Male,21,0,103,0.5,6000,0,4,21-25
7664,8,Blue One L,5000,0,West,Male,29,1,199,0.0,0,1,1,26-30
7665,8,Blue One L,5000,0,Adamawa,Female,22,1,201,0.0,0,1,1,21-25
7666,3,Blue One S,2000,2,Adamawa,Male,25,0,74,0.6666666666666666,4000,0,5,21-25
7667,7,Blue One L,5000,3,North West,Male,26,0,173,0.42857142857142855,15000,0,2,26-30
7668,4,Blue One M,3000,3,Far North,Male,21,0,104,0.75,9000,0,4,21-25
7669,7,Blue One L,5000,0,Far North,Male,27,1,185,0.0,0,1,1,26-30
7670,5,Blue One M,3000,0,Far North,Male,25,1,122,0.0,0,1,3,21-25
7671,7,Blue One L,5000,0,Littoral,Female,26,1,194,0.0,0,1,1,26-30
7672,6,Blue One M,3000,2,West,Male,27,1,145,0.3333333333333333,6000,0,3,26-30
7673,4,Blue One M,3000,3,Adamawa,Female,22,0,77,0.75,9000,0,5,21-25
7675,8,Blue One L,5000,2,East,Female,28,1,207,0.25,10000,0,1,26-30
7679,6,Blue One M,3000,3,Centre,Male,25,0,135,0.5,9000,0,3,21-25
7680,6,Blue One M,3000,0,Far North,Male,24,1,147,0.0,0,1,3,21-25
7681,8,Blue One L,5000,2,South West,Male,23,1,205,0.25,10000,0,1,21-25
7682,4,Blue One M,3000,2,East,Male,21,0,102,0.5,6000,0,4,21-25
7684,6,Blue One M,3000,0,Littoral,Female,28,1,144,0.0,0,1,3,26-30
7685,6,Blue One M,3000,2,North West,Female,23,0,159,0.3333333333333333,6000,0,2,21-25
7689,4,Blue One M,3000,2,West,Male,19,0,102,0.5,6000,0,4,<=20
7690,4,Blue One M,3000,3,North,Male,21,0,81,0.75,9000,0,5,21-25
7692,6,Blue One M,3000,2,West,Male,26,1,137,0.3333333333333333,6000,0,3,26-30
7693,8,Blue One L,5000,2,North,Male,26,1,196,0.25,10000,0,1,26-30
7694,6,Blue One M,3000,2,West,Female,29,1,144,0.3333333333333333,6000,0,3,26-30
7695,5,Blue One M,3000,3,Littoral,Male,24,0,134,0.6,9000,0,3,21-25
7696,6,Blue One M,3000,2,South West,Female,21,0,136,0.3333333333333333,6000,0,3,21-25
7698,4,Blue One M,3000,2,North West,Male,27,0,82,0.5,6000,0,5,26-30
7699,3,Blue One S,2000,2,Adamawa,Male,25,0,61,0.6666666666666666,4000,0,5,21-25
7701,8,Blue One L,5000,2,Centre,Female,29,0,200,0.25,10000,0,1,26-30
7702,7,Blue One L,5000,2,Far North,Male,20,1,193,0.2857142857142857,10000,0,1,<=20
7703,7,Blue One L,5000,2,East,Male,23,1,185,0.2857142857142857,10000,0,1,21-25
7704,7,Blue One L,5000,3,North,Female,19,0,178,0.42857142857142855,15000,0,1,<=20
7705,6,Blue One M,3000,3,North West,Male,27,0,161,0.5,9000,0,2,26-30
7706,4,Blue One M,3000,3,North,Male,30,0,98,0.75,9000,0,4,26-30
7708,5,Blue One M,3000,3,South West,Male,24,0,110,0.6,9000,0,4,21-25
7709,7,Blue One L,5000,0,East,Female,21,1,180,0.0,0,1,1,21-25
7710,5,Blue One M,3000,0,Littoral,Female,28,1,111,0.0,0,1,4,26-30
7711,6,Blue One M,3000,2,Far North,Male,22,1,153,0.3333333333333333,6000,0,2,21-25
7712,4,Blue One M,3000,3,Far North,Male,23,0,91,0.75,9000,0,4,21-25
7713,8,Blue One L,5000,0,South West,Female,27,1,207,0.0,0,1,1,26-30
7714,8,Blue One L,5000,2,East,Male,23,0,207,0.25,10000,0,1,21-25
7715,8,Blue One L,5000,2,West,Male,26,0,202,0.25,10000,0,1,26-30
7716,7,Blue One L,5000,2,North,Male,22,0,182,0.2857142857142857,10000,0,1,21-25
7717,7,Blue One L,5000,0,Adamawa,Female,32,1,173,0.0,0,1,2,>30
7718,6,Blue One M,3000,0,West,Female,26,1,162,0.0,0,1,2,26-30
7719,4,Blue One M,3000,3,Littoral,Male,23,0,99,0.75,9000,0,4,21-25
7724,4,Blue One M,3000,0,East,Female,20,1,95,0.0,0,1,4,<=20
7725,4,Blue One M,3000,2,South West,Male,24,0,83,0.5,6000,0,5,21-25
7726,6,Blue One M,3000,3,East,Female,23,0,146,0.5,9000,0,3,21-25
7727,6,Blue One M,3000,3,Far North,Male,30,0,150,0.5,9000,0,2,26-30
7728,8,Blue One L,5000,3,Centre,Male,28,0,201,0.375,15000,0,1,26-30
7729,8,Blue One L,5000,3,Adamawa,Male,23,0,206,0.375,15000,0,1,21-25
7730,8,Blue One L,5000,3,East,Male,31,0,202,0.375,15000,0,1,>30
7731,6,Blue One M,3000,2,Littoral,Female,19,0,144,0.3333333333333333,6000,0,3,<=20
7732,4,Blue One M,3000,2,Adamawa,Male,28,1,96,0.5,6000,0,4,26-30
7733,6,Blue One M,3000,0,South,Female,22,1,152,0.0,0,1,2,21-25
7734,5,Blue One M,3000,3,North,Male,19,0,111,0.6,9000,0,4,<=20
7735,7,Blue One L,5000,2,Adamawa,Female,26,1,187,0.2857142857142857,10000,0,1,26-30
7736,6,Blue One M,3000,2,Centre,Female,23,1,154,0.3333333333333333,6000,0,2,21-25
7737,4,Blue One M,3000,0,West,Female,25,1,97,0.0,0,1,4,21-25
7740,8,Blue One L,5000,2,Centre,Female,27,0,203,0.25,10000,0,1,26-30
7743,5,Blue One M,3000,2,West,Female,27,0,110,0.4,6000,0,4,26-30
7744,8,Blue One L,5000,0,West,Male,27,1,202,0.0,0,1,1,26-30
7745,5,Blue One M,3000,2,Centre,Female,27,1,125,0.4,6000,0,3,26-30
7746,4,Blue One M,3000,3,North West,Female,23,0,82,0.75,9000,0,5,21-25
7750,8,Blue One L,5000,2,South,Female,28,1,203,0.25,10000,0,1,26-30
7751,7,Blue One L,5000,0,Far North,Female,23,1,187,0.0,0,1,1,21-25
7752,6,Blue One M,3000,0,Far North,Female,25,1,153,0.0,0,1,2,21-25
7753,6,Blue One M,3000,2,East,Female,24,0,164,0.3333333333333333,6000,0,2,21-25
7754,6,Blue One M,3000,2,Centre,Male,19,0,164,0.3333333333333333,6000,0,2,<=20
7755,4,Blue One M,3000,2,East,Male,25,0,91,0.5,6000,0,4,21-25
7756,6,Blue One M,3000,2,Centre,Male,24,1,147,0.3333333333333333,6000,0,3,21-25
7757,5,Blue One M,3000,3,Far North,Male,24,0,129,0.6,9000,0,3,21-25
7758,4,Blue One M,3000,2,Adamawa,Male,23,0,95,0.5,6000,0,4,21-25
7759,5,Blue One M,3000,2,Centre,Female,22,1,105,0.4,6000,0,4,21-25
7760,7,Blue One L,5000,2,Centre,Female,21,0,182,0.2857142857142857,10000,0,1,21-25
7761,4,Blue One M,3000,2,Littoral,Male,24,0,98,0.5,6000,0,4,21-25
7762,8,Blue One L,5000,2,East,Male,23,1,207,0.25,10000,0,1,21-25
7763,7,Blue One L,5000,0,Littoral,Male,27,1,172,0.0,0,1,2,26-30
7764,7,Blue One L,5000,2,South West,Male,23,0,174,0.2857142857142857,10000,0,2,21-25
7765,8,Blue One L,5000,0,North West,Female,26,1,202,0.0,0,1,1,26-30
7766,4,Blue One M,3000,0,West,Male,21,1,103,0.0,0,1,4,21-25
7767,4,Blue One M,3000,3,East,Male,26,0,92,0.75,9000,0,4,26-30
7768,7,Blue One L,5000,3,West,Male,21,0,178,0.42857142857142855,15000,0,1,21-25
7769,7,Blue One L,5000,0,North West,Female,26,1,194,0.0,0,1,1,26-30
7770,8,Blue One L,5000,0,Far North,Female,32,1,206,0.0,0,1,1,>30
7771,8,Blue One L,5000,0,South West,Male,30,1,195,0.0,0,1,1,26-30
7772,7,Blue One L,5000,3,Littoral,Male,29,0,192,0.42857142857142855,15000,0,1,26-30
7773,6,Blue One M,3000,0,Littoral,Female,23,1,160,0.0,0,1,2,21-25
7775,8,Blue One L,5000,2,Centre,Male,23,0,203,0.25,10000,0,1,21-25
7776,8,Blue One L,5000,2,Centre,Male,31,1,195,0.25,10000,0,1,>30
7777,7,Blue One L,5000,0,West,Female,28,1,187,0.0,0,1,1,26-30
7778,6,Blue One M,3000,2,West,Female,27,0,147,0.3333333333333333,6000,0,3,26-30
7779,7,Blue One L,5000,3,West,Male,26,0,171,0.42857142857142855,15000,0,2,26-30
7780,6,Blue One M,3000,2,East,Male,26,1,160,0.3333333333333333,6000,0,2,26-30
7781,6,Blue One M,3000,2,West,Male,20,1,158,0.3333333333333333,6000,0,2,<=20
7782,6,Blue One M,3000,2,West,Male,28,0,154,0.3333333333333333,6000,0,2,26-30
7783,6,Blue One M,3000,0,Centre,Male,24,1,147,0.0,0,1,3,21-25
7787,5,Blue One M,3000,2,North West,Male,24,0,125,0.4,6000,0,3,21-25
7788,6,Blue One M,3000,2,Far North,Male,25,1,140,0.3333333333333333,6000,0,3,21-25
7789,5,Blue One M,3000,2,Adamawa,Female,23,1,108,0.4,6000,0,4,21-25
7790,7,Blue One L,5000,0,Far North,Male,20,1,193,0.0,0,1,1,<=20
7791,5,Blue One M,3000,2,Adamawa,Female,24,0,111,0.4,6000,0,4,21-25
7792,8,Blue One L,5000,0,Adamawa,Female,28,1,207,0.0,0,1,1,26-30
7793,6,Blue One M,3000,3,Centre,Male,28,0,153,0.5,9000,0,2,26-30
7794,4,Blue One M,3000,2,South,Male,25,0,79,0.5,6000,0,5,21-25
7795,8,Blue One L,5000,3,Littoral,Female,27,0,202,0.375,15000,0,1,26-30
7796,8,Blue One L,5000,2,Centre,Male,29,1,201,0.25,10000,0,1,26-30
7797,7,Blue One L,5000,0,Littoral,Female,23,1,182,0.0,0,1,1,21-25
7798,7,Blue One L,5000,2,Far North,Male,30,1,187,0.2857142857142857,10000,0,1,26-30
7799,6,Blue One M,3000,3,South,Male,32,0,153,0.5,9000,0,2,>30
7800,5,Blue One M,3000,2,North,Male,25,0,124,0.4,6000,0,3,21-25
7801,8,Blue One L,5000,2,South,Male,30,1,203,0.25,10000,0,1,26-30
7802,7,Blue One L,5000,2,Littoral,Female,28,1,182,0.2857142857142857,10000,0,1,26-30
7803,8,Blue One L,5000,0,South,Female,26,1,201,0.0,0,1,1,26-30
7804,7,Blue One L,5000,0,Adamawa,Male,26,1,187,0.0,0,1,1,26-30
7805,7,Blue One L,5000,3,West,Female,24,0,187,0.42857142857142855,15000,0,1,21-25
7806,7,Blue One L,5000,3,South West,Male,29,0,194,0.42857142857142855,15000,0,1,26-30
7807,7,Blue One L,5000,0,North,Male,28,1,194,0.0,0,1,1,26-30
7808,8,Blue One L,5000,2,South,Female,24,0,203,0.25,10000,0,1,21-25
7809,7,Blue One L,5000,2,South West,Male,31,1,189,0.2857142857142857,10000,0,1,>30
7810,7,Blue One L,5000,3,Littoral,Male,28,0,174,0.42857142857142855,15000,0,2,26-30
7811,6,Blue One M,3000,3,Adamawa,Male,30,0,158,0.5,9000,0,2,26-30
7812,7,Blue One L,5000,2,Littoral,Male,20,0,168,0.2857142857142857,10000,0,2,<=20
7813,7,Blue One L,5000,0,Adamawa,Female,24,1,170,0.0,0,1,2,21-25
7814,7,Blue One L,5000,2,Adamawa,Female,26,1,186,0.2857142857142857,10000,0,1,26-30
7815,7,Blue One L,5000,2,South West,Female,25,1,185,0.2857142857142857,10000,0,1,21-25
7816,7,Blue One L,5000,3,Adamawa,Female,29,0,165,0.42857142857142855,15000,0,2,26-30
7817,7,Blue One L,5000,2,Littoral,Male,25,0,180,0.2857142857142857,10000,0,1,21-25
7818,7,Blue One L,5000,3,Adamawa,Female,26,0,183,0.42857142857142855,15000,0,1,26-30
7819,7,Blue One L,5000,2,South West,Male,33,1,182,0.2857142857142857,10000,0,1,>30
7820,7,Blue One L,5000,0,Littoral,Male,28,1,183,0.0,0,1,1,26-30
7821,7,Blue One L,5000,2,South West,Male,30,1,182,0.2857142857142857,10000,0,1,26-30
7822,7,Blue One L,5000,2,Centre,Male,27,1,172,0.2857142857142857,10000,0,2,26-30
7823,7,Blue One L,5000,3,West,Male,24,0,174,0.42857142857142855,15000,0,2,21-25
7824,7,Blue One L,5000,3,North West,Male,33,0,173,0.42857142857142855,15000,0,2,>30
7825,7,Blue One L,5000,2,Littoral,Male,25,0,167,0.2857142857142857,10000,0,2,21-25
7826,7,Blue One L,5000,2,South West,Male,24,1,167,0.2857142857142857,10000,0,2,21-25
7827,7,Blue One L,5000,2,North,Male,23,1,175,0.2857142857142857,10000,0,2,21-25
7828,7,Blue One L,5000,2,South,Female,27,1,174,0.2857142857142857,10000,0,2,26-30
7829,7,Blue One L,5000,2,North West,Female,25,1,172,0.2857142857142857,10000,0,2,21-25
7830,4,Blue One M,3000,0,North,Male,22,1,95,0.0,0,1,4,21-25
7831,7,Blue One L,5000,0,Adamawa,Male,22,1,185,0.0,0,1,1,21-25
7832,7,Blue One L,5000,0,South West,Male,21,1,183,0.0,0,1,1,21-25
7833,7,Blue One L,5000,0,Littoral,Male,21,1,187,0.0,0,1,1,21-25
7834,7,Blue One L,5000,0,West,Female,26,1,172,0.0,0,1,2,26-30
7835,7,Blue One L,5000,2,West,Male,24,1,186,0.2857142857142857,10000,0,1,21-25
7836,7,Blue One L,5000,2,West,Male,25,0,183,0.2857142857142857,10000,0,1,21-25
7837,7,Blue One L,5000,0,East,Female,25,1,180,0.0,0,1,1,21-25
7838,7,Blue One L,5000,2,Centre,Male,29,1,171,0.2857142857142857,10000,0,2,26-30
7839,7,Blue One L,5000,2,Littoral,Male,24,1,171,0.2857142857142857,10000,0,2,21-25
7840,7,Blue One L,5000,2,North West,Male,24,1,171,0.2857142857142857,10000,0,2,21-25
7841,7,Blue One L,5000,3,South,Female,30,0,180,0.42857142857142855,15000,0,1,26-30
7842,8,Blue One L,5000,0,Adamawa,Female,25,1,203,0.0,0,1,1,21-25
7843,8,Blue One L,5000,2,South West,Female,26,0,197,0.25,10000,0,1,26-30
7844,7,Blue One L,5000,2,Adamawa,Female,28,0,176,0.2857142857142857,10000,0,2,26-30
7845,5,Blue One M,3000,2,Littoral,Male,20,0,110,0.4,6000,0,4,<=20
7846,8,Blue One L,5000,3,South West,Male,25,0,203,0.375,15000,0,1,21-25
7847,7,Blue One L,5000,2,South,Male,26,0,192,0.2857142857142857,10000,0,1,26-30
7848,7,Blue One L,5000,2,South,Male,24,1,170,0.2857142857142857,10000,0,2,21-25
7849,8,Blue One L,5000,2,South,Female,23,1,201,0.25,10000,0,1,21-25
7850,8,Blue One L,5000,2,East,Male,24,1,198,0.25,10000,0,1,21-25
7851,7,Blue One L,5000,2,Littoral,Male,29,1,187,0.2857142857142857,10000,0,1,26-30
7852,8,Blue One L,5000,3,Far North,Male,29,0,202,0.375,15000,0,1,26-30
7853,6,Blue One M,3000,2,South,Female,21,0,152,0.3333333333333333,6000,0,2,21-25
7854,8,Blue One L,5000,2,North,Male,26,0,199,0.25,10000,0,1,26-30
7855,7,Blue One L,5000,3,East,Female,21,0,179,0.42857142857142855,15000,0,1,21-25
7856,7,Blue One L,5000,2,Adamawa,Female,33,1,168,0.2857142857142857,10000,0,2,>30
7857,7,Blue One L,5000,2,North,Male,27,1,192,0.2857142857142857,10000,0,1,26-30
7858,7,Blue One L,5000,0,Centre,Female,21,1,187,0.0,0,1,1,21-25
7859,4,Blue One M,3000,3,East,Male,25,0,103,0.75,9000,0,4,21-25
7860,7,Blue One L,5000,2,South,Female,29,1,166,0.2857142857142857,10000,0,2,26-30
7861,4,Blue One M,3000,2,South West,Male,23,0,96,0.5,6000,0,4,21-25
7862,5,Blue One M,3000,2,South,Female,26,0,112,0.4,6000,0,4,26-30
7863,7,Blue One L,5000,0,West,Female,27,1,175,0.0,0,1,2,26-30
7864,5,Blue One M,3000,0,Littoral,Male,24,1,119,0.0,0,1,3,21-25
7865,8,Blue One L,5000,2,South West,Male,29,1,207,0.25,10000,0,1,26-30
7866,8,Blue One L,5000,2,North,Male,28,1,200,0.25,10000,0,1,26-30
7867,8,Blue One L,5000,0,Littoral,Female,29,1,204,0.0,0,1,1,26-30
7868,7,Blue One L,5000,0,Far North,Male,27,1,193,0.0,0,1,1,26-30
7869,8,Blue One L,5000,3,Adamawa,Male,32,0,203,0.375,15000,0,1,>30
7870,7,Blue One L,5000,0,North West,Female,30,1,189,0.0,0,1,1,26-30
7871,7,Blue One L,5000,3,South,Male,32,0,193,0.42857142857142855,15000,0,1,>30
7872,8,Blue One L,5000,2,East,Male,27,1,199,0.25,10000,0,1,26-30
7873,7,Blue One L,5000,2,North West,Male,28,0,166,0.2857142857142857,10000,0,2,26-30
7874,8,Blue One L,5000,0,East,Male,30,1,200,0.0,0,1,1,26-30
7875,8,Blue One L,5000,2,North West,Male,28,1,199,0.25,10000,0,1,26-30
7876,8,Blue One L,5000,2,South West,Male,26,0,207,0.25,10000,0,1,26-30
7877,7,Blue One L,5000,3,North West,Female,25,0,194,0.42857142857142855,15000,0,1,21-25
7878,8,Blue One L,5000,2,West,Female,28,1,207,0.25,10000,0,1,26-30
7879,8,Blue One L,5000,2,North West,Female,30,0,205,0.25,10000,0,1,26-30
7880,8,Blue One L,5000,2,Centre,Female,27,1,205,0.25,10000,0,1,26-30
7881,8,Blue One L,5000,3,Far North,Male,29,0,195,0.375,15000,0,1,26-30
7882,8,Blue One L,5000,2,South,Female,24,1,197,0.25,10000,0,1,21-25
7883,7,Blue One L,5000,2,North West,Female,27,0,179,0.2857142857142857,10000,0,1,26-30
7884,4,Blue One M,3000,3,South,Male,30,0,97,0.75,9000,0,4,26-30
7885,4,Blue One M,3000,2,South West,Female,20,0,84,0.5,6000,0,5,<=20
7886,4,Blue One M,3000,0,Centre,Female,24,1,100,0.0,0,1,4,21-25
7887,8,Blue One L,5000,2,North West,Male,28,1,201,0.25,10000,0,1,26-30
7888,6,Blue One M,3000,2,South West,Male,19,1,158,0.3333333333333333,6000,0,2,<=20
7889,7,Blue One L,5000,2,South West,Male,24,0,186,0.2857142857142857,10000,0,1,21-25
7890,7,Blue One L,5000,3,Adamawa,Female,26,0,194,0.42857142857142855,15000,0,1,26-30
7891,8,Blue One L,5000,0,Adamawa,Male,26,1,198,0.0,0,1,1,26-30
7892,7,Blue One L,5000,0,South West,Female,28,1,175,0.0,0,1,2,26-30
7893,8,Blue One L,5000,0,South,Female,28,1,202,0.0,0,1,1,26-30
7894,4,Blue One M,3000,0,Centre,Male,17,1,87,0.0,0,1,5,<=20
7895,8,Blue One L,5000,2,Adamawa,Female,31,0,203,0.25,10000,0,1,>30
7896,7,Blue One L,5000,0,West,Female,24,1,184,0.0,0,1,1,21-25
7897,7,Blue One L,5000,2,East,Male,23,0,189,0.2857142857142857,10000,0,1,21-25
7898,8,Blue One L,5000,2,West,Male,33,0,200,0.25,10000,0,1,>30
7899,8,Blue One L,5000,0,Far North,Male,27,1,200,0.0,0,1,1,26-30
7900,8,Blue One L,5000,2,West,Male,32,0,203,0.25,10000,0,1,>30
7901,6,Blue One M,3000,2,East,Female,24,1,153,0.3333333333333333,6000,0,2,21-25
7902,8,Blue One L,5000,2,North,Male,29,1,200,0.25,10000,0,1,26-30
7903,8,Blue One L,5000,2,North West,Male,28,1,202,0.25,10000,0,1,26-30
7904,7,Blue One L,5000,2,North,Female,24,0,188,0.2857142857142857,10000,0,1,21-25
7905,5,Blue One M,3000,2,Adamawa,Male,25,0,118,0.4,6000,0,4,21-25
7906,6,Blue One M,3000,2,North West,Male,26,1,154,0.3333333333333333,6000,0,2,26-30
7907,5,Blue One M,3000,2,Far North,Male,25,0,104,0.4,6000,0,4,21-25
7908,4,Blue One M,3000,3,North,Male,21,0,104,0.75,9000,0,4,21-25
7909,5,Blue One M,3000,0,North West,Female,26,1,105,0.0,0,1,4,26-30
7910,4,Blue One M,3000,3,South,Female,24,0,91,0.75,9000,0,4,21-25
7914,8,Blue One L,5000,3,West,Male,27,0,207,0.375,15000,0,1,26-30
7915,8,Blue One L,5000,2,East,Female,33,0,207,0.25,10000,0,1,>30
7916,8,Blue One L,5000,3,Far North,Female,28,0,207,0.375,15000,0,1,26-30
7917,7,Blue One L,5000,3,Far North,Male,28,0,192,0.42857142857142855,15000,0,1,26-30
7918,7,Blue One L,5000,3,South West,Male,25,0,194,0.42857142857142855,15000,0,1,21-25
7919,7,Blue One L,5000,0,South,Male,31,1,181,0.0,0,1,1,>30
7920,7,Blue One L,5000,3,South,Female,27,0,183,0.42857142857142855,15000,0,1,26-30
7921,8,Blue One L,5000,2,Adamawa,Male,28,0,196,0.25,10000,0,1,26-30
7922,8,Blue One L,5000,3,Littoral,Male,25,0,197,0.375,15000,0,1,21-25
7923,7,Blue One L,5000,3,West,Male,32,0,194,0.42857142857142855,15000,0,1,>30
7924,7,Blue One L,5000,2,North West,Female,25,1,186,0.2857142857142857,10000,0,1,21-25
7925,7,Blue One L,5000,2,South,Male,22,0,194,0.2857142857142857,10000,0,1,21-25
7926,7,Blue One L,5000,0,West,Female,29,1,193,0.0,0,1,1,26-30
7927,7,Blue One L,5000,0,East,Female,27,1,192,0.0,0,1,1,26-30
7928,7,Blue One L,5000,2,West,Female,32,0,192,0.2857142857142857,10000,0,1,>30
7929,7,Blue One L,5000,3,South West,Male,26,0,190,0.42857142857142855,15000,0,1,26-30
7930,7,Blue One L,5000,0,East,Male,21,1,192,0.0,0,1,1,21-25
7931,7,Blue One L,5000,2,West,Female,22,1,187,0.2857142857142857,10000,0,1,21-25
7932,7,Blue One L,5000,0,East,Male,27,1,187,0.0,0,1,1,26-30
7933,7,Blue One L,5000,2,Adamawa,Male,30,1,189,0.2857142857142857,10000,0,1,26-30
7934,7,Blue One L,5000,3,East,Female,23,0,186,0.42857142857142855,15000,0,1,21-25
7935,7,Blue One L,5000,2,Far North,Male,28,1,193,0.2857142857142857,10000,0,1,26-30
7936,7,Blue One L,5000,0,South West,Male,25,1,171,0.0,0,1,2,21-25
7937,6,Blue One M,3000,2,South West,Male,25,0,146,0.3333333333333333,6000,0,3,21-25
7938,7,Blue One L,5000,2,East,Male,28,1,182,0.2857142857142857,10000,0,1,26-30
7939,7,Blue One L,5000,2,Littoral,Male,25,1,181,0.2857142857142857,10000,0,1,21-25
7940,7,Blue One L,5000,3,Adamawa,Male,22,0,187,0.42857142857142855,15000,0,1,21-25
7941,7,Blue One L,5000,2,Littoral,Male,24,1,168,0.2857142857142857,10000,0,2,21-25
7942,7,Blue One L,5000,2,Far North,Male,26,1,170,0.2857142857142857,10000,0,2,26-30
7943,7,Blue One L,5000,0,Littoral,Male,24,1,185,0.0,0,1,1,21-25
7944,7,Blue One L,5000,2,Littoral,Male,27,0,185,0.2857142857142857,10000,0,1,26-30
7945,7,Blue One L,5000,3,Far North,Male,30,0,187,0.42857142857142855,15000,0,1,26-30
7946,4,Blue One M,3000,2,East,Female,26,0,91,0.5,6000,0,4,26-30
7947,4,Blue One M,3000,3,Far North,Male,23,0,91,0.75,9000,0,4,21-25
7948,7,Blue One L,5000,3,Far North,Male,24,0,167,0.42857142857142855,15000,0,2,21-25
7949,7,Blue One L,5000,0,North West,Male,25,1,186,0.0,0,1,1,21-25
7950,7,Blue One L,5000,2,Far North,Male,29,1,182,0.2857142857142857,10000,0,1,26-30
7951,6,Blue One M,3000,0,North,Male,30,1,153,0.0,0,1,2,26-30
7952,6,Blue One M,3000,2,Far North,Male,21,0,153,0.3333333333333333,6000,0,2,21-25
7953,6,Blue One M,3000,2,Far North,Female,27,0,136,0.3333333333333333,6000,0,3,26-30
7954,5,Blue One M,3000,2,East,Male,28,1,119,0.4,6000,0,4,26-30
7955,8,Blue One L,5000,3,North,Male,24,0,202,0.375,15000,0,1,21-25
7956,5,Blue One M,3000,2,Centre,Male,26,1,110,0.4,6000,0,4,26-30
7957,8,Blue One L,5000,3,Littoral,Female,31,0,201,0.375,15000,0,1,>30
7958,4,Blue One M,3000,2,North West,Female,27,1,100,0.5,6000,0,4,26-30
7959,8,Blue One L,5000,0,South West,Male,27,1,195,0.0,0,1,1,26-30
7960,8,Blue One L,5000,2,North West,Male,29,1,195,0.25,10000,0,1,26-30
7961,7,Blue One L,5000,2,South,Male,32,0,193,0.2857142857142857,10000,0,1,>30
7962,8,Blue One L,5000,3,South,Male,28,0,199,0.375,15000,0,1,26-30
7963,8,Blue One L,5000,0,Centre,Female,33,1,199,0.0,0,1,1,>30
7964,7,Blue One L,5000,3,North,Male,25,0,185,0.42857142857142855,15000,0,1,21-25
7965,7,Blue One L,5000,2,Far North,Male,29,1,179,0.2857142857142857,10000,0,1,26-30
7966,7,Blue One L,5000,0,Far North,Male,24,1,184,0.0,0,1,1,21-25
7967,7,Blue One L,5000,2,Far North,Female,29,1,185,0.2857142857142857,10000,0,1,26-30
7968,7,Blue One L,5000,2,South,Female,26,0,185,0.2857142857142857,10000,0,1,26-30
7969,7,Blue One L,5000,2,North,Female,30,1,179,0.2857142857142857,10000,0,1,26-30
7970,7,Blue One L,5000,2,East,Male,23,1,179,0.2857142857142857,10000,0,1,21-25
7971,7,Blue One L,5000,2,Littoral,Male,25,0,180,0.2857142857142857,10000,0,1,21-25
7972,7,Blue One L,5000,2,Adamawa,Female,26,1,183,0.2857142857142857,10000,0,1,26-30
7973,7,Blue One L,5000,3,North West,Female,30,0,181,0.42857142857142855,15000,0,1,26-30
7974,7,Blue One L,5000,2,North West,Female,17,0,181,0.2857142857142857,10000,0,1,<=20
7975,7,Blue One L,5000,2,Centre,Female,25,1,179,0.2857142857142857,10000,0,1,21-25
7976,7,Blue One L,5000,0,South West,Female,27,1,181,0.0,0,1,1,26-30
7977,7,Blue One L,5000,0,South West,Female,25,1,181,0.0,0,1,1,21-25
7978,7,Blue One L,5000,2,Far North,Male,27,1,180,0.2857142857142857,10000,0,1,26-30
7979,7,Blue One L,5000,0,Centre,Male,23,1,184,0.0,0,1,1,21-25
7980,7,Blue One L,5000,0,South West,Male,24,1,183,0.0,0,1,1,21-25
7981,7,Blue One L,5000,0,East,Female,28,1,169,0.0,0,1,2,26-30
7982,7,Blue One L,5000,0,Littoral,Female,27,1,186,0.0,0,1,1,26-30
7983,7,Blue One L,5000,0,North West,Female,25,1,187,0.0,0,1,1,21-25
7984,7,Blue One L,5000,0,Littoral,Female,22,1,180,0.0,0,1,1,21-25
7985,7,Blue One L,5000,0,Adamawa,Female,31,1,187,0.0,0,1,1,>30
7986,7,Blue One L,5000,2,North,Male,25,1,180,0.2857142857142857,10000,0,1,21-25
7987,7,Blue One L,5000,2,North,Male,30,0,187,0.2857142857142857,10000,0,1,26-30
7988,7,Blue One L,5000,2,Far North,Female,24,1,186,0.2857142857142857,10000,0,1,21-25
7989,7,Blue One L,5000,2,Far North,Female,28,1,185,0.2857142857142857,10000,0,1,26-30
7990,7,Blue One L,5000,2,Centre,Female,24,1,186,0.2857142857142857,10000,0,1,21-25
7991,7,Blue One L,5000,0,Far North,Male,25,1,187,0.0,0,1,1,21-25
7992,7,Blue One L,5000,2,West,Male,26,1,187,0.2857142857142857,10000,0,1,26-30
7993,7,Blue One L,5000,2,Littoral,Male,23,1,187,0.2857142857142857,10000,0,1,21-25
7994,7,Blue One L,5000,2,West,Male,23,1,186,0.2857142857142857,10000,0,1,21-25
7995,7,Blue One L,5000,2,Centre,Male,26,1,186,0.2857142857142857,10000,0,1,26-30
7996,7,Blue One L,5000,3,South West,Male,30,0,179,0.42857142857142855,15000,0,1,26-30
7997,6,Blue One M,3000,0,Far North,Male,24,1,163,0.0,0,1,2,21-25
7998,6,Blue One M,3000,0,West,Male,23,1,163,0.0,0,1,2,21-25
7999,6,Blue One M,3000,2,South,Male,23,1,154,0.3333333333333333,6000,0,2,21-25
8000,6,Blue One M,3000,2,Centre,Female,23,0,154,0.3333333333333333,6000,0,2,21-25
8001,6,Blue One M,3000,2,West,Female,23,0,157,0.3333333333333333,6000,0,2,21-25
8002,6,Blue One M,3000,0,West,Female,24,1,160,0.0,0,1,2,21-25
8003,6,Blue One M,3000,3,Littoral,Male,26,0,150,0.5,9000,0,2,26-30
8004,6,Blue One M,3000,2,North,Male,24,1,162,0.3333333333333333,6000,0,2,21-25
8005,6,Blue One M,3000,3,Far North,Male,24,0,162,0.5,9000,0,2,21-25
8006,6,Blue One M,3000,2,South West,Female,30,1,150,0.3333333333333333,6000,0,2,26-30
8007,6,Blue One M,3000,2,East,Male,27,1,139,0.3333333333333333,6000,0,3,26-30
8008,6,Blue One M,3000,3,Littoral,Male,24,0,158,0.5,9000,0,2,21-25
8009,6,Blue One M,3000,2,South,Female,26,1,160,0.3333333333333333,6000,0,2,26-30
8010,6,Blue One M,3000,0,Littoral,Female,25,1,158,0.0,0,1,2,21-25
8011,6,Blue One M,3000,0,North West,Female,24,1,159,0.0,0,1,2,21-25
8012,6,Blue One M,3000,3,Far North,Male,25,0,159,0.5,9000,0,2,21-25
8013,6,Blue One M,3000,0,South,Female,26,1,137,0.0,0,1,3,26-30
8014,6,Blue One M,3000,3,West,Female,25,0,157,0.5,9000,0,2,21-25
8015,6,Blue One M,3000,0,South West,Female,20,1,158,0.0,0,1,2,<=20
8016,6,Blue One M,3000,2,West,Male,33,1,153,0.3333333333333333,6000,0,2,>30
8017,6,Blue One M,3000,2,North,Female,22,1,154,0.3333333333333333,6000,0,2,21-25
8018,6,Blue One M,3000,2,Centre,Female,24,1,154,0.3333333333333333,6000,0,2,21-25
8019,6,Blue One M,3000,2,West,Male,28,1,150,0.3333333333333333,6000,0,2,26-30
8020,6,Blue One M,3000,3,Centre,Male,27,0,153,0.5,9000,0,2,26-30
8021,7,Blue One L,5000,2,South,Female,23,0,164,0.2857142857142857,10000,0,2,21-25
8022,6,Blue One M,3000,3,Far North,Male,22,0,162,0.5,9000,0,2,21-25
8023,7,Blue One L,5000,2,Littoral,Female,29,0,165,0.2857142857142857,10000,0,2,26-30
8024,6,Blue One M,3000,3,South West,Female,27,0,163,0.5,9000,0,2,26-30
8025,6,Blue One M,3000,0,West,Male,30,1,157,0.0,0,1,2,26-30
8026,6,Blue One M,3000,3,Centre,Male,23,0,146,0.5,9000,0,3,21-25
8027,6,Blue One M,3000,2,Adamawa,Female,22,0,152,0.3333333333333333,6000,0,2,21-25
8028,6,Blue One M,3000,3,Far North,Male,22,0,156,0.5,9000,0,2,21-25
8029,6,Blue One M,3000,2,South West,Female,29,0,150,0.3333333333333333,6000,0,2,26-30
8030,6,Blue One M,3000,2,West,Male,23,1,156,0.3333333333333333,6000,0,2,21-25
8031,6,Blue One M,3000,0,Far North,Male,22,1,161,0.0,0,1,2,21-25
8032,6,Blue One M,3000,2,East,Female,24,1,158,0.3333333333333333,6000,0,2,21-25
8033,6,Blue One M,3000,0,Far North,Female,23,1,157,0.0,0,1,2,21-25
8034,7,Blue One L,5000,3,South,Female,28,0,171,0.42857142857142855,15000,0,2,26-30
8035,7,Blue One L,5000,3,West,Female,26,0,165,0.42857142857142855,15000,0,2,26-30
8036,7,Blue One L,5000,3,Littoral,Male,29,0,165,0.42857142857142855,15000,0,2,26-30
8037,6,Blue One M,3000,2,South,Female,31,0,163,0.3333333333333333,6000,0,2,>30
8038,6,Blue One M,3000,2,East,Male,25,0,163,0.3333333333333333,6000,0,2,21-25
8039,7,Blue One L,5000,2,South,Female,29,0,166,0.2857142857142857,10000,0,2,26-30
8040,7,Blue One L,5000,2,South,Female,28,1,177,0.2857142857142857,10000,0,2,26-30
8041,7,Blue One L,5000,2,North West,Male,26,0,176,0.2857142857142857,10000,0,2,26-30
8042,6,Blue One M,3000,2,Centre,Female,26,0,153,0.3333333333333333,6000,0,2,26-30
8043,6,Blue One M,3000,2,Littoral,Female,26,1,145,0.3333333333333333,6000,0,3,26-30
8044,6,Blue One M,3000,0,South West,Female,29,1,152,0.0,0,1,2,26-30
8045,7,Blue One L,5000,3,Far North,Male,28,0,181,0.42857142857142855,15000,0,1,26-30
8046,6,Blue One M,3000,0,West,Male,25,1,164,0.0,0,1,2,21-25
8047,6,Blue One M,3000,3,Far North,Male,27,0,139,0.5,9000,0,3,26-30
8048,7,Blue One L,5000,2,South West,Female,22,1,177,0.2857142857142857,10000,0,2,21-25
8049,7,Blue One L,5000,2,Centre,Male,24,0,175,0.2857142857142857,10000,0,2,21-25
8050,6,Blue One M,3000,2,North West,Male,22,1,136,0.3333333333333333,6000,0,3,21-25
8051,6,Blue One M,3000,2,North West,Female,33,1,160,0.3333333333333333,6000,0,2,>30
8052,7,Blue One L,5000,2,East,Male,29,1,171,0.2857142857142857,10000,0,2,26-30
8053,6,Blue One M,3000,0,Centre,Female,30,1,152,0.0,0,1,2,26-30
8054,7,Blue One L,5000,2,South West,Female,26,1,171,0.2857142857142857,10000,0,2,26-30
8055,4,Blue One M,3000,2,East,Female,24,0,95,0.5,6000,0,4,21-25
8056,4,Blue One M,3000,3,Adamawa,Female,24,0,81,0.75,9000,0,5,21-25
8058,5,Blue One M,3000,0,South West,Female,23,1,133,0.0,0,1,3,21-25
8059,7,Blue One L,5000,2,Far North,Male,31,1,167,0.2857142857142857,10000,0,2,>30
8060,7,Blue One L,5000,0,Adamawa,Male,27,1,173,0.0,0,1,2,26-30
8061,7,Blue One L,5000,2,South West,Male,26,1,175,0.2857142857142857,10000,0,2,26-30
8062,7,Blue One L,5000,0,Adamawa,Female,26,1,167,0.0,0,1,2,26-30
8063,5,Blue One M,3000,3,South,Female,25,0,108,0.6,9000,0,4,21-25
8064,6,Blue One M,3000,2,Far North,Male,30,1,156,0.3333333333333333,6000,0,2,26-30
8065,6,Blue One M,3000,2,Littoral,Male,27,1,141,0.3333333333333333,6000,0,3,26-30
8066,7,Blue One L,5000,2,West,Female,28,1,170,0.2857142857142857,10000,0,2,26-30
8067,7,Blue One L,5000,2,South,Male,26,1,172,0.2857142857142857,10000,0,2,26-30
8068,7,Blue One L,5000,2,Littoral,Male,24,1,178,0.2857142857142857,10000,0,1,21-25
8069,6,Blue One M,3000,2,Littoral,Female,24,0,139,0.3333333333333333,6000,0,3,21-25
8070,7,Blue One L,5000,2,North,Male,29,1,178,0.2857142857142857,10000,0,1,26-30
8071,6,Blue One M,3000,3,Adamawa,Female,23,0,150,0.5,9000,0,2,21-25
8072,5,Blue One M,3000,2,South,Female,27,1,110,0.4,6000,0,4,26-30
8073,7,Blue One L,5000,2,West,Female,27,0,165,0.2857142857142857,10000,0,2,26-30
8074,6,Blue One M,3000,2,Adamawa,Female,27,1,139,0.3333333333333333,6000,0,3,26-30
8075,7,Blue One L,5000,3,South West,Male,19,0,177,0.42857142857142855,15000,0,2,<=20
8076,5,Blue One M,3000,2,West,Female,19,1,111,0.4,6000,0,4,<=20
8077,5,Blue One M,3000,3,North West,Male,25,0,133,0.6,9000,0,3,21-25
8078,6,Blue One M,3000,2,Littoral,Female,24,0,154,0.3333333333333333,6000,0,2,21-25
8079,6,Blue One M,3000,0,Adamawa,Male,24,1,147,0.0,0,1,3,21-25
8080,6,Blue One M,3000,2,South West,Male,27,0,136,0.3333333333333333,6000,0,3,26-30
8081,5,Blue One M,3000,2,Far North,Female,27,0,125,0.4,6000,0,3,26-30
8082,6,Blue One M,3000,2,North West,Female,29,1,153,0.3333333333333333,6000,0,2,26-30
8083,5,Blue One M,3000,0,West,Female,24,1,118,0.0,0,1,4,21-25
8084,5,Blue One M,3000,2,West,Female,32,0,112,0.4,6000,0,4,>30
8085,5,Blue One M,3000,2,West,Male,26,1,124,0.4,6000,0,3,26-30
8086,6,Blue One M,3000,2,South,Female,29,1,152,0.3333333333333333,6000,0,2,26-30
8087,6,Blue One M,3000,0,Centre,Male,22,1,150,0.0,0,1,2,21-25
8088,6,Blue One M,3000,2,West,Female,23,1,145,0.3333333333333333,6000,0,3,21-25
8089,6,Blue One M,3000,0,Adamawa,Female,27,1,139,0.0,0,1,3,26-30
8090,5,Blue One M,3000,0,West,Female,22,1,117,0.0,0,1,4,21-25
8091,5,Blue One M,3000,2,East,Male,25,1,111,0.4,6000,0,4,21-25
8092,5,Blue One M,3000,2,Far North,Male,21,1,108,0.4,6000,0,4,21-25
8093,4,Blue One M,3000,0,Centre,Female,18,1,103,0.0,0,1,4,<=20
8094,4,Blue One M,3000,2,North,Male,31,1,102,0.5,6000,0,4,>30
8095,4,Blue One M,3000,3,South,Female,22,0,96,0.75,9000,0,4,21-25
8096,4,Blue One M,3000,2,South West,Female,22,1,94,0.5,6000,0,4,21-25
8097,4,Blue One M,3000,2,South West,Female,21,1,87,0.5,6000,0,5,21-25
8098,3,Blue One S,2000,2,Adamawa,Male,26,0,61,0.6666666666666666,4000,0,5,26-30
8100,5,Blue One M,3000,3,East,Male,21,0,126,0.6,9000,0,3,21-25
8101,5,Blue One M,3000,0,Adamawa,Female,23,1,122,0.0,0,1,3,21-25
8102,5,Blue One M,3000,2,South West,Male,24,0,116,0.4,6000,0,4,21-25
8103,5,Blue One M,3000,0,Adamawa,Female,27,1,125,0.0,0,1,3,26-30
8104,5,Blue One M,3000,2,South,Male,20,0,125,0.4,6000,0,3,<=20
8105,5,Blue One M,3000,2,Far North,Male,29,0,123,0.4,6000,0,3,26-30
8106,7,Blue One L,5000,2,South,Male,30,0,182,0.2857142857142857,10000,0,1,26-30
8107,7,Blue One L,5000,0,Far North,Female,24,1,170,0.0,0,1,2,21-25
8108,6,Blue One M,3000,0,Littoral,Female,20,1,160,0.0,0,1,2,<=20
8109,6,Blue One M,3000,3,Centre,Male,30,0,152,0.5,9000,0,2,26-30
8110,6,Blue One M,3000,2,North West,Male,24,0,160,0.3333333333333333,6000,0,2,21-25
8111,7,Blue One L,5000,2,Adamawa,Female,21,1,168,0.2857142857142857,10000,0,2,21-25
8112,7,Blue One L,5000,3,Far North,Male,28,0,182,0.42857142857142855,15000,0,1,26-30
8113,7,Blue One L,5000,0,South West,Male,26,1,182,0.0,0,1,1,26-30
8114,5,Blue One M,3000,0,Adamawa,Male,29,1,111,0.0,0,1,4,26-30
8115,7,Blue One L,5000,2,Littoral,Female,24,1,179,0.2857142857142857,10000,0,1,21-25
8116,7,Blue One L,5000,3,Adamawa,Male,27,0,182,0.42857142857142855,15000,0,1,26-30
8117,7,Blue One L,5000,0,North West,Male,30,1,182,0.0,0,1,1,26-30
8118,7,Blue One L,5000,2,North West,Male,24,0,182,0.2857142857142857,10000,0,1,21-25
8119,7,Blue One L,5000,2,South,Male,23,0,171,0.2857142857142857,10000,0,2,21-25
8120,7,Blue One L,5000,0,North,Female,30,1,171,0.0,0,1,2,26-30
8121,6,Blue One M,3000,3,West,Male,26,0,154,0.5,9000,0,2,26-30
8122,7,Blue One L,5000,2,Far North,Male,27,1,182,0.2857142857142857,10000,0,1,26-30
8123,7,Blue One L,5000,2,Centre,Female,26,0,180,0.2857142857142857,10000,0,1,26-30
8124,7,Blue One L,5000,2,East,Female,27,0,179,0.2857142857142857,10000,0,1,26-30
8125,7,Blue One L,5000,0,North,Male,27,1,181,0.0,0,1,1,26-30
8126,7,Blue One L,5000,0,West,Female,25,1,181,0.0,0,1,1,21-25
8127,5,Blue One M,3000,2,West,Male,27,0,126,0.4,6000,0,3,26-30
8128,4,Blue One M,3000,2,Centre,Male,20,0,95,0.5,6000,0,4,<=20
8129,6,Blue One M,3000,0,Littoral,Male,28,1,146,0.0,0,1,3,26-30
8130,7,Blue One L,5000,2,Littoral,Female,29,1,179,0.2857142857142857,10000,0,1,26-30
8131,6,Blue One M,3000,0,West,Female,27,1,159,0.0,0,1,2,26-30
8132,6,Blue One M,3000,0,South West,Male,29,1,153,0.0,0,1,2,26-30
8133,7,Blue One L,5000,2,Centre,Male,33,0,177,0.2857142857142857,10000,0,2,>30
8134,7,Blue One L,5000,2,Far North,Male,31,0,179,0.2857142857142857,10000,0,1,>30
8135,7,Blue One L,5000,0,North,Male,29,1,179,0.0,0,1,1,26-30
8136,7,Blue One L,5000,0,Centre,Male,27,1,179,0.0,0,1,1,26-30
8137,4,Blue One M,3000,0,North West,Male,26,1,91,0.0,0,1,4,26-30
8138,7,Blue One L,5000,3,West,Male,28,0,177,0.42857142857142855,15000,0,2,26-30
8139,7,Blue One L,5000,2,South West,Female,28,0,176,0.2857142857142857,10000,0,2,26-30
8140,6,Blue One M,3000,0,Centre,Female,25,1,153,0.0,0,1,2,21-25
8141,6,Blue One M,3000,2,Adamawa,Male,28,0,160,0.3333333333333333,6000,0,2,26-30
8142,7,Blue One L,5000,0,Far North,Male,28,1,170,0.0,0,1,2,26-30
8143,7,Blue One L,5000,2,South,Male,32,0,170,0.2857142857142857,10000,0,2,>30
8144,7,Blue One L,5000,2,North,Male,26,0,168,0.2857142857142857,10000,0,2,26-30
8145,7,Blue One L,5000,2,Littoral,Female,26,1,175,0.2857142857142857,10000,0,2,26-30
8146,6,Blue One M,3000,2,Adamawa,Female,27,1,153,0.3333333333333333,6000,0,2,26-30
8147,7,Blue One L,5000,3,South West,Male,28,0,168,0.42857142857142855,15000,0,2,26-30
8149,7,Blue One L,5000,2,West,Male,29,1,171,0.2857142857142857,10000,0,2,26-30
8150,5,Blue One M,3000,3,North West,Female,23,0,122,0.6,9000,0,3,21-25
8151,5,Blue One M,3000,2,Littoral,Female,27,0,107,0.4,6000,0,4,26-30
8152,6,Blue One M,3000,3,East,Male,24,0,138,0.5,9000,0,3,21-25
8153,7,Blue One L,5000,0,Littoral,Female,27,1,167,0.0,0,1,2,26-30
8154,7,Blue One L,5000,2,South,Male,25,0,165,0.2857142857142857,10000,0,2,21-25
8155,6,Blue One M,3000,3,Far North,Male,26,0,155,0.5,9000,0,2,26-30
8156,6,Blue One M,3000,2,East,Female,24,1,145,0.3333333333333333,6000,0,3,21-25
8157,5,Blue One M,3000,0,Adamawa,Male,21,1,130,0.0,0,1,3,21-25
8158,7,Blue One L,5000,3,South,Male,27,0,165,0.42857142857142855,15000,0,2,26-30
8159,6,Blue One M,3000,0,South,Male,22,1,146,0.0,0,1,3,21-25
8160,6,Blue One M,3000,0,North West,Male,27,1,147,0.0,0,1,3,26-30
8161,6,Blue One M,3000,2,West,Female,25,0,146,0.3333333333333333,6000,0,3,21-25
8162,4,Blue One M,3000,2,West,Male,24,1,91,0.5,6000,0,4,21-25
8163,6,Blue One M,3000,2,South West,Male,26,1,161,0.3333333333333333,6000,0,2,26-30
8164,6,Blue One M,3000,2,North,Male,22,1,164,0.3333333333333333,6000,0,2,21-25
8166,5,Blue One M,3000,2,Littoral,Male,21,0,132,0.4,6000,0,3,21-25
8167,6,Blue One M,3000,0,South,Male,28,1,139,0.0,0,1,3,26-30
8168,6,Blue One M,3000,2,Centre,Male,26,0,143,0.3333333333333333,6000,0,3,26-30
8170,6,Blue One M,3000,2,Centre,Female,25,1,152,0.3333333333333333,6000,0,2,21-25
8171,6,Blue One M,3000,3,Centre,Female,23,0,163,0.5,9000,0,2,21-25
8172,6,Blue One M,3000,2,South West,Male,21,1,154,0.3333333333333333,6000,0,2,21-25
8173,5,Blue One M,3000,0,North,Female,32,1,114,0.0,0,1,4,>30
8174,6,Blue One M,3000,3,North,Male,24,0,156,0.5,9000,0,2,21-25
8175,6,Blue One M,3000,0,Centre,Female,28,1,156,0.0,0,1,2,26-30
8176,6,Blue One M,3000,0,Adamawa,Male,29,1,160,0.0,0,1,2,26-30
8177,6,Blue One M,3000,2,North,Male,30,0,156,0.3333333333333333,6000,0,2,26-30
8178,6,Blue One M,3000,0,East,Male,29,1,146,0.0,0,1,3,26-30
8179,6,Blue One M,3000,2,Adamawa,Female,27,0,144,0.3333333333333333,6000,0,3,26-30
8180,6,Blue One M,3000,2,South,Female,22,1,160,0.3333333333333333,6000,0,2,21-25
8181,6,Blue One M,3000,2,South West,Female,24,0,152,0.3333333333333333,6000,0,2,21-25
8182,5,Blue One M,3000,2,Littoral,Male,27,1,134,0.4,6000,0,3,26-30
8183,6,Blue One M,3000,0,Centre,Female,20,1,138,0.0,0,1,3,<=20
8184,4,Blue One M,3000,0,South,Female,21,1,91,0.0,0,1,4,21-25
8185,6,Blue One M,3000,0,Littoral,Female,26,1,157,0.0,0,1,2,26-30
8186,6,Blue One M,3000,0,Littoral,Female,26,1,144,0.0,0,1,3,26-30
8187,6,Blue One M,3000,0,Far North,Male,33,1,154,0.0,0,1,2,>30
8188,5,Blue One M,3000,3,East,Male,29,0,114,0.6,9000,0,4,26-30
8189,5,Blue One M,3000,0,Centre,Female,25,1,130,0.0,0,1,3,21-25
8190,5,Blue One M,3000,2,North West,Female,25,0,130,0.4,6000,0,3,21-25
8192,8,Blue One L,5000,0,Adamawa,Male,24,1,200,0.0,0,1,1,21-25
8193,8,Blue One L,5000,0,North West,Female,31,1,207,0.0,0,1,1,>30
8194,7,Blue One L,5000,3,East,Male,29,0,178,0.42857142857142855,15000,0,1,26-30
8195,8,Blue One L,5000,3,South West,Female,21,0,201,0.375,15000,0,1,21-25
8196,8,Blue One L,5000,0,North West,Female,31,1,201,0.0,0,1,1,>30
8197,8,Blue One L,5000,2,East,Female,25,0,209,0.25,10000,0,1,21-25
8198,8,Blue One L,5000,2,Far North,Female,27,0,200,0.25,10000,0,1,26-30
8199,7,Blue One L,5000,0,Centre,Female,26,1,188,0.0,0,1,1,26-30
8200,8,Blue One L,5000,0,East,Male,23,1,200,0.0,0,1,1,21-25
8202,8,Blue One L,5000,3,Adamawa,Male,27,0,202,0.375,15000,0,1,26-30
8203,8,Blue One L,5000,3,East,Female,23,0,196,0.375,15000,0,1,21-25
8205,7,Blue One L,5000,2,Centre,Female,23,1,189,0.2857142857142857,10000,0,1,21-25
8206,7,Blue One L,5000,0,South West,Female,29,1,169,0.0,0,1,2,26-30
8208,7,Blue One L,5000,3,East,Female,30,0,179,0.42857142857142855,15000,0,1,26-30
8209,8,Blue One L,5000,3,Far North,Male,29,0,196,0.375,15000,0,1,26-30
8210,6,Blue One M,3000,2,Littoral,Male,26,1,154,0.3333333333333333,6000,0,2,26-30
8211,8,Blue One L,5000,3,Adamawa,Male,27,0,198,0.375,15000,0,1,26-30
8212,6,Blue One M,3000,0,Centre,Male,32,1,147,0.0,0,1,3,>30
8213,7,Blue One L,5000,2,East,Female,32,1,188,0.2857142857142857,10000,0,1,>30
8214,7,Blue One L,5000,3,West,Male,24,0,168,0.42857142857142855,15000,0,2,21-25
8215,7,Blue One L,5000,2,Adamawa,Female,29,1,175,0.2857142857142857,10000,0,2,26-30
8216,7,Blue One L,5000,0,Far North,Male,23,1,165,0.0,0,1,2,21-25
8217,6,Blue One M,3000,3,Centre,Male,26,0,145,0.5,9000,0,3,26-30
8218,7,Blue One L,5000,0,Adamawa,Male,22,1,188,0.0,0,1,1,21-25
8219,7,Blue One L,5000,0,Centre,Female,28,1,188,0.0,0,1,1,26-30
8220,7,Blue One L,5000,2,Littoral,Female,29,1,178,0.2857142857142857,10000,0,1,26-30
8221,5,Blue One M,3000,2,North,Male,22,1,126,0.4,6000,0,3,21-25
8222,6,Blue One M,3000,3,South West,Male,27,0,159,0.5,9000,0,2,26-30
8223,5,Blue One M,3000,0,Littoral,Female,19,1,126,0.0,0,1,3,<=20
8224,5,Blue One M,3000,2,North West,Female,26,1,133,0.4,6000,0,3,26-30
8225,5,Blue One M,3000,0,North West,Female,20,1,117,0.0,0,1,4,<=20
8227,7,Blue One L,5000,3,North West,Female,30,0,183,0.42857142857142855,15000,0,1,26-30
8228,5,Blue One M,3000,0,South West,Female,26,1,131,0.0,0,1,3,26-30
8229,7,Blue One L,5000,0,North West,Female,26,1,192,0.0,0,1,1,26-30
8230,7,Blue One L,5000,0,Centre,Female,30,1,193,0.0,0,1,1,26-30
8231,8,Blue One L,5000,2,South,Male,30,1,195,0.25,10000,0,1,26-30
8232,8,Blue One L,5000,3,South,Female,30,0,195,0.375,15000,0,1,26-30
8233,7,Blue One L,5000,0,North,Female,28,1,190,0.0,0,1,1,26-30
8234,8,Blue One L,5000,2,Adamawa,Female,25,0,201,0.25,10000,0,1,21-25
8235,8,Blue One L,5000,0,Far North,Male,25,1,199,0.0,0,1,1,21-25
8236,7,Blue One L,5000,0,South West,Male,29,1,192,0.0,0,1,1,26-30
8237,7,Blue One L,5000,2,South,Female,26,1,168,0.2857142857142857,10000,0,2,26-30
8238,7,Blue One L,5000,2,South,Female,27,1,181,0.2857142857142857,10000,0,1,26-30
8239,4,Blue One M,3000,2,North,Female,30,0,99,0.5,6000,0,4,26-30
8240,5,Blue One M,3000,2,Centre,Female,28,1,125,0.4,6000,0,3,26-30
8241,7,Blue One L,5000,0,Centre,Female,33,1,172,0.0,0,1,2,>30
8242,7,Blue One L,5000,2,South,Female,23,1,179,0.2857142857142857,10000,0,1,21-25
8243,7,Blue One L,5000,3,Far North,Male,28,0,192,0.42857142857142855,15000,0,1,26-30
8244,7,Blue One L,5000,2,Far North,Female,23,0,178,0.2857142857142857,10000,0,1,21-25
8245,5,Blue One M,3000,0,Adamawa,Male,23,1,132,0.0,0,1,3,21-25
8246,7,Blue One L,5000,2,South West,Male,24,0,165,0.2857142857142857,10000,0,2,21-25
8247,7,Blue One L,5000,0,South,Male,28,1,189,0.0,0,1,1,26-30
8248,7,Blue One L,5000,3,South West,Male,28,0,182,0.42857142857142855,15000,0,1,26-30
8249,4,Blue One M,3000,2,Littoral,Female,24,0,97,0.5,6000,0,4,21-25
8250,4,Blue One M,3000,3,North,Male,22,0,83,0.75,9000,0,5,21-25
8251,7,Blue One L,5000,2,West,Male,26,1,172,0.2857142857142857,10000,0,2,26-30
8252,7,Blue One L,5000,2,East,Male,27,1,182,0.2857142857142857,10000,0,1,26-30
8253,7,Blue One L,5000,0,Far North,Male,29,1,172,0.0,0,1,2,26-30
8254,7,Blue One L,5000,2,Far North,Female,26,1,167,0.2857142857142857,10000,0,2,26-30
8255,5,Blue One M,3000,0,Littoral,Female,25,1,122,0.0,0,1,3,21-25
8256,7,Blue One L,5000,3,North,Male,30,0,182,0.42857142857142855,15000,0,1,26-30
8257,7,Blue One L,5000,0,West,Male,26,1,179,0.0,0,1,1,26-30
8258,6,Blue One M,3000,3,West,Female,23,0,155,0.5,9000,0,2,21-25
8259,8,Blue One L,5000,0,West,Female,30,1,197,0.0,0,1,1,26-30
8260,7,Blue One L,5000,2,Littoral,Female,27,0,187,0.2857142857142857,10000,0,1,26-30
8261,7,Blue One L,5000,2,North,Male,25,1,188,0.2857142857142857,10000,0,1,21-25
8262,4,Blue One M,3000,3,South,Male,24,0,99,0.75,9000,0,4,21-25
8263,8,Blue One L,5000,0,Littoral,Female,30,1,200,0.0,0,1,1,26-30
8264,7,Blue One L,5000,2,Centre,Female,26,1,190,0.2857142857142857,10000,0,1,26-30
8265,7,Blue One L,5000,3,North,Male,30,0,189,0.42857142857142855,15000,0,1,26-30
8266,8,Blue One L,5000,3,Littoral,Male,26,0,199,0.375,15000,0,1,26-30
8267,7,Blue One L,5000,3,East,Female,28,0,194,0.42857142857142855,15000,0,1,26-30
8268,8,Blue One L,5000,2,Adamawa,Male,23,1,205,0.25,10000,0,1,21-25
8269,8,Blue One L,5000,2,Far North,Male,28,0,203,0.25,10000,0,1,26-30
8270,7,Blue One L,5000,3,East,Male,27,0,188,0.42857142857142855,15000,0,1,26-30
8271,8,Blue One L,5000,3,Far North,Male,22,0,204,0.375,15000,0,1,21-25
8272,5,Blue One M,3000,3,North West,Female,23,0,119,0.6,9000,0,4,21-25
8273,8,Blue One L,5000,0,Adamawa,Female,28,1,203,0.0,0,1,1,26-30
8274,8,Blue One L,5000,2,Adamawa,Female,28,0,200,0.25,10000,0,1,26-30
8275,8,Blue One L,5000,0,West,Male,31,1,195,0.0,0,1,1,>30
8276,6,Blue One M,3000,2,South West,Female,29,1,146,0.3333333333333333,6000,0,3,26-30
8277,6,Blue One M,3000,0,East,Male,24,1,160,0.0,0,1,2,21-25
8278,8,Blue One L,5000,0,Far North,Male,28,1,199,0.0,0,1,1,26-30
8279,7,Blue One L,5000,2,East,Male,29,0,192,0.2857142857142857,10000,0,1,26-30
8280,8,Blue One L,5000,0,South,Male,23,1,209,0.0,0,1,1,21-25
8281,8,Blue One L,5000,3,Centre,Female,24,0,202,0.375,15000,0,1,21-25
8282,7,Blue One L,5000,0,East,Male,28,1,190,0.0,0,1,1,26-30
8283,8,Blue One L,5000,0,Littoral,Male,24,1,203,0.0,0,1,1,21-25
8284,7,Blue One L,5000,0,West,Male,23,1,192,0.0,0,1,1,21-25
8285,8,Blue One L,5000,0,West,Male,33,1,207,0.0,0,1,1,>30
8286,8,Blue One L,5000,0,Adamawa,Female,26,1,196,0.0,0,1,1,26-30
8287,8,Blue One L,5000,0,North,Male,27,1,199,0.0,0,1,1,26-30
8288,8,Blue One L,5000,2,North,Male,25,1,207,0.25,10000,0,1,21-25
8289,7,Blue One L,5000,3,Far North,Male,23,0,166,0.42857142857142855,15000,0,2,21-25
8290,8,Blue One L,5000,0,North West,Female,25,1,207,0.0,0,1,1,21-25
8291,8,Blue One L,5000,0,Far North,Male,27,1,203,0.0,0,1,1,26-30
8292,7,Blue One L,5000,2,Centre,Male,25,1,185,0.2857142857142857,10000,0,1,21-25
8293,8,Blue One L,5000,2,Littoral,Male,26,1,203,0.25,10000,0,1,26-30
8294,8,Blue One L,5000,2,Littoral,Male,22,1,203,0.25,10000,0,1,21-25
8295,8,Blue One L,5000,2,Centre,Female,28,1,202,0.25,10000,0,1,26-30
8296,7,Blue One L,5000,2,South,Female,29,1,191,0.2857142857142857,10000,0,1,26-30
8297,7,Blue One L,5000,3,North West,Male,30,0,193,0.42857142857142855,15000,0,1,26-30
8298,8,Blue One L,5000,2,North,Male,29,0,202,0.25,10000,0,1,26-30
8299,5,Blue One M,3000,3,Littoral,Female,28,0,108,0.6,9000,0,4,26-30
8300,7,Blue One L,5000,0,North,Male,20,1,186,0.0,0,1,1,<=20
8301,8,Blue One L,5000,2,Centre,Male,29,1,197,0.25,10000,0,1,26-30
8302,7,Blue One L,5000,3,Adamawa,Male,27,0,166,0.42857142857142855,15000,0,2,26-30
8303,8,Blue One L,5000,0,South West,Female,32,1,199,0.0,0,1,1,>30
8304,8,Blue One L,5000,2,Centre,Male,23,0,200,0.25,10000,0,1,21-25
8305,7,Blue One L,5000,3,Centre,Female,21,0,194,0.42857142857142855,15000,0,1,21-25
8306,8,Blue One L,5000,0,South,Female,26,1,200,0.0,0,1,1,26-30
8307,7,Blue One L,5000,2,East,Female,24,1,194,0.2857142857142857,10000,0,1,21-25
8308,8,Blue One L,5000,2,Adamawa,Female,33,1,201,0.25,10000,0,1,>30
8309,6,Blue One M,3000,2,South,Female,28,1,159,0.3333333333333333,6000,0,2,26-30
8310,6,Blue One M,3000,3,East,Female,26,0,156,0.5,9000,0,2,26-30
8311,6,Blue One M,3000,2,North West,Female,25,1,154,0.3333333333333333,6000,0,2,21-25
8312,6,Blue One M,3000,2,West,Male,28,0,145,0.3333333333333333,6000,0,3,26-30
8313,6,Blue One M,3000,2,Adamawa,Male,22,1,159,0.3333333333333333,6000,0,2,21-25
8314,6,Blue One M,3000,2,North West,Female,30,0,150,0.3333333333333333,6000,0,2,26-30
8315,6,Blue One M,3000,0,Adamawa,Male,24,1,150,0.0,0,1,2,21-25
8316,6,Blue One M,3000,3,North West,Male,21,0,147,0.5,9000,0,3,21-25
8317,6,Blue One M,3000,2,South West,Female,28,1,153,0.3333333333333333,6000,0,2,26-30
8318,6,Blue One M,3000,3,Far North,Male,27,0,150,0.5,9000,0,2,26-30
8319,5,Blue One M,3000,2,Littoral,Female,22,0,131,0.4,6000,0,3,21-25
8320,5,Blue One M,3000,2,South West,Male,29,0,133,0.4,6000,0,3,26-30
8321,6,Blue One M,3000,3,Far North,Female,27,0,144,0.5,9000,0,3,26-30
8322,4,Blue One M,3000,2,East,Female,24,0,91,0.5,6000,0,4,21-25
8323,6,Blue One M,3000,2,Far North,Male,33,1,147,0.3333333333333333,6000,0,3,>30
8324,6,Blue One M,3000,0,South,Female,27,1,147,0.0,0,1,3,26-30
8325,6,Blue One M,3000,0,West,Male,24,1,149,0.0,0,1,3,21-25
8326,6,Blue One M,3000,2,Far North,Male,22,0,147,0.3333333333333333,6000,0,3,21-25
8327,5,Blue One M,3000,3,South,Male,22,0,116,0.6,9000,0,4,21-25
8328,5,Blue One M,3000,0,East,Female,22,1,104,0.0,0,1,4,21-25
8329,5,Blue One M,3000,2,South West,Male,17,1,117,0.4,6000,0,4,<=20
8330,5,Blue One M,3000,3,North,Male,29,0,122,0.6,9000,0,3,26-30
8331,5,Blue One M,3000,2,South West,Male,24,0,110,0.4,6000,0,4,21-25
8332,5,Blue One M,3000,3,North,Male,28,0,114,0.6,9000,0,4,26-30
8333,5,Blue One M,3000,2,North,Female,21,1,124,0.4,6000,0,3,21-25
8334,6,Blue One M,3000,2,North West,Female,22,1,139,0.3333333333333333,6000,0,3,21-25
8335,5,Blue One M,3000,3,North West,Male,23,0,118,0.6,9000,0,4,21-25
8336,6,Blue One M,3000,2,Adamawa,Female,29,0,139,0.3333333333333333,6000,0,3,26-30
8337,6,Blue One M,3000,2,Littoral,Female,24,1,137,0.3333333333333333,6000,0,3,21-25
8339,6,Blue One M,3000,0,North,Male,26,1,143,0.0,0,1,3,26-30
8340,4,Blue One M,3000,2,South West,Female,22,1,76,0.5,6000,0,5,21-25
8341,6,Blue One M,3000,2,North,Female,22,1,139,0.3333333333333333,6000,0,3,21-25
8342,6,Blue One M,3000,0,North West,Female,26,1,139,0.0,0,1,3,26-30
8343,7,Blue One L,5000,2,Adamawa,Male,24,1,187,0.2857142857142857,10000,0,1,21-25
8344,7,Blue One L,5000,2,West,Male,29,0,184,0.2857142857142857,10000,0,1,26-30
8345,7,Blue One L,5000,2,North,Female,25,0,175,0.2857142857142857,10000,0,2,21-25
8346,7,Blue One L,5000,2,North,Male,30,1,170,0.2857142857142857,10000,0,2,26-30
8347,7,Blue One L,5000,2,West,Female,25,0,181,0.2857142857142857,10000,0,1,21-25
8348,7,Blue One L,5000,0,Centre,Male,29,1,168,0.0,0,1,2,26-30
8349,7,Blue One L,5000,2,North West,Male,26,0,182,0.2857142857142857,10000,0,1,26-30
8350,7,Blue One L,5000,2,South,Female,28,0,172,0.2857142857142857,10000,0,2,26-30
8351,7,Blue One L,5000,0,Littoral,Male,25,1,177,0.0,0,1,2,21-25
8352,7,Blue One L,5000,2,Littoral,Male,27,1,170,0.2857142857142857,10000,0,2,26-30
8353,7,Blue One L,5000,3,North West,Female,28,0,175,0.42857142857142855,15000,0,2,26-30
8354,7,Blue One L,5000,2,Adamawa,Female,26,1,166,0.2857142857142857,10000,0,2,26-30
8355,5,Blue One M,3000,2,Adamawa,Male,25,0,105,0.4,6000,0,4,21-25
8356,5,Blue One M,3000,3,South,Male,25,0,111,0.6,9000,0,4,21-25
8357,6,Blue One M,3000,3,Far North,Male,26,0,136,0.5,9000,0,3,26-30
8358,6,Blue One M,3000,2,Littoral,Male,30,0,138,0.3333333333333333,6000,0,3,26-30
8359,6,Blue One M,3000,2,South,Male,24,0,149,0.3333333333333333,6000,0,3,21-25
8360,7,Blue One L,5000,0,South West,Male,23,1,168,0.0,0,1,2,21-25
8361,7,Blue One L,5000,2,Far North,Male,20,1,166,0.2857142857142857,10000,0,2,<=20
8362,7,Blue One L,5000,2,Littoral,Female,26,0,168,0.2857142857142857,10000,0,2,26-30
8363,7,Blue One L,5000,3,South West,Male,27,0,170,0.42857142857142855,15000,0,2,26-30
8364,7,Blue One L,5000,2,Littoral,Male,26,1,166,0.2857142857142857,10000,0,2,26-30
8365,6,Blue One M,3000,0,Centre,Male,26,1,163,0.0,0,1,2,26-30
8366,6,Blue One M,3000,0,South,Male,24,1,161,0.0,0,1,2,21-25
8367,6,Blue One M,3000,0,Adamawa,Male,28,1,157,0.0,0,1,2,26-30
8368,7,Blue One L,5000,0,Littoral,Female,28,1,168,0.0,0,1,2,26-30
8369,7,Blue One L,5000,3,South West,Female,22,0,172,0.42857142857142855,15000,0,2,21-25
8370,8,Blue One L,5000,3,South,Male,27,0,201,0.375,15000,0,1,26-30
8371,7,Blue One L,5000,2,North West,Male,21,1,174,0.2857142857142857,10000,0,2,21-25
8372,8,Blue One L,5000,2,North,Male,29,1,195,0.25,10000,0,1,26-30
8373,8,Blue One L,5000,2,North West,Male,27,1,196,0.25,10000,0,1,26-30
8374,7,Blue One L,5000,2,North,Male,26,0,189,0.2857142857142857,10000,0,1,26-30
8375,8,Blue One L,5000,3,West,Female,25,0,195,0.375,15000,0,1,21-25
8376,7,Blue One L,5000,2,South,Male,29,1,194,0.2857142857142857,10000,0,1,26-30
8377,6,Blue One M,3000,2,North West,Male,23,0,146,0.3333333333333333,6000,0,3,21-25
8378,7,Blue One L,5000,3,North,Male,20,0,165,0.42857142857142855,15000,0,2,<=20
8379,6,Blue One M,3000,2,Centre,Male,23,1,150,0.3333333333333333,6000,0,2,21-25
8380,7,Blue One L,5000,2,North,Male,31,0,189,0.2857142857142857,10000,0,1,>30
8381,7,Blue One L,5000,0,Centre,Male,32,1,180,0.0,0,1,1,>30
8382,7,Blue One L,5000,3,South,Male,22,0,190,0.42857142857142855,15000,0,1,21-25
8383,7,Blue One L,5000,2,South West,Male,18,1,179,0.2857142857142857,10000,0,1,<=20
8384,6,Blue One M,3000,3,Centre,Female,31,0,135,0.5,9000,0,3,>30
8385,7,Blue One L,5000,2,Centre,Female,28,1,186,0.2857142857142857,10000,0,1,26-30
8386,7,Blue One L,5000,0,South,Male,27,1,187,0.0,0,1,1,26-30
8387,7,Blue One L,5000,2,South,Female,28,0,188,0.2857142857142857,10000,0,1,26-30
8388,7,Blue One L,5000,2,North,Male,24,1,186,0.2857142857142857,10000,0,1,21-25
8389,7,Blue One L,5000,2,Far North,Female,25,1,192,0.2857142857142857,10000,0,1,21-25
8390,7,Blue One L,5000,0,East,Male,24,1,175,0.0,0,1,2,21-25
8391,6,Blue One M,3000,0,South,Male,31,1,163,0.0,0,1,2,>30
8392,7,Blue One L,5000,0,West,Male,26,1,188,0.0,0,1,1,26-30
8393,7,Blue One L,5000,0,Adamawa,Female,24,1,174,0.0,0,1,2,21-25
8394,6,Blue One M,3000,3,Far North,Male,22,0,141,0.5,9000,0,3,21-25
8395,7,Blue One L,5000,0,North West,Female,26,1,182,0.0,0,1,1,26-30
8396,7,Blue One L,5000,3,Littoral,Female,28,0,185,0.42857142857142855,15000,0,1,26-30
8397,5,Blue One M,3000,0,East,Male,24,1,122,0.0,0,1,3,21-25
8398,4,Blue One M,3000,3,East,Male,22,0,76,0.75,9000,0,5,21-25
8399,5,Blue One M,3000,0,Adamawa,Female,27,1,123,0.0,0,1,3,26-30
8400,5,Blue One M,3000,2,West,Female,25,0,122,0.4,6000,0,3,21-25
8401,5,Blue One M,3000,0,Littoral,Female,26,1,105,0.0,0,1,4,26-30
8402,4,Blue One M,3000,3,Adamawa,Female,20,0,90,0.75,9000,0,4,<=20
8403,5,Blue One M,3000,2,North,Male,24,1,106,0.4,6000,0,4,21-25
8404,5,Blue One M,3000,3,Adamawa,Male,26,0,116,0.6,9000,0,4,26-30
8405,5,Blue One M,3000,0,North,Female,22,1,117,0.0,0,1,4,21-25
8406,5,Blue One M,3000,0,Littoral,Male,24,1,115,0.0,0,1,4,21-25
8407,5,Blue One M,3000,3,South West,Female,21,0,115,0.6,9000,0,4,21-25
8408,5,Blue One M,3000,2,West,Female,23,1,112,0.4,6000,0,4,21-25
8409,6,Blue One M,3000,3,North West,Male,26,0,160,0.5,9000,0,2,26-30
8410,6,Blue One M,3000,2,South West,Female,25,1,158,0.3333333333333333,6000,0,2,21-25
8411,6,Blue One M,3000,0,West,Male,22,1,157,0.0,0,1,2,21-25
8412,5,Blue One M,3000,2,East,Male,25,1,124,0.4,6000,0,3,21-25
8413,6,Blue One M,3000,0,North West,Male,28,1,156,0.0,0,1,2,26-30
8414,6,Blue One M,3000,2,North,Male,27,0,154,0.3333333333333333,6000,0,2,26-30
8415,6,Blue One M,3000,2,North West,Male,30,0,152,0.3333333333333333,6000,0,2,26-30
8416,6,Blue One M,3000,2,Centre,Male,25,0,154,0.3333333333333333,6000,0,2,21-25
8417,6,Blue One M,3000,2,Far North,Female,29,0,145,0.3333333333333333,6000,0,3,26-30
8418,6,Blue One M,3000,2,South,Female,26,0,164,0.3333333333333333,6000,0,2,26-30
8419,7,Blue One L,5000,2,West,Male,24,0,179,0.2857142857142857,10000,0,1,21-25
8420,7,Blue One L,5000,2,Far North,Female,29,1,176,0.2857142857142857,10000,0,2,26-30
8421,7,Blue One L,5000,2,North West,Female,31,0,179,0.2857142857142857,10000,0,1,>30
8422,5,Blue One M,3000,2,North West,Male,24,1,121,0.4,6000,0,3,21-25
8423,7,Blue One L,5000,2,East,Male,27,0,178,0.2857142857142857,10000,0,1,26-30
8424,7,Blue One L,5000,2,North West,Male,26,0,176,0.2857142857142857,10000,0,2,26-30
8425,6,Blue One M,3000,0,South,Female,30,1,158,0.0,0,1,2,26-30
8426,7,Blue One L,5000,0,Adamawa,Female,28,1,171,0.0,0,1,2,26-30
8427,7,Blue One L,5000,2,South West,Male,23,0,172,0.2857142857142857,10000,0,2,21-25
8428,7,Blue One L,5000,2,South,Male,25,0,167,0.2857142857142857,10000,0,2,21-25
8429,7,Blue One L,5000,2,Littoral,Male,26,1,168,0.2857142857142857,10000,0,2,26-30
8430,6,Blue One M,3000,3,Adamawa,Male,23,0,137,0.5,9000,0,3,21-25
8431,6,Blue One M,3000,2,West,Male,21,1,136,0.3333333333333333,6000,0,3,21-25
8432,5,Blue One M,3000,2,North,Male,24,0,114,0.4,6000,0,4,21-25
8433,4,Blue One M,3000,0,West,Male,20,1,91,0.0,0,1,4,<=20
8434,6,Blue One M,3000,2,South West,Female,22,1,136,0.3333333333333333,6000,0,3,21-25
8435,6,Blue One M,3000,2,Adamawa,Male,25,0,135,0.3333333333333333,6000,0,3,21-25
8436,5,Blue One M,3000,3,Littoral,Female,28,0,123,0.6,9000,0,3,26-30
8437,5,Blue One M,3000,2,North West,Male,20,0,125,0.4,6000,0,3,<=20
8438,5,Blue One M,3000,0,Adamawa,Male,26,1,127,0.0,0,1,3,26-30
8439,5,Blue One M,3000,2,Centre,Female,29,1,121,0.4,6000,0,3,26-30
8440,6,Blue One M,3000,0,Far North,Male,31,1,146,0.0,0,1,3,>30
8441,6,Blue One M,3000,0,South West,Female,25,1,160,0.0,0,1,2,21-25
8442,6,Blue One M,3000,2,Littoral,Female,27,0,136,0.3333333333333333,6000,0,3,26-30
8443,6,Blue One M,3000,3,North West,Male,23,0,135,0.5,9000,0,3,21-25
8444,6,Blue One M,3000,2,Littoral,Male,25,1,152,0.3333333333333333,6000,0,2,21-25
8445,6,Blue One M,3000,2,West,Male,24,1,144,0.3333333333333333,6000,0,3,21-25
8446,6,Blue One M,3000,0,North,Male,26,1,157,0.0,0,1,2,26-30
8447,6,Blue One M,3000,2,Centre,Female,26,1,159,0.3333333333333333,6000,0,2,26-30
8448,6,Blue One M,3000,2,North West,Male,27,0,150,0.3333333333333333,6000,0,2,26-30
8449,6,Blue One M,3000,2,West,Female,25,0,149,0.3333333333333333,6000,0,3,21-25
8450,6,Blue One M,3000,3,Littoral,Female,26,0,135,0.5,9000,0,3,26-30
8451,6,Blue One M,3000,2,North West,Female,25,1,136,0.3333333333333333,6000,0,3,21-25
8455,6,Blue One M,3000,3,South West,Female,26,0,163,0.5,9000,0,2,26-30
8456,6,Blue One M,3000,0,East,Male,26,1,159,0.0,0,1,2,26-30
8457,6,Blue One M,3000,3,Adamawa,Male,28,0,158,0.5,9000,0,2,26-30
8458,6,Blue One M,3000,0,Littoral,Female,26,1,147,0.0,0,1,3,26-30
8459,6,Blue One M,3000,2,Far North,Male,24,1,149,0.3333333333333333,6000,0,3,21-25
8460,6,Blue One M,3000,0,South,Female,24,1,151,0.0,0,1,2,21-25
8461,6,Blue One M,3000,2,West,Female,32,0,160,0.3333333333333333,6000,0,2,>30
8462,6,Blue One M,3000,3,North,Male,26,0,139,0.5,9000,0,3,26-30
8463,6,Blue One M,3000,2,South,Male,28,0,143,0.3333333333333333,6000,0,3,26-30
8464,6,Blue One M,3000,2,South West,Female,25,0,152,0.3333333333333333,6000,0,2,21-25
8465,6,Blue One M,3000,2,North West,Female,27,1,150,0.3333333333333333,6000,0,2,26-30
8466,5,Blue One M,3000,0,West,Female,26,1,130,0.0,0,1,3,26-30
8467,5,Blue One M,3000,2,Adamawa,Female,26,0,112,0.4,6000,0,4,26-30
8468,7,Blue One L,5000,2,South,Male,33,1,180,0.2857142857142857,10000,0,1,>30
8469,7,Blue One L,5000,0,East,Female,28,1,180,0.0,0,1,1,26-30
8470,6,Blue One M,3000,2,Centre,Female,31,1,158,0.3333333333333333,6000,0,2,>30
8471,7,Blue One L,5000,2,South,Male,27,1,183,0.2857142857142857,10000,0,1,26-30
8472,7,Blue One L,5000,3,Littoral,Male,24,0,182,0.42857142857142855,15000,0,1,21-25
8473,7,Blue One L,5000,0,Littoral,Female,23,1,180,0.0,0,1,1,21-25
8474,7,Blue One L,5000,0,Adamawa,Female,30,1,182,0.0,0,1,1,26-30
8475,7,Blue One L,5000,0,Littoral,Female,29,1,182,0.0,0,1,1,26-30
8476,7,Blue One L,5000,2,Littoral,Female,27,0,183,0.2857142857142857,10000,0,1,26-30
8477,7,Blue One L,5000,0,Far North,Male,25,1,184,0.0,0,1,1,21-25
8478,7,Blue One L,5000,0,Far North,Male,29,1,181,0.0,0,1,1,26-30
8479,7,Blue One L,5000,2,North,Male,27,1,164,0.2857142857142857,10000,0,2,26-30
8480,7,Blue One L,5000,0,North,Male,24,1,181,0.0,0,1,1,21-25
8481,7,Blue One L,5000,3,East,Female,30,0,172,0.42857142857142855,15000,0,2,26-30
8482,7,Blue One L,5000,2,Littoral,Female,24,0,178,0.2857142857142857,10000,0,1,21-25
8483,7,Blue One L,5000,2,North,Female,31,0,181,0.2857142857142857,10000,0,1,>30
8484,7,Blue One L,5000,3,North West,Male,26,0,176,0.42857142857142855,15000,0,2,26-30
8485,7,Blue One L,5000,2,East,Female,29,1,178,0.2857142857142857,10000,0,2,26-30
8486,7,Blue One L,5000,0,Adamawa,Female,27,1,180,0.0,0,1,1,26-30
8487,6,Blue One M,3000,2,South,Male,24,0,163,0.3333333333333333,6000,0,2,21-25
8488,7,Blue One L,5000,0,South West,Female,27,1,178,0.0,0,1,1,26-30
8489,7,Blue One L,5000,0,South,Female,25,1,169,0.0,0,1,2,21-25
8490,7,Blue One L,5000,3,South West,Female,28,0,176,0.42857142857142855,15000,0,2,26-30
8491,7,Blue One L,5000,2,Far North,Male,31,0,178,0.2857142857142857,10000,0,2,>30
8492,7,Blue One L,5000,2,North West,Female,24,1,168,0.2857142857142857,10000,0,2,21-25
8493,7,Blue One L,5000,2,North,Female,30,1,168,0.2857142857142857,10000,0,2,26-30
8494,6,Blue One M,3000,2,West,Female,27,1,164,0.3333333333333333,6000,0,2,26-30
8495,6,Blue One M,3000,2,Centre,Female,25,1,161,0.3333333333333333,6000,0,2,21-25
8496,6,Blue One M,3000,0,East,Male,27,1,149,0.0,0,1,3,26-30
8497,7,Blue One L,5000,2,North,Female,31,0,170,0.2857142857142857,10000,0,2,>30
8498,6,Blue One M,3000,0,West,Male,26,1,163,0.0,0,1,2,26-30
8499,7,Blue One L,5000,0,East,Female,26,1,167,0.0,0,1,2,26-30
8500,7,Blue One L,5000,0,South,Male,23,1,166,0.0,0,1,2,21-25
8501,7,Blue One L,5000,2,Littoral,Male,23,1,166,0.2857142857142857,10000,0,2,21-25
8502,7,Blue One L,5000,2,Far North,Male,27,0,166,0.2857142857142857,10000,0,2,26-30
8503,7,Blue One L,5000,0,North,Male,26,1,166,0.0,0,1,2,26-30
8504,7,Blue One L,5000,3,Adamawa,Female,28,0,166,0.42857142857142855,15000,0,2,26-30
8505,6,Blue One M,3000,2,West,Female,23,0,152,0.3333333333333333,6000,0,2,21-25
8506,7,Blue One L,5000,2,South West,Male,28,1,167,0.2857142857142857,10000,0,2,26-30
8507,7,Blue One L,5000,0,Adamawa,Male,32,1,172,0.0,0,1,2,>30
8508,7,Blue One L,5000,3,North,Female,24,0,171,0.42857142857142855,15000,0,2,21-25
8509,7,Blue One L,5000,2,Far North,Male,24,1,171,0.2857142857142857,10000,0,2,21-25
8510,7,Blue One L,5000,2,North,Male,28,1,171,0.2857142857142857,10000,0,2,26-30
8511,7,Blue One L,5000,3,Far North,Male,29,0,167,0.42857142857142855,15000,0,2,26-30
8512,6,Blue One M,3000,2,North,Female,33,1,161,0.3333333333333333,6000,0,2,>30
8513,7,Blue One L,5000,2,Far North,Female,29,1,169,0.2857142857142857,10000,0,2,26-30
8514,6,Blue One M,3000,3,Far North,Female,27,0,152,0.5,9000,0,2,26-30
8515,7,Blue One L,5000,3,North,Male,17,0,171,0.42857142857142855,15000,0,2,<=20
8516,7,Blue One L,5000,0,South West,Male,26,1,170,0.0,0,1,2,26-30
8517,7,Blue One L,5000,3,West,Female,28,0,166,0.42857142857142855,15000,0,2,26-30
8518,7,Blue One L,5000,0,Littoral,Male,23,1,166,0.0,0,1,2,21-25
8519,6,Blue One M,3000,0,Littoral,Female,26,1,164,0.0,0,1,2,26-30
8520,6,Blue One M,3000,2,East,Male,26,0,164,0.3333333333333333,6000,0,2,26-30
8521,6,Blue One M,3000,2,South West,Male,17,0,161,0.3333333333333333,6000,0,2,<=20
8522,6,Blue One M,3000,3,South,Male,30,0,161,0.5,9000,0,2,26-30
8523,7,Blue One L,5000,3,Centre,Female,28,0,169,0.42857142857142855,15000,0,2,26-30
8524,7,Blue One L,5000,2,South West,Male,26,0,173,0.2857142857142857,10000,0,2,26-30
8525,7,Blue One L,5000,2,East,Female,29,1,173,0.2857142857142857,10000,0,2,26-30
8526,7,Blue One L,5000,2,Centre,Male,29,1,173,0.2857142857142857,10000,0,2,26-30
8527,7,Blue One L,5000,0,Littoral,Male,28,1,167,0.0,0,1,2,26-30
8528,7,Blue One L,5000,2,Littoral,Male,24,1,171,0.2857142857142857,10000,0,2,21-25
8529,7,Blue One L,5000,0,Littoral,Male,24,1,172,0.0,0,1,2,21-25
8530,7,Blue One L,5000,3,North,Female,23,0,172,0.42857142857142855,15000,0,2,21-25
8531,6,Blue One M,3000,2,South West,Male,27,1,157,0.3333333333333333,6000,0,2,26-30
8532,7,Blue One L,5000,2,North,Female,31,1,172,0.2857142857142857,10000,0,2,>30
8533,7,Blue One L,5000,3,Littoral,Male,29,0,165,0.42857142857142855,15000,0,2,26-30
8534,6,Blue One M,3000,3,West,Female,23,0,162,0.5,9000,0,2,21-25
8535,6,Blue One M,3000,2,Far North,Male,27,1,160,0.3333333333333333,6000,0,2,26-30
8536,6,Blue One M,3000,2,North,Male,24,0,160,0.3333333333333333,6000,0,2,21-25
8537,6,Blue One M,3000,2,North,Male,24,1,153,0.3333333333333333,6000,0,2,21-25
8538,6,Blue One M,3000,2,Littoral,Male,31,0,164,0.3333333333333333,6000,0,2,>30
8539,6,Blue One M,3000,2,North,Female,25,0,164,0.3333333333333333,6000,0,2,21-25
8540,6,Blue One M,3000,0,North,Male,27,1,154,0.0,0,1,2,26-30
8541,7,Blue One L,5000,2,Littoral,Male,22,1,167,0.2857142857142857,10000,0,2,21-25
8542,6,Blue One M,3000,2,Far North,Male,22,0,151,0.3333333333333333,6000,0,2,21-25
8543,7,Blue One L,5000,2,North West,Male,22,1,165,0.2857142857142857,10000,0,2,21-25
8545,7,Blue One L,5000,2,Littoral,Female,25,1,164,0.2857142857142857,10000,0,2,21-25
8546,6,Blue One M,3000,3,West,Female,24,0,163,0.5,9000,0,2,21-25
8547,4,Blue One M,3000,2,West,Female,25,0,81,0.5,6000,0,5,21-25
8548,6,Blue One M,3000,3,West,Female,31,0,160,0.5,9000,0,2,>30
8549,7,Blue One L,5000,2,Centre,Male,27,1,167,0.2857142857142857,10000,0,2,26-30
8550,7,Blue One L,5000,2,Adamawa,Male,31,1,166,0.2857142857142857,10000,0,2,>30
8551,6,Blue One M,3000,3,South West,Male,23,0,160,0.5,9000,0,2,21-25
8552,6,Blue One M,3000,2,Littoral,Female,23,1,164,0.3333333333333333,6000,0,2,21-25
8553,6,Blue One M,3000,0,Centre,Female,27,1,163,0.0,0,1,2,26-30
8554,7,Blue One L,5000,2,East,Female,29,1,164,0.2857142857142857,10000,0,2,26-30
8555,6,Blue One M,3000,0,Adamawa,Male,24,1,164,0.0,0,1,2,21-25
8556,7,Blue One L,5000,2,Littoral,Female,31,0,165,0.2857142857142857,10000,0,2,>30
8557,7,Blue One L,5000,2,South,Male,30,1,167,0.2857142857142857,10000,0,2,26-30
8558,6,Blue One M,3000,2,Far North,Female,27,1,161,0.3333333333333333,6000,0,2,26-30
8559,4,Blue One M,3000,2,North,Female,23,0,81,0.5,6000,0,5,21-25
8560,6,Blue One M,3000,3,North West,Male,28,0,145,0.5,9000,0,3,26-30
8561,6,Blue One M,3000,3,Adamawa,Female,25,0,147,0.5,9000,0,3,21-25
8562,7,Blue One L,5000,3,West,Male,25,0,178,0.42857142857142855,15000,0,1,21-25
8563,7,Blue One L,5000,0,South,Male,28,1,180,0.0,0,1,1,26-30
8564,7,Blue One L,5000,2,Far North,Male,28,0,180,0.2857142857142857,10000,0,1,26-30
8565,7,Blue One L,5000,2,Centre,Female,24,1,181,0.2857142857142857,10000,0,1,21-25
8566,7,Blue One L,5000,2,North West,Male,28,1,178,0.2857142857142857,10000,0,1,26-30
8567,7,Blue One L,5000,0,South West,Male,21,1,179,0.0,0,1,1,21-25
8568,7,Blue One L,5000,3,Adamawa,Female,24,0,171,0.42857142857142855,15000,0,2,21-25
8569,7,Blue One L,5000,2,North West,Female,30,0,170,0.2857142857142857,10000,0,2,26-30
8570,7,Blue One L,5000,3,North,Male,25,0,166,0.42857142857142855,15000,0,2,21-25
8571,7,Blue One L,5000,0,South,Male,29,1,172,0.0,0,1,2,26-30
8572,7,Blue One L,5000,0,East,Female,24,1,172,0.0,0,1,2,21-25
8573,7,Blue One L,5000,2,Littoral,Male,24,0,172,0.2857142857142857,10000,0,2,21-25
8574,7,Blue One L,5000,3,Centre,Female,25,0,171,0.42857142857142855,15000,0,2,21-25
8575,7,Blue One L,5000,2,East,Female,24,1,169,0.2857142857142857,10000,0,2,21-25
8576,7,Blue One L,5000,3,Far North,Male,25,0,170,0.42857142857142855,15000,0,2,21-25
8577,7,Blue One L,5000,2,Adamawa,Female,20,0,169,0.2857142857142857,10000,0,2,<=20
8578,7,Blue One L,5000,0,South West,Female,25,1,169,0.0,0,1,2,21-25
8579,7,Blue One L,5000,2,South,Female,25,0,170,0.2857142857142857,10000,0,2,21-25
8580,7,Blue One L,5000,3,West,Female,27,0,177,0.42857142857142855,15000,0,2,26-30
8581,7,Blue One L,5000,2,Centre,Female,25,0,173,0.2857142857142857,10000,0,2,21-25
8582,7,Blue One L,5000,2,South West,Female,28,1,172,0.2857142857142857,10000,0,2,26-30
8583,7,Blue One L,5000,2,South,Female,29,0,171,0.2857142857142857,10000,0,2,26-30
8584,7,Blue One L,5000,2,South West,Female,31,1,168,0.2857142857142857,10000,0,2,>30
8585,7,Blue One L,5000,2,Littoral,Female,22,1,173,0.2857142857142857,10000,0,2,21-25
8586,7,Blue One L,5000,2,Far North,Male,30,0,173,0.2857142857142857,10000,0,2,26-30
8587,7,Blue One L,5000,3,Far North,Male,26,0,175,0.42857142857142855,15000,0,2,26-30
8588,7,Blue One L,5000,3,Littoral,Male,25,0,173,0.42857142857142855,15000,0,2,21-25
8589,7,Blue One L,5000,2,Centre,Male,21,0,174,0.2857142857142857,10000,0,2,21-25
8590,6,Blue One M,3000,0,Adamawa,Male,26,1,160,0.0,0,1,2,26-30
8591,4,Blue One M,3000,2,Centre,Female,24,1,99,0.5,6000,0,4,21-25
8592,7,Blue One L,5000,2,North West,Male,25,1,171,0.2857142857142857,10000,0,2,21-25
8593,7,Blue One L,5000,2,South,Female,28,1,173,0.2857142857142857,10000,0,2,26-30
8594,5,Blue One M,3000,2,South,Female,24,1,121,0.4,6000,0,3,21-25
8595,7,Blue One L,5000,2,Far North,Male,26,1,182,0.2857142857142857,10000,0,1,26-30
8596,7,Blue One L,5000,0,Centre,Female,23,1,182,0.0,0,1,1,21-25
8597,7,Blue One L,5000,2,Adamawa,Female,27,1,182,0.2857142857142857,10000,0,1,26-30
8598,7,Blue One L,5000,2,Littoral,Male,25,1,167,0.2857142857142857,10000,0,2,21-25
8599,6,Blue One M,3000,0,North West,Male,27,1,139,0.0,0,1,3,26-30
8600,5,Blue One M,3000,2,South West,Male,25,1,134,0.4,6000,0,3,21-25
8601,7,Blue One L,5000,2,North,Male,20,0,177,0.2857142857142857,10000,0,2,<=20
8602,7,Blue One L,5000,3,North West,Female,25,0,177,0.42857142857142855,15000,0,2,21-25
8603,7,Blue One L,5000,3,Centre,Female,23,0,178,0.42857142857142855,15000,0,1,21-25
8604,7,Blue One L,5000,3,South West,Female,26,0,174,0.42857142857142855,15000,0,2,26-30
8605,7,Blue One L,5000,2,West,Female,27,1,172,0.2857142857142857,10000,0,2,26-30
8606,7,Blue One L,5000,3,South West,Male,24,0,179,0.42857142857142855,15000,0,1,21-25
8607,7,Blue One L,5000,3,Far North,Male,27,0,186,0.42857142857142855,15000,0,1,26-30
8608,7,Blue One L,5000,0,Far North,Female,27,1,187,0.0,0,1,1,26-30
8609,7,Blue One L,5000,2,Littoral,Male,26,0,188,0.2857142857142857,10000,0,1,26-30
8610,7,Blue One L,5000,2,North West,Female,26,1,186,0.2857142857142857,10000,0,1,26-30
8611,7,Blue One L,5000,2,West,Female,24,1,170,0.2857142857142857,10000,0,2,21-25
8612,6,Blue One M,3000,3,Centre,Male,22,0,149,0.5,9000,0,3,21-25
8613,6,Blue One M,3000,2,West,Male,22,0,161,0.3333333333333333,6000,0,2,21-25
8614,6,Blue One M,3000,0,Littoral,Female,23,1,151,0.0,0,1,2,21-25
8615,5,Blue One M,3000,2,Adamawa,Male,24,0,108,0.4,6000,0,4,21-25
8616,7,Blue One L,5000,0,North,Female,29,1,187,0.0,0,1,1,26-30
8617,7,Blue One L,5000,0,Centre,Female,25,1,186,0.0,0,1,1,21-25
8618,7,Blue One L,5000,2,Adamawa,Female,27,1,185,0.2857142857142857,10000,0,1,26-30
8619,6,Blue One M,3000,2,South,Female,29,0,164,0.3333333333333333,6000,0,2,26-30
8620,7,Blue One L,5000,2,Adamawa,Female,25,1,186,0.2857142857142857,10000,0,1,21-25
8621,6,Blue One M,3000,0,East,Female,31,1,136,0.0,0,1,3,>30
8622,6,Blue One M,3000,0,South,Female,26,1,136,0.0,0,1,3,26-30
8623,6,Blue One M,3000,3,West,Male,25,0,150,0.5,9000,0,3,21-25
8624,6,Blue One M,3000,3,East,Female,28,0,161,0.5,9000,0,2,26-30
8625,7,Blue One L,5000,0,South West,Female,28,1,170,0.0,0,1,2,26-30
8626,7,Blue One L,5000,2,Adamawa,Male,31,1,184,0.2857142857142857,10000,0,1,>30
8627,7,Blue One L,5000,3,West,Female,27,0,172,0.42857142857142855,15000,0,2,26-30
8628,7,Blue One L,5000,0,Far North,Male,28,1,175,0.0,0,1,2,26-30
8629,7,Blue One L,5000,2,North West,Male,29,0,180,0.2857142857142857,10000,0,1,26-30
8630,7,Blue One L,5000,3,West,Female,28,0,178,0.42857142857142855,15000,0,1,26-30
8631,7,Blue One L,5000,0,Centre,Male,22,1,169,0.0,0,1,2,21-25
8632,7,Blue One L,5000,2,North,Male,33,0,179,0.2857142857142857,10000,0,1,>30
8633,7,Blue One L,5000,0,North West,Male,26,1,178,0.0,0,1,1,26-30
8634,7,Blue One L,5000,2,North,Male,30,0,166,0.2857142857142857,10000,0,2,26-30
8635,7,Blue One L,5000,2,West,Female,28,1,178,0.2857142857142857,10000,0,1,26-30
8636,7,Blue One L,5000,0,Adamawa,Male,28,1,166,0.0,0,1,2,26-30
8637,6,Blue One M,3000,2,Littoral,Female,21,0,157,0.3333333333333333,6000,0,2,21-25
8638,7,Blue One L,5000,2,South West,Female,26,0,175,0.2857142857142857,10000,0,2,26-30
8639,7,Blue One L,5000,2,Far North,Male,25,0,168,0.2857142857142857,10000,0,2,21-25
8640,5,Blue One M,3000,3,South West,Female,25,0,106,0.6,9000,0,4,21-25
8641,6,Blue One M,3000,3,Centre,Male,28,0,140,0.5,9000,0,3,26-30
8642,6,Blue One M,3000,0,Adamawa,Female,21,1,161,0.0,0,1,2,21-25
8643,6,Blue One M,3000,0,East,Male,26,1,164,0.0,0,1,2,26-30
8644,7,Blue One L,5000,3,East,Female,28,0,176,0.42857142857142855,15000,0,2,26-30
8645,7,Blue One L,5000,0,South,Female,25,1,171,0.0,0,1,2,21-25
8646,7,Blue One L,5000,2,Centre,Male,31,0,175,0.2857142857142857,10000,0,2,>30
8647,7,Blue One L,5000,3,East,Male,27,0,165,0.42857142857142855,15000,0,2,26-30
8648,6,Blue One M,3000,2,North West,Male,24,0,158,0.3333333333333333,6000,0,2,21-25
8649,7,Blue One L,5000,2,North,Male,22,1,175,0.2857142857142857,10000,0,2,21-25
8650,7,Blue One L,5000,2,West,Female,21,0,174,0.2857142857142857,10000,0,2,21-25
8651,6,Blue One M,3000,3,Centre,Female,29,0,162,0.5,9000,0,2,26-30
8652,7,Blue One L,5000,2,South West,Male,23,1,166,0.2857142857142857,10000,0,2,21-25
8653,6,Blue One M,3000,2,North,Male,25,1,162,0.3333333333333333,6000,0,2,21-25
8654,6,Blue One M,3000,0,Far North,Male,23,1,152,0.0,0,1,2,21-25
8655,5,Blue One M,3000,2,Centre,Male,26,0,117,0.4,6000,0,4,26-30
8656,7,Blue One L,5000,0,Adamawa,Female,25,1,166,0.0,0,1,2,21-25
8657,6,Blue One M,3000,2,South West,Male,28,1,164,0.3333333333333333,6000,0,2,26-30
8658,6,Blue One M,3000,2,South West,Female,30,1,161,0.3333333333333333,6000,0,2,26-30
8659,7,Blue One L,5000,2,North West,Female,30,1,188,0.2857142857142857,10000,0,1,26-30
8660,7,Blue One L,5000,2,Littoral,Female,25,0,183,0.2857142857142857,10000,0,1,21-25
8661,7,Blue One L,5000,2,East,Male,29,1,181,0.2857142857142857,10000,0,1,26-30
8662,7,Blue One L,5000,3,South West,Male,30,0,173,0.42857142857142855,15000,0,2,26-30
8663,7,Blue One L,5000,2,West,Female,26,1,166,0.2857142857142857,10000,0,2,26-30
8664,6,Blue One M,3000,2,Far North,Female,28,0,158,0.3333333333333333,6000,0,2,26-30
8665,7,Blue One L,5000,0,Far North,Male,30,1,175,0.0,0,1,2,26-30
8666,6,Blue One M,3000,0,Adamawa,Female,25,1,153,0.0,0,1,2,21-25
8667,7,Blue One L,5000,0,Adamawa,Female,25,1,180,0.0,0,1,1,21-25
8668,7,Blue One L,5000,2,West,Female,24,1,174,0.2857142857142857,10000,0,2,21-25
8669,4,Blue One M,3000,3,South,Male,21,0,103,0.75,9000,0,4,21-25
8670,5,Blue One M,3000,2,South,Male,19,0,132,0.4,6000,0,3,<=20
8671,4,Blue One M,3000,0,Centre,Male,26,1,97,0.0,0,1,4,26-30
8672,6,Blue One M,3000,2,West,Male,24,0,146,0.3333333333333333,6000,0,3,21-25
8673,6,Blue One M,3000,2,Centre,Male,24,0,148,0.3333333333333333,6000,0,3,21-25
8674,6,Blue One M,3000,2,Far North,Male,25,1,144,0.3333333333333333,6000,0,3,21-25
8675,6,Blue One M,3000,2,Littoral,Male,27,0,143,0.3333333333333333,6000,0,3,26-30
8676,6,Blue One M,3000,3,Far North,Male,24,0,139,0.5,9000,0,3,21-25
8677,6,Blue One M,3000,3,Centre,Female,24,0,138,0.5,9000,0,3,21-25
8678,5,Blue One M,3000,2,South,Female,24,0,126,0.4,6000,0,3,21-25
8679,5,Blue One M,3000,2,North West,Male,24,0,125,0.4,6000,0,3,21-25
8680,5,Blue One M,3000,3,South West,Female,26,0,123,0.6,9000,0,3,26-30
8681,5,Blue One M,3000,3,North West,Female,22,0,111,0.6,9000,0,4,21-25
8682,6,Blue One M,3000,0,East,Female,20,1,160,0.0,0,1,2,<=20
8684,5,Blue One M,3000,2,Littoral,Female,31,0,133,0.4,6000,0,3,>30
8685,5,Blue One M,3000,3,Centre,Female,24,0,125,0.6,9000,0,3,21-25
8686,6,Blue One M,3000,3,West,Male,20,0,135,0.5,9000,0,3,<=20
8687,5,Blue One M,3000,0,South,Female,25,1,116,0.0,0,1,4,21-25
8688,6,Blue One M,3000,3,East,Female,24,0,162,0.5,9000,0,2,21-25
8689,5,Blue One M,3000,2,Adamawa,Female,23,1,133,0.4,6000,0,3,21-25
8690,6,Blue One M,3000,2,Adamawa,Male,28,1,161,0.3333333333333333,6000,0,2,26-30
8691,6,Blue One M,3000,2,West,Female,24,0,160,0.3333333333333333,6000,0,2,21-25
8692,6,Blue One M,3000,2,Littoral,Male,21,0,136,0.3333333333333333,6000,0,3,21-25
8693,6,Blue One M,3000,2,Far North,Female,30,1,155,0.3333333333333333,6000,0,2,26-30
8694,6,Blue One M,3000,2,South,Female,28,1,150,0.3333333333333333,6000,0,2,26-30
8695,6,Blue One M,3000,3,Centre,Male,28,0,151,0.5,9000,0,2,26-30
8696,6,Blue One M,3000,2,Centre,Male,26,1,156,0.3333333333333333,6000,0,2,26-30
8697,6,Blue One M,3000,2,North,Male,29,1,154,0.3333333333333333,6000,0,2,26-30
8698,6,Blue One M,3000,3,West,Female,25,0,150,0.5,9000,0,2,21-25
8699,6,Blue One M,3000,3,South,Male,20,0,151,0.5,9000,0,2,<=20
8700,6,Blue One M,3000,2,South,Male,30,0,136,0.3333333333333333,6000,0,3,26-30
8701,6,Blue One M,3000,0,West,Female,24,1,153,0.0,0,1,2,21-25
8702,6,Blue One M,3000,2,Adamawa,Female,28,0,150,0.3333333333333333,6000,0,2,26-30
8703,5,Blue One M,3000,2,East,Male,27,1,132,0.4,6000,0,3,26-30
8704,6,Blue One M,3000,0,East,Male,24,1,150,0.0,0,1,2,21-25
8705,6,Blue One M,3000,3,North,Male,22,0,153,0.5,9000,0,2,21-25
8706,6,Blue One M,3000,2,Far North,Female,29,1,139,0.3333333333333333,6000,0,3,26-30
8707,6,Blue One M,3000,0,North,Female,30,1,160,0.0,0,1,2,26-30
8708,7,Blue One L,5000,2,East,Male,26,1,171,0.2857142857142857,10000,0,2,26-30
8709,7,Blue One L,5000,2,Adamawa,Female,24,1,165,0.2857142857142857,10000,0,2,21-25
8710,7,Blue One L,5000,2,North,Female,23,0,173,0.2857142857142857,10000,0,2,21-25
8711,6,Blue One M,3000,3,North,Male,22,0,159,0.5,9000,0,2,21-25
8712,5,Blue One M,3000,2,Adamawa,Male,19,0,111,0.4,6000,0,4,<=20
8713,6,Blue One M,3000,2,Littoral,Male,25,0,146,0.3333333333333333,6000,0,3,21-25
8714,5,Blue One M,3000,3,Adamawa,Female,23,0,125,0.6,9000,0,3,21-25
8715,6,Blue One M,3000,0,East,Male,25,1,145,0.0,0,1,3,21-25
8716,6,Blue One M,3000,2,North,Male,26,0,147,0.3333333333333333,6000,0,3,26-30
8717,6,Blue One M,3000,2,South,Female,27,1,137,0.3333333333333333,6000,0,3,26-30
8718,6,Blue One M,3000,2,North West,Male,21,0,138,0.3333333333333333,6000,0,3,21-25
8719,6,Blue One M,3000,2,North,Female,25,0,139,0.3333333333333333,6000,0,3,21-25
8720,5,Blue One M,3000,3,West,Female,26,0,134,0.6,9000,0,3,26-30
8721,6,Blue One M,3000,0,Adamawa,Male,30,1,154,0.0,0,1,2,26-30
8722,7,Blue One L,5000,2,Far North,Male,26,0,174,0.2857142857142857,10000,0,2,26-30
8723,7,Blue One L,5000,0,Adamawa,Male,22,1,172,0.0,0,1,2,21-25
8724,7,Blue One L,5000,0,Littoral,Male,28,1,171,0.0,0,1,2,26-30
8725,6,Blue One M,3000,2,Centre,Male,31,0,154,0.3333333333333333,6000,0,2,>30
8726,5,Blue One M,3000,0,Far North,Male,25,1,132,0.0,0,1,3,21-25
8727,6,Blue One M,3000,2,West,Male,24,1,141,0.3333333333333333,6000,0,3,21-25
8728,5,Blue One M,3000,3,North West,Male,23,0,117,0.6,9000,0,4,21-25
8729,6,Blue One M,3000,3,West,Female,20,0,162,0.5,9000,0,2,<=20
8730,6,Blue One M,3000,2,Far North,Female,25,1,151,0.3333333333333333,6000,0,2,21-25
8731,5,Blue One M,3000,2,Far North,Male,28,0,121,0.4,6000,0,3,26-30
8732,5,Blue One M,3000,3,Far North,Male,23,0,120,0.6,9000,0,3,21-25
8733,5,Blue One M,3000,2,Littoral,Female,26,1,133,0.4,6000,0,3,26-30
8734,7,Blue One L,5000,3,North West,Female,27,0,168,0.42857142857142855,15000,0,2,26-30
8735,7,Blue One L,5000,0,Littoral,Male,30,1,166,0.0,0,1,2,26-30
8736,6,Blue One M,3000,0,West,Female,20,1,161,0.0,0,1,2,<=20
8737,6,Blue One M,3000,2,Adamawa,Male,26,1,147,0.3333333333333333,6000,0,3,26-30
8738,6,Blue One M,3000,2,East,Male,26,1,160,0.3333333333333333,6000,0,2,26-30
8739,4,Blue One M,3000,3,South West,Male,20,0,87,0.75,9000,0,5,<=20
8740,5,Blue One M,3000,3,Littoral,Male,22,0,118,0.6,9000,0,4,21-25
8741,5,Blue One M,3000,0,West,Female,22,1,124,0.0,0,1,3,21-25
8742,4,Blue One M,3000,3,Far North,Male,21,0,93,0.75,9000,0,4,21-25
8745,4,Blue One M,3000,2,South West,Female,18,0,96,0.5,6000,0,4,<=20
8746,5,Blue One M,3000,2,Adamawa,Male,24,1,126,0.4,6000,0,3,21-25
8747,5,Blue One M,3000,0,Littoral,Male,26,1,125,0.0,0,1,3,26-30
8748,6,Blue One M,3000,3,West,Female,20,0,135,0.5,9000,0,3,<=20
8749,5,Blue One M,3000,0,East,Female,25,1,132,0.0,0,1,3,21-25
8750,7,Blue One L,5000,2,South West,Female,30,0,173,0.2857142857142857,10000,0,2,26-30
8751,4,Blue One M,3000,2,North,Male,23,0,81,0.5,6000,0,5,21-25
8752,4,Blue One M,3000,0,East,Female,25,1,87,0.0,0,1,5,21-25
8753,4,Blue One M,3000,0,Far North,Female,20,1,86,0.0,0,1,5,<=20
8757,4,Blue One M,3000,2,Adamawa,Male,24,0,82,0.5,6000,0,5,21-25
8760,6,Blue One M,3000,2,Littoral,Male,23,0,159,0.3333333333333333,6000,0,2,21-25
8761,6,Blue One M,3000,3,East,Female,31,0,154,0.5,9000,0,2,>30
8762,5,Blue One M,3000,3,East,Male,21,0,125,0.6,9000,0,3,21-25
8764,6,Blue One M,3000,0,West,Female,27,1,146,0.0,0,1,3,26-30
8765,4,Blue One M,3000,2,Adamawa,Female,27,0,98,0.5,6000,0,4,26-30
8766,5,Blue One M,3000,0,Adamawa,Male,24,1,125,0.0,0,1,3,21-25
8767,5,Blue One M,3000,2,Adamawa,Male,28,1,124,0.4,6000,0,3,26-30
8768,5,Blue One M,3000,2,West,Female,21,0,131,0.4,6000,0,3,21-25
8770,6,Blue One M,3000,2,South West,Male,27,0,140,0.3333333333333333,6000,0,3,26-30
8771,6,Blue One M,3000,2,West,Male,25,1,140,0.3333333333333333,6000,0,3,21-25
8772,6,Blue One M,3000,3,North,Male,26,0,136,0.5,9000,0,3,26-30
8773,6,Blue One M,3000,2,East,Female,27,1,153,0.3333333333333333,6000,0,2,26-30
8774,6,Blue One M,3000,3,Far North,Male,31,0,137,0.5,9000,0,3,>30
8775,6,Blue One M,3000,2,Centre,Female,32,1,147,0.3333333333333333,6000,0,3,>30
8776,4,Blue One M,3000,2,Littoral,Male,22,0,82,0.5,6000,0,5,21-25
8777,6,Blue One M,3000,3,Centre,Female,25,0,137,0.5,9000,0,3,21-25
8778,6,Blue One M,3000,0,East,Female,24,1,161,0.0,0,1,2,21-25
8779,6,Blue One M,3000,2,South West,Male,26,1,160,0.3333333333333333,6000,0,2,26-30
8780,6,Blue One M,3000,0,South West,Male,30,1,158,0.0,0,1,2,26-30
8781,7,Blue One L,5000,3,Far North,Female,27,0,171,0.42857142857142855,15000,0,2,26-30
8782,6,Blue One M,3000,0,West,Female,23,1,140,0.0,0,1,3,21-25
8784,6,Blue One M,3000,3,Littoral,Female,22,0,141,0.5,9000,0,3,21-25
8785,6,Blue One M,3000,2,Centre,Female,29,1,144,0.3333333333333333,6000,0,3,26-30
8786,6,Blue One M,3000,3,Far North,Male,30,0,144,0.5,9000,0,3,26-30
8787,6,Blue One M,3000,2,Adamawa,Male,23,1,144,0.3333333333333333,6000,0,3,21-25
8788,6,Blue One M,3000,3,North,Female,24,0,143,0.5,9000,0,3,21-25
8789,6,Blue One M,3000,0,North West,Male,27,1,143,0.0,0,1,3,26-30
8790,6,Blue One M,3000,2,Far North,Male,24,0,140,0.3333333333333333,6000,0,3,21-25
8791,6,Blue One M,3000,0,Far North,Female,25,1,139,0.0,0,1,3,21-25
8792,6,Blue One M,3000,3,North West,Male,25,0,139,0.5,9000,0,3,21-25
8793,6,Blue One M,3000,0,South West,Female,29,1,139,0.0,0,1,3,26-30
8794,6,Blue One M,3000,2,North,Male,25,1,139,0.3333333333333333,6000,0,3,21-25
8795,6,Blue One M,3000,3,Littoral,Male,18,0,137,0.5,9000,0,3,<=20
8796,6,Blue One M,3000,3,North West,Male,31,0,139,0.5,9000,0,3,>30
8797,6,Blue One M,3000,3,South,Male,21,0,151,0.5,9000,0,2,21-25
8798,6,Blue One M,3000,0,Littoral,Male,26,1,150,0.0,0,1,2,26-30
8799,6,Blue One M,3000,2,South,Male,20,1,144,0.3333333333333333,6000,0,3,<=20
8800,6,Blue One M,3000,0,South,Female,25,1,136,0.0,0,1,3,21-25
8801,6,Blue One M,3000,2,East,Female,32,1,137,0.3333333333333333,6000,0,3,>30
8802,6,Blue One M,3000,0,North West,Female,28,1,147,0.0,0,1,3,26-30
8803,6,Blue One M,3000,2,West,Female,30,0,147,0.3333333333333333,6000,0,3,26-30
8804,6,Blue One M,3000,0,South West,Male,30,1,139,0.0,0,1,3,26-30
8805,5,Blue One M,3000,2,Far North,Male,27,0,117,0.4,6000,0,4,26-30
8806,6,Blue One M,3000,0,South,Female,26,1,143,0.0,0,1,3,26-30
8807,6,Blue One M,3000,3,West,Female,29,0,150,0.5,9000,0,2,26-30
8808,6,Blue One M,3000,3,North West,Female,26,0,150,0.5,9000,0,2,26-30
8809,6,Blue One M,3000,2,North,Male,24,1,140,0.3333333333333333,6000,0,3,21-25
8810,5,Blue One M,3000,0,North West,Male,23,1,125,0.0,0,1,3,21-25
8811,6,Blue One M,3000,2,Adamawa,Male,29,0,143,0.3333333333333333,6000,0,3,26-30
8812,6,Blue One M,3000,2,North,Male,27,0,151,0.3333333333333333,6000,0,2,26-30
8813,6,Blue One M,3000,2,Littoral,Female,26,1,152,0.3333333333333333,6000,0,2,26-30
8814,6,Blue One M,3000,2,South,Male,23,1,150,0.3333333333333333,6000,0,2,21-25
8815,6,Blue One M,3000,2,South,Male,22,0,152,0.3333333333333333,6000,0,2,21-25
8816,6,Blue One M,3000,0,South West,Female,30,1,146,0.0,0,1,3,26-30
8817,6,Blue One M,3000,2,South West,Male,28,1,152,0.3333333333333333,6000,0,2,26-30
8818,6,Blue One M,3000,3,North West,Male,21,0,144,0.5,9000,0,3,21-25
8819,6,Blue One M,3000,0,Far North,Male,25,1,150,0.0,0,1,3,21-25
8821,5,Blue One M,3000,2,South West,Female,25,0,108,0.4,6000,0,4,21-25
8822,5,Blue One M,3000,2,Far North,Female,19,1,125,0.4,6000,0,3,<=20
8823,4,Blue One M,3000,2,North West,Female,25,1,99,0.5,6000,0,4,21-25
8824,5,Blue One M,3000,2,Adamawa,Female,25,1,109,0.4,6000,0,4,21-25
8825,5,Blue One M,3000,3,North,Female,26,0,130,0.6,9000,0,3,26-30
8826,4,Blue One M,3000,2,Adamawa,Female,26,1,104,0.5,6000,0,4,26-30
8827,5,Blue One M,3000,2,Far North,Male,25,1,128,0.4,6000,0,3,21-25
8828,5,Blue One M,3000,0,North,Male,22,1,127,0.0,0,1,3,21-25
8829,4,Blue One M,3000,2,Adamawa,Male,20,0,84,0.5,6000,0,5,<=20
8830,5,Blue One M,3000,3,Far North,Male,22,0,130,0.6,9000,0,3,21-25
8831,5,Blue One M,3000,2,Centre,Male,25,0,123,0.4,6000,0,3,21-25
8832,5,Blue One M,3000,0,West,Female,19,1,112,0.0,0,1,4,<=20
8833,5,Blue One M,3000,3,West,Male,27,0,125,0.6,9000,0,3,26-30
8834,5,Blue One M,3000,2,Littoral,Female,23,0,124,0.4,6000,0,3,21-25
8835,4,Blue One M,3000,2,West,Female,27,1,102,0.5,6000,0,4,26-30
8836,5,Blue One M,3000,2,North,Male,28,0,129,0.4,6000,0,3,26-30
8837,5,Blue One M,3000,2,Far North,Male,22,0,126,0.4,6000,0,3,21-25
8838,4,Blue One M,3000,0,South,Male,24,1,96,0.0,0,1,4,21-25
8839,4,Blue One M,3000,2,North West,Female,28,1,95,0.5,6000,0,4,26-30
8840,5,Blue One M,3000,3,Littoral,Male,19,0,110,0.6,9000,0,4,<=20
8841,4,Blue One M,3000,3,Far North,Male,22,0,104,0.75,9000,0,4,21-25
8842,5,Blue One M,3000,2,North West,Male,25,0,123,0.4,6000,0,3,21-25
8847,5,Blue One M,3000,2,Littoral,Male,29,0,123,0.4,6000,0,3,26-30
8848,5,Blue One M,3000,0,North West,Female,24,1,124,0.0,0,1,3,21-25
8849,5,Blue One M,3000,0,North West,Male,24,1,122,0.0,0,1,3,21-25
8850,5,Blue One M,3000,3,Centre,Female,26,0,122,0.6,9000,0,3,26-30
8851,6,Blue One M,3000,3,West,Male,26,0,150,0.5,9000,0,2,26-30
8852,6,Blue One M,3000,3,East,Female,25,0,158,0.5,9000,0,2,21-25
8853,5,Blue One M,3000,2,Centre,Female,27,0,109,0.4,6000,0,4,26-30
8854,6,Blue One M,3000,2,Littoral,Female,20,0,136,0.3333333333333333,6000,0,3,<=20
8855,6,Blue One M,3000,3,North West,Male,30,0,147,0.5,9000,0,3,26-30
8856,4,Blue One M,3000,2,South West,Female,23,0,87,0.5,6000,0,5,21-25
8857,5,Blue One M,3000,2,Littoral,Female,24,0,124,0.4,6000,0,3,21-25
8858,6,Blue One M,3000,2,Littoral,Male,23,1,157,0.3333333333333333,6000,0,2,21-25
8859,6,Blue One M,3000,0,North,Male,24,1,137,0.0,0,1,3,21-25
8860,6,Blue One M,3000,2,North West,Male,28,1,138,0.3333333333333333,6000,0,3,26-30
8861,6,Blue One M,3000,2,East,Male,26,1,135,0.3333333333333333,6000,0,3,26-30
8862,6,Blue One M,3000,0,East,Male,24,1,143,0.0,0,1,3,21-25
8863,6,Blue One M,3000,3,West,Male,23,0,144,0.5,9000,0,3,21-25
8864,5,Blue One M,3000,2,Adamawa,Female,26,0,116,0.4,6000,0,4,26-30
8865,4,Blue One M,3000,0,North,Female,26,1,104,0.0,0,1,4,26-30
8866,6,Blue One M,3000,2,East,Female,23,1,139,0.3333333333333333,6000,0,3,21-25
8867,5,Blue One M,3000,0,West,Female,24,1,132,0.0,0,1,3,21-25
8868,5,Blue One M,3000,2,Adamawa,Female,19,0,128,0.4,6000,0,3,<=20
8871,4,Blue One M,3000,2,South,Female,23,1,96,0.5,6000,0,4,21-25
8872,6,Blue One M,3000,2,Adamawa,Female,32,0,140,0.3333333333333333,6000,0,3,>30
8873,6,Blue One M,3000,0,West,Female,22,1,159,0.0,0,1,2,21-25
8874,6,Blue One M,3000,3,North West,Male,26,0,159,0.5,9000,0,2,26-30
8875,6,Blue One M,3000,2,North West,Female,23,1,160,0.3333333333333333,6000,0,2,21-25
8876,6,Blue One M,3000,2,Littoral,Female,26,0,160,0.3333333333333333,6000,0,2,26-30
8877,6,Blue One M,3000,2,Littoral,Male,29,0,159,0.3333333333333333,6000,0,2,26-30
8878,6,Blue One M,3000,2,Adamawa,Female,28,1,160,0.3333333333333333,6000,0,2,26-30
8879,6,Blue One M,3000,2,Far North,Female,28,1,160,0.3333333333333333,6000,0,2,26-30
8880,6,Blue One M,3000,0,West,Female,27,1,153,0.0,0,1,2,26-30
8881,6,Blue One M,3000,2,North West,Female,24,1,160,0.3333333333333333,6000,0,2,21-25
8882,6,Blue One M,3000,0,North,Male,27,1,158,0.0,0,1,2,26-30
8883,6,Blue One M,3000,2,East,Female,28,0,159,0.3333333333333333,6000,0,2,26-30
8884,6,Blue One M,3000,2,Centre,Male,26,0,159,0.3333333333333333,6000,0,2,26-30
8885,6,Blue One M,3000,2,South,Female,33,1,157,0.3333333333333333,6000,0,2,>30
8886,6,Blue One M,3000,2,South,Male,26,0,157,0.3333333333333333,6000,0,2,26-30
8887,6,Blue One M,3000,2,South,Male,24,0,157,0.3333333333333333,6000,0,2,21-25
8888,6,Blue One M,3000,0,Adamawa,Male,22,1,154,0.0,0,1,2,21-25
8889,6,Blue One M,3000,3,Littoral,Female,27,0,156,0.5,9000,0,2,26-30
8890,4,Blue One M,3000,3,Far North,Male,20,0,101,0.75,9000,0,4,<=20
8891,6,Blue One M,3000,2,Adamawa,Male,25,1,154,0.3333333333333333,6000,0,2,21-25
8892,6,Blue One M,3000,3,South West,Female,27,0,154,0.5,9000,0,2,26-30
8893,6,Blue One M,3000,0,Littoral,Male,31,1,158,0.0,0,1,2,>30
8894,6,Blue One M,3000,0,Far North,Male,27,1,152,0.0,0,1,2,26-30
8895,6,Blue One M,3000,3,Adamawa,Female,23,0,151,0.5,9000,0,2,21-25
8896,4,Blue One M,3000,0,South,Male,27,1,104,0.0,0,1,4,26-30
8897,6,Blue One M,3000,0,South West,Male,23,1,148,0.0,0,1,3,21-25
8898,6,Blue One M,3000,2,North West,Female,27,1,147,0.3333333333333333,6000,0,3,26-30
8899,6,Blue One M,3000,3,South West,Female,25,0,136,0.5,9000,0,3,21-25
8900,6,Blue One M,3000,2,North,Male,30,1,145,0.3333333333333333,6000,0,3,26-30
8901,6,Blue One M,3000,0,Littoral,Male,28,1,145,0.0,0,1,3,26-30
8902,6,Blue One M,3000,2,Littoral,Male,20,0,145,0.3333333333333333,6000,0,3,<=20
8903,4,Blue One M,3000,2,North West,Female,20,0,89,0.5,6000,0,4,<=20
8904,6,Blue One M,3000,3,North West,Female,29,0,145,0.5,9000,0,3,26-30
8905,6,Blue One M,3000,2,South West,Male,25,0,143,0.3333333333333333,6000,0,3,21-25
8906,4,Blue One M,3000,3,North,Male,19,0,85,0.75,9000,0,5,<=20
8907,5,Blue One M,3000,2,Far North,Female,23,1,131,0.4,6000,0,3,21-25
8908,6,Blue One M,3000,2,North West,Female,24,0,144,0.3333333333333333,6000,0,3,21-25
8909,6,Blue One M,3000,2,Centre,Male,23,0,142,0.3333333333333333,6000,0,3,21-25
8910,6,Blue One M,3000,2,Littoral,Female,25,1,141,0.3333333333333333,6000,0,3,21-25
8911,6,Blue One M,3000,2,East,Female,28,0,136,0.3333333333333333,6000,0,3,26-30
8912,5,Blue One M,3000,2,North West,Male,26,1,126,0.4,6000,0,3,26-30
8913,5,Blue One M,3000,2,South,Female,30,1,130,0.4,6000,0,3,26-30
8914,6,Blue One M,3000,3,South West,Male,30,0,136,0.5,9000,0,3,26-30
8915,5,Blue One M,3000,0,East,Male,23,1,133,0.0,0,1,3,21-25
8916,6,Blue One M,3000,0,South West,Female,27,1,137,0.0,0,1,3,26-30
8917,6,Blue One M,3000,0,East,Male,24,1,138,0.0,0,1,3,21-25
8918,5,Blue One M,3000,2,North,Male,26,0,123,0.4,6000,0,3,26-30
8919,5,Blue One M,3000,2,South West,Female,26,1,132,0.4,6000,0,3,26-30
8920,5,Blue One M,3000,2,East,Female,22,1,133,0.4,6000,0,3,21-25
8921,5,Blue One M,3000,2,South,Female,21,1,131,0.4,6000,0,3,21-25
8922,5,Blue One M,3000,3,North West,Male,27,0,130,0.6,9000,0,3,26-30
8923,5,Blue One M,3000,3,Centre,Female,26,0,126,0.6,9000,0,3,26-30
8924,5,Blue One M,3000,3,South,Female,22,0,129,0.6,9000,0,3,21-25
8925,5,Blue One M,3000,2,North West,Female,27,1,119,0.4,6000,0,3,26-30
8926,5,Blue One M,3000,2,North West,Female,22,0,128,0.4,6000,0,3,21-25
8927,5,Blue One M,3000,3,Centre,Female,25,0,118,0.6,9000,0,4,21-25
8928,5,Blue One M,3000,2,Adamawa,Male,24,0,124,0.4,6000,0,3,21-25
8929,4,Blue One M,3000,3,Centre,Female,18,0,98,0.75,9000,0,4,<=20
8930,5,Blue One M,3000,2,Far North,Male,26,1,115,0.4,6000,0,4,26-30
8931,5,Blue One M,3000,2,Far North,Female,26,0,123,0.4,6000,0,3,26-30
8932,5,Blue One M,3000,2,South West,Female,24,1,112,0.4,6000,0,4,21-25
8933,5,Blue One M,3000,0,Centre,Male,22,1,116,0.0,0,1,4,21-25
8934,5,Blue One M,3000,0,Centre,Female,22,1,115,0.0,0,1,4,21-25
8935,6,Blue One M,3000,2,East,Male,26,0,137,0.3333333333333333,6000,0,3,26-30
8936,7,Blue One L,5000,0,South,Male,28,1,166,0.0,0,1,2,26-30
8937,6,Blue One M,3000,2,Littoral,Female,26,1,156,0.3333333333333333,6000,0,2,26-30
8938,6,Blue One M,3000,2,West,Male,30,0,155,0.3333333333333333,6000,0,2,26-30
8939,7,Blue One L,5000,2,Adamawa,Female,22,1,172,0.2857142857142857,10000,0,2,21-25
8940,6,Blue One M,3000,0,Adamawa,Female,33,1,146,0.0,0,1,3,>30
8941,7,Blue One L,5000,2,Adamawa,Male,26,0,171,0.2857142857142857,10000,0,2,26-30
8942,7,Blue One L,5000,2,South West,Female,28,0,166,0.2857142857142857,10000,0,2,26-30
8943,6,Blue One M,3000,3,Adamawa,Male,24,0,160,0.5,9000,0,2,21-25
8944,7,Blue One L,5000,2,North,Female,31,1,171,0.2857142857142857,10000,0,2,>30
8945,5,Blue One M,3000,2,Far North,Male,26,0,133,0.4,6000,0,3,26-30
8946,7,Blue One L,5000,0,South West,Female,26,1,165,0.0,0,1,2,26-30
8947,6,Blue One M,3000,3,Far North,Male,21,0,161,0.5,9000,0,2,21-25
8948,6,Blue One M,3000,0,South,Female,24,1,158,0.0,0,1,2,21-25
8949,6,Blue One M,3000,3,Far North,Male,27,0,154,0.5,9000,0,2,26-30
8950,6,Blue One M,3000,3,Far North,Male,29,0,156,0.5,9000,0,2,26-30
8951,6,Blue One M,3000,2,South West,Male,22,0,149,0.3333333333333333,6000,0,3,21-25
8952,6,Blue One M,3000,3,Littoral,Male,23,0,164,0.5,9000,0,2,21-25
8953,6,Blue One M,3000,0,South,Female,23,1,159,0.0,0,1,2,21-25
8954,6,Blue One M,3000,2,North,Male,24,1,164,0.3333333333333333,6000,0,2,21-25
8955,6,Blue One M,3000,2,Far North,Male,24,1,145,0.3333333333333333,6000,0,3,21-25
8956,6,Blue One M,3000,0,Littoral,Male,29,1,157,0.0,0,1,2,26-30
8957,6,Blue One M,3000,2,North,Male,23,1,160,0.3333333333333333,6000,0,2,21-25
8958,6,Blue One M,3000,0,West,Male,27,1,151,0.0,0,1,2,26-30
8959,6,Blue One M,3000,3,East,Male,26,0,153,0.5,9000,0,2,26-30
8960,6,Blue One M,3000,2,East,Male,33,0,154,0.3333333333333333,6000,0,2,>30
8961,6,Blue One M,3000,2,South West,Male,29,1,142,0.3333333333333333,6000,0,3,26-30
8962,6,Blue One M,3000,3,East,Male,33,0,149,0.5,9000,0,3,>30
8963,6,Blue One M,3000,2,Far North,Female,19,1,150,0.3333333333333333,6000,0,2,<=20
8964,6,Blue One M,3000,0,Far North,Male,22,1,145,0.0,0,1,3,21-25
8965,6,Blue One M,3000,2,North West,Female,30,1,147,0.3333333333333333,6000,0,3,26-30
8966,6,Blue One M,3000,2,Adamawa,Female,29,1,148,0.3333333333333333,6000,0,3,26-30
8967,6,Blue One M,3000,2,Centre,Male,24,1,147,0.3333333333333333,6000,0,3,21-25
8968,5,Blue One M,3000,2,Centre,Male,26,0,130,0.4,6000,0,3,26-30
8969,6,Blue One M,3000,0,North,Female,26,1,135,0.0,0,1,3,26-30
8970,6,Blue One M,3000,0,Centre,Male,30,1,145,0.0,0,1,3,26-30
8971,6,Blue One M,3000,0,South West,Male,22,1,145,0.0,0,1,3,21-25
8972,5,Blue One M,3000,2,Littoral,Female,24,0,129,0.4,6000,0,3,21-25
8973,6,Blue One M,3000,0,North,Male,28,1,137,0.0,0,1,3,26-30
8974,5,Blue One M,3000,2,Littoral,Male,28,0,122,0.4,6000,0,3,26-30
8975,5,Blue One M,3000,0,South West,Male,20,1,120,0.0,0,1,3,<=20
8976,6,Blue One M,3000,0,Littoral,Male,28,1,137,0.0,0,1,3,26-30
8977,5,Blue One M,3000,2,North West,Male,19,1,133,0.4,6000,0,3,<=20
8978,4,Blue One M,3000,2,Adamawa,Female,21,0,91,0.5,6000,0,4,21-25
8979,4,Blue One M,3000,2,Centre,Female,24,0,104,0.5,6000,0,4,21-25
8981,5,Blue One M,3000,2,South,Female,27,0,107,0.4,6000,0,4,26-30
8983,4,Blue One M,3000,3,South,Female,24,0,80,0.75,9000,0,5,21-25
8984,5,Blue One M,3000,2,South,Female,22,0,117,0.4,6000,0,4,21-25
8985,5,Blue One M,3000,2,Centre,Male,19,0,116,0.4,6000,0,4,<=20
8986,5,Blue One M,3000,2,East,Male,24,1,125,0.4,6000,0,3,21-25
8987,5,Blue One M,3000,3,West,Male,28,0,122,0.6,9000,0,3,26-30
8988,5,Blue One M,3000,0,Centre,Male,26,1,122,0.0,0,1,3,26-30
8989,5,Blue One M,3000,2,West,Female,21,1,121,0.4,6000,0,3,21-25
8990,5,Blue One M,3000,3,Adamawa,Female,26,0,119,0.6,9000,0,3,26-30
8991,5,Blue One M,3000,0,Littoral,Female,22,1,119,0.0,0,1,3,21-25
8992,5,Blue One M,3000,2,Adamawa,Female,26,1,126,0.4,6000,0,3,26-30
8993,5,Blue One M,3000,0,North,Male,23,1,132,0.0,0,1,3,21-25
8994,5,Blue One M,3000,2,Centre,Female,25,1,125,0.4,6000,0,3,21-25
8995,3,Blue One S,2000,2,South West,Female,18,0,62,0.6666666666666666,4000,0,5,<=20
8996,5,Blue One M,3000,3,West,Male,23,0,116,0.6,9000,0,4,21-25
8997,4,Blue One M,3000,2,South West,Male,23,0,94,0.5,6000,0,4,21-25
8998,5,Blue One M,3000,2,Far North,Female,23,0,112,0.4,6000,0,4,21-25
8999,5,Blue One M,3000,2,North West,Female,20,1,133,0.4,6000,0,3,<=20
9000,7,Blue One L,5000,2,Centre,Female,30,1,166,0.2857142857142857,10000,0,2,26-30
9001,7,Blue One L,5000,0,North,Male,30,1,169,0.0,0,1,2,26-30
9002,6,Blue One M,3000,3,South,Female,26,0,160,0.5,9000,0,2,26-30
9003,6,Blue One M,3000,2,North,Male,32,0,160,0.3333333333333333,6000,0,2,>30
9004,7,Blue One L,5000,0,Centre,Male,26,1,171,0.0,0,1,2,26-30
9005,6,Blue One M,3000,2,South,Female,21,1,145,0.3333333333333333,6000,0,3,21-25
9006,6,Blue One M,3000,3,Adamawa,Male,25,0,164,0.5,9000,0,2,21-25
9007,6,Blue One M,3000,2,West,Female,29,0,147,0.3333333333333333,6000,0,3,26-30
9008,7,Blue One L,5000,0,North,Male,27,1,172,0.0,0,1,2,26-30
9009,4,Blue One M,3000,2,North West,Female,25,0,98,0.5,6000,0,4,21-25
9010,4,Blue One M,3000,2,North,Male,24,0,97,0.5,6000,0,4,21-25
9011,4,Blue One M,3000,2,Littoral,Female,22,1,98,0.5,6000,0,4,21-25
9012,5,Blue One M,3000,3,Centre,Female,24,0,118,0.6,9000,0,4,21-25
9013,5,Blue One M,3000,2,North West,Female,25,1,126,0.4,6000,0,3,21-25
9014,4,Blue One M,3000,3,Adamawa,Female,18,0,96,0.75,9000,0,4,<=20
9015,5,Blue One M,3000,3,Centre,Male,27,0,105,0.6,9000,0,4,26-30
9016,5,Blue One M,3000,3,East,Female,29,0,122,0.6,9000,0,3,26-30
9017,4,Blue One M,3000,0,Centre,Male,18,1,96,0.0,0,1,4,<=20
9018,5,Blue One M,3000,3,East,Male,30,0,114,0.6,9000,0,4,26-30
9019,5,Blue One M,3000,2,Littoral,Female,25,0,110,0.4,6000,0,4,21-25
9020,5,Blue One M,3000,2,Far North,Female,22,1,113,0.4,6000,0,4,21-25
9021,5,Blue One M,3000,0,South West,Female,28,1,114,0.0,0,1,4,26-30
9022,5,Blue One M,3000,3,North West,Female,22,0,112,0.6,9000,0,4,21-25
9023,5,Blue One M,3000,3,North West,Male,25,0,110,0.6,9000,0,4,21-25
9024,4,Blue One M,3000,2,Littoral,Male,26,0,78,0.5,6000,0,5,26-30
9025,4,Blue One M,3000,2,South,Female,22,0,90,0.5,6000,0,4,21-25
9026,3,Blue One S,2000,2,West,Female,21,0,74,0.6666666666666666,4000,0,5,21-25
9028,4,Blue One M,3000,2,Centre,Female,19,0,81,0.5,6000,0,5,<=20
9029,4,Blue One M,3000,2,West,Female,22,0,80,0.5,6000,0,5,21-25
9030,4,Blue One M,3000,3,South,Male,25,0,79,0.75,9000,0,5,21-25
9032,5,Blue One M,3000,2,Centre,Female,22,1,105,0.4,6000,0,4,21-25
9033,4,Blue One M,3000,2,West,Female,21,0,104,0.5,6000,0,4,21-25
9034,4,Blue One M,3000,2,West,Female,19,0,100,0.5,6000,0,4,<=20
9035,3,Blue One S,2000,1,North,Female,18,0,65,0.3333333333333333,2000,0,5,<=20
9036,5,Blue One M,3000,2,Littoral,Male,20,1,105,0.4,6000,0,4,<=20
9037,4,Blue One M,3000,3,Adamawa,Male,23,0,89,0.75,9000,0,4,21-25
9038,4,Blue One M,3000,3,East,Male,25,0,101,0.75,9000,0,4,21-25
9039,5,Blue One M,3000,0,South,Male,25,1,105,0.0,0,1,4,21-25
9040,5,Blue One M,3000,2,East,Male,24,1,132,0.4,6000,0,3,21-25
9041,5,Blue One M,3000,3,South,Female,23,0,129,0.6,9000,0,3,21-25
9042,5,Blue One M,3000,0,Adamawa,Female,30,1,105,0.0,0,1,4,26-30
9043,5,Blue One M,3000,2,North West,Female,28,1,130,0.4,6000,0,3,26-30
9044,5,Blue One M,3000,2,South West,Female,27,1,118,0.4,6000,0,4,26-30
9045,5,Blue One M,3000,3,South,Male,26,0,130,0.6,9000,0,3,26-30
9046,5,Blue One M,3000,2,North West,Male,26,1,128,0.4,6000,0,3,26-30
9047,5,Blue One M,3000,0,West,Male,29,1,126,0.0,0,1,3,26-30
9048,5,Blue One M,3000,2,Adamawa,Male,25,0,126,0.4,6000,0,3,21-25
9049,5,Blue One M,3000,0,South,Female,26,1,107,0.0,0,1,4,26-30
9050,4,Blue One M,3000,2,Adamawa,Female,20,1,103,0.5,6000,0,4,<=20
9051,5,Blue One M,3000,2,Littoral,Female,22,1,110,0.4,6000,0,4,21-25
9053,4,Blue One M,3000,0,South,Female,23,1,96,0.0,0,1,4,21-25
9055,4,Blue One M,3000,2,North,Male,24,0,102,0.5,6000,0,4,21-25
9056,5,Blue One M,3000,0,Centre,Male,22,1,107,0.0,0,1,4,21-25
9057,5,Blue One M,3000,3,Far North,Male,25,0,107,0.6,9000,0,4,21-25
9058,5,Blue One M,3000,2,Adamawa,Female,26,1,108,0.4,6000,0,4,26-30
9059,4,Blue One M,3000,0,North West,Female,26,1,84,0.0,0,1,5,26-30
9060,4,Blue One M,3000,3,North,Female,21,0,91,0.75,9000,0,4,21-25
9061,4,Blue One M,3000,3,South,Male,23,0,89,0.75,9000,0,4,21-25
9062,4,Blue One M,3000,3,North,Male,29,0,81,0.75,9000,0,5,26-30
9063,4,Blue One M,3000,3,Far North,Female,29,0,84,0.75,9000,0,5,26-30
9064,4,Blue One M,3000,2,North,Female,26,1,89,0.5,6000,0,4,26-30
9065,4,Blue One M,3000,2,East,Female,25,1,94,0.5,6000,0,4,21-25
9066,4,Blue One M,3000,2,West,Male,22,0,76,0.5,6000,0,5,21-25
9074,4,Blue One M,3000,3,Centre,Male,19,0,75,0.75,9000,0,5,<=20
9078,5,Blue One M,3000,3,Littoral,Female,24,0,126,0.6,9000,0,3,21-25
9080,4,Blue One M,3000,3,Littoral,Male,22,0,81,0.75,9000,0,5,21-25
9081,4,Blue One M,3000,2,Littoral,Male,25,0,75,0.5,6000,0,5,21-25
9086,6,Blue One M,3000,2,Adamawa,Male,21,0,151,0.3333333333333333,6000,0,2,21-25
9087,6,Blue One M,3000,0,Littoral,Male,21,1,151,0.0,0,1,2,21-25
9088,6,Blue One M,3000,3,Littoral,Female,30,0,147,0.5,9000,0,3,26-30
9089,6,Blue One M,3000,2,North,Female,26,0,147,0.3333333333333333,6000,0,3,26-30
9090,6,Blue One M,3000,3,North,Male,26,0,149,0.5,9000,0,3,26-30
9091,6,Blue One M,3000,2,Centre,Male,28,1,151,0.3333333333333333,6000,0,2,26-30
9092,6,Blue One M,3000,2,Littoral,Male,29,0,151,0.3333333333333333,6000,0,2,26-30
9093,6,Blue One M,3000,2,Littoral,Female,26,1,150,0.3333333333333333,6000,0,3,26-30
9094,5,Blue One M,3000,0,East,Female,29,1,121,0.0,0,1,3,26-30
9095,6,Blue One M,3000,2,East,Female,28,1,143,0.3333333333333333,6000,0,3,26-30
9096,6,Blue One M,3000,0,North,Male,25,1,138,0.0,0,1,3,21-25
9097,5,Blue One M,3000,3,Littoral,Male,24,0,129,0.6,9000,0,3,21-25
9098,6,Blue One M,3000,0,East,Male,25,1,140,0.0,0,1,3,21-25
9099,6,Blue One M,3000,3,North West,Female,27,0,141,0.5,9000,0,3,26-30
9100,6,Blue One M,3000,0,West,Male,24,1,140,0.0,0,1,3,21-25
9101,6,Blue One M,3000,3,Centre,Female,22,0,145,0.5,9000,0,3,21-25
9102,6,Blue One M,3000,0,Littoral,Male,23,1,143,0.0,0,1,3,21-25
9103,6,Blue One M,3000,0,North,Male,25,1,143,0.0,0,1,3,21-25
9104,6,Blue One M,3000,2,North West,Female,26,0,139,0.3333333333333333,6000,0,3,26-30
9105,5,Blue One M,3000,0,East,Female,29,1,132,0.0,0,1,3,26-30
9106,5,Blue One M,3000,2,Far North,Male,24,0,119,0.4,6000,0,3,21-25
9107,5,Blue One M,3000,0,South West,Female,23,1,122,0.0,0,1,3,21-25
9108,6,Blue One M,3000,2,Far North,Female,21,1,145,0.3333333333333333,6000,0,3,21-25
9109,6,Blue One M,3000,3,Centre,Female,24,0,147,0.5,9000,0,3,21-25
9110,5,Blue One M,3000,2,North,Female,25,1,124,0.4,6000,0,3,21-25
9111,6,Blue One M,3000,2,Far North,Male,25,1,147,0.3333333333333333,6000,0,3,21-25
9112,5,Blue One M,3000,3,Centre,Female,22,0,134,0.6,9000,0,3,21-25
9113,6,Blue One M,3000,2,Adamawa,Female,28,1,144,0.3333333333333333,6000,0,3,26-30
9114,6,Blue One M,3000,3,Littoral,Male,28,0,144,0.5,9000,0,3,26-30
9115,6,Blue One M,3000,2,Centre,Male,26,1,138,0.3333333333333333,6000,0,3,26-30
9116,6,Blue One M,3000,2,North West,Female,26,0,141,0.3333333333333333,6000,0,3,26-30
9117,6,Blue One M,3000,0,North,Male,25,1,142,0.0,0,1,3,21-25
9118,6,Blue One M,3000,0,Far North,Male,25,1,135,0.0,0,1,3,21-25
9119,6,Blue One M,3000,0,West,Female,26,1,142,0.0,0,1,3,26-30
9120,6,Blue One M,3000,0,North,Female,22,1,140,0.0,0,1,3,21-25
9121,6,Blue One M,3000,0,West,Female,24,1,140,0.0,0,1,3,21-25
9122,5,Blue One M,3000,0,Centre,Male,21,1,119,0.0,0,1,3,21-25
9123,6,Blue One M,3000,2,South West,Male,30,1,153,0.3333333333333333,6000,0,2,26-30
9124,6,Blue One M,3000,3,Adamawa,Female,25,0,146,0.5,9000,0,3,21-25
9125,6,Blue One M,3000,2,West,Male,28,1,146,0.3333333333333333,6000,0,3,26-30
9126,6,Blue One M,3000,3,South,Male,24,0,141,0.5,9000,0,3,21-25
9127,6,Blue One M,3000,3,North,Male,23,0,141,0.5,9000,0,3,21-25
9128,6,Blue One M,3000,3,Adamawa,Female,26,0,139,0.5,9000,0,3,26-30
9129,6,Blue One M,3000,2,South West,Female,29,0,144,0.3333333333333333,6000,0,3,26-30
9130,6,Blue One M,3000,2,West,Female,26,1,135,0.3333333333333333,6000,0,3,26-30
9131,6,Blue One M,3000,2,Far North,Male,24,1,134,0.3333333333333333,6000,0,3,21-25
9132,6,Blue One M,3000,3,North,Male,31,0,136,0.5,9000,0,3,>30
9133,5,Blue One M,3000,3,Littoral,Female,22,0,131,0.6,9000,0,3,21-25
9134,6,Blue One M,3000,2,West,Female,20,0,138,0.3333333333333333,6000,0,3,<=20
9135,6,Blue One M,3000,2,West,Male,33,1,138,0.3333333333333333,6000,0,3,>30
9136,6,Blue One M,3000,3,South West,Male,24,0,152,0.5,9000,0,2,21-25
9137,6,Blue One M,3000,3,Centre,Male,22,0,150,0.5,9000,0,2,21-25
9138,6,Blue One M,3000,3,South,Female,29,0,143,0.5,9000,0,3,26-30
9139,6,Blue One M,3000,3,North West,Female,21,0,143,0.5,9000,0,3,21-25
9140,5,Blue One M,3000,0,South,Male,20,1,119,0.0,0,1,3,<=20
9141,6,Blue One M,3000,2,South West,Male,23,0,151,0.3333333333333333,6000,0,2,21-25
9142,6,Blue One M,3000,3,North West,Female,23,0,151,0.5,9000,0,2,21-25
9143,6,Blue One M,3000,2,Centre,Male,27,1,152,0.3333333333333333,6000,0,2,26-30
9144,6,Blue One M,3000,3,Adamawa,Male,24,0,153,0.5,9000,0,2,21-25
9145,6,Blue One M,3000,2,Adamawa,Female,23,1,153,0.3333333333333333,6000,0,2,21-25
9146,6,Blue One M,3000,2,South,Female,23,1,152,0.3333333333333333,6000,0,2,21-25
9147,6,Blue One M,3000,2,North,Female,26,0,152,0.3333333333333333,6000,0,2,26-30
9148,6,Blue One M,3000,0,East,Female,28,1,154,0.0,0,1,2,26-30
9149,6,Blue One M,3000,0,East,Female,28,1,143,0.0,0,1,3,26-30
9150,6,Blue One M,3000,3,Adamawa,Female,27,0,153,0.5,9000,0,2,26-30
9151,7,Blue One L,5000,2,Far North,Female,22,1,174,0.2857142857142857,10000,0,2,21-25
9152,7,Blue One L,5000,3,West,Male,25,0,172,0.42857142857142855,15000,0,2,21-25
9153,7,Blue One L,5000,2,Littoral,Female,25,0,179,0.2857142857142857,10000,0,1,21-25
9154,7,Blue One L,5000,2,Littoral,Male,21,1,179,0.2857142857142857,10000,0,1,21-25
9155,7,Blue One L,5000,2,North West,Male,26,1,177,0.2857142857142857,10000,0,2,26-30
9156,6,Blue One M,3000,3,Centre,Female,30,0,161,0.5,9000,0,2,26-30
9157,4,Blue One M,3000,2,Centre,Male,28,0,75,0.5,6000,0,5,26-30
9158,8,Blue One L,5000,3,Far North,Male,28,0,208,0.375,15000,0,1,26-30
9159,6,Blue One M,3000,0,North,Male,28,1,159,0.0,0,1,2,26-30
9160,4,Blue One M,3000,0,Littoral,Female,24,1,101,0.0,0,1,4,21-25
9161,4,Blue One M,3000,2,West,Male,24,0,90,0.5,6000,0,4,21-25
9163,4,Blue One M,3000,2,East,Female,24,0,81,0.5,6000,0,5,21-25
9164,4,Blue One M,3000,2,South,Female,22,0,83,0.5,6000,0,5,21-25
9169,4,Blue One M,3000,2,West,Female,26,0,74,0.5,6000,0,5,26-30
9170,6,Blue One M,3000,2,Adamawa,Female,20,0,146,0.3333333333333333,6000,0,3,<=20
9171,6,Blue One M,3000,3,North,Female,23,0,158,0.5,9000,0,2,21-25
9172,6,Blue One M,3000,2,South,Female,27,0,160,0.3333333333333333,6000,0,2,26-30
9173,7,Blue One L,5000,2,North,Female,25,1,174,0.2857142857142857,10000,0,2,21-25
9174,8,Blue One L,5000,2,Far North,Male,25,0,199,0.25,10000,0,1,21-25
9175,8,Blue One L,5000,0,Far North,Female,32,1,195,0.0,0,1,1,>30
9176,7,Blue One L,5000,0,Far North,Male,23,1,191,0.0,0,1,1,21-25
9177,7,Blue One L,5000,2,South,Female,28,1,181,0.2857142857142857,10000,0,1,26-30
9178,7,Blue One L,5000,3,South,Male,23,0,179,0.42857142857142855,15000,0,1,21-25
9179,6,Blue One M,3000,2,South West,Male,24,0,160,0.3333333333333333,6000,0,2,21-25
9180,6,Blue One M,3000,3,West,Female,24,0,158,0.5,9000,0,2,21-25
9181,6,Blue One M,3000,3,South West,Male,22,0,151,0.5,9000,0,2,21-25
9182,6,Blue One M,3000,2,Centre,Female,26,0,143,0.3333333333333333,6000,0,3,26-30
9183,5,Blue One M,3000,3,East,Female,17,0,119,0.6,9000,0,3,<=20
9184,8,Blue One L,5000,0,Centre,Male,27,1,202,0.0,0,1,1,26-30
9185,8,Blue One L,5000,0,Adamawa,Female,26,1,199,0.0,0,1,1,26-30
9186,7,Blue One L,5000,0,Littoral,Female,28,1,187,0.0,0,1,1,26-30
9187,8,Blue One L,5000,2,Centre,Female,26,0,201,0.25,10000,0,1,26-30
9188,7,Blue One L,5000,3,South,Female,27,0,192,0.42857142857142855,15000,0,1,26-30
9189,7,Blue One L,5000,2,Far North,Male,26,0,188,0.2857142857142857,10000,0,1,26-30
9190,8,Blue One L,5000,2,East,Male,32,0,207,0.25,10000,0,1,>30
9191,4,Blue One M,3000,3,Centre,Male,19,0,77,0.75,9000,0,5,<=20
9192,7,Blue One L,5000,2,Littoral,Male,23,0,186,0.2857142857142857,10000,0,1,21-25
9193,8,Blue One L,5000,0,Far North,Male,29,1,206,0.0,0,1,1,26-30
9194,8,Blue One L,5000,2,North West,Male,27,0,205,0.25,10000,0,1,26-30
9195,4,Blue One M,3000,2,East,Male,22,0,94,0.5,6000,0,4,21-25
9196,8,Blue One L,5000,2,Littoral,Male,30,0,199,0.25,10000,0,1,26-30
9197,7,Blue One L,5000,3,North West,Male,30,0,188,0.42857142857142855,15000,0,1,26-30
9198,8,Blue One L,5000,0,North West,Female,25,1,201,0.0,0,1,1,21-25
9199,8,Blue One L,5000,2,South,Female,28,0,197,0.25,10000,0,1,26-30
9200,4,Blue One M,3000,2,North West,Male,29,0,104,0.5,6000,0,4,26-30
9201,8,Blue One L,5000,2,South,Male,24,1,195,0.25,10000,0,1,21-25
9202,4,Blue One M,3000,3,Far North,Male,25,0,104,0.75,9000,0,4,21-25
9204,7,Blue One L,5000,2,West,Male,27,1,192,0.2857142857142857,10000,0,1,26-30
9206,7,Blue One L,5000,3,Littoral,Female,29,0,193,0.42857142857142855,15000,0,1,26-30
9207,8,Blue One L,5000,2,West,Female,32,0,195,0.25,10000,0,1,>30
9208,7,Blue One L,5000,3,South,Male,23,0,187,0.42857142857142855,15000,0,1,21-25
9209,6,Blue One M,3000,2,South West,Female,26,1,158,0.3333333333333333,6000,0,2,26-30
9210,7,Blue One L,5000,3,North West,Male,27,0,175,0.42857142857142855,15000,0,2,26-30
9211,6,Blue One M,3000,2,Adamawa,Female,27,1,164,0.3333333333333333,6000,0,2,26-30
9212,7,Blue One L,5000,2,West,Female,30,1,193,0.2857142857142857,10000,0,1,26-30
9213,6,Blue One M,3000,2,Centre,Male,29,1,150,0.3333333333333333,6000,0,3,26-30
9214,7,Blue One L,5000,2,East,Male,27,1,173,0.2857142857142857,10000,0,2,26-30
9215,7,Blue One L,5000,2,Adamawa,Female,28,1,192,0.2857142857142857,10000,0,1,26-30
9216,5,Blue One M,3000,2,North West,Male,25,0,115,0.4,6000,0,4,21-25
9217,7,Blue One L,5000,0,Littoral,Male,19,1,192,0.0,0,1,1,<=20
9218,6,Blue One M,3000,2,South West,Female,26,0,159,0.3333333333333333,6000,0,2,26-30
9219,5,Blue One M,3000,2,Littoral,Female,23,0,109,0.4,6000,0,4,21-25
9220,6,Blue One M,3000,2,North West,Male,31,1,159,0.3333333333333333,6000,0,2,>30
9221,7,Blue One L,5000,2,South,Male,30,1,164,0.2857142857142857,10000,0,2,26-30
9222,4,Blue One M,3000,2,North West,Male,24,0,104,0.5,6000,0,4,21-25
9223,7,Blue One L,5000,2,Far North,Male,27,1,166,0.2857142857142857,10000,0,2,26-30
9224,7,Blue One L,5000,2,Littoral,Male,30,1,175,0.2857142857142857,10000,0,2,26-30
9225,7,Blue One L,5000,0,South West,Female,24,1,174,0.0,0,1,2,21-25
9226,7,Blue One L,5000,0,South West,Female,29,1,170,0.0,0,1,2,26-30
9227,7,Blue One L,5000,0,North,Female,26,1,187,0.0,0,1,1,26-30
9228,7,Blue One L,5000,2,Far North,Male,30,1,188,0.2857142857142857,10000,0,1,26-30
9229,7,Blue One L,5000,2,South,Female,32,0,172,0.2857142857142857,10000,0,2,>30
9230,7,Blue One L,5000,2,East,Male,29,0,188,0.2857142857142857,10000,0,1,26-30
9231,7,Blue One L,5000,0,Far North,Male,25,1,191,0.0,0,1,1,21-25
9232,7,Blue One L,5000,2,Far North,Male,28,0,192,0.2857142857142857,10000,0,1,26-30
9233,8,Blue One L,5000,3,East,Male,29,0,195,0.375,15000,0,1,26-30
9234,7,Blue One L,5000,2,East,Female,22,0,194,0.2857142857142857,10000,0,1,21-25
9235,7,Blue One L,5000,2,Centre,Female,26,0,192,0.2857142857142857,10000,0,1,26-30
9236,7,Blue One L,5000,3,Adamawa,Male,27,0,187,0.42857142857142855,15000,0,1,26-30
9237,7,Blue One L,5000,3,Littoral,Male,28,0,186,0.42857142857142855,15000,0,1,26-30
9238,7,Blue One L,5000,2,West,Female,26,1,185,0.2857142857142857,10000,0,1,26-30
9239,7,Blue One L,5000,3,Littoral,Female,30,0,185,0.42857142857142855,15000,0,1,26-30
9240,7,Blue One L,5000,0,Littoral,Male,27,1,185,0.0,0,1,1,26-30
9241,7,Blue One L,5000,2,West,Male,24,0,194,0.2857142857142857,10000,0,1,21-25
9242,7,Blue One L,5000,2,Centre,Male,23,1,190,0.2857142857142857,10000,0,1,21-25
9243,7,Blue One L,5000,2,Far North,Male,26,1,194,0.2857142857142857,10000,0,1,26-30
9244,7,Blue One L,5000,0,East,Male,27,1,193,0.0,0,1,1,26-30
9245,7,Blue One L,5000,0,Centre,Male,25,1,190,0.0,0,1,1,21-25
9246,7,Blue One L,5000,0,North,Female,31,1,193,0.0,0,1,1,>30
9247,7,Blue One L,5000,2,North,Male,24,1,192,0.2857142857142857,10000,0,1,21-25
9248,7,Blue One L,5000,0,West,Female,30,1,192,0.0,0,1,1,26-30
9249,7,Blue One L,5000,3,South,Male,29,0,191,0.42857142857142855,15000,0,1,26-30
9250,7,Blue One L,5000,0,North West,Female,30,1,191,0.0,0,1,1,26-30
9251,7,Blue One L,5000,3,North,Male,22,0,185,0.42857142857142855,15000,0,1,21-25
9252,7,Blue One L,5000,0,West,Female,24,1,188,0.0,0,1,1,21-25
9253,7,Blue One L,5000,0,Adamawa,Female,32,1,189,0.0,0,1,1,>30
9254,7,Blue One L,5000,2,North West,Male,25,0,180,0.2857142857142857,10000,0,1,21-25
9255,7,Blue One L,5000,2,Littoral,Male,25,0,178,0.2857142857142857,10000,0,1,21-25
9256,7,Blue One L,5000,2,South,Male,24,0,181,0.2857142857142857,10000,0,1,21-25
9257,5,Blue One M,3000,0,West,Male,27,1,112,0.0,0,1,4,26-30
9258,7,Blue One L,5000,2,Littoral,Female,22,1,179,0.2857142857142857,10000,0,1,21-25
9259,7,Blue One L,5000,0,Adamawa,Female,25,1,170,0.0,0,1,2,21-25
9260,7,Blue One L,5000,2,Centre,Male,23,0,178,0.2857142857142857,10000,0,1,21-25
9261,5,Blue One M,3000,2,Centre,Male,21,1,123,0.4,6000,0,3,21-25
9262,5,Blue One M,3000,2,Littoral,Male,25,0,119,0.4,6000,0,4,21-25
9263,5,Blue One M,3000,2,East,Female,29,0,124,0.4,6000,0,3,26-30
9265,5,Blue One M,3000,3,Adamawa,Male,19,0,115,0.6,9000,0,4,<=20
9266,4,Blue One M,3000,3,Far North,Male,24,0,104,0.75,9000,0,4,21-25
9268,5,Blue One M,3000,2,South West,Male,28,0,104,0.4,6000,0,4,26-30
9269,4,Blue One M,3000,2,South West,Female,26,0,95,0.5,6000,0,4,26-30
9270,4,Blue One M,3000,2,Centre,Female,25,0,89,0.5,6000,0,4,21-25
9271,5,Blue One M,3000,0,North,Female,20,1,111,0.0,0,1,4,<=20
9273,6,Blue One M,3000,3,North West,Female,24,0,136,0.5,9000,0,3,21-25
9274,5,Blue One M,3000,2,South,Female,26,0,130,0.4,6000,0,3,26-30
9275,5,Blue One M,3000,0,East,Male,25,1,124,0.0,0,1,3,21-25
9276,5,Blue One M,3000,2,Adamawa,Female,28,1,117,0.4,6000,0,4,26-30
9278,6,Blue One M,3000,2,South,Female,22,0,149,0.3333333333333333,6000,0,3,21-25
9279,4,Blue One M,3000,3,North,Female,22,0,103,0.75,9000,0,4,21-25
9280,4,Blue One M,3000,2,South,Male,21,1,104,0.5,6000,0,4,21-25
9281,4,Blue One M,3000,3,South,Female,24,0,81,0.75,9000,0,5,21-25
9282,4,Blue One M,3000,0,West,Male,22,1,87,0.0,0,1,5,21-25
9283,5,Blue One M,3000,3,Centre,Female,24,0,115,0.6,9000,0,4,21-25
9284,5,Blue One M,3000,2,Littoral,Male,23,0,115,0.4,6000,0,4,21-25
9285,5,Blue One M,3000,0,Littoral,Female,22,1,109,0.0,0,1,4,21-25
9286,5,Blue One M,3000,3,Centre,Male,27,0,107,0.6,9000,0,4,26-30
9287,5,Blue One M,3000,3,East,Male,25,0,122,0.6,9000,0,3,21-25
9288,4,Blue One M,3000,3,North,Male,21,0,76,0.75,9000,0,5,21-25
9290,5,Blue One M,3000,2,North,Male,22,1,124,0.4,6000,0,3,21-25
9291,5,Blue One M,3000,2,South West,Male,22,1,131,0.4,6000,0,3,21-25
9293,6,Blue One M,3000,2,East,Female,25,1,150,0.3333333333333333,6000,0,2,21-25
9295,3,Blue One S,2000,1,South West,Female,24,0,74,0.3333333333333333,2000,0,5,21-25
9297,6,Blue One M,3000,2,Adamawa,Male,25,1,145,0.3333333333333333,6000,0,3,21-25
9298,6,Blue One M,3000,2,East,Male,29,0,146,0.3333333333333333,6000,0,3,26-30
9299,6,Blue One M,3000,0,South West,Female,25,1,145,0.0,0,1,3,21-25
9300,6,Blue One M,3000,2,South West,Male,28,0,153,0.3333333333333333,6000,0,2,26-30
9301,6,Blue One M,3000,0,Far North,Female,27,1,151,0.0,0,1,2,26-30
9302,5,Blue One M,3000,2,West,Female,24,0,125,0.4,6000,0,3,21-25
9303,4,Blue One M,3000,3,Adamawa,Female,25,0,102,0.75,9000,0,4,21-25
9304,4,Blue One M,3000,3,Centre,Male,24,0,90,0.75,9000,0,4,21-25
9305,4,Blue One M,3000,0,South West,Male,19,1,90,0.0,0,1,4,<=20
9306,3,Blue One S,2000,2,South,Male,17,0,74,0.6666666666666666,4000,0,5,<=20
9307,5,Blue One M,3000,2,South West,Female,29,0,114,0.4,6000,0,4,26-30
9308,5,Blue One M,3000,3,Littoral,Female,24,0,124,0.6,9000,0,3,21-25
9309,5,Blue One M,3000,2,Adamawa,Female,29,1,115,0.4,6000,0,4,26-30
9310,4,Blue One M,3000,3,North West,Male,22,0,103,0.75,9000,0,4,21-25
9312,8,Blue One L,5000,0,South West,Female,30,1,208,0.0,0,1,1,26-30
9313,6,Blue One M,3000,0,North West,Male,30,1,145,0.0,0,1,3,26-30
9315,8,Blue One L,5000,2,North West,Female,32,0,207,0.25,10000,0,1,>30
9316,7,Blue One L,5000,2,South West,Female,24,1,166,0.2857142857142857,10000,0,2,21-25
9317,7,Blue One L,5000,3,East,Male,25,0,164,0.42857142857142855,15000,0,2,21-25
9318,6,Blue One M,3000,3,North,Male,30,0,152,0.5,9000,0,2,26-30
9319,4,Blue One M,3000,2,Far North,Female,26,0,104,0.5,6000,0,4,26-30
9320,6,Blue One M,3000,2,North,Male,22,1,135,0.3333333333333333,6000,0,3,21-25
9321,5,Blue One M,3000,3,North West,Male,24,0,125,0.6,9000,0,3,21-25
9322,8,Blue One L,5000,0,Centre,Male,29,1,197,0.0,0,1,1,26-30
9323,6,Blue One M,3000,2,Centre,Male,23,1,163,0.3333333333333333,6000,0,2,21-25
9324,8,Blue One L,5000,3,Adamawa,Male,25,0,203,0.375,15000,0,1,21-25
9325,7,Blue One L,5000,3,Centre,Male,25,0,194,0.42857142857142855,15000,0,1,21-25
9326,8,Blue One L,5000,2,North West,Male,26,0,196,0.25,10000,0,1,26-30
9327,7,Blue One L,5000,2,East,Male,22,1,180,0.2857142857142857,10000,0,1,21-25
9328,5,Blue One M,3000,0,Littoral,Female,19,1,112,0.0,0,1,4,<=20
9329,7,Blue One L,5000,3,Littoral,Male,27,0,174,0.42857142857142855,15000,0,2,26-30
9330,4,Blue One M,3000,3,North West,Female,23,0,104,0.75,9000,0,4,21-25
9331,5,Blue One M,3000,0,South West,Female,26,1,124,0.0,0,1,3,26-30
9332,6,Blue One M,3000,0,North,Male,26,1,153,0.0,0,1,2,26-30
9333,4,Blue One M,3000,2,North,Male,26,0,91,0.5,6000,0,4,26-30
9334,6,Blue One M,3000,2,Adamawa,Male,26,1,135,0.3333333333333333,6000,0,3,26-30
9335,5,Blue One M,3000,2,East,Female,23,0,105,0.4,6000,0,4,21-25
9336,4,Blue One M,3000,2,West,Female,23,0,77,0.5,6000,0,5,21-25
9338,7,Blue One L,5000,2,South,Female,31,1,186,0.2857142857142857,10000,0,1,>30
9339,7,Blue One L,5000,2,North West,Male,27,1,174,0.2857142857142857,10000,0,2,26-30
9340,7,Blue One L,5000,0,North West,Female,30,1,193,0.0,0,1,1,26-30
9341,7,Blue One L,5000,2,South,Female,31,0,178,0.2857142857142857,10000,0,1,>30
9342,7,Blue One L,5000,2,North,Female,24,1,193,0.2857142857142857,10000,0,1,21-25
9343,8,Blue One L,5000,3,Adamawa,Male,29,0,203,0.375,15000,0,1,26-30
9344,7,Blue One L,5000,0,North,Male,24,1,181,0.0,0,1,1,21-25
9345,8,Blue One L,5000,2,East,Female,23,1,207,0.25,10000,0,1,21-25
9346,8,Blue One L,5000,3,West,Male,30,0,203,0.375,15000,0,1,26-30
9347,8,Blue One L,5000,0,Far North,Female,28,1,205,0.0,0,1,1,26-30
9348,8,Blue One L,5000,3,Far North,Female,30,0,204,0.375,15000,0,1,26-30
9349,8,Blue One L,5000,3,Far North,Male,26,0,201,0.375,15000,0,1,26-30
9350,7,Blue One L,5000,0,East,Female,23,1,194,0.0,0,1,1,21-25
9351,8,Blue One L,5000,2,Adamawa,Female,31,0,195,0.25,10000,0,1,>30
9352,8,Blue One L,5000,2,South West,Female,26,0,202,0.25,10000,0,1,26-30
9353,4,Blue One M,3000,3,East,Female,26,0,98,0.75,9000,0,4,26-30
9354,4,Blue One M,3000,3,Littoral,Male,28,0,91,0.75,9000,0,4,26-30
9355,5,Blue One M,3000,2,Littoral,Female,24,1,106,0.4,6000,0,4,21-25
9356,4,Blue One M,3000,2,East,Male,28,1,76,0.5,6000,0,5,26-30
9357,5,Blue One M,3000,3,North,Male,19,0,110,0.6,9000,0,4,<=20
9358,5,Blue One M,3000,2,South,Female,28,1,109,0.4,6000,0,4,26-30
9359,5,Blue One M,3000,2,South West,Male,25,0,111,0.4,6000,0,4,21-25
9360,5,Blue One M,3000,2,Centre,Female,27,1,109,0.4,6000,0,4,26-30
9361,4,Blue One M,3000,3,East,Female,27,0,99,0.75,9000,0,4,26-30
9362,4,Blue One M,3000,2,Far North,Male,23,0,102,0.5,6000,0,4,21-25
9363,5,Blue One M,3000,3,South,Male,27,0,108,0.6,9000,0,4,26-30
9364,5,Blue One M,3000,0,East,Male,31,1,112,0.0,0,1,4,>30
9365,3,Blue One S,2000,1,Far North,Female,17,0,63,0.3333333333333333,2000,0,5,<=20
9368,6,Blue One M,3000,2,Centre,Male,30,1,151,0.3333333333333333,6000,0,2,26-30
9369,6,Blue One M,3000,2,North West,Male,20,1,152,0.3333333333333333,6000,0,2,<=20
9370,6,Blue One M,3000,3,East,Male,25,0,141,0.5,9000,0,3,21-25
9371,6,Blue One M,3000,0,Centre,Male,22,1,152,0.0,0,1,2,21-25
9372,6,Blue One M,3000,0,Far North,Male,25,1,150,0.0,0,1,2,21-25
9373,6,Blue One M,3000,2,South,Female,33,0,150,0.3333333333333333,6000,0,2,>30
9374,6,Blue One M,3000,2,South West,Female,26,0,146,0.3333333333333333,6000,0,3,26-30
9375,6,Blue One M,3000,0,North,Male,26,1,139,0.0,0,1,3,26-30
9376,5,Blue One M,3000,2,East,Female,25,1,117,0.4,6000,0,4,21-25
9377,6,Blue One M,3000,2,North West,Female,26,1,140,0.3333333333333333,6000,0,3,26-30
9378,6,Blue One M,3000,2,Centre,Male,26,1,140,0.3333333333333333,6000,0,3,26-30
9379,6,Blue One M,3000,2,South,Male,27,1,136,0.3333333333333333,6000,0,3,26-30
9380,5,Blue One M,3000,2,Littoral,Female,22,1,109,0.4,6000,0,4,21-25
9381,5,Blue One M,3000,0,South,Male,20,1,131,0.0,0,1,3,<=20
9382,5,Blue One M,3000,3,Far North,Male,21,0,131,0.6,9000,0,3,21-25
9383,5,Blue One M,3000,2,Centre,Male,27,1,131,0.4,6000,0,3,26-30
9384,5,Blue One M,3000,3,Far North,Male,27,0,127,0.6,9000,0,3,26-30
9385,5,Blue One M,3000,0,Far North,Female,24,1,119,0.0,0,1,4,21-25
9386,5,Blue One M,3000,3,West,Female,22,0,115,0.6,9000,0,4,21-25
9387,5,Blue One M,3000,2,Centre,Female,19,0,114,0.4,6000,0,4,<=20
9388,6,Blue One M,3000,2,West,Male,24,1,151,0.3333333333333333,6000,0,2,21-25
9389,4,Blue One M,3000,3,Centre,Female,22,0,101,0.75,9000,0,4,21-25
9391,8,Blue One L,5000,2,South,Female,24,0,196,0.25,10000,0,1,21-25
9392,8,Blue One L,5000,2,West,Female,26,0,207,0.25,10000,0,1,26-30
9393,8,Blue One L,5000,2,Littoral,Female,26,1,206,0.25,10000,0,1,26-30
9396,7,Blue One L,5000,2,Adamawa,Female,28,1,187,0.2857142857142857,10000,0,1,26-30
9397,7,Blue One L,5000,2,Adamawa,Male,28,1,182,0.2857142857142857,10000,0,1,26-30
9398,7,Blue One L,5000,0,South West,Male,28,1,182,0.0,0,1,1,26-30
9399,7,Blue One L,5000,3,Littoral,Female,25,0,185,0.42857142857142855,15000,0,1,21-25
9400,7,Blue One L,5000,2,South West,Female,27,0,190,0.2857142857142857,10000,0,1,26-30
9401,7,Blue One L,5000,2,Adamawa,Female,27,1,188,0.2857142857142857,10000,0,1,26-30
9402,8,Blue One L,5000,2,Centre,Female,22,0,196,0.25,10000,0,1,21-25
9403,8,Blue One L,5000,0,Far North,Male,31,1,202,0.0,0,1,1,>30
9404,8,Blue One L,5000,3,North West,Male,28,0,199,0.375,15000,0,1,26-30
9405,7,Blue One L,5000,0,Centre,Male,28,1,180,0.0,0,1,1,26-30
9406,6,Blue One M,3000,2,South West,Male,28,0,164,0.3333333333333333,6000,0,2,26-30
9407,7,Blue One L,5000,2,Far North,Male,23,0,181,0.2857142857142857,10000,0,1,21-25
9408,8,Blue One L,5000,2,North,Male,27,0,199,0.25,10000,0,1,26-30
9409,7,Blue One L,5000,2,Centre,Female,21,0,181,0.2857142857142857,10000,0,1,21-25
9410,8,Blue One L,5000,0,North,Female,30,1,203,0.0,0,1,1,26-30
9411,5,Blue One M,3000,2,Littoral,Female,28,1,108,0.4,6000,0,4,26-30
9412,5,Blue One M,3000,2,North,Male,24,1,125,0.4,6000,0,3,21-25
9413,7,Blue One L,5000,3,Adamawa,Male,27,0,192,0.42857142857142855,15000,0,1,26-30
9415,4,Blue One M,3000,2,Adamawa,Female,26,1,103,0.5,6000,0,4,26-30
9416,6,Blue One M,3000,2,South,Male,28,0,140,0.3333333333333333,6000,0,3,26-30
9417,4,Blue One M,3000,3,South West,Male,18,0,96,0.75,9000,0,4,<=20
9418,7,Blue One L,5000,2,Littoral,Male,24,1,186,0.2857142857142857,10000,0,1,21-25
9419,5,Blue One M,3000,2,Adamawa,Male,21,1,115,0.4,6000,0,4,21-25
9420,5,Blue One M,3000,0,Adamawa,Female,26,1,124,0.0,0,1,3,26-30
9421,5,Blue One M,3000,2,Littoral,Male,26,0,123,0.4,6000,0,3,26-30
9422,5,Blue One M,3000,2,Centre,Female,27,1,124,0.4,6000,0,3,26-30
9423,7,Blue One L,5000,2,West,Male,28,1,167,0.2857142857142857,10000,0,2,26-30
9424,8,Blue One L,5000,3,Adamawa,Female,24,0,205,0.375,15000,0,1,21-25
9425,8,Blue One L,5000,2,East,Male,27,0,205,0.25,10000,0,1,26-30
9426,7,Blue One L,5000,0,East,Female,25,1,194,0.0,0,1,1,21-25
9427,4,Blue One M,3000,2,Littoral,Female,23,1,94,0.5,6000,0,4,21-25
9428,8,Blue One L,5000,0,Littoral,Female,28,1,207,0.0,0,1,1,26-30
9429,8,Blue One L,5000,3,Adamawa,Male,25,0,199,0.375,15000,0,1,21-25
9431,4,Blue One M,3000,2,North,Male,19,1,96,0.5,6000,0,4,<=20
9432,7,Blue One L,5000,2,North West,Female,23,1,172,0.2857142857142857,10000,0,2,21-25
9433,7,Blue One L,5000,2,Far North,Male,25,1,182,0.2857142857142857,10000,0,1,21-25
9434,8,Blue One L,5000,2,South,Female,31,1,203,0.25,10000,0,1,>30
9435,7,Blue One L,5000,0,East,Male,26,1,174,0.0,0,1,2,26-30
9436,5,Blue One M,3000,3,South,Male,30,0,124,0.6,9000,0,3,26-30
9437,8,Blue One L,5000,0,Littoral,Male,28,1,202,0.0,0,1,1,26-30
9438,5,Blue One M,3000,2,Littoral,Female,20,1,133,0.4,6000,0,3,<=20
9439,5,Blue One M,3000,0,Littoral,Male,30,1,118,0.0,0,1,4,26-30
9440,5,Blue One M,3000,3,Adamawa,Female,18,0,118,0.6,9000,0,4,<=20
9441,5,Blue One M,3000,2,Adamawa,Male,22,0,122,0.4,6000,0,3,21-25
9442,4,Blue One M,3000,3,North,Female,26,0,98,0.75,9000,0,4,26-30
9443,4,Blue One M,3000,3,Far North,Male,28,0,89,0.75,9000,0,4,26-30
9444,5,Blue One M,3000,3,South,Female,26,0,122,0.6,9000,0,3,26-30
9445,6,Blue One M,3000,2,Adamawa,Male,23,0,150,0.3333333333333333,6000,0,2,21-25
9446,8,Blue One L,5000,0,Adamawa,Female,29,1,202,0.0,0,1,1,26-30
9447,7,Blue One L,5000,2,Far North,Male,25,0,180,0.2857142857142857,10000,0,1,21-25
9449,4,Blue One M,3000,3,South,Male,23,0,79,0.75,9000,0,5,21-25
9450,8,Blue One L,5000,3,South West,Female,23,0,195,0.375,15000,0,1,21-25
9451,7,Blue One L,5000,0,Littoral,Female,25,1,181,0.0,0,1,1,21-25
9452,7,Blue One L,5000,0,Littoral,Male,23,1,189,0.0,0,1,1,21-25
9453,7,Blue One L,5000,3,South,Female,29,0,180,0.42857142857142855,15000,0,1,26-30
9454,8,Blue One L,5000,0,Far North,Male,33,1,200,0.0,0,1,1,>30
9455,8,Blue One L,5000,0,East,Male,22,1,199,0.0,0,1,1,21-25
9456,7,Blue One L,5000,2,Adamawa,Female,22,0,171,0.2857142857142857,10000,0,2,21-25
9457,5,Blue One M,3000,3,Centre,Female,23,0,121,0.6,9000,0,3,21-25
9458,8,Blue One L,5000,2,North,Male,25,1,199,0.25,10000,0,1,21-25
9459,7,Blue One L,5000,3,Centre,Female,27,0,192,0.42857142857142855,15000,0,1,26-30
9460,8,Blue One L,5000,2,West,Male,29,1,201,0.25,10000,0,1,26-30
9461,8,Blue One L,5000,2,Far North,Female,27,0,199,0.25,10000,0,1,26-30
9462,8,Blue One L,5000,2,Littoral,Male,25,0,201,0.25,10000,0,1,21-25
9463,8,Blue One L,5000,3,West,Male,32,0,200,0.375,15000,0,1,>30
9464,8,Blue One L,5000,0,East,Male,31,1,198,0.0,0,1,1,>30
9465,8,Blue One L,5000,0,Far North,Male,32,1,203,0.0,0,1,1,>30
9466,8,Blue One L,5000,2,North West,Female,32,1,198,0.25,10000,0,1,>30
9467,8,Blue One L,5000,2,Far North,Male,24,0,195,0.25,10000,0,1,21-25
9468,4,Blue One M,3000,2,Adamawa,Male,24,1,88,0.5,6000,0,5,21-25
9469,4,Blue One M,3000,2,South West,Male,24,0,91,0.5,6000,0,4,21-25
9470,4,Blue One M,3000,0,South West,Female,26,1,90,0.0,0,1,4,26-30
9471,4,Blue One M,3000,3,Centre,Female,24,0,85,0.75,9000,0,5,21-25
9472,8,Blue One L,5000,3,South,Male,25,0,207,0.375,15000,0,1,21-25
9473,8,Blue One L,5000,2,West,Male,26,0,196,0.25,10000,0,1,26-30
9474,7,Blue One L,5000,3,Far North,Male,32,0,177,0.42857142857142855,15000,0,2,>30
9475,7,Blue One L,5000,2,East,Female,28,1,190,0.2857142857142857,10000,0,1,26-30
9476,6,Blue One M,3000,2,South,Male,23,1,153,0.3333333333333333,6000,0,2,21-25
9477,7,Blue One L,5000,0,North,Male,21,1,187,0.0,0,1,1,21-25
9480,6,Blue One M,3000,0,North,Female,20,1,152,0.0,0,1,2,<=20
9481,8,Blue One L,5000,2,South,Female,28,1,200,0.25,10000,0,1,26-30
9482,7,Blue One L,5000,2,Far North,Male,25,0,166,0.2857142857142857,10000,0,2,21-25
9483,6,Blue One M,3000,2,Adamawa,Female,28,0,164,0.3333333333333333,6000,0,2,26-30
9484,7,Blue One L,5000,0,North West,Male,24,1,175,0.0,0,1,2,21-25
9485,8,Blue One L,5000,2,Centre,Female,23,0,201,0.25,10000,0,1,21-25
9487,7,Blue One L,5000,0,North West,Male,24,1,178,0.0,0,1,1,21-25
9488,8,Blue One L,5000,3,North,Male,24,0,200,0.375,15000,0,1,21-25
9489,8,Blue One L,5000,2,Adamawa,Male,31,0,200,0.25,10000,0,1,>30
9490,8,Blue One L,5000,3,North,Male,29,0,200,0.375,15000,0,1,26-30
9491,8,Blue One L,5000,2,Centre,Female,26,0,205,0.25,10000,0,1,26-30
9492,8,Blue One L,5000,2,Littoral,Male,30,1,203,0.25,10000,0,1,26-30
9493,5,Blue One M,3000,2,Adamawa,Female,25,0,129,0.4,6000,0,3,21-25
9494,7,Blue One L,5000,0,North,Male,33,1,166,0.0,0,1,2,>30
9495,7,Blue One L,5000,0,Far North,Male,33,1,189,0.0,0,1,1,>30
9496,7,Blue One L,5000,2,South West,Female,27,1,194,0.2857142857142857,10000,0,1,26-30
9497,7,Blue One L,5000,3,Centre,Female,24,0,185,0.42857142857142855,15000,0,1,21-25
9498,7,Blue One L,5000,2,North,Female,23,0,193,0.2857142857142857,10000,0,1,21-25
9499,7,Blue One L,5000,2,East,Female,30,0,183,0.2857142857142857,10000,0,1,26-30
9500,7,Blue One L,5000,2,Littoral,Female,28,1,178,0.2857142857142857,10000,0,1,26-30
9501,7,Blue One L,5000,0,Littoral,Male,31,1,187,0.0,0,1,1,>30
9502,7,Blue One L,5000,2,Centre,Male,24,0,187,0.2857142857142857,10000,0,1,21-25
9503,7,Blue One L,5000,3,North,Male,26,0,185,0.42857142857142855,15000,0,1,26-30
9504,7,Blue One L,5000,0,North West,Male,20,1,172,0.0,0,1,2,<=20
9505,7,Blue One L,5000,2,Far North,Male,28,1,177,0.2857142857142857,10000,0,2,26-30
9506,7,Blue One L,5000,0,West,Female,28,1,179,0.0,0,1,1,26-30
9507,7,Blue One L,5000,2,North West,Female,23,1,181,0.2857142857142857,10000,0,1,21-25
9508,6,Blue One M,3000,0,East,Male,26,1,149,0.0,0,1,3,26-30
9509,7,Blue One L,5000,0,North,Male,29,1,170,0.0,0,1,2,26-30
9510,7,Blue One L,5000,0,South West,Female,27,1,179,0.0,0,1,1,26-30
9511,7,Blue One L,5000,0,North,Female,25,1,178,0.0,0,1,1,21-25
9512,7,Blue One L,5000,0,East,Female,28,1,178,0.0,0,1,1,26-30
9513,7,Blue One L,5000,0,South West,Male,24,1,166,0.0,0,1,2,21-25
9514,7,Blue One L,5000,2,North,Male,25,1,165,0.2857142857142857,10000,0,2,21-25
9515,7,Blue One L,5000,2,Centre,Female,26,1,176,0.2857142857142857,10000,0,2,26-30
9516,7,Blue One L,5000,3,Centre,Male,28,0,178,0.42857142857142855,15000,0,2,26-30
9517,7,Blue One L,5000,3,North West,Female,24,0,170,0.42857142857142855,15000,0,2,21-25
9518,7,Blue One L,5000,0,Littoral,Male,31,1,174,0.0,0,1,2,>30
9519,7,Blue One L,5000,0,South,Male,22,1,174,0.0,0,1,2,21-25
9520,7,Blue One L,5000,2,East,Female,29,1,170,0.2857142857142857,10000,0,2,26-30
9521,8,Blue One L,5000,2,South,Male,25,1,204,0.25,10000,0,1,21-25
9522,8,Blue One L,5000,2,Centre,Female,32,0,207,0.25,10000,0,1,>30
9523,8,Blue One L,5000,2,Centre,Female,28,1,202,0.25,10000,0,1,26-30
9524,8,Blue One L,5000,2,Adamawa,Female,29,0,195,0.25,10000,0,1,26-30
9525,7,Blue One L,5000,3,West,Female,31,0,192,0.42857142857142855,15000,0,1,>30
9526,8,Blue One L,5000,3,Centre,Male,27,0,203,0.375,15000,0,1,26-30
9527,7,Blue One L,5000,2,East,Female,30,1,187,0.2857142857142857,10000,0,1,26-30
9528,8,Blue One L,5000,2,South,Female,33,1,198,0.25,10000,0,1,>30
9529,8,Blue One L,5000,2,Centre,Male,26,1,199,0.25,10000,0,1,26-30
9530,8,Blue One L,5000,2,Far North,Male,23,1,195,0.25,10000,0,1,21-25
9531,6,Blue One M,3000,0,North,Male,22,1,161,0.0,0,1,2,21-25
9533,7,Blue One L,5000,0,Centre,Male,24,1,166,0.0,0,1,2,21-25
9534,7,Blue One L,5000,3,South West,Female,28,0,173,0.42857142857142855,15000,0,2,26-30
9535,7,Blue One L,5000,2,Littoral,Female,27,0,179,0.2857142857142857,10000,0,1,26-30
9536,7,Blue One L,5000,2,South,Female,29,1,188,0.2857142857142857,10000,0,1,26-30
9537,4,Blue One M,3000,2,Littoral,Male,23,0,89,0.5,6000,0,4,21-25
9538,7,Blue One L,5000,0,Far North,Female,33,1,193,0.0,0,1,1,>30
9540,6,Blue One M,3000,2,South,Female,28,1,145,0.3333333333333333,6000,0,3,26-30
9541,8,Blue One L,5000,2,Centre,Male,27,1,196,0.25,10000,0,1,26-30
9542,7,Blue One L,5000,2,South West,Male,24,1,182,0.2857142857142857,10000,0,1,21-25
9543,6,Blue One M,3000,0,North,Female,31,1,154,0.0,0,1,2,>30
9544,7,Blue One L,5000,2,East,Female,27,1,187,0.2857142857142857,10000,0,1,26-30
9545,7,Blue One L,5000,3,West,Male,28,0,178,0.42857142857142855,15000,0,1,26-30
9546,5,Blue One M,3000,3,West,Female,26,0,130,0.6,9000,0,3,26-30
9547,7,Blue One L,5000,2,North,Male,25,1,183,0.2857142857142857,10000,0,1,21-25
9548,7,Blue One L,5000,2,North,Male,28,0,182,0.2857142857142857,10000,0,1,26-30
9549,8,Blue One L,5000,2,Far North,Male,25,0,196,0.25,10000,0,1,21-25
9550,8,Blue One L,5000,3,North,Male,25,0,200,0.375,15000,0,1,21-25
9551,6,Blue One M,3000,0,Far North,Male,21,1,157,0.0,0,1,2,21-25
9552,7,Blue One L,5000,2,South,Male,28,1,173,0.2857142857142857,10000,0,2,26-30
9553,6,Blue One M,3000,3,Centre,Male,25,0,144,0.5,9000,0,3,21-25
9554,4,Blue One M,3000,3,West,Male,21,0,103,0.75,9000,0,4,21-25
9555,6,Blue One M,3000,3,South West,Male,28,0,145,0.5,9000,0,3,26-30
9556,4,Blue One M,3000,2,South West,Male,28,0,90,0.5,6000,0,4,26-30
9557,7,Blue One L,5000,2,Far North,Female,28,0,181,0.2857142857142857,10000,0,1,26-30
9558,6,Blue One M,3000,2,Centre,Female,22,1,152,0.3333333333333333,6000,0,2,21-25
9559,7,Blue One L,5000,0,Far North,Male,25,1,191,0.0,0,1,1,21-25
9560,5,Blue One M,3000,3,West,Female,26,0,129,0.6,9000,0,3,26-30
9561,8,Blue One L,5000,0,South,Female,27,1,199,0.0,0,1,1,26-30
9562,6,Blue One M,3000,2,Centre,Male,22,1,149,0.3333333333333333,6000,0,3,21-25
9563,7,Blue One L,5000,0,Adamawa,Male,30,1,180,0.0,0,1,1,26-30
9564,7,Blue One L,5000,2,South West,Male,30,1,194,0.2857142857142857,10000,0,1,26-30
9565,8,Blue One L,5000,2,North West,Female,30,1,207,0.25,10000,0,1,26-30
9566,7,Blue One L,5000,3,West,Female,29,0,175,0.42857142857142855,15000,0,2,26-30
9567,7,Blue One L,5000,2,Centre,Female,29,1,165,0.2857142857142857,10000,0,2,26-30
9568,8,Blue One L,5000,2,North West,Male,29,0,195,0.25,10000,0,1,26-30
9569,7,Blue One L,5000,2,North,Male,26,1,181,0.2857142857142857,10000,0,1,26-30
9570,7,Blue One L,5000,0,East,Male,26,1,194,0.0,0,1,1,26-30
9571,7,Blue One L,5000,3,South,Female,29,0,175,0.42857142857142855,15000,0,2,26-30
9572,7,Blue One L,5000,0,North,Male,28,1,189,0.0,0,1,1,26-30
9573,7,Blue One L,5000,3,Adamawa,Male,21,0,177,0.42857142857142855,15000,0,2,21-25
9574,7,Blue One L,5000,3,Far North,Male,29,0,192,0.42857142857142855,15000,0,1,26-30
9575,5,Blue One M,3000,3,Far North,Female,26,0,129,0.6,9000,0,3,26-30
9576,7,Blue One L,5000,0,South,Female,23,1,177,0.0,0,1,2,21-25
9577,8,Blue One L,5000,2,South,Female,23,1,198,0.25,10000,0,1,21-25
9580,7,Blue One L,5000,0,North,Female,29,1,189,0.0,0,1,1,26-30
9581,5,Blue One M,3000,0,West,Female,20,1,133,0.0,0,1,3,<=20
9582,6,Blue One M,3000,0,North West,Male,24,1,150,0.0,0,1,2,21-25
9583,6,Blue One M,3000,3,Centre,Female,24,0,136,0.5,9000,0,3,21-25
9584,5,Blue One M,3000,2,North,Female,22,1,115,0.4,6000,0,4,21-25
9585,6,Blue One M,3000,0,Centre,Female,21,1,145,0.0,0,1,3,21-25
9586,6,Blue One M,3000,3,Centre,Female,23,0,156,0.5,9000,0,2,21-25
9587,6,Blue One M,3000,2,Littoral,Female,26,1,153,0.3333333333333333,6000,0,2,26-30
9588,6,Blue One M,3000,0,Adamawa,Male,20,1,154,0.0,0,1,2,<=20
9589,6,Blue One M,3000,2,North,Male,23,1,163,0.3333333333333333,6000,0,2,21-25
9590,6,Blue One M,3000,0,Adamawa,Female,23,1,135,0.0,0,1,3,21-25
9591,6,Blue One M,3000,0,North,Female,26,1,154,0.0,0,1,2,26-30
9592,6,Blue One M,3000,2,Adamawa,Male,30,0,150,0.3333333333333333,6000,0,2,26-30
9593,5,Blue One M,3000,2,South West,Female,23,0,118,0.4,6000,0,4,21-25
9594,5,Blue One M,3000,3,North,Female,30,0,123,0.6,9000,0,3,26-30
9595,4,Blue One M,3000,0,Adamawa,Male,22,1,97,0.0,0,1,4,21-25
9596,5,Blue One M,3000,2,North,Male,22,0,122,0.4,6000,0,3,21-25
9597,5,Blue One M,3000,2,North West,Male,22,1,129,0.4,6000,0,3,21-25
9598,5,Blue One M,3000,2,South West,Female,21,0,112,0.4,6000,0,4,21-25
9599,5,Blue One M,3000,2,Centre,Male,28,1,124,0.4,6000,0,3,26-30
9600,6,Blue One M,3000,3,West,Male,23,0,143,0.5,9000,0,3,21-25
9601,6,Blue One M,3000,0,South West,Male,24,1,161,0.0,0,1,2,21-25
9602,6,Blue One M,3000,2,Adamawa,Male,26,0,141,0.3333333333333333,6000,0,3,26-30
9603,4,Blue One M,3000,3,East,Male,31,0,90,0.75,9000,0,4,>30
9605,7,Blue One L,5000,2,Adamawa,Female,25,1,178,0.2857142857142857,10000,0,1,21-25
9606,6,Blue One M,3000,2,South,Female,27,1,145,0.3333333333333333,6000,0,3,26-30
9607,6,Blue One M,3000,0,Littoral,Male,23,1,164,0.0,0,1,2,21-25
9608,7,Blue One L,5000,2,South West,Female,33,1,193,0.2857142857142857,10000,0,1,>30
9609,6,Blue One M,3000,3,North West,Male,19,0,154,0.5,9000,0,2,<=20
9610,5,Blue One M,3000,0,North West,Female,28,1,124,0.0,0,1,3,26-30
9612,7,Blue One L,5000,3,North,Male,29,0,171,0.42857142857142855,15000,0,2,26-30
9614,5,Blue One M,3000,2,South,Male,26,0,117,0.4,6000,0,4,26-30
9615,7,Blue One L,5000,3,South,Female,33,0,182,0.42857142857142855,15000,0,1,>30
9616,7,Blue One L,5000,2,Littoral,Male,27,1,179,0.2857142857142857,10000,0,1,26-30
9617,8,Blue One L,5000,2,North,Male,30,1,196,0.25,10000,0,1,26-30
9618,7,Blue One L,5000,0,South West,Female,24,1,176,0.0,0,1,2,21-25
9619,6,Blue One M,3000,2,North West,Male,23,0,157,0.3333333333333333,6000,0,2,21-25
9620,5,Blue One M,3000,2,North,Male,27,1,117,0.4,6000,0,4,26-30
9621,5,Blue One M,3000,3,South,Female,23,0,132,0.6,9000,0,3,21-25
9622,6,Blue One M,3000,0,East,Female,27,1,159,0.0,0,1,2,26-30
9623,7,Blue One L,5000,2,South,Male,27,0,194,0.2857142857142857,10000,0,1,26-30
9624,6,Blue One M,3000,2,North West,Female,25,0,164,0.3333333333333333,6000,0,2,21-25
9625,5,Blue One M,3000,2,Centre,Male,25,0,132,0.4,6000,0,3,21-25
9626,5,Blue One M,3000,0,Centre,Female,28,1,123,0.0,0,1,3,26-30
9627,6,Blue One M,3000,3,North,Male,21,0,145,0.5,9000,0,3,21-25
9628,7,Blue One L,5000,0,Centre,Male,23,1,184,0.0,0,1,1,21-25
9629,7,Blue One L,5000,2,Centre,Female,31,1,184,0.2857142857142857,10000,0,1,>30
9630,4,Blue One M,3000,2,North West,Male,27,1,90,0.5,6000,0,4,26-30
9631,4,Blue One M,3000,2,Adamawa,Male,22,0,97,0.5,6000,0,4,21-25
9632,7,Blue One L,5000,0,Adamawa,Male,23,1,174,0.0,0,1,2,21-25
9633,8,Blue One L,5000,0,North West,Male,30,1,201,0.0,0,1,1,26-30
9634,7,Blue One L,5000,3,West,Male,25,0,182,0.42857142857142855,15000,0,1,21-25
9635,7,Blue One L,5000,2,Adamawa,Male,25,1,192,0.2857142857142857,10000,0,1,21-25
9636,7,Blue One L,5000,0,South,Male,26,1,191,0.0,0,1,1,26-30
9637,7,Blue One L,5000,0,South West,Male,26,1,193,0.0,0,1,1,26-30
9638,7,Blue One L,5000,0,Centre,Female,30,1,193,0.0,0,1,1,26-30
9639,7,Blue One L,5000,3,Centre,Female,26,0,185,0.42857142857142855,15000,0,1,26-30
9640,7,Blue One L,5000,0,Littoral,Female,24,1,187,0.0,0,1,1,21-25
9641,7,Blue One L,5000,2,South,Female,26,1,192,0.2857142857142857,10000,0,1,26-30
9642,7,Blue One L,5000,0,Adamawa,Male,25,1,189,0.0,0,1,1,21-25
9643,7,Blue One L,5000,3,North West,Female,24,0,193,0.42857142857142855,15000,0,1,21-25
9644,7,Blue One L,5000,2,North,Male,29,1,188,0.2857142857142857,10000,0,1,26-30
9645,7,Blue One L,5000,2,North West,Male,27,1,182,0.2857142857142857,10000,0,1,26-30
9646,7,Blue One L,5000,2,East,Male,26,0,184,0.2857142857142857,10000,0,1,26-30
9647,7,Blue One L,5000,0,East,Female,29,1,189,0.0,0,1,1,26-30
9648,7,Blue One L,5000,0,Adamawa,Male,28,1,189,0.0,0,1,1,26-30
9649,8,Blue One L,5000,2,Adamawa,Male,27,1,195,0.25,10000,0,1,26-30
9650,7,Blue One L,5000,0,North,Male,22,1,190,0.0,0,1,1,21-25
9651,8,Blue One L,5000,3,South West,Male,25,0,196,0.375,15000,0,1,21-25
9652,7,Blue One L,5000,3,Littoral,Female,20,0,187,0.42857142857142855,15000,0,1,<=20
9653,8,Blue One L,5000,3,North,Male,24,0,201,0.375,15000,0,1,21-25
9654,4,Blue One M,3000,0,North,Female,25,1,102,0.0,0,1,4,21-25
9656,5,Blue One M,3000,2,South West,Female,22,0,109,0.4,6000,0,4,21-25
9657,4,Blue One M,3000,2,North West,Female,21,0,87,0.5,6000,0,5,21-25
9660,4,Blue One M,3000,3,North West,Male,20,0,81,0.75,9000,0,5,<=20
9662,4,Blue One M,3000,2,Littoral,Female,21,1,76,0.5,6000,0,5,21-25
9663,7,Blue One L,5000,2,Centre,Female,27,1,172,0.2857142857142857,10000,0,2,26-30
9664,7,Blue One L,5000,0,West,Female,25,1,173,0.0,0,1,2,21-25
9665,7,Blue One L,5000,2,South,Female,32,1,188,0.2857142857142857,10000,0,1,>30
9666,6,Blue One M,3000,2,North West,Female,24,0,160,0.3333333333333333,6000,0,2,21-25
9667,6,Blue One M,3000,0,Far North,Male,21,1,159,0.0,0,1,2,21-25
9668,7,Blue One L,5000,0,North,Female,29,1,170,0.0,0,1,2,26-30
9669,7,Blue One L,5000,2,Adamawa,Female,27,0,179,0.2857142857142857,10000,0,1,26-30
9670,8,Blue One L,5000,3,West,Female,28,0,196,0.375,15000,0,1,26-30
9671,7,Blue One L,5000,2,North,Male,28,1,194,0.2857142857142857,10000,0,1,26-30
9672,6,Blue One M,3000,2,Littoral,Female,25,0,159,0.3333333333333333,6000,0,2,21-25
9673,8,Blue One L,5000,0,East,Female,25,1,200,0.0,0,1,1,21-25
9674,8,Blue One L,5000,0,East,Male,31,1,202,0.0,0,1,1,>30
9676,3,Blue One S,2000,2,South West,Male,17,0,61,0.6666666666666666,4000,0,5,<=20
9678,6,Blue One M,3000,2,East,Male,31,0,151,0.3333333333333333,6000,0,2,>30
9681,6,Blue One M,3000,0,Littoral,Female,28,1,138,0.0,0,1,3,26-30
9682,6,Blue One M,3000,3,Adamawa,Male,26,0,146,0.5,9000,0,3,26-30
9683,6,Blue One M,3000,2,North,Male,26,0,144,0.3333333333333333,6000,0,3,26-30
9684,6,Blue One M,3000,0,North West,Male,24,1,157,0.0,0,1,2,21-25
9685,7,Blue One L,5000,3,Adamawa,Male,27,0,180,0.42857142857142855,15000,0,1,26-30
9686,8,Blue One L,5000,2,West,Female,29,0,202,0.25,10000,0,1,26-30
9687,8,Blue One L,5000,0,Far North,Male,28,1,196,0.0,0,1,1,26-30
9688,7,Blue One L,5000,0,Far North,Male,25,1,194,0.0,0,1,1,21-25
9689,7,Blue One L,5000,2,Littoral,Male,27,0,193,0.2857142857142857,10000,0,1,26-30
9690,7,Blue One L,5000,2,East,Male,26,1,193,0.2857142857142857,10000,0,1,26-30
9691,7,Blue One L,5000,0,South West,Male,25,1,186,0.0,0,1,1,21-25
9692,7,Blue One L,5000,3,North,Male,23,0,178,0.42857142857142855,15000,0,1,21-25
9693,6,Blue One M,3000,2,North,Female,27,0,164,0.3333333333333333,6000,0,2,26-30
9694,6,Blue One M,3000,2,North,Male,21,0,153,0.3333333333333333,6000,0,2,21-25
9695,5,Blue One M,3000,2,South,Female,27,1,109,0.4,6000,0,4,26-30
9696,6,Blue One M,3000,0,Adamawa,Female,23,1,146,0.0,0,1,3,21-25
9697,6,Blue One M,3000,2,Far North,Female,24,1,157,0.3333333333333333,6000,0,2,21-25
9698,8,Blue One L,5000,3,Adamawa,Male,28,0,207,0.375,15000,0,1,26-30
9699,8,Blue One L,5000,2,Centre,Male,25,0,205,0.25,10000,0,1,21-25
9700,7,Blue One L,5000,2,Far North,Female,28,1,181,0.2857142857142857,10000,0,1,26-30
9701,8,Blue One L,5000,2,North West,Female,30,1,198,0.25,10000,0,1,26-30
9702,8,Blue One L,5000,3,North West,Male,33,0,195,0.375,15000,0,1,>30
9703,8,Blue One L,5000,0,East,Female,26,1,202,0.0,0,1,1,26-30
9704,7,Blue One L,5000,2,Adamawa,Male,21,1,194,0.2857142857142857,10000,0,1,21-25
9705,7,Blue One L,5000,2,South West,Female,25,1,193,0.2857142857142857,10000,0,1,21-25
9706,5,Blue One M,3000,3,South,Female,24,0,109,0.6,9000,0,4,21-25
9707,8,Blue One L,5000,2,South,Male,33,1,201,0.25,10000,0,1,>30
9708,7,Blue One L,5000,0,Centre,Female,25,1,193,0.0,0,1,1,21-25
9709,7,Blue One L,5000,3,South,Female,26,0,194,0.42857142857142855,15000,0,1,26-30
9710,8,Blue One L,5000,3,Littoral,Male,26,0,198,0.375,15000,0,1,26-30
9711,8,Blue One L,5000,0,North West,Female,28,1,200,0.0,0,1,1,26-30
9712,7,Blue One L,5000,2,West,Female,24,1,188,0.2857142857142857,10000,0,1,21-25
9713,4,Blue One M,3000,2,North West,Male,25,0,97,0.5,6000,0,4,21-25
9714,4,Blue One M,3000,3,South,Female,23,0,104,0.75,9000,0,4,21-25
9715,6,Blue One M,3000,3,Far North,Male,27,0,161,0.5,9000,0,2,26-30
9716,8,Blue One L,5000,0,South,Male,25,1,195,0.0,0,1,1,21-25
9717,7,Blue One L,5000,2,North,Male,26,0,179,0.2857142857142857,10000,0,1,26-30
9718,7,Blue One L,5000,0,North West,Male,26,1,182,0.0,0,1,1,26-30
9719,8,Blue One L,5000,0,South,Female,23,1,202,0.0,0,1,1,21-25
9720,7,Blue One L,5000,2,Adamawa,Female,28,0,175,0.2857142857142857,10000,0,2,26-30
9721,7,Blue One L,5000,2,North West,Female,30,0,166,0.2857142857142857,10000,0,2,26-30
9722,5,Blue One M,3000,2,North West,Male,22,1,115,0.4,6000,0,4,21-25
9723,6,Blue One M,3000,0,Littoral,Male,24,1,153,0.0,0,1,2,21-25
9724,7,Blue One L,5000,2,South,Male,27,0,193,0.2857142857142857,10000,0,1,26-30
9725,7,Blue One L,5000,2,North,Male,24,1,193,0.2857142857142857,10000,0,1,21-25
9726,6,Blue One M,3000,2,Adamawa,Male,22,0,159,0.3333333333333333,6000,0,2,21-25
9727,7,Blue One L,5000,2,Centre,Male,27,0,166,0.2857142857142857,10000,0,2,26-30
9728,7,Blue One L,5000,2,North,Male,21,0,165,0.2857142857142857,10000,0,2,21-25
9729,7,Blue One L,5000,0,North,Male,28,1,165,0.0,0,1,2,26-30
9730,7,Blue One L,5000,0,West,Female,23,1,164,0.0,0,1,2,21-25
9731,6,Blue One M,3000,2,Far North,Female,27,0,159,0.3333333333333333,6000,0,2,26-30
9732,7,Blue One L,5000,2,North,Male,25,1,175,0.2857142857142857,10000,0,2,21-25
9733,7,Blue One L,5000,0,South West,Female,24,1,171,0.0,0,1,2,21-25
9734,7,Blue One L,5000,2,East,Male,28,0,175,0.2857142857142857,10000,0,2,26-30
9735,7,Blue One L,5000,2,Far North,Male,27,0,174,0.2857142857142857,10000,0,2,26-30
9736,7,Blue One L,5000,2,Littoral,Male,29,0,170,0.2857142857142857,10000,0,2,26-30
9737,7,Blue One L,5000,2,West,Female,31,0,184,0.2857142857142857,10000,0,1,>30
9738,7,Blue One L,5000,3,Littoral,Female,31,0,187,0.42857142857142855,15000,0,1,>30
9739,7,Blue One L,5000,0,Centre,Female,25,1,181,0.0,0,1,1,21-25
9740,7,Blue One L,5000,2,North West,Female,25,0,188,0.2857142857142857,10000,0,1,21-25
9741,7,Blue One L,5000,3,Adamawa,Female,29,0,172,0.42857142857142855,15000,0,2,26-30
9742,7,Blue One L,5000,2,Centre,Male,27,1,180,0.2857142857142857,10000,0,1,26-30
9743,7,Blue One L,5000,2,Adamawa,Male,29,1,188,0.2857142857142857,10000,0,1,26-30
9744,7,Blue One L,5000,3,West,Female,25,0,191,0.42857142857142855,15000,0,1,21-25
9745,8,Blue One L,5000,2,West,Male,28,1,195,0.25,10000,0,1,26-30
9746,7,Blue One L,5000,3,Centre,Female,21,0,194,0.42857142857142855,15000,0,1,21-25
9747,7,Blue One L,5000,2,Adamawa,Male,18,1,192,0.2857142857142857,10000,0,1,<=20
9748,7,Blue One L,5000,2,South,Male,26,0,185,0.2857142857142857,10000,0,1,26-30
9749,7,Blue One L,5000,2,North West,Male,26,1,191,0.2857142857142857,10000,0,1,26-30
9750,7,Blue One L,5000,0,West,Male,23,1,191,0.0,0,1,1,21-25
9751,7,Blue One L,5000,2,South West,Female,28,1,190,0.2857142857142857,10000,0,1,26-30
9752,7,Blue One L,5000,2,East,Female,24,1,190,0.2857142857142857,10000,0,1,21-25
9753,7,Blue One L,5000,2,North,Male,25,1,192,0.2857142857142857,10000,0,1,21-25
9754,7,Blue One L,5000,2,Centre,Female,27,0,194,0.2857142857142857,10000,0,1,26-30
9755,7,Blue One L,5000,2,South,Male,26,0,194,0.2857142857142857,10000,0,1,26-30
9756,8,Blue One L,5000,0,Adamawa,Male,24,1,194,0.0,0,1,1,21-25
9758,7,Blue One L,5000,3,Littoral,Male,26,0,191,0.42857142857142855,15000,0,1,26-30
9759,7,Blue One L,5000,3,Far North,Male,24,0,185,0.42857142857142855,15000,0,1,21-25
9760,7,Blue One L,5000,0,Far North,Male,26,1,188,0.0,0,1,1,26-30
9761,7,Blue One L,5000,2,South,Female,25,1,190,0.2857142857142857,10000,0,1,21-25
9762,7,Blue One L,5000,3,East,Female,29,0,189,0.42857142857142855,15000,0,1,26-30
9763,7,Blue One L,5000,2,South West,Female,33,1,181,0.2857142857142857,10000,0,1,>30
9764,7,Blue One L,5000,2,Littoral,Male,24,1,182,0.2857142857142857,10000,0,1,21-25
9765,7,Blue One L,5000,0,Littoral,Female,33,1,187,0.0,0,1,1,>30
9766,7,Blue One L,5000,0,North,Male,21,1,174,0.0,0,1,2,21-25
9767,7,Blue One L,5000,0,Adamawa,Male,25,1,188,0.0,0,1,1,21-25
9768,5,Blue One M,3000,0,Littoral,Female,25,1,118,0.0,0,1,4,21-25
9769,4,Blue One M,3000,3,Far North,Male,28,0,96,0.75,9000,0,4,26-30
9770,4,Blue One M,3000,2,West,Male,27,0,104,0.5,6000,0,4,26-30
9771,4,Blue One M,3000,0,West,Female,24,1,97,0.0,0,1,4,21-25
9772,4,Blue One M,3000,3,North,Male,26,0,96,0.75,9000,0,4,26-30
9773,4,Blue One M,3000,2,North West,Female,27,0,81,0.5,6000,0,5,26-30
9774,4,Blue One M,3000,2,Centre,Female,22,0,80,0.5,6000,0,5,21-25
9775,6,Blue One M,3000,2,Adamawa,Female,22,0,137,0.3333333333333333,6000,0,3,21-25
9776,5,Blue One M,3000,3,Adamawa,Female,27,0,132,0.6,9000,0,3,26-30
9777,5,Blue One M,3000,3,Littoral,Male,30,0,122,0.6,9000,0,3,26-30
9778,4,Blue One M,3000,3,Littoral,Male,27,0,75,0.75,9000,0,5,26-30
9780,5,Blue One M,3000,0,Far North,Male,27,1,119,0.0,0,1,4,26-30
9781,5,Blue One M,3000,2,West,Female,26,0,131,0.4,6000,0,3,26-30
9782,6,Blue One M,3000,0,East,Male,29,1,160,0.0,0,1,2,26-30
9783,4,Blue One M,3000,3,West,Female,23,0,97,0.75,9000,0,4,21-25
9784,4,Blue One M,3000,2,South,Female,21,0,104,0.5,6000,0,4,21-25
9785,4,Blue One M,3000,3,East,Female,18,0,82,0.75,9000,0,5,<=20
9786,4,Blue One M,3000,2,South West,Male,21,0,94,0.5,6000,0,4,21-25
9787,5,Blue One M,3000,2,Far North,Female,26,0,108,0.4,6000,0,4,26-30
9788,4,Blue One M,3000,2,North West,Male,26,0,76,0.5,6000,0,5,26-30
9789,5,Blue One M,3000,0,South West,Male,23,1,125,0.0,0,1,3,21-25
9790,5,Blue One M,3000,2,North West,Female,29,1,124,0.4,6000,0,3,26-30
9791,6,Blue One M,3000,0,South,Female,28,1,138,0.0,0,1,3,26-30
9792,4,Blue One M,3000,2,Far North,Female,24,0,75,0.5,6000,0,5,21-25
9793,6,Blue One M,3000,3,Centre,Male,26,0,144,0.5,9000,0,3,26-30
9794,4,Blue One M,3000,0,Centre,Male,25,1,75,0.0,0,1,5,21-25
9795,3,Blue One S,2000,1,North West,Male,22,0,74,0.3333333333333333,2000,0,5,21-25
9796,6,Blue One M,3000,0,South West,Female,23,1,151,0.0,0,1,2,21-25
9797,5,Blue One M,3000,2,Centre,Female,24,0,132,0.4,6000,0,3,21-25
9798,6,Blue One M,3000,0,Centre,Male,24,1,137,0.0,0,1,3,21-25
9799,4,Blue One M,3000,2,North,Female,21,0,97,0.5,6000,0,4,21-25
9800,5,Blue One M,3000,0,East,Female,28,1,123,0.0,0,1,3,26-30
9801,5,Blue One M,3000,2,North,Male,24,0,105,0.4,6000,0,4,21-25
9802,4,Blue One M,3000,2,Centre,Female,19,0,104,0.5,6000,0,4,<=20
9803,4,Blue One M,3000,2,Centre,Female,21,0,87,0.5,6000,0,5,21-25
9805,4,Blue One M,3000,0,North,Female,26,1,75,0.0,0,1,5,26-30
9807,5,Blue One M,3000,2,Littoral,Male,21,1,109,0.4,6000,0,4,21-25
9808,7,Blue One L,5000,2,Adamawa,Female,28,1,175,0.2857142857142857,10000,0,2,26-30
9809,6,Blue One M,3000,0,East,Female,26,1,146,0.0,0,1,3,26-30
9810,4,Blue One M,3000,2,Centre,Female,25,0,103,0.5,6000,0,4,21-25
9811,7,Blue One L,5000,2,North,Male,28,0,177,0.2857142857142857,10000,0,2,26-30
9812,6,Blue One M,3000,0,Far North,Female,29,1,140,0.0,0,1,3,26-30
9813,5,Blue One M,3000,2,Adamawa,Female,21,1,114,0.4,6000,0,4,21-25
9814,8,Blue One L,5000,3,North,Male,27,0,206,0.375,15000,0,1,26-30
9815,5,Blue One M,3000,0,Centre,Male,24,1,122,0.0,0,1,3,21-25
9816,7,Blue One L,5000,3,West,Female,28,0,192,0.42857142857142855,15000,0,1,26-30
9817,7,Blue One L,5000,0,Littoral,Female,22,1,167,0.0,0,1,2,21-25
9818,6,Blue One M,3000,3,West,Female,24,0,161,0.5,9000,0,2,21-25
9819,5,Blue One M,3000,3,South West,Male,24,0,119,0.6,9000,0,4,21-25
9820,7,Blue One L,5000,3,South West,Female,24,0,181,0.42857142857142855,15000,0,1,21-25
9821,8,Blue One L,5000,2,South,Male,27,1,203,0.25,10000,0,1,26-30
9822,8,Blue One L,5000,0,Adamawa,Male,22,1,200,0.0,0,1,1,21-25
9823,7,Blue One L,5000,0,Centre,Male,30,1,193,0.0,0,1,1,26-30
9824,8,Blue One L,5000,2,Centre,Female,30,0,200,0.25,10000,0,1,26-30
9825,8,Blue One L,5000,0,Littoral,Male,26,1,203,0.0,0,1,1,26-30
9826,8,Blue One L,5000,0,Far North,Female,28,1,203,0.0,0,1,1,26-30
9827,8,Blue One L,5000,0,Littoral,Male,25,1,203,0.0,0,1,1,21-25
9828,8,Blue One L,5000,0,West,Male,28,1,195,0.0,0,1,1,26-30
9829,6,Blue One M,3000,0,East,Male,23,1,147,0.0,0,1,3,21-25
9830,5,Blue One M,3000,3,Far North,Male,21,0,122,0.6,9000,0,3,21-25
9831,4,Blue One M,3000,0,South,Female,21,1,101,0.0,0,1,4,21-25
9832,4,Blue One M,3000,2,South,Female,24,0,97,0.5,6000,0,4,21-25
9833,4,Blue One M,3000,2,Adamawa,Male,25,0,99,0.5,6000,0,4,21-25
9834,4,Blue One M,3000,3,Adamawa,Female,26,0,96,0.75,9000,0,4,26-30
9835,4,Blue One M,3000,3,Far North,Male,21,0,100,0.75,9000,0,4,21-25
9837,5,Blue One M,3000,3,North,Male,18,0,109,0.6,9000,0,4,<=20
9838,5,Blue One M,3000,3,East,Male,32,0,111,0.6,9000,0,4,>30
9839,4,Blue One M,3000,2,Far North,Male,22,0,91,0.5,6000,0,4,21-25
9842,4,Blue One M,3000,3,North West,Male,25,0,102,0.75,9000,0,4,21-25
9844,4,Blue One M,3000,2,Centre,Male,22,0,84,0.5,6000,0,5,21-25
9845,4,Blue One M,3000,3,Far North,Male,20,0,102,0.75,9000,0,4,<=20
9846,6,Blue One M,3000,0,Adamawa,Male,27,1,151,0.0,0,1,2,26-30
9847,6,Blue One M,3000,3,Far North,Male,22,0,150,0.5,9000,0,2,21-25
9848,6,Blue One M,3000,3,Centre,Male,27,0,147,0.5,9000,0,3,26-30
9849,6,Blue One M,3000,2,South,Female,24,0,140,0.3333333333333333,6000,0,3,21-25
9850,6,Blue One M,3000,2,Centre,Male,23,1,150,0.3333333333333333,6000,0,2,21-25
9851,6,Blue One M,3000,2,Centre,Male,28,0,149,0.3333333333333333,6000,0,3,26-30
9852,6,Blue One M,3000,0,North,Male,27,1,150,0.0,0,1,2,26-30
9853,6,Blue One M,3000,3,Centre,Male,23,0,146,0.5,9000,0,3,21-25
9854,6,Blue One M,3000,2,South West,Female,30,0,150,0.3333333333333333,6000,0,2,26-30
9855,6,Blue One M,3000,0,Littoral,Male,19,1,148,0.0,0,1,3,<=20
9856,6,Blue One M,3000,2,Littoral,Male,25,0,147,0.3333333333333333,6000,0,3,21-25
9857,6,Blue One M,3000,0,Littoral,Male,26,1,146,0.0,0,1,3,26-30
9858,6,Blue One M,3000,0,West,Female,22,1,145,0.0,0,1,3,21-25
9859,6,Blue One M,3000,0,Littoral,Male,23,1,145,0.0,0,1,3,21-25
9860,5,Blue One M,3000,0,South,Male,22,1,121,0.0,0,1,3,21-25
9861,6,Blue One M,3000,2,Adamawa,Female,25,0,138,0.3333333333333333,6000,0,3,21-25
9862,5,Blue One M,3000,2,Far North,Female,21,0,122,0.4,6000,0,3,21-25
9863,6,Blue One M,3000,2,North,Male,25,0,144,0.3333333333333333,6000,0,3,21-25
9864,6,Blue One M,3000,0,North West,Male,24,1,138,0.0,0,1,3,21-25
9865,6,Blue One M,3000,2,Littoral,Male,26,0,135,0.3333333333333333,6000,0,3,26-30
9866,5,Blue One M,3000,2,North West,Male,23,1,125,0.4,6000,0,3,21-25
9867,5,Blue One M,3000,3,Adamawa,Male,27,0,111,0.6,9000,0,4,26-30
9868,5,Blue One M,3000,2,Far North,Female,26,0,131,0.4,6000,0,3,26-30
9869,5,Blue One M,3000,2,Centre,Male,23,0,128,0.4,6000,0,3,21-25
9870,5,Blue One M,3000,0,Adamawa,Female,24,1,126,0.0,0,1,3,21-25
9871,5,Blue One M,3000,3,West,Female,24,0,120,0.6,9000,0,3,21-25
9872,5,Blue One M,3000,2,North West,Male,27,1,118,0.4,6000,0,4,26-30
9873,5,Blue One M,3000,3,Adamawa,Male,25,0,114,0.6,9000,0,4,21-25
9874,5,Blue One M,3000,2,North West,Female,22,1,105,0.4,6000,0,4,21-25
9875,4,Blue One M,3000,3,South West,Male,26,0,91,0.75,9000,0,4,26-30
9876,8,Blue One L,5000,0,Littoral,Male,24,1,203,0.0,0,1,1,21-25
9877,7,Blue One L,5000,0,Littoral,Male,27,1,168,0.0,0,1,2,26-30
9878,6,Blue One M,3000,2,East,Female,24,1,153,0.3333333333333333,6000,0,2,21-25
9879,7,Blue One L,5000,0,North West,Female,30,1,186,0.0,0,1,1,26-30
9881,8,Blue One L,5000,3,Adamawa,Female,29,0,196,0.375,15000,0,1,26-30
9882,7,Blue One L,5000,2,Adamawa,Female,33,1,186,0.2857142857142857,10000,0,1,>30
9883,7,Blue One L,5000,2,North West,Male,18,0,182,0.2857142857142857,10000,0,1,<=20
9884,7,Blue One L,5000,3,East,Male,25,0,193,0.42857142857142855,15000,0,1,21-25
9885,7,Blue One L,5000,2,West,Female,26,1,186,0.2857142857142857,10000,0,1,26-30
9886,7,Blue One L,5000,0,West,Female,28,1,192,0.0,0,1,1,26-30
9887,8,Blue One L,5000,2,North,Female,31,1,197,0.25,10000,0,1,>30
9888,6,Blue One M,3000,2,North,Female,25,1,159,0.3333333333333333,6000,0,2,21-25
9889,8,Blue One L,5000,2,North West,Male,27,1,199,0.25,10000,0,1,26-30
9890,7,Blue One L,5000,2,Littoral,Male,26,1,180,0.2857142857142857,10000,0,1,26-30
9891,7,Blue One L,5000,3,West,Male,23,0,181,0.42857142857142855,15000,0,1,21-25
9892,7,Blue One L,5000,3,East,Female,29,0,184,0.42857142857142855,15000,0,1,26-30
9894,5,Blue One M,3000,3,South West,Male,26,0,133,0.6,9000,0,3,26-30
9895,7,Blue One L,5000,3,South,Male,23,0,181,0.42857142857142855,15000,0,1,21-25
9896,7,Blue One L,5000,2,North West,Female,31,0,188,0.2857142857142857,10000,0,1,>30
9897,5,Blue One M,3000,2,North,Male,21,1,132,0.4,6000,0,3,21-25
9898,7,Blue One L,5000,0,South West,Male,25,1,166,0.0,0,1,2,21-25
9899,4,Blue One M,3000,3,Far North,Female,24,0,95,0.75,9000,0,4,21-25
9900,5,Blue One M,3000,3,East,Female,24,0,125,0.6,9000,0,3,21-25
9901,5,Blue One M,3000,0,Littoral,Female,22,1,112,0.0,0,1,4,21-25
9902,7,Blue One L,5000,2,West,Male,31,0,187,0.2857142857142857,10000,0,1,>30
9903,6,Blue One M,3000,2,South West,Male,28,1,138,0.3333333333333333,6000,0,3,26-30
9904,6,Blue One M,3000,2,South,Female,22,0,145,0.3333333333333333,6000,0,3,21-25
9905,8,Blue One L,5000,2,East,Male,29,0,208,0.25,10000,0,1,26-30
9906,8,Blue One L,5000,0,North,Male,25,1,197,0.0,0,1,1,21-25
9907,4,Blue One M,3000,2,North,Male,23,0,95,0.5,6000,0,4,21-25
9908,8,Blue One L,5000,3,West,Female,26,0,202,0.375,15000,0,1,26-30
9909,6,Blue One M,3000,3,West,Female,30,0,154,0.5,9000,0,2,26-30
9911,8,Blue One L,5000,3,West,Male,26,0,199,0.375,15000,0,1,26-30
9912,6,Blue One M,3000,2,Littoral,Male,29,1,151,0.3333333333333333,6000,0,2,26-30
9913,7,Blue One L,5000,2,West,Male,23,1,193,0.2857142857142857,10000,0,1,21-25
9914,8,Blue One L,5000,3,Far North,Male,25,0,195,0.375,15000,0,1,21-25
9915,8,Blue One L,5000,2,Far North,Male,25,0,195,0.25,10000,0,1,21-25
9916,6,Blue One M,3000,3,Adamawa,Female,26,0,145,0.5,9000,0,3,26-30
9917,5,Blue One M,3000,0,South,Male,26,1,122,0.0,0,1,3,26-30
9918,8,Blue One L,5000,2,North,Male,18,0,202,0.25,10000,0,1,<=20
9919,5,Blue One M,3000,2,Centre,Male,22,1,131,0.4,6000,0,3,21-25
9920,7,Blue One L,5000,0,South,Male,27,1,166,0.0,0,1,2,26-30
9921,4,Blue One M,3000,0,Centre,Male,24,1,98,0.0,0,1,4,21-25
9922,7,Blue One L,5000,3,East,Male,28,0,182,0.42857142857142855,15000,0,1,26-30
9923,8,Blue One L,5000,3,East,Female,31,0,207,0.375,15000,0,1,>30
9924,6,Blue One M,3000,2,Littoral,Female,23,1,157,0.3333333333333333,6000,0,2,21-25
9925,7,Blue One L,5000,2,South West,Female,30,1,189,0.2857142857142857,10000,0,1,26-30
9926,7,Blue One L,5000,3,Littoral,Male,30,0,188,0.42857142857142855,15000,0,1,26-30
9927,5,Blue One M,3000,0,North,Male,25,1,116,0.0,0,1,4,21-25
9929,5,Blue One M,3000,3,Adamawa,Male,25,0,118,0.6,9000,0,4,21-25
9930,6,Blue One M,3000,3,Adamawa,Female,24,0,159,0.5,9000,0,2,21-25
9931,6,Blue One M,3000,2,North West,Female,25,1,144,0.3333333333333333,6000,0,3,21-25
9935,8,Blue One L,5000,2,Littoral,Female,29,0,206,0.25,10000,0,1,26-30
9936,4,Blue One M,3000,3,South,Male,17,0,90,0.75,9000,0,4,<=20
9937,7,Blue One L,5000,2,Adamawa,Female,25,1,181,0.2857142857142857,10000,0,1,21-25
9938,7,Blue One L,5000,3,North,Female,29,0,181,0.42857142857142855,15000,0,1,26-30
9939,7,Blue One L,5000,2,East,Female,27,1,179,0.2857142857142857,10000,0,1,26-30
9940,6,Blue One M,3000,2,East,Male,27,0,154,0.3333333333333333,6000,0,2,26-30
9941,5,Blue One M,3000,3,Centre,Male,25,0,125,0.6,9000,0,3,21-25
9942,6,Blue One M,3000,2,Far North,Male,25,0,147,0.3333333333333333,6000,0,3,21-25
9943,5,Blue One M,3000,3,Adamawa,Female,25,0,116,0.6,9000,0,4,21-25
9944,8,Blue One L,5000,2,Adamawa,Male,27,0,203,0.25,10000,0,1,26-30
9945,8,Blue One L,5000,0,Centre,Male,29,1,207,0.0,0,1,1,26-30
9946,8,Blue One L,5000,2,West,Female,26,1,207,0.25,10000,0,1,26-30
9947,8,Blue One L,5000,2,South,Female,27,1,203,0.25,10000,0,1,26-30
9948,8,Blue One L,5000,3,South West,Female,27,0,199,0.375,15000,0,1,26-30
9949,8,Blue One L,5000,2,South West,Male,28,0,195,0.25,10000,0,1,26-30
9950,8,Blue One L,5000,2,Littoral,Female,31,1,199,0.25,10000,0,1,>30
9951,8,Blue One L,5000,0,South,Male,33,1,195,0.0,0,1,1,>30
9952,7,Blue One L,5000,2,South,Female,25,1,193,0.2857142857142857,10000,0,1,21-25
9953,7,Blue One L,5000,2,South,Male,27,1,183,0.2857142857142857,10000,0,1,26-30
9954,6,Blue One M,3000,2,North,Male,29,0,156,0.3333333333333333,6000,0,2,26-30
9955,4,Blue One M,3000,2,Far North,Female,22,0,91,0.5,6000,0,4,21-25
9956,4,Blue One M,3000,2,Littoral,Male,22,0,85,0.5,6000,0,5,21-25
9957,4,Blue One M,3000,2,West,Male,25,0,83,0.5,6000,0,5,21-25
9958,4,Blue One M,3000,3,South West,Female,22,0,88,0.75,9000,0,5,21-25
9960,4,Blue One M,3000,3,Adamawa,Male,28,0,84,0.75,9000,0,5,26-30
9961,7,Blue One L,5000,3,North West,Female,30,0,188,0.42857142857142855,15000,0,1,26-30
9964,4,Blue One M,3000,2,South West,Female,22,0,104,0.5,6000,0,4,21-25
9967,7,Blue One L,5000,3,North West,Female,26,0,166,0.42857142857142855,15000,0,2,26-30
9970,4,Blue One M,3000,2,Adamawa,Male,23,0,101,0.5,6000,0,4,21-25
9971,7,Blue One L,5000,2,West,Female,26,1,188,0.2857142857142857,10000,0,1,26-30
9972,7,Blue One L,5000,0,West,Male,28,1,188,0.0,0,1,1,26-30
9973,7,Blue One L,5000,3,South West,Female,33,0,181,0.42857142857142855,15000,0,1,>30
9974,8,Blue One L,5000,0,Adamawa,Male,25,1,199,0.0,0,1,1,21-25
9975,7,Blue One L,5000,2,Far North,Male,24,1,166,0.2857142857142857,10000,0,2,21-25
9976,7,Blue One L,5000,2,Far North,Female,24,1,169,0.2857142857142857,10000,0,2,21-25
9977,5,Blue One M,3000,3,Far North,Male,24,0,109,0.6,9000,0,4,21-25
9978,6,Blue One M,3000,0,Littoral,Male,22,1,143,0.0,0,1,3,21-25
9979,6,Blue One M,3000,3,North,Male,32,0,138,0.5,9000,0,3,>30
9980,7,Blue One L,5000,2,Littoral,Female,32,0,193,0.2857142857142857,10000,0,1,>30
9981,8,Blue One L,5000,2,Centre,Female,29,0,201,0.25,10000,0,1,26-30
9982,8,Blue One L,5000,3,Far North,Male,23,0,200,0.375,15000,0,1,21-25
9983,8,Blue One L,5000,3,Littoral,Female,26,0,202,0.375,15000,0,1,26-30
9984,8,Blue One L,5000,2,East,Female,28,0,200,0.25,10000,0,1,26-30
9985,8,Blue One L,5000,2,North West,Female,31,0,205,0.25,10000,0,1,>30
9986,8,Blue One L,5000,2,Adamawa,Male,30,1,202,0.25,10000,0,1,26-30
9988,8,Blue One L,5000,0,Centre,Male,28,1,207,0.0,0,1,1,26-30
9989,8,Blue One L,5000,0,North,Female,28,1,206,0.0,0,1,1,26-30
9990,6,Blue One M,3000,3,North,Male,32,0,143,0.5,9000,0,3,>30
9991,7,Blue One L,5000,0,Littoral,Male,22,1,170,0.0,0,1,2,21-25
9992,6,Blue One M,3000,2,Adamawa,Female,29,1,136,0.3333333333333333,6000,0,3,26-30
9993,7,Blue One L,5000,2,Littoral,Male,30,1,170,0.2857142857142857,10000,0,2,26-30
9994,5,Blue One M,3000,2,North,Male,26,0,118,0.4,6000,0,4,26-30
9995,7,Blue One L,5000,0,South,Male,25,1,193,0.0,0,1,1,21-25
9996,7,Blue One L,5000,2,West,Male,28,1,193,0.2857142857142857,10000,0,1,26-30
9997,7,Blue One L,5000,3,North West,Male,24,0,187,0.42857142857142855,15000,0,1,21-25
9998,7,Blue One L,5000,2,Far North,Male,26,0,166,0.2857142857142857,10000,0,2,26-30
9999,7,Blue One L,5000,0,South West,Male,28,1,180,0.0,0,1,1,26-30
10000,7,Blue One L,5000,0,North,Male,28,1,191,0.0,0,1,1,26-30
10001,7,Blue One L,5000,0,North,Male,29,1,191,0.0,0,1,1,26-30
10002,7,Blue One L,5000,2,Far North,Male,24,1,177,0.2857142857142857,10000,0,2,21-25
10003,7,Blue One L,5000,0,South,Male,32,1,181,0.0,0,1,1,>30
10004,7,Blue One L,5000,2,East,Male,28,1,180,0.2857142857142857,10000,0,1,26-30
10005,7,Blue One L,5000,2,Littoral,Male,29,0,172,0.2857142857142857,10000,0,2,26-30
10006,7,Blue One L,5000,2,Centre,Female,29,0,177,0.2857142857142857,10000,0,2,26-30
10007,7,Blue One L,5000,2,Adamawa,Female,24,1,170,0.2857142857142857,10000,0,2,21-25
10008,6,Blue One M,3000,3,Adamawa,Male,24,0,144,0.5,9000,0,3,21-25
10009,7,Blue One L,5000,2,South West,Female,27,0,181,0.2857142857142857,10000,0,1,26-30
10010,7,Blue One L,5000,0,East,Male,28,1,180,0.0,0,1,1,26-30
10011,6,Blue One M,3000,0,North,Female,23,1,164,0.0,0,1,2,21-25
10012,5,Blue One M,3000,2,Centre,Female,20,0,129,0.4,6000,0,3,<=20
10013,7,Blue One L,5000,3,Far North,Male,24,0,170,0.42857142857142855,15000,0,2,21-25
10014,7,Blue One L,5000,0,West,Female,26,1,179,0.0,0,1,1,26-30
10015,7,Blue One L,5000,2,North West,Male,33,0,179,0.2857142857142857,10000,0,1,>30
10016,7,Blue One L,5000,0,Littoral,Male,28,1,172,0.0,0,1,2,26-30
10017,7,Blue One L,5000,0,South West,Female,25,1,171,0.0,0,1,2,21-25
10018,7,Blue One L,5000,0,North West,Male,27,1,175,0.0,0,1,2,26-30
10019,7,Blue One L,5000,0,Adamawa,Female,25,1,178,0.0,0,1,1,21-25
10020,7,Blue One L,5000,2,Adamawa,Male,29,1,178,0.2857142857142857,10000,0,2,26-30
10021,7,Blue One L,5000,0,Littoral,Male,26,1,172,0.0,0,1,2,26-30
10022,7,Blue One L,5000,0,Adamawa,Female,22,1,172,0.0,0,1,2,21-25
10023,7,Blue One L,5000,2,Far North,Male,29,1,172,0.2857142857142857,10000,0,2,26-30
10024,6,Blue One M,3000,0,Centre,Male,27,1,144,0.0,0,1,3,26-30
10025,8,Blue One L,5000,2,Far North,Male,26,1,207,0.25,10000,0,1,26-30
10026,7,Blue One L,5000,2,Centre,Female,24,1,184,0.2857142857142857,10000,0,1,21-25
10027,8,Blue One L,5000,2,South,Male,26,1,204,0.25,10000,0,1,26-30
10028,8,Blue One L,5000,2,Littoral,Male,25,1,202,0.25,10000,0,1,21-25
10029,8,Blue One L,5000,2,Centre,Male,33,0,204,0.25,10000,0,1,>30
10030,8,Blue One L,5000,2,West,Female,24,0,201,0.25,10000,0,1,21-25
10031,8,Blue One L,5000,0,Littoral,Female,33,1,197,0.0,0,1,1,>30
10032,7,Blue One L,5000,2,Far North,Male,24,1,192,0.2857142857142857,10000,0,1,21-25
10033,8,Blue One L,5000,0,East,Male,29,1,195,0.0,0,1,1,26-30
10034,7,Blue One L,5000,2,Littoral,Male,33,0,178,0.2857142857142857,10000,0,1,>30
10035,6,Blue One M,3000,2,Far North,Male,25,0,153,0.3333333333333333,6000,0,2,21-25
10036,6,Blue One M,3000,2,East,Female,22,0,151,0.3333333333333333,6000,0,2,21-25
10037,6,Blue One M,3000,0,Far North,Male,27,1,148,0.0,0,1,3,26-30
10038,6,Blue One M,3000,2,South West,Female,31,1,147,0.3333333333333333,6000,0,3,>30
10039,6,Blue One M,3000,0,Littoral,Male,26,1,146,0.0,0,1,3,26-30
10040,6,Blue One M,3000,0,North,Female,28,1,146,0.0,0,1,3,26-30
10041,6,Blue One M,3000,2,North West,Female,25,0,149,0.3333333333333333,6000,0,3,21-25
10042,6,Blue One M,3000,3,North West,Female,23,0,148,0.5,9000,0,3,21-25
10043,6,Blue One M,3000,0,East,Female,24,1,148,0.0,0,1,3,21-25
10044,5,Blue One M,3000,0,Centre,Male,23,1,130,0.0,0,1,3,21-25
10045,6,Blue One M,3000,2,South West,Female,25,1,135,0.3333333333333333,6000,0,3,21-25
10046,5,Blue One M,3000,2,East,Male,24,1,125,0.4,6000,0,3,21-25
10047,5,Blue One M,3000,2,Adamawa,Male,21,1,133,0.4,6000,0,3,21-25
10048,6,Blue One M,3000,0,Adamawa,Female,19,1,137,0.0,0,1,3,<=20
10049,6,Blue One M,3000,2,Adamawa,Female,26,1,135,0.3333333333333333,6000,0,3,26-30
10050,6,Blue One M,3000,2,West,Female,26,1,137,0.3333333333333333,6000,0,3,26-30
10051,5,Blue One M,3000,2,Centre,Female,21,0,111,0.4,6000,0,4,21-25
10052,5,Blue One M,3000,2,Centre,Male,22,1,126,0.4,6000,0,3,21-25
10053,5,Blue One M,3000,2,Littoral,Female,25,1,134,0.4,6000,0,3,21-25
10054,6,Blue One M,3000,3,Far North,Male,27,0,137,0.5,9000,0,3,26-30
10055,5,Blue One M,3000,3,South West,Female,22,0,124,0.6,9000,0,3,21-25
10056,6,Blue One M,3000,3,North West,Male,28,0,134,0.5,9000,0,3,26-30
10057,5,Blue One M,3000,3,North West,Female,21,0,131,0.6,9000,0,3,21-25
10058,5,Blue One M,3000,2,Adamawa,Male,24,0,131,0.4,6000,0,3,21-25
10059,5,Blue One M,3000,0,Far North,Male,22,1,127,0.0,0,1,3,21-25
10060,5,Blue One M,3000,2,Far North,Male,27,0,121,0.4,6000,0,3,26-30
10061,6,Blue One M,3000,2,North West,Male,27,0,139,0.3333333333333333,6000,0,3,26-30
10062,4,Blue One M,3000,2,North West,Male,17,0,97,0.5,6000,0,4,<=20
10063,5,Blue One M,3000,0,Far North,Female,27,1,117,0.0,0,1,4,26-30
10064,5,Blue One M,3000,2,East,Male,25,1,123,0.4,6000,0,3,21-25
10065,5,Blue One M,3000,2,South,Male,27,1,133,0.4,6000,0,3,26-30
10066,5,Blue One M,3000,2,Centre,Male,25,0,134,0.4,6000,0,3,21-25
10067,6,Blue One M,3000,2,North West,Male,23,1,135,0.3333333333333333,6000,0,3,21-25
10068,5,Blue One M,3000,3,Far North,Male,21,0,111,0.6,9000,0,4,21-25
10069,6,Blue One M,3000,2,North West,Male,23,1,135,0.3333333333333333,6000,0,3,21-25
10070,5,Blue One M,3000,2,Adamawa,Female,21,1,127,0.4,6000,0,3,21-25
10071,6,Blue One M,3000,2,Littoral,Female,24,1,136,0.3333333333333333,6000,0,3,21-25
10072,5,Blue One M,3000,3,West,Male,26,0,133,0.6,9000,0,3,26-30
10073,5,Blue One M,3000,3,Centre,Female,26,0,133,0.6,9000,0,3,26-30
10074,5,Blue One M,3000,0,Adamawa,Female,23,1,129,0.0,0,1,3,21-25
10075,6,Blue One M,3000,0,South,Female,24,1,134,0.0,0,1,3,21-25
10076,5,Blue One M,3000,0,North West,Male,24,1,124,0.0,0,1,3,21-25
10077,5,Blue One M,3000,2,East,Male,29,1,130,0.4,6000,0,3,26-30
10078,5,Blue One M,3000,2,East,Female,24,1,130,0.4,6000,0,3,21-25
10079,5,Blue One M,3000,0,Adamawa,Female,26,1,129,0.0,0,1,3,26-30
10080,5,Blue One M,3000,2,South,Female,20,1,126,0.4,6000,0,3,<=20
10081,5,Blue One M,3000,2,West,Male,24,0,126,0.4,6000,0,3,21-25
10082,6,Blue One M,3000,3,Centre,Male,24,0,152,0.5,9000,0,2,21-25
10083,6,Blue One M,3000,0,Far North,Male,27,1,152,0.0,0,1,2,26-30
10084,6,Blue One M,3000,0,Adamawa,Male,28,1,152,0.0,0,1,2,26-30
10085,6,Blue One M,3000,2,North West,Female,31,1,152,0.3333333333333333,6000,0,2,>30
10086,6,Blue One M,3000,3,South,Female,26,0,152,0.5,9000,0,2,26-30
10087,6,Blue One M,3000,2,East,Male,18,1,152,0.3333333333333333,6000,0,2,<=20
10088,6,Blue One M,3000,2,South West,Female,28,1,150,0.3333333333333333,6000,0,2,26-30
10089,6,Blue One M,3000,3,Far North,Male,26,0,151,0.5,9000,0,2,26-30
10090,6,Blue One M,3000,0,West,Male,25,1,151,0.0,0,1,2,21-25
10091,6,Blue One M,3000,0,West,Female,30,1,150,0.0,0,1,2,26-30
10092,6,Blue One M,3000,3,South,Female,25,0,149,0.5,9000,0,3,21-25
10093,6,Blue One M,3000,2,South,Female,27,1,141,0.3333333333333333,6000,0,3,26-30
10094,6,Blue One M,3000,3,Centre,Male,25,0,142,0.5,9000,0,3,21-25
10095,6,Blue One M,3000,0,North,Female,25,1,139,0.0,0,1,3,21-25
10096,6,Blue One M,3000,0,Far North,Female,30,1,147,0.0,0,1,3,26-30
10097,6,Blue One M,3000,3,Littoral,Female,28,0,146,0.5,9000,0,3,26-30
10098,6,Blue One M,3000,2,Adamawa,Female,23,1,140,0.3333333333333333,6000,0,3,21-25
10099,6,Blue One M,3000,2,South,Female,21,1,147,0.3333333333333333,6000,0,3,21-25
10100,4,Blue One M,3000,2,North West,Female,21,1,99,0.5,6000,0,4,21-25
10101,6,Blue One M,3000,3,North,Male,24,0,146,0.5,9000,0,3,21-25
10102,6,Blue One M,3000,0,North,Male,27,1,141,0.0,0,1,3,26-30
10103,6,Blue One M,3000,2,Adamawa,Male,23,1,139,0.3333333333333333,6000,0,3,21-25
10104,5,Blue One M,3000,3,Adamawa,Male,24,0,129,0.6,9000,0,3,21-25
10105,6,Blue One M,3000,2,East,Male,27,1,143,0.3333333333333333,6000,0,3,26-30
10106,5,Blue One M,3000,2,East,Female,25,0,130,0.4,6000,0,3,21-25
10107,5,Blue One M,3000,2,North,Male,25,0,130,0.4,6000,0,3,21-25
10108,6,Blue One M,3000,2,Centre,Male,29,0,141,0.3333333333333333,6000,0,3,26-30
10109,6,Blue One M,3000,2,East,Male,17,0,136,0.3333333333333333,6000,0,3,<=20
10110,6,Blue One M,3000,3,Centre,Male,28,0,146,0.5,9000,0,3,26-30
10111,6,Blue One M,3000,2,North West,Male,22,1,140,0.3333333333333333,6000,0,3,21-25
10112,6,Blue One M,3000,0,West,Female,26,1,139,0.0,0,1,3,26-30
10113,6,Blue One M,3000,2,North West,Female,29,1,141,0.3333333333333333,6000,0,3,26-30
10114,6,Blue One M,3000,0,North,Male,29,1,142,0.0,0,1,3,26-30
10115,6,Blue One M,3000,0,Littoral,Male,23,1,139,0.0,0,1,3,21-25
10116,6,Blue One M,3000,2,West,Female,25,0,147,0.3333333333333333,6000,0,3,21-25
10117,6,Blue One M,3000,2,Far North,Male,29,0,150,0.3333333333333333,6000,0,2,26-30
10118,6,Blue One M,3000,3,Centre,Female,26,0,152,0.5,9000,0,2,26-30
10119,6,Blue One M,3000,2,West,Male,26,0,149,0.3333333333333333,6000,0,3,26-30
10120,6,Blue One M,3000,3,Centre,Male,23,0,147,0.5,9000,0,3,21-25
10121,6,Blue One M,3000,3,South West,Female,24,0,142,0.5,9000,0,3,21-25
10122,6,Blue One M,3000,0,North West,Female,24,1,147,0.0,0,1,3,21-25
10123,6,Blue One M,3000,0,Littoral,Female,21,1,151,0.0,0,1,2,21-25
10124,6,Blue One M,3000,3,West,Male,24,0,142,0.5,9000,0,3,21-25
10125,6,Blue One M,3000,2,Far North,Female,27,1,143,0.3333333333333333,6000,0,3,26-30
10126,6,Blue One M,3000,2,Far North,Male,29,0,142,0.3333333333333333,6000,0,3,26-30
10127,5,Blue One M,3000,3,North West,Male,30,0,121,0.6,9000,0,3,26-30
10128,6,Blue One M,3000,2,South,Male,20,0,142,0.3333333333333333,6000,0,3,<=20
10129,6,Blue One M,3000,3,West,Female,23,0,138,0.5,9000,0,3,21-25
10130,5,Blue One M,3000,2,Far North,Female,20,1,127,0.4,6000,0,3,<=20
10131,5,Blue One M,3000,2,West,Male,25,1,132,0.4,6000,0,3,21-25
10132,5,Blue One M,3000,2,East,Male,21,0,124,0.4,6000,0,3,21-25
10133,6,Blue One M,3000,0,Adamawa,Male,25,1,139,0.0,0,1,3,21-25
10134,5,Blue One M,3000,2,South West,Male,28,1,119,0.4,6000,0,3,26-30
10135,6,Blue One M,3000,2,Adamawa,Female,29,0,137,0.3333333333333333,6000,0,3,26-30
10136,5,Blue One M,3000,2,South West,Female,25,1,127,0.4,6000,0,3,21-25
10137,5,Blue One M,3000,3,Adamawa,Female,22,0,126,0.6,9000,0,3,21-25
10138,6,Blue One M,3000,3,West,Female,28,0,139,0.5,9000,0,3,26-30
10139,6,Blue One M,3000,2,Centre,Female,21,0,138,0.3333333333333333,6000,0,3,21-25
10140,6,Blue One M,3000,2,West,Female,28,1,138,0.3333333333333333,6000,0,3,26-30
10141,5,Blue One M,3000,3,Adamawa,Female,23,0,121,0.6,9000,0,3,21-25
10142,5,Blue One M,3000,0,Centre,Female,23,1,130,0.0,0,1,3,21-25
10143,6,Blue One M,3000,2,North West,Female,29,0,139,0.3333333333333333,6000,0,3,26-30
10144,6,Blue One M,3000,3,South,Female,28,0,145,0.5,9000,0,3,26-30
10145,6,Blue One M,3000,2,South West,Female,28,1,145,0.3333333333333333,6000,0,3,26-30
10146,5,Blue One M,3000,2,Adamawa,Female,28,0,124,0.4,6000,0,3,26-30
10147,5,Blue One M,3000,0,Adamawa,Male,24,1,124,0.0,0,1,3,21-25
10148,5,Blue One M,3000,3,West,Male,22,0,123,0.6,9000,0,3,21-25
10149,4,Blue One M,3000,2,Adamawa,Male,27,0,90,0.5,6000,0,4,26-30
10150,4,Blue One M,3000,2,Centre,Male,26,0,90,0.5,6000,0,4,26-30
10151,4,Blue One M,3000,3,East,Male,20,0,80,0.75,9000,0,5,<=20
10152,5,Blue One M,3000,2,North West,Female,27,1,129,0.4,6000,0,3,26-30
10153,5,Blue One M,3000,3,North,Male,27,0,125,0.6,9000,0,3,26-30
10154,5,Blue One M,3000,2,Far North,Male,21,1,112,0.4,6000,0,4,21-25
10155,5,Blue One M,3000,0,North West,Male,20,1,114,0.0,0,1,4,<=20
10156,5,Blue One M,3000,0,South West,Male,23,1,111,0.0,0,1,4,21-25
10157,4,Blue One M,3000,3,Adamawa,Male,25,0,104,0.75,9000,0,4,21-25
10158,4,Blue One M,3000,2,West,Female,21,1,95,0.5,6000,0,4,21-25
10159,4,Blue One M,3000,3,South,Male,25,0,95,0.75,9000,0,4,21-25
10160,4,Blue One M,3000,2,Far North,Male,26,1,90,0.5,6000,0,4,26-30
10161,4,Blue One M,3000,2,South,Female,21,0,90,0.5,6000,0,4,21-25
10162,6,Blue One M,3000,2,South,Female,26,0,145,0.3333333333333333,6000,0,3,26-30
10163,6,Blue One M,3000,0,North West,Female,27,1,153,0.0,0,1,2,26-30
10164,6,Blue One M,3000,0,Centre,Female,24,1,151,0.0,0,1,2,21-25
10165,6,Blue One M,3000,2,North West,Female,32,0,153,0.3333333333333333,6000,0,2,>30
10166,6,Blue One M,3000,2,West,Female,28,1,153,0.3333333333333333,6000,0,2,26-30
10167,6,Blue One M,3000,0,South West,Female,28,1,154,0.0,0,1,2,26-30
10168,6,Blue One M,3000,2,Centre,Male,23,1,150,0.3333333333333333,6000,0,2,21-25
10169,6,Blue One M,3000,2,North West,Female,26,0,151,0.3333333333333333,6000,0,2,26-30
10170,6,Blue One M,3000,2,Adamawa,Female,19,1,153,0.3333333333333333,6000,0,2,<=20
10171,6,Blue One M,3000,3,South,Female,25,0,152,0.5,9000,0,2,21-25
10172,6,Blue One M,3000,0,Far North,Male,25,1,154,0.0,0,1,2,21-25
10173,6,Blue One M,3000,2,South,Male,20,0,140,0.3333333333333333,6000,0,3,<=20
10174,5,Blue One M,3000,3,Far North,Male,25,0,126,0.6,9000,0,3,21-25
10175,6,Blue One M,3000,0,East,Male,27,1,152,0.0,0,1,2,26-30
10176,6,Blue One M,3000,2,Centre,Female,23,0,139,0.3333333333333333,6000,0,3,21-25
10177,6,Blue One M,3000,2,North,Male,24,0,153,0.3333333333333333,6000,0,2,21-25
10178,6,Blue One M,3000,3,East,Male,24,0,143,0.5,9000,0,3,21-25
10179,6,Blue One M,3000,3,North,Male,28,0,143,0.5,9000,0,3,26-30
10180,6,Blue One M,3000,0,Far North,Female,24,1,140,0.0,0,1,3,21-25
10181,6,Blue One M,3000,3,South,Female,27,0,138,0.5,9000,0,3,26-30
10182,5,Blue One M,3000,0,Far North,Female,22,1,133,0.0,0,1,3,21-25
10183,5,Blue One M,3000,2,North,Male,28,1,132,0.4,6000,0,3,26-30
10184,5,Blue One M,3000,3,West,Male,24,0,129,0.6,9000,0,3,21-25
10185,5,Blue One M,3000,2,North,Female,29,0,125,0.4,6000,0,3,26-30
10186,5,Blue One M,3000,2,South West,Female,27,0,122,0.4,6000,0,3,26-30
10187,5,Blue One M,3000,3,Centre,Female,22,0,112,0.6,9000,0,4,21-25
10188,5,Blue One M,3000,2,Adamawa,Male,20,0,115,0.4,6000,0,4,<=20
10189,5,Blue One M,3000,2,North,Male,22,1,111,0.4,6000,0,4,21-25
10190,5,Blue One M,3000,0,West,Female,24,1,109,0.0,0,1,4,21-25
10191,4,Blue One M,3000,2,North West,Female,25,1,97,0.5,6000,0,4,21-25
10192,3,Blue One S,2000,1,South,Male,27,0,62,0.3333333333333333,2000,0,5,26-30
10197,6,Blue One M,3000,3,North,Male,27,0,148,0.5,9000,0,3,26-30
10198,6,Blue One M,3000,2,North West,Female,29,0,148,0.3333333333333333,6000,0,3,26-30
10199,6,Blue One M,3000,0,North West,Female,26,1,151,0.0,0,1,2,26-30
10200,6,Blue One M,3000,3,South,Male,24,0,151,0.5,9000,0,2,21-25
10201,6,Blue One M,3000,3,South,Male,26,0,148,0.5,9000,0,3,26-30
10202,6,Blue One M,3000,2,Centre,Female,25,0,150,0.3333333333333333,6000,0,3,21-25
10203,6,Blue One M,3000,2,North West,Female,28,1,146,0.3333333333333333,6000,0,3,26-30
10204,6,Blue One M,3000,0,West,Male,23,1,148,0.0,0,1,3,21-25
10205,6,Blue One M,3000,2,Far North,Male,18,1,137,0.3333333333333333,6000,0,3,<=20
10206,6,Blue One M,3000,3,North West,Female,28,0,147,0.5,9000,0,3,26-30
10207,6,Blue One M,3000,2,Far North,Male,23,0,146,0.3333333333333333,6000,0,3,21-25
10208,6,Blue One M,3000,2,Far North,Male,22,1,145,0.3333333333333333,6000,0,3,21-25
10209,6,Blue One M,3000,3,Far North,Male,27,0,145,0.5,9000,0,3,26-30
10210,6,Blue One M,3000,0,East,Female,26,1,147,0.0,0,1,3,26-30
10211,4,Blue One M,3000,2,East,Female,23,1,98,0.5,6000,0,4,21-25
10212,5,Blue One M,3000,2,East,Male,27,0,131,0.4,6000,0,3,26-30
10213,5,Blue One M,3000,0,Far North,Female,24,1,128,0.0,0,1,3,21-25
10214,5,Blue One M,3000,0,Centre,Male,26,1,132,0.0,0,1,3,26-30
10215,5,Blue One M,3000,2,West,Female,26,0,129,0.4,6000,0,3,26-30
10216,6,Blue One M,3000,3,North,Female,26,0,145,0.5,9000,0,3,26-30
10217,6,Blue One M,3000,0,North,Male,28,1,137,0.0,0,1,3,26-30
10218,5,Blue One M,3000,2,West,Female,26,0,118,0.4,6000,0,4,26-30
10219,5,Blue One M,3000,0,South,Male,25,1,133,0.0,0,1,3,21-25
10220,6,Blue One M,3000,3,South West,Female,29,0,137,0.5,9000,0,3,26-30
10221,5,Blue One M,3000,2,Centre,Male,20,0,129,0.4,6000,0,3,<=20
10222,5,Blue One M,3000,2,Centre,Female,26,0,129,0.4,6000,0,3,26-30
10223,5,Blue One M,3000,0,North West,Male,29,1,111,0.0,0,1,4,26-30
10224,5,Blue One M,3000,3,South,Male,26,0,127,0.6,9000,0,3,26-30
10225,6,Blue One M,3000,0,North West,Female,28,1,138,0.0,0,1,3,26-30
10226,6,Blue One M,3000,2,Centre,Male,26,0,138,0.3333333333333333,6000,0,3,26-30
10227,6,Blue One M,3000,0,South,Female,26,1,136,0.0,0,1,3,26-30
10228,5,Blue One M,3000,2,Centre,Female,27,1,130,0.4,6000,0,3,26-30
10229,5,Blue One M,3000,2,Far North,Male,28,1,112,0.4,6000,0,4,26-30
10230,5,Blue One M,3000,3,Centre,Female,22,0,127,0.6,9000,0,3,21-25
10231,4,Blue One M,3000,2,East,Male,21,1,99,0.5,6000,0,4,21-25
10232,4,Blue One M,3000,0,Centre,Female,27,1,97,0.0,0,1,4,26-30
10233,5,Blue One M,3000,2,West,Male,25,0,132,0.4,6000,0,3,21-25
10234,5,Blue One M,3000,2,Littoral,Female,24,0,120,0.4,6000,0,3,21-25
10235,5,Blue One M,3000,2,Adamawa,Female,20,1,133,0.4,6000,0,3,<=20
10236,4,Blue One M,3000,2,Littoral,Female,21,1,103,0.5,6000,0,4,21-25
10237,4,Blue One M,3000,2,North,Male,21,0,90,0.5,6000,0,4,21-25
10238,5,Blue One M,3000,3,Littoral,Male,20,0,122,0.6,9000,0,3,<=20
10239,5,Blue One M,3000,3,West,Female,27,0,111,0.6,9000,0,4,26-30
10240,6,Blue One M,3000,0,South,Female,32,1,146,0.0,0,1,3,>30
10242,4,Blue One M,3000,3,Littoral,Female,24,0,95,0.75,9000,0,4,21-25
10243,4,Blue One M,3000,0,North,Female,27,1,98,0.0,0,1,4,26-30
10244,4,Blue One M,3000,2,South West,Male,23,1,102,0.5,6000,0,4,21-25
10245,6,Blue One M,3000,0,Far North,Male,24,1,136,0.0,0,1,3,21-25
10246,6,Blue One M,3000,2,Centre,Male,24,0,144,0.3333333333333333,6000,0,3,21-25
10249,5,Blue One M,3000,2,Littoral,Female,28,0,126,0.4,6000,0,3,26-30
10250,5,Blue One M,3000,2,Adamawa,Female,21,0,126,0.4,6000,0,3,21-25
10251,5,Blue One M,3000,3,Littoral,Female,23,0,116,0.6,9000,0,4,21-25
10252,5,Blue One M,3000,0,West,Female,28,1,125,0.0,0,1,3,26-30
10253,5,Blue One M,3000,3,Centre,Male,23,0,117,0.6,9000,0,4,21-25
10254,5,Blue One M,3000,0,Far North,Female,18,1,110,0.0,0,1,4,<=20
10255,5,Blue One M,3000,2,Centre,Male,31,0,105,0.4,6000,0,4,>30
10256,4,Blue One M,3000,3,East,Male,23,0,89,0.75,9000,0,4,21-25
10257,4,Blue One M,3000,3,Adamawa,Male,23,0,89,0.75,9000,0,4,21-25
10258,5,Blue One M,3000,2,West,Male,26,1,108,0.4,6000,0,4,26-30
10259,5,Blue One M,3000,0,North,Male,20,1,112,0.0,0,1,4,<=20
10260,5,Blue One M,3000,0,North West,Male,29,1,129,0.0,0,1,3,26-30
10261,5,Blue One M,3000,2,South West,Male,25,0,115,0.4,6000,0,4,21-25
10262,6,Blue One M,3000,2,Adamawa,Female,22,1,147,0.3333333333333333,6000,0,3,21-25
10263,5,Blue One M,3000,2,Far North,Male,25,1,118,0.4,6000,0,4,21-25
10264,6,Blue One M,3000,2,Adamawa,Female,24,0,152,0.3333333333333333,6000,0,2,21-25
10265,5,Blue One M,3000,3,Adamawa,Female,26,0,133,0.6,9000,0,3,26-30
10266,5,Blue One M,3000,2,South,Female,28,0,126,0.4,6000,0,3,26-30
10267,6,Blue One M,3000,0,East,Female,22,1,147,0.0,0,1,3,21-25
10268,5,Blue One M,3000,0,Centre,Female,30,1,122,0.0,0,1,3,26-30
10269,3,Blue One S,2000,1,South West,Female,31,0,74,0.3333333333333333,2000,0,5,>30
10270,5,Blue One M,3000,2,Centre,Female,28,0,133,0.4,6000,0,3,26-30
10271,5,Blue One M,3000,2,Far North,Male,32,0,112,0.4,6000,0,4,>30
10272,4,Blue One M,3000,0,South,Female,21,1,86,0.0,0,1,5,21-25
10273,4,Blue One M,3000,2,West,Female,22,1,81,0.5,6000,0,5,21-25
10274,4,Blue One M,3000,3,Far North,Male,24,0,81,0.75,9000,0,5,21-25
10281,4,Blue One M,3000,2,East,Male,21,0,77,0.5,6000,0,5,21-25
10282,4,Blue One M,3000,3,South,Female,17,0,75,0.75,9000,0,5,<=20
10283,4,Blue One M,3000,3,Adamawa,Male,20,0,97,0.75,9000,0,4,<=20
10284,4,Blue One M,3000,2,South,Female,22,0,81,0.5,6000,0,5,21-25
10285,5,Blue One M,3000,2,North West,Male,19,0,111,0.4,6000,0,4,<=20
10286,4,Blue One M,3000,2,Far North,Male,24,1,104,0.5,6000,0,4,21-25
10287,5,Blue One M,3000,2,Far North,Male,22,0,116,0.4,6000,0,4,21-25
10288,5,Blue One M,3000,2,Centre,Male,27,0,105,0.4,6000,0,4,26-30
10289,5,Blue One M,3000,2,Adamawa,Female,28,0,115,0.4,6000,0,4,26-30
10290,4,Blue One M,3000,0,Far North,Female,23,1,100,0.0,0,1,4,21-25
10291,4,Blue One M,3000,2,Adamawa,Male,23,0,83,0.5,6000,0,5,21-25
10292,4,Blue One M,3000,0,South West,Male,21,1,102,0.0,0,1,4,21-25
10293,5,Blue One M,3000,0,Adamawa,Female,26,1,108,0.0,0,1,4,26-30
10294,5,Blue One M,3000,3,South West,Male,19,0,105,0.6,9000,0,4,<=20
10295,4,Blue One M,3000,2,South West,Female,25,0,97,0.5,6000,0,4,21-25
10296,4,Blue One M,3000,0,North,Male,26,1,98,0.0,0,1,4,26-30
10298,4,Blue One M,3000,3,Centre,Male,28,0,98,0.75,9000,0,4,26-30
10300,5,Blue One M,3000,2,Centre,Male,26,0,116,0.4,6000,0,4,26-30
10301,5,Blue One M,3000,3,Littoral,Male,24,0,114,0.6,9000,0,4,21-25
10302,5,Blue One M,3000,0,West,Female,27,1,119,0.0,0,1,3,26-30
10303,3,Blue One S,2000,2,East,Male,24,0,74,0.6666666666666666,4000,0,5,21-25
10304,4,Blue One M,3000,2,Far North,Male,17,0,87,0.5,6000,0,5,<=20
10306,4,Blue One M,3000,3,Far North,Male,25,0,88,0.75,9000,0,5,21-25
10307,5,Blue One M,3000,2,Far North,Female,23,0,112,0.4,6000,0,4,21-25
10308,5,Blue One M,3000,0,Centre,Female,29,1,130,0.0,0,1,3,26-30
10309,5,Blue One M,3000,2,North,Male,26,1,126,0.4,6000,0,3,26-30
10310,5,Blue One M,3000,0,South,Female,22,1,108,0.0,0,1,4,21-25
10311,5,Blue One M,3000,0,Far North,Male,22,1,125,0.0,0,1,3,21-25
10312,6,Blue One M,3000,3,South,Female,23,0,139,0.5,9000,0,3,21-25
10313,4,Blue One M,3000,3,North West,Male,19,0,87,0.75,9000,0,5,<=20
10314,5,Blue One M,3000,3,Centre,Female,21,0,115,0.6,9000,0,4,21-25
10315,4,Blue One M,3000,2,Centre,Female,24,0,97,0.5,6000,0,4,21-25
10316,5,Blue One M,3000,3,North West,Female,24,0,115,0.6,9000,0,4,21-25
10317,5,Blue One M,3000,2,East,Female,24,1,115,0.4,6000,0,4,21-25
10318,4,Blue One M,3000,0,Adamawa,Female,17,1,100,0.0,0,1,4,<=20
10319,4,Blue One M,3000,2,East,Female,24,1,101,0.5,6000,0,4,21-25
10320,5,Blue One M,3000,2,Adamawa,Female,26,0,110,0.4,6000,0,4,26-30
10321,4,Blue One M,3000,2,Adamawa,Female,22,1,104,0.5,6000,0,4,21-25
10322,4,Blue One M,3000,0,South West,Male,22,1,79,0.0,0,1,5,21-25
10323,4,Blue One M,3000,0,Centre,Male,23,1,93,0.0,0,1,4,21-25
10325,4,Blue One M,3000,2,North,Male,22,0,95,0.5,6000,0,4,21-25
10326,5,Blue One M,3000,3,East,Female,24,0,105,0.6,9000,0,4,21-25
10327,5,Blue One M,3000,3,West,Female,19,0,129,0.6,9000,0,3,<=20
10328,4,Blue One M,3000,2,South,Male,22,0,103,0.5,6000,0,4,21-25
10330,4,Blue One M,3000,2,Far North,Male,25,0,76,0.5,6000,0,5,21-25
10331,4,Blue One M,3000,3,West,Male,22,0,90,0.75,9000,0,4,21-25
10332,4,Blue One M,3000,0,South West,Female,22,1,101,0.0,0,1,4,21-25
10333,3,Blue One S,2000,1,East,Female,27,1,74,0.3333333333333333,2000,0,5,26-30
10334,4,Blue One M,3000,2,East,Male,24,0,78,0.5,6000,0,5,21-25
10335,4,Blue One M,3000,2,South West,Male,26,0,87,0.5,6000,0,5,26-30
10336,4,Blue One M,3000,2,Centre,Female,24,0,89,0.5,6000,0,4,21-25
10337,4,Blue One M,3000,3,Littoral,Male,25,0,83,0.75,9000,0,5,21-25
10344,5,Blue One M,3000,0,Adamawa,Female,22,1,112,0.0,0,1,4,21-25
10345,5,Blue One M,3000,2,West,Female,21,1,124,0.4,6000,0,3,21-25
10346,5,Blue One M,3000,2,North,Male,20,0,128,0.4,6000,0,3,<=20
10347,5,Blue One M,3000,0,Littoral,Male,25,1,127,0.0,0,1,3,21-25
10348,5,Blue One M,3000,3,North West,Male,27,0,128,0.6,9000,0,3,26-30
10349,5,Blue One M,3000,0,Adamawa,Female,20,1,108,0.0,0,1,4,<=20
10350,5,Blue One M,3000,2,Far North,Male,24,1,123,0.4,6000,0,3,21-25
10351,5,Blue One M,3000,2,North West,Male,26,0,113,0.4,6000,0,4,26-30
10352,5,Blue One M,3000,0,Adamawa,Female,29,1,127,0.0,0,1,3,26-30
10353,5,Blue One M,3000,2,West,Female,26,0,123,0.4,6000,0,3,26-30
10354,4,Blue One M,3000,2,South,Male,25,0,104,0.5,6000,0,4,21-25
10355,5,Blue One M,3000,3,South,Female,28,0,123,0.6,9000,0,3,26-30
10356,5,Blue One M,3000,2,West,Female,27,0,110,0.4,6000,0,4,26-30
10357,5,Blue One M,3000,2,South West,Female,23,1,126,0.4,6000,0,3,21-25
10358,4,Blue One M,3000,0,Adamawa,Male,27,1,80,0.0,0,1,5,26-30
10360,4,Blue One M,3000,2,North West,Male,21,0,82,0.5,6000,0,5,21-25
10361,4,Blue One M,3000,2,East,Female,22,1,90,0.5,6000,0,4,21-25
10362,4,Blue One M,3000,3,Adamawa,Male,20,0,92,0.75,9000,0,4,<=20
10363,4,Blue One M,3000,2,East,Male,25,1,98,0.5,6000,0,4,21-25
10364,5,Blue One M,3000,3,Adamawa,Female,28,0,116,0.6,9000,0,4,26-30
10365,5,Blue One M,3000,0,North West,Female,29,1,122,0.0,0,1,3,26-30
10366,5,Blue One M,3000,2,South,Male,23,1,124,0.4,6000,0,3,21-25
10367,5,Blue One M,3000,3,North,Male,28,0,124,0.6,9000,0,3,26-30
10368,4,Blue One M,3000,2,North,Female,21,0,87,0.5,6000,0,5,21-25
10370,4,Blue One M,3000,2,North,Male,25,1,80,0.5,6000,0,5,21-25
10372,4,Blue One M,3000,3,Centre,Male,31,0,80,0.75,9000,0,5,>30
10373,4,Blue One M,3000,0,East,Male,20,1,86,0.0,0,1,5,<=20
10374,4,Blue One M,3000,2,North,Male,26,0,92,0.5,6000,0,4,26-30
10375,4,Blue One M,3000,2,Far North,Female,24,0,80,0.5,6000,0,5,21-25
10376,4,Blue One M,3000,3,South West,Female,27,0,79,0.75,9000,0,5,26-30
10377,4,Blue One M,3000,0,Adamawa,Male,25,1,96,0.0,0,1,4,21-25
10378,4,Blue One M,3000,3,Far North,Male,24,0,93,0.75,9000,0,4,21-25
10379,4,Blue One M,3000,2,Adamawa,Male,21,1,95,0.5,6000,0,4,21-25
10381,4,Blue One M,3000,2,Adamawa,Male,24,1,82,0.5,6000,0,5,21-25
10382,4,Blue One M,3000,3,Far North,Female,27,0,80,0.75,9000,0,5,26-30
10384,4,Blue One M,3000,0,North,Male,19,1,102,0.0,0,1,4,<=20
10385,5,Blue One M,3000,3,Littoral,Male,27,0,106,0.6,9000,0,4,26-30
10386,4,Blue One M,3000,2,North West,Female,24,0,89,0.5,6000,0,4,21-25
10387,5,Blue One M,3000,3,Far North,Male,25,0,107,0.6,9000,0,4,21-25
10388,4,Blue One M,3000,2,East,Female,24,0,104,0.5,6000,0,4,21-25
10389,4,Blue One M,3000,2,West,Male,27,1,101,0.5,6000,0,4,26-30
10390,4,Blue One M,3000,2,Centre,Male,19,1,96,0.5,6000,0,4,<=20
10391,4,Blue One M,3000,2,Far North,Female,24,0,103,0.5,6000,0,4,21-25
10392,5,Blue One M,3000,2,South,Female,24,0,129,0.4,6000,0,3,21-25
10393,5,Blue One M,3000,2,East,Female,23,1,107,0.4,6000,0,4,21-25
10394,5,Blue One M,3000,0,South,Female,19,1,128,0.0,0,1,3,<=20
10395,5,Blue One M,3000,2,North,Male,19,0,124,0.4,6000,0,3,<=20
10396,5,Blue One M,3000,2,Far North,Male,32,0,129,0.4,6000,0,3,>30
10397,5,Blue One M,3000,2,North,Female,23,0,119,0.4,6000,0,4,21-25
10398,5,Blue One M,3000,3,South,Female,22,0,123,0.6,9000,0,3,21-25
10399,5,Blue One M,3000,2,Adamawa,Female,21,0,115,0.4,6000,0,4,21-25
10400,5,Blue One M,3000,2,Far North,Male,26,1,108,0.4,6000,0,4,26-30
10401,5,Blue One M,3000,2,Far North,Female,24,1,108,0.4,6000,0,4,21-25
10402,5,Blue One M,3000,2,East,Male,23,1,111,0.4,6000,0,4,21-25
10403,5,Blue One M,3000,2,East,Male,26,1,107,0.4,6000,0,4,26-30
10436,4,Blue One M,3000,3,Centre,Male,23,0,102,0.75,9000,0,4,21-25
10437,4,Blue One M,3000,0,Adamawa,Female,23,1,97,0.0,0,1,4,21-25
10438,4,Blue One M,3000,2,Centre,Female,19,0,98,0.5,6000,0,4,<=20
10439,4,Blue One M,3000,2,Centre,Female,25,0,97,0.5,6000,0,4,21-25
10440,3,Blue One S,2000,1,North West,Female,25,0,65,0.3333333333333333,2000,0,5,21-25
10441,4,Blue One M,3000,2,West,Female,23,0,80,0.5,6000,0,5,21-25
10442,4,Blue One M,3000,0,Adamawa,Female,20,1,104,0.0,0,1,4,<=20
10443,4,Blue One M,3000,3,South West,Male,21,0,104,0.75,9000,0,4,21-25
10444,4,Blue One M,3000,0,Adamawa,Male,19,1,86,0.0,0,1,5,<=20
10445,4,Blue One M,3000,2,South West,Female,24,0,77,0.5,6000,0,5,21-25
10446,4,Blue One M,3000,3,Littoral,Male,24,0,102,0.75,9000,0,4,21-25
10448,4,Blue One M,3000,3,South West,Female,21,0,90,0.75,9000,0,4,21-25
10449,4,Blue One M,3000,0,South,Female,22,1,95,0.0,0,1,4,21-25
10451,4,Blue One M,3000,3,East,Male,26,0,86,0.75,9000,0,5,26-30
10452,4,Blue One M,3000,0,West,Female,25,1,91,0.0,0,1,4,21-25
10454,4,Blue One M,3000,3,North West,Female,20,0,77,0.75,9000,0,5,<=20
10455,4,Blue One M,3000,3,East,Female,18,0,76,0.75,9000,0,5,<=20
10456,4,Blue One M,3000,3,West,Female,22,0,84,0.75,9000,0,5,21-25
10457,4,Blue One M,3000,2,Centre,Female,25,0,86,0.5,6000,0,5,21-25
10458,4,Blue One M,3000,0,South,Male,24,1,81,0.0,0,1,5,21-25
10459,4,Blue One M,3000,2,South,Male,22,0,79,0.5,6000,0,5,21-25
10460,4,Blue One M,3000,0,North West,Female,21,1,79,0.0,0,1,5,21-25
10461,4,Blue One M,3000,2,South,Male,25,0,77,0.5,6000,0,5,21-25
10462,3,Blue One S,2000,1,North West,Male,27,1,74,0.3333333333333333,2000,0,5,26-30
10463,3,Blue One S,2000,1,Centre,Male,26,0,60,0.3333333333333333,2000,0,5,26-30
10469,5,Blue One M,3000,3,East,Male,22,0,121,0.6,9000,0,3,21-25
10470,5,Blue One M,3000,2,Far North,Male,25,0,129,0.4,6000,0,3,21-25
10471,5,Blue One M,3000,2,East,Male,24,0,117,0.4,6000,0,4,21-25
10472,5,Blue One M,3000,2,East,Male,20,1,125,0.4,6000,0,3,<=20
10473,5,Blue One M,3000,2,West,Male,19,1,124,0.4,6000,0,3,<=20
10474,5,Blue One M,3000,2,West,Male,23,1,125,0.4,6000,0,3,21-25
10475,5,Blue One M,3000,3,East,Female,25,0,119,0.6,9000,0,3,21-25
10476,5,Blue One M,3000,0,East,Male,26,1,121,0.0,0,1,3,26-30
10477,5,Blue One M,3000,0,Centre,Female,28,1,125,0.0,0,1,3,26-30
10478,5,Blue One M,3000,3,Adamawa,Female,22,0,126,0.6,9000,0,3,21-25
10479,5,Blue One M,3000,2,Littoral,Male,28,0,121,0.4,6000,0,3,26-30
10480,5,Blue One M,3000,0,North,Male,20,1,126,0.0,0,1,3,<=20
10481,5,Blue One M,3000,2,Adamawa,Female,22,0,124,0.4,6000,0,3,21-25
10482,5,Blue One M,3000,2,North,Male,23,1,126,0.4,6000,0,3,21-25
10483,5,Blue One M,3000,0,South,Male,22,1,125,0.0,0,1,3,21-25
10484,5,Blue One M,3000,2,Far North,Male,32,0,124,0.4,6000,0,3,>30
10485,5,Blue One M,3000,2,East,Male,22,1,123,0.4,6000,0,3,21-25
10486,5,Blue One M,3000,3,West,Female,27,0,123,0.6,9000,0,3,26-30
10487,5,Blue One M,3000,2,Littoral,Female,31,1,123,0.4,6000,0,3,>30
10488,5,Blue One M,3000,2,South,Female,22,1,125,0.4,6000,0,3,21-25
10489,5,Blue One M,3000,2,North,Male,24,1,124,0.4,6000,0,3,21-25
10490,5,Blue One M,3000,0,Littoral,Male,27,1,121,0.0,0,1,3,26-30
10491,5,Blue One M,3000,2,East,Male,23,0,122,0.4,6000,0,3,21-25
10492,5,Blue One M,3000,3,North,Male,21,0,122,0.6,9000,0,3,21-25
10493,5,Blue One M,3000,2,Centre,Male,26,1,122,0.4,6000,0,3,26-30
10494,5,Blue One M,3000,2,Adamawa,Female,25,0,124,0.4,6000,0,3,21-25
10495,3,Blue One S,2000,2,Centre,Female,23,0,74,0.6666666666666666,4000,0,5,21-25
10496,5,Blue One M,3000,0,South,Female,28,1,122,0.0,0,1,3,26-30
10497,5,Blue One M,3000,2,North West,Male,21,0,119,0.4,6000,0,3,21-25
10498,5,Blue One M,3000,2,South,Male,26,0,121,0.4,6000,0,3,26-30
10499,5,Blue One M,3000,2,South,Female,26,0,119,0.4,6000,0,4,26-30
10500,5,Blue One M,3000,3,West,Female,22,0,112,0.6,9000,0,4,21-25
10501,5,Blue One M,3000,2,South,Female,24,0,105,0.4,6000,0,4,21-25
10502,4,Blue One M,3000,0,Adamawa,Female,18,1,102,0.0,0,1,4,<=20
10503,5,Blue One M,3000,2,North West,Male,27,0,111,0.4,6000,0,4,26-30
10504,5,Blue One M,3000,2,South,Male,22,0,110,0.4,6000,0,4,21-25
10505,5,Blue One M,3000,3,West,Male,26,0,108,0.6,9000,0,4,26-30
10506,4,Blue One M,3000,3,South West,Male,22,0,103,0.75,9000,0,4,21-25
10507,4,Blue One M,3000,2,South West,Male,24,0,74,0.5,6000,0,5,21-25
10508,5,Blue One M,3000,2,Littoral,Female,24,0,118,0.4,6000,0,4,21-25
10509,5,Blue One M,3000,3,South West,Female,20,0,108,0.6,9000,0,4,<=20
10510,5,Blue One M,3000,2,Centre,Female,25,1,108,0.4,6000,0,4,21-25
10511,5,Blue One M,3000,2,South West,Female,24,0,117,0.4,6000,0,4,21-25
10512,5,Blue One M,3000,2,Littoral,Male,25,0,117,0.4,6000,0,4,21-25
10513,5,Blue One M,3000,3,Far North,Male,27,0,117,0.6,9000,0,4,26-30
10514,5,Blue One M,3000,3,Littoral,Female,25,0,111,0.6,9000,0,4,21-25
10515,5,Blue One M,3000,2,Littoral,Female,26,0,113,0.4,6000,0,4,26-30
10516,5,Blue One M,3000,2,West,Male,25,0,108,0.4,6000,0,4,21-25
10517,5,Blue One M,3000,0,Far North,Male,27,1,117,0.0,0,1,4,26-30
10518,5,Blue One M,3000,3,West,Female,22,0,113,0.6,9000,0,4,21-25
10519,5,Blue One M,3000,3,West,Female,21,0,116,0.6,9000,0,4,21-25
10520,5,Blue One M,3000,2,South West,Male,25,0,117,0.4,6000,0,4,21-25
10521,4,Blue One M,3000,2,North,Male,17,1,91,0.5,6000,0,4,<=20
10522,5,Blue One M,3000,0,East,Male,29,1,114,0.0,0,1,4,26-30
10523,5,Blue One M,3000,2,West,Male,26,0,114,0.4,6000,0,4,26-30
10525,4,Blue One M,3000,2,South,Female,24,1,104,0.5,6000,0,4,21-25
10526,4,Blue One M,3000,0,Centre,Female,22,1,79,0.0,0,1,5,21-25
10527,5,Blue One M,3000,3,West,Female,22,0,119,0.6,9000,0,4,21-25
10528,5,Blue One M,3000,2,Centre,Male,27,1,123,0.4,6000,0,3,26-30
10529,4,Blue One M,3000,2,East,Female,17,1,104,0.5,6000,0,4,<=20
10530,4,Blue One M,3000,2,Adamawa,Female,28,0,94,0.5,6000,0,4,26-30
10531,3,Blue One S,2000,1,South,Male,18,0,74,0.3333333333333333,2000,0,5,<=20
10532,4,Blue One M,3000,2,West,Male,23,0,91,0.5,6000,0,4,21-25
10533,5,Blue One M,3000,0,South,Male,20,1,111,0.0,0,1,4,<=20
10534,5,Blue One M,3000,0,Centre,Female,27,1,118,0.0,0,1,4,26-30
10535,5,Blue One M,3000,2,South,Male,24,0,117,0.4,6000,0,4,21-25
10536,5,Blue One M,3000,3,Adamawa,Female,23,0,117,0.6,9000,0,4,21-25
10537,4,Blue One M,3000,2,West,Female,24,0,81,0.5,6000,0,5,21-25
10538,5,Blue One M,3000,3,Far North,Male,21,0,111,0.6,9000,0,4,21-25
10539,5,Blue One M,3000,2,West,Female,23,0,111,0.4,6000,0,4,21-25
10546,5,Blue One M,3000,2,Centre,Female,21,0,115,0.4,6000,0,4,21-25
10547,5,Blue One M,3000,2,East,Male,25,0,110,0.4,6000,0,4,21-25
10548,5,Blue One M,3000,2,Adamawa,Male,24,0,111,0.4,6000,0,4,21-25
10549,5,Blue One M,3000,2,Far North,Male,22,0,110,0.4,6000,0,4,21-25
10550,5,Blue One M,3000,2,West,Female,21,1,110,0.4,6000,0,4,21-25
10551,5,Blue One M,3000,2,South,Male,26,1,110,0.4,6000,0,4,26-30
10552,5,Blue One M,3000,2,Far North,Male,26,0,110,0.4,6000,0,4,26-30
10553,5,Blue One M,3000,3,Adamawa,Male,26,0,111,0.6,9000,0,4,26-30
10554,4,Blue One M,3000,2,West,Male,17,0,98,0.5,6000,0,4,<=20
10555,5,Blue One M,3000,0,North West,Male,24,1,120,0.0,0,1,3,21-25
10556,5,Blue One M,3000,2,Adamawa,Female,27,1,112,0.4,6000,0,4,26-30
10557,5,Blue One M,3000,3,Littoral,Male,25,0,116,0.6,9000,0,4,21-25
10558,5,Blue One M,3000,2,North,Male,26,0,106,0.4,6000,0,4,26-30
10559,5,Blue One M,3000,2,East,Female,27,1,116,0.4,6000,0,4,26-30
10560,5,Blue One M,3000,3,East,Female,24,0,110,0.6,9000,0,4,21-25
10561,5,Blue One M,3000,0,Far North,Male,23,1,118,0.0,0,1,4,21-25
10562,5,Blue One M,3000,2,North,Male,25,1,117,0.4,6000,0,4,21-25
10563,5,Blue One M,3000,2,Littoral,Female,27,0,116,0.4,6000,0,4,26-30
10564,5,Blue One M,3000,2,South,Female,19,0,117,0.4,6000,0,4,<=20
10565,5,Blue One M,3000,2,Centre,Male,25,0,113,0.4,6000,0,4,21-25
10566,5,Blue One M,3000,0,Adamawa,Male,24,1,116,0.0,0,1,4,21-25
10567,5,Blue One M,3000,3,Adamawa,Female,23,0,117,0.6,9000,0,4,21-25
10568,5,Blue One M,3000,3,Centre,Male,25,0,108,0.6,9000,0,4,21-25
10569,5,Blue One M,3000,2,North West,Male,24,0,108,0.4,6000,0,4,21-25
10570,5,Blue One M,3000,2,Centre,Male,22,1,119,0.4,6000,0,3,21-25
10571,5,Blue One M,3000,2,East,Male,30,1,117,0.4,6000,0,4,26-30
10572,5,Blue One M,3000,2,East,Female,22,1,117,0.4,6000,0,4,21-25
10573,5,Blue One M,3000,2,Adamawa,Male,26,1,105,0.4,6000,0,4,26-30
10574,5,Blue One M,3000,2,Adamawa,Female,22,0,111,0.4,6000,0,4,21-25
10575,5,Blue One M,3000,2,Littoral,Female,27,0,118,0.4,6000,0,4,26-30
10578,4,Blue One M,3000,3,Adamawa,Male,19,0,91,0.75,9000,0,4,<=20
10579,4,Blue One M,3000,2,South West,Male,22,1,97,0.5,6000,0,4,21-25
10580,4,Blue One M,3000,0,Littoral,Female,19,1,77,0.0,0,1,5,<=20
10581,4,Blue One M,3000,2,Far North,Male,26,0,74,0.5,6000,0,5,26-30
10582,5,Blue One M,3000,3,Adamawa,Male,22,0,116,0.6,9000,0,4,21-25
10583,5,Blue One M,3000,2,South West,Male,24,0,117,0.4,6000,0,4,21-25
10584,5,Blue One M,3000,3,West,Female,26,0,119,0.6,9000,0,4,26-30
10585,5,Blue One M,3000,2,South,Female,24,0,112,0.4,6000,0,4,21-25
10586,5,Blue One M,3000,0,Adamawa,Female,22,1,108,0.0,0,1,4,21-25
10587,5,Blue One M,3000,3,East,Male,25,0,107,0.6,9000,0,4,21-25
10588,5,Blue One M,3000,2,East,Female,25,1,105,0.4,6000,0,4,21-25
10589,4,Blue One M,3000,3,North West,Male,23,0,104,0.75,9000,0,4,21-25
10590,4,Blue One M,3000,2,Littoral,Male,28,1,90,0.5,6000,0,4,26-30
10591,5,Blue One M,3000,3,North West,Female,24,0,117,0.6,9000,0,4,21-25
10592,7,Blue One L,5000,3,South,Female,30,0,182,0.42857142857142855,15000,0,1,26-30
10593,5,Blue One M,3000,2,Littoral,Female,27,0,108,0.4,6000,0,4,26-30
10595,5,Blue One M,3000,3,Centre,Female,26,0,117,0.6,9000,0,4,26-30
10596,5,Blue One M,3000,2,North,Female,24,0,117,0.4,6000,0,4,21-25
10597,5,Blue One M,3000,2,South,Male,24,1,115,0.4,6000,0,4,21-25
10598,5,Blue One M,3000,3,North,Male,22,0,110,0.6,9000,0,4,21-25
10599,5,Blue One M,3000,2,North,Female,20,0,122,0.4,6000,0,3,<=20
10600,5,Blue One M,3000,0,North West,Female,24,1,115,0.0,0,1,4,21-25
10601,5,Blue One M,3000,0,South,Female,21,1,119,0.0,0,1,3,21-25
10602,5,Blue One M,3000,2,Far North,Female,27,1,119,0.4,6000,0,3,26-30
10603,5,Blue One M,3000,2,East,Male,25,1,119,0.4,6000,0,3,21-25
10604,5,Blue One M,3000,0,West,Female,28,1,111,0.0,0,1,4,26-30
10605,5,Blue One M,3000,0,East,Male,28,1,124,0.0,0,1,3,26-30
10606,5,Blue One M,3000,3,Adamawa,Male,20,0,124,0.6,9000,0,3,<=20
10607,5,Blue One M,3000,3,Centre,Male,18,0,121,0.6,9000,0,3,<=20
10608,5,Blue One M,3000,2,North West,Male,17,0,123,0.4,6000,0,3,<=20
10609,5,Blue One M,3000,0,Adamawa,Male,27,1,124,0.0,0,1,3,26-30
10610,5,Blue One M,3000,3,South West,Female,21,0,124,0.6,9000,0,3,21-25
10611,5,Blue One M,3000,2,East,Female,29,1,120,0.4,6000,0,3,26-30
10612,5,Blue One M,3000,2,South West,Male,24,0,117,0.4,6000,0,4,21-25
10613,5,Blue One M,3000,2,North West,Female,24,0,109,0.4,6000,0,4,21-25
10614,5,Blue One M,3000,2,West,Female,21,1,115,0.4,6000,0,4,21-25
10615,5,Blue One M,3000,0,South West,Male,23,1,117,0.0,0,1,4,21-25
10616,4,Blue One M,3000,2,South,Male,23,0,83,0.5,6000,0,5,21-25
10617,4,Blue One M,3000,3,Littoral,Female,23,0,86,0.75,9000,0,5,21-25
10618,4,Blue One M,3000,3,South,Female,25,0,82,0.75,9000,0,5,21-25
10619,4,Blue One M,3000,3,West,Male,26,0,83,0.75,9000,0,5,26-30
10620,4,Blue One M,3000,2,Centre,Male,23,0,76,0.5,6000,0,5,21-25
10621,4,Blue One M,3000,2,East,Female,23,1,77,0.5,6000,0,5,21-25
10622,4,Blue One M,3000,3,South,Female,21,0,76,0.75,9000,0,5,21-25
10623,4,Blue One M,3000,3,Centre,Female,24,0,81,0.75,9000,0,5,21-25
10627,3,Blue One S,2000,1,East,Female,29,0,63,0.3333333333333333,2000,0,5,26-30
10628,4,Blue One M,3000,3,North West,Male,20,0,104,0.75,9000,0,4,<=20
10629,4,Blue One M,3000,2,North,Male,28,0,91,0.5,6000,0,4,26-30
10630,4,Blue One M,3000,3,Adamawa,Male,27,0,95,0.75,9000,0,4,26-30
10631,4,Blue One M,3000,2,Far North,Male,26,1,95,0.5,6000,0,4,26-30
10632,4,Blue One M,3000,3,Far North,Male,25,0,83,0.75,9000,0,5,21-25
10633,4,Blue One M,3000,3,Far North,Male,24,0,84,0.75,9000,0,5,21-25
10634,4,Blue One M,3000,2,East,Male,22,0,77,0.5,6000,0,5,21-25
10635,4,Blue One M,3000,0,South,Female,19,1,83,0.0,0,1,5,<=20
10636,4,Blue One M,3000,2,Littoral,Female,23,0,90,0.5,6000,0,4,21-25
10637,4,Blue One M,3000,2,Centre,Female,28,1,95,0.5,6000,0,4,26-30
10638,4,Blue One M,3000,3,North West,Female,22,0,77,0.75,9000,0,5,21-25
10640,4,Blue One M,3000,3,North West,Male,23,0,80,0.75,9000,0,5,21-25
10642,5,Blue One M,3000,2,East,Male,28,0,116,0.4,6000,0,4,26-30
10643,5,Blue One M,3000,2,East,Female,28,0,117,0.4,6000,0,4,26-30
10644,5,Blue One M,3000,2,East,Female,25,0,117,0.4,6000,0,4,21-25
10645,5,Blue One M,3000,2,Littoral,Male,22,1,116,0.4,6000,0,4,21-25
10646,5,Blue One M,3000,0,Centre,Female,24,1,116,0.0,0,1,4,21-25
10647,4,Blue One M,3000,0,South,Male,23,1,102,0.0,0,1,4,21-25
10648,5,Blue One M,3000,2,West,Female,25,0,106,0.4,6000,0,4,21-25
10649,5,Blue One M,3000,2,Centre,Female,22,0,116,0.4,6000,0,4,21-25
10650,5,Blue One M,3000,3,Far North,Male,24,0,112,0.6,9000,0,4,21-25
10651,5,Blue One M,3000,2,Littoral,Female,24,1,115,0.4,6000,0,4,21-25
10653,5,Blue One M,3000,3,South,Male,26,0,108,0.6,9000,0,4,26-30
10654,5,Blue One M,3000,2,North,Male,26,0,105,0.4,6000,0,4,26-30
10655,5,Blue One M,3000,2,North West,Female,26,0,116,0.4,6000,0,4,26-30
10656,5,Blue One M,3000,2,South,Female,29,0,110,0.4,6000,0,4,26-30
10657,5,Blue One M,3000,3,West,Male,25,0,114,0.6,9000,0,4,21-25
10658,5,Blue One M,3000,2,West,Male,23,0,110,0.4,6000,0,4,21-25
10659,5,Blue One M,3000,2,East,Female,20,0,114,0.4,6000,0,4,<=20
10661,5,Blue One M,3000,0,Centre,Female,28,1,117,0.0,0,1,4,26-30
10662,5,Blue One M,3000,0,East,Female,21,1,115,0.0,0,1,4,21-25
10663,5,Blue One M,3000,2,Far North,Male,24,0,115,0.4,6000,0,4,21-25
10664,5,Blue One M,3000,0,South West,Male,23,1,113,0.0,0,1,4,21-25
10665,5,Blue One M,3000,2,Littoral,Female,24,1,111,0.4,6000,0,4,21-25
10666,5,Blue One M,3000,3,North West,Female,30,0,112,0.6,9000,0,4,26-30
10667,5,Blue One M,3000,3,Adamawa,Male,20,0,106,0.6,9000,0,4,<=20
10668,5,Blue One M,3000,2,North,Male,23,0,111,0.4,6000,0,4,21-25
10669,4,Blue One M,3000,2,South West,Female,21,0,95,0.5,6000,0,4,21-25
10670,5,Blue One M,3000,2,East,Male,25,0,115,0.4,6000,0,4,21-25
10671,5,Blue One M,3000,2,Littoral,Female,29,1,111,0.4,6000,0,4,26-30
10672,5,Blue One M,3000,2,Adamawa,Female,23,0,111,0.4,6000,0,4,21-25
10673,5,Blue One M,3000,0,West,Male,26,1,111,0.0,0,1,4,26-30
10674,5,Blue One M,3000,2,North,Male,26,0,110,0.4,6000,0,4,26-30
10676,4,Blue One M,3000,2,West,Female,24,0,89,0.5,6000,0,4,21-25
10677,4,Blue One M,3000,3,Centre,Female,22,0,91,0.75,9000,0,4,21-25
10678,4,Blue One M,3000,3,Littoral,Male,21,0,97,0.75,9000,0,4,21-25
10679,5,Blue One M,3000,3,Centre,Female,22,0,107,0.6,9000,0,4,21-25
10680,5,Blue One M,3000,3,North West,Male,25,0,105,0.6,9000,0,4,21-25
10681,5,Blue One M,3000,3,East,Male,26,0,112,0.6,9000,0,4,26-30
10682,5,Blue One M,3000,0,North West,Male,21,1,112,0.0,0,1,4,21-25
10683,5,Blue One M,3000,2,South,Male,22,0,112,0.4,6000,0,4,21-25
10684,5,Blue One M,3000,0,West,Male,28,1,112,0.0,0,1,4,26-30
10685,5,Blue One M,3000,3,Littoral,Female,27,0,112,0.6,9000,0,4,26-30
10686,5,Blue One M,3000,2,South,Male,25,0,109,0.4,6000,0,4,21-25
10687,5,Blue One M,3000,2,West,Male,26,0,108,0.4,6000,0,4,26-30
10688,5,Blue One M,3000,2,Littoral,Male,26,1,105,0.4,6000,0,4,26-30
10689,5,Blue One M,3000,3,North West,Male,27,0,115,0.6,9000,0,4,26-30
10690,4,Blue One M,3000,3,South West,Male,28,0,83,0.75,9000,0,5,26-30
10691,4,Blue One M,3000,0,East,Male,21,1,103,0.0,0,1,4,21-25
10692,4,Blue One M,3000,0,Centre,Female,21,1,98,0.0,0,1,4,21-25
10693,4,Blue One M,3000,2,Littoral,Female,17,0,96,0.5,6000,0,4,<=20
10694,4,Blue One M,3000,2,Littoral,Female,32,0,97,0.5,6000,0,4,>30
10695,4,Blue One M,3000,2,East,Female,21,0,89,0.5,6000,0,4,21-25
10696,4,Blue One M,3000,2,North West,Male,21,0,90,0.5,6000,0,4,21-25
10697,4,Blue One M,3000,0,Littoral,Male,29,1,96,0.0,0,1,4,26-30
10698,4,Blue One M,3000,2,Littoral,Male,27,0,91,0.5,6000,0,4,26-30
10699,4,Blue One M,3000,3,Centre,Female,23,0,95,0.75,9000,0,4,21-25
10700,4,Blue One M,3000,3,East,Female,22,0,93,0.75,9000,0,4,21-25
10702,4,Blue One M,3000,2,Littoral,Female,20,0,76,0.5,6000,0,5,<=20
10703,4,Blue One M,3000,2,Far North,Male,20,0,83,0.5,6000,0,5,<=20
10704,4,Blue One M,3000,3,Adamawa,Male,26,0,87,0.75,9000,0,5,26-30
10705,4,Blue One M,3000,3,North,Male,24,0,84,0.75,9000,0,5,21-25
10706,4,Blue One M,3000,2,East,Male,24,1,78,0.5,6000,0,5,21-25
10707,4,Blue One M,3000,2,Far North,Female,21,0,84,0.5,6000,0,5,21-25
10708,4,Blue One M,3000,2,South West,Male,26,0,81,0.5,6000,0,5,26-30
10709,4,Blue One M,3000,2,North West,Male,26,0,83,0.5,6000,0,5,26-30
10711,3,Blue One S,2000,0,North West,Male,26,1,71,0.0,0,1,5,26-30
10712,6,Blue One M,3000,3,North West,Male,23,0,162,0.5,9000,0,2,21-25
10713,6,Blue One M,3000,2,South West,Female,29,1,161,0.3333333333333333,6000,0,2,26-30
10714,6,Blue One M,3000,3,North,Male,21,0,161,0.5,9000,0,2,21-25
10715,7,Blue One L,5000,2,Centre,Male,24,1,171,0.2857142857142857,10000,0,2,21-25
10716,6,Blue One M,3000,2,South West,Female,33,1,157,0.3333333333333333,6000,0,2,>30
10717,7,Blue One L,5000,3,North,Female,32,0,165,0.42857142857142855,15000,0,2,>30
10718,7,Blue One L,5000,2,Far North,Male,24,0,165,0.2857142857142857,10000,0,2,21-25
10719,7,Blue One L,5000,0,Adamawa,Male,27,1,165,0.0,0,1,2,26-30
10720,7,Blue One L,5000,0,South,Female,29,1,165,0.0,0,1,2,26-30
10721,8,Blue One L,5000,3,South West,Male,25,0,200,0.375,15000,0,1,21-25
10723,4,Blue One M,3000,3,South,Female,22,0,86,0.75,9000,0,5,21-25
10741,6,Blue One M,3000,3,Far North,Male,23,0,151,0.5,9000,0,2,21-25
10742,5,Blue One M,3000,0,South,Male,22,1,105,0.0,0,1,4,21-25
10743,5,Blue One M,3000,0,East,Male,23,1,132,0.0,0,1,3,21-25
10744,7,Blue One L,5000,2,North West,Male,26,1,194,0.2857142857142857,10000,0,1,26-30
10745,6,Blue One M,3000,0,East,Male,24,1,161,0.0,0,1,2,21-25
10746,7,Blue One L,5000,2,East,Male,23,0,190,0.2857142857142857,10000,0,1,21-25
10747,7,Blue One L,5000,0,Centre,Male,30,1,192,0.0,0,1,1,26-30
10748,5,Blue One M,3000,2,North,Male,21,1,127,0.4,6000,0,3,21-25
10749,7,Blue One L,5000,3,East,Male,24,0,186,0.42857142857142855,15000,0,1,21-25
10750,5,Blue One M,3000,0,East,Male,21,1,123,0.0,0,1,3,21-25
10751,7,Blue One L,5000,0,South,Male,21,1,181,0.0,0,1,1,21-25
10752,7,Blue One L,5000,3,South West,Male,28,0,193,0.42857142857142855,15000,0,1,26-30
10753,4,Blue One M,3000,2,Far North,Male,19,0,102,0.5,6000,0,4,<=20
10754,8,Blue One L,5000,2,North,Male,32,1,198,0.25,10000,0,1,>30
10755,6,Blue One M,3000,3,North,Male,28,0,161,0.5,9000,0,2,26-30
10757,6,Blue One M,3000,3,East,Female,31,0,154,0.5,9000,0,2,>30
10759,7,Blue One L,5000,3,North West,Female,27,0,180,0.42857142857142855,15000,0,1,26-30
10761,5,Blue One M,3000,2,South West,Male,29,1,132,0.4,6000,0,3,26-30
10762,8,Blue One L,5000,2,Adamawa,Female,28,0,203,0.25,10000,0,1,26-30
10763,6,Blue One M,3000,3,West,Male,24,0,160,0.5,9000,0,2,21-25
10764,4,Blue One M,3000,3,South,Female,20,0,80,0.75,9000,0,5,<=20
10765,7,Blue One L,5000,0,Centre,Male,25,1,188,0.0,0,1,1,21-25
10766,4,Blue One M,3000,0,West,Male,26,1,104,0.0,0,1,4,26-30
10769,5,Blue One M,3000,2,South West,Female,24,0,111,0.4,6000,0,4,21-25
10770,5,Blue One M,3000,0,North West,Female,19,1,126,0.0,0,1,3,<=20
10771,5,Blue One M,3000,0,Littoral,Female,23,1,129,0.0,0,1,3,21-25
10772,7,Blue One L,5000,0,Adamawa,Female,24,1,187,0.0,0,1,1,21-25
10773,6,Blue One M,3000,2,West,Male,26,0,144,0.3333333333333333,6000,0,3,26-30
10774,7,Blue One L,5000,3,Adamawa,Female,29,0,179,0.42857142857142855,15000,0,1,26-30
10775,6,Blue One M,3000,3,South West,Male,29,0,145,0.5,9000,0,3,26-30
10776,7,Blue One L,5000,2,South,Male,27,0,180,0.2857142857142857,10000,0,1,26-30
10777,7,Blue One L,5000,0,South,Female,22,1,187,0.0,0,1,1,21-25
10778,8,Blue One L,5000,3,Littoral,Female,29,0,195,0.375,15000,0,1,26-30
10779,7,Blue One L,5000,2,Littoral,Female,26,1,179,0.2857142857142857,10000,0,1,26-30
10780,8,Blue One L,5000,2,Adamawa,Male,27,1,200,0.25,10000,0,1,26-30
10781,8,Blue One L,5000,2,East,Male,29,1,207,0.25,10000,0,1,26-30
10782,7,Blue One L,5000,3,North,Male,26,0,175,0.42857142857142855,15000,0,2,26-30
10783,5,Blue One M,3000,2,North,Female,28,0,124,0.4,6000,0,3,26-30
10784,8,Blue One L,5000,3,Centre,Male,30,0,203,0.375,15000,0,1,26-30
10785,7,Blue One L,5000,0,West,Male,24,1,171,0.0,0,1,2,21-25
10786,8,Blue One L,5000,2,South,Male,20,1,203,0.25,10000,0,1,<=20
10787,7,Blue One L,5000,0,Centre,Male,31,1,181,0.0,0,1,1,>30
10788,3,Blue One S,2000,1,Centre,Male,25,0,74,0.3333333333333333,2000,0,5,21-25
10790,5,Blue One M,3000,2,North,Male,23,0,116,0.4,6000,0,4,21-25
10792,7,Blue One L,5000,2,Centre,Female,28,0,178,0.2857142857142857,10000,0,1,26-30
10793,4,Blue One M,3000,3,West,Male,27,0,76,0.75,9000,0,5,26-30
10794,7,Blue One L,5000,2,Far North,Male,26,0,166,0.2857142857142857,10000,0,2,26-30
10795,4,Blue One M,3000,0,Adamawa,Male,26,1,104,0.0,0,1,4,26-30
10797,7,Blue One L,5000,2,Far North,Male,27,1,164,0.2857142857142857,10000,0,2,26-30
10798,4,Blue One M,3000,2,Centre,Female,20,0,82,0.5,6000,0,5,<=20
10800,8,Blue One L,5000,2,East,Female,30,1,200,0.25,10000,0,1,26-30
10801,7,Blue One L,5000,0,East,Male,28,1,179,0.0,0,1,1,26-30
10802,5,Blue One M,3000,3,North,Male,24,0,133,0.6,9000,0,3,21-25
10804,8,Blue One L,5000,0,North West,Female,31,1,207,0.0,0,1,1,>30
10805,6,Blue One M,3000,3,North West,Male,30,0,148,0.5,9000,0,3,26-30
10806,7,Blue One L,5000,0,North West,Male,26,1,194,0.0,0,1,1,26-30
10807,4,Blue One M,3000,2,West,Male,28,1,87,0.5,6000,0,5,26-30
10808,4,Blue One M,3000,2,East,Female,27,0,95,0.5,6000,0,4,26-30
10809,7,Blue One L,5000,2,East,Female,26,1,185,0.2857142857142857,10000,0,1,26-30
10813,7,Blue One L,5000,0,North West,Male,27,1,172,0.0,0,1,2,26-30
10814,5,Blue One M,3000,2,North West,Female,25,0,124,0.4,6000,0,3,21-25
10818,8,Blue One L,5000,0,North West,Female,25,1,196,0.0,0,1,1,21-25
10819,8,Blue One L,5000,2,Adamawa,Female,26,1,202,0.25,10000,0,1,26-30
10820,4,Blue One M,3000,2,North,Male,23,0,90,0.5,6000,0,4,21-25
10821,7,Blue One L,5000,0,Adamawa,Female,18,1,189,0.0,0,1,1,<=20
10822,7,Blue One L,5000,0,South West,Male,27,1,194,0.0,0,1,1,26-30
10823,5,Blue One M,3000,2,West,Female,28,1,109,0.4,6000,0,4,26-30
10825,8,Blue One L,5000,3,South West,Female,27,0,199,0.375,15000,0,1,26-30
10826,7,Blue One L,5000,0,East,Female,26,1,167,0.0,0,1,2,26-30
10827,7,Blue One L,5000,2,Adamawa,Female,23,1,188,0.2857142857142857,10000,0,1,21-25
10828,8,Blue One L,5000,3,Littoral,Male,31,0,201,0.375,15000,0,1,>30
10829,8,Blue One L,5000,0,South,Male,26,1,207,0.0,0,1,1,26-30
10830,8,Blue One L,5000,0,Littoral,Male,31,1,203,0.0,0,1,1,>30
10831,8,Blue One L,5000,0,East,Male,26,1,198,0.0,0,1,1,26-30
10832,4,Blue One M,3000,2,East,Female,19,0,98,0.5,6000,0,4,<=20
10833,8,Blue One L,5000,0,Adamawa,Male,19,1,203,0.0,0,1,1,<=20
10834,8,Blue One L,5000,3,Far North,Female,26,0,206,0.375,15000,0,1,26-30
10835,8,Blue One L,5000,3,South,Female,26,0,203,0.375,15000,0,1,26-30
10836,8,Blue One L,5000,0,South,Male,25,1,195,0.0,0,1,1,21-25
10837,7,Blue One L,5000,0,South,Male,30,1,189,0.0,0,1,1,26-30
10838,8,Blue One L,5000,2,Centre,Female,29,1,195,0.25,10000,0,1,26-30
10839,6,Blue One M,3000,3,South West,Female,25,0,153,0.5,9000,0,2,21-25
10840,6,Blue One M,3000,2,North,Female,22,1,148,0.3333333333333333,6000,0,3,21-25
10841,8,Blue One L,5000,2,Centre,Female,29,1,200,0.25,10000,0,1,26-30
10842,8,Blue One L,5000,0,South West,Female,22,1,204,0.0,0,1,1,21-25
10843,8,Blue One L,5000,2,Centre,Female,28,0,207,0.25,10000,0,1,26-30
10844,6,Blue One M,3000,2,Far North,Male,27,0,164,0.3333333333333333,6000,0,2,26-30
10845,8,Blue One L,5000,2,Far North,Male,29,1,204,0.25,10000,0,1,26-30
10846,6,Blue One M,3000,0,West,Female,22,1,147,0.0,0,1,3,21-25
10847,6,Blue One M,3000,3,South West,Female,21,0,150,0.5,9000,0,2,21-25
10849,5,Blue One M,3000,0,Littoral,Female,28,1,122,0.0,0,1,3,26-30
10850,8,Blue One L,5000,3,Far North,Male,21,0,202,0.375,15000,0,1,21-25
10851,5,Blue One M,3000,3,North West,Male,25,0,104,0.6,9000,0,4,21-25
10852,6,Blue One M,3000,2,Centre,Male,26,0,140,0.3333333333333333,6000,0,3,26-30
10853,6,Blue One M,3000,2,North,Male,21,0,154,0.3333333333333333,6000,0,2,21-25
10854,8,Blue One L,5000,2,Centre,Male,21,1,199,0.25,10000,0,1,21-25
10855,7,Blue One L,5000,0,North West,Female,26,1,191,0.0,0,1,1,26-30
10856,7,Blue One L,5000,2,Littoral,Female,25,1,193,0.2857142857142857,10000,0,1,21-25
10857,7,Blue One L,5000,3,South West,Female,25,0,167,0.42857142857142855,15000,0,2,21-25
10858,4,Blue One M,3000,2,Littoral,Male,25,0,97,0.5,6000,0,4,21-25
10859,5,Blue One M,3000,3,West,Male,23,0,109,0.6,9000,0,4,21-25
10860,7,Blue One L,5000,2,Far North,Female,23,1,181,0.2857142857142857,10000,0,1,21-25
10861,7,Blue One L,5000,2,North,Male,30,1,165,0.2857142857142857,10000,0,2,26-30
10862,8,Blue One L,5000,3,East,Male,26,0,196,0.375,15000,0,1,26-30
10863,6,Blue One M,3000,2,West,Male,26,1,161,0.3333333333333333,6000,0,2,26-30
10864,7,Blue One L,5000,3,Littoral,Male,18,0,187,0.42857142857142855,15000,0,1,<=20
10865,7,Blue One L,5000,3,Adamawa,Male,23,0,173,0.42857142857142855,15000,0,2,21-25
10866,5,Blue One M,3000,2,North West,Male,21,0,133,0.4,6000,0,3,21-25
10867,7,Blue One L,5000,0,Centre,Female,27,1,173,0.0,0,1,2,26-30
10868,6,Blue One M,3000,0,Littoral,Male,22,1,138,0.0,0,1,3,21-25
10869,4,Blue One M,3000,0,Far North,Male,21,1,84,0.0,0,1,5,21-25
10870,4,Blue One M,3000,2,South West,Male,21,0,98,0.5,6000,0,4,21-25
10871,5,Blue One M,3000,2,South,Female,22,1,109,0.4,6000,0,4,21-25
10872,4,Blue One M,3000,3,Far North,Female,23,0,102,0.75,9000,0,4,21-25
10873,5,Blue One M,3000,2,Littoral,Male,24,1,118,0.4,6000,0,4,21-25
10874,6,Blue One M,3000,2,North,Male,25,1,159,0.3333333333333333,6000,0,2,21-25
10875,4,Blue One M,3000,3,West,Female,24,0,84,0.75,9000,0,5,21-25
10876,6,Blue One M,3000,2,Adamawa,Female,27,1,161,0.3333333333333333,6000,0,2,26-30
10878,8,Blue One L,5000,2,Adamawa,Male,26,1,201,0.25,10000,0,1,26-30
10881,7,Blue One L,5000,3,South West,Male,26,0,186,0.42857142857142855,15000,0,1,26-30
10882,7,Blue One L,5000,2,North West,Male,27,1,187,0.2857142857142857,10000,0,1,26-30
10883,7,Blue One L,5000,0,East,Female,26,1,187,0.0,0,1,1,26-30
10884,7,Blue One L,5000,2,South West,Male,25,0,186,0.2857142857142857,10000,0,1,21-25
10885,8,Blue One L,5000,0,Far North,Male,32,1,195,0.0,0,1,1,>30
10886,8,Blue One L,5000,0,North,Female,27,1,198,0.0,0,1,1,26-30
10887,7,Blue One L,5000,2,Adamawa,Male,29,0,185,0.2857142857142857,10000,0,1,26-30
10888,7,Blue One L,5000,2,North West,Female,26,1,180,0.2857142857142857,10000,0,1,26-30
10889,4,Blue One M,3000,3,South West,Female,24,0,75,0.75,9000,0,5,21-25
10890,7,Blue One L,5000,2,Adamawa,Female,27,1,173,0.2857142857142857,10000,0,2,26-30
10891,7,Blue One L,5000,3,North,Male,25,0,178,0.42857142857142855,15000,0,1,21-25
10892,7,Blue One L,5000,2,Far North,Male,30,0,189,0.2857142857142857,10000,0,1,26-30
10893,7,Blue One L,5000,0,Littoral,Male,29,1,184,0.0,0,1,1,26-30
10894,7,Blue One L,5000,3,West,Male,28,0,171,0.42857142857142855,15000,0,2,26-30
10895,6,Blue One M,3000,3,North,Female,27,0,157,0.5,9000,0,2,26-30
10896,6,Blue One M,3000,2,West,Female,28,0,136,0.3333333333333333,6000,0,3,26-30
10897,7,Blue One L,5000,0,Centre,Male,27,1,185,0.0,0,1,1,26-30
10898,7,Blue One L,5000,2,Adamawa,Male,28,0,188,0.2857142857142857,10000,0,1,26-30
10899,8,Blue One L,5000,0,South West,Female,31,1,196,0.0,0,1,1,>30
10900,8,Blue One L,5000,3,South West,Female,26,0,201,0.375,15000,0,1,26-30
10901,8,Blue One L,5000,2,North West,Male,29,0,201,0.25,10000,0,1,26-30
10902,6,Blue One M,3000,3,Far North,Female,26,0,157,0.5,9000,0,2,26-30
10903,8,Blue One L,5000,2,Littoral,Female,26,1,205,0.25,10000,0,1,26-30
10904,8,Blue One L,5000,3,Adamawa,Female,26,0,202,0.375,15000,0,1,26-30
10905,5,Blue One M,3000,3,Adamawa,Male,28,0,118,0.6,9000,0,4,26-30
10906,6,Blue One M,3000,0,North,Female,22,1,139,0.0,0,1,3,21-25
10907,7,Blue One L,5000,2,South West,Male,22,0,182,0.2857142857142857,10000,0,1,21-25
10908,8,Blue One L,5000,0,Adamawa,Male,31,1,203,0.0,0,1,1,>30
10909,8,Blue One L,5000,2,Adamawa,Female,28,1,202,0.25,10000,0,1,26-30
10910,8,Blue One L,5000,2,North West,Female,30,0,199,0.25,10000,0,1,26-30
10911,6,Blue One M,3000,2,North West,Male,27,0,143,0.3333333333333333,6000,0,3,26-30
10912,7,Blue One L,5000,0,North West,Female,24,1,189,0.0,0,1,1,21-25
10913,7,Blue One L,5000,2,South,Female,26,1,194,0.2857142857142857,10000,0,1,26-30
10914,8,Blue One L,5000,2,Centre,Female,21,0,209,0.25,10000,0,1,21-25
10915,8,Blue One L,5000,3,Far North,Male,28,0,198,0.375,15000,0,1,26-30
10916,8,Blue One L,5000,3,East,Female,27,0,200,0.375,15000,0,1,26-30
10917,7,Blue One L,5000,3,Littoral,Female,31,0,179,0.42857142857142855,15000,0,1,>30
10918,8,Blue One L,5000,0,North,Female,27,1,207,0.0,0,1,1,26-30
10919,8,Blue One L,5000,2,West,Female,24,0,200,0.25,10000,0,1,21-25
10920,8,Blue One L,5000,0,North,Male,30,1,207,0.0,0,1,1,26-30
10921,8,Blue One L,5000,2,South West,Female,29,0,199,0.25,10000,0,1,26-30
10922,7,Blue One L,5000,2,East,Male,23,0,189,0.2857142857142857,10000,0,1,21-25
10923,7,Blue One L,5000,2,East,Male,30,0,189,0.2857142857142857,10000,0,1,26-30
10924,7,Blue One L,5000,3,Adamawa,Female,31,0,189,0.42857142857142855,15000,0,1,>30
10925,7,Blue One L,5000,2,South West,Male,26,0,194,0.2857142857142857,10000,0,1,26-30
10926,7,Blue One L,5000,2,Littoral,Female,26,0,181,0.2857142857142857,10000,0,1,26-30
10928,8,Blue One L,5000,3,North West,Female,29,0,201,0.375,15000,0,1,26-30
10929,7,Blue One L,5000,0,West,Female,31,1,188,0.0,0,1,1,>30
10930,8,Blue One L,5000,2,North,Female,23,1,200,0.25,10000,0,1,21-25
10931,7,Blue One L,5000,2,East,Male,29,1,193,0.2857142857142857,10000,0,1,26-30
10932,8,Blue One L,5000,3,North West,Female,29,0,200,0.375,15000,0,1,26-30
10933,7,Blue One L,5000,2,North West,Female,29,1,189,0.2857142857142857,10000,0,1,26-30
10934,6,Blue One M,3000,0,Littoral,Male,21,1,147,0.0,0,1,3,21-25
10935,6,Blue One M,3000,3,Centre,Female,27,0,153,0.5,9000,0,2,26-30
10936,4,Blue One M,3000,3,Centre,Male,19,0,75,0.75,9000,0,5,<=20
10937,6,Blue One M,3000,0,West,Male,22,1,157,0.0,0,1,2,21-25
10938,6,Blue One M,3000,2,Adamawa,Male,25,1,157,0.3333333333333333,6000,0,2,21-25
10939,6,Blue One M,3000,2,North West,Male,22,0,153,0.3333333333333333,6000,0,2,21-25
10940,6,Blue One M,3000,0,North West,Female,26,1,157,0.0,0,1,2,26-30
10941,6,Blue One M,3000,2,Littoral,Female,26,0,153,0.3333333333333333,6000,0,2,26-30
10942,6,Blue One M,3000,2,Littoral,Female,26,0,147,0.3333333333333333,6000,0,3,26-30
10943,6,Blue One M,3000,3,Adamawa,Female,25,0,153,0.5,9000,0,2,21-25
10944,6,Blue One M,3000,0,South,Male,31,1,142,0.0,0,1,3,>30
10945,6,Blue One M,3000,0,West,Male,24,1,146,0.0,0,1,3,21-25
10946,5,Blue One M,3000,2,South,Female,28,1,105,0.4,6000,0,4,26-30
10947,5,Blue One M,3000,3,South,Female,29,0,113,0.6,9000,0,4,26-30
10948,6,Blue One M,3000,2,Centre,Female,28,0,136,0.3333333333333333,6000,0,3,26-30
10949,6,Blue One M,3000,3,Far North,Male,25,0,151,0.5,9000,0,2,21-25
10950,6,Blue One M,3000,3,Centre,Female,26,0,147,0.5,9000,0,3,26-30
10951,6,Blue One M,3000,2,South,Female,24,0,144,0.3333333333333333,6000,0,3,21-25
10952,6,Blue One M,3000,3,Adamawa,Male,28,0,146,0.5,9000,0,3,26-30
10953,6,Blue One M,3000,2,Littoral,Female,28,0,145,0.3333333333333333,6000,0,3,26-30
10955,5,Blue One M,3000,0,South,Male,18,1,114,0.0,0,1,4,<=20
10956,5,Blue One M,3000,0,North West,Female,23,1,121,0.0,0,1,3,21-25
10957,5,Blue One M,3000,0,West,Male,18,1,126,0.0,0,1,3,<=20
10958,5,Blue One M,3000,3,North,Male,25,0,120,0.6,9000,0,3,21-25
10959,5,Blue One M,3000,2,Centre,Female,23,1,111,0.4,6000,0,4,21-25
10960,5,Blue One M,3000,0,South,Female,20,1,111,0.0,0,1,4,<=20
10961,4,Blue One M,3000,2,Littoral,Female,24,1,104,0.5,6000,0,4,21-25
10962,5,Blue One M,3000,0,Littoral,Female,25,1,124,0.0,0,1,3,21-25
10963,5,Blue One M,3000,3,North West,Male,25,0,123,0.6,9000,0,3,21-25
10964,6,Blue One M,3000,3,South West,Female,23,0,142,0.5,9000,0,3,21-25
10965,5,Blue One M,3000,3,South,Male,17,0,130,0.6,9000,0,3,<=20
10966,5,Blue One M,3000,3,North West,Female,20,0,133,0.6,9000,0,3,<=20
10967,5,Blue One M,3000,0,East,Male,22,1,131,0.0,0,1,3,21-25
10968,6,Blue One M,3000,2,South,Female,25,1,142,0.3333333333333333,6000,0,3,21-25
10969,6,Blue One M,3000,2,Centre,Female,29,1,138,0.3333333333333333,6000,0,3,26-30
10970,5,Blue One M,3000,0,North,Male,25,1,134,0.0,0,1,3,21-25
10971,6,Blue One M,3000,2,North West,Male,31,0,143,0.3333333333333333,6000,0,3,>30
10972,6,Blue One M,3000,3,Adamawa,Female,29,0,145,0.5,9000,0,3,26-30
10973,7,Blue One L,5000,2,Littoral,Male,22,1,181,0.2857142857142857,10000,0,1,21-25
10974,7,Blue One L,5000,2,East,Female,25,1,188,0.2857142857142857,10000,0,1,21-25
10975,7,Blue One L,5000,3,East,Male,30,0,178,0.42857142857142855,15000,0,1,26-30
10976,7,Blue One L,5000,0,South,Male,32,1,187,0.0,0,1,1,>30
10977,7,Blue One L,5000,3,North West,Male,31,0,166,0.42857142857142855,15000,0,2,>30
10978,7,Blue One L,5000,3,Littoral,Female,27,0,179,0.42857142857142855,15000,0,1,26-30
10979,7,Blue One L,5000,0,East,Female,25,1,189,0.0,0,1,1,21-25
10980,7,Blue One L,5000,2,Centre,Male,28,1,186,0.2857142857142857,10000,0,1,26-30
10981,7,Blue One L,5000,3,Adamawa,Male,25,0,170,0.42857142857142855,15000,0,2,21-25
10982,7,Blue One L,5000,0,North West,Female,27,1,181,0.0,0,1,1,26-30
10983,7,Blue One L,5000,2,East,Male,28,1,182,0.2857142857142857,10000,0,1,26-30
10984,7,Blue One L,5000,2,North,Male,19,1,175,0.2857142857142857,10000,0,2,<=20
10985,7,Blue One L,5000,2,East,Male,30,0,175,0.2857142857142857,10000,0,2,26-30
10986,7,Blue One L,5000,2,South West,Male,25,1,168,0.2857142857142857,10000,0,2,21-25
10987,7,Blue One L,5000,3,East,Female,25,0,177,0.42857142857142855,15000,0,2,21-25
10988,5,Blue One M,3000,2,North West,Male,23,0,110,0.4,6000,0,4,21-25
10989,6,Blue One M,3000,0,Far North,Male,26,1,146,0.0,0,1,3,26-30
10990,5,Blue One M,3000,3,Littoral,Female,25,0,128,0.6,9000,0,3,21-25
10991,7,Blue One L,5000,2,North,Female,22,0,166,0.2857142857142857,10000,0,2,21-25
10992,6,Blue One M,3000,0,South,Male,23,1,152,0.0,0,1,2,21-25
10993,6,Blue One M,3000,3,Far North,Male,24,0,159,0.5,9000,0,2,21-25
10994,7,Blue One L,5000,2,East,Male,29,1,165,0.2857142857142857,10000,0,2,26-30
10995,7,Blue One L,5000,2,North West,Male,33,0,171,0.2857142857142857,10000,0,2,>30
10997,8,Blue One L,5000,0,Adamawa,Female,28,1,194,0.0,0,1,1,26-30
10998,7,Blue One L,5000,0,South,Female,24,1,165,0.0,0,1,2,21-25
10999,6,Blue One M,3000,0,West,Female,26,1,156,0.0,0,1,2,26-30
11000,6,Blue One M,3000,0,Littoral,Male,24,1,152,0.0,0,1,2,21-25
11001,7,Blue One L,5000,2,East,Female,24,1,193,0.2857142857142857,10000,0,1,21-25
11002,7,Blue One L,5000,0,West,Female,29,1,175,0.0,0,1,2,26-30
11003,7,Blue One L,5000,2,Far North,Female,27,0,186,0.2857142857142857,10000,0,1,26-30
11004,7,Blue One L,5000,0,South West,Male,24,1,189,0.0,0,1,1,21-25
11005,7,Blue One L,5000,0,East,Male,27,1,175,0.0,0,1,2,26-30
11006,7,Blue One L,5000,2,East,Male,27,0,170,0.2857142857142857,10000,0,2,26-30
11007,7,Blue One L,5000,2,Far North,Male,24,1,179,0.2857142857142857,10000,0,1,21-25
11008,7,Blue One L,5000,2,Far North,Male,30,1,168,0.2857142857142857,10000,0,2,26-30
11009,7,Blue One L,5000,2,West,Female,20,1,173,0.2857142857142857,10000,0,2,<=20
11010,5,Blue One M,3000,2,Adamawa,Male,29,0,121,0.4,6000,0,3,26-30
11011,4,Blue One M,3000,3,Adamawa,Female,22,0,95,0.75,9000,0,4,21-25
11012,4,Blue One M,3000,2,Littoral,Male,26,1,103,0.5,6000,0,4,26-30
11013,4,Blue One M,3000,3,Centre,Female,22,0,102,0.75,9000,0,4,21-25
11014,5,Blue One M,3000,2,Adamawa,Female,27,0,116,0.4,6000,0,4,26-30
11015,5,Blue One M,3000,2,South,Female,23,0,117,0.4,6000,0,4,21-25
11016,5,Blue One M,3000,3,East,Male,23,0,116,0.6,9000,0,4,21-25
11017,4,Blue One M,3000,3,East,Male,26,0,103,0.75,9000,0,4,26-30
11018,5,Blue One M,3000,2,Far North,Male,30,0,115,0.4,6000,0,4,26-30
11019,6,Blue One M,3000,3,Centre,Female,27,0,161,0.5,9000,0,2,26-30
11020,6,Blue One M,3000,0,Littoral,Male,28,1,160,0.0,0,1,2,26-30
11021,6,Blue One M,3000,2,North,Male,27,1,156,0.3333333333333333,6000,0,2,26-30
11022,6,Blue One M,3000,0,Adamawa,Male,22,1,161,0.0,0,1,2,21-25
11023,6,Blue One M,3000,0,South,Female,25,1,161,0.0,0,1,2,21-25
11024,6,Blue One M,3000,0,Far North,Male,25,1,146,0.0,0,1,3,21-25
11025,6,Blue One M,3000,2,South West,Male,24,1,160,0.3333333333333333,6000,0,2,21-25
11026,6,Blue One M,3000,2,South West,Female,25,0,152,0.3333333333333333,6000,0,2,21-25
11027,6,Blue One M,3000,0,Far North,Female,24,1,158,0.0,0,1,2,21-25
11028,5,Blue One M,3000,3,Centre,Female,23,0,115,0.6,9000,0,4,21-25
11029,6,Blue One M,3000,0,Centre,Male,22,1,158,0.0,0,1,2,21-25
11030,6,Blue One M,3000,3,South West,Female,23,0,149,0.5,9000,0,3,21-25
11031,6,Blue One M,3000,3,Centre,Female,28,0,154,0.5,9000,0,2,26-30
11032,5,Blue One M,3000,2,North,Female,26,1,122,0.4,6000,0,3,26-30
11033,6,Blue One M,3000,3,South West,Female,29,0,150,0.5,9000,0,3,26-30
11034,7,Blue One L,5000,0,Far North,Male,24,1,177,0.0,0,1,2,21-25
11035,7,Blue One L,5000,0,North West,Male,29,1,167,0.0,0,1,2,26-30
11036,7,Blue One L,5000,2,North West,Female,23,0,180,0.2857142857142857,10000,0,1,21-25
11037,7,Blue One L,5000,0,Littoral,Female,27,1,179,0.0,0,1,1,26-30
11038,7,Blue One L,5000,3,South,Male,21,0,167,0.42857142857142855,15000,0,2,21-25
11039,7,Blue One L,5000,3,Far North,Male,31,0,172,0.42857142857142855,15000,0,2,>30
11040,7,Blue One L,5000,2,Centre,Female,30,1,175,0.2857142857142857,10000,0,2,26-30
11041,7,Blue One L,5000,2,North West,Male,27,0,171,0.2857142857142857,10000,0,2,26-30
11042,6,Blue One M,3000,2,South West,Female,19,0,163,0.3333333333333333,6000,0,2,<=20
11043,7,Blue One L,5000,3,Far North,Female,27,0,172,0.42857142857142855,15000,0,2,26-30
11044,5,Blue One M,3000,0,West,Female,26,1,123,0.0,0,1,3,26-30
11045,5,Blue One M,3000,3,South West,Male,23,0,130,0.6,9000,0,3,21-25
11046,6,Blue One M,3000,2,East,Male,28,1,135,0.3333333333333333,6000,0,3,26-30
11047,5,Blue One M,3000,2,South West,Male,25,0,116,0.4,6000,0,4,21-25
11048,5,Blue One M,3000,3,Adamawa,Male,30,0,125,0.6,9000,0,3,26-30
11049,5,Blue One M,3000,0,North,Male,27,1,116,0.0,0,1,4,26-30
11050,5,Blue One M,3000,3,South,Female,17,0,121,0.6,9000,0,3,<=20
11051,6,Blue One M,3000,2,North West,Male,24,0,150,0.3333333333333333,6000,0,2,21-25
11052,6,Blue One M,3000,0,North West,Female,28,1,149,0.0,0,1,3,26-30
11053,6,Blue One M,3000,2,West,Male,24,1,135,0.3333333333333333,6000,0,3,21-25
11054,6,Blue One M,3000,3,Far North,Male,28,0,136,0.5,9000,0,3,26-30
11055,6,Blue One M,3000,2,Littoral,Male,28,0,157,0.3333333333333333,6000,0,2,26-30
11056,6,Blue One M,3000,2,East,Female,24,0,159,0.3333333333333333,6000,0,2,21-25
11057,6,Blue One M,3000,3,North,Male,28,0,150,0.5,9000,0,2,26-30
11058,6,Blue One M,3000,0,West,Female,30,1,153,0.0,0,1,2,26-30
11059,6,Blue One M,3000,0,Adamawa,Female,22,1,150,0.0,0,1,2,21-25
11060,6,Blue One M,3000,0,East,Male,24,1,153,0.0,0,1,2,21-25
11061,6,Blue One M,3000,2,South West,Male,27,0,152,0.3333333333333333,6000,0,2,26-30
11062,6,Blue One M,3000,2,West,Female,25,0,145,0.3333333333333333,6000,0,3,21-25
11063,6,Blue One M,3000,2,Adamawa,Female,27,0,136,0.3333333333333333,6000,0,3,26-30
11064,6,Blue One M,3000,3,Littoral,Male,23,0,136,0.5,9000,0,3,21-25
11070,6,Blue One M,3000,2,Centre,Male,26,1,137,0.3333333333333333,6000,0,3,26-30
11071,5,Blue One M,3000,2,North West,Male,27,1,131,0.4,6000,0,3,26-30
11072,6,Blue One M,3000,2,Far North,Male,23,1,136,0.3333333333333333,6000,0,3,21-25
11073,4,Blue One M,3000,2,South,Female,24,0,89,0.5,6000,0,4,21-25
11074,4,Blue One M,3000,2,North West,Female,21,0,94,0.5,6000,0,4,21-25
11077,6,Blue One M,3000,0,West,Female,28,1,164,0.0,0,1,2,26-30
11078,6,Blue One M,3000,0,West,Female,19,1,163,0.0,0,1,2,<=20
11079,6,Blue One M,3000,2,South West,Male,29,0,160,0.3333333333333333,6000,0,2,26-30
11081,6,Blue One M,3000,0,North West,Female,31,1,150,0.0,0,1,2,>30
11082,6,Blue One M,3000,2,Centre,Male,24,1,158,0.3333333333333333,6000,0,2,21-25
11083,6,Blue One M,3000,2,North West,Female,24,1,151,0.3333333333333333,6000,0,2,21-25
11084,6,Blue One M,3000,2,Adamawa,Male,27,0,149,0.3333333333333333,6000,0,3,26-30
11085,6,Blue One M,3000,2,West,Female,24,1,153,0.3333333333333333,6000,0,2,21-25
11086,6,Blue One M,3000,2,Littoral,Male,30,0,157,0.3333333333333333,6000,0,2,26-30
11087,6,Blue One M,3000,2,Centre,Male,28,1,139,0.3333333333333333,6000,0,3,26-30
11088,6,Blue One M,3000,2,South West,Male,28,1,143,0.3333333333333333,6000,0,3,26-30
11089,6,Blue One M,3000,0,North West,Male,24,1,152,0.0,0,1,2,21-25
11090,6,Blue One M,3000,2,North,Male,24,0,151,0.3333333333333333,6000,0,2,21-25
11091,6,Blue One M,3000,3,South,Male,24,0,148,0.5,9000,0,3,21-25
11092,7,Blue One L,5000,0,West,Female,23,1,180,0.0,0,1,1,21-25
11093,7,Blue One L,5000,0,Centre,Male,25,1,165,0.0,0,1,2,21-25
11094,7,Blue One L,5000,2,Adamawa,Female,17,0,181,0.2857142857142857,10000,0,1,<=20
11095,7,Blue One L,5000,0,Far North,Male,30,1,182,0.0,0,1,1,26-30
11096,7,Blue One L,5000,0,Far North,Male,24,1,183,0.0,0,1,1,21-25
11097,7,Blue One L,5000,2,Adamawa,Female,26,0,181,0.2857142857142857,10000,0,1,26-30
11098,7,Blue One L,5000,3,North West,Male,25,0,172,0.42857142857142855,15000,0,2,21-25
11099,7,Blue One L,5000,0,Littoral,Male,25,1,183,0.0,0,1,1,21-25
11100,7,Blue One L,5000,2,East,Male,22,0,184,0.2857142857142857,10000,0,1,21-25
11101,7,Blue One L,5000,3,South,Female,26,0,180,0.42857142857142855,15000,0,1,26-30
11102,7,Blue One L,5000,3,East,Female,33,0,180,0.42857142857142855,15000,0,1,>30
11103,7,Blue One L,5000,2,South,Male,24,1,182,0.2857142857142857,10000,0,1,21-25
11104,7,Blue One L,5000,3,North West,Male,28,0,184,0.42857142857142855,15000,0,1,26-30
11105,7,Blue One L,5000,3,Far North,Female,27,0,182,0.42857142857142855,15000,0,1,26-30
11106,7,Blue One L,5000,0,Centre,Male,28,1,181,0.0,0,1,1,26-30
11107,7,Blue One L,5000,2,Littoral,Female,28,1,181,0.2857142857142857,10000,0,1,26-30
11108,7,Blue One L,5000,0,East,Male,27,1,179,0.0,0,1,1,26-30
11109,7,Blue One L,5000,2,Far North,Female,25,0,180,0.2857142857142857,10000,0,1,21-25
11110,7,Blue One L,5000,2,East,Female,28,1,176,0.2857142857142857,10000,0,2,26-30
11111,7,Blue One L,5000,2,Littoral,Female,26,1,179,0.2857142857142857,10000,0,1,26-30
11112,7,Blue One L,5000,0,East,Female,29,1,179,0.0,0,1,1,26-30
11113,7,Blue One L,5000,2,South West,Male,21,1,179,0.2857142857142857,10000,0,1,21-25
11114,7,Blue One L,5000,2,East,Female,29,0,179,0.2857142857142857,10000,0,1,26-30
11115,7,Blue One L,5000,3,Littoral,Male,28,0,180,0.42857142857142855,15000,0,1,26-30
11116,7,Blue One L,5000,3,Adamawa,Female,26,0,176,0.42857142857142855,15000,0,2,26-30
11117,7,Blue One L,5000,0,South West,Female,28,1,167,0.0,0,1,2,26-30
11118,7,Blue One L,5000,2,South West,Female,30,0,176,0.2857142857142857,10000,0,2,26-30
11119,7,Blue One L,5000,0,West,Male,31,1,175,0.0,0,1,2,>30
11120,7,Blue One L,5000,0,East,Female,28,1,172,0.0,0,1,2,26-30
11121,7,Blue One L,5000,2,North,Male,25,1,176,0.2857142857142857,10000,0,2,21-25
11122,7,Blue One L,5000,3,South,Female,27,0,168,0.42857142857142855,15000,0,2,26-30
11123,6,Blue One M,3000,3,Far North,Male,31,0,164,0.5,9000,0,2,>30
11124,6,Blue One M,3000,0,Far North,Female,22,1,164,0.0,0,1,2,21-25
11125,6,Blue One M,3000,2,East,Female,30,0,161,0.3333333333333333,6000,0,2,26-30
11126,7,Blue One L,5000,0,West,Male,32,1,171,0.0,0,1,2,>30
11127,7,Blue One L,5000,2,Adamawa,Female,27,1,173,0.2857142857142857,10000,0,2,26-30
11128,7,Blue One L,5000,2,Adamawa,Male,24,1,171,0.2857142857142857,10000,0,2,21-25
11129,7,Blue One L,5000,3,North,Male,27,0,165,0.42857142857142855,15000,0,2,26-30
11130,7,Blue One L,5000,2,Far North,Female,26,0,168,0.2857142857142857,10000,0,2,26-30
11131,7,Blue One L,5000,2,Centre,Female,29,1,169,0.2857142857142857,10000,0,2,26-30
11132,7,Blue One L,5000,2,Adamawa,Female,24,1,173,0.2857142857142857,10000,0,2,21-25
11133,7,Blue One L,5000,2,East,Female,26,1,171,0.2857142857142857,10000,0,2,26-30
11134,7,Blue One L,5000,0,South West,Female,25,1,171,0.0,0,1,2,21-25
11135,7,Blue One L,5000,0,Littoral,Female,22,1,171,0.0,0,1,2,21-25
11136,7,Blue One L,5000,0,Centre,Male,23,1,173,0.0,0,1,2,21-25
11137,7,Blue One L,5000,3,North,Male,25,0,171,0.42857142857142855,15000,0,2,21-25
11138,7,Blue One L,5000,0,South West,Female,28,1,169,0.0,0,1,2,26-30
11139,6,Blue One M,3000,2,North,Female,27,1,152,0.3333333333333333,6000,0,2,26-30
11140,7,Blue One L,5000,2,East,Female,27,1,171,0.2857142857142857,10000,0,2,26-30
11141,7,Blue One L,5000,2,West,Male,25,1,170,0.2857142857142857,10000,0,2,21-25
11142,7,Blue One L,5000,2,South,Male,19,1,170,0.2857142857142857,10000,0,2,<=20
11143,7,Blue One L,5000,2,South,Male,27,0,173,0.2857142857142857,10000,0,2,26-30
11144,7,Blue One L,5000,0,West,Male,25,1,169,0.0,0,1,2,21-25
11145,7,Blue One L,5000,2,Centre,Female,24,1,173,0.2857142857142857,10000,0,2,21-25
11146,7,Blue One L,5000,2,Adamawa,Female,27,1,173,0.2857142857142857,10000,0,2,26-30
11147,7,Blue One L,5000,2,Far North,Male,24,1,173,0.2857142857142857,10000,0,2,21-25
11148,7,Blue One L,5000,0,Littoral,Female,23,1,173,0.0,0,1,2,21-25
11149,7,Blue One L,5000,3,West,Female,23,0,172,0.42857142857142855,15000,0,2,21-25
11150,7,Blue One L,5000,2,North,Male,26,0,172,0.2857142857142857,10000,0,2,26-30
11151,7,Blue One L,5000,0,North,Female,21,1,170,0.0,0,1,2,21-25
11152,6,Blue One M,3000,3,West,Male,29,0,145,0.5,9000,0,3,26-30
11153,7,Blue One L,5000,0,Adamawa,Male,26,1,164,0.0,0,1,2,26-30
11154,6,Blue One M,3000,3,Centre,Male,30,0,160,0.5,9000,0,2,26-30
11155,6,Blue One M,3000,3,Centre,Male,23,0,160,0.5,9000,0,2,21-25
11156,6,Blue One M,3000,2,Far North,Male,25,0,161,0.3333333333333333,6000,0,2,21-25
11157,6,Blue One M,3000,2,South,Male,24,1,164,0.3333333333333333,6000,0,2,21-25
11158,6,Blue One M,3000,2,South West,Female,30,0,159,0.3333333333333333,6000,0,2,26-30
11159,6,Blue One M,3000,2,North,Female,27,1,161,0.3333333333333333,6000,0,2,26-30
11160,6,Blue One M,3000,0,South,Male,19,1,164,0.0,0,1,2,<=20
11161,4,Blue One M,3000,3,North West,Female,19,0,80,0.75,9000,0,5,<=20
11162,6,Blue One M,3000,0,South,Male,27,1,160,0.0,0,1,2,26-30
11163,7,Blue One L,5000,3,Adamawa,Male,33,0,165,0.42857142857142855,15000,0,2,>30
11164,6,Blue One M,3000,2,Centre,Female,29,1,160,0.3333333333333333,6000,0,2,26-30
11165,6,Blue One M,3000,3,East,Female,22,0,160,0.5,9000,0,2,21-25
11166,6,Blue One M,3000,0,Littoral,Female,21,1,152,0.0,0,1,2,21-25
11167,6,Blue One M,3000,3,West,Male,25,0,155,0.5,9000,0,2,21-25
11168,7,Blue One L,5000,2,Adamawa,Male,33,0,166,0.2857142857142857,10000,0,2,>30
11169,6,Blue One M,3000,2,Centre,Female,25,1,152,0.3333333333333333,6000,0,2,21-25
11170,6,Blue One M,3000,0,Littoral,Female,27,1,152,0.0,0,1,2,26-30
11171,7,Blue One L,5000,3,South West,Male,25,0,167,0.42857142857142855,15000,0,2,21-25
11172,6,Blue One M,3000,2,Adamawa,Male,22,1,162,0.3333333333333333,6000,0,2,21-25
11173,7,Blue One L,5000,2,East,Male,27,0,168,0.2857142857142857,10000,0,2,26-30
11174,7,Blue One L,5000,2,Centre,Male,25,0,172,0.2857142857142857,10000,0,2,21-25
11175,6,Blue One M,3000,2,Adamawa,Male,28,0,152,0.3333333333333333,6000,0,2,26-30
11176,6,Blue One M,3000,2,Centre,Female,27,1,162,0.3333333333333333,6000,0,2,26-30
11177,6,Blue One M,3000,2,Centre,Female,24,0,153,0.3333333333333333,6000,0,2,21-25
11178,5,Blue One M,3000,0,North West,Female,31,1,118,0.0,0,1,4,>30
11180,4,Blue One M,3000,2,West,Male,23,0,102,0.5,6000,0,4,21-25
11181,6,Blue One M,3000,0,Far North,Female,26,1,143,0.0,0,1,3,26-30
11182,6,Blue One M,3000,2,North,Female,23,0,139,0.3333333333333333,6000,0,3,21-25
11183,6,Blue One M,3000,3,East,Female,27,0,154,0.5,9000,0,2,26-30
11184,6,Blue One M,3000,2,North West,Male,26,1,145,0.3333333333333333,6000,0,3,26-30
11185,4,Blue One M,3000,2,West,Female,19,0,102,0.5,6000,0,4,<=20
11186,6,Blue One M,3000,0,South,Male,26,1,162,0.0,0,1,2,26-30
11187,7,Blue One L,5000,0,Littoral,Male,30,1,180,0.0,0,1,1,26-30
11188,7,Blue One L,5000,0,Far North,Male,28,1,181,0.0,0,1,1,26-30
11189,7,Blue One L,5000,0,Littoral,Male,20,1,179,0.0,0,1,1,<=20
11190,7,Blue One L,5000,0,South West,Female,24,1,165,0.0,0,1,2,21-25
11191,6,Blue One M,3000,0,West,Male,30,1,158,0.0,0,1,2,26-30
11192,7,Blue One L,5000,0,West,Male,29,1,177,0.0,0,1,2,26-30
11193,7,Blue One L,5000,0,East,Female,26,1,173,0.0,0,1,2,26-30
11194,7,Blue One L,5000,3,North,Male,23,0,173,0.42857142857142855,15000,0,2,21-25
11195,7,Blue One L,5000,0,South West,Female,30,1,172,0.0,0,1,2,26-30
11196,7,Blue One L,5000,2,Adamawa,Female,27,0,172,0.2857142857142857,10000,0,2,26-30
11197,7,Blue One L,5000,3,Littoral,Female,26,0,172,0.42857142857142855,15000,0,2,26-30
11198,7,Blue One L,5000,2,Far North,Male,25,1,171,0.2857142857142857,10000,0,2,21-25
11199,7,Blue One L,5000,2,Far North,Male,25,0,171,0.2857142857142857,10000,0,2,21-25
11200,7,Blue One L,5000,2,Littoral,Male,23,0,171,0.2857142857142857,10000,0,2,21-25
11201,7,Blue One L,5000,2,East,Male,23,1,169,0.2857142857142857,10000,0,2,21-25
11202,7,Blue One L,5000,2,East,Female,26,0,170,0.2857142857142857,10000,0,2,26-30
11203,7,Blue One L,5000,2,North West,Male,26,1,169,0.2857142857142857,10000,0,2,26-30
11204,7,Blue One L,5000,3,West,Male,20,0,170,0.42857142857142855,15000,0,2,<=20
11205,7,Blue One L,5000,2,North West,Male,21,1,174,0.2857142857142857,10000,0,2,21-25
11206,7,Blue One L,5000,0,Littoral,Female,26,1,177,0.0,0,1,2,26-30
11207,7,Blue One L,5000,2,Littoral,Female,26,1,173,0.2857142857142857,10000,0,2,26-30
11208,7,Blue One L,5000,2,North West,Female,26,1,173,0.2857142857142857,10000,0,2,26-30
11209,6,Blue One M,3000,2,Adamawa,Male,24,0,164,0.3333333333333333,6000,0,2,21-25
11210,7,Blue One L,5000,2,Adamawa,Female,26,1,175,0.2857142857142857,10000,0,2,26-30
11211,7,Blue One L,5000,2,Far North,Female,32,0,173,0.2857142857142857,10000,0,2,>30
11212,7,Blue One L,5000,0,West,Male,27,1,168,0.0,0,1,2,26-30
11213,7,Blue One L,5000,2,South,Male,27,0,175,0.2857142857142857,10000,0,2,26-30
11214,7,Blue One L,5000,2,North,Male,25,1,175,0.2857142857142857,10000,0,2,21-25
11215,7,Blue One L,5000,2,Far North,Male,26,1,167,0.2857142857142857,10000,0,2,26-30
11216,7,Blue One L,5000,2,North,Male,31,0,172,0.2857142857142857,10000,0,2,>30
11217,6,Blue One M,3000,0,East,Male,28,1,157,0.0,0,1,2,26-30
11218,6,Blue One M,3000,2,Far North,Female,27,1,160,0.3333333333333333,6000,0,2,26-30
11219,6,Blue One M,3000,2,Centre,Female,27,0,162,0.3333333333333333,6000,0,2,26-30
11220,7,Blue One L,5000,0,South,Female,29,1,182,0.0,0,1,1,26-30
11221,7,Blue One L,5000,2,Adamawa,Male,27,0,182,0.2857142857142857,10000,0,1,26-30
11222,7,Blue One L,5000,0,Littoral,Female,27,1,169,0.0,0,1,2,26-30
11223,7,Blue One L,5000,2,Centre,Male,23,1,181,0.2857142857142857,10000,0,1,21-25
11224,7,Blue One L,5000,0,West,Female,30,1,176,0.0,0,1,2,26-30
11225,7,Blue One L,5000,0,Far North,Female,26,1,176,0.0,0,1,2,26-30
11226,7,Blue One L,5000,0,Centre,Male,24,1,181,0.0,0,1,1,21-25
11227,7,Blue One L,5000,2,Far North,Female,25,1,177,0.2857142857142857,10000,0,2,21-25
11228,7,Blue One L,5000,2,West,Male,28,0,177,0.2857142857142857,10000,0,2,26-30
11229,7,Blue One L,5000,0,North,Male,27,1,177,0.0,0,1,2,26-30
11230,7,Blue One L,5000,2,North,Male,26,0,177,0.2857142857142857,10000,0,2,26-30
11231,7,Blue One L,5000,2,North West,Female,27,1,179,0.2857142857142857,10000,0,1,26-30
11232,7,Blue One L,5000,0,East,Male,27,1,177,0.0,0,1,2,26-30
11233,7,Blue One L,5000,2,Littoral,Female,28,0,179,0.2857142857142857,10000,0,1,26-30
11234,7,Blue One L,5000,2,Far North,Male,29,0,188,0.2857142857142857,10000,0,1,26-30
11235,7,Blue One L,5000,2,South,Male,27,0,188,0.2857142857142857,10000,0,1,26-30
11236,7,Blue One L,5000,3,East,Male,30,0,188,0.42857142857142855,15000,0,1,26-30
11237,7,Blue One L,5000,2,South West,Male,26,0,186,0.2857142857142857,10000,0,1,26-30
11238,6,Blue One M,3000,2,West,Male,25,0,153,0.3333333333333333,6000,0,2,21-25
11239,7,Blue One L,5000,2,Littoral,Male,27,0,182,0.2857142857142857,10000,0,1,26-30
11240,7,Blue One L,5000,2,Far North,Male,27,0,171,0.2857142857142857,10000,0,2,26-30
11241,6,Blue One M,3000,2,Adamawa,Female,23,0,164,0.3333333333333333,6000,0,2,21-25
11242,6,Blue One M,3000,2,Littoral,Female,26,1,150,0.3333333333333333,6000,0,2,26-30
11243,7,Blue One L,5000,0,Littoral,Female,26,1,187,0.0,0,1,1,26-30
11244,7,Blue One L,5000,2,West,Female,33,1,187,0.2857142857142857,10000,0,1,>30
11245,7,Blue One L,5000,2,Centre,Male,23,0,182,0.2857142857142857,10000,0,1,21-25
11246,7,Blue One L,5000,3,West,Male,30,0,179,0.42857142857142855,15000,0,1,26-30
11247,7,Blue One L,5000,2,Littoral,Female,24,0,183,0.2857142857142857,10000,0,1,21-25
11248,7,Blue One L,5000,2,West,Female,29,0,170,0.2857142857142857,10000,0,2,26-30
11249,7,Blue One L,5000,0,South West,Male,26,1,172,0.0,0,1,2,26-30
11250,7,Blue One L,5000,2,South,Male,28,0,186,0.2857142857142857,10000,0,1,26-30
11251,7,Blue One L,5000,0,Adamawa,Female,27,1,182,0.0,0,1,1,26-30
11252,7,Blue One L,5000,3,Littoral,Female,31,0,170,0.42857142857142855,15000,0,2,>30
11253,7,Blue One L,5000,2,Littoral,Male,33,1,185,0.2857142857142857,10000,0,1,>30
11254,7,Blue One L,5000,2,South West,Male,28,1,170,0.2857142857142857,10000,0,2,26-30
11255,7,Blue One L,5000,2,North West,Female,28,0,174,0.2857142857142857,10000,0,2,26-30
11256,7,Blue One L,5000,0,Centre,Male,24,1,175,0.0,0,1,2,21-25
11257,7,Blue One L,5000,3,Far North,Male,27,0,168,0.42857142857142855,15000,0,2,26-30
11258,7,Blue One L,5000,3,Far North,Male,31,0,178,0.42857142857142855,15000,0,1,>30
11259,7,Blue One L,5000,2,North West,Male,28,0,165,0.2857142857142857,10000,0,2,26-30
11260,5,Blue One M,3000,0,East,Male,22,1,108,0.0,0,1,4,21-25
11261,6,Blue One M,3000,2,East,Male,23,0,158,0.3333333333333333,6000,0,2,21-25
11262,7,Blue One L,5000,0,South West,Male,29,1,175,0.0,0,1,2,26-30
11263,7,Blue One L,5000,0,North,Male,29,1,169,0.0,0,1,2,26-30
11264,7,Blue One L,5000,2,North,Male,28,0,167,0.2857142857142857,10000,0,2,26-30
11265,7,Blue One L,5000,3,Far North,Male,28,0,174,0.42857142857142855,15000,0,2,26-30
11266,7,Blue One L,5000,2,West,Male,24,1,165,0.2857142857142857,10000,0,2,21-25
11267,7,Blue One L,5000,2,South West,Female,22,0,170,0.2857142857142857,10000,0,2,21-25
11268,7,Blue One L,5000,3,South West,Male,29,0,170,0.42857142857142855,15000,0,2,26-30
11269,7,Blue One L,5000,3,East,Male,26,0,171,0.42857142857142855,15000,0,2,26-30
11270,7,Blue One L,5000,2,Centre,Female,28,1,169,0.2857142857142857,10000,0,2,26-30
11271,7,Blue One L,5000,0,East,Male,25,1,164,0.0,0,1,2,21-25
11272,6,Blue One M,3000,2,West,Female,25,1,164,0.3333333333333333,6000,0,2,21-25
11273,5,Blue One M,3000,2,Centre,Female,23,0,129,0.4,6000,0,3,21-25
11274,6,Blue One M,3000,2,North,Male,26,0,154,0.3333333333333333,6000,0,2,26-30
11275,7,Blue One L,5000,0,Adamawa,Female,31,1,182,0.0,0,1,1,>30
11276,7,Blue One L,5000,3,Adamawa,Male,26,0,175,0.42857142857142855,15000,0,2,26-30
11277,6,Blue One M,3000,0,South West,Male,24,1,160,0.0,0,1,2,21-25
11278,6,Blue One M,3000,2,South,Female,26,1,152,0.3333333333333333,6000,0,2,26-30
11279,7,Blue One L,5000,2,Far North,Male,27,0,186,0.2857142857142857,10000,0,1,26-30
11280,7,Blue One L,5000,2,Centre,Female,31,1,182,0.2857142857142857,10000,0,1,>30
11281,7,Blue One L,5000,0,Centre,Female,19,1,177,0.0,0,1,2,<=20
11282,7,Blue One L,5000,3,West,Male,29,0,174,0.42857142857142855,15000,0,2,26-30
11283,7,Blue One L,5000,3,North West,Female,29,0,181,0.42857142857142855,15000,0,1,26-30
11284,6,Blue One M,3000,3,South,Female,23,0,158,0.5,9000,0,2,21-25
11285,7,Blue One L,5000,2,South West,Male,25,0,171,0.2857142857142857,10000,0,2,21-25
11286,5,Blue One M,3000,2,South,Female,21,0,108,0.4,6000,0,4,21-25
11287,6,Blue One M,3000,0,Littoral,Female,27,1,151,0.0,0,1,2,26-30
11288,6,Blue One M,3000,2,Adamawa,Male,25,1,137,0.3333333333333333,6000,0,3,21-25
11289,6,Blue One M,3000,2,Centre,Male,28,0,146,0.3333333333333333,6000,0,3,26-30
11290,6,Blue One M,3000,3,South West,Female,31,0,144,0.5,9000,0,3,>30
11291,6,Blue One M,3000,2,Littoral,Female,21,0,139,0.3333333333333333,6000,0,3,21-25
11292,4,Blue One M,3000,2,Centre,Female,21,1,102,0.5,6000,0,4,21-25
11293,5,Blue One M,3000,3,North,Male,23,0,110,0.6,9000,0,4,21-25
11294,6,Blue One M,3000,2,East,Female,29,0,135,0.3333333333333333,6000,0,3,26-30
11295,6,Blue One M,3000,2,Centre,Male,29,0,163,0.3333333333333333,6000,0,2,26-30
11296,5,Blue One M,3000,0,West,Female,23,1,133,0.0,0,1,3,21-25
11297,6,Blue One M,3000,0,West,Female,23,1,161,0.0,0,1,2,21-25
11298,5,Blue One M,3000,0,North West,Male,31,1,132,0.0,0,1,3,>30
11299,6,Blue One M,3000,3,North West,Male,21,0,146,0.5,9000,0,3,21-25
11300,6,Blue One M,3000,3,Adamawa,Male,23,0,159,0.5,9000,0,2,21-25
11301,6,Blue One M,3000,0,North West,Female,26,1,163,0.0,0,1,2,26-30
11302,6,Blue One M,3000,0,Littoral,Male,28,1,161,0.0,0,1,2,26-30
11303,6,Blue One M,3000,0,North,Male,28,1,149,0.0,0,1,3,26-30
11304,6,Blue One M,3000,0,West,Female,20,1,152,0.0,0,1,2,<=20
11305,6,Blue One M,3000,2,Centre,Female,26,1,161,0.3333333333333333,6000,0,2,26-30
11306,6,Blue One M,3000,2,Adamawa,Male,27,0,161,0.3333333333333333,6000,0,2,26-30
11307,6,Blue One M,3000,2,Littoral,Female,25,0,159,0.3333333333333333,6000,0,2,21-25
11308,6,Blue One M,3000,2,West,Male,29,1,156,0.3333333333333333,6000,0,2,26-30
11309,6,Blue One M,3000,2,Littoral,Female,19,1,157,0.3333333333333333,6000,0,2,<=20
11310,6,Blue One M,3000,3,East,Male,29,0,153,0.5,9000,0,2,26-30
11311,6,Blue One M,3000,0,North West,Female,22,1,156,0.0,0,1,2,21-25
11312,6,Blue One M,3000,2,Far North,Male,28,0,140,0.3333333333333333,6000,0,3,26-30
11313,6,Blue One M,3000,0,South West,Male,21,1,140,0.0,0,1,3,21-25
11314,5,Blue One M,3000,2,Centre,Female,20,0,110,0.4,6000,0,4,<=20
11315,5,Blue One M,3000,0,South,Female,21,1,110,0.0,0,1,4,21-25
11316,6,Blue One M,3000,2,South West,Female,23,1,149,0.3333333333333333,6000,0,3,21-25
11317,6,Blue One M,3000,0,Centre,Male,24,1,140,0.0,0,1,3,21-25
11318,6,Blue One M,3000,3,West,Female,29,0,149,0.5,9000,0,3,26-30
11319,5,Blue One M,3000,2,Littoral,Female,27,0,125,0.4,6000,0,3,26-30
11320,7,Blue One L,5000,0,Centre,Female,30,1,171,0.0,0,1,2,26-30
11321,5,Blue One M,3000,2,South West,Female,21,1,112,0.4,6000,0,4,21-25
11322,7,Blue One L,5000,3,South,Female,28,0,176,0.42857142857142855,15000,0,2,26-30
11323,6,Blue One M,3000,0,Littoral,Female,25,1,157,0.0,0,1,2,21-25
11324,6,Blue One M,3000,2,Adamawa,Female,31,1,138,0.3333333333333333,6000,0,3,>30
11325,6,Blue One M,3000,2,South West,Male,22,0,146,0.3333333333333333,6000,0,3,21-25
11326,5,Blue One M,3000,2,Far North,Female,24,1,116,0.4,6000,0,4,21-25
11327,6,Blue One M,3000,2,West,Female,32,1,161,0.3333333333333333,6000,0,2,>30
11328,5,Blue One M,3000,2,Centre,Male,22,0,105,0.4,6000,0,4,21-25
11329,6,Blue One M,3000,0,South West,Male,25,1,157,0.0,0,1,2,21-25
11330,6,Blue One M,3000,2,North,Male,20,1,138,0.3333333333333333,6000,0,3,<=20
11331,6,Blue One M,3000,3,Far North,Female,25,0,139,0.5,9000,0,3,21-25
11332,6,Blue One M,3000,2,Adamawa,Female,21,1,151,0.3333333333333333,6000,0,2,21-25
11333,6,Blue One M,3000,2,North West,Male,27,1,138,0.3333333333333333,6000,0,3,26-30
11334,5,Blue One M,3000,0,South,Female,23,1,131,0.0,0,1,3,21-25
11336,6,Blue One M,3000,2,West,Male,26,1,141,0.3333333333333333,6000,0,3,26-30
11337,6,Blue One M,3000,2,Littoral,Female,25,1,140,0.3333333333333333,6000,0,3,21-25
11338,7,Blue One L,5000,3,West,Male,25,0,174,0.42857142857142855,15000,0,2,21-25
11339,6,Blue One M,3000,3,North,Female,27,0,161,0.5,9000,0,2,26-30
11340,6,Blue One M,3000,3,East,Male,24,0,158,0.5,9000,0,2,21-25
11341,6,Blue One M,3000,2,East,Female,26,1,147,0.3333333333333333,6000,0,3,26-30
11342,4,Blue One M,3000,2,Littoral,Male,26,0,77,0.5,6000,0,5,26-30
11343,6,Blue One M,3000,0,North West,Male,26,1,136,0.0,0,1,3,26-30
11344,6,Blue One M,3000,2,East,Female,27,0,139,0.3333333333333333,6000,0,3,26-30
11346,7,Blue One L,5000,2,South,Female,30,0,173,0.2857142857142857,10000,0,2,26-30
11347,6,Blue One M,3000,3,Adamawa,Female,24,0,154,0.5,9000,0,2,21-25
11348,6,Blue One M,3000,2,East,Male,26,1,159,0.3333333333333333,6000,0,2,26-30
11349,6,Blue One M,3000,0,Centre,Male,26,1,162,0.0,0,1,2,26-30
11350,5,Blue One M,3000,2,North West,Male,24,0,134,0.4,6000,0,3,21-25
11352,4,Blue One M,3000,0,Centre,Male,25,1,104,0.0,0,1,4,21-25
11353,4,Blue One M,3000,3,North,Female,22,0,90,0.75,9000,0,4,21-25
11355,4,Blue One M,3000,0,East,Male,25,1,83,0.0,0,1,5,21-25
11356,5,Blue One M,3000,0,North West,Male,28,1,119,0.0,0,1,4,26-30
11357,5,Blue One M,3000,3,North West,Male,24,0,105,0.6,9000,0,4,21-25
11358,5,Blue One M,3000,0,East,Female,20,1,127,0.0,0,1,3,<=20
11359,5,Blue One M,3000,2,Adamawa,Female,26,0,129,0.4,6000,0,3,26-30
11360,5,Blue One M,3000,0,West,Male,22,1,119,0.0,0,1,3,21-25
11364,4,Blue One M,3000,2,South,Male,22,1,92,0.5,6000,0,4,21-25
11365,4,Blue One M,3000,0,West,Female,25,1,86,0.0,0,1,5,21-25
11366,4,Blue One M,3000,2,Littoral,Male,26,0,81,0.5,6000,0,5,26-30
11370,4,Blue One M,3000,3,West,Female,19,0,90,0.75,9000,0,4,<=20
11371,3,Blue One S,2000,2,North,Male,22,0,61,0.6666666666666666,4000,0,5,21-25
11372,5,Blue One M,3000,2,North West,Female,25,0,124,0.4,6000,0,3,21-25
11373,5,Blue One M,3000,3,North,Male,25,0,124,0.6,9000,0,3,21-25
11374,4,Blue One M,3000,0,Adamawa,Female,23,1,97,0.0,0,1,4,21-25
11375,6,Blue One M,3000,2,Centre,Male,25,0,154,0.3333333333333333,6000,0,2,21-25
11376,4,Blue One M,3000,0,South,Female,25,1,96,0.0,0,1,4,21-25
11378,5,Blue One M,3000,2,Centre,Female,29,0,109,0.4,6000,0,4,26-30
11379,6,Blue One M,3000,2,Centre,Male,22,0,138,0.3333333333333333,6000,0,3,21-25
11380,7,Blue One L,5000,2,Centre,Male,27,1,182,0.2857142857142857,10000,0,1,26-30
11381,7,Blue One L,5000,2,South,Female,27,1,178,0.2857142857142857,10000,0,1,26-30
11382,6,Blue One M,3000,2,West,Female,28,0,145,0.3333333333333333,6000,0,3,26-30
11383,6,Blue One M,3000,2,South,Male,27,0,144,0.3333333333333333,6000,0,3,26-30
11384,6,Blue One M,3000,2,Far North,Male,22,1,154,0.3333333333333333,6000,0,2,21-25
11385,6,Blue One M,3000,3,East,Male,24,0,154,0.5,9000,0,2,21-25
11386,7,Blue One L,5000,2,Littoral,Male,21,1,171,0.2857142857142857,10000,0,2,21-25
11387,6,Blue One M,3000,2,North West,Male,23,1,158,0.3333333333333333,6000,0,2,21-25
11388,6,Blue One M,3000,3,South West,Male,19,0,159,0.5,9000,0,2,<=20
11389,7,Blue One L,5000,0,South West,Female,25,1,173,0.0,0,1,2,21-25
11390,7,Blue One L,5000,2,Adamawa,Female,24,1,172,0.2857142857142857,10000,0,2,21-25
11391,6,Blue One M,3000,2,Littoral,Female,18,1,145,0.3333333333333333,6000,0,3,<=20
11392,6,Blue One M,3000,3,Far North,Female,30,0,143,0.5,9000,0,3,26-30
11393,6,Blue One M,3000,2,Adamawa,Male,29,1,144,0.3333333333333333,6000,0,3,26-30
11394,6,Blue One M,3000,2,North West,Female,25,0,145,0.3333333333333333,6000,0,3,21-25
11395,6,Blue One M,3000,0,North,Male,26,1,140,0.0,0,1,3,26-30
11396,5,Blue One M,3000,2,Littoral,Female,22,0,131,0.4,6000,0,3,21-25
11397,6,Blue One M,3000,2,Far North,Male,23,1,143,0.3333333333333333,6000,0,3,21-25
11398,6,Blue One M,3000,2,South West,Male,23,0,140,0.3333333333333333,6000,0,3,21-25
11399,6,Blue One M,3000,2,Littoral,Female,27,1,140,0.3333333333333333,6000,0,3,26-30
11400,5,Blue One M,3000,3,East,Male,30,0,133,0.6,9000,0,3,26-30
11401,6,Blue One M,3000,0,Centre,Female,28,1,144,0.0,0,1,3,26-30
11402,6,Blue One M,3000,2,Centre,Female,21,0,142,0.3333333333333333,6000,0,3,21-25
11403,6,Blue One M,3000,2,Centre,Male,30,1,150,0.3333333333333333,6000,0,2,26-30
11404,6,Blue One M,3000,3,North West,Female,19,0,150,0.5,9000,0,2,<=20
11405,6,Blue One M,3000,2,Adamawa,Female,21,1,138,0.3333333333333333,6000,0,3,21-25
11406,6,Blue One M,3000,0,Adamawa,Female,29,1,147,0.0,0,1,3,26-30
11407,6,Blue One M,3000,2,South West,Male,29,1,140,0.3333333333333333,6000,0,3,26-30
11408,6,Blue One M,3000,3,Far North,Female,24,0,138,0.5,9000,0,3,21-25
11409,5,Blue One M,3000,2,South West,Female,26,0,121,0.4,6000,0,3,26-30
11410,6,Blue One M,3000,2,North,Male,23,1,147,0.3333333333333333,6000,0,3,21-25
11411,6,Blue One M,3000,0,East,Female,23,1,151,0.0,0,1,2,21-25
11412,6,Blue One M,3000,2,North,Male,20,1,151,0.3333333333333333,6000,0,2,<=20
11413,6,Blue One M,3000,0,Far North,Female,24,1,150,0.0,0,1,2,21-25
11414,5,Blue One M,3000,2,Far North,Male,22,1,129,0.4,6000,0,3,21-25
11415,6,Blue One M,3000,2,Adamawa,Male,27,1,142,0.3333333333333333,6000,0,3,26-30
11416,6,Blue One M,3000,2,Centre,Female,24,1,147,0.3333333333333333,6000,0,3,21-25
11417,6,Blue One M,3000,0,Littoral,Male,25,1,144,0.0,0,1,3,21-25
11418,6,Blue One M,3000,2,Centre,Male,26,0,145,0.3333333333333333,6000,0,3,26-30
11419,6,Blue One M,3000,2,South West,Female,27,1,151,0.3333333333333333,6000,0,2,26-30
11420,5,Blue One M,3000,3,Littoral,Male,25,0,133,0.6,9000,0,3,21-25
11421,6,Blue One M,3000,3,West,Male,29,0,153,0.5,9000,0,2,26-30
11422,6,Blue One M,3000,0,South,Male,28,1,152,0.0,0,1,2,26-30
11423,6,Blue One M,3000,0,North West,Female,28,1,140,0.0,0,1,3,26-30
11424,6,Blue One M,3000,0,West,Male,27,1,150,0.0,0,1,3,26-30
11425,6,Blue One M,3000,3,Adamawa,Female,25,0,147,0.5,9000,0,3,21-25
11426,6,Blue One M,3000,2,East,Female,24,1,152,0.3333333333333333,6000,0,2,21-25
11427,6,Blue One M,3000,0,Littoral,Male,31,1,151,0.0,0,1,2,>30
11428,6,Blue One M,3000,0,South,Female,26,1,152,0.0,0,1,2,26-30
11429,6,Blue One M,3000,3,North,Male,29,0,150,0.5,9000,0,3,26-30
11430,4,Blue One M,3000,2,South West,Male,23,0,75,0.5,6000,0,5,21-25
11431,5,Blue One M,3000,2,Far North,Female,21,0,111,0.4,6000,0,4,21-25
11433,5,Blue One M,3000,0,West,Male,25,1,124,0.0,0,1,3,21-25
11434,5,Blue One M,3000,2,Littoral,Female,25,0,126,0.4,6000,0,3,21-25
11435,5,Blue One M,3000,3,South,Male,25,0,124,0.6,9000,0,3,21-25
11436,5,Blue One M,3000,2,East,Female,27,1,125,0.4,6000,0,3,26-30
11437,5,Blue One M,3000,2,West,Male,18,1,124,0.4,6000,0,3,<=20
11438,5,Blue One M,3000,2,East,Female,21,1,106,0.4,6000,0,4,21-25
11439,5,Blue One M,3000,3,North,Male,22,0,110,0.6,9000,0,4,21-25
11440,5,Blue One M,3000,3,Centre,Male,25,0,108,0.6,9000,0,4,21-25
11441,5,Blue One M,3000,2,Littoral,Male,26,1,132,0.4,6000,0,3,26-30
11442,4,Blue One M,3000,2,Centre,Female,24,1,104,0.5,6000,0,4,21-25
11443,5,Blue One M,3000,3,South,Female,27,0,124,0.6,9000,0,3,26-30
11444,5,Blue One M,3000,2,West,Male,27,0,129,0.4,6000,0,3,26-30
11445,4,Blue One M,3000,2,South,Male,27,0,99,0.5,6000,0,4,26-30
11446,5,Blue One M,3000,2,Adamawa,Male,22,1,130,0.4,6000,0,3,21-25
11447,5,Blue One M,3000,2,South West,Male,26,0,110,0.4,6000,0,4,26-30
11448,5,Blue One M,3000,0,South West,Male,24,1,123,0.0,0,1,3,21-25
11449,5,Blue One M,3000,0,North,Male,27,1,125,0.0,0,1,3,26-30
11450,5,Blue One M,3000,2,North,Male,27,0,126,0.4,6000,0,3,26-30
11451,4,Blue One M,3000,2,South West,Female,20,0,85,0.5,6000,0,5,<=20
11452,5,Blue One M,3000,3,West,Male,25,0,105,0.6,9000,0,4,21-25
11453,4,Blue One M,3000,2,East,Male,19,0,83,0.5,6000,0,5,<=20
11454,5,Blue One M,3000,3,Far North,Female,20,0,123,0.6,9000,0,3,<=20
11455,5,Blue One M,3000,0,North West,Female,23,1,125,0.0,0,1,3,21-25
11456,5,Blue One M,3000,3,West,Male,25,0,112,0.6,9000,0,4,21-25
11462,5,Blue One M,3000,2,Far North,Male,19,0,123,0.4,6000,0,3,<=20
11463,5,Blue One M,3000,2,Adamawa,Female,23,0,116,0.4,6000,0,4,21-25
11464,6,Blue One M,3000,0,East,Female,24,1,146,0.0,0,1,3,21-25
11465,6,Blue One M,3000,0,South,Male,30,1,151,0.0,0,1,2,26-30
11466,6,Blue One M,3000,2,Adamawa,Male,27,1,151,0.3333333333333333,6000,0,2,26-30
11467,6,Blue One M,3000,2,West,Female,25,0,152,0.3333333333333333,6000,0,2,21-25
11468,6,Blue One M,3000,0,West,Male,25,1,140,0.0,0,1,3,21-25
11469,4,Blue One M,3000,2,Adamawa,Male,20,0,89,0.5,6000,0,5,<=20
11470,6,Blue One M,3000,2,South West,Female,25,0,138,0.3333333333333333,6000,0,3,21-25
11471,6,Blue One M,3000,2,South West,Female,27,1,147,0.3333333333333333,6000,0,3,26-30
11472,5,Blue One M,3000,2,North West,Female,26,0,108,0.4,6000,0,4,26-30
11473,6,Blue One M,3000,2,North,Male,27,0,147,0.3333333333333333,6000,0,3,26-30
11474,6,Blue One M,3000,0,North,Male,30,1,139,0.0,0,1,3,26-30
11475,6,Blue One M,3000,2,North West,Male,28,1,136,0.3333333333333333,6000,0,3,26-30
11476,6,Blue One M,3000,0,North West,Female,21,1,135,0.0,0,1,3,21-25
11477,5,Blue One M,3000,0,North,Female,32,1,129,0.0,0,1,3,>30
11478,6,Blue One M,3000,2,South West,Male,22,0,143,0.3333333333333333,6000,0,3,21-25
11479,6,Blue One M,3000,3,Adamawa,Male,30,0,146,0.5,9000,0,3,26-30
11480,5,Blue One M,3000,2,South,Male,29,0,115,0.4,6000,0,4,26-30
11481,5,Blue One M,3000,0,Centre,Male,30,1,130,0.0,0,1,3,26-30
11482,5,Blue One M,3000,0,North,Female,19,1,125,0.0,0,1,3,<=20
11485,5,Blue One M,3000,3,South,Female,23,0,129,0.6,9000,0,3,21-25
11486,6,Blue One M,3000,2,South,Female,22,0,158,0.3333333333333333,6000,0,2,21-25
11487,6,Blue One M,3000,2,South West,Female,23,1,150,0.3333333333333333,6000,0,2,21-25
11488,6,Blue One M,3000,0,North West,Female,26,1,153,0.0,0,1,2,26-30
11489,6,Blue One M,3000,2,South West,Female,27,1,159,0.3333333333333333,6000,0,2,26-30
11490,6,Blue One M,3000,2,South,Female,28,0,161,0.3333333333333333,6000,0,2,26-30
11491,6,Blue One M,3000,2,East,Male,29,1,157,0.3333333333333333,6000,0,2,26-30
11492,6,Blue One M,3000,2,Adamawa,Male,24,0,155,0.3333333333333333,6000,0,2,21-25
11493,6,Blue One M,3000,2,South West,Male,17,1,159,0.3333333333333333,6000,0,2,<=20
11494,6,Blue One M,3000,2,South West,Male,22,1,158,0.3333333333333333,6000,0,2,21-25
11495,6,Blue One M,3000,3,North West,Female,23,0,157,0.5,9000,0,2,21-25
11496,6,Blue One M,3000,3,East,Male,23,0,156,0.5,9000,0,2,21-25
11497,6,Blue One M,3000,0,West,Female,22,1,154,0.0,0,1,2,21-25
11498,5,Blue One M,3000,2,Centre,Female,24,1,115,0.4,6000,0,4,21-25
11499,6,Blue One M,3000,3,South West,Male,26,0,153,0.5,9000,0,2,26-30
11500,6,Blue One M,3000,3,North,Male,26,0,152,0.5,9000,0,2,26-30
11501,6,Blue One M,3000,2,West,Female,25,1,146,0.3333333333333333,6000,0,3,21-25
11502,5,Blue One M,3000,2,South,Male,22,0,110,0.4,6000,0,4,21-25
11503,6,Blue One M,3000,0,Adamawa,Male,26,1,148,0.0,0,1,3,26-30
11504,6,Blue One M,3000,2,North,Female,25,1,147,0.3333333333333333,6000,0,3,21-25
11505,6,Blue One M,3000,3,Littoral,Female,25,0,146,0.5,9000,0,3,21-25
11506,6,Blue One M,3000,2,North West,Female,26,1,144,0.3333333333333333,6000,0,3,26-30
11507,4,Blue One M,3000,2,Centre,Male,21,0,101,0.5,6000,0,4,21-25
11508,6,Blue One M,3000,2,South West,Male,26,1,145,0.3333333333333333,6000,0,3,26-30
11509,6,Blue One M,3000,3,Far North,Male,23,0,146,0.5,9000,0,3,21-25
11510,6,Blue One M,3000,2,West,Male,24,0,136,0.3333333333333333,6000,0,3,21-25
11511,6,Blue One M,3000,0,North,Male,27,1,143,0.0,0,1,3,26-30
11512,5,Blue One M,3000,2,South,Female,26,0,125,0.4,6000,0,3,26-30
11513,6,Blue One M,3000,2,North,Female,27,0,144,0.3333333333333333,6000,0,3,26-30
11514,6,Blue One M,3000,3,East,Female,22,0,136,0.5,9000,0,3,21-25
11515,5,Blue One M,3000,3,South West,Male,29,0,133,0.6,9000,0,3,26-30
11516,5,Blue One M,3000,3,South,Male,26,0,133,0.6,9000,0,3,26-30
11517,6,Blue One M,3000,3,East,Male,25,0,136,0.5,9000,0,3,21-25
11518,5,Blue One M,3000,2,Adamawa,Male,22,1,132,0.4,6000,0,3,21-25
11519,4,Blue One M,3000,3,Centre,Female,23,0,102,0.75,9000,0,4,21-25
11520,5,Blue One M,3000,2,North,Male,23,0,133,0.4,6000,0,3,21-25
11521,6,Blue One M,3000,2,Far North,Male,18,0,142,0.3333333333333333,6000,0,3,<=20
11522,6,Blue One M,3000,2,North,Female,23,0,140,0.3333333333333333,6000,0,3,21-25
11523,6,Blue One M,3000,2,South West,Female,25,0,136,0.3333333333333333,6000,0,3,21-25
11524,6,Blue One M,3000,0,East,Male,25,1,140,0.0,0,1,3,21-25
11525,5,Blue One M,3000,2,West,Male,28,1,131,0.4,6000,0,3,26-30
11526,5,Blue One M,3000,0,Adamawa,Female,29,1,121,0.0,0,1,3,26-30
11527,5,Blue One M,3000,2,South,Female,25,0,133,0.4,6000,0,3,21-25
11528,4,Blue One M,3000,2,Far North,Female,25,0,76,0.5,6000,0,5,21-25
11529,5,Blue One M,3000,2,East,Male,28,0,129,0.4,6000,0,3,26-30
11530,5,Blue One M,3000,2,Centre,Female,19,1,112,0.4,6000,0,4,<=20
11531,5,Blue One M,3000,2,Far North,Male,25,0,124,0.4,6000,0,3,21-25
11532,5,Blue One M,3000,0,West,Female,23,1,129,0.0,0,1,3,21-25
11533,5,Blue One M,3000,0,North West,Male,27,1,129,0.0,0,1,3,26-30
11534,5,Blue One M,3000,0,Adamawa,Male,27,1,124,0.0,0,1,3,26-30
11535,5,Blue One M,3000,3,Adamawa,Male,27,0,116,0.6,9000,0,4,26-30
11536,5,Blue One M,3000,3,West,Male,24,0,125,0.6,9000,0,3,21-25
11537,5,Blue One M,3000,3,South,Male,26,0,124,0.6,9000,0,3,26-30
11538,5,Blue One M,3000,3,Adamawa,Male,27,0,122,0.6,9000,0,3,26-30
11539,5,Blue One M,3000,2,Adamawa,Female,25,1,116,0.4,6000,0,4,21-25
11540,4,Blue One M,3000,0,Littoral,Female,19,1,97,0.0,0,1,4,<=20
11541,4,Blue One M,3000,0,South West,Male,23,1,75,0.0,0,1,5,21-25
11542,5,Blue One M,3000,2,Littoral,Female,17,1,114,0.4,6000,0,4,<=20
11543,5,Blue One M,3000,2,Adamawa,Female,27,1,115,0.4,6000,0,4,26-30
11544,5,Blue One M,3000,2,North,Female,26,1,122,0.4,6000,0,3,26-30
11545,5,Blue One M,3000,3,Adamawa,Male,20,0,112,0.6,9000,0,4,<=20
11546,4,Blue One M,3000,2,North West,Female,26,0,84,0.5,6000,0,5,26-30
11547,7,Blue One L,5000,2,West,Male,26,1,166,0.2857142857142857,10000,0,2,26-30
11548,7,Blue One L,5000,2,South,Female,28,1,168,0.2857142857142857,10000,0,2,26-30
11549,7,Blue One L,5000,3,Centre,Female,26,0,167,0.42857142857142855,15000,0,2,26-30
11550,7,Blue One L,5000,0,Far North,Female,26,1,170,0.0,0,1,2,26-30
11551,7,Blue One L,5000,2,North,Male,25,1,167,0.2857142857142857,10000,0,2,21-25
11552,6,Blue One M,3000,3,East,Female,22,0,164,0.5,9000,0,2,21-25
11553,7,Blue One L,5000,3,West,Male,29,0,165,0.42857142857142855,15000,0,2,26-30
11554,7,Blue One L,5000,3,West,Female,24,0,171,0.42857142857142855,15000,0,2,21-25
11555,6,Blue One M,3000,2,East,Male,24,0,144,0.3333333333333333,6000,0,3,21-25
11556,6,Blue One M,3000,2,North West,Male,23,1,164,0.3333333333333333,6000,0,2,21-25
11557,4,Blue One M,3000,2,Far North,Male,26,0,82,0.5,6000,0,5,26-30
11558,6,Blue One M,3000,0,South,Female,26,1,142,0.0,0,1,3,26-30
11559,7,Blue One L,5000,3,Adamawa,Male,23,0,165,0.42857142857142855,15000,0,2,21-25
11560,7,Blue One L,5000,2,North,Female,26,1,165,0.2857142857142857,10000,0,2,26-30
11561,6,Blue One M,3000,2,East,Male,28,1,161,0.3333333333333333,6000,0,2,26-30
11562,6,Blue One M,3000,2,North West,Female,33,1,161,0.3333333333333333,6000,0,2,>30
11563,6,Blue One M,3000,0,Adamawa,Male,24,1,159,0.0,0,1,2,21-25
11564,6,Blue One M,3000,2,Far North,Male,23,1,158,0.3333333333333333,6000,0,2,21-25
11565,6,Blue One M,3000,2,North West,Female,17,1,153,0.3333333333333333,6000,0,2,<=20
11566,6,Blue One M,3000,2,North,Female,24,1,160,0.3333333333333333,6000,0,2,21-25
11567,6,Blue One M,3000,2,Far North,Female,22,0,136,0.3333333333333333,6000,0,3,21-25
11568,5,Blue One M,3000,2,Adamawa,Male,24,0,131,0.4,6000,0,3,21-25
11569,6,Blue One M,3000,0,South,Male,26,1,151,0.0,0,1,2,26-30
11570,6,Blue One M,3000,2,Far North,Female,25,1,160,0.3333333333333333,6000,0,2,21-25
11571,6,Blue One M,3000,3,Far North,Female,27,0,157,0.5,9000,0,2,26-30
11572,6,Blue One M,3000,2,Adamawa,Male,27,1,157,0.3333333333333333,6000,0,2,26-30
11573,6,Blue One M,3000,2,North,Male,26,1,156,0.3333333333333333,6000,0,2,26-30
11574,6,Blue One M,3000,3,East,Male,26,0,138,0.5,9000,0,3,26-30
11575,6,Blue One M,3000,3,Centre,Male,29,0,154,0.5,9000,0,2,26-30
11576,6,Blue One M,3000,2,Centre,Male,24,1,147,0.3333333333333333,6000,0,3,21-25
11577,5,Blue One M,3000,3,Centre,Male,25,0,132,0.6,9000,0,3,21-25
11578,6,Blue One M,3000,3,Far North,Male,30,0,142,0.5,9000,0,3,26-30
11579,6,Blue One M,3000,3,Littoral,Female,29,0,145,0.5,9000,0,3,26-30
11580,5,Blue One M,3000,0,Adamawa,Female,25,1,122,0.0,0,1,3,21-25
11581,5,Blue One M,3000,2,East,Male,26,0,119,0.4,6000,0,3,26-30
11582,6,Blue One M,3000,2,West,Male,22,1,141,0.3333333333333333,6000,0,3,21-25
11583,6,Blue One M,3000,2,South West,Male,25,0,148,0.3333333333333333,6000,0,3,21-25
11584,6,Blue One M,3000,2,South West,Female,25,1,140,0.3333333333333333,6000,0,3,21-25
11585,6,Blue One M,3000,3,East,Female,23,0,137,0.5,9000,0,3,21-25
11586,6,Blue One M,3000,0,South West,Female,24,1,140,0.0,0,1,3,21-25
11587,6,Blue One M,3000,3,Adamawa,Male,25,0,139,0.5,9000,0,3,21-25
11588,6,Blue One M,3000,2,Far North,Male,25,1,145,0.3333333333333333,6000,0,3,21-25
11589,6,Blue One M,3000,3,North,Male,22,0,145,0.5,9000,0,3,21-25
11590,5,Blue One M,3000,0,Centre,Male,23,1,111,0.0,0,1,4,21-25
11591,4,Blue One M,3000,2,East,Female,25,1,100,0.5,6000,0,4,21-25
11592,5,Blue One M,3000,2,Far North,Female,29,0,131,0.4,6000,0,3,26-30
11593,5,Blue One M,3000,0,Littoral,Female,24,1,131,0.0,0,1,3,21-25
11594,4,Blue One M,3000,0,Littoral,Female,22,1,91,0.0,0,1,4,21-25
11595,5,Blue One M,3000,3,Centre,Male,28,0,130,0.6,9000,0,3,26-30
11599,5,Blue One M,3000,2,North,Male,26,0,129,0.4,6000,0,3,26-30
11600,5,Blue One M,3000,0,North West,Male,24,1,129,0.0,0,1,3,21-25
11601,5,Blue One M,3000,3,Littoral,Male,25,0,126,0.6,9000,0,3,21-25
11602,5,Blue One M,3000,2,West,Female,24,1,124,0.4,6000,0,3,21-25
11603,4,Blue One M,3000,2,South,Female,24,0,96,0.5,6000,0,4,21-25
11604,5,Blue One M,3000,2,Far North,Male,26,0,118,0.4,6000,0,4,26-30
11605,5,Blue One M,3000,2,East,Female,24,0,121,0.4,6000,0,3,21-25
11606,5,Blue One M,3000,2,Centre,Female,27,0,122,0.4,6000,0,3,26-30
11607,5,Blue One M,3000,3,South,Male,24,0,123,0.6,9000,0,3,21-25
11608,5,Blue One M,3000,0,West,Female,26,1,121,0.0,0,1,3,26-30
11609,4,Blue One M,3000,3,Littoral,Female,22,0,75,0.75,9000,0,5,21-25
11610,4,Blue One M,3000,2,Littoral,Male,22,0,81,0.5,6000,0,5,21-25
11611,6,Blue One M,3000,2,North West,Female,27,1,139,0.3333333333333333,6000,0,3,26-30
11612,4,Blue One M,3000,3,Far North,Male,25,0,96,0.75,9000,0,4,21-25
11613,5,Blue One M,3000,0,North,Male,23,1,128,0.0,0,1,3,21-25
11614,3,Blue One S,2000,1,North,Female,25,0,74,0.3333333333333333,2000,0,5,21-25
11615,4,Blue One M,3000,2,Adamawa,Female,19,1,75,0.5,6000,0,5,<=20
11616,5,Blue One M,3000,2,North West,Female,25,0,121,0.4,6000,0,3,21-25
11617,4,Blue One M,3000,0,East,Male,18,1,96,0.0,0,1,4,<=20
11618,7,Blue One L,5000,0,Far North,Female,30,1,168,0.0,0,1,2,26-30
11619,6,Blue One M,3000,0,North West,Female,27,1,160,0.0,0,1,2,26-30
11620,6,Blue One M,3000,2,North West,Male,26,1,157,0.3333333333333333,6000,0,2,26-30
11621,6,Blue One M,3000,2,South West,Male,22,0,161,0.3333333333333333,6000,0,2,21-25
11622,6,Blue One M,3000,2,Centre,Female,25,0,146,0.3333333333333333,6000,0,3,21-25
11623,7,Blue One L,5000,0,Littoral,Female,23,1,168,0.0,0,1,2,21-25
11624,5,Blue One M,3000,3,Littoral,Female,23,0,108,0.6,9000,0,4,21-25
11626,4,Blue One M,3000,3,Adamawa,Male,28,0,100,0.75,9000,0,4,26-30
11627,5,Blue One M,3000,2,East,Female,19,1,111,0.4,6000,0,4,<=20
11629,4,Blue One M,3000,2,Adamawa,Female,24,0,104,0.5,6000,0,4,21-25
11630,5,Blue One M,3000,2,East,Male,29,0,116,0.4,6000,0,4,26-30
11631,5,Blue One M,3000,0,Adamawa,Male,24,1,113,0.0,0,1,4,21-25
11632,5,Blue One M,3000,0,Far North,Male,24,1,116,0.0,0,1,4,21-25
11633,5,Blue One M,3000,2,North West,Male,31,1,110,0.4,6000,0,4,>30
11634,5,Blue One M,3000,2,Far North,Female,23,0,112,0.4,6000,0,4,21-25
11635,4,Blue One M,3000,2,South,Male,22,1,104,0.5,6000,0,4,21-25
11636,4,Blue One M,3000,2,North West,Female,26,0,90,0.5,6000,0,4,26-30
11637,5,Blue One M,3000,2,North,Male,24,1,113,0.4,6000,0,4,21-25
11638,5,Blue One M,3000,3,South West,Male,21,0,106,0.6,9000,0,4,21-25
11639,5,Blue One M,3000,0,Far North,Male,28,1,108,0.0,0,1,4,26-30
11640,4,Blue One M,3000,3,East,Male,30,0,99,0.75,9000,0,4,26-30
11641,4,Blue One M,3000,0,East,Male,26,1,89,0.0,0,1,4,26-30
11646,4,Blue One M,3000,2,North,Male,22,0,84,0.5,6000,0,5,21-25
11647,4,Blue One M,3000,3,Far North,Male,20,0,81,0.75,9000,0,5,<=20
11648,4,Blue One M,3000,3,South,Female,17,0,80,0.75,9000,0,5,<=20
11649,4,Blue One M,3000,0,East,Male,21,1,75,0.0,0,1,5,21-25
11651,5,Blue One M,3000,3,South,Male,25,0,106,0.6,9000,0,4,21-25
11652,5,Blue One M,3000,2,Littoral,Female,23,0,108,0.4,6000,0,4,21-25
11653,4,Blue One M,3000,2,South West,Male,19,0,86,0.5,6000,0,5,<=20
11654,4,Blue One M,3000,2,Far North,Male,25,1,103,0.5,6000,0,4,21-25
11655,5,Blue One M,3000,2,West,Male,23,0,105,0.4,6000,0,4,21-25
11656,4,Blue One M,3000,2,South,Female,26,0,89,0.5,6000,0,4,26-30
11657,4,Blue One M,3000,3,South,Female,28,0,103,0.75,9000,0,4,26-30
11658,4,Blue One M,3000,2,North,Female,23,0,92,0.5,6000,0,4,21-25
11659,4,Blue One M,3000,3,South West,Male,23,0,102,0.75,9000,0,4,21-25
11660,5,Blue One M,3000,0,North,Male,33,1,128,0.0,0,1,3,>30
11661,5,Blue One M,3000,2,South West,Female,23,1,131,0.4,6000,0,3,21-25
11662,4,Blue One M,3000,2,North,Female,25,0,101,0.5,6000,0,4,21-25
11663,5,Blue One M,3000,2,Far North,Female,24,0,130,0.4,6000,0,3,21-25
11664,5,Blue One M,3000,0,North West,Female,27,1,129,0.0,0,1,3,26-30
11665,5,Blue One M,3000,2,Far North,Female,25,0,129,0.4,6000,0,3,21-25
11666,5,Blue One M,3000,2,South West,Male,19,0,122,0.4,6000,0,3,<=20
11667,5,Blue One M,3000,3,East,Female,24,0,116,0.6,9000,0,4,21-25
11668,4,Blue One M,3000,2,North,Male,29,1,96,0.5,6000,0,4,26-30
11669,5,Blue One M,3000,2,East,Female,20,0,122,0.4,6000,0,3,<=20
11670,5,Blue One M,3000,3,South,Female,23,0,105,0.6,9000,0,4,21-25
11671,5,Blue One M,3000,3,West,Male,20,0,111,0.6,9000,0,4,<=20
11672,4,Blue One M,3000,3,North West,Female,27,0,97,0.75,9000,0,4,26-30
11673,4,Blue One M,3000,2,South,Male,26,1,91,0.5,6000,0,4,26-30
11674,4,Blue One M,3000,2,Centre,Male,23,0,103,0.5,6000,0,4,21-25
11675,4,Blue One M,3000,0,South West,Female,25,1,103,0.0,0,1,4,21-25
11676,4,Blue One M,3000,3,Far North,Female,26,0,95,0.75,9000,0,4,26-30
11678,5,Blue One M,3000,3,Centre,Female,24,0,105,0.6,9000,0,4,21-25
11679,4,Blue One M,3000,0,Far North,Female,28,1,81,0.0,0,1,5,26-30
11680,4,Blue One M,3000,2,North West,Male,26,0,77,0.5,6000,0,5,26-30
11681,4,Blue One M,3000,2,East,Female,33,1,81,0.5,6000,0,5,>30
11682,4,Blue One M,3000,2,South West,Male,30,0,84,0.5,6000,0,5,26-30
11683,4,Blue One M,3000,0,Littoral,Female,24,1,89,0.0,0,1,4,21-25
11684,4,Blue One M,3000,2,Centre,Female,27,0,81,0.5,6000,0,5,26-30
11685,4,Blue One M,3000,2,Far North,Male,20,0,94,0.5,6000,0,4,<=20
11686,4,Blue One M,3000,2,South West,Female,23,1,90,0.5,6000,0,4,21-25
11687,4,Blue One M,3000,3,Adamawa,Male,21,0,76,0.75,9000,0,5,21-25
11700,4,Blue One M,3000,0,East,Female,19,1,81,0.0,0,1,5,<=20
11701,4,Blue One M,3000,2,West,Female,26,0,76,0.5,6000,0,5,26-30
11702,4,Blue One M,3000,2,Far North,Male,25,0,81,0.5,6000,0,5,21-25
11703,6,Blue One M,3000,3,South,Female,24,0,150,0.5,9000,0,2,21-25
11704,6,Blue One M,3000,2,West,Male,23,1,150,0.3333333333333333,6000,0,2,21-25
11705,6,Blue One M,3000,0,Littoral,Female,28,1,148,0.0,0,1,3,26-30
11706,6,Blue One M,3000,2,Littoral,Female,29,1,150,0.3333333333333333,6000,0,2,26-30
11707,6,Blue One M,3000,2,South West,Male,25,1,151,0.3333333333333333,6000,0,2,21-25
11708,6,Blue One M,3000,2,South,Female,26,0,150,0.3333333333333333,6000,0,2,26-30
11709,6,Blue One M,3000,2,North West,Female,25,0,140,0.3333333333333333,6000,0,3,21-25
11710,5,Blue One M,3000,2,Centre,Female,22,0,125,0.4,6000,0,3,21-25
11711,6,Blue One M,3000,2,North,Female,23,1,140,0.3333333333333333,6000,0,3,21-25
11712,6,Blue One M,3000,2,East,Male,24,1,143,0.3333333333333333,6000,0,3,21-25
11713,6,Blue One M,3000,0,West,Male,25,1,145,0.0,0,1,3,21-25
11714,6,Blue One M,3000,3,Adamawa,Male,23,0,147,0.5,9000,0,3,21-25
11715,6,Blue One M,3000,2,Far North,Male,28,1,137,0.3333333333333333,6000,0,3,26-30
11716,5,Blue One M,3000,2,Far North,Male,20,1,132,0.4,6000,0,3,<=20
11717,5,Blue One M,3000,0,East,Female,17,1,131,0.0,0,1,3,<=20
11718,5,Blue One M,3000,2,North West,Female,29,1,126,0.4,6000,0,3,26-30
11719,5,Blue One M,3000,2,North,Male,23,1,119,0.4,6000,0,4,21-25
11720,6,Blue One M,3000,0,North,Male,25,1,137,0.0,0,1,3,21-25
11721,5,Blue One M,3000,2,Centre,Male,24,0,128,0.4,6000,0,3,21-25
11722,6,Blue One M,3000,3,West,Male,25,0,145,0.5,9000,0,3,21-25
11723,6,Blue One M,3000,3,Far North,Male,28,0,145,0.5,9000,0,3,26-30
11724,6,Blue One M,3000,2,Centre,Male,26,1,147,0.3333333333333333,6000,0,3,26-30
11725,5,Blue One M,3000,3,Littoral,Male,25,0,128,0.6,9000,0,3,21-25
11726,6,Blue One M,3000,0,North West,Female,26,1,145,0.0,0,1,3,26-30
11727,6,Blue One M,3000,2,Centre,Female,23,1,147,0.3333333333333333,6000,0,3,21-25
11728,6,Blue One M,3000,2,Far North,Male,28,1,145,0.3333333333333333,6000,0,3,26-30
11729,6,Blue One M,3000,2,South West,Male,27,0,147,0.3333333333333333,6000,0,3,26-30
11730,6,Blue One M,3000,3,Centre,Female,23,0,145,0.5,9000,0,3,21-25
11731,6,Blue One M,3000,2,Far North,Female,26,0,137,0.3333333333333333,6000,0,3,26-30
11732,6,Blue One M,3000,0,West,Male,24,1,144,0.0,0,1,3,21-25
11733,5,Blue One M,3000,2,Centre,Female,23,0,130,0.4,6000,0,3,21-25
11734,5,Blue One M,3000,2,South West,Female,21,1,124,0.4,6000,0,3,21-25
11735,6,Blue One M,3000,3,Centre,Female,29,0,140,0.5,9000,0,3,26-30
11736,6,Blue One M,3000,2,East,Female,29,1,138,0.3333333333333333,6000,0,3,26-30
11737,5,Blue One M,3000,2,Adamawa,Male,32,0,121,0.4,6000,0,3,>30
11738,6,Blue One M,3000,0,West,Female,24,1,142,0.0,0,1,3,21-25
11739,6,Blue One M,3000,2,North West,Female,26,0,150,0.3333333333333333,6000,0,2,26-30
11740,6,Blue One M,3000,0,Adamawa,Male,28,1,142,0.0,0,1,3,26-30
11741,5,Blue One M,3000,0,West,Female,24,1,129,0.0,0,1,3,21-25
11742,6,Blue One M,3000,0,East,Male,26,1,136,0.0,0,1,3,26-30
11743,5,Blue One M,3000,0,South West,Female,23,1,119,0.0,0,1,4,21-25
11744,5,Blue One M,3000,2,West,Male,24,0,134,0.4,6000,0,3,21-25
11745,6,Blue One M,3000,2,North,Male,28,0,138,0.3333333333333333,6000,0,3,26-30
11746,6,Blue One M,3000,3,South West,Male,26,0,138,0.5,9000,0,3,26-30
11747,6,Blue One M,3000,2,South West,Male,18,0,145,0.3333333333333333,6000,0,3,<=20
11748,6,Blue One M,3000,3,South,Male,28,0,143,0.5,9000,0,3,26-30
11749,6,Blue One M,3000,2,South West,Male,23,1,151,0.3333333333333333,6000,0,2,21-25
11750,6,Blue One M,3000,3,North West,Male,22,0,149,0.5,9000,0,3,21-25
11751,6,Blue One M,3000,3,South West,Male,23,0,147,0.5,9000,0,3,21-25
11752,6,Blue One M,3000,0,Far North,Male,27,1,145,0.0,0,1,3,26-30
11753,6,Blue One M,3000,0,Far North,Male,27,1,143,0.0,0,1,3,26-30
11754,6,Blue One M,3000,2,Centre,Female,18,0,140,0.3333333333333333,6000,0,3,<=20
11755,6,Blue One M,3000,3,Far North,Male,28,0,154,0.5,9000,0,2,26-30
11756,6,Blue One M,3000,2,South West,Female,21,1,151,0.3333333333333333,6000,0,2,21-25
11757,6,Blue One M,3000,2,North,Male,21,1,153,0.3333333333333333,6000,0,2,21-25
11758,6,Blue One M,3000,0,South,Male,30,1,153,0.0,0,1,2,26-30
11759,6,Blue One M,3000,2,South West,Female,32,1,153,0.3333333333333333,6000,0,2,>30
11760,6,Blue One M,3000,2,Far North,Male,22,1,154,0.3333333333333333,6000,0,2,21-25
11761,6,Blue One M,3000,2,Adamawa,Female,24,0,151,0.3333333333333333,6000,0,2,21-25
11762,6,Blue One M,3000,2,Far North,Male,24,0,152,0.3333333333333333,6000,0,2,21-25
11763,6,Blue One M,3000,3,West,Female,26,0,151,0.5,9000,0,2,26-30
11764,6,Blue One M,3000,0,South,Female,31,1,154,0.0,0,1,2,>30
11765,6,Blue One M,3000,2,North,Female,28,1,153,0.3333333333333333,6000,0,2,26-30
11766,6,Blue One M,3000,0,Adamawa,Male,24,1,151,0.0,0,1,2,21-25
11767,6,Blue One M,3000,0,West,Male,25,1,148,0.0,0,1,3,21-25
11768,6,Blue One M,3000,2,North West,Female,26,0,148,0.3333333333333333,6000,0,3,26-30
11769,6,Blue One M,3000,2,South,Female,30,0,146,0.3333333333333333,6000,0,3,26-30
11770,5,Blue One M,3000,2,Littoral,Female,20,0,130,0.4,6000,0,3,<=20
11771,5,Blue One M,3000,2,Littoral,Female,21,0,133,0.4,6000,0,3,21-25
11772,5,Blue One M,3000,2,Centre,Female,27,1,125,0.4,6000,0,3,26-30
11773,6,Blue One M,3000,3,North,Male,25,0,140,0.5,9000,0,3,21-25
11774,6,Blue One M,3000,2,Littoral,Male,25,1,135,0.3333333333333333,6000,0,3,21-25
11775,6,Blue One M,3000,2,Centre,Male,26,1,137,0.3333333333333333,6000,0,3,26-30
11776,6,Blue One M,3000,3,North West,Male,22,0,138,0.5,9000,0,3,21-25
11777,6,Blue One M,3000,0,South,Female,27,1,138,0.0,0,1,3,26-30
11778,6,Blue One M,3000,2,West,Female,33,1,139,0.3333333333333333,6000,0,3,>30
11779,5,Blue One M,3000,2,North,Female,22,0,130,0.4,6000,0,3,21-25
11780,5,Blue One M,3000,0,East,Female,29,1,131,0.0,0,1,3,26-30
11781,6,Blue One M,3000,2,South,Male,27,0,136,0.3333333333333333,6000,0,3,26-30
11782,5,Blue One M,3000,0,Adamawa,Female,24,1,124,0.0,0,1,3,21-25
11783,5,Blue One M,3000,3,Adamawa,Female,23,0,130,0.6,9000,0,3,21-25
11784,5,Blue One M,3000,2,South West,Male,26,0,131,0.4,6000,0,3,26-30
11785,5,Blue One M,3000,0,South West,Female,22,1,132,0.0,0,1,3,21-25
11786,5,Blue One M,3000,2,Centre,Male,21,0,106,0.4,6000,0,4,21-25
11787,5,Blue One M,3000,2,Centre,Male,24,0,112,0.4,6000,0,4,21-25
11788,5,Blue One M,3000,3,South,Male,26,0,121,0.6,9000,0,3,26-30
11789,5,Blue One M,3000,0,South,Male,30,1,126,0.0,0,1,3,26-30
11790,5,Blue One M,3000,2,Far North,Male,25,1,105,0.4,6000,0,4,21-25
11791,5,Blue One M,3000,2,South,Female,24,1,119,0.4,6000,0,3,21-25
11792,6,Blue One M,3000,2,Centre,Male,25,1,135,0.3333333333333333,6000,0,3,21-25
11793,5,Blue One M,3000,3,Centre,Female,26,0,123,0.6,9000,0,3,26-30
11794,6,Blue One M,3000,0,Centre,Male,24,1,136,0.0,0,1,3,21-25
11795,6,Blue One M,3000,2,South,Male,28,0,137,0.3333333333333333,6000,0,3,26-30
11796,5,Blue One M,3000,0,Adamawa,Male,25,1,131,0.0,0,1,3,21-25
11797,6,Blue One M,3000,2,Adamawa,Female,21,0,136,0.3333333333333333,6000,0,3,21-25
11798,5,Blue One M,3000,0,North West,Female,23,1,126,0.0,0,1,3,21-25
11799,5,Blue One M,3000,3,North,Male,25,0,123,0.6,9000,0,3,21-25
11800,5,Blue One M,3000,2,Centre,Female,28,0,131,0.4,6000,0,3,26-30
11801,5,Blue One M,3000,0,East,Male,26,1,126,0.0,0,1,3,26-30
11802,6,Blue One M,3000,2,North,Female,29,1,152,0.3333333333333333,6000,0,2,26-30
11803,6,Blue One M,3000,0,West,Female,28,1,151,0.0,0,1,2,26-30
11804,6,Blue One M,3000,2,Littoral,Female,23,1,152,0.3333333333333333,6000,0,2,21-25
11805,6,Blue One M,3000,2,Littoral,Male,27,1,152,0.3333333333333333,6000,0,2,26-30
11806,4,Blue One M,3000,2,East,Female,23,1,99,0.5,6000,0,4,21-25
11807,6,Blue One M,3000,3,Centre,Female,30,0,145,0.5,9000,0,3,26-30
11808,6,Blue One M,3000,2,Adamawa,Female,21,1,151,0.3333333333333333,6000,0,2,21-25
11809,6,Blue One M,3000,3,Adamawa,Female,28,0,151,0.5,9000,0,2,26-30
11810,6,Blue One M,3000,0,Adamawa,Female,23,1,151,0.0,0,1,2,21-25
11811,6,Blue One M,3000,3,East,Female,22,0,150,0.5,9000,0,3,21-25
11812,5,Blue One M,3000,2,West,Female,19,1,128,0.4,6000,0,3,<=20
11813,6,Blue One M,3000,0,West,Female,27,1,147,0.0,0,1,3,26-30
11814,6,Blue One M,3000,3,North,Male,28,0,147,0.5,9000,0,3,26-30
11815,6,Blue One M,3000,2,West,Female,24,0,142,0.3333333333333333,6000,0,3,21-25
11816,6,Blue One M,3000,2,Adamawa,Female,28,1,140,0.3333333333333333,6000,0,3,26-30
11817,6,Blue One M,3000,2,West,Female,27,1,147,0.3333333333333333,6000,0,3,26-30
11818,6,Blue One M,3000,3,Centre,Female,24,0,141,0.5,9000,0,3,21-25
11819,6,Blue One M,3000,2,Centre,Female,22,1,141,0.3333333333333333,6000,0,3,21-25
11820,6,Blue One M,3000,0,West,Male,23,1,142,0.0,0,1,3,21-25
11821,4,Blue One M,3000,2,Adamawa,Female,22,1,96,0.5,6000,0,4,21-25
11822,5,Blue One M,3000,3,South,Male,19,0,133,0.6,9000,0,3,<=20
11823,6,Blue One M,3000,2,North,Male,21,0,139,0.3333333333333333,6000,0,3,21-25
11824,6,Blue One M,3000,0,Littoral,Male,27,1,139,0.0,0,1,3,26-30
11825,5,Blue One M,3000,2,South West,Female,22,0,133,0.4,6000,0,3,21-25
11826,5,Blue One M,3000,2,North,Male,25,0,130,0.4,6000,0,3,21-25
11827,5,Blue One M,3000,0,South West,Male,24,1,130,0.0,0,1,3,21-25
11828,5,Blue One M,3000,2,Adamawa,Male,25,0,130,0.4,6000,0,3,21-25
11829,6,Blue One M,3000,2,South,Female,24,0,139,0.3333333333333333,6000,0,3,21-25
11830,6,Blue One M,3000,2,Far North,Female,26,0,146,0.3333333333333333,6000,0,3,26-30
11831,6,Blue One M,3000,2,North West,Male,24,0,141,0.3333333333333333,6000,0,3,21-25
11832,4,Blue One M,3000,2,South West,Male,27,0,99,0.5,6000,0,4,26-30
11833,6,Blue One M,3000,2,East,Male,27,1,150,0.3333333333333333,6000,0,2,26-30
11834,6,Blue One M,3000,3,South West,Female,17,0,141,0.5,9000,0,3,<=20
11835,6,Blue One M,3000,2,West,Male,24,1,153,0.3333333333333333,6000,0,2,21-25
11836,6,Blue One M,3000,0,Centre,Male,26,1,153,0.0,0,1,2,26-30
11837,6,Blue One M,3000,3,North,Male,25,0,147,0.5,9000,0,3,21-25
11838,5,Blue One M,3000,2,South,Female,22,0,130,0.4,6000,0,3,21-25
11839,6,Blue One M,3000,2,West,Male,27,0,150,0.3333333333333333,6000,0,2,26-30
11840,6,Blue One M,3000,2,North,Male,26,1,141,0.3333333333333333,6000,0,3,26-30
11841,6,Blue One M,3000,2,North,Male,26,0,142,0.3333333333333333,6000,0,3,26-30
11842,6,Blue One M,3000,0,Adamawa,Male,27,1,141,0.0,0,1,3,26-30
11843,6,Blue One M,3000,3,North West,Male,26,0,151,0.5,9000,0,2,26-30
11844,6,Blue One M,3000,3,East,Female,30,0,142,0.5,9000,0,3,26-30
11845,6,Blue One M,3000,2,North,Male,24,0,143,0.3333333333333333,6000,0,3,21-25
11846,6,Blue One M,3000,3,Adamawa,Male,22,0,143,0.5,9000,0,3,21-25
11847,5,Blue One M,3000,3,North West,Female,23,0,119,0.6,9000,0,3,21-25
11849,6,Blue One M,3000,2,Littoral,Female,25,1,144,0.3333333333333333,6000,0,3,21-25
11850,5,Blue One M,3000,3,Centre,Female,21,0,124,0.6,9000,0,3,21-25
11851,5,Blue One M,3000,2,Far North,Male,29,1,119,0.4,6000,0,3,26-30
11852,6,Blue One M,3000,0,South West,Male,23,1,140,0.0,0,1,3,21-25
11853,6,Blue One M,3000,3,South West,Male,27,0,135,0.5,9000,0,3,26-30
11854,6,Blue One M,3000,3,Centre,Male,30,0,142,0.5,9000,0,3,26-30
11855,5,Blue One M,3000,2,South,Male,22,1,132,0.4,6000,0,3,21-25
11856,6,Blue One M,3000,0,Littoral,Male,20,1,142,0.0,0,1,3,<=20
11857,6,Blue One M,3000,2,Adamawa,Female,22,1,137,0.3333333333333333,6000,0,3,21-25
11858,6,Blue One M,3000,2,South,Male,28,1,138,0.3333333333333333,6000,0,3,26-30
11859,5,Blue One M,3000,2,East,Male,23,0,127,0.4,6000,0,3,21-25
11860,6,Blue One M,3000,2,North,Male,23,0,138,0.3333333333333333,6000,0,3,21-25
11861,5,Blue One M,3000,2,West,Female,28,1,118,0.4,6000,0,4,26-30
11862,5,Blue One M,3000,3,Centre,Male,24,0,124,0.6,9000,0,3,21-25
11863,5,Blue One M,3000,2,Adamawa,Female,23,0,130,0.4,6000,0,3,21-25
11864,6,Blue One M,3000,3,North,Male,27,0,137,0.5,9000,0,3,26-30
11865,5,Blue One M,3000,2,South,Male,28,1,133,0.4,6000,0,3,26-30
11866,6,Blue One M,3000,2,North West,Female,30,0,145,0.3333333333333333,6000,0,3,26-30
11867,5,Blue One M,3000,0,Littoral,Male,23,1,123,0.0,0,1,3,21-25
11868,5,Blue One M,3000,3,West,Male,21,0,124,0.6,9000,0,3,21-25
11869,5,Blue One M,3000,3,Littoral,Female,22,0,124,0.6,9000,0,3,21-25
11870,5,Blue One M,3000,2,Far North,Male,20,0,108,0.4,6000,0,4,<=20
11871,5,Blue One M,3000,2,Adamawa,Male,26,1,124,0.4,6000,0,3,26-30
11872,5,Blue One M,3000,3,Far North,Female,31,0,118,0.6,9000,0,4,>30
11873,5,Blue One M,3000,2,North,Male,26,0,115,0.4,6000,0,4,26-30
11874,5,Blue One M,3000,0,South West,Female,26,1,109,0.0,0,1,4,26-30
11875,5,Blue One M,3000,3,Centre,Male,23,0,110,0.6,9000,0,4,21-25
11876,4,Blue One M,3000,2,North West,Female,21,1,94,0.5,6000,0,4,21-25
11877,4,Blue One M,3000,2,South,Female,23,0,90,0.5,6000,0,4,21-25
11878,6,Blue One M,3000,0,Littoral,Female,24,1,153,0.0,0,1,2,21-25
11879,5,Blue One M,3000,2,Far North,Female,26,0,123,0.4,6000,0,3,26-30
11880,6,Blue One M,3000,2,South,Female,28,1,147,0.3333333333333333,6000,0,3,26-30
11881,6,Blue One M,3000,2,East,Female,27,1,142,0.3333333333333333,6000,0,3,26-30
11882,6,Blue One M,3000,0,Littoral,Male,28,1,150,0.0,0,1,2,26-30
11883,6,Blue One M,3000,3,Centre,Male,25,0,150,0.5,9000,0,2,21-25
11884,6,Blue One M,3000,0,East,Male,24,1,137,0.0,0,1,3,21-25
11885,6,Blue One M,3000,3,North West,Female,20,0,153,0.5,9000,0,2,<=20
11886,6,Blue One M,3000,2,Adamawa,Female,27,0,151,0.3333333333333333,6000,0,2,26-30
11887,6,Blue One M,3000,3,Littoral,Male,21,0,152,0.5,9000,0,2,21-25
11888,6,Blue One M,3000,2,Centre,Female,33,1,140,0.3333333333333333,6000,0,3,>30
11889,6,Blue One M,3000,2,South,Male,23,0,140,0.3333333333333333,6000,0,3,21-25
11890,6,Blue One M,3000,3,East,Male,21,0,153,0.5,9000,0,2,21-25
11891,6,Blue One M,3000,2,Far North,Male,24,1,152,0.3333333333333333,6000,0,2,21-25
11892,6,Blue One M,3000,2,Far North,Female,18,0,136,0.3333333333333333,6000,0,3,<=20
11893,6,Blue One M,3000,2,Adamawa,Male,31,1,151,0.3333333333333333,6000,0,2,>30
11894,5,Blue One M,3000,3,Littoral,Male,26,0,119,0.6,9000,0,4,26-30
11895,6,Blue One M,3000,2,North West,Male,24,1,139,0.3333333333333333,6000,0,3,21-25
11896,5,Blue One M,3000,2,Littoral,Female,25,0,133,0.4,6000,0,3,21-25
11897,5,Blue One M,3000,0,Adamawa,Male,26,1,131,0.0,0,1,3,26-30
11898,5,Blue One M,3000,0,North,Female,18,1,124,0.0,0,1,3,<=20
11899,5,Blue One M,3000,2,North West,Female,31,0,122,0.4,6000,0,3,>30
11900,5,Blue One M,3000,2,East,Male,24,1,117,0.4,6000,0,4,21-25
11901,5,Blue One M,3000,0,Littoral,Male,27,1,119,0.0,0,1,4,26-30
11902,5,Blue One M,3000,3,North West,Male,22,0,112,0.6,9000,0,4,21-25
11903,5,Blue One M,3000,2,North West,Female,23,0,115,0.4,6000,0,4,21-25
11904,4,Blue One M,3000,0,North,Male,21,1,98,0.0,0,1,4,21-25
11905,4,Blue One M,3000,0,South West,Male,21,1,102,0.0,0,1,4,21-25
11906,4,Blue One M,3000,0,Centre,Male,22,1,90,0.0,0,1,4,21-25
11907,4,Blue One M,3000,0,East,Female,26,1,95,0.0,0,1,4,26-30
11908,4,Blue One M,3000,2,Adamawa,Female,27,0,84,0.5,6000,0,5,26-30
11912,6,Blue One M,3000,2,North West,Male,27,1,150,0.3333333333333333,6000,0,3,26-30
11913,6,Blue One M,3000,2,Littoral,Female,26,1,148,0.3333333333333333,6000,0,3,26-30
11914,6,Blue One M,3000,3,South,Female,24,0,148,0.5,9000,0,3,21-25
11915,6,Blue One M,3000,2,East,Male,22,1,151,0.3333333333333333,6000,0,2,21-25
11916,6,Blue One M,3000,2,North,Male,24,1,149,0.3333333333333333,6000,0,3,21-25
11917,6,Blue One M,3000,0,West,Male,25,1,151,0.0,0,1,2,21-25
11918,6,Blue One M,3000,2,Centre,Male,24,1,151,0.3333333333333333,6000,0,2,21-25
11919,6,Blue One M,3000,3,West,Female,20,0,150,0.5,9000,0,3,<=20
11920,5,Blue One M,3000,2,Littoral,Male,27,0,117,0.4,6000,0,4,26-30
11921,6,Blue One M,3000,3,South West,Female,26,0,148,0.5,9000,0,3,26-30
11922,6,Blue One M,3000,2,North West,Female,26,1,146,0.3333333333333333,6000,0,3,26-30
11923,6,Blue One M,3000,2,Littoral,Male,26,1,145,0.3333333333333333,6000,0,3,26-30
11924,6,Blue One M,3000,0,North West,Male,24,1,145,0.0,0,1,3,21-25
11925,6,Blue One M,3000,2,West,Male,26,0,146,0.3333333333333333,6000,0,3,26-30
11926,5,Blue One M,3000,2,North,Male,27,0,134,0.4,6000,0,3,26-30
11927,5,Blue One M,3000,2,South,Male,29,1,124,0.4,6000,0,3,26-30
11928,5,Blue One M,3000,2,South,Female,23,0,131,0.4,6000,0,3,21-25
11929,5,Blue One M,3000,2,East,Male,25,1,133,0.4,6000,0,3,21-25
11930,6,Blue One M,3000,2,Littoral,Female,25,1,144,0.3333333333333333,6000,0,3,21-25
11931,6,Blue One M,3000,2,East,Male,23,0,145,0.3333333333333333,6000,0,3,21-25
11932,5,Blue One M,3000,0,North West,Male,21,1,131,0.0,0,1,3,21-25
11933,6,Blue One M,3000,0,North West,Male,21,1,138,0.0,0,1,3,21-25
11934,5,Blue One M,3000,2,Littoral,Male,24,1,133,0.4,6000,0,3,21-25
11935,5,Blue One M,3000,0,North West,Female,23,1,121,0.0,0,1,3,21-25
11936,6,Blue One M,3000,0,West,Male,26,1,137,0.0,0,1,3,26-30
11937,6,Blue One M,3000,2,East,Female,23,0,137,0.3333333333333333,6000,0,3,21-25
11938,6,Blue One M,3000,3,South West,Female,26,0,137,0.5,9000,0,3,26-30
11939,4,Blue One M,3000,2,Adamawa,Female,27,1,103,0.5,6000,0,4,26-30
11940,6,Blue One M,3000,2,South,Female,24,1,136,0.3333333333333333,6000,0,3,21-25
11941,6,Blue One M,3000,0,Littoral,Female,27,1,136,0.0,0,1,3,26-30
11942,6,Blue One M,3000,2,South,Male,27,0,137,0.3333333333333333,6000,0,3,26-30
11943,6,Blue One M,3000,2,North West,Male,29,0,136,0.3333333333333333,6000,0,3,26-30
11944,6,Blue One M,3000,3,West,Male,26,0,138,0.5,9000,0,3,26-30
11945,6,Blue One M,3000,2,North,Male,32,1,138,0.3333333333333333,6000,0,3,>30
11946,5,Blue One M,3000,2,Centre,Male,23,0,110,0.4,6000,0,4,21-25
11947,5,Blue One M,3000,0,Adamawa,Male,25,1,122,0.0,0,1,3,21-25
11948,5,Blue One M,3000,2,Littoral,Male,26,1,116,0.4,6000,0,4,26-30
11949,5,Blue One M,3000,0,North West,Male,26,1,132,0.0,0,1,3,26-30
11950,5,Blue One M,3000,3,Adamawa,Female,27,0,126,0.6,9000,0,3,26-30
11951,5,Blue One M,3000,2,Adamawa,Female,26,0,110,0.4,6000,0,4,26-30
11952,5,Blue One M,3000,0,Adamawa,Female,22,1,131,0.0,0,1,3,21-25
11953,5,Blue One M,3000,2,South,Male,28,1,128,0.4,6000,0,3,26-30
11954,6,Blue One M,3000,2,Littoral,Male,21,1,145,0.3333333333333333,6000,0,3,21-25
11957,6,Blue One M,3000,0,South,Male,29,1,150,0.0,0,1,2,26-30
11958,6,Blue One M,3000,2,North,Male,30,1,145,0.3333333333333333,6000,0,3,26-30
11959,6,Blue One M,3000,2,South West,Female,24,0,146,0.3333333333333333,6000,0,3,21-25
11960,6,Blue One M,3000,2,Adamawa,Male,24,1,146,0.3333333333333333,6000,0,3,21-25
11963,4,Blue One M,3000,2,Littoral,Female,18,0,95,0.5,6000,0,4,<=20
11964,4,Blue One M,3000,3,Centre,Female,22,0,98,0.75,9000,0,4,21-25
11965,4,Blue One M,3000,0,South,Female,23,1,102,0.0,0,1,4,21-25
11966,4,Blue One M,3000,2,North,Male,22,1,96,0.5,6000,0,4,21-25
11967,4,Blue One M,3000,3,Far North,Male,25,0,96,0.75,9000,0,4,21-25
11968,6,Blue One M,3000,2,Far North,Male,27,0,136,0.3333333333333333,6000,0,3,26-30
11969,6,Blue One M,3000,3,Centre,Female,28,0,139,0.5,9000,0,3,26-30
11970,5,Blue One M,3000,3,East,Male,27,0,132,0.6,9000,0,3,26-30
11971,5,Blue One M,3000,0,Littoral,Male,28,1,131,0.0,0,1,3,26-30
11972,5,Blue One M,3000,2,Far North,Male,23,1,125,0.4,6000,0,3,21-25
11973,4,Blue One M,3000,2,Centre,Male,24,0,82,0.5,6000,0,5,21-25
11974,5,Blue One M,3000,3,Littoral,Female,22,0,125,0.6,9000,0,3,21-25
11975,5,Blue One M,3000,3,North,Female,21,0,115,0.6,9000,0,4,21-25
11976,5,Blue One M,3000,2,South,Female,24,0,117,0.4,6000,0,4,21-25
11977,5,Blue One M,3000,3,West,Male,27,0,105,0.6,9000,0,4,26-30
11978,5,Blue One M,3000,3,North,Female,30,0,111,0.6,9000,0,4,26-30
11979,4,Blue One M,3000,2,North West,Female,17,0,75,0.5,6000,0,5,<=20
11980,4,Blue One M,3000,2,East,Female,26,0,83,0.5,6000,0,5,26-30
11981,4,Blue One M,3000,3,South,Male,25,0,79,0.75,9000,0,5,21-25
11982,4,Blue One M,3000,2,Littoral,Female,23,0,87,0.5,6000,0,5,21-25
11983,5,Blue One M,3000,2,Adamawa,Male,19,0,108,0.4,6000,0,4,<=20
11984,6,Blue One M,3000,2,South West,Male,27,1,144,0.3333333333333333,6000,0,3,26-30
11985,6,Blue One M,3000,3,Adamawa,Male,22,0,138,0.5,9000,0,3,21-25
11986,4,Blue One M,3000,0,South,Female,25,1,94,0.0,0,1,4,21-25
11987,4,Blue One M,3000,3,North West,Female,22,0,89,0.75,9000,0,4,21-25
11988,6,Blue One M,3000,3,West,Female,30,0,151,0.5,9000,0,2,26-30
11989,6,Blue One M,3000,2,South West,Female,24,1,145,0.3333333333333333,6000,0,3,21-25
11990,4,Blue One M,3000,0,South,Male,28,1,90,0.0,0,1,4,26-30
11991,5,Blue One M,3000,2,East,Male,29,0,118,0.4,6000,0,4,26-30
11992,5,Blue One M,3000,0,Centre,Male,25,1,133,0.0,0,1,3,21-25
11993,5,Blue One M,3000,2,North West,Female,29,1,125,0.4,6000,0,3,26-30
11994,6,Blue One M,3000,0,Far North,Male,27,1,140,0.0,0,1,3,26-30
12004,5,Blue One M,3000,0,East,Male,30,1,108,0.0,0,1,4,26-30
12005,5,Blue One M,3000,2,North,Male,30,1,110,0.4,6000,0,4,26-30
12006,5,Blue One M,3000,2,South,Female,29,0,112,0.4,6000,0,4,26-30
12007,5,Blue One M,3000,2,South,Male,22,1,117,0.4,6000,0,4,21-25
12008,4,Blue One M,3000,2,West,Female,19,0,83,0.5,6000,0,5,<=20
12009,4,Blue One M,3000,3,South,Male,21,0,94,0.75,9000,0,4,21-25
12010,4,Blue One M,3000,3,West,Female,24,0,76,0.75,9000,0,5,21-25
12011,4,Blue One M,3000,3,North West,Female,22,0,89,0.75,9000,0,4,21-25
12012,4,Blue One M,3000,3,North West,Male,21,0,94,0.75,9000,0,4,21-25
12013,4,Blue One M,3000,3,East,Male,31,0,95,0.75,9000,0,4,>30
12014,4,Blue One M,3000,2,South,Female,22,1,94,0.5,6000,0,4,21-25
12015,4,Blue One M,3000,2,Adamawa,Female,27,0,89,0.5,6000,0,4,26-30
12017,4,Blue One M,3000,0,Far North,Male,19,1,77,0.0,0,1,5,<=20
12018,4,Blue One M,3000,0,Adamawa,Male,27,1,104,0.0,0,1,4,26-30
12019,5,Blue One M,3000,2,North,Female,26,0,109,0.4,6000,0,4,26-30
12020,5,Blue One M,3000,3,South,Male,31,0,109,0.6,9000,0,4,>30
12021,4,Blue One M,3000,0,South,Male,28,1,96,0.0,0,1,4,26-30
12022,4,Blue One M,3000,2,Adamawa,Male,24,0,86,0.5,6000,0,5,21-25
12023,4,Blue One M,3000,0,Adamawa,Female,23,1,81,0.0,0,1,5,21-25
12024,5,Blue One M,3000,3,East,Female,26,0,123,0.6,9000,0,3,26-30
12025,5,Blue One M,3000,2,Centre,Male,27,1,116,0.4,6000,0,4,26-30
12027,5,Blue One M,3000,2,East,Male,22,1,112,0.4,6000,0,4,21-25
12028,4,Blue One M,3000,2,West,Female,20,0,76,0.5,6000,0,5,<=20
12029,5,Blue One M,3000,3,North,Male,27,0,111,0.6,9000,0,4,26-30
12030,5,Blue One M,3000,0,Littoral,Female,27,1,131,0.0,0,1,3,26-30
12031,5,Blue One M,3000,3,North West,Male,30,0,112,0.6,9000,0,4,26-30
12032,5,Blue One M,3000,3,Littoral,Female,21,0,126,0.6,9000,0,3,21-25
12033,5,Blue One M,3000,2,South West,Male,24,0,126,0.4,6000,0,3,21-25
12034,5,Blue One M,3000,3,North West,Female,23,0,111,0.6,9000,0,4,21-25
12035,5,Blue One M,3000,2,Centre,Male,18,0,111,0.4,6000,0,4,<=20
12036,5,Blue One M,3000,2,East,Female,18,1,112,0.4,6000,0,4,<=20
12037,4,Blue One M,3000,3,South West,Male,23,0,78,0.75,9000,0,5,21-25
12038,5,Blue One M,3000,2,Adamawa,Female,20,0,124,0.4,6000,0,3,<=20
12039,4,Blue One M,3000,2,North,Female,21,1,89,0.5,6000,0,4,21-25
12040,4,Blue One M,3000,3,Adamawa,Male,20,0,103,0.75,9000,0,4,<=20
12041,4,Blue One M,3000,3,Far North,Male,24,0,80,0.75,9000,0,5,21-25
12042,4,Blue One M,3000,3,Littoral,Female,23,0,81,0.75,9000,0,5,21-25
12043,5,Blue One M,3000,3,West,Female,33,0,111,0.6,9000,0,4,>30
12045,4,Blue One M,3000,2,Far North,Female,20,0,86,0.5,6000,0,5,<=20
12046,4,Blue One M,3000,3,South West,Male,27,0,102,0.75,9000,0,4,26-30
12048,4,Blue One M,3000,2,Far North,Female,24,0,76,0.5,6000,0,5,21-25
12049,5,Blue One M,3000,0,West,Male,23,1,110,0.0,0,1,4,21-25
12051,5,Blue One M,3000,0,North,Female,26,1,131,0.0,0,1,3,26-30
12052,4,Blue One M,3000,3,North West,Male,26,0,103,0.75,9000,0,4,26-30
12053,5,Blue One M,3000,3,West,Male,25,0,110,0.6,9000,0,4,21-25
12055,4,Blue One M,3000,2,Centre,Female,25,0,77,0.5,6000,0,5,21-25
12056,4,Blue One M,3000,0,South West,Female,22,1,104,0.0,0,1,4,21-25
12057,4,Blue One M,3000,2,Far North,Female,29,0,90,0.5,6000,0,4,26-30
12058,4,Blue One M,3000,0,East,Female,24,1,101,0.0,0,1,4,21-25
12059,4,Blue One M,3000,2,West,Male,21,0,80,0.5,6000,0,5,21-25
12060,4,Blue One M,3000,2,South,Female,23,0,103,0.5,6000,0,4,21-25
12061,4,Blue One M,3000,2,Centre,Male,22,0,89,0.5,6000,0,4,21-25
12062,3,Blue One S,2000,1,North West,Female,26,1,74,0.3333333333333333,2000,0,5,26-30
12063,4,Blue One M,3000,2,Littoral,Male,25,0,104,0.5,6000,0,4,21-25
12064,4,Blue One M,3000,3,Centre,Male,22,0,82,0.75,9000,0,5,21-25
12072,5,Blue One M,3000,3,Centre,Male,28,0,111,0.6,9000,0,4,26-30
12073,5,Blue One M,3000,3,East,Female,26,0,128,0.6,9000,0,3,26-30
12074,5,Blue One M,3000,3,Centre,Female,21,0,112,0.6,9000,0,4,21-25
12075,5,Blue One M,3000,2,North West,Male,25,0,115,0.4,6000,0,4,21-25
12076,4,Blue One M,3000,2,South,Male,30,0,84,0.5,6000,0,5,26-30
12077,5,Blue One M,3000,0,Adamawa,Male,26,1,123,0.0,0,1,3,26-30
12078,5,Blue One M,3000,2,East,Female,26,0,128,0.4,6000,0,3,26-30
12079,5,Blue One M,3000,2,East,Male,25,0,127,0.4,6000,0,3,21-25
12080,5,Blue One M,3000,3,East,Female,26,0,117,0.6,9000,0,4,26-30
12081,5,Blue One M,3000,2,Centre,Male,27,1,108,0.4,6000,0,4,26-30
12082,5,Blue One M,3000,0,East,Female,29,1,118,0.0,0,1,4,26-30
12083,5,Blue One M,3000,2,North West,Male,21,0,109,0.4,6000,0,4,21-25
12084,4,Blue One M,3000,2,South West,Female,23,0,86,0.5,6000,0,5,21-25
12085,5,Blue One M,3000,2,North West,Female,25,0,129,0.4,6000,0,3,21-25
12086,4,Blue One M,3000,2,North,Male,18,0,77,0.5,6000,0,5,<=20
12087,4,Blue One M,3000,2,Littoral,Female,28,1,87,0.5,6000,0,5,26-30
12088,4,Blue One M,3000,3,Adamawa,Female,25,0,90,0.75,9000,0,4,21-25
12089,5,Blue One M,3000,3,North,Male,22,0,116,0.6,9000,0,4,21-25
12090,5,Blue One M,3000,2,Littoral,Female,28,1,112,0.4,6000,0,4,26-30
12091,5,Blue One M,3000,0,Centre,Male,23,1,122,0.0,0,1,3,21-25
12093,4,Blue One M,3000,3,South West,Female,24,0,89,0.75,9000,0,4,21-25
12094,4,Blue One M,3000,2,South West,Male,20,1,80,0.5,6000,0,5,<=20
12096,4,Blue One M,3000,2,Far North,Male,20,0,89,0.5,6000,0,4,<=20
12097,4,Blue One M,3000,3,Far North,Male,24,0,80,0.75,9000,0,5,21-25
12099,4,Blue One M,3000,3,Adamawa,Male,19,0,79,0.75,9000,0,5,<=20
12102,5,Blue One M,3000,3,Centre,Female,24,0,111,0.6,9000,0,4,21-25
12103,5,Blue One M,3000,2,West,Female,23,0,115,0.4,6000,0,4,21-25
12104,4,Blue One M,3000,2,Adamawa,Male,22,0,91,0.5,6000,0,4,21-25
12105,5,Blue One M,3000,0,North,Male,21,1,109,0.0,0,1,4,21-25
12106,4,Blue One M,3000,2,South,Male,27,1,104,0.5,6000,0,4,26-30
12107,5,Blue One M,3000,2,South,Male,18,0,107,0.4,6000,0,4,<=20
12108,5,Blue One M,3000,2,East,Female,24,0,107,0.4,6000,0,4,21-25
12109,4,Blue One M,3000,2,Centre,Male,23,0,97,0.5,6000,0,4,21-25
12110,4,Blue One M,3000,3,Adamawa,Female,19,0,98,0.75,9000,0,4,<=20
12111,4,Blue One M,3000,3,North,Male,25,0,102,0.75,9000,0,4,21-25
12112,5,Blue One M,3000,2,North,Male,25,0,119,0.4,6000,0,4,21-25
12113,5,Blue One M,3000,2,East,Female,21,1,123,0.4,6000,0,3,21-25
12114,5,Blue One M,3000,3,North,Male,25,0,116,0.6,9000,0,4,21-25
12115,5,Blue One M,3000,3,Centre,Female,24,0,122,0.6,9000,0,3,21-25
12116,5,Blue One M,3000,3,South,Female,23,0,110,0.6,9000,0,4,21-25
12117,5,Blue One M,3000,0,West,Male,23,1,125,0.0,0,1,3,21-25
12118,5,Blue One M,3000,2,North,Male,31,0,111,0.4,6000,0,4,>30
12119,5,Blue One M,3000,3,North,Male,24,0,108,0.6,9000,0,4,21-25
12120,5,Blue One M,3000,2,East,Male,28,1,107,0.4,6000,0,4,26-30
12121,5,Blue One M,3000,2,South,Female,26,0,116,0.4,6000,0,4,26-30
12122,5,Blue One M,3000,2,North West,Male,26,0,115,0.4,6000,0,4,26-30
12123,5,Blue One M,3000,3,West,Female,26,0,107,0.6,9000,0,4,26-30
12124,5,Blue One M,3000,3,North West,Female,22,0,107,0.6,9000,0,4,21-25
12134,4,Blue One M,3000,3,East,Male,20,0,80,0.75,9000,0,5,<=20
12162,4,Blue One M,3000,3,Far North,Male,20,0,98,0.75,9000,0,4,<=20
12163,4,Blue One M,3000,3,North,Male,21,0,89,0.75,9000,0,4,21-25
12164,4,Blue One M,3000,3,Far North,Male,26,0,83,0.75,9000,0,5,26-30
12165,5,Blue One M,3000,3,Adamawa,Female,21,0,106,0.6,9000,0,4,21-25
12166,4,Blue One M,3000,0,Adamawa,Male,24,1,104,0.0,0,1,4,21-25
12167,4,Blue One M,3000,2,South West,Male,21,1,103,0.5,6000,0,4,21-25
12168,4,Blue One M,3000,3,North West,Female,27,0,83,0.75,9000,0,5,26-30
12171,4,Blue One M,3000,3,Centre,Male,21,0,89,0.75,9000,0,4,21-25
12172,4,Blue One M,3000,3,South West,Male,19,0,89,0.75,9000,0,4,<=20
12173,4,Blue One M,3000,0,Far North,Male,26,1,90,0.0,0,1,4,26-30
12174,4,Blue One M,3000,3,North,Female,26,0,89,0.75,9000,0,4,26-30
12175,4,Blue One M,3000,2,North West,Male,24,0,86,0.5,6000,0,5,21-25
12176,4,Blue One M,3000,2,South West,Female,24,0,86,0.5,6000,0,5,21-25
12177,4,Blue One M,3000,0,West,Male,23,1,86,0.0,0,1,5,21-25
12178,4,Blue One M,3000,3,Centre,Female,23,0,80,0.75,9000,0,5,21-25
12179,4,Blue One M,3000,2,North West,Male,19,0,77,0.5,6000,0,5,<=20
12180,4,Blue One M,3000,3,North,Female,25,0,81,0.75,9000,0,5,21-25
12181,4,Blue One M,3000,2,South West,Male,25,0,81,0.5,6000,0,5,21-25
12190,5,Blue One M,3000,2,West,Female,26,1,129,0.4,6000,0,3,26-30
12191,3,Blue One S,2000,1,South West,Male,19,0,74,0.3333333333333333,2000,0,5,<=20
12192,5,Blue One M,3000,2,East,Male,19,0,115,0.4,6000,0,4,<=20
12193,5,Blue One M,3000,0,East,Male,21,1,121,0.0,0,1,3,21-25
12194,4,Blue One M,3000,2,West,Female,28,0,87,0.5,6000,0,5,26-30
12195,5,Blue One M,3000,2,Adamawa,Female,23,0,119,0.4,6000,0,3,21-25
12196,5,Blue One M,3000,2,North West,Female,25,1,125,0.4,6000,0,3,21-25
12197,5,Blue One M,3000,3,South,Female,24,0,126,0.6,9000,0,3,21-25
12198,5,Blue One M,3000,2,North,Male,24,0,124,0.4,6000,0,3,21-25
12199,5,Blue One M,3000,2,North West,Female,26,0,130,0.4,6000,0,3,26-30
12200,5,Blue One M,3000,0,Littoral,Male,21,1,126,0.0,0,1,3,21-25
12201,3,Blue One S,2000,0,Far North,Male,17,1,66,0.0,0,1,5,<=20
12202,5,Blue One M,3000,0,South West,Male,23,1,125,0.0,0,1,3,21-25
12203,5,Blue One M,3000,3,North,Female,26,0,124,0.6,9000,0,3,26-30
12204,5,Blue One M,3000,3,West,Male,26,0,117,0.6,9000,0,4,26-30
12205,5,Blue One M,3000,0,South,Female,27,1,124,0.0,0,1,3,26-30
12206,5,Blue One M,3000,0,North West,Male,25,1,109,0.0,0,1,4,21-25
12207,5,Blue One M,3000,0,Adamawa,Male,24,1,122,0.0,0,1,3,21-25
12208,5,Blue One M,3000,2,South,Male,29,0,111,0.4,6000,0,4,26-30
12209,5,Blue One M,3000,2,Centre,Male,27,0,121,0.4,6000,0,3,26-30
12210,5,Blue One M,3000,3,Littoral,Female,23,0,122,0.6,9000,0,3,21-25
12211,5,Blue One M,3000,0,West,Male,25,1,124,0.0,0,1,3,21-25
12212,5,Blue One M,3000,2,South West,Female,28,0,123,0.4,6000,0,3,26-30
12213,5,Blue One M,3000,3,East,Male,26,0,121,0.6,9000,0,3,26-30
12214,5,Blue One M,3000,2,West,Female,27,1,121,0.4,6000,0,3,26-30
12215,5,Blue One M,3000,0,East,Male,23,1,122,0.0,0,1,3,21-25
12216,5,Blue One M,3000,2,East,Male,20,1,123,0.4,6000,0,3,<=20
12217,5,Blue One M,3000,3,South West,Male,25,0,121,0.6,9000,0,3,21-25
12218,5,Blue One M,3000,2,South West,Female,31,0,121,0.4,6000,0,3,>30
12219,5,Blue One M,3000,3,West,Male,23,0,119,0.6,9000,0,3,21-25
12220,5,Blue One M,3000,3,Far North,Female,27,0,111,0.6,9000,0,4,26-30
12221,5,Blue One M,3000,3,East,Male,23,0,119,0.6,9000,0,4,21-25
12222,5,Blue One M,3000,0,North West,Female,25,1,119,0.0,0,1,3,21-25
12223,5,Blue One M,3000,2,Centre,Male,23,0,119,0.4,6000,0,3,21-25
12224,5,Blue One M,3000,3,West,Male,22,0,112,0.6,9000,0,4,21-25
12225,5,Blue One M,3000,0,South West,Female,23,1,111,0.0,0,1,4,21-25
12226,5,Blue One M,3000,3,Adamawa,Male,21,0,105,0.6,9000,0,4,21-25
12227,5,Blue One M,3000,2,Adamawa,Female,27,0,109,0.4,6000,0,4,26-30
12228,5,Blue One M,3000,3,North West,Female,26,0,110,0.6,9000,0,4,26-30
12229,4,Blue One M,3000,3,Far North,Male,21,0,96,0.75,9000,0,4,21-25
12230,4,Blue One M,3000,2,North,Male,26,1,90,0.5,6000,0,4,26-30
12232,5,Blue One M,3000,3,East,Male,29,0,118,0.6,9000,0,4,26-30
12233,5,Blue One M,3000,0,Centre,Female,24,1,117,0.0,0,1,4,21-25
12234,5,Blue One M,3000,3,Far North,Female,24,0,116,0.6,9000,0,4,21-25
12235,5,Blue One M,3000,2,Far North,Female,24,1,116,0.4,6000,0,4,21-25
12236,5,Blue One M,3000,3,Adamawa,Male,26,0,112,0.6,9000,0,4,26-30
12237,5,Blue One M,3000,2,South West,Female,22,1,111,0.4,6000,0,4,21-25
12238,5,Blue One M,3000,3,Adamawa,Female,25,0,113,0.6,9000,0,4,21-25
12239,5,Blue One M,3000,2,North West,Female,24,1,113,0.4,6000,0,4,21-25
12240,5,Blue One M,3000,2,West,Female,25,0,107,0.4,6000,0,4,21-25
12241,5,Blue One M,3000,0,South West,Female,21,1,107,0.0,0,1,4,21-25
12242,5,Blue One M,3000,2,East,Male,23,0,110,0.4,6000,0,4,21-25
12243,5,Blue One M,3000,3,South,Female,23,0,111,0.6,9000,0,4,21-25
12244,5,Blue One M,3000,2,East,Female,22,1,119,0.4,6000,0,4,21-25
12246,4,Blue One M,3000,2,South,Male,24,0,96,0.5,6000,0,4,21-25
12247,5,Blue One M,3000,2,Littoral,Male,23,1,124,0.4,6000,0,3,21-25
12248,5,Blue One M,3000,0,Centre,Male,22,1,122,0.0,0,1,3,21-25
12249,4,Blue One M,3000,3,Far North,Female,18,0,86,0.75,9000,0,5,<=20
12250,5,Blue One M,3000,2,Littoral,Female,28,1,108,0.4,6000,0,4,26-30
12251,5,Blue One M,3000,2,Far North,Male,21,0,111,0.4,6000,0,4,21-25
12252,5,Blue One M,3000,0,West,Female,26,1,118,0.0,0,1,4,26-30
12253,5,Blue One M,3000,2,Centre,Male,31,0,113,0.4,6000,0,4,>30
12254,5,Blue One M,3000,0,Littoral,Male,23,1,119,0.0,0,1,3,21-25
12255,4,Blue One M,3000,3,Centre,Female,23,0,97,0.75,9000,0,4,21-25
12256,4,Blue One M,3000,2,Far North,Male,24,0,100,0.5,6000,0,4,21-25
12257,3,Blue One S,2000,1,East,Male,18,1,74,0.3333333333333333,2000,0,5,<=20
12258,5,Blue One M,3000,2,Littoral,Male,27,0,115,0.4,6000,0,4,26-30
12259,5,Blue One M,3000,3,Centre,Female,27,0,114,0.6,9000,0,4,26-30
12260,4,Blue One M,3000,2,Littoral,Female,22,1,104,0.5,6000,0,4,21-25
12261,4,Blue One M,3000,2,South,Male,23,0,97,0.5,6000,0,4,21-25
12262,5,Blue One M,3000,0,Far North,Male,22,1,117,0.0,0,1,4,21-25
12263,5,Blue One M,3000,3,South,Female,21,0,109,0.6,9000,0,4,21-25
12264,5,Blue One M,3000,2,Far North,Male,23,0,117,0.4,6000,0,4,21-25
12265,5,Blue One M,3000,2,South,Female,24,0,111,0.4,6000,0,4,21-25
12266,5,Blue One M,3000,0,West,Female,26,1,112,0.0,0,1,4,26-30
12267,5,Blue One M,3000,2,Centre,Male,21,1,109,0.4,6000,0,4,21-25
12273,5,Blue One M,3000,2,South West,Female,23,0,109,0.4,6000,0,4,21-25
12274,5,Blue One M,3000,2,West,Female,24,0,111,0.4,6000,0,4,21-25
12275,5,Blue One M,3000,2,West,Male,21,0,110,0.4,6000,0,4,21-25
12276,5,Blue One M,3000,2,South,Male,30,0,110,0.4,6000,0,4,26-30
12277,5,Blue One M,3000,3,North,Male,21,0,109,0.6,9000,0,4,21-25
12278,5,Blue One M,3000,0,Centre,Male,30,1,119,0.0,0,1,3,26-30
12279,4,Blue One M,3000,2,West,Female,26,0,104,0.5,6000,0,4,26-30
12280,5,Blue One M,3000,2,North West,Male,31,1,119,0.4,6000,0,3,>30
12281,5,Blue One M,3000,2,South West,Female,28,1,117,0.4,6000,0,4,26-30
12282,5,Blue One M,3000,2,Adamawa,Male,26,1,119,0.4,6000,0,3,26-30
12283,5,Blue One M,3000,2,East,Female,27,0,119,0.4,6000,0,3,26-30
12284,5,Blue One M,3000,2,South,Female,23,0,120,0.4,6000,0,3,21-25
12285,5,Blue One M,3000,3,East,Male,20,0,120,0.6,9000,0,3,<=20
12286,5,Blue One M,3000,0,South West,Male,24,1,119,0.0,0,1,3,21-25
12287,5,Blue One M,3000,3,Littoral,Male,20,0,116,0.6,9000,0,4,<=20
12288,5,Blue One M,3000,3,Littoral,Male,27,0,117,0.6,9000,0,4,26-30
12289,5,Blue One M,3000,2,Adamawa,Male,22,0,116,0.4,6000,0,4,21-25
12291,4,Blue One M,3000,2,North West,Female,21,0,96,0.5,6000,0,4,21-25
12292,4,Blue One M,3000,2,South,Male,25,0,90,0.5,6000,0,4,21-25
12293,4,Blue One M,3000,2,Far North,Male,24,0,91,0.5,6000,0,4,21-25
12294,4,Blue One M,3000,3,North West,Male,25,0,80,0.75,9000,0,5,21-25
12298,5,Blue One M,3000,2,North West,Male,28,1,116,0.4,6000,0,4,26-30
12299,5,Blue One M,3000,2,West,Male,25,1,115,0.4,6000,0,4,21-25
12300,5,Blue One M,3000,2,Centre,Male,20,1,123,0.4,6000,0,3,<=20
12301,5,Blue One M,3000,3,North,Male,19,0,117,0.6,9000,0,4,<=20
12302,5,Blue One M,3000,0,Centre,Female,22,1,112,0.0,0,1,4,21-25
12303,5,Blue One M,3000,2,Littoral,Female,25,0,105,0.4,6000,0,4,21-25
12304,5,Blue One M,3000,0,South West,Female,31,1,111,0.0,0,1,4,>30
12305,5,Blue One M,3000,0,West,Female,23,1,109,0.0,0,1,4,21-25
12306,5,Blue One M,3000,0,East,Male,19,1,108,0.0,0,1,4,<=20
12307,4,Blue One M,3000,2,South,Male,29,0,103,0.5,6000,0,4,26-30
12308,4,Blue One M,3000,2,South West,Male,21,1,88,0.5,6000,0,5,21-25
12309,5,Blue One M,3000,2,North West,Male,22,0,119,0.4,6000,0,3,21-25
12310,7,Blue One L,5000,2,North,Female,31,0,182,0.2857142857142857,10000,0,1,>30
12311,5,Blue One M,3000,2,North West,Male,26,0,115,0.4,6000,0,4,26-30
12312,4,Blue One M,3000,3,South,Female,19,0,96,0.75,9000,0,4,<=20
12313,4,Blue One M,3000,3,East,Female,20,0,101,0.75,9000,0,4,<=20
12315,4,Blue One M,3000,2,East,Male,25,1,95,0.5,6000,0,4,21-25
12316,5,Blue One M,3000,2,West,Male,26,1,122,0.4,6000,0,3,26-30
12317,5,Blue One M,3000,0,West,Female,22,1,122,0.0,0,1,3,21-25
12318,5,Blue One M,3000,2,North,Female,23,0,123,0.4,6000,0,3,21-25
12319,5,Blue One M,3000,3,East,Male,30,0,120,0.6,9000,0,3,26-30
12320,5,Blue One M,3000,0,Centre,Female,27,1,122,0.0,0,1,3,26-30
12321,5,Blue One M,3000,0,North,Male,21,1,123,0.0,0,1,3,21-25
12322,5,Blue One M,3000,2,Centre,Male,25,0,125,0.4,6000,0,3,21-25
12323,5,Blue One M,3000,3,Adamawa,Male,20,0,124,0.6,9000,0,3,<=20
12324,5,Blue One M,3000,3,Littoral,Female,23,0,121,0.6,9000,0,3,21-25
12325,5,Blue One M,3000,0,South,Female,24,1,125,0.0,0,1,3,21-25
12326,5,Blue One M,3000,2,North West,Female,20,1,114,0.4,6000,0,4,<=20
12327,5,Blue One M,3000,3,North West,Male,28,0,124,0.6,9000,0,3,26-30
12328,5,Blue One M,3000,0,Adamawa,Female,26,1,117,0.0,0,1,4,26-30
12329,4,Blue One M,3000,0,East,Male,31,1,83,0.0,0,1,5,>30
12330,4,Blue One M,3000,2,Far North,Male,24,0,84,0.5,6000,0,5,21-25
12331,4,Blue One M,3000,3,South,Male,24,0,83,0.75,9000,0,5,21-25
12332,4,Blue One M,3000,3,South,Male,24,0,83,0.75,9000,0,5,21-25
12333,4,Blue One M,3000,3,Centre,Female,20,0,87,0.75,9000,0,5,<=20
12334,4,Blue One M,3000,0,North,Male,24,1,78,0.0,0,1,5,21-25
12335,4,Blue One M,3000,3,Centre,Female,20,0,77,0.75,9000,0,5,<=20
12336,4,Blue One M,3000,2,East,Female,22,0,83,0.5,6000,0,5,21-25
12337,4,Blue One M,3000,2,North West,Male,20,0,83,0.5,6000,0,5,<=20
12338,4,Blue One M,3000,3,West,Male,27,0,81,0.75,9000,0,5,26-30
12339,4,Blue One M,3000,3,Centre,Male,26,0,82,0.75,9000,0,5,26-30
12344,4,Blue One M,3000,3,Centre,Female,21,0,104,0.75,9000,0,4,21-25
12345,5,Blue One M,3000,2,South,Female,23,1,107,0.4,6000,0,4,21-25
12346,4,Blue One M,3000,0,Adamawa,Female,23,1,98,0.0,0,1,4,21-25
12347,4,Blue One M,3000,2,North,Male,23,0,94,0.5,6000,0,4,21-25
12348,4,Blue One M,3000,3,East,Female,23,0,90,0.75,9000,0,4,21-25
12349,4,Blue One M,3000,2,North West,Male,24,0,91,0.5,6000,0,4,21-25
12350,4,Blue One M,3000,2,Centre,Female,23,0,80,0.5,6000,0,5,21-25
12351,4,Blue One M,3000,3,North,Male,25,0,91,0.75,9000,0,4,21-25
12352,4,Blue One M,3000,2,North West,Female,25,0,83,0.5,6000,0,5,21-25
12353,4,Blue One M,3000,2,North West,Female,18,1,91,0.5,6000,0,4,<=20
12354,4,Blue One M,3000,2,South West,Female,22,0,79,0.5,6000,0,5,21-25
12355,5,Blue One M,3000,0,South,Female,24,1,116,0.0,0,1,4,21-25
12356,4,Blue One M,3000,2,South West,Male,24,0,80,0.5,6000,0,5,21-25
12357,5,Blue One M,3000,0,South West,Female,19,1,112,0.0,0,1,4,<=20
12358,5,Blue One M,3000,0,Far North,Male,21,1,115,0.0,0,1,4,21-25
12359,5,Blue One M,3000,0,North,Female,21,1,117,0.0,0,1,4,21-25
12360,5,Blue One M,3000,2,North,Male,21,0,117,0.4,6000,0,4,21-25
12361,5,Blue One M,3000,2,Littoral,Male,24,1,112,0.4,6000,0,4,21-25
12362,5,Blue One M,3000,3,North West,Female,26,0,112,0.6,9000,0,4,26-30
12363,5,Blue One M,3000,0,Littoral,Female,22,1,112,0.0,0,1,4,21-25
12364,5,Blue One M,3000,3,Littoral,Female,29,0,117,0.6,9000,0,4,26-30
12365,5,Blue One M,3000,0,South West,Male,25,1,107,0.0,0,1,4,21-25
12366,5,Blue One M,3000,3,North,Male,23,0,116,0.6,9000,0,4,21-25
12367,5,Blue One M,3000,0,South,Male,19,1,110,0.0,0,1,4,<=20
12368,5,Blue One M,3000,0,South West,Male,23,1,111,0.0,0,1,4,21-25
12369,5,Blue One M,3000,2,West,Female,24,0,112,0.4,6000,0,4,21-25
12370,5,Blue One M,3000,3,Adamawa,Female,28,0,116,0.6,9000,0,4,26-30
12371,5,Blue One M,3000,0,Centre,Female,30,1,115,0.0,0,1,4,26-30
12372,5,Blue One M,3000,0,Adamawa,Male,17,1,110,0.0,0,1,4,<=20
12373,5,Blue One M,3000,0,South West,Male,22,1,116,0.0,0,1,4,21-25
12374,5,Blue One M,3000,2,South West,Male,21,0,116,0.4,6000,0,4,21-25
12375,5,Blue One M,3000,0,North,Male,22,1,115,0.0,0,1,4,21-25
12376,5,Blue One M,3000,3,South,Female,24,0,111,0.6,9000,0,4,21-25
12377,5,Blue One M,3000,2,South West,Female,20,1,115,0.4,6000,0,4,<=20
12378,5,Blue One M,3000,3,Adamawa,Female,24,0,114,0.6,9000,0,4,21-25
12379,5,Blue One M,3000,2,Littoral,Male,31,1,115,0.4,6000,0,4,>30
12380,5,Blue One M,3000,0,South,Female,24,1,108,0.0,0,1,4,21-25
12381,5,Blue One M,3000,0,North,Male,28,1,116,0.0,0,1,4,26-30
12382,5,Blue One M,3000,2,North,Male,20,1,117,0.4,6000,0,4,<=20
12383,5,Blue One M,3000,0,North West,Male,24,1,117,0.0,0,1,4,21-25
12384,5,Blue One M,3000,2,West,Male,21,1,116,0.4,6000,0,4,21-25
12385,5,Blue One M,3000,2,West,Female,28,0,115,0.4,6000,0,4,26-30
12386,5,Blue One M,3000,3,Adamawa,Female,25,0,115,0.6,9000,0,4,21-25
12387,5,Blue One M,3000,0,West,Male,21,1,113,0.0,0,1,4,21-25
12388,5,Blue One M,3000,3,West,Female,25,0,113,0.6,9000,0,4,21-25
12389,5,Blue One M,3000,2,West,Male,24,0,112,0.4,6000,0,4,21-25
12390,5,Blue One M,3000,2,North West,Male,23,0,109,0.4,6000,0,4,21-25
12391,4,Blue One M,3000,2,South West,Female,26,0,97,0.5,6000,0,4,26-30
12392,5,Blue One M,3000,2,West,Female,24,0,106,0.4,6000,0,4,21-25
12393,5,Blue One M,3000,0,Adamawa,Male,27,1,110,0.0,0,1,4,26-30
12394,4,Blue One M,3000,3,South,Female,25,0,93,0.75,9000,0,4,21-25
12395,5,Blue One M,3000,2,Littoral,Female,23,0,105,0.4,6000,0,4,21-25
12396,4,Blue One M,3000,3,North West,Male,26,0,104,0.75,9000,0,4,26-30
12397,4,Blue One M,3000,2,West,Female,23,0,98,0.5,6000,0,4,21-25
12398,5,Blue One M,3000,3,East,Male,27,0,106,0.6,9000,0,4,26-30
12399,5,Blue One M,3000,2,Far North,Male,22,1,111,0.4,6000,0,4,21-25
12400,5,Blue One M,3000,2,North West,Male,28,0,115,0.4,6000,0,4,26-30
12401,4,Blue One M,3000,2,North,Male,26,0,88,0.5,6000,0,5,26-30
12402,5,Blue One M,3000,2,Centre,Male,26,0,109,0.4,6000,0,4,26-30
12403,5,Blue One M,3000,2,West,Female,19,1,108,0.4,6000,0,4,<=20
12404,5,Blue One M,3000,3,West,Female,25,0,112,0.6,9000,0,4,21-25
12405,5,Blue One M,3000,2,East,Male,23,0,112,0.4,6000,0,4,21-25
12406,5,Blue One M,3000,3,North,Male,29,0,109,0.6,9000,0,4,26-30
12407,4,Blue One M,3000,2,South West,Female,28,1,98,0.5,6000,0,4,26-30
12408,4,Blue One M,3000,3,North,Male,28,0,99,0.75,9000,0,4,26-30
12409,4,Blue One M,3000,0,North West,Male,19,1,83,0.0,0,1,5,<=20
12410,4,Blue One M,3000,3,North West,Male,25,0,93,0.75,9000,0,4,21-25
12411,4,Blue One M,3000,0,North West,Female,26,1,95,0.0,0,1,4,26-30
12413,4,Blue One M,3000,3,Littoral,Male,23,0,87,0.75,9000,0,5,21-25
12414,4,Blue One M,3000,2,East,Male,25,0,84,0.5,6000,0,5,21-25
12416,7,Blue One L,5000,2,North West,Male,21,0,180,0.2857142857142857,10000,0,1,21-25
12420,4,Blue One M,3000,3,Adamawa,Female,22,0,77,0.75,9000,0,5,21-25
12421,6,Blue One M,3000,3,Far North,Male,32,0,161,0.5,9000,0,2,>30
12422,8,Blue One L,5000,2,Far North,Female,32,1,201,0.25,10000,0,1,>30
12423,7,Blue One L,5000,3,Centre,Female,24,0,181,0.42857142857142855,15000,0,1,21-25
12424,4,Blue One M,3000,3,Far North,Male,23,0,86,0.75,9000,0,5,21-25
12425,7,Blue One L,5000,2,Centre,Male,28,0,172,0.2857142857142857,10000,0,2,26-30
12427,5,Blue One M,3000,2,North,Male,24,0,111,0.4,6000,0,4,21-25
12428,8,Blue One L,5000,0,Adamawa,Female,28,1,199,0.0,0,1,1,26-30
12429,8,Blue One L,5000,2,East,Male,30,1,203,0.25,10000,0,1,26-30
12430,6,Blue One M,3000,3,Littoral,Male,25,0,161,0.5,9000,0,2,21-25
12431,8,Blue One L,5000,3,South West,Male,26,0,207,0.375,15000,0,1,26-30
12432,8,Blue One L,5000,0,Adamawa,Male,23,1,199,0.0,0,1,1,21-25
12434,7,Blue One L,5000,2,Far North,Male,24,0,182,0.2857142857142857,10000,0,1,21-25
12435,6,Blue One M,3000,3,North,Male,26,0,161,0.5,9000,0,2,26-30
12436,5,Blue One M,3000,3,West,Female,24,0,115,0.6,9000,0,4,21-25
12437,5,Blue One M,3000,0,Littoral,Female,25,1,129,0.0,0,1,3,21-25
12438,8,Blue One L,5000,0,North West,Male,29,1,202,0.0,0,1,1,26-30
12440,7,Blue One L,5000,2,South,Male,31,0,194,0.2857142857142857,10000,0,1,>30
12441,4,Blue One M,3000,0,Adamawa,Male,28,1,103,0.0,0,1,4,26-30
12442,7,Blue One L,5000,2,Centre,Male,26,1,179,0.2857142857142857,10000,0,1,26-30
12443,5,Blue One M,3000,3,East,Female,25,0,112,0.6,9000,0,4,21-25
12444,8,Blue One L,5000,2,East,Female,23,1,204,0.25,10000,0,1,21-25
12445,5,Blue One M,3000,2,South,Female,25,1,132,0.4,6000,0,3,21-25
12446,7,Blue One L,5000,3,South West,Male,29,0,190,0.42857142857142855,15000,0,1,26-30
12447,7,Blue One L,5000,2,South West,Female,26,0,185,0.2857142857142857,10000,0,1,26-30
12448,7,Blue One L,5000,2,North West,Female,24,1,187,0.2857142857142857,10000,0,1,21-25
12449,6,Blue One M,3000,2,Far North,Male,29,0,145,0.3333333333333333,6000,0,3,26-30
12450,6,Blue One M,3000,2,North,Male,26,1,146,0.3333333333333333,6000,0,3,26-30
12451,7,Blue One L,5000,0,North West,Male,27,1,180,0.0,0,1,1,26-30
12452,7,Blue One L,5000,0,Littoral,Male,24,1,175,0.0,0,1,2,21-25
12453,6,Blue One M,3000,2,North,Male,23,1,161,0.3333333333333333,6000,0,2,21-25
12454,7,Blue One L,5000,2,Adamawa,Male,24,1,175,0.2857142857142857,10000,0,2,21-25
12455,6,Blue One M,3000,3,North,Male,26,0,161,0.5,9000,0,2,26-30
12456,6,Blue One M,3000,3,West,Female,23,0,151,0.5,9000,0,2,21-25
12457,7,Blue One L,5000,2,Adamawa,Male,24,1,178,0.2857142857142857,10000,0,1,21-25
12458,7,Blue One L,5000,3,North West,Male,26,0,185,0.42857142857142855,15000,0,1,26-30
12459,6,Blue One M,3000,2,North,Male,24,0,153,0.3333333333333333,6000,0,2,21-25
12460,7,Blue One L,5000,2,East,Male,28,1,179,0.2857142857142857,10000,0,1,26-30
12461,7,Blue One L,5000,3,Adamawa,Male,27,0,165,0.42857142857142855,15000,0,2,26-30
12462,7,Blue One L,5000,2,Centre,Female,26,0,172,0.2857142857142857,10000,0,2,26-30
12463,6,Blue One M,3000,2,Adamawa,Male,26,1,137,0.3333333333333333,6000,0,3,26-30
12464,8,Blue One L,5000,2,South,Male,33,1,199,0.25,10000,0,1,>30
12465,6,Blue One M,3000,2,North West,Female,27,1,144,0.3333333333333333,6000,0,3,26-30
12466,6,Blue One M,3000,0,Littoral,Female,25,1,146,0.0,0,1,3,21-25
12467,5,Blue One M,3000,3,Far North,Male,22,0,106,0.6,9000,0,4,21-25
12468,7,Blue One L,5000,2,North,Male,22,1,178,0.2857142857142857,10000,0,1,21-25
12469,6,Blue One M,3000,2,Centre,Male,26,1,142,0.3333333333333333,6000,0,3,26-30
12470,8,Blue One L,5000,2,Littoral,Male,28,0,207,0.25,10000,0,1,26-30
12471,7,Blue One L,5000,2,West,Female,26,1,165,0.2857142857142857,10000,0,2,26-30
12472,8,Blue One L,5000,2,North West,Male,28,1,205,0.25,10000,0,1,26-30
12473,7,Blue One L,5000,3,South West,Male,24,0,174,0.42857142857142855,15000,0,2,21-25
12474,8,Blue One L,5000,2,North,Male,26,0,203,0.25,10000,0,1,26-30
12475,7,Blue One L,5000,3,Centre,Female,20,0,191,0.42857142857142855,15000,0,1,<=20
12476,8,Blue One L,5000,2,Centre,Female,30,1,198,0.25,10000,0,1,26-30
12477,8,Blue One L,5000,2,North,Male,24,1,203,0.25,10000,0,1,21-25
12478,8,Blue One L,5000,2,South,Male,22,0,205,0.25,10000,0,1,21-25
12479,8,Blue One L,5000,3,Centre,Female,27,0,197,0.375,15000,0,1,26-30
12480,8,Blue One L,5000,2,West,Male,29,1,205,0.25,10000,0,1,26-30
12481,8,Blue One L,5000,0,Littoral,Female,24,1,203,0.0,0,1,1,21-25
12482,8,Blue One L,5000,0,Far North,Female,24,1,206,0.0,0,1,1,21-25
12483,8,Blue One L,5000,2,North West,Male,29,1,195,0.25,10000,0,1,26-30
12484,8,Blue One L,5000,0,Centre,Female,28,1,201,0.0,0,1,1,26-30
12485,8,Blue One L,5000,2,South West,Male,25,1,195,0.25,10000,0,1,21-25
12486,8,Blue One L,5000,3,North,Female,22,0,203,0.375,15000,0,1,21-25
12487,7,Blue One L,5000,0,West,Female,29,1,188,0.0,0,1,1,26-30
12488,6,Blue One M,3000,0,Adamawa,Female,27,1,141,0.0,0,1,3,26-30
12489,6,Blue One M,3000,2,North,Male,27,1,146,0.3333333333333333,6000,0,3,26-30
12490,8,Blue One L,5000,3,North,Male,27,0,202,0.375,15000,0,1,26-30
12492,7,Blue One L,5000,2,South West,Female,25,1,192,0.2857142857142857,10000,0,1,21-25
12493,7,Blue One L,5000,2,South,Female,31,0,189,0.2857142857142857,10000,0,1,>30
12494,6,Blue One M,3000,2,Adamawa,Male,29,0,144,0.3333333333333333,6000,0,3,26-30
12495,4,Blue One M,3000,2,South West,Female,21,0,76,0.5,6000,0,5,21-25
12496,4,Blue One M,3000,3,South,Female,23,0,96,0.75,9000,0,4,21-25
12497,5,Blue One M,3000,2,Centre,Female,25,0,122,0.4,6000,0,3,21-25
12498,7,Blue One L,5000,0,West,Male,27,1,178,0.0,0,1,1,26-30
12499,7,Blue One L,5000,2,North West,Male,29,1,174,0.2857142857142857,10000,0,2,26-30
12500,7,Blue One L,5000,2,East,Female,25,0,179,0.2857142857142857,10000,0,1,21-25
12501,6,Blue One M,3000,0,Adamawa,Female,18,1,156,0.0,0,1,2,<=20
12503,5,Blue One M,3000,0,Littoral,Male,25,1,126,0.0,0,1,3,21-25
12504,8,Blue One L,5000,0,West,Female,30,1,203,0.0,0,1,1,26-30
12506,8,Blue One L,5000,0,Adamawa,Male,27,1,199,0.0,0,1,1,26-30
12507,7,Blue One L,5000,2,North,Male,24,0,181,0.2857142857142857,10000,0,1,21-25
12508,7,Blue One L,5000,2,West,Male,25,0,168,0.2857142857142857,10000,0,2,21-25
12509,7,Blue One L,5000,2,Adamawa,Male,24,1,175,0.2857142857142857,10000,0,2,21-25
12510,6,Blue One M,3000,2,Littoral,Female,26,0,159,0.3333333333333333,6000,0,2,26-30
12511,6,Blue One M,3000,2,West,Male,22,0,161,0.3333333333333333,6000,0,2,21-25
12512,8,Blue One L,5000,2,South West,Female,28,1,198,0.25,10000,0,1,26-30
12513,8,Blue One L,5000,2,West,Female,27,1,207,0.25,10000,0,1,26-30
12514,8,Blue One L,5000,2,Littoral,Female,23,1,199,0.25,10000,0,1,21-25
12515,7,Blue One L,5000,2,Littoral,Male,32,1,178,0.2857142857142857,10000,0,1,>30
12516,8,Blue One L,5000,2,Adamawa,Male,29,0,201,0.25,10000,0,1,26-30
12517,8,Blue One L,5000,2,North West,Male,29,0,203,0.25,10000,0,1,26-30
12518,8,Blue One L,5000,0,South,Female,27,1,199,0.0,0,1,1,26-30
12519,7,Blue One L,5000,0,Adamawa,Male,22,1,189,0.0,0,1,1,21-25
12520,7,Blue One L,5000,3,Littoral,Female,22,0,180,0.42857142857142855,15000,0,1,21-25
12521,4,Blue One M,3000,3,North,Male,20,0,97,0.75,9000,0,4,<=20
12522,5,Blue One M,3000,3,Far North,Male,30,0,106,0.6,9000,0,4,26-30
12523,5,Blue One M,3000,2,West,Male,24,1,113,0.4,6000,0,4,21-25
12524,6,Blue One M,3000,2,Far North,Female,29,0,139,0.3333333333333333,6000,0,3,26-30
12525,6,Blue One M,3000,0,North,Male,26,1,150,0.0,0,1,2,26-30
12526,6,Blue One M,3000,3,South West,Female,24,0,139,0.5,9000,0,3,21-25
12527,4,Blue One M,3000,2,Centre,Male,22,0,84,0.5,6000,0,5,21-25
12528,6,Blue One M,3000,3,Far North,Female,28,0,143,0.5,9000,0,3,26-30
12529,7,Blue One L,5000,2,Littoral,Male,33,0,182,0.2857142857142857,10000,0,1,>30
12530,7,Blue One L,5000,2,Littoral,Male,23,1,173,0.2857142857142857,10000,0,2,21-25
12531,6,Blue One M,3000,2,South West,Male,30,1,161,0.3333333333333333,6000,0,2,26-30
12534,7,Blue One L,5000,0,West,Male,26,1,193,0.0,0,1,1,26-30
12535,7,Blue One L,5000,3,East,Female,28,0,192,0.42857142857142855,15000,0,1,26-30
12536,8,Blue One L,5000,2,Centre,Female,27,0,201,0.25,10000,0,1,26-30
12537,7,Blue One L,5000,3,Adamawa,Male,21,0,182,0.42857142857142855,15000,0,1,21-25
12538,6,Blue One M,3000,3,North,Male,25,0,156,0.5,9000,0,2,21-25
12539,7,Blue One L,5000,3,Far North,Male,25,0,178,0.42857142857142855,15000,0,1,21-25
12540,7,Blue One L,5000,3,Far North,Female,28,0,178,0.42857142857142855,15000,0,1,26-30
12541,7,Blue One L,5000,3,Littoral,Male,32,0,179,0.42857142857142855,15000,0,1,>30
12542,7,Blue One L,5000,2,West,Female,25,0,165,0.2857142857142857,10000,0,2,21-25
12543,7,Blue One L,5000,2,North,Male,23,1,193,0.2857142857142857,10000,0,1,21-25
12544,5,Blue One M,3000,0,Far North,Male,25,1,126,0.0,0,1,3,21-25
12545,7,Blue One L,5000,2,North,Male,29,1,182,0.2857142857142857,10000,0,1,26-30
12546,7,Blue One L,5000,3,West,Female,28,0,179,0.42857142857142855,15000,0,1,26-30
12547,7,Blue One L,5000,2,Far North,Male,29,0,182,0.2857142857142857,10000,0,1,26-30
12548,7,Blue One L,5000,3,South West,Male,29,0,167,0.42857142857142855,15000,0,2,26-30
12549,7,Blue One L,5000,3,South,Male,25,0,187,0.42857142857142855,15000,0,1,21-25
12550,7,Blue One L,5000,2,Littoral,Male,32,1,189,0.2857142857142857,10000,0,1,>30
12551,6,Blue One M,3000,3,South,Female,24,0,147,0.5,9000,0,3,21-25
12552,4,Blue One M,3000,2,Far North,Female,28,1,75,0.5,6000,0,5,26-30
12553,4,Blue One M,3000,2,Far North,Male,21,0,75,0.5,6000,0,5,21-25
12554,6,Blue One M,3000,3,North West,Female,27,0,160,0.5,9000,0,2,26-30
12555,7,Blue One L,5000,2,West,Male,22,0,172,0.2857142857142857,10000,0,2,21-25
12556,7,Blue One L,5000,3,North,Male,26,0,178,0.42857142857142855,15000,0,1,26-30
12557,8,Blue One L,5000,2,Far North,Male,24,0,197,0.25,10000,0,1,21-25
12558,7,Blue One L,5000,3,East,Male,25,0,194,0.42857142857142855,15000,0,1,21-25
12560,7,Blue One L,5000,0,North West,Male,25,1,180,0.0,0,1,1,21-25
12561,8,Blue One L,5000,2,North West,Female,33,0,201,0.25,10000,0,1,>30
12562,8,Blue One L,5000,0,West,Female,31,1,201,0.0,0,1,1,>30
12563,8,Blue One L,5000,2,Adamawa,Female,24,1,205,0.25,10000,0,1,21-25
12564,8,Blue One L,5000,2,North,Male,22,0,209,0.25,10000,0,1,21-25
12565,5,Blue One M,3000,2,Littoral,Male,26,1,111,0.4,6000,0,4,26-30
12566,5,Blue One M,3000,2,East,Male,19,0,123,0.4,6000,0,3,<=20
12567,5,Blue One M,3000,0,West,Male,29,1,116,0.0,0,1,4,26-30
12568,6,Blue One M,3000,0,East,Female,27,1,139,0.0,0,1,3,26-30
12569,7,Blue One L,5000,0,Centre,Female,27,1,181,0.0,0,1,1,26-30
12570,8,Blue One L,5000,3,Centre,Female,32,0,201,0.375,15000,0,1,>30
12571,8,Blue One L,5000,0,Adamawa,Male,31,1,203,0.0,0,1,1,>30
12572,8,Blue One L,5000,0,South West,Female,28,1,203,0.0,0,1,1,26-30
12573,8,Blue One L,5000,2,Adamawa,Female,25,0,202,0.25,10000,0,1,21-25
12574,7,Blue One L,5000,2,West,Female,32,1,191,0.2857142857142857,10000,0,1,>30
12575,8,Blue One L,5000,2,Littoral,Male,28,1,198,0.25,10000,0,1,26-30
12576,8,Blue One L,5000,3,East,Male,27,0,198,0.375,15000,0,1,26-30
12577,8,Blue One L,5000,2,South West,Male,25,1,198,0.25,10000,0,1,21-25
12578,7,Blue One L,5000,0,South,Female,30,1,194,0.0,0,1,1,26-30
12579,8,Blue One L,5000,0,West,Male,26,1,200,0.0,0,1,1,26-30
12580,6,Blue One M,3000,2,North West,Male,28,1,156,0.3333333333333333,6000,0,2,26-30
12581,8,Blue One L,5000,2,Adamawa,Male,30,0,207,0.25,10000,0,1,26-30
12582,5,Blue One M,3000,2,Adamawa,Male,25,0,111,0.4,6000,0,4,21-25
12583,8,Blue One L,5000,0,Centre,Male,29,1,208,0.0,0,1,1,26-30
12584,8,Blue One L,5000,0,North West,Male,26,1,203,0.0,0,1,1,26-30
12585,8,Blue One L,5000,0,North,Male,29,1,205,0.0,0,1,1,26-30
12586,8,Blue One L,5000,2,Adamawa,Male,24,1,205,0.25,10000,0,1,21-25
12587,8,Blue One L,5000,0,West,Male,28,1,196,0.0,0,1,1,26-30
12588,8,Blue One L,5000,3,West,Male,26,0,203,0.375,15000,0,1,26-30
12589,7,Blue One L,5000,2,Far North,Male,24,1,193,0.2857142857142857,10000,0,1,21-25
12590,8,Blue One L,5000,3,South West,Male,25,0,195,0.375,15000,0,1,21-25
12591,8,Blue One L,5000,2,South West,Female,21,1,203,0.25,10000,0,1,21-25
12592,8,Blue One L,5000,2,Adamawa,Female,28,0,203,0.25,10000,0,1,26-30
12593,8,Blue One L,5000,2,Adamawa,Female,24,1,202,0.25,10000,0,1,21-25
12594,8,Blue One L,5000,2,Adamawa,Male,29,1,202,0.25,10000,0,1,26-30
12595,7,Blue One L,5000,0,Adamawa,Female,31,1,191,0.0,0,1,1,>30
12596,8,Blue One L,5000,0,Centre,Male,25,1,197,0.0,0,1,1,21-25
12597,8,Blue One L,5000,3,Centre,Male,27,0,196,0.375,15000,0,1,26-30
12598,8,Blue One L,5000,2,Centre,Male,27,1,199,0.25,10000,0,1,26-30
12599,8,Blue One L,5000,0,Littoral,Female,25,1,195,0.0,0,1,1,21-25
12600,7,Blue One L,5000,0,Far North,Male,29,1,164,0.0,0,1,2,26-30
12601,8,Blue One L,5000,0,Far North,Male,25,1,199,0.0,0,1,1,21-25
12602,7,Blue One L,5000,2,South,Female,28,1,189,0.2857142857142857,10000,0,1,26-30
12603,7,Blue One L,5000,0,South,Male,27,1,188,0.0,0,1,1,26-30
12604,7,Blue One L,5000,2,North,Male,29,1,187,0.2857142857142857,10000,0,1,26-30
12605,6,Blue One M,3000,2,Far North,Male,22,1,163,0.3333333333333333,6000,0,2,21-25
12606,6,Blue One M,3000,3,Littoral,Female,25,0,156,0.5,9000,0,2,21-25
12607,6,Blue One M,3000,2,West,Female,24,1,147,0.3333333333333333,6000,0,3,21-25
12608,6,Blue One M,3000,3,East,Male,26,0,144,0.5,9000,0,3,26-30
12609,6,Blue One M,3000,2,North,Female,25,0,147,0.3333333333333333,6000,0,3,21-25
12610,6,Blue One M,3000,2,Littoral,Female,31,1,150,0.3333333333333333,6000,0,2,>30
12611,6,Blue One M,3000,2,North,Male,25,1,142,0.3333333333333333,6000,0,3,21-25
12612,6,Blue One M,3000,3,South,Male,25,0,147,0.5,9000,0,3,21-25
12613,6,Blue One M,3000,0,East,Female,26,1,136,0.0,0,1,3,26-30
12614,6,Blue One M,3000,2,South,Male,31,0,147,0.3333333333333333,6000,0,3,>30
12615,6,Blue One M,3000,0,Far North,Female,31,1,145,0.0,0,1,3,>30
12616,5,Blue One M,3000,3,Far North,Male,27,0,118,0.6,9000,0,4,26-30
12617,6,Blue One M,3000,3,South,Female,30,0,144,0.5,9000,0,3,26-30
12618,6,Blue One M,3000,0,South,Female,29,1,150,0.0,0,1,2,26-30
12619,6,Blue One M,3000,3,Far North,Male,25,0,149,0.5,9000,0,3,21-25
12620,5,Blue One M,3000,0,Centre,Male,24,1,116,0.0,0,1,4,21-25
12621,5,Blue One M,3000,3,West,Male,24,0,110,0.6,9000,0,4,21-25
12622,5,Blue One M,3000,0,Adamawa,Female,27,1,115,0.0,0,1,4,26-30
12623,5,Blue One M,3000,2,East,Female,23,0,116,0.4,6000,0,4,21-25
12624,5,Blue One M,3000,2,Adamawa,Female,29,1,118,0.4,6000,0,4,26-30
12625,5,Blue One M,3000,2,Adamawa,Female,25,1,116,0.4,6000,0,4,21-25
12626,5,Blue One M,3000,2,East,Female,23,1,126,0.4,6000,0,3,21-25
12627,5,Blue One M,3000,3,Centre,Female,25,0,124,0.6,9000,0,3,21-25
12628,5,Blue One M,3000,0,East,Female,26,1,130,0.0,0,1,3,26-30
12629,5,Blue One M,3000,2,Littoral,Female,25,0,130,0.4,6000,0,3,21-25
12630,5,Blue One M,3000,2,Centre,Male,23,0,122,0.4,6000,0,3,21-25
12631,6,Blue One M,3000,2,Centre,Male,24,1,139,0.3333333333333333,6000,0,3,21-25
12632,6,Blue One M,3000,3,West,Female,30,0,138,0.5,9000,0,3,26-30
12633,5,Blue One M,3000,2,South,Male,23,1,130,0.4,6000,0,3,21-25
12634,6,Blue One M,3000,3,West,Female,25,0,143,0.5,9000,0,3,21-25
12635,4,Blue One M,3000,2,Far North,Male,23,1,97,0.5,6000,0,4,21-25
12636,6,Blue One M,3000,2,North West,Male,21,0,142,0.3333333333333333,6000,0,3,21-25
12637,6,Blue One M,3000,3,Littoral,Female,22,0,144,0.5,9000,0,3,21-25
12638,6,Blue One M,3000,0,Adamawa,Female,25,1,160,0.0,0,1,2,21-25
12639,7,Blue One L,5000,2,Adamawa,Male,27,0,190,0.2857142857142857,10000,0,1,26-30
12640,7,Blue One L,5000,2,South,Female,25,1,182,0.2857142857142857,10000,0,1,21-25
12641,7,Blue One L,5000,3,North,Male,24,0,185,0.42857142857142855,15000,0,1,21-25
12642,7,Blue One L,5000,2,South,Male,29,0,183,0.2857142857142857,10000,0,1,26-30
12643,7,Blue One L,5000,2,West,Male,19,0,166,0.2857142857142857,10000,0,2,<=20
12644,7,Blue One L,5000,2,Adamawa,Male,25,1,179,0.2857142857142857,10000,0,1,21-25
12645,7,Blue One L,5000,2,South,Female,27,1,187,0.2857142857142857,10000,0,1,26-30
12646,6,Blue One M,3000,2,South,Male,25,1,161,0.3333333333333333,6000,0,2,21-25
12647,7,Blue One L,5000,3,Littoral,Female,26,0,182,0.42857142857142855,15000,0,1,26-30
12648,7,Blue One L,5000,2,West,Male,28,1,184,0.2857142857142857,10000,0,1,26-30
12649,7,Blue One L,5000,2,Littoral,Female,28,1,180,0.2857142857142857,10000,0,1,26-30
12650,7,Blue One L,5000,2,West,Female,23,1,172,0.2857142857142857,10000,0,2,21-25
12651,6,Blue One M,3000,3,North,Male,26,0,161,0.5,9000,0,2,26-30
12652,7,Blue One L,5000,2,West,Female,24,1,171,0.2857142857142857,10000,0,2,21-25
12653,7,Blue One L,5000,3,West,Female,25,0,175,0.42857142857142855,15000,0,2,21-25
12654,7,Blue One L,5000,2,North West,Female,29,1,174,0.2857142857142857,10000,0,2,26-30
12655,7,Blue One L,5000,0,South West,Male,31,1,179,0.0,0,1,1,>30
12656,5,Blue One M,3000,0,East,Female,20,1,110,0.0,0,1,4,<=20
12657,5,Blue One M,3000,0,Far North,Male,28,1,126,0.0,0,1,3,26-30
12658,4,Blue One M,3000,2,South,Female,20,0,77,0.5,6000,0,5,<=20
12659,6,Blue One M,3000,3,East,Female,28,0,151,0.5,9000,0,2,26-30
12660,7,Blue One L,5000,3,Littoral,Female,27,0,179,0.42857142857142855,15000,0,1,26-30
12661,6,Blue One M,3000,2,North West,Female,28,1,160,0.3333333333333333,6000,0,2,26-30
12662,7,Blue One L,5000,2,South,Female,29,0,165,0.2857142857142857,10000,0,2,26-30
12663,6,Blue One M,3000,2,North West,Male,26,0,161,0.3333333333333333,6000,0,2,26-30
12664,5,Blue One M,3000,2,Adamawa,Female,20,1,124,0.4,6000,0,3,<=20
12665,7,Blue One L,5000,0,East,Female,21,1,166,0.0,0,1,2,21-25
12666,4,Blue One M,3000,0,South,Male,23,1,101,0.0,0,1,4,21-25
12667,6,Blue One M,3000,2,Centre,Male,25,0,156,0.3333333333333333,6000,0,2,21-25
12668,6,Blue One M,3000,2,West,Male,25,1,164,0.3333333333333333,6000,0,2,21-25
12669,7,Blue One L,5000,2,Littoral,Female,29,0,171,0.2857142857142857,10000,0,2,26-30
12670,7,Blue One L,5000,0,Centre,Female,25,1,165,0.0,0,1,2,21-25
12671,6,Blue One M,3000,0,East,Female,26,1,161,0.0,0,1,2,26-30
12672,7,Blue One L,5000,0,Far North,Male,26,1,166,0.0,0,1,2,26-30
12673,7,Blue One L,5000,2,Far North,Male,24,1,168,0.2857142857142857,10000,0,2,21-25
12675,7,Blue One L,5000,2,North West,Male,27,0,171,0.2857142857142857,10000,0,2,26-30
12676,8,Blue One L,5000,3,North,Female,28,0,196,0.375,15000,0,1,26-30
12677,7,Blue One L,5000,2,West,Male,24,0,181,0.2857142857142857,10000,0,1,21-25
12678,8,Blue One L,5000,2,South West,Male,33,1,198,0.25,10000,0,1,>30
12679,5,Blue One M,3000,2,East,Female,26,0,130,0.4,6000,0,3,26-30
12680,8,Blue One L,5000,0,South,Female,30,1,198,0.0,0,1,1,26-30
12681,7,Blue One L,5000,2,North,Female,30,1,188,0.2857142857142857,10000,0,1,26-30
12682,7,Blue One L,5000,2,Adamawa,Female,22,1,192,0.2857142857142857,10000,0,1,21-25
12683,8,Blue One L,5000,0,North West,Female,30,1,195,0.0,0,1,1,26-30
12684,6,Blue One M,3000,2,North West,Male,26,0,146,0.3333333333333333,6000,0,3,26-30
12685,7,Blue One L,5000,0,North,Male,23,1,171,0.0,0,1,2,21-25
12686,6,Blue One M,3000,2,Adamawa,Male,25,1,153,0.3333333333333333,6000,0,2,21-25
12687,7,Blue One L,5000,0,North,Male,28,1,177,0.0,0,1,2,26-30
12688,7,Blue One L,5000,3,West,Male,27,0,178,0.42857142857142855,15000,0,1,26-30
12689,6,Blue One M,3000,2,North,Male,22,0,137,0.3333333333333333,6000,0,3,21-25
12690,7,Blue One L,5000,0,North West,Male,23,1,166,0.0,0,1,2,21-25
12691,6,Blue One M,3000,3,North West,Male,24,0,150,0.5,9000,0,2,21-25
12692,6,Blue One M,3000,2,Far North,Male,28,0,150,0.3333333333333333,6000,0,2,26-30
12693,7,Blue One L,5000,2,East,Male,23,0,175,0.2857142857142857,10000,0,2,21-25
12694,7,Blue One L,5000,2,Adamawa,Male,27,0,187,0.2857142857142857,10000,0,1,26-30
12695,7,Blue One L,5000,2,South,Female,24,0,186,0.2857142857142857,10000,0,1,21-25
12696,7,Blue One L,5000,0,Far North,Female,21,1,189,0.0,0,1,1,21-25
12697,7,Blue One L,5000,2,Centre,Female,27,1,180,0.2857142857142857,10000,0,1,26-30
12698,7,Blue One L,5000,3,Centre,Male,19,0,187,0.42857142857142855,15000,0,1,<=20
12699,7,Blue One L,5000,2,South West,Male,32,0,189,0.2857142857142857,10000,0,1,>30
12700,6,Blue One M,3000,3,Far North,Female,24,0,162,0.5,9000,0,2,21-25
12701,7,Blue One L,5000,0,Far North,Male,27,1,174,0.0,0,1,2,26-30
12702,7,Blue One L,5000,3,North,Female,26,0,185,0.42857142857142855,15000,0,1,26-30
12703,7,Blue One L,5000,0,South West,Male,25,1,185,0.0,0,1,1,21-25
12704,5,Blue One M,3000,3,Far North,Male,23,0,111,0.6,9000,0,4,21-25
12705,3,Blue One S,2000,2,South,Male,27,0,61,0.6666666666666666,4000,0,5,26-30
12706,4,Blue One M,3000,3,Adamawa,Male,27,0,82,0.75,9000,0,5,26-30
12707,5,Blue One M,3000,2,North West,Female,28,1,122,0.4,6000,0,3,26-30
12708,5,Blue One M,3000,2,East,Male,23,0,111,0.4,6000,0,4,21-25
12709,5,Blue One M,3000,2,East,Male,29,0,108,0.4,6000,0,4,26-30
12710,5,Blue One M,3000,2,South,Male,26,0,118,0.4,6000,0,4,26-30
12711,5,Blue One M,3000,3,North West,Female,19,0,116,0.6,9000,0,4,<=20
12712,5,Blue One M,3000,2,Littoral,Male,25,0,115,0.4,6000,0,4,21-25
12713,5,Blue One M,3000,2,South,Male,26,1,114,0.4,6000,0,4,26-30
12714,5,Blue One M,3000,3,Littoral,Male,23,0,111,0.6,9000,0,4,21-25
12715,6,Blue One M,3000,2,Adamawa,Female,25,1,161,0.3333333333333333,6000,0,2,21-25
12716,6,Blue One M,3000,3,East,Male,28,0,160,0.5,9000,0,2,26-30
12717,6,Blue One M,3000,2,East,Female,26,0,137,0.3333333333333333,6000,0,3,26-30
12718,6,Blue One M,3000,0,Littoral,Male,24,1,160,0.0,0,1,2,21-25
12719,6,Blue One M,3000,2,Centre,Male,21,0,151,0.3333333333333333,6000,0,2,21-25
12720,6,Blue One M,3000,2,North West,Male,27,1,158,0.3333333333333333,6000,0,2,26-30
12721,6,Blue One M,3000,3,South,Male,25,0,158,0.5,9000,0,2,21-25
12722,6,Blue One M,3000,2,South West,Male,25,1,154,0.3333333333333333,6000,0,2,21-25
12723,6,Blue One M,3000,3,Centre,Female,22,0,154,0.5,9000,0,2,21-25
12724,6,Blue One M,3000,2,East,Female,29,0,140,0.3333333333333333,6000,0,3,26-30
12725,6,Blue One M,3000,2,South West,Male,25,1,153,0.3333333333333333,6000,0,2,21-25
12726,5,Blue One M,3000,2,Centre,Female,26,1,133,0.4,6000,0,3,26-30
12727,7,Blue One L,5000,2,South,Male,26,0,179,0.2857142857142857,10000,0,1,26-30
12728,7,Blue One L,5000,0,Adamawa,Male,29,1,171,0.0,0,1,2,26-30
12729,5,Blue One M,3000,3,Far North,Male,25,0,126,0.6,9000,0,3,21-25
12730,7,Blue One L,5000,0,North West,Male,24,1,179,0.0,0,1,1,21-25
12731,7,Blue One L,5000,0,North,Male,26,1,180,0.0,0,1,1,26-30
12732,7,Blue One L,5000,0,North,Female,30,1,175,0.0,0,1,2,26-30
12733,7,Blue One L,5000,0,North,Male,27,1,175,0.0,0,1,2,26-30
12734,7,Blue One L,5000,3,South,Female,22,0,175,0.42857142857142855,15000,0,2,21-25
12735,7,Blue One L,5000,2,South,Male,29,0,173,0.2857142857142857,10000,0,2,26-30
12736,7,Blue One L,5000,2,South,Male,26,1,170,0.2857142857142857,10000,0,2,26-30
12737,6,Blue One M,3000,2,Far North,Female,26,0,136,0.3333333333333333,6000,0,3,26-30
12738,6,Blue One M,3000,3,West,Female,24,0,137,0.5,9000,0,3,21-25
12739,5,Blue One M,3000,2,East,Male,20,0,134,0.4,6000,0,3,<=20
12740,5,Blue One M,3000,3,Littoral,Male,27,0,129,0.6,9000,0,3,26-30
12741,5,Blue One M,3000,2,East,Male,29,1,127,0.4,6000,0,3,26-30
12742,5,Blue One M,3000,0,West,Female,25,1,129,0.0,0,1,3,21-25
12743,5,Blue One M,3000,2,North,Female,17,0,132,0.4,6000,0,3,<=20
12744,6,Blue One M,3000,2,South,Male,24,1,135,0.3333333333333333,6000,0,3,21-25
12745,5,Blue One M,3000,0,West,Female,25,1,134,0.0,0,1,3,21-25
12746,5,Blue One M,3000,2,North West,Female,21,0,117,0.4,6000,0,4,21-25
12747,4,Blue One M,3000,3,South,Male,24,0,95,0.75,9000,0,4,21-25
12748,5,Blue One M,3000,0,East,Female,20,1,118,0.0,0,1,4,<=20
12749,5,Blue One M,3000,2,South West,Female,24,0,119,0.4,6000,0,4,21-25
12750,6,Blue One M,3000,3,South West,Female,24,0,157,0.5,9000,0,2,21-25
12751,6,Blue One M,3000,0,Centre,Female,26,1,153,0.0,0,1,2,26-30
12752,6,Blue One M,3000,2,North,Male,25,1,159,0.3333333333333333,6000,0,2,21-25
12753,6,Blue One M,3000,2,North West,Female,19,1,135,0.3333333333333333,6000,0,3,<=20
12754,6,Blue One M,3000,2,Far North,Male,21,0,135,0.3333333333333333,6000,0,3,21-25
12755,6,Blue One M,3000,0,West,Male,27,1,150,0.0,0,1,2,26-30
12756,6,Blue One M,3000,2,South,Female,22,1,150,0.3333333333333333,6000,0,2,21-25
12757,6,Blue One M,3000,2,North West,Male,27,0,143,0.3333333333333333,6000,0,3,26-30
12758,6,Blue One M,3000,2,Centre,Female,26,0,143,0.3333333333333333,6000,0,3,26-30
12759,6,Blue One M,3000,3,East,Female,27,0,135,0.5,9000,0,3,26-30
12760,6,Blue One M,3000,3,Littoral,Male,29,0,136,0.5,9000,0,3,26-30
12761,6,Blue One M,3000,3,West,Female,21,0,146,0.5,9000,0,3,21-25
12762,5,Blue One M,3000,3,Littoral,Female,28,0,125,0.6,9000,0,3,26-30
12766,6,Blue One M,3000,3,West,Male,22,0,152,0.5,9000,0,2,21-25
12767,4,Blue One M,3000,2,Centre,Female,22,1,94,0.5,6000,0,4,21-25
12769,6,Blue One M,3000,2,South,Female,21,1,160,0.3333333333333333,6000,0,2,21-25
12770,6,Blue One M,3000,0,South,Female,21,1,161,0.0,0,1,2,21-25
12771,6,Blue One M,3000,2,South West,Female,26,0,158,0.3333333333333333,6000,0,2,26-30
12772,6,Blue One M,3000,0,North West,Female,27,1,157,0.0,0,1,2,26-30
12773,6,Blue One M,3000,2,Far North,Male,24,0,153,0.3333333333333333,6000,0,2,21-25
12774,6,Blue One M,3000,2,North West,Male,29,1,152,0.3333333333333333,6000,0,2,26-30
12775,6,Blue One M,3000,2,West,Male,27,1,143,0.3333333333333333,6000,0,3,26-30
12776,5,Blue One M,3000,2,North West,Female,20,0,108,0.4,6000,0,4,<=20
12777,7,Blue One L,5000,0,Far North,Female,26,1,176,0.0,0,1,2,26-30
12778,7,Blue One L,5000,2,South West,Male,24,1,165,0.2857142857142857,10000,0,2,21-25
12779,6,Blue One M,3000,3,West,Male,27,0,145,0.5,9000,0,3,26-30
12780,7,Blue One L,5000,0,South West,Male,22,1,169,0.0,0,1,2,21-25
12781,7,Blue One L,5000,2,Far North,Female,27,0,169,0.2857142857142857,10000,0,2,26-30
12782,7,Blue One L,5000,2,East,Female,33,1,180,0.2857142857142857,10000,0,1,>30
12783,7,Blue One L,5000,2,Littoral,Female,23,1,175,0.2857142857142857,10000,0,2,21-25
12784,7,Blue One L,5000,0,Centre,Female,29,1,184,0.0,0,1,1,26-30
12785,7,Blue One L,5000,2,Littoral,Male,33,0,184,0.2857142857142857,10000,0,1,>30
12786,7,Blue One L,5000,2,Far North,Female,23,0,182,0.2857142857142857,10000,0,1,21-25
12787,7,Blue One L,5000,0,Adamawa,Male,24,1,180,0.0,0,1,1,21-25
12788,7,Blue One L,5000,2,Centre,Female,24,0,181,0.2857142857142857,10000,0,1,21-25
12789,6,Blue One M,3000,2,South,Female,26,0,157,0.3333333333333333,6000,0,2,26-30
12790,6,Blue One M,3000,2,Littoral,Female,21,0,157,0.3333333333333333,6000,0,2,21-25
12791,7,Blue One L,5000,0,Centre,Male,30,1,182,0.0,0,1,1,26-30
12792,5,Blue One M,3000,2,Far North,Male,24,1,131,0.4,6000,0,3,21-25
12793,7,Blue One L,5000,0,North,Female,28,1,183,0.0,0,1,1,26-30
12794,7,Blue One L,5000,2,South West,Male,24,1,184,0.2857142857142857,10000,0,1,21-25
12795,7,Blue One L,5000,2,Far North,Male,29,1,183,0.2857142857142857,10000,0,1,26-30
12796,7,Blue One L,5000,2,Littoral,Male,25,1,175,0.2857142857142857,10000,0,2,21-25
12797,7,Blue One L,5000,2,Centre,Male,31,1,167,0.2857142857142857,10000,0,2,>30
12798,7,Blue One L,5000,2,West,Female,26,0,181,0.2857142857142857,10000,0,1,26-30
12799,7,Blue One L,5000,0,East,Male,26,1,182,0.0,0,1,1,26-30
12800,7,Blue One L,5000,0,South West,Male,24,1,181,0.0,0,1,1,21-25
12801,7,Blue One L,5000,2,South,Male,33,1,179,0.2857142857142857,10000,0,1,>30
12802,7,Blue One L,5000,3,Littoral,Female,17,0,179,0.42857142857142855,15000,0,1,<=20
12803,7,Blue One L,5000,2,South,Female,28,0,178,0.2857142857142857,10000,0,1,26-30
12804,7,Blue One L,5000,2,North,Male,28,1,179,0.2857142857142857,10000,0,1,26-30
12805,7,Blue One L,5000,2,Far North,Male,30,1,178,0.2857142857142857,10000,0,1,26-30
12806,7,Blue One L,5000,2,West,Male,26,0,166,0.2857142857142857,10000,0,2,26-30
12807,7,Blue One L,5000,0,North West,Female,24,1,180,0.0,0,1,1,21-25
12808,7,Blue One L,5000,2,Adamawa,Female,26,1,178,0.2857142857142857,10000,0,1,26-30
12809,7,Blue One L,5000,2,East,Male,24,1,180,0.2857142857142857,10000,0,1,21-25
12810,6,Blue One M,3000,2,Adamawa,Male,25,0,146,0.3333333333333333,6000,0,3,21-25
12811,7,Blue One L,5000,0,East,Female,21,1,178,0.0,0,1,1,21-25
12812,7,Blue One L,5000,2,Littoral,Male,29,0,167,0.2857142857142857,10000,0,2,26-30
12813,6,Blue One M,3000,3,East,Female,23,0,138,0.5,9000,0,3,21-25
12814,7,Blue One L,5000,0,Adamawa,Male,27,1,174,0.0,0,1,2,26-30
12815,7,Blue One L,5000,3,Far North,Male,33,0,171,0.42857142857142855,15000,0,2,>30
12816,7,Blue One L,5000,3,Centre,Male,24,0,166,0.42857142857142855,15000,0,2,21-25
12817,6,Blue One M,3000,2,South West,Female,24,0,163,0.3333333333333333,6000,0,2,21-25
12818,7,Blue One L,5000,2,East,Male,32,0,171,0.2857142857142857,10000,0,2,>30
12819,7,Blue One L,5000,0,East,Female,21,1,172,0.0,0,1,2,21-25
12820,7,Blue One L,5000,2,Adamawa,Male,26,0,172,0.2857142857142857,10000,0,2,26-30
12821,7,Blue One L,5000,3,North West,Male,30,0,171,0.42857142857142855,15000,0,2,26-30
12822,7,Blue One L,5000,2,Centre,Male,22,0,166,0.2857142857142857,10000,0,2,21-25
12823,7,Blue One L,5000,3,Littoral,Male,25,0,168,0.42857142857142855,15000,0,2,21-25
12824,7,Blue One L,5000,0,North West,Female,27,1,167,0.0,0,1,2,26-30
12825,7,Blue One L,5000,2,North West,Female,30,1,165,0.2857142857142857,10000,0,2,26-30
12826,6,Blue One M,3000,2,Littoral,Female,26,0,164,0.3333333333333333,6000,0,2,26-30
12827,7,Blue One L,5000,0,West,Female,27,1,169,0.0,0,1,2,26-30
12828,7,Blue One L,5000,0,South,Female,19,1,169,0.0,0,1,2,<=20
12829,7,Blue One L,5000,2,Centre,Female,29,0,173,0.2857142857142857,10000,0,2,26-30
12830,7,Blue One L,5000,3,Centre,Female,26,0,173,0.42857142857142855,15000,0,2,26-30
12831,7,Blue One L,5000,2,South,Male,27,1,171,0.2857142857142857,10000,0,2,26-30
12832,7,Blue One L,5000,2,South West,Male,26,1,171,0.2857142857142857,10000,0,2,26-30
12833,7,Blue One L,5000,0,Adamawa,Male,27,1,171,0.0,0,1,2,26-30
12834,7,Blue One L,5000,0,West,Female,26,1,171,0.0,0,1,2,26-30
12835,7,Blue One L,5000,3,West,Female,24,0,168,0.42857142857142855,15000,0,2,21-25
12836,6,Blue One M,3000,2,South,Male,25,0,159,0.3333333333333333,6000,0,2,21-25
12837,5,Blue One M,3000,2,Adamawa,Male,28,0,116,0.4,6000,0,4,26-30
12838,7,Blue One L,5000,2,Centre,Female,25,1,168,0.2857142857142857,10000,0,2,21-25
12839,6,Blue One M,3000,2,South,Male,24,1,154,0.3333333333333333,6000,0,2,21-25
12840,6,Blue One M,3000,0,North West,Female,26,1,152,0.0,0,1,2,26-30
12841,7,Blue One L,5000,3,Centre,Female,26,0,170,0.42857142857142855,15000,0,2,26-30
12842,7,Blue One L,5000,2,South West,Female,26,1,166,0.2857142857142857,10000,0,2,26-30
12843,6,Blue One M,3000,2,Centre,Male,29,1,161,0.3333333333333333,6000,0,2,26-30
12844,6,Blue One M,3000,3,Littoral,Female,26,0,161,0.5,9000,0,2,26-30
12845,7,Blue One L,5000,2,South West,Male,24,0,173,0.2857142857142857,10000,0,2,21-25
12846,7,Blue One L,5000,0,Adamawa,Male,23,1,169,0.0,0,1,2,21-25
12847,7,Blue One L,5000,2,Littoral,Male,25,1,172,0.2857142857142857,10000,0,2,21-25
12848,7,Blue One L,5000,2,South,Female,26,1,172,0.2857142857142857,10000,0,2,26-30
12849,4,Blue One M,3000,0,East,Male,30,1,75,0.0,0,1,5,26-30
12850,7,Blue One L,5000,2,Littoral,Female,30,0,172,0.2857142857142857,10000,0,2,26-30
12851,7,Blue One L,5000,3,Littoral,Female,24,0,172,0.42857142857142855,15000,0,2,21-25
12852,6,Blue One M,3000,0,Far North,Female,29,1,157,0.0,0,1,2,26-30
12853,6,Blue One M,3000,3,South West,Male,22,0,160,0.5,9000,0,2,21-25
12854,6,Blue One M,3000,0,South,Male,29,1,144,0.0,0,1,3,26-30
12855,6,Blue One M,3000,2,South West,Female,31,1,162,0.3333333333333333,6000,0,2,>30
12856,6,Blue One M,3000,2,South West,Female,26,0,164,0.3333333333333333,6000,0,2,26-30
12857,6,Blue One M,3000,2,South West,Female,31,0,159,0.3333333333333333,6000,0,2,>30
12858,6,Blue One M,3000,0,South,Female,27,1,160,0.0,0,1,2,26-30
12859,6,Blue One M,3000,0,South,Male,23,1,164,0.0,0,1,2,21-25
12860,6,Blue One M,3000,2,West,Male,21,1,160,0.3333333333333333,6000,0,2,21-25
12861,6,Blue One M,3000,0,Centre,Female,24,1,160,0.0,0,1,2,21-25
12863,6,Blue One M,3000,2,East,Male,22,0,160,0.3333333333333333,6000,0,2,21-25
12864,7,Blue One L,5000,0,Centre,Male,25,1,165,0.0,0,1,2,21-25
12865,7,Blue One L,5000,0,North,Male,23,1,164,0.0,0,1,2,21-25
12866,6,Blue One M,3000,2,North West,Female,24,0,161,0.3333333333333333,6000,0,2,21-25
12868,7,Blue One L,5000,0,South West,Female,27,1,167,0.0,0,1,2,26-30
12869,6,Blue One M,3000,0,Centre,Female,30,1,160,0.0,0,1,2,26-30
12870,6,Blue One M,3000,3,North West,Male,26,0,150,0.5,9000,0,2,26-30
12871,6,Blue One M,3000,2,Centre,Female,26,0,163,0.3333333333333333,6000,0,2,26-30
12872,6,Blue One M,3000,2,West,Female,26,0,162,0.3333333333333333,6000,0,2,26-30
12873,7,Blue One L,5000,2,Far North,Male,25,1,166,0.2857142857142857,10000,0,2,21-25
12874,6,Blue One M,3000,2,South,Male,23,0,163,0.3333333333333333,6000,0,2,21-25
12875,6,Blue One M,3000,0,Far North,Male,26,1,161,0.0,0,1,2,26-30
12876,7,Blue One L,5000,2,North West,Male,33,0,172,0.2857142857142857,10000,0,2,>30
12877,7,Blue One L,5000,3,East,Female,24,0,170,0.42857142857142855,15000,0,2,21-25
12878,6,Blue One M,3000,3,Centre,Female,24,0,162,0.5,9000,0,2,21-25
12879,7,Blue One L,5000,0,Littoral,Female,27,1,171,0.0,0,1,2,26-30
12880,7,Blue One L,5000,0,Littoral,Male,23,1,171,0.0,0,1,2,21-25
12881,6,Blue One M,3000,2,West,Female,27,1,161,0.3333333333333333,6000,0,2,26-30
12882,6,Blue One M,3000,3,North,Male,20,0,155,0.5,9000,0,2,<=20
12883,5,Blue One M,3000,0,South West,Male,24,1,133,0.0,0,1,3,21-25
12884,7,Blue One L,5000,3,Littoral,Female,27,0,180,0.42857142857142855,15000,0,1,26-30
12885,7,Blue One L,5000,2,South West,Male,29,1,182,0.2857142857142857,10000,0,1,26-30
12886,7,Blue One L,5000,2,North West,Female,28,1,178,0.2857142857142857,10000,0,1,26-30
12887,7,Blue One L,5000,2,Adamawa,Male,26,1,180,0.2857142857142857,10000,0,1,26-30
12888,4,Blue One M,3000,2,South West,Female,21,1,89,0.5,6000,0,4,21-25
12889,7,Blue One L,5000,2,Centre,Female,27,0,179,0.2857142857142857,10000,0,1,26-30
12890,7,Blue One L,5000,2,Adamawa,Female,29,1,176,0.2857142857142857,10000,0,2,26-30
12891,7,Blue One L,5000,3,South West,Male,24,0,179,0.42857142857142855,15000,0,1,21-25
12892,4,Blue One M,3000,2,North West,Male,22,0,99,0.5,6000,0,4,21-25
12893,6,Blue One M,3000,2,Adamawa,Male,27,1,155,0.3333333333333333,6000,0,2,26-30
12894,7,Blue One L,5000,2,South,Female,28,1,177,0.2857142857142857,10000,0,2,26-30
12895,7,Blue One L,5000,2,North,Female,25,1,177,0.2857142857142857,10000,0,2,21-25
12896,7,Blue One L,5000,0,West,Male,21,1,172,0.0,0,1,2,21-25
12897,7,Blue One L,5000,2,Far North,Male,27,1,172,0.2857142857142857,10000,0,2,26-30
12898,7,Blue One L,5000,3,Far North,Male,25,0,172,0.42857142857142855,15000,0,2,21-25
12899,7,Blue One L,5000,2,West,Male,21,1,171,0.2857142857142857,10000,0,2,21-25
12900,7,Blue One L,5000,0,South,Female,32,1,171,0.0,0,1,2,>30
12901,7,Blue One L,5000,2,South West,Female,25,1,169,0.2857142857142857,10000,0,2,21-25
12902,7,Blue One L,5000,2,Littoral,Male,18,0,170,0.2857142857142857,10000,0,2,<=20
12903,7,Blue One L,5000,3,West,Male,25,0,170,0.42857142857142855,15000,0,2,21-25
12904,7,Blue One L,5000,2,East,Male,22,1,173,0.2857142857142857,10000,0,2,21-25
12905,7,Blue One L,5000,2,Adamawa,Male,26,0,173,0.2857142857142857,10000,0,2,26-30
12906,7,Blue One L,5000,0,Littoral,Female,22,1,174,0.0,0,1,2,21-25
12907,7,Blue One L,5000,0,Centre,Male,27,1,175,0.0,0,1,2,26-30
12908,7,Blue One L,5000,3,Centre,Male,30,0,173,0.42857142857142855,15000,0,2,26-30
12909,7,Blue One L,5000,3,West,Male,23,0,175,0.42857142857142855,15000,0,2,21-25
12910,7,Blue One L,5000,0,Centre,Male,22,1,173,0.0,0,1,2,21-25
12911,7,Blue One L,5000,0,West,Male,28,1,175,0.0,0,1,2,26-30
12912,6,Blue One M,3000,2,Far North,Male,23,0,160,0.3333333333333333,6000,0,2,21-25
12913,6,Blue One M,3000,3,East,Female,23,0,160,0.5,9000,0,2,21-25
12914,6,Blue One M,3000,3,South West,Male,30,0,151,0.5,9000,0,2,26-30
12915,7,Blue One L,5000,3,North,Male,31,0,165,0.42857142857142855,15000,0,2,>30
12916,7,Blue One L,5000,0,South West,Female,22,1,169,0.0,0,1,2,21-25
12917,7,Blue One L,5000,0,Adamawa,Male,29,1,173,0.0,0,1,2,26-30
12918,6,Blue One M,3000,2,North West,Female,22,0,147,0.3333333333333333,6000,0,3,21-25
12919,7,Blue One L,5000,0,South West,Male,25,1,182,0.0,0,1,1,21-25
12920,5,Blue One M,3000,3,West,Female,29,0,133,0.6,9000,0,3,26-30
12921,7,Blue One L,5000,3,Far North,Male,32,0,176,0.42857142857142855,15000,0,2,>30
12922,6,Blue One M,3000,3,Far North,Male,29,0,157,0.5,9000,0,2,26-30
12923,7,Blue One L,5000,2,East,Male,25,0,177,0.2857142857142857,10000,0,2,21-25
12924,6,Blue One M,3000,3,Far North,Male,25,0,161,0.5,9000,0,2,21-25
12925,7,Blue One L,5000,3,Centre,Female,24,0,165,0.42857142857142855,15000,0,2,21-25
12926,7,Blue One L,5000,3,Adamawa,Male,26,0,188,0.42857142857142855,15000,0,1,26-30
12927,7,Blue One L,5000,2,Adamawa,Male,30,0,188,0.2857142857142857,10000,0,1,26-30
12928,7,Blue One L,5000,0,South West,Female,26,1,179,0.0,0,1,1,26-30
12929,7,Blue One L,5000,3,East,Female,31,0,185,0.42857142857142855,15000,0,1,>30
12930,7,Blue One L,5000,2,South West,Female,30,1,182,0.2857142857142857,10000,0,1,26-30
12931,6,Blue One M,3000,0,South West,Male,29,1,144,0.0,0,1,3,26-30
12932,7,Blue One L,5000,0,South,Female,23,1,181,0.0,0,1,1,21-25
12933,7,Blue One L,5000,3,Littoral,Male,25,0,173,0.42857142857142855,15000,0,2,21-25
12934,7,Blue One L,5000,2,Littoral,Female,28,1,170,0.2857142857142857,10000,0,2,26-30
12935,6,Blue One M,3000,2,North,Male,26,0,149,0.3333333333333333,6000,0,3,26-30
12936,6,Blue One M,3000,2,Littoral,Female,23,1,161,0.3333333333333333,6000,0,2,21-25
12937,6,Blue One M,3000,3,North West,Female,21,0,155,0.5,9000,0,2,21-25
12938,5,Blue One M,3000,0,Adamawa,Female,24,1,133,0.0,0,1,3,21-25
12939,7,Blue One L,5000,2,North West,Female,27,1,181,0.2857142857142857,10000,0,1,26-30
12940,7,Blue One L,5000,2,North West,Female,27,1,180,0.2857142857142857,10000,0,1,26-30
12941,7,Blue One L,5000,0,Littoral,Female,25,1,182,0.0,0,1,1,21-25
12942,7,Blue One L,5000,3,Far North,Male,23,0,185,0.42857142857142855,15000,0,1,21-25
12943,5,Blue One M,3000,2,North,Male,29,0,109,0.4,6000,0,4,26-30
12944,7,Blue One L,5000,2,Far North,Male,32,1,175,0.2857142857142857,10000,0,2,>30
12945,7,Blue One L,5000,3,South,Female,30,0,178,0.42857142857142855,15000,0,1,26-30
12946,7,Blue One L,5000,2,Littoral,Male,25,0,170,0.2857142857142857,10000,0,2,21-25
12947,7,Blue One L,5000,0,South,Male,28,1,178,0.0,0,1,1,26-30
12948,7,Blue One L,5000,2,Adamawa,Female,25,1,179,0.2857142857142857,10000,0,1,21-25
12949,7,Blue One L,5000,2,Littoral,Female,24,1,178,0.2857142857142857,10000,0,1,21-25
12950,7,Blue One L,5000,0,North West,Male,23,1,166,0.0,0,1,2,21-25
12951,6,Blue One M,3000,3,West,Male,24,0,158,0.5,9000,0,2,21-25
12952,7,Blue One L,5000,0,North,Female,25,1,176,0.0,0,1,2,21-25
12953,7,Blue One L,5000,3,Littoral,Female,30,0,166,0.42857142857142855,15000,0,2,26-30
12954,6,Blue One M,3000,0,Littoral,Female,18,1,152,0.0,0,1,2,<=20
12955,5,Blue One M,3000,2,Far North,Female,25,1,133,0.4,6000,0,3,21-25
12956,6,Blue One M,3000,2,East,Male,25,1,154,0.3333333333333333,6000,0,2,21-25
12957,7,Blue One L,5000,3,Centre,Male,25,0,174,0.42857142857142855,15000,0,2,21-25
12958,7,Blue One L,5000,0,South,Female,26,1,171,0.0,0,1,2,26-30
12959,7,Blue One L,5000,3,East,Male,25,0,176,0.42857142857142855,15000,0,2,21-25
12960,4,Blue One M,3000,2,East,Male,23,0,102,0.5,6000,0,4,21-25
12961,7,Blue One L,5000,2,Far North,Male,17,1,168,0.2857142857142857,10000,0,2,<=20
12962,6,Blue One M,3000,0,South,Male,19,1,161,0.0,0,1,2,<=20
12963,6,Blue One M,3000,2,Centre,Female,29,1,158,0.3333333333333333,6000,0,2,26-30
12964,7,Blue One L,5000,2,North West,Female,28,1,175,0.2857142857142857,10000,0,2,26-30
12965,6,Blue One M,3000,0,Centre,Male,25,1,158,0.0,0,1,2,21-25
12966,4,Blue One M,3000,2,Littoral,Male,26,0,84,0.5,6000,0,5,26-30
12967,6,Blue One M,3000,2,Far North,Male,22,1,160,0.3333333333333333,6000,0,2,21-25
12968,6,Blue One M,3000,0,East,Male,25,1,159,0.0,0,1,2,21-25
12969,7,Blue One L,5000,0,Far North,Male,27,1,186,0.0,0,1,1,26-30
12970,7,Blue One L,5000,0,West,Female,24,1,179,0.0,0,1,1,21-25
12971,7,Blue One L,5000,3,South,Female,32,0,164,0.42857142857142855,15000,0,2,>30
12972,7,Blue One L,5000,2,Adamawa,Male,28,1,180,0.2857142857142857,10000,0,1,26-30
12973,6,Blue One M,3000,2,North West,Female,26,0,161,0.3333333333333333,6000,0,2,26-30
12974,7,Blue One L,5000,2,Littoral,Male,27,1,178,0.2857142857142857,10000,0,1,26-30
12975,7,Blue One L,5000,3,East,Female,31,0,175,0.42857142857142855,15000,0,2,>30
12976,6,Blue One M,3000,3,Far North,Female,25,0,146,0.5,9000,0,3,21-25
12977,7,Blue One L,5000,2,Adamawa,Female,27,1,175,0.2857142857142857,10000,0,2,26-30
12978,7,Blue One L,5000,2,North,Female,24,0,180,0.2857142857142857,10000,0,1,21-25
12979,6,Blue One M,3000,0,North,Male,25,1,138,0.0,0,1,3,21-25
12980,7,Blue One L,5000,2,Adamawa,Male,29,0,164,0.2857142857142857,10000,0,2,26-30
12981,6,Blue One M,3000,2,West,Female,26,1,147,0.3333333333333333,6000,0,3,26-30
12982,6,Blue One M,3000,0,West,Female,24,1,151,0.0,0,1,2,21-25
12983,6,Blue One M,3000,2,Far North,Male,28,1,140,0.3333333333333333,6000,0,3,26-30
12984,6,Blue One M,3000,3,Centre,Male,26,0,143,0.5,9000,0,3,26-30
12985,6,Blue One M,3000,3,Adamawa,Male,24,0,142,0.5,9000,0,3,21-25
12986,5,Blue One M,3000,2,South West,Male,24,1,129,0.4,6000,0,3,21-25
12987,5,Blue One M,3000,2,East,Male,18,1,126,0.4,6000,0,3,<=20
12988,5,Blue One M,3000,2,East,Male,24,1,125,0.4,6000,0,3,21-25
12989,5,Blue One M,3000,2,South West,Male,29,0,110,0.4,6000,0,4,26-30
12990,5,Blue One M,3000,2,North,Male,25,0,105,0.4,6000,0,4,21-25
12991,5,Blue One M,3000,3,North West,Female,29,0,133,0.6,9000,0,3,26-30
12992,6,Blue One M,3000,2,South West,Female,23,0,161,0.3333333333333333,6000,0,2,21-25
12993,5,Blue One M,3000,0,East,Female,24,1,129,0.0,0,1,3,21-25
12994,5,Blue One M,3000,2,North,Male,22,0,133,0.4,6000,0,3,21-25
12995,6,Blue One M,3000,2,East,Female,27,1,146,0.3333333333333333,6000,0,3,26-30
12996,6,Blue One M,3000,0,East,Male,26,1,151,0.0,0,1,2,26-30
12997,6,Blue One M,3000,3,Centre,Male,26,0,161,0.5,9000,0,2,26-30
12998,6,Blue One M,3000,3,South,Male,25,0,156,0.5,9000,0,2,21-25
12999,6,Blue One M,3000,3,South West,Male,25,0,152,0.5,9000,0,2,21-25
13000,6,Blue One M,3000,2,North,Male,23,1,159,0.3333333333333333,6000,0,2,21-25
13001,6,Blue One M,3000,2,West,Female,26,0,161,0.3333333333333333,6000,0,2,26-30
13002,6,Blue One M,3000,2,Littoral,Female,22,1,161,0.3333333333333333,6000,0,2,21-25
13003,6,Blue One M,3000,3,East,Male,25,0,159,0.5,9000,0,2,21-25
13004,6,Blue One M,3000,2,Far North,Male,21,0,154,0.3333333333333333,6000,0,2,21-25
13005,6,Blue One M,3000,2,Far North,Male,26,0,157,0.3333333333333333,6000,0,2,26-30
13006,6,Blue One M,3000,3,West,Female,29,0,154,0.5,9000,0,2,26-30
13007,6,Blue One M,3000,0,Littoral,Female,27,1,151,0.0,0,1,2,26-30
13008,6,Blue One M,3000,0,West,Female,25,1,156,0.0,0,1,2,21-25
13009,6,Blue One M,3000,2,South West,Female,26,1,157,0.3333333333333333,6000,0,2,26-30
13010,6,Blue One M,3000,2,Littoral,Female,21,0,149,0.3333333333333333,6000,0,3,21-25
13011,6,Blue One M,3000,2,Adamawa,Male,31,0,143,0.3333333333333333,6000,0,3,>30
13012,6,Blue One M,3000,0,Adamawa,Female,28,1,150,0.0,0,1,2,26-30
13013,6,Blue One M,3000,2,Adamawa,Female,26,1,140,0.3333333333333333,6000,0,3,26-30
13014,6,Blue One M,3000,2,Littoral,Male,27,0,139,0.3333333333333333,6000,0,3,26-30
13015,6,Blue One M,3000,0,East,Female,24,1,152,0.0,0,1,2,21-25
13016,6,Blue One M,3000,3,West,Male,28,0,145,0.5,9000,0,3,26-30
13017,7,Blue One L,5000,3,Adamawa,Male,28,0,174,0.42857142857142855,15000,0,2,26-30
13018,6,Blue One M,3000,3,Centre,Male,25,0,147,0.5,9000,0,3,21-25
13019,7,Blue One L,5000,2,Adamawa,Male,27,0,165,0.2857142857142857,10000,0,2,26-30
13020,6,Blue One M,3000,2,South,Female,31,0,156,0.3333333333333333,6000,0,2,>30
13021,5,Blue One M,3000,2,West,Male,17,0,109,0.4,6000,0,4,<=20
13022,4,Blue One M,3000,0,East,Male,22,1,80,0.0,0,1,5,21-25
13023,5,Blue One M,3000,2,South,Male,26,1,121,0.4,6000,0,3,26-30
13024,6,Blue One M,3000,2,North,Male,27,0,154,0.3333333333333333,6000,0,2,26-30
13025,6,Blue One M,3000,0,Littoral,Female,23,1,149,0.0,0,1,3,21-25
13026,6,Blue One M,3000,2,South West,Male,29,1,164,0.3333333333333333,6000,0,2,26-30
13027,7,Blue One L,5000,3,South West,Male,18,0,168,0.42857142857142855,15000,0,2,<=20
13028,5,Blue One M,3000,3,North West,Male,29,0,125,0.6,9000,0,3,26-30
13029,5,Blue One M,3000,0,North West,Male,26,1,122,0.0,0,1,3,26-30
13030,6,Blue One M,3000,2,West,Male,27,1,154,0.3333333333333333,6000,0,2,26-30
13031,6,Blue One M,3000,0,Centre,Male,21,1,145,0.0,0,1,3,21-25
13032,6,Blue One M,3000,2,Centre,Male,29,0,147,0.3333333333333333,6000,0,3,26-30
13033,6,Blue One M,3000,2,South,Female,27,1,151,0.3333333333333333,6000,0,2,26-30
13034,6,Blue One M,3000,2,South,Male,25,1,138,0.3333333333333333,6000,0,3,21-25
13035,4,Blue One M,3000,2,North,Male,20,0,95,0.5,6000,0,4,<=20
13036,6,Blue One M,3000,3,North,Male,24,0,154,0.5,9000,0,2,21-25
13037,6,Blue One M,3000,2,South West,Female,24,1,164,0.3333333333333333,6000,0,2,21-25
13038,6,Blue One M,3000,2,West,Male,30,0,154,0.3333333333333333,6000,0,2,26-30
13039,6,Blue One M,3000,2,Adamawa,Male,26,0,139,0.3333333333333333,6000,0,3,26-30
13040,7,Blue One L,5000,2,East,Male,27,1,168,0.2857142857142857,10000,0,2,26-30
13041,6,Blue One M,3000,2,South,Female,23,1,158,0.3333333333333333,6000,0,2,21-25
13042,6,Blue One M,3000,0,South West,Male,28,1,137,0.0,0,1,3,26-30
13043,5,Blue One M,3000,2,West,Male,19,0,118,0.4,6000,0,4,<=20
13045,6,Blue One M,3000,2,Littoral,Female,25,1,149,0.3333333333333333,6000,0,3,21-25
13046,7,Blue One L,5000,2,South West,Female,25,1,167,0.2857142857142857,10000,0,2,21-25
13047,6,Blue One M,3000,0,South West,Male,28,1,161,0.0,0,1,2,26-30
13048,6,Blue One M,3000,2,South,Male,27,1,160,0.3333333333333333,6000,0,2,26-30
13049,6,Blue One M,3000,2,South,Male,25,0,158,0.3333333333333333,6000,0,2,21-25
13050,5,Blue One M,3000,2,West,Female,23,1,119,0.4,6000,0,3,21-25
13051,7,Blue One L,5000,2,Centre,Male,25,0,172,0.2857142857142857,10000,0,2,21-25
13052,4,Blue One M,3000,3,Far North,Male,21,0,89,0.75,9000,0,4,21-25
13053,5,Blue One M,3000,3,West,Male,29,0,110,0.6,9000,0,4,26-30
13054,4,Blue One M,3000,0,South,Female,25,1,96,0.0,0,1,4,21-25
13055,4,Blue One M,3000,2,North,Male,25,0,96,0.5,6000,0,4,21-25
13057,5,Blue One M,3000,0,Adamawa,Female,25,1,126,0.0,0,1,3,21-25
13058,5,Blue One M,3000,0,North West,Male,28,1,118,0.0,0,1,4,26-30
13059,5,Blue One M,3000,3,South West,Male,23,0,127,0.6,9000,0,3,21-25
13060,6,Blue One M,3000,0,West,Male,25,1,138,0.0,0,1,3,21-25
13061,5,Blue One M,3000,0,Littoral,Male,23,1,116,0.0,0,1,4,21-25
13062,4,Blue One M,3000,2,South West,Male,27,1,80,0.5,6000,0,5,26-30
13063,6,Blue One M,3000,0,Adamawa,Female,27,1,144,0.0,0,1,3,26-30
13064,4,Blue One M,3000,2,West,Female,26,1,86,0.5,6000,0,5,26-30
13065,4,Blue One M,3000,2,Littoral,Female,25,1,86,0.5,6000,0,5,21-25
13067,4,Blue One M,3000,2,West,Female,30,0,79,0.5,6000,0,5,26-30
13070,4,Blue One M,3000,3,Centre,Female,22,0,82,0.75,9000,0,5,21-25
13071,4,Blue One M,3000,3,Adamawa,Male,25,0,77,0.75,9000,0,5,21-25
13075,6,Blue One M,3000,2,East,Male,28,1,160,0.3333333333333333,6000,0,2,26-30
13076,6,Blue One M,3000,3,West,Female,26,0,151,0.5,9000,0,2,26-30
13077,5,Blue One M,3000,2,South West,Female,27,1,125,0.4,6000,0,3,26-30
13078,6,Blue One M,3000,0,Far North,Male,28,1,147,0.0,0,1,3,26-30
13079,6,Blue One M,3000,3,Littoral,Female,27,0,136,0.5,9000,0,3,26-30
13080,4,Blue One M,3000,3,North,Male,22,0,76,0.75,9000,0,5,21-25
13081,7,Blue One L,5000,0,West,Female,28,1,182,0.0,0,1,1,26-30
13082,5,Blue One M,3000,0,East,Female,24,1,132,0.0,0,1,3,21-25
13083,6,Blue One M,3000,0,East,Male,28,1,144,0.0,0,1,3,26-30
13084,6,Blue One M,3000,3,South West,Female,22,0,151,0.5,9000,0,2,21-25
13085,6,Blue One M,3000,2,Adamawa,Male,26,0,137,0.3333333333333333,6000,0,3,26-30
13086,5,Blue One M,3000,2,Adamawa,Female,25,1,133,0.4,6000,0,3,21-25
13087,6,Blue One M,3000,0,North,Female,29,1,158,0.0,0,1,2,26-30
13088,6,Blue One M,3000,2,Adamawa,Female,28,1,153,0.3333333333333333,6000,0,2,26-30
13089,7,Blue One L,5000,2,South,Male,30,0,171,0.2857142857142857,10000,0,2,26-30
13090,7,Blue One L,5000,2,East,Female,25,1,172,0.2857142857142857,10000,0,2,21-25
13091,5,Blue One M,3000,3,Adamawa,Female,26,0,108,0.6,9000,0,4,26-30
13092,6,Blue One M,3000,0,Adamawa,Female,25,1,143,0.0,0,1,3,21-25
13093,6,Blue One M,3000,2,East,Male,26,1,144,0.3333333333333333,6000,0,3,26-30
13094,6,Blue One M,3000,2,North West,Female,25,0,139,0.3333333333333333,6000,0,3,21-25
13096,6,Blue One M,3000,3,South,Female,28,0,145,0.5,9000,0,3,26-30
13097,6,Blue One M,3000,3,Adamawa,Male,26,0,144,0.5,9000,0,3,26-30
13098,6,Blue One M,3000,3,North West,Male,22,0,140,0.5,9000,0,3,21-25
13099,6,Blue One M,3000,2,Littoral,Female,21,1,136,0.3333333333333333,6000,0,3,21-25
13100,6,Blue One M,3000,2,South,Female,22,1,144,0.3333333333333333,6000,0,3,21-25
13101,6,Blue One M,3000,3,North,Male,26,0,140,0.5,9000,0,3,26-30
13102,6,Blue One M,3000,0,Adamawa,Male,24,1,143,0.0,0,1,3,21-25
13103,6,Blue One M,3000,0,South West,Male,30,1,140,0.0,0,1,3,26-30
13104,6,Blue One M,3000,0,North West,Male,27,1,139,0.0,0,1,3,26-30
13105,6,Blue One M,3000,2,East,Male,26,1,139,0.3333333333333333,6000,0,3,26-30
13106,6,Blue One M,3000,3,South,Male,28,0,139,0.5,9000,0,3,26-30
13107,6,Blue One M,3000,2,West,Male,27,1,144,0.3333333333333333,6000,0,3,26-30
13108,6,Blue One M,3000,3,South West,Female,26,0,150,0.5,9000,0,2,26-30
13109,6,Blue One M,3000,2,South,Male,20,0,150,0.3333333333333333,6000,0,2,<=20
13110,6,Blue One M,3000,2,South,Female,23,0,150,0.3333333333333333,6000,0,2,21-25
13111,6,Blue One M,3000,3,South West,Male,27,0,147,0.5,9000,0,3,26-30
13112,6,Blue One M,3000,2,West,Female,29,0,144,0.3333333333333333,6000,0,3,26-30
13113,6,Blue One M,3000,3,South,Male,24,0,141,0.5,9000,0,3,21-25
13114,5,Blue One M,3000,3,North West,Female,24,0,133,0.6,9000,0,3,21-25
13115,6,Blue One M,3000,3,South West,Female,26,0,137,0.5,9000,0,3,26-30
13116,6,Blue One M,3000,0,South West,Male,24,1,152,0.0,0,1,2,21-25
13117,6,Blue One M,3000,2,Centre,Female,32,0,151,0.3333333333333333,6000,0,2,>30
13118,6,Blue One M,3000,2,North West,Male,24,1,150,0.3333333333333333,6000,0,2,21-25
13119,6,Blue One M,3000,2,North,Male,21,0,149,0.3333333333333333,6000,0,3,21-25
13120,6,Blue One M,3000,2,South,Female,31,0,147,0.3333333333333333,6000,0,3,>30
13121,6,Blue One M,3000,2,South,Male,29,0,140,0.3333333333333333,6000,0,3,26-30
13122,6,Blue One M,3000,0,West,Female,22,1,145,0.0,0,1,3,21-25
13123,6,Blue One M,3000,3,North,Male,26,0,143,0.5,9000,0,3,26-30
13124,6,Blue One M,3000,2,South West,Male,27,1,147,0.3333333333333333,6000,0,3,26-30
13125,6,Blue One M,3000,3,Littoral,Female,27,0,145,0.5,9000,0,3,26-30
13126,5,Blue One M,3000,3,Far North,Male,22,0,123,0.6,9000,0,3,21-25
13127,6,Blue One M,3000,2,Far North,Male,26,0,146,0.3333333333333333,6000,0,3,26-30
13128,6,Blue One M,3000,2,Littoral,Female,33,1,151,0.3333333333333333,6000,0,2,>30
13129,6,Blue One M,3000,2,North West,Female,25,0,153,0.3333333333333333,6000,0,2,21-25
13130,6,Blue One M,3000,0,Littoral,Male,25,1,147,0.0,0,1,3,21-25
13131,6,Blue One M,3000,3,Littoral,Male,22,0,151,0.5,9000,0,2,21-25
13132,6,Blue One M,3000,2,Centre,Female,30,1,150,0.3333333333333333,6000,0,3,26-30
13133,6,Blue One M,3000,3,South West,Male,28,0,152,0.5,9000,0,2,26-30
13134,6,Blue One M,3000,3,Far North,Male,23,0,150,0.5,9000,0,2,21-25
13135,5,Blue One M,3000,3,South West,Female,22,0,126,0.6,9000,0,3,21-25
13136,5,Blue One M,3000,2,Far North,Male,26,1,125,0.4,6000,0,3,26-30
13137,5,Blue One M,3000,0,Littoral,Female,25,1,121,0.0,0,1,3,21-25
13138,5,Blue One M,3000,2,Far North,Male,26,0,111,0.4,6000,0,4,26-30
13139,5,Blue One M,3000,2,East,Female,23,0,110,0.4,6000,0,4,21-25
13140,4,Blue One M,3000,2,Centre,Female,24,0,103,0.5,6000,0,4,21-25
13141,5,Blue One M,3000,2,Centre,Female,26,0,107,0.4,6000,0,4,26-30
13142,5,Blue One M,3000,0,Littoral,Female,24,1,115,0.0,0,1,4,21-25
13143,5,Blue One M,3000,0,Littoral,Male,28,1,110,0.0,0,1,4,26-30
13144,5,Blue One M,3000,2,North West,Male,25,1,118,0.4,6000,0,4,21-25
13145,5,Blue One M,3000,0,Adamawa,Male,25,1,130,0.0,0,1,3,21-25
13146,5,Blue One M,3000,2,East,Male,27,0,118,0.4,6000,0,4,26-30
13147,5,Blue One M,3000,2,South West,Male,21,1,125,0.4,6000,0,3,21-25
13148,5,Blue One M,3000,0,Littoral,Male,22,1,119,0.0,0,1,4,21-25
13149,5,Blue One M,3000,2,Adamawa,Female,33,0,129,0.4,6000,0,3,>30
13150,5,Blue One M,3000,3,Littoral,Female,23,0,122,0.6,9000,0,3,21-25
13151,5,Blue One M,3000,0,Adamawa,Male,22,1,122,0.0,0,1,3,21-25
13152,5,Blue One M,3000,3,North West,Male,23,0,122,0.6,9000,0,3,21-25
13153,5,Blue One M,3000,0,Far North,Male,20,1,125,0.0,0,1,3,<=20
13154,5,Blue One M,3000,3,Littoral,Male,25,0,123,0.6,9000,0,3,21-25
13156,3,Blue One S,2000,2,Far North,Male,17,0,66,0.6666666666666666,4000,0,5,<=20
13162,5,Blue One M,3000,3,North,Male,21,0,125,0.6,9000,0,3,21-25
13163,5,Blue One M,3000,2,South West,Male,22,0,118,0.4,6000,0,4,21-25
13164,6,Blue One M,3000,2,East,Male,24,0,151,0.3333333333333333,6000,0,2,21-25
13165,6,Blue One M,3000,3,North,Male,25,0,153,0.5,9000,0,2,21-25
13166,5,Blue One M,3000,2,Littoral,Female,27,1,127,0.4,6000,0,3,26-30
13167,6,Blue One M,3000,2,Far North,Male,27,1,140,0.3333333333333333,6000,0,3,26-30
13168,6,Blue One M,3000,0,North West,Female,22,1,147,0.0,0,1,3,21-25
13169,6,Blue One M,3000,3,North,Male,27,0,147,0.5,9000,0,3,26-30
13170,6,Blue One M,3000,2,West,Female,23,0,152,0.3333333333333333,6000,0,2,21-25
13171,6,Blue One M,3000,2,West,Female,19,1,137,0.3333333333333333,6000,0,3,<=20
13172,6,Blue One M,3000,0,Adamawa,Female,28,1,135,0.0,0,1,3,26-30
13173,6,Blue One M,3000,2,Far North,Female,22,0,144,0.3333333333333333,6000,0,3,21-25
13174,5,Blue One M,3000,3,Far North,Male,23,0,118,0.6,9000,0,4,21-25
13175,5,Blue One M,3000,2,Littoral,Female,22,0,124,0.4,6000,0,3,21-25
13177,6,Blue One M,3000,0,East,Male,25,1,160,0.0,0,1,2,21-25
13178,6,Blue One M,3000,2,Far North,Male,27,0,149,0.3333333333333333,6000,0,3,26-30
13179,6,Blue One M,3000,3,East,Female,25,0,159,0.5,9000,0,2,21-25
13180,6,Blue One M,3000,2,South West,Male,22,0,160,0.3333333333333333,6000,0,2,21-25
13181,6,Blue One M,3000,2,East,Male,29,0,144,0.3333333333333333,6000,0,3,26-30
13182,6,Blue One M,3000,0,North,Female,25,1,150,0.0,0,1,2,21-25
13183,6,Blue One M,3000,2,Far North,Male,28,1,159,0.3333333333333333,6000,0,2,26-30
13184,6,Blue One M,3000,0,North West,Male,28,1,161,0.0,0,1,2,26-30
13185,6,Blue One M,3000,2,East,Male,21,0,160,0.3333333333333333,6000,0,2,21-25
13186,6,Blue One M,3000,3,Adamawa,Male,28,0,157,0.5,9000,0,2,26-30
13187,6,Blue One M,3000,2,South West,Female,32,1,155,0.3333333333333333,6000,0,2,>30
13188,6,Blue One M,3000,0,Littoral,Female,25,1,159,0.0,0,1,2,21-25
13189,6,Blue One M,3000,2,West,Male,24,1,159,0.3333333333333333,6000,0,2,21-25
13190,6,Blue One M,3000,3,Far North,Male,25,0,159,0.5,9000,0,2,21-25
13191,6,Blue One M,3000,2,East,Female,20,1,158,0.3333333333333333,6000,0,2,<=20
13192,6,Blue One M,3000,3,East,Male,33,0,158,0.5,9000,0,2,>30
13193,6,Blue One M,3000,0,East,Male,27,1,157,0.0,0,1,2,26-30
13194,6,Blue One M,3000,2,Littoral,Male,28,0,151,0.3333333333333333,6000,0,2,26-30
13195,6,Blue One M,3000,2,East,Female,25,1,150,0.3333333333333333,6000,0,3,21-25
13196,6,Blue One M,3000,2,Adamawa,Female,29,1,159,0.3333333333333333,6000,0,2,26-30
13197,6,Blue One M,3000,2,South,Female,25,1,159,0.3333333333333333,6000,0,2,21-25
13198,6,Blue One M,3000,2,North,Female,24,1,149,0.3333333333333333,6000,0,3,21-25
13199,4,Blue One M,3000,0,North West,Female,30,1,74,0.0,0,1,5,26-30
13200,6,Blue One M,3000,2,West,Female,23,0,146,0.3333333333333333,6000,0,3,21-25
13201,6,Blue One M,3000,2,South,Female,27,0,147,0.3333333333333333,6000,0,3,26-30
13202,6,Blue One M,3000,2,South West,Male,23,1,146,0.3333333333333333,6000,0,3,21-25
13203,6,Blue One M,3000,3,North West,Female,30,0,148,0.5,9000,0,3,26-30
13204,6,Blue One M,3000,0,West,Male,25,1,142,0.0,0,1,3,21-25
13205,4,Blue One M,3000,2,East,Female,26,1,101,0.5,6000,0,4,26-30
13206,6,Blue One M,3000,2,Centre,Female,18,1,144,0.3333333333333333,6000,0,3,<=20
13207,6,Blue One M,3000,2,North,Male,28,1,144,0.3333333333333333,6000,0,3,26-30
13208,6,Blue One M,3000,0,Centre,Male,26,1,144,0.0,0,1,3,26-30
13209,6,Blue One M,3000,3,West,Male,29,0,138,0.5,9000,0,3,26-30
13210,6,Blue One M,3000,3,East,Male,27,0,145,0.5,9000,0,3,26-30
13211,6,Blue One M,3000,0,Littoral,Male,27,1,137,0.0,0,1,3,26-30
13212,5,Blue One M,3000,2,South,Male,24,0,133,0.4,6000,0,3,21-25
13213,5,Blue One M,3000,0,South West,Female,26,1,128,0.0,0,1,3,26-30
13214,6,Blue One M,3000,2,Far North,Male,30,0,139,0.3333333333333333,6000,0,3,26-30
13215,6,Blue One M,3000,2,North West,Male,28,0,136,0.3333333333333333,6000,0,3,26-30
13216,5,Blue One M,3000,0,North West,Male,27,1,133,0.0,0,1,3,26-30
13217,6,Blue One M,3000,3,North,Female,27,0,138,0.5,9000,0,3,26-30
13218,5,Blue One M,3000,0,Adamawa,Male,20,1,133,0.0,0,1,3,<=20
13219,6,Blue One M,3000,2,Far North,Male,29,1,136,0.3333333333333333,6000,0,3,26-30
13220,5,Blue One M,3000,2,Far North,Male,22,1,133,0.4,6000,0,3,21-25
13221,5,Blue One M,3000,0,East,Male,28,1,133,0.0,0,1,3,26-30
13222,5,Blue One M,3000,0,Far North,Male,33,1,131,0.0,0,1,3,>30
13223,5,Blue One M,3000,2,Centre,Female,19,1,126,0.4,6000,0,3,<=20
13224,5,Blue One M,3000,3,South West,Female,26,0,123,0.6,9000,0,3,26-30
13225,5,Blue One M,3000,3,South,Male,27,0,129,0.6,9000,0,3,26-30
13226,5,Blue One M,3000,3,North West,Male,19,0,126,0.6,9000,0,3,<=20
13227,5,Blue One M,3000,2,Far North,Male,29,1,114,0.4,6000,0,4,26-30
13228,5,Blue One M,3000,3,Adamawa,Male,20,0,116,0.6,9000,0,4,<=20
13229,5,Blue One M,3000,2,East,Female,28,0,116,0.4,6000,0,4,26-30
13230,4,Blue One M,3000,2,East,Male,20,0,98,0.5,6000,0,4,<=20
13231,5,Blue One M,3000,3,North West,Female,26,0,124,0.6,9000,0,3,26-30
13232,5,Blue One M,3000,0,Centre,Male,23,1,123,0.0,0,1,3,21-25
13233,5,Blue One M,3000,2,Far North,Female,20,0,117,0.4,6000,0,4,<=20
13234,5,Blue One M,3000,2,South West,Male,23,1,117,0.4,6000,0,4,21-25
13235,5,Blue One M,3000,3,Centre,Female,28,0,123,0.6,9000,0,3,26-30
13236,5,Blue One M,3000,0,South West,Male,22,1,123,0.0,0,1,3,21-25
13237,5,Blue One M,3000,3,East,Male,25,0,122,0.6,9000,0,3,21-25
13238,4,Blue One M,3000,2,West,Male,21,0,81,0.5,6000,0,5,21-25
13239,6,Blue One M,3000,2,North West,Female,24,1,164,0.3333333333333333,6000,0,2,21-25
13240,6,Blue One M,3000,0,Adamawa,Male,26,1,156,0.0,0,1,2,26-30
13241,6,Blue One M,3000,0,Adamawa,Male,26,1,161,0.0,0,1,2,26-30
13242,6,Blue One M,3000,2,Adamawa,Male,26,1,138,0.3333333333333333,6000,0,3,26-30
13243,7,Blue One L,5000,2,Adamawa,Female,29,1,171,0.2857142857142857,10000,0,2,26-30
13244,6,Blue One M,3000,3,Far North,Male,18,0,135,0.5,9000,0,3,<=20
13245,7,Blue One L,5000,2,Far North,Male,27,0,171,0.2857142857142857,10000,0,2,26-30
13246,7,Blue One L,5000,2,South West,Male,28,1,171,0.2857142857142857,10000,0,2,26-30
13247,7,Blue One L,5000,0,North West,Female,30,1,169,0.0,0,1,2,26-30
13248,6,Blue One M,3000,0,South,Female,25,1,159,0.0,0,1,2,21-25
13250,6,Blue One M,3000,3,North,Male,22,0,152,0.5,9000,0,2,21-25
13251,6,Blue One M,3000,2,West,Male,32,1,154,0.3333333333333333,6000,0,2,>30
13252,6,Blue One M,3000,2,Littoral,Male,29,1,151,0.3333333333333333,6000,0,2,26-30
13253,6,Blue One M,3000,3,South,Female,26,0,149,0.5,9000,0,3,26-30
13254,6,Blue One M,3000,3,Centre,Female,24,0,161,0.5,9000,0,2,21-25
13255,6,Blue One M,3000,3,West,Female,28,0,151,0.5,9000,0,2,26-30
13256,6,Blue One M,3000,3,North,Male,27,0,147,0.5,9000,0,3,26-30
13257,6,Blue One M,3000,2,East,Male,31,1,153,0.3333333333333333,6000,0,2,>30
13258,6,Blue One M,3000,2,Far North,Male,25,1,157,0.3333333333333333,6000,0,2,21-25
13259,6,Blue One M,3000,2,East,Female,24,1,154,0.3333333333333333,6000,0,2,21-25
13260,6,Blue One M,3000,0,North West,Female,26,1,147,0.0,0,1,3,26-30
13261,6,Blue One M,3000,2,Far North,Female,25,1,147,0.3333333333333333,6000,0,3,21-25
13262,6,Blue One M,3000,2,Centre,Male,25,0,142,0.3333333333333333,6000,0,3,21-25
13263,4,Blue One M,3000,0,Far North,Male,23,1,89,0.0,0,1,4,21-25
13264,5,Blue One M,3000,2,West,Male,19,1,131,0.4,6000,0,3,<=20
13265,6,Blue One M,3000,2,East,Female,24,1,152,0.3333333333333333,6000,0,2,21-25
13266,6,Blue One M,3000,2,West,Female,26,1,152,0.3333333333333333,6000,0,2,26-30
13267,6,Blue One M,3000,0,South West,Male,29,1,147,0.0,0,1,3,26-30
13268,6,Blue One M,3000,2,East,Male,31,1,136,0.3333333333333333,6000,0,3,>30
13269,4,Blue One M,3000,2,North West,Female,19,0,83,0.5,6000,0,5,<=20
13270,6,Blue One M,3000,2,Far North,Male,27,1,138,0.3333333333333333,6000,0,3,26-30
13271,5,Blue One M,3000,3,Adamawa,Female,20,0,130,0.6,9000,0,3,<=20
13272,6,Blue One M,3000,0,North,Male,27,1,138,0.0,0,1,3,26-30
13273,6,Blue One M,3000,0,South West,Male,19,1,135,0.0,0,1,3,<=20
13274,5,Blue One M,3000,2,Centre,Male,24,1,131,0.4,6000,0,3,21-25
13275,5,Blue One M,3000,3,Centre,Female,29,0,132,0.6,9000,0,3,26-30
13276,6,Blue One M,3000,3,North,Male,26,0,137,0.5,9000,0,3,26-30
13277,6,Blue One M,3000,2,Adamawa,Male,21,1,136,0.3333333333333333,6000,0,3,21-25
13278,5,Blue One M,3000,2,North,Female,20,1,109,0.4,6000,0,4,<=20
13279,4,Blue One M,3000,2,South,Female,22,1,100,0.5,6000,0,4,21-25
13283,4,Blue One M,3000,3,Far North,Female,27,0,98,0.75,9000,0,4,26-30
13284,4,Blue One M,3000,0,South,Female,23,1,91,0.0,0,1,4,21-25
13285,5,Blue One M,3000,2,Littoral,Female,23,0,125,0.4,6000,0,3,21-25
13286,5,Blue One M,3000,2,Centre,Female,25,1,129,0.4,6000,0,3,21-25
13287,5,Blue One M,3000,3,North West,Female,25,0,126,0.6,9000,0,3,21-25
13288,5,Blue One M,3000,3,Far North,Male,26,0,128,0.6,9000,0,3,26-30
13289,5,Blue One M,3000,0,Centre,Male,22,1,127,0.0,0,1,3,21-25
13290,5,Blue One M,3000,0,North West,Female,27,1,126,0.0,0,1,3,26-30
13291,5,Blue One M,3000,2,South West,Male,23,0,119,0.4,6000,0,4,21-25
13292,5,Blue One M,3000,2,South West,Female,28,0,122,0.4,6000,0,3,26-30
13293,5,Blue One M,3000,3,West,Male,26,0,122,0.6,9000,0,3,26-30
13294,5,Blue One M,3000,0,North,Male,24,1,116,0.0,0,1,4,21-25
13295,5,Blue One M,3000,2,Far North,Female,24,0,117,0.4,6000,0,4,21-25
13296,5,Blue One M,3000,2,Adamawa,Male,26,1,118,0.4,6000,0,4,26-30
13297,5,Blue One M,3000,2,East,Male,23,0,115,0.4,6000,0,4,21-25
13298,4,Blue One M,3000,3,Adamawa,Male,21,0,84,0.75,9000,0,5,21-25
13299,5,Blue One M,3000,0,West,Female,22,1,115,0.0,0,1,4,21-25
13300,5,Blue One M,3000,0,West,Female,20,1,126,0.0,0,1,3,<=20
13301,5,Blue One M,3000,0,South,Female,23,1,128,0.0,0,1,3,21-25
13302,5,Blue One M,3000,3,North West,Female,23,0,128,0.6,9000,0,3,21-25
13303,5,Blue One M,3000,2,North West,Female,23,0,131,0.4,6000,0,3,21-25
13304,4,Blue One M,3000,2,West,Male,24,0,87,0.5,6000,0,5,21-25
13305,3,Blue One S,2000,2,South,Male,23,0,61,0.6666666666666666,4000,0,5,21-25
13306,3,Blue One S,2000,1,Far North,Male,23,0,60,0.3333333333333333,2000,0,5,21-25
13308,5,Blue One M,3000,0,West,Male,22,1,112,0.0,0,1,4,21-25
13309,6,Blue One M,3000,2,Far North,Male,27,0,150,0.3333333333333333,6000,0,2,26-30
13310,7,Blue One L,5000,3,North West,Male,30,0,168,0.42857142857142855,15000,0,2,26-30
13311,6,Blue One M,3000,3,North West,Male,23,0,138,0.5,9000,0,3,21-25
13312,6,Blue One M,3000,3,Adamawa,Female,30,0,160,0.5,9000,0,2,26-30
13313,6,Blue One M,3000,2,West,Female,21,0,154,0.3333333333333333,6000,0,2,21-25
13314,6,Blue One M,3000,3,North,Female,24,0,145,0.5,9000,0,3,21-25
13315,5,Blue One M,3000,2,Far North,Female,27,0,132,0.4,6000,0,3,26-30
13316,7,Blue One L,5000,3,North,Male,25,0,173,0.42857142857142855,15000,0,2,21-25
13317,4,Blue One M,3000,3,South,Male,22,0,94,0.75,9000,0,4,21-25
13318,4,Blue One M,3000,2,East,Female,27,1,103,0.5,6000,0,4,26-30
13319,5,Blue One M,3000,3,South West,Male,23,0,106,0.6,9000,0,4,21-25
13322,4,Blue One M,3000,2,Adamawa,Female,22,0,89,0.5,6000,0,4,21-25
13323,4,Blue One M,3000,0,West,Male,27,1,104,0.0,0,1,4,26-30
13324,4,Blue One M,3000,0,North West,Female,21,1,102,0.0,0,1,4,21-25
13325,5,Blue One M,3000,2,West,Female,26,0,109,0.4,6000,0,4,26-30
13326,5,Blue One M,3000,2,Far North,Female,27,0,117,0.4,6000,0,4,26-30
13327,5,Blue One M,3000,0,South,Male,20,1,116,0.0,0,1,4,<=20
13328,5,Blue One M,3000,2,North,Male,28,0,111,0.4,6000,0,4,26-30
13329,5,Blue One M,3000,0,Centre,Male,24,1,112,0.0,0,1,4,21-25
13330,5,Blue One M,3000,2,North,Male,22,0,113,0.4,6000,0,4,21-25
13331,5,Blue One M,3000,3,East,Female,23,0,105,0.6,9000,0,4,21-25
13333,4,Blue One M,3000,2,North,Female,20,1,81,0.5,6000,0,5,<=20
13334,3,Blue One S,2000,2,Littoral,Male,17,0,62,0.6666666666666666,4000,0,5,<=20
13336,5,Blue One M,3000,2,Adamawa,Male,26,1,106,0.4,6000,0,4,26-30
13337,5,Blue One M,3000,2,South,Male,24,0,105,0.4,6000,0,4,21-25
13338,5,Blue One M,3000,2,Adamawa,Male,26,0,109,0.4,6000,0,4,26-30
13339,5,Blue One M,3000,3,Far North,Male,24,0,108,0.6,9000,0,4,21-25
13340,4,Blue One M,3000,2,North,Male,23,0,101,0.5,6000,0,4,21-25
13341,4,Blue One M,3000,2,North,Male,24,0,102,0.5,6000,0,4,21-25
13342,4,Blue One M,3000,2,Centre,Male,22,1,103,0.5,6000,0,4,21-25
13343,4,Blue One M,3000,2,East,Male,23,0,101,0.5,6000,0,4,21-25
13344,5,Blue One M,3000,3,Far North,Male,23,0,105,0.6,9000,0,4,21-25
13345,4,Blue One M,3000,3,North,Male,21,0,91,0.75,9000,0,4,21-25
13346,5,Blue One M,3000,0,Centre,Female,21,1,131,0.0,0,1,3,21-25
13347,4,Blue One M,3000,0,Littoral,Male,21,1,103,0.0,0,1,4,21-25
13348,4,Blue One M,3000,3,Littoral,Male,21,0,78,0.75,9000,0,5,21-25
13349,5,Blue One M,3000,2,North,Male,23,0,128,0.4,6000,0,3,21-25
13350,5,Blue One M,3000,2,Centre,Female,21,1,116,0.4,6000,0,4,21-25
13351,5,Blue One M,3000,0,North West,Male,20,1,133,0.0,0,1,3,<=20
13352,5,Blue One M,3000,2,South West,Female,28,0,121,0.4,6000,0,3,26-30
13353,5,Blue One M,3000,2,Centre,Male,25,1,111,0.4,6000,0,4,21-25
13354,5,Blue One M,3000,2,West,Female,22,1,123,0.4,6000,0,3,21-25
13355,5,Blue One M,3000,2,Centre,Female,23,0,122,0.4,6000,0,3,21-25
13356,5,Blue One M,3000,0,Centre,Male,24,1,108,0.0,0,1,4,21-25
13357,4,Blue One M,3000,3,West,Male,31,0,96,0.75,9000,0,4,>30
13358,4,Blue One M,3000,2,East,Male,22,0,97,0.5,6000,0,4,21-25
13359,4,Blue One M,3000,2,South,Female,22,0,77,0.5,6000,0,5,21-25
13360,4,Blue One M,3000,3,East,Male,21,0,101,0.75,9000,0,4,21-25
13361,4,Blue One M,3000,2,Adamawa,Male,25,0,96,0.5,6000,0,4,21-25
13362,4,Blue One M,3000,2,East,Female,21,0,100,0.5,6000,0,4,21-25
13363,4,Blue One M,3000,2,North West,Male,26,1,94,0.5,6000,0,4,26-30
13364,4,Blue One M,3000,3,Centre,Male,21,0,81,0.75,9000,0,5,21-25
13365,4,Blue One M,3000,2,Far North,Male,21,0,81,0.5,6000,0,5,21-25
13366,4,Blue One M,3000,2,South West,Male,21,0,81,0.5,6000,0,5,21-25
13367,4,Blue One M,3000,3,East,Female,27,0,84,0.75,9000,0,5,26-30
13368,4,Blue One M,3000,2,East,Female,21,1,84,0.5,6000,0,5,21-25
13369,4,Blue One M,3000,0,East,Male,26,1,95,0.0,0,1,4,26-30
13370,4,Blue One M,3000,3,South West,Female,23,0,95,0.75,9000,0,4,21-25
13371,4,Blue One M,3000,3,North,Female,26,0,94,0.75,9000,0,4,26-30
13372,4,Blue One M,3000,2,Adamawa,Male,21,1,97,0.5,6000,0,4,21-25
13373,4,Blue One M,3000,2,South,Female,25,0,81,0.5,6000,0,5,21-25
13374,4,Blue One M,3000,2,West,Female,20,0,77,0.5,6000,0,5,<=20
13375,4,Blue One M,3000,2,South West,Female,23,0,86,0.5,6000,0,5,21-25
13377,4,Blue One M,3000,3,Adamawa,Male,21,0,82,0.75,9000,0,5,21-25
13379,5,Blue One M,3000,3,South West,Male,24,0,110,0.6,9000,0,4,21-25
13383,4,Blue One M,3000,3,North,Female,29,0,74,0.75,9000,0,5,26-30
13394,4,Blue One M,3000,3,Far North,Female,23,0,83,0.75,9000,0,5,21-25
13395,6,Blue One M,3000,2,Far North,Female,24,0,151,0.3333333333333333,6000,0,2,21-25
13396,6,Blue One M,3000,3,Adamawa,Male,25,0,149,0.5,9000,0,3,21-25
13397,6,Blue One M,3000,3,Littoral,Female,21,0,150,0.5,9000,0,2,21-25
13398,5,Blue One M,3000,0,West,Male,27,1,130,0.0,0,1,3,26-30
13399,6,Blue One M,3000,2,South West,Female,23,0,146,0.3333333333333333,6000,0,3,21-25
13400,6,Blue One M,3000,0,South,Female,24,1,147,0.0,0,1,3,21-25
13401,6,Blue One M,3000,0,Centre,Male,17,1,145,0.0,0,1,3,<=20
13402,6,Blue One M,3000,3,Far North,Male,26,0,139,0.5,9000,0,3,26-30
13403,5,Blue One M,3000,3,North West,Female,19,0,132,0.6,9000,0,3,<=20
13404,5,Blue One M,3000,2,West,Male,23,0,133,0.4,6000,0,3,21-25
13405,5,Blue One M,3000,2,Littoral,Female,24,1,134,0.4,6000,0,3,21-25
13406,5,Blue One M,3000,3,Littoral,Female,20,0,134,0.6,9000,0,3,<=20
13407,5,Blue One M,3000,3,Centre,Male,20,0,124,0.6,9000,0,3,<=20
13408,5,Blue One M,3000,2,South West,Male,25,0,126,0.4,6000,0,3,21-25
13409,5,Blue One M,3000,2,West,Male,21,1,117,0.4,6000,0,4,21-25
13410,4,Blue One M,3000,2,North West,Male,25,1,98,0.5,6000,0,4,21-25
13411,6,Blue One M,3000,3,Adamawa,Male,25,0,147,0.5,9000,0,3,21-25
13412,6,Blue One M,3000,2,South,Male,27,1,145,0.3333333333333333,6000,0,3,26-30
13413,6,Blue One M,3000,0,Littoral,Male,28,1,147,0.0,0,1,3,26-30
13414,6,Blue One M,3000,2,South West,Female,30,0,146,0.3333333333333333,6000,0,3,26-30
13416,6,Blue One M,3000,3,North,Male,27,0,142,0.5,9000,0,3,26-30
13417,6,Blue One M,3000,0,Far North,Female,20,1,142,0.0,0,1,3,<=20
13418,5,Blue One M,3000,0,East,Female,26,1,129,0.0,0,1,3,26-30
13419,5,Blue One M,3000,3,West,Male,30,0,129,0.6,9000,0,3,26-30
13420,5,Blue One M,3000,3,East,Male,17,0,131,0.6,9000,0,3,<=20
13421,6,Blue One M,3000,2,East,Male,26,1,136,0.3333333333333333,6000,0,3,26-30
13422,6,Blue One M,3000,2,Adamawa,Male,23,1,142,0.3333333333333333,6000,0,3,21-25
13423,6,Blue One M,3000,3,Adamawa,Female,29,0,150,0.5,9000,0,2,26-30
13424,6,Blue One M,3000,3,Adamawa,Female,33,0,150,0.5,9000,0,2,>30
13425,5,Blue One M,3000,2,South,Male,25,0,125,0.4,6000,0,3,21-25
13426,5,Blue One M,3000,2,Centre,Female,25,0,134,0.4,6000,0,3,21-25
13427,6,Blue One M,3000,2,Far North,Female,27,0,138,0.3333333333333333,6000,0,3,26-30
13428,6,Blue One M,3000,3,North,Male,19,0,140,0.5,9000,0,3,<=20
13429,6,Blue One M,3000,2,North West,Female,24,0,152,0.3333333333333333,6000,0,2,21-25
13430,6,Blue One M,3000,2,South,Male,24,1,150,0.3333333333333333,6000,0,2,21-25
13431,6,Blue One M,3000,3,South West,Female,27,0,150,0.5,9000,0,2,26-30
13432,6,Blue One M,3000,2,South,Male,25,1,151,0.3333333333333333,6000,0,2,21-25
13433,6,Blue One M,3000,2,East,Female,23,0,145,0.3333333333333333,6000,0,3,21-25
13434,6,Blue One M,3000,3,Adamawa,Female,23,0,143,0.5,9000,0,3,21-25
13435,6,Blue One M,3000,2,South,Male,29,1,140,0.3333333333333333,6000,0,3,26-30
13436,6,Blue One M,3000,2,East,Female,24,0,136,0.3333333333333333,6000,0,3,21-25
13437,6,Blue One M,3000,2,South,Female,28,0,153,0.3333333333333333,6000,0,2,26-30
13438,6,Blue One M,3000,0,Far North,Male,24,1,153,0.0,0,1,2,21-25
13439,6,Blue One M,3000,0,Adamawa,Male,26,1,154,0.0,0,1,2,26-30
13440,6,Blue One M,3000,2,South,Male,29,1,151,0.3333333333333333,6000,0,2,26-30
13441,6,Blue One M,3000,2,Far North,Male,25,1,153,0.3333333333333333,6000,0,2,21-25
13442,6,Blue One M,3000,2,South West,Male,27,0,151,0.3333333333333333,6000,0,2,26-30
13443,6,Blue One M,3000,3,South West,Female,23,0,153,0.5,9000,0,2,21-25
13444,6,Blue One M,3000,0,South West,Male,28,1,152,0.0,0,1,2,26-30
13445,6,Blue One M,3000,0,Littoral,Male,28,1,154,0.0,0,1,2,26-30
13446,6,Blue One M,3000,0,South,Female,26,1,151,0.0,0,1,2,26-30
13447,6,Blue One M,3000,0,South,Male,26,1,146,0.0,0,1,3,26-30
13448,6,Blue One M,3000,2,East,Female,29,0,151,0.3333333333333333,6000,0,2,26-30
13449,6,Blue One M,3000,2,North West,Male,20,1,153,0.3333333333333333,6000,0,2,<=20
13450,6,Blue One M,3000,2,Adamawa,Female,29,1,154,0.3333333333333333,6000,0,2,26-30
13451,6,Blue One M,3000,0,West,Male,23,1,146,0.0,0,1,3,21-25
13452,6,Blue One M,3000,3,Littoral,Female,22,0,147,0.5,9000,0,3,21-25
13453,6,Blue One M,3000,2,Adamawa,Male,27,1,146,0.3333333333333333,6000,0,3,26-30
13454,6,Blue One M,3000,0,South,Male,26,1,146,0.0,0,1,3,26-30
13455,6,Blue One M,3000,3,South,Male,25,0,148,0.5,9000,0,3,21-25
13456,6,Blue One M,3000,2,Far North,Female,26,0,145,0.3333333333333333,6000,0,3,26-30
13457,6,Blue One M,3000,2,Littoral,Female,26,0,143,0.3333333333333333,6000,0,3,26-30
13458,5,Blue One M,3000,2,Littoral,Male,26,1,129,0.4,6000,0,3,26-30
13459,6,Blue One M,3000,2,South,Female,30,0,138,0.3333333333333333,6000,0,3,26-30
13460,5,Blue One M,3000,0,South,Male,27,1,133,0.0,0,1,3,26-30
13461,5,Blue One M,3000,0,North West,Male,23,1,125,0.0,0,1,3,21-25
13462,6,Blue One M,3000,2,South,Male,24,1,135,0.3333333333333333,6000,0,3,21-25
13463,6,Blue One M,3000,0,South,Female,20,1,135,0.0,0,1,3,<=20
13464,6,Blue One M,3000,0,Centre,Female,23,1,138,0.0,0,1,3,21-25
13465,4,Blue One M,3000,3,North West,Female,23,0,96,0.75,9000,0,4,21-25
13466,6,Blue One M,3000,2,Littoral,Female,26,1,136,0.3333333333333333,6000,0,3,26-30
13467,5,Blue One M,3000,3,North,Male,25,0,125,0.6,9000,0,3,21-25
13468,5,Blue One M,3000,2,West,Male,28,1,132,0.4,6000,0,3,26-30
13469,6,Blue One M,3000,2,West,Male,25,1,137,0.3333333333333333,6000,0,3,21-25
13470,6,Blue One M,3000,0,North,Male,31,1,139,0.0,0,1,3,>30
13471,6,Blue One M,3000,2,Centre,Female,26,1,139,0.3333333333333333,6000,0,3,26-30
13472,5,Blue One M,3000,2,East,Female,23,1,131,0.4,6000,0,3,21-25
13473,5,Blue One M,3000,2,Adamawa,Male,26,1,131,0.4,6000,0,3,26-30
13474,5,Blue One M,3000,0,South,Male,26,1,134,0.0,0,1,3,26-30
13475,6,Blue One M,3000,2,Adamawa,Female,30,0,135,0.3333333333333333,6000,0,3,26-30
13476,6,Blue One M,3000,3,North,Male,28,0,134,0.5,9000,0,3,26-30
13477,5,Blue One M,3000,3,Far North,Female,29,0,131,0.6,9000,0,3,26-30
13478,5,Blue One M,3000,2,Littoral,Male,22,0,131,0.4,6000,0,3,21-25
13479,5,Blue One M,3000,2,South,Male,26,0,126,0.4,6000,0,3,26-30
13480,5,Blue One M,3000,2,West,Female,19,1,132,0.4,6000,0,3,<=20
13481,5,Blue One M,3000,2,Littoral,Male,27,1,110,0.4,6000,0,4,26-30
13482,5,Blue One M,3000,3,Centre,Male,26,0,126,0.6,9000,0,3,26-30
13483,4,Blue One M,3000,2,East,Male,21,1,81,0.5,6000,0,5,21-25
13484,6,Blue One M,3000,0,North West,Female,26,1,136,0.0,0,1,3,26-30
13485,5,Blue One M,3000,3,Adamawa,Male,23,0,130,0.6,9000,0,3,21-25
13486,6,Blue One M,3000,2,North West,Female,28,0,134,0.3333333333333333,6000,0,3,26-30
13487,5,Blue One M,3000,2,Littoral,Male,25,1,126,0.4,6000,0,3,21-25
13488,5,Blue One M,3000,2,Centre,Female,25,0,123,0.4,6000,0,3,21-25
13489,5,Blue One M,3000,3,North,Male,23,0,120,0.6,9000,0,3,21-25
13490,5,Blue One M,3000,3,Littoral,Female,20,0,129,0.6,9000,0,3,<=20
13491,5,Blue One M,3000,2,Adamawa,Female,27,0,126,0.4,6000,0,3,26-30
13492,6,Blue One M,3000,3,North West,Female,28,0,150,0.5,9000,0,2,26-30
13493,6,Blue One M,3000,3,Adamawa,Female,28,0,152,0.5,9000,0,2,26-30
13494,4,Blue One M,3000,2,North,Male,23,0,99,0.5,6000,0,4,21-25
13495,6,Blue One M,3000,3,South West,Female,26,0,151,0.5,9000,0,2,26-30
13496,6,Blue One M,3000,2,North,Male,22,1,151,0.3333333333333333,6000,0,2,21-25
13497,6,Blue One M,3000,2,South,Male,29,1,150,0.3333333333333333,6000,0,2,26-30
13498,6,Blue One M,3000,2,South West,Female,20,1,137,0.3333333333333333,6000,0,3,<=20
13499,6,Blue One M,3000,3,East,Female,31,0,147,0.5,9000,0,3,>30
13500,6,Blue One M,3000,0,North,Female,21,1,147,0.0,0,1,3,21-25
13501,6,Blue One M,3000,2,West,Female,25,0,146,0.3333333333333333,6000,0,3,21-25
13502,6,Blue One M,3000,0,West,Male,24,1,142,0.0,0,1,3,21-25
13503,6,Blue One M,3000,2,South West,Male,23,0,141,0.3333333333333333,6000,0,3,21-25
13504,6,Blue One M,3000,2,East,Female,29,1,141,0.3333333333333333,6000,0,3,26-30
13505,4,Blue One M,3000,2,North,Male,23,0,99,0.5,6000,0,4,21-25
13506,6,Blue One M,3000,0,South,Female,23,1,138,0.0,0,1,3,21-25
13507,6,Blue One M,3000,3,Centre,Female,27,0,146,0.5,9000,0,3,26-30
13508,6,Blue One M,3000,0,Centre,Female,29,1,147,0.0,0,1,3,26-30
13509,6,Blue One M,3000,0,Centre,Male,23,1,142,0.0,0,1,3,21-25
13510,6,Blue One M,3000,3,North,Female,24,0,137,0.5,9000,0,3,21-25
13511,6,Blue One M,3000,0,South,Female,25,1,139,0.0,0,1,3,21-25
13512,6,Blue One M,3000,2,West,Female,27,1,139,0.3333333333333333,6000,0,3,26-30
13513,6,Blue One M,3000,2,Far North,Male,24,1,143,0.3333333333333333,6000,0,3,21-25
13514,5,Blue One M,3000,3,Littoral,Female,27,0,130,0.6,9000,0,3,26-30
13515,6,Blue One M,3000,3,Adamawa,Female,25,0,135,0.5,9000,0,3,21-25
13516,6,Blue One M,3000,3,West,Female,29,0,137,0.5,9000,0,3,26-30
13517,5,Blue One M,3000,2,West,Female,27,0,131,0.4,6000,0,3,26-30
13518,4,Blue One M,3000,0,Adamawa,Male,23,1,103,0.0,0,1,4,21-25
13519,6,Blue One M,3000,3,South,Male,22,0,141,0.5,9000,0,3,21-25
13520,6,Blue One M,3000,2,South West,Male,22,1,137,0.3333333333333333,6000,0,3,21-25
13521,6,Blue One M,3000,3,Far North,Male,29,0,142,0.5,9000,0,3,26-30
13522,6,Blue One M,3000,2,Centre,Male,29,0,149,0.3333333333333333,6000,0,3,26-30
13523,6,Blue One M,3000,0,East,Male,27,1,141,0.0,0,1,3,26-30
13524,6,Blue One M,3000,2,East,Female,29,1,141,0.3333333333333333,6000,0,3,26-30
13525,6,Blue One M,3000,2,North,Male,26,1,143,0.3333333333333333,6000,0,3,26-30
13526,6,Blue One M,3000,0,East,Female,28,1,150,0.0,0,1,2,26-30
13527,6,Blue One M,3000,3,Far North,Male,29,0,149,0.5,9000,0,3,26-30
13528,6,Blue One M,3000,3,North West,Male,24,0,143,0.5,9000,0,3,21-25
13529,6,Blue One M,3000,2,West,Male,28,1,142,0.3333333333333333,6000,0,3,26-30
13530,6,Blue One M,3000,0,West,Male,25,1,143,0.0,0,1,3,21-25
13531,6,Blue One M,3000,0,West,Male,20,1,137,0.0,0,1,3,<=20
13532,5,Blue One M,3000,3,West,Male,21,0,126,0.6,9000,0,3,21-25
13533,6,Blue One M,3000,0,North West,Female,26,1,140,0.0,0,1,3,26-30
13534,6,Blue One M,3000,2,Littoral,Female,29,1,135,0.3333333333333333,6000,0,3,26-30
13535,6,Blue One M,3000,2,East,Female,23,0,135,0.3333333333333333,6000,0,3,21-25
13536,5,Blue One M,3000,2,North,Female,21,1,130,0.4,6000,0,3,21-25
13537,5,Blue One M,3000,3,South,Female,20,0,122,0.6,9000,0,3,<=20
13538,4,Blue One M,3000,2,Littoral,Female,29,1,84,0.5,6000,0,5,26-30
13539,6,Blue One M,3000,3,North,Male,27,0,141,0.5,9000,0,3,26-30
13540,6,Blue One M,3000,2,North,Female,24,1,141,0.3333333333333333,6000,0,3,21-25
13541,6,Blue One M,3000,2,South West,Female,27,0,142,0.3333333333333333,6000,0,3,26-30
13542,5,Blue One M,3000,0,Littoral,Female,24,1,132,0.0,0,1,3,21-25
13543,5,Blue One M,3000,3,Far North,Male,25,0,126,0.6,9000,0,3,21-25
13544,5,Blue One M,3000,0,North,Male,29,1,122,0.0,0,1,3,26-30
13545,5,Blue One M,3000,3,Littoral,Female,25,0,126,0.6,9000,0,3,21-25
13546,6,Blue One M,3000,0,Far North,Male,25,1,139,0.0,0,1,3,21-25
13547,5,Blue One M,3000,0,Littoral,Female,26,1,121,0.0,0,1,3,26-30
13548,6,Blue One M,3000,2,Centre,Female,25,1,137,0.3333333333333333,6000,0,3,21-25
13549,4,Blue One M,3000,0,East,Female,25,1,101,0.0,0,1,4,21-25
13550,5,Blue One M,3000,2,Adamawa,Male,20,0,132,0.4,6000,0,3,<=20
13551,6,Blue One M,3000,2,South,Male,22,1,139,0.3333333333333333,6000,0,3,21-25
13552,6,Blue One M,3000,2,East,Male,27,1,137,0.3333333333333333,6000,0,3,26-30
13553,5,Blue One M,3000,2,Far North,Female,22,1,132,0.4,6000,0,3,21-25
13554,5,Blue One M,3000,2,Centre,Female,21,0,122,0.4,6000,0,3,21-25
13555,5,Blue One M,3000,2,Adamawa,Female,21,1,124,0.4,6000,0,3,21-25
13557,5,Blue One M,3000,0,Littoral,Male,28,1,124,0.0,0,1,3,26-30
13558,5,Blue One M,3000,2,East,Female,28,1,110,0.4,6000,0,4,26-30
13559,5,Blue One M,3000,2,South West,Female,19,0,109,0.4,6000,0,4,<=20
13560,4,Blue One M,3000,2,West,Male,24,1,103,0.5,6000,0,4,21-25
13561,4,Blue One M,3000,2,Centre,Female,25,0,98,0.5,6000,0,4,21-25
13562,4,Blue One M,3000,3,Far North,Male,20,0,96,0.75,9000,0,4,<=20
13563,4,Blue One M,3000,0,North,Male,24,1,91,0.0,0,1,4,21-25
13564,6,Blue One M,3000,2,Centre,Male,26,1,154,0.3333333333333333,6000,0,2,26-30
13565,6,Blue One M,3000,3,South,Male,21,0,153,0.5,9000,0,2,21-25
13566,6,Blue One M,3000,3,North West,Male,26,0,153,0.5,9000,0,2,26-30
13567,5,Blue One M,3000,3,South,Female,20,0,123,0.6,9000,0,3,<=20
13568,5,Blue One M,3000,3,Centre,Male,20,0,122,0.6,9000,0,3,<=20
13569,6,Blue One M,3000,2,North,Male,20,0,149,0.3333333333333333,6000,0,3,<=20
13570,6,Blue One M,3000,3,North West,Female,20,0,150,0.5,9000,0,2,<=20
13571,6,Blue One M,3000,2,North,Male,25,1,138,0.3333333333333333,6000,0,3,21-25
13572,6,Blue One M,3000,0,Littoral,Female,26,1,151,0.0,0,1,2,26-30
13573,6,Blue One M,3000,0,North,Female,23,1,151,0.0,0,1,2,21-25
13574,4,Blue One M,3000,2,Adamawa,Male,23,1,76,0.5,6000,0,5,21-25
13575,6,Blue One M,3000,2,Far North,Male,29,1,140,0.3333333333333333,6000,0,3,26-30
13576,6,Blue One M,3000,0,Centre,Female,22,1,137,0.0,0,1,3,21-25
13577,5,Blue One M,3000,2,Far North,Female,25,0,126,0.4,6000,0,3,21-25
13578,5,Blue One M,3000,0,North,Male,21,1,123,0.0,0,1,3,21-25
13579,5,Blue One M,3000,2,South,Male,27,1,117,0.4,6000,0,4,26-30
13580,5,Blue One M,3000,2,North,Male,25,1,116,0.4,6000,0,4,21-25
13581,5,Blue One M,3000,3,Adamawa,Male,28,0,112,0.6,9000,0,4,26-30
13582,5,Blue One M,3000,3,South West,Male,26,0,105,0.6,9000,0,4,26-30
13583,4,Blue One M,3000,3,Far North,Female,24,0,98,0.75,9000,0,4,21-25
13584,4,Blue One M,3000,2,West,Male,28,0,96,0.5,6000,0,4,26-30
13585,4,Blue One M,3000,2,Far North,Male,26,0,95,0.5,6000,0,4,26-30
13586,4,Blue One M,3000,3,South,Male,24,0,80,0.75,9000,0,5,21-25
13587,3,Blue One S,2000,2,Far North,Female,20,0,62,0.6666666666666666,4000,0,5,<=20
13588,3,Blue One S,2000,2,Adamawa,Female,26,0,61,0.6666666666666666,4000,0,5,26-30
13589,6,Blue One M,3000,2,Adamawa,Male,30,1,148,0.3333333333333333,6000,0,3,26-30
13590,6,Blue One M,3000,3,East,Female,22,0,148,0.5,9000,0,3,21-25
13591,6,Blue One M,3000,0,Littoral,Female,25,1,148,0.0,0,1,3,21-25
13592,6,Blue One M,3000,3,East,Female,28,0,148,0.5,9000,0,3,26-30
13593,6,Blue One M,3000,2,East,Male,26,1,151,0.3333333333333333,6000,0,2,26-30
13594,6,Blue One M,3000,0,Centre,Male,25,1,148,0.0,0,1,3,21-25
13595,5,Blue One M,3000,3,Adamawa,Male,25,0,120,0.6,9000,0,3,21-25
13596,6,Blue One M,3000,3,Littoral,Female,23,0,147,0.5,9000,0,3,21-25
13597,5,Blue One M,3000,2,Centre,Male,22,0,134,0.4,6000,0,3,21-25
13598,6,Blue One M,3000,2,South West,Female,22,0,143,0.3333333333333333,6000,0,3,21-25
13599,5,Blue One M,3000,0,Littoral,Female,25,1,112,0.0,0,1,4,21-25
13600,5,Blue One M,3000,3,South,Male,19,0,112,0.6,9000,0,4,<=20
13601,5,Blue One M,3000,0,Far North,Male,19,1,131,0.0,0,1,3,<=20
13602,6,Blue One M,3000,2,North,Male,29,1,147,0.3333333333333333,6000,0,3,26-30
13603,6,Blue One M,3000,2,West,Female,25,1,147,0.3333333333333333,6000,0,3,21-25
13604,6,Blue One M,3000,2,North,Female,20,0,142,0.3333333333333333,6000,0,3,<=20
13605,4,Blue One M,3000,3,Adamawa,Male,23,0,102,0.75,9000,0,4,21-25
13606,5,Blue One M,3000,2,Adamawa,Female,21,0,133,0.4,6000,0,3,21-25
13607,6,Blue One M,3000,2,East,Female,27,1,137,0.3333333333333333,6000,0,3,26-30
13608,6,Blue One M,3000,0,South West,Male,27,1,137,0.0,0,1,3,26-30
13609,6,Blue One M,3000,2,North,Male,22,1,138,0.3333333333333333,6000,0,3,21-25
13610,5,Blue One M,3000,2,Littoral,Female,18,1,129,0.4,6000,0,3,<=20
13611,5,Blue One M,3000,0,South,Female,22,1,129,0.0,0,1,3,21-25
13612,5,Blue One M,3000,3,Centre,Male,22,0,129,0.6,9000,0,3,21-25
13613,6,Blue One M,3000,2,Littoral,Male,19,0,138,0.3333333333333333,6000,0,3,<=20
13614,4,Blue One M,3000,3,South West,Female,23,0,96,0.75,9000,0,4,21-25
13615,4,Blue One M,3000,3,East,Female,22,0,103,0.75,9000,0,4,21-25
13616,5,Blue One M,3000,3,West,Male,29,0,112,0.6,9000,0,4,26-30
13617,5,Blue One M,3000,3,South West,Female,25,0,127,0.6,9000,0,3,21-25
13618,5,Blue One M,3000,2,Adamawa,Male,24,0,127,0.4,6000,0,3,21-25
13619,5,Blue One M,3000,0,North,Male,21,1,122,0.0,0,1,3,21-25
13620,5,Blue One M,3000,3,Centre,Male,23,0,128,0.6,9000,0,3,21-25
13621,5,Blue One M,3000,0,North West,Male,25,1,121,0.0,0,1,3,21-25
13622,4,Blue One M,3000,0,Centre,Female,18,1,96,0.0,0,1,4,<=20
13623,4,Blue One M,3000,2,South West,Female,20,0,95,0.5,6000,0,4,<=20
13624,6,Blue One M,3000,0,South West,Male,26,1,145,0.0,0,1,3,26-30
13625,6,Blue One M,3000,2,North,Male,24,1,144,0.3333333333333333,6000,0,3,21-25
13631,4,Blue One M,3000,2,Centre,Female,23,0,98,0.5,6000,0,4,21-25
13632,6,Blue One M,3000,2,West,Male,28,0,145,0.3333333333333333,6000,0,3,26-30
13633,6,Blue One M,3000,2,North,Male,20,0,150,0.3333333333333333,6000,0,2,<=20
13634,6,Blue One M,3000,2,South West,Female,24,1,145,0.3333333333333333,6000,0,3,21-25
13636,3,Blue One S,2000,1,Littoral,Female,29,0,60,0.3333333333333333,2000,0,5,26-30
13637,4,Blue One M,3000,0,West,Male,26,1,91,0.0,0,1,4,26-30
13638,4,Blue One M,3000,0,East,Male,25,1,100,0.0,0,1,4,21-25
13639,4,Blue One M,3000,3,Centre,Female,24,0,98,0.75,9000,0,4,21-25
13641,6,Blue One M,3000,0,West,Female,25,1,144,0.0,0,1,3,21-25
13642,6,Blue One M,3000,0,North,Male,30,1,144,0.0,0,1,3,26-30
13643,5,Blue One M,3000,3,North West,Male,22,0,126,0.6,9000,0,3,21-25
13644,5,Blue One M,3000,0,West,Female,26,1,118,0.0,0,1,4,26-30
13645,5,Blue One M,3000,3,South West,Female,28,0,110,0.6,9000,0,4,26-30
13646,5,Blue One M,3000,0,Littoral,Female,28,1,110,0.0,0,1,4,26-30
13647,5,Blue One M,3000,3,North West,Female,24,0,105,0.6,9000,0,4,21-25
13648,6,Blue One M,3000,0,Adamawa,Female,28,1,145,0.0,0,1,3,26-30
13649,4,Blue One M,3000,3,Adamawa,Male,26,0,84,0.75,9000,0,5,26-30
13650,5,Blue One M,3000,3,Centre,Female,25,0,118,0.6,9000,0,4,21-25
13651,6,Blue One M,3000,2,Littoral,Female,24,1,136,0.3333333333333333,6000,0,3,21-25
13652,5,Blue One M,3000,3,West,Female,20,0,118,0.6,9000,0,4,<=20
13653,6,Blue One M,3000,0,Adamawa,Female,33,1,153,0.0,0,1,2,>30
13654,4,Blue One M,3000,2,Adamawa,Male,22,0,90,0.5,6000,0,4,21-25
13655,6,Blue One M,3000,2,Far North,Female,25,0,151,0.3333333333333333,6000,0,2,21-25
13656,6,Blue One M,3000,2,West,Female,27,1,141,0.3333333333333333,6000,0,3,26-30
13657,4,Blue One M,3000,2,Far North,Male,22,1,75,0.5,6000,0,5,21-25
13660,4,Blue One M,3000,3,South,Female,23,0,75,0.75,9000,0,5,21-25
13669,4,Blue One M,3000,2,North,Male,26,0,77,0.5,6000,0,5,26-30
13670,4,Blue One M,3000,3,Adamawa,Female,21,0,77,0.75,9000,0,5,21-25
13671,5,Blue One M,3000,3,East,Male,18,0,109,0.6,9000,0,4,<=20
13672,4,Blue One M,3000,3,South West,Male,28,0,94,0.75,9000,0,4,26-30
13673,4,Blue One M,3000,2,North West,Male,24,0,103,0.5,6000,0,4,21-25
13674,5,Blue One M,3000,2,East,Female,18,1,111,0.4,6000,0,4,<=20
13676,4,Blue One M,3000,3,Adamawa,Male,29,0,75,0.75,9000,0,5,26-30
13677,4,Blue One M,3000,2,Littoral,Female,20,0,100,0.5,6000,0,4,<=20
13678,4,Blue One M,3000,3,Adamawa,Female,32,0,95,0.75,9000,0,4,>30
13679,4,Blue One M,3000,2,South,Female,23,0,86,0.5,6000,0,5,21-25
13680,4,Blue One M,3000,2,South West,Female,22,1,89,0.5,6000,0,4,21-25
13681,5,Blue One M,3000,3,South West,Female,22,0,108,0.6,9000,0,4,21-25
13682,4,Blue One M,3000,2,Adamawa,Female,25,0,98,0.5,6000,0,4,21-25
13683,4,Blue One M,3000,2,Centre,Female,23,0,98,0.5,6000,0,4,21-25
13684,4,Blue One M,3000,3,North West,Male,23,0,90,0.75,9000,0,4,21-25
13685,4,Blue One M,3000,0,East,Male,25,1,90,0.0,0,1,4,21-25
13687,4,Blue One M,3000,3,East,Female,21,0,76,0.75,9000,0,5,21-25
13688,4,Blue One M,3000,2,South West,Male,22,0,102,0.5,6000,0,4,21-25
13690,4,Blue One M,3000,0,East,Male,19,1,104,0.0,0,1,4,<=20
13691,5,Blue One M,3000,2,Adamawa,Male,24,0,122,0.4,6000,0,3,21-25
13692,5,Blue One M,3000,0,Littoral,Male,26,1,104,0.0,0,1,4,26-30
13693,4,Blue One M,3000,3,Adamawa,Female,19,0,89,0.75,9000,0,4,<=20
13694,4,Blue One M,3000,2,East,Female,25,1,75,0.5,6000,0,5,21-25
13696,4,Blue One M,3000,3,South West,Female,17,0,97,0.75,9000,0,4,<=20
13697,6,Blue One M,3000,0,North West,Male,28,1,136,0.0,0,1,3,26-30
13698,5,Blue One M,3000,0,North West,Female,23,1,126,0.0,0,1,3,21-25
13699,4,Blue One M,3000,0,Centre,Male,26,1,84,0.0,0,1,5,26-30
13700,4,Blue One M,3000,2,North,Male,24,1,102,0.5,6000,0,4,21-25
13701,4,Blue One M,3000,2,North,Male,24,0,77,0.5,6000,0,5,21-25
13702,5,Blue One M,3000,3,North,Female,26,0,125,0.6,9000,0,3,26-30
13703,5,Blue One M,3000,2,Centre,Female,26,0,115,0.4,6000,0,4,26-30
13704,4,Blue One M,3000,3,Far North,Male,25,0,103,0.75,9000,0,4,21-25
13705,5,Blue One M,3000,3,Littoral,Male,30,0,110,0.6,9000,0,4,26-30
13706,5,Blue One M,3000,3,Far North,Female,22,0,108,0.6,9000,0,4,21-25
13707,5,Blue One M,3000,2,East,Male,23,1,116,0.4,6000,0,4,21-25
13708,4,Blue One M,3000,3,Adamawa,Male,25,0,86,0.75,9000,0,5,21-25
13710,6,Blue One M,3000,3,South,Female,27,0,139,0.5,9000,0,3,26-30
13711,5,Blue One M,3000,2,South West,Male,23,1,132,0.4,6000,0,3,21-25
13712,4,Blue One M,3000,0,Far North,Male,26,1,89,0.0,0,1,4,26-30
13713,4,Blue One M,3000,2,North,Female,17,1,104,0.5,6000,0,4,<=20
13715,4,Blue One M,3000,0,Adamawa,Male,23,1,104,0.0,0,1,4,21-25
13716,4,Blue One M,3000,3,South West,Male,21,0,104,0.75,9000,0,4,21-25
13717,4,Blue One M,3000,2,North West,Male,23,0,97,0.5,6000,0,4,21-25
13718,5,Blue One M,3000,3,Centre,Female,28,0,110,0.6,9000,0,4,26-30
13719,5,Blue One M,3000,0,Far North,Male,28,1,109,0.0,0,1,4,26-30
13720,5,Blue One M,3000,3,South West,Female,24,0,108,0.6,9000,0,4,21-25
13721,4,Blue One M,3000,0,North,Male,24,1,75,0.0,0,1,5,21-25
13722,5,Blue One M,3000,2,North,Male,24,0,108,0.4,6000,0,4,21-25
13723,5,Blue One M,3000,3,South,Male,25,0,110,0.6,9000,0,4,21-25
13724,5,Blue One M,3000,2,Adamawa,Male,29,0,109,0.4,6000,0,4,26-30
13726,5,Blue One M,3000,0,South,Male,27,1,109,0.0,0,1,4,26-30
13727,5,Blue One M,3000,2,East,Female,25,1,120,0.4,6000,0,3,21-25
13728,5,Blue One M,3000,0,West,Male,23,1,131,0.0,0,1,3,21-25
13729,5,Blue One M,3000,2,Far North,Male,27,1,116,0.4,6000,0,4,26-30
13730,5,Blue One M,3000,2,South West,Male,28,1,131,0.4,6000,0,3,26-30
13731,4,Blue One M,3000,2,South West,Male,21,0,81,0.5,6000,0,5,21-25
13732,4,Blue One M,3000,2,South,Male,20,1,102,0.5,6000,0,4,<=20
13735,4,Blue One M,3000,2,Centre,Female,24,0,87,0.5,6000,0,5,21-25
13736,5,Blue One M,3000,2,East,Female,27,0,111,0.4,6000,0,4,26-30
13737,4,Blue One M,3000,3,Adamawa,Male,22,0,90,0.75,9000,0,4,21-25
13738,4,Blue One M,3000,2,Littoral,Female,30,0,103,0.5,6000,0,4,26-30
13742,4,Blue One M,3000,0,South West,Female,23,1,82,0.0,0,1,5,21-25
13743,4,Blue One M,3000,2,Adamawa,Male,28,1,76,0.5,6000,0,5,26-30
13750,4,Blue One M,3000,3,West,Male,23,0,84,0.75,9000,0,5,21-25
13751,5,Blue One M,3000,0,North,Female,19,1,125,0.0,0,1,3,<=20
13752,5,Blue One M,3000,0,South,Male,28,1,128,0.0,0,1,3,26-30
13753,5,Blue One M,3000,0,South,Female,27,1,126,0.0,0,1,3,26-30
13754,5,Blue One M,3000,2,Far North,Male,24,1,128,0.4,6000,0,3,21-25
13755,5,Blue One M,3000,2,Adamawa,Female,31,1,127,0.4,6000,0,3,>30
13756,5,Blue One M,3000,2,Centre,Female,29,1,116,0.4,6000,0,4,26-30
13757,4,Blue One M,3000,2,South,Male,19,0,77,0.5,6000,0,5,<=20
13758,5,Blue One M,3000,3,South West,Male,27,0,129,0.6,9000,0,3,26-30
13759,4,Blue One M,3000,2,West,Female,25,1,81,0.5,6000,0,5,21-25
13760,4,Blue One M,3000,2,South,Female,25,0,84,0.5,6000,0,5,21-25
13761,4,Blue One M,3000,2,Far North,Male,17,0,81,0.5,6000,0,5,<=20
13762,4,Blue One M,3000,3,South West,Female,23,0,90,0.75,9000,0,4,21-25
13763,4,Blue One M,3000,0,Centre,Female,27,1,83,0.0,0,1,5,26-30
13764,4,Blue One M,3000,2,Far North,Female,23,1,97,0.5,6000,0,4,21-25
13765,4,Blue One M,3000,2,South West,Female,27,0,97,0.5,6000,0,4,26-30
13766,5,Blue One M,3000,0,Adamawa,Female,24,1,112,0.0,0,1,4,21-25
13767,5,Blue One M,3000,3,North,Male,21,0,117,0.6,9000,0,4,21-25
13768,5,Blue One M,3000,2,Littoral,Male,24,0,118,0.4,6000,0,4,21-25
13771,4,Blue One M,3000,2,East,Male,20,0,83,0.5,6000,0,5,<=20
13772,4,Blue One M,3000,2,East,Female,21,0,84,0.5,6000,0,5,21-25
13774,4,Blue One M,3000,0,East,Male,24,1,79,0.0,0,1,5,21-25
13775,4,Blue One M,3000,3,Adamawa,Female,18,0,87,0.75,9000,0,5,<=20
13776,4,Blue One M,3000,3,North,Male,26,0,89,0.75,9000,0,4,26-30
13777,4,Blue One M,3000,2,South,Female,22,0,89,0.5,6000,0,4,21-25
13778,4,Blue One M,3000,2,Littoral,Female,27,0,81,0.5,6000,0,5,26-30
13779,4,Blue One M,3000,2,Adamawa,Female,25,0,95,0.5,6000,0,4,21-25
13780,4,Blue One M,3000,2,Littoral,Male,23,0,82,0.5,6000,0,5,21-25
13783,4,Blue One M,3000,2,South,Male,21,0,80,0.5,6000,0,5,21-25
13785,5,Blue One M,3000,0,Far North,Male,24,1,111,0.0,0,1,4,21-25
13786,5,Blue One M,3000,3,North West,Female,24,0,111,0.6,9000,0,4,21-25
13787,5,Blue One M,3000,0,North West,Male,29,1,104,0.0,0,1,4,26-30
13788,4,Blue One M,3000,2,Littoral,Female,24,0,101,0.5,6000,0,4,21-25
13789,5,Blue One M,3000,3,East,Male,26,0,108,0.6,9000,0,4,26-30
13790,5,Blue One M,3000,2,West,Male,25,0,108,0.4,6000,0,4,21-25
13791,4,Blue One M,3000,3,Far North,Male,24,0,97,0.75,9000,0,4,21-25
13792,4,Blue One M,3000,3,North West,Female,20,0,80,0.75,9000,0,5,<=20
13793,5,Blue One M,3000,2,South West,Male,22,1,107,0.4,6000,0,4,21-25
13794,5,Blue One M,3000,3,Adamawa,Female,23,0,123,0.6,9000,0,3,21-25
13795,5,Blue One M,3000,3,Far North,Male,23,0,116,0.6,9000,0,4,21-25
13796,5,Blue One M,3000,3,South,Male,24,0,108,0.6,9000,0,4,21-25
13797,5,Blue One M,3000,3,South,Male,28,0,107,0.6,9000,0,4,26-30
13801,7,Blue One L,5000,3,South West,Male,20,0,171,0.42857142857142855,15000,0,2,<=20
13802,8,Blue One L,5000,2,Centre,Male,29,1,201,0.25,10000,0,1,26-30
13805,4,Blue One M,3000,3,South West,Female,22,0,83,0.75,9000,0,5,21-25
13807,6,Blue One M,3000,3,Centre,Female,24,0,162,0.5,9000,0,2,21-25
13808,6,Blue One M,3000,0,Far North,Female,24,1,161,0.0,0,1,2,21-25
13809,7,Blue One L,5000,2,West,Male,27,0,179,0.2857142857142857,10000,0,1,26-30
13810,7,Blue One L,5000,0,North,Male,24,1,176,0.0,0,1,2,21-25
13811,5,Blue One M,3000,0,West,Female,25,1,108,0.0,0,1,4,21-25
13812,5,Blue One M,3000,0,North,Male,20,1,108,0.0,0,1,4,<=20
13813,7,Blue One L,5000,2,South West,Male,28,1,178,0.2857142857142857,10000,0,1,26-30
13814,7,Blue One L,5000,2,North,Male,31,1,178,0.2857142857142857,10000,0,1,>30
13815,7,Blue One L,5000,3,Littoral,Female,30,0,172,0.42857142857142855,15000,0,2,26-30
13816,7,Blue One L,5000,0,Littoral,Female,28,1,165,0.0,0,1,2,26-30
13817,7,Blue One L,5000,0,South West,Male,27,1,165,0.0,0,1,2,26-30
13818,7,Blue One L,5000,3,Centre,Female,28,0,165,0.42857142857142855,15000,0,2,26-30
13819,7,Blue One L,5000,2,North West,Female,25,1,164,0.2857142857142857,10000,0,2,21-25
13820,7,Blue One L,5000,2,Littoral,Female,18,1,181,0.2857142857142857,10000,0,1,<=20
13821,7,Blue One L,5000,2,East,Female,28,0,181,0.2857142857142857,10000,0,1,26-30
13822,8,Blue One L,5000,0,Littoral,Male,23,1,200,0.0,0,1,1,21-25
13823,5,Blue One M,3000,3,South,Male,19,0,118,0.6,9000,0,4,<=20
13824,4,Blue One M,3000,0,Littoral,Male,26,1,86,0.0,0,1,5,26-30
13846,6,Blue One M,3000,2,North West,Male,20,1,140,0.3333333333333333,6000,0,3,<=20
13848,8,Blue One L,5000,2,North West,Male,31,1,201,0.25,10000,0,1,>30
13849,5,Blue One M,3000,2,South West,Female,21,1,133,0.4,6000,0,3,21-25
13853,5,Blue One M,3000,0,Centre,Male,20,1,129,0.0,0,1,3,<=20
13855,8,Blue One L,5000,2,Centre,Male,26,1,196,0.25,10000,0,1,26-30
13858,4,Blue One M,3000,3,North,Male,28,0,103,0.75,9000,0,4,26-30
13859,4,Blue One M,3000,2,Littoral,Female,21,1,104,0.5,6000,0,4,21-25
13861,4,Blue One M,3000,3,North,Male,18,0,84,0.75,9000,0,5,<=20
13862,6,Blue One M,3000,2,North,Male,29,0,136,0.3333333333333333,6000,0,3,26-30
13863,8,Blue One L,5000,2,North,Male,23,0,202,0.25,10000,0,1,21-25
13864,6,Blue One M,3000,2,Littoral,Female,25,0,151,0.3333333333333333,6000,0,2,21-25
13866,8,Blue One L,5000,0,Far North,Male,32,1,201,0.0,0,1,1,>30
13869,7,Blue One L,5000,3,North,Female,31,0,175,0.42857142857142855,15000,0,2,>30
13870,6,Blue One M,3000,0,Littoral,Male,27,1,154,0.0,0,1,2,26-30
13871,6,Blue One M,3000,0,Littoral,Female,23,1,154,0.0,0,1,2,21-25
13872,7,Blue One L,5000,3,South West,Male,26,0,171,0.42857142857142855,15000,0,2,26-30
13873,7,Blue One L,5000,0,Far North,Female,25,1,165,0.0,0,1,2,21-25
13874,7,Blue One L,5000,0,West,Female,30,1,184,0.0,0,1,1,26-30
13875,7,Blue One L,5000,0,West,Female,20,1,184,0.0,0,1,1,<=20
13876,7,Blue One L,5000,0,East,Female,26,1,182,0.0,0,1,1,26-30
13877,7,Blue One L,5000,2,Centre,Female,27,1,170,0.2857142857142857,10000,0,2,26-30
13878,7,Blue One L,5000,0,Centre,Female,28,1,189,0.0,0,1,1,26-30
13880,7,Blue One L,5000,2,North West,Female,29,0,164,0.2857142857142857,10000,0,2,26-30
13881,7,Blue One L,5000,2,East,Female,28,0,165,0.2857142857142857,10000,0,2,26-30
13882,6,Blue One M,3000,0,North West,Male,24,1,158,0.0,0,1,2,21-25
13883,7,Blue One L,5000,0,North,Male,29,1,192,0.0,0,1,1,26-30
13884,7,Blue One L,5000,0,South West,Male,25,1,189,0.0,0,1,1,21-25
13888,4,Blue One M,3000,3,North,Male,24,0,88,0.75,9000,0,5,21-25
13889,5,Blue One M,3000,2,North,Male,29,0,113,0.4,6000,0,4,26-30
13890,7,Blue One L,5000,2,West,Female,28,1,178,0.2857142857142857,10000,0,1,26-30
13891,5,Blue One M,3000,0,East,Female,25,1,109,0.0,0,1,4,21-25
13892,7,Blue One L,5000,2,North West,Male,24,1,192,0.2857142857142857,10000,0,1,21-25
13893,8,Blue One L,5000,0,South,Male,25,1,195,0.0,0,1,1,21-25
13895,4,Blue One M,3000,3,Far North,Male,24,0,90,0.75,9000,0,4,21-25
13898,4,Blue One M,3000,2,East,Female,25,1,77,0.5,6000,0,5,21-25
13899,6,Blue One M,3000,3,North,Female,28,0,156,0.5,9000,0,2,26-30
13900,7,Blue One L,5000,0,Centre,Male,26,1,189,0.0,0,1,1,26-30
13901,5,Blue One M,3000,3,West,Male,25,0,132,0.6,9000,0,3,21-25
13902,7,Blue One L,5000,0,North,Male,31,1,185,0.0,0,1,1,>30
13903,5,Blue One M,3000,2,Far North,Male,28,0,130,0.4,6000,0,3,26-30
13904,6,Blue One M,3000,0,Far North,Male,28,1,151,0.0,0,1,2,26-30
13905,4,Blue One M,3000,3,Littoral,Female,24,0,80,0.75,9000,0,5,21-25
13906,7,Blue One L,5000,3,East,Female,30,0,186,0.42857142857142855,15000,0,1,26-30
13907,8,Blue One L,5000,2,Littoral,Female,29,1,195,0.25,10000,0,1,26-30
13910,8,Blue One L,5000,0,Far North,Female,29,1,200,0.0,0,1,1,26-30
13911,7,Blue One L,5000,3,South West,Female,25,0,180,0.42857142857142855,15000,0,1,21-25
13914,7,Blue One L,5000,2,South West,Female,26,0,168,0.2857142857142857,10000,0,2,26-30
13915,6,Blue One M,3000,2,West,Male,23,1,147,0.3333333333333333,6000,0,3,21-25
13916,8,Blue One L,5000,3,North West,Female,26,0,195,0.375,15000,0,1,26-30
13917,5,Blue One M,3000,2,North,Male,21,0,111,0.4,6000,0,4,21-25
13919,4,Blue One M,3000,3,Littoral,Male,24,0,81,0.75,9000,0,5,21-25
13922,6,Blue One M,3000,3,Far North,Female,25,0,153,0.5,9000,0,2,21-25
13923,4,Blue One M,3000,2,South,Female,26,0,104,0.5,6000,0,4,26-30
13924,4,Blue One M,3000,2,Far North,Male,21,0,91,0.5,6000,0,4,21-25
13926,8,Blue One L,5000,0,West,Female,30,1,201,0.0,0,1,1,26-30
13927,8,Blue One L,5000,0,Littoral,Male,26,1,201,0.0,0,1,1,26-30
13928,4,Blue One M,3000,2,East,Male,27,0,96,0.5,6000,0,4,26-30
13931,8,Blue One L,5000,0,West,Male,26,1,199,0.0,0,1,1,26-30
13934,6,Blue One M,3000,2,South West,Female,26,1,155,0.3333333333333333,6000,0,2,26-30
13937,4,Blue One M,3000,2,North West,Male,26,0,102,0.5,6000,0,4,26-30
