modele,courbe,x,y
Regression logistique,roc,0.0,0.0
Regression logistique,roc,0.0,0.003911342894393742
Regression logistique,roc,0.0,0.02998696219035202
Regression logistique,roc,0.0,0.03389830508474576
Regression logistique,roc,0.0,0.04563233376792699
Regression logistique,roc,0.0,0.07170795306388526
Regression logistique,roc,0.0,0.16166883963494133
Regression logistique,roc,0.0,0.21773142112125163
Regression logistique,roc,0.0,0.23468057366362452
Regression logistique,roc,0.0,0.2405475880052151
Regression logistique,roc,0.0,0.3109517601043025
Regression logistique,roc,0.0,0.3259452411994785
Regression logistique,roc,0.0,0.36897001303780963
Regression logistique,roc,0.0,0.3852672750977836
Regression logistique,roc,0.0,0.4276401564537158
Regression logistique,roc,0.0,0.4863102998696219
Regression logistique,roc,0.0006161429451632779,0.48891786179921776
Regression logistique,roc,0.0018484288354898336,0.49022164276401564
Regression logistique,roc,0.0024645717806531116,0.4908735332464146
Regression logistique,roc,0.0030807147258163892,0.4915254237288136
Regression logistique,roc,0.0036968576709796672,0.4921773142112125
Regression logistique,roc,0.005545286506469501,0.49282920469361147
Regression logistique,roc,0.0061614294516327784,0.49478487614080835
Regression logistique,roc,0.006777572396796057,0.49608865710560623
Regression logistique,roc,0.008009858287122612,0.49674054758800523
Regression logistique,roc,0.009242144177449169,0.49869621903520206
Regression logistique,roc,0.011090573012939002,0.500651890482399
Regression logistique,roc,0.01170671595810228,0.5026075619295959
Regression logistique,roc,0.012322858903265557,0.5032594524119948
Regression logistique,roc,0.012939001848428836,0.5039113428943938
Regression logistique,roc,0.014171287738755391,0.5052151238591917
Regression logistique,roc,0.014787430683918669,0.5078226857887875
Regression logistique,roc,0.016019716574245224,0.5091264667535854
Regression logistique,roc,0.0166358595194085,0.5110821382007823
Regression logistique,roc,0.017868145409735057,0.5117340286831812
Regression logistique,roc,0.018484288354898338,0.5123859191655802
Regression logistique,roc,0.019100431300061615,0.5130378096479792
Regression logistique,roc,0.019716574245224893,0.5136897001303781
Regression logistique,roc,0.02033271719038817,0.5143415906127771
Regression logistique,roc,0.02341343191620456,0.5149934810951761
Regression logistique,roc,0.024029574861367836,0.5169491525423728
Regression logistique,roc,0.024645717806531114,0.5176010430247718
Regression logistique,roc,0.027110289587184228,0.5182529335071708
Regression logistique,roc,0.02895871842267406,0.5189048239895697
Regression logistique,roc,0.029574861367837338,0.5195567144719687
Regression logistique,roc,0.030191004313000615,0.5221642764015645
Regression logistique,roc,0.030807147258163893,0.5228161668839635
Regression logistique,roc,0.031423290203327174,0.5260756192959583
Regression logistique,roc,0.03203943314849045,0.5267275097783573
Regression logistique,roc,0.03265557609365373,0.5273794002607562
Regression logistique,roc,0.033271719038817,0.5280312907431551
Regression logistique,roc,0.033887861983980284,0.529986962190352
Regression logistique,roc,0.035736290819470114,0.530638852672751
Regression logistique,roc,0.036968576709796676,0.5312907431551499
Regression logistique,roc,0.039433148490449786,0.5332464146023468
Regression logistique,roc,0.04066543438077634,0.5365058670143416
Regression logistique,roc,0.041281577325939615,0.5378096479791395
Regression logistique,roc,0.041897720271102896,0.5391134289439374
Regression logistique,roc,0.04251386321626617,0.5397653194263363
Regression logistique,roc,0.04313000616142945,0.5404172099087353
Regression logistique,roc,0.04374614910659273,0.5417209908735332
Regression logistique,roc,0.04436229205175601,0.5423728813559322
Regression logistique,roc,0.04559457794208256,0.5430247718383312
Regression logistique,roc,0.0474430067775724,0.5449804432855281
Regression logistique,roc,0.05052372150338879,0.545632333767927
Regression logistique,roc,0.051139864448552064,0.546284224250326
Regression logistique,roc,0.05483672211953173,0.5488917861799217
Regression logistique,roc,0.05545286506469501,0.5521512385919165
Regression logistique,roc,0.056069008009858284,0.5528031290743155
Regression logistique,roc,0.056685150955021565,0.5534550195567145
Regression logistique,roc,0.05730129390018484,0.5541069100391134
Regression logistique,roc,0.0585335797905114,0.5560625814863103
Regression logistique,roc,0.059149722735674676,0.5567144719687093
Regression logistique,roc,0.06038200862600123,0.5586701434159062
Regression logistique,roc,0.06099815157116451,0.559322033898305
Regression logistique,roc,0.06284658040665435,0.559973924380704
Regression logistique,roc,0.06346272335181762,0.5612777053455019
Regression logistique,roc,0.066543438077634,0.5625814863102999
Regression logistique,roc,0.06715958102279729,0.5645371577574967
Regression logistique,roc,0.06777572396796057,0.5658409387222947
Regression logistique,roc,0.06839186691312385,0.5743155149934811
Regression logistique,roc,0.0696241528034504,0.5749674054758801
Regression logistique,roc,0.07085643869377696,0.5769230769230769
Regression logistique,roc,0.07147258163894023,0.5775749674054759
Regression logistique,roc,0.07270486752926679,0.5782268578878749
Regression logistique,roc,0.07701786814540973,0.5801825293350718
Regression logistique,roc,0.07763401109057301,0.5840938722294654
Regression logistique,roc,0.07825015403573629,0.5847457627118644
Regression logistique,roc,0.08009858287122612,0.5860495436766623
Regression logistique,roc,0.0807147258163894,0.5873533246414603
Regression logistique,roc,0.08256315465187923,0.5880052151238592
Regression logistique,roc,0.08379544054220579,0.5893089960886571
Regression logistique,roc,0.08441158348736907,0.5932203389830508
Regression logistique,roc,0.0862600123228589,0.5951760104302477
Regression logistique,roc,0.08749229821318547,0.5958279009126467
Regression logistique,roc,0.08872458410351201,0.5971316818774446
Regression logistique,roc,0.0893407270486753,0.5990873533246415
Regression logistique,roc,0.09057301293900184,0.5997392438070405
Regression logistique,roc,0.0918052988293284,0.6023468057366362
Regression logistique,roc,0.09242144177449169,0.6029986962190352
Regression logistique,roc,0.09426987060998152,0.6036505867014341
Regression logistique,roc,0.09550215650030808,0.6082138200782269
Regression logistique,roc,0.09673444239063463,0.6088657105606258
Regression logistique,roc,0.09796672828096119,0.6095176010430248
Regression logistique,roc,0.09858287122612445,0.6121251629726207
Regression logistique,roc,0.09919901417128774,0.6134289439374185
Regression logistique,roc,0.09981515711645102,0.6140808344198174
Regression logistique,roc,0.1004313000616143,0.6153846153846154
Regression logistique,roc,0.10104744300677758,0.6160365058670143
Regression logistique,roc,0.10166358595194085,0.6179921773142112
Regression logistique,roc,0.10227972889710413,0.6192959582790091
Regression logistique,roc,0.1059765865680838,0.6199478487614081
Regression logistique,roc,0.10659272951324707,0.621903520208605
Regression logistique,roc,0.11090573012939002,0.6238591916558018
Regression logistique,roc,0.11275415896487985,0.6264667535853976
Regression logistique,roc,0.11398644485520641,0.6271186440677966
Regression logistique,roc,0.1170671595810228,0.6277705345501956
Regression logistique,roc,0.11891558841651263,0.6284224250325945
Regression logistique,roc,0.11953173136167591,0.6290743155149935
Regression logistique,roc,0.12014787430683918,0.6310299869621904
Regression logistique,roc,0.12138016019716574,0.6323337679269883
Regression logistique,roc,0.12199630314232902,0.6336375488917861
Regression logistique,roc,0.12384473197781885,0.6349413298565841
Regression logistique,roc,0.12446087492298213,0.636245110821382
Regression logistique,roc,0.1250770178681454,0.6375488917861799
Regression logistique,roc,0.1256931608133087,0.6382007822685789
Regression logistique,roc,0.12754158964879853,0.6388526727509778
Regression logistique,roc,0.1287738755391251,0.6395045632333768
Regression logistique,roc,0.13000616142945162,0.6401564537157758
Regression logistique,roc,0.13185459026494148,0.6401564537157758
Regression logistique,roc,0.13247073321010475,0.6453715775749674
Regression logistique,roc,0.133086876155268,0.6460234680573663
Regression logistique,roc,0.13493530499075784,0.6466753585397653
Regression logistique,roc,0.1367837338262477,0.6486310299869622
Regression logistique,roc,0.13801601971657423,0.6499348109517601
Regression logistique,roc,0.13863216266173753,0.651890482398957
Regression logistique,roc,0.1392483056069008,0.652542372881356
Regression logistique,roc,0.1398644485520641,0.6538461538461539
Regression logistique,roc,0.1423290203327172,0.6544980443285529
Regression logistique,roc,0.1447935921133703,0.6558018252933507
Regression logistique,roc,0.14602587800369685,0.6564537157757496
Regression logistique,roc,0.1472581638940234,0.6571056062581486
Regression logistique,roc,0.1478743068391867,0.6577574967405476
Regression logistique,roc,0.14910659272951324,0.6616688396349413
Regression logistique,roc,0.1503388786198398,0.6642764015645372
Regression logistique,roc,0.15095502156500307,0.6649282920469362
Regression logistique,roc,0.15157116451016636,0.6694915254237288
Regression logistique,roc,0.15280345040049292,0.6701434159061278
Regression logistique,roc,0.1534195933456562,0.6707953063885267
Regression logistique,roc,0.15465187923598275,0.6714471968709257
Regression logistique,roc,0.15588416512630932,0.6727509778357236
Regression logistique,roc,0.15650030807147258,0.6747066492829205
Regression logistique,roc,0.15773259396179914,0.6753585397653195
Regression logistique,roc,0.1583487369069624,0.6779661016949152
Regression logistique,roc,0.16019716574245224,0.6838331160365059
Regression logistique,roc,0.1614294516327788,0.6844850065189049
Regression logistique,roc,0.16204559457794207,0.6851368970013038
Regression logistique,roc,0.16327788046826863,0.6870925684485006
Regression logistique,roc,0.16389402341343193,0.6877444589308996
Regression logistique,roc,0.1645101663585952,0.6883963494132985
Regression logistique,roc,0.1645101663585952,0.6903520208604954
Regression logistique,roc,0.16512630930375846,0.6923076923076923
Regression logistique,roc,0.16635859519408502,0.6936114732724902
Regression logistique,roc,0.16820702402957485,0.6942633637548892
Regression logistique,roc,0.17005545286506468,0.6949152542372882
Regression logistique,roc,0.17128773875539124,0.6975228161668839
Regression logistique,roc,0.17375231053604437,0.6988265971316818
Regression logistique,roc,0.1756007393715342,0.7007822685788787
Regression logistique,roc,0.17683302526186076,0.7027379400260756
Regression logistique,roc,0.17744916820702403,0.7053455019556715
Regression logistique,roc,0.1780653111521873,0.7066492829204694
Regression logistique,roc,0.1786814540973506,0.7073011734028684
Regression logistique,roc,0.17929759704251386,0.7092568448500652
Regression logistique,roc,0.18052988293284042,0.711212516297262
Regression logistique,roc,0.18114602587800369,0.711864406779661
Regression logistique,roc,0.18176216882316698,0.71251629726206
Regression logistique,roc,0.18237831176833025,0.7157757496740548
Regression logistique,roc,0.18299445471349354,0.7177314211212517
Regression logistique,roc,0.1836105976586568,0.7190352020860495
Regression logistique,roc,0.18422674060382008,0.7196870925684485
Regression logistique,roc,0.18545902649414664,0.7203389830508474
Regression logistique,roc,0.18730745532963647,0.7229465449804433
Regression logistique,roc,0.18792359827479976,0.7235984354628422
Regression logistique,roc,0.1897720271102896,0.7249022164276402
Regression logistique,roc,0.19100431300061615,0.7268578878748371
Regression logistique,roc,0.1922365988909427,0.728161668839635
Regression logistique,roc,0.19285274183610598,0.7288135593220338
Regression logistique,roc,0.19408502772643252,0.7294654498044328
Regression logistique,roc,0.1947011706715958,0.7314211212516297
Regression logistique,roc,0.19531731361675908,0.7320730117340287
Regression logistique,roc,0.19901417128773877,0.7327249022164276
Regression logistique,roc,0.19963031423290203,0.7340286831812256
Regression logistique,roc,0.2002464571780653,0.7359843546284224
Regression logistique,roc,0.20209488601355516,0.7372881355932204
Regression logistique,roc,0.2033271719038817,0.7385919165580183
Regression logistique,roc,0.203943314849045,0.7392438070404173
Regression logistique,roc,0.203943314849045,0.741199478487614
Regression logistique,roc,0.20517560073937152,0.741851368970013
Regression logistique,roc,0.20579174368453482,0.7451108213820078
Regression logistique,roc,0.20702402957486138,0.7464146023468058
Regression logistique,roc,0.2082563154651879,0.7470664928292047
Regression logistique,roc,0.2088724584103512,0.7496740547588006
Regression logistique,roc,0.20948860135551448,0.7516297262059974
Regression logistique,roc,0.21010474430067777,0.7535853976531942
Regression logistique,roc,0.21072088724584104,0.7542372881355932
Regression logistique,roc,0.2119531731361676,0.7548891786179922
Regression logistique,roc,0.21256931608133087,0.7555410691003911
Regression logistique,roc,0.21318545902649413,0.7561929595827901
Regression logistique,roc,0.2144177449168207,0.7568448500651891
Regression logistique,roc,0.215033887861984,0.758148631029987
Regression logistique,roc,0.21626617375231053,0.758800521512386
Regression logistique,roc,0.2174984596426371,0.7594524119947849
Regression logistique,roc,0.21934688847812692,0.7614080834419817
Regression logistique,roc,0.22057917436845348,0.7620599739243807
Regression logistique,roc,0.22119531731361675,0.7627118644067796
Regression logistique,roc,0.22181146025878004,0.7640156453715776
Regression logistique,roc,0.2224276032039433,0.7653194263363755
Regression logistique,roc,0.2230437461491066,0.7666232073011734
Regression logistique,roc,0.22365988909426987,0.7672750977835724
Regression logistique,roc,0.22427603203943314,0.7679269882659713
Regression logistique,roc,0.22489217498459643,0.7685788787483703
Regression logistique,roc,0.2255083179297597,0.7705345501955672
Regression logistique,roc,0.22674060382008626,0.7737940026075619
Regression logistique,roc,0.22735674676524953,0.7744458930899609
Regression logistique,roc,0.22797288971041282,0.7764015645371578
Regression logistique,roc,0.23043746149106592,0.7770534550195567
Regression logistique,roc,0.23105360443622922,0.7783572359843546
Regression logistique,roc,0.23166974738139248,0.7796610169491526
Regression logistique,roc,0.23228589032655575,0.7816166883963495
Regression logistique,roc,0.23536660505237214,0.7822685788787483
Regression logistique,roc,0.23783117683302527,0.7842242503259452
Regression logistique,roc,0.23844731977818853,0.7848761408083442
Regression logistique,roc,0.23906346272335183,0.7855280312907431
Regression logistique,roc,0.2396796056685151,0.78748370273794
Regression logistique,roc,0.24029574861367836,0.7907431551499348
Regression logistique,roc,0.24091189155884166,0.7920469361147328
Regression logistique,roc,0.24276032039433149,0.7933507170795306
Regression logistique,roc,0.24399260628465805,0.7940026075619296
Regression logistique,roc,0.24399260628465805,0.7972620599739244
Regression logistique,roc,0.24645717806531114,0.7979139504563233
Regression logistique,roc,0.2476894639556377,0.7998696219035202
Regression logistique,roc,0.24830560690080097,0.8011734028683182
Regression logistique,roc,0.24892174984596427,0.8018252933507171
Regression logistique,roc,0.2501540357362908,0.8044328552803129
Regression logistique,roc,0.2513863216266174,0.8050847457627118
Regression logistique,roc,0.2526186075169439,0.8076923076923077
Regression logistique,roc,0.2544670363524338,0.8083441981747066
Regression logistique,roc,0.25508317929759705,0.8096479791395046
Regression logistique,roc,0.2556993222427603,0.8109517601043025
Regression logistique,roc,0.2563154651879236,0.8122555410691004
Regression logistique,roc,0.2575477510782502,0.8142112125162972
Regression logistique,roc,0.25939617991374,0.8161668839634941
Regression logistique,roc,0.26001232285890324,0.817470664928292
Regression logistique,roc,0.26124460874922983,0.818122555410691
Regression logistique,roc,0.26247689463955637,0.81877444589309
Regression logistique,roc,0.26309303758471964,0.8200782268578879
Regression logistique,roc,0.26370918052988296,0.8213820078226858
Regression logistique,roc,0.26555760936537276,0.8213820078226858
Regression logistique,roc,0.26678989525569935,0.8226857887874837
Regression logistique,roc,0.2674060382008626,0.8233376792698827
Regression logistique,roc,0.26863832409118915,0.8239895697522817
Regression logistique,roc,0.2692544670363524,0.8252933507170795
Regression logistique,roc,0.27171903881700554,0.8259452411994785
Regression logistique,roc,0.2735674676524954,0.8292046936114733
Regression logistique,roc,0.27418361059765867,0.8305084745762712
Regression logistique,roc,0.27479975354282193,0.8311603650586702
Regression logistique,roc,0.2766481823783118,0.833767926988266
Regression logistique,roc,0.2784966112138016,0.8350717079530638
Regression logistique,roc,0.27911275415896486,0.8370273794002607
Regression logistique,roc,0.28034504004929145,0.8376792698826597
Regression logistique,roc,0.281577325939618,0.8383311603650587
Regression logistique,roc,0.28219346888478125,0.8389830508474576
Regression logistique,roc,0.2828096118299446,0.8396349413298566
Regression logistique,roc,0.2840418977202711,0.8402868318122555
Regression logistique,roc,0.2846580406654344,0.8409387222946545
Regression logistique,roc,0.28527418361059764,0.8415906127770535
Regression logistique,roc,0.2871226124460875,0.8428943937418514
Regression logistique,roc,0.28773875539125077,0.8435462842242504
Regression logistique,roc,0.2889710412815773,0.8455019556714471
Regression logistique,roc,0.2895871842267406,0.8461538461538461
Regression logistique,roc,0.29081947011706716,0.847457627118644
Regression logistique,roc,0.2920517560073937,0.8500651890482399
Regression logistique,roc,0.292667898952557,0.8520208604954368
Regression logistique,roc,0.2951324707332101,0.8526727509778357
Regression logistique,roc,0.2957486136783734,0.8546284224250326
Regression logistique,roc,0.29698089956869994,0.8578878748370273
Regression logistique,roc,0.2975970425138632,0.8585397653194263
Regression logistique,roc,0.2988293284041898,0.8598435462842242
Regression logistique,roc,0.29944547134935307,0.8604954367666232
Regression logistique,roc,0.30006161429451633,0.8617992177314211
Regression logistique,roc,0.3006777572396796,0.863754889178618
Regression logistique,roc,0.30437461491065926,0.8657105606258149
Regression logistique,roc,0.3049907578558225,0.8670143415906127
Regression logistique,roc,0.3062230437461491,0.8676662320730117
Regression logistique,roc,0.30868761552680224,0.8696219035202086
Regression logistique,roc,0.3099199014171288,0.8715775749674055
Regression logistique,roc,0.3111521873074553,0.8728813559322034
Regression logistique,roc,0.31176833025261863,0.8754889178617992
Regression logistique,roc,0.3123844731977819,0.8761408083441982
Regression logistique,roc,0.31300061614294516,0.8767926988265972
Regression logistique,roc,0.31361675908810843,0.877444589308996
Regression logistique,roc,0.3142329020332717,0.878748370273794
Regression logistique,roc,0.314849044978435,0.8800521512385919
Regression logistique,roc,0.3166974738139248,0.8807040417209909
Regression logistique,roc,0.3173136167590881,0.8865710560625815
Regression logistique,roc,0.3179297597042514,0.8878748370273793
Regression logistique,roc,0.3197781885397412,0.8885267275097783
Regression logistique,roc,0.32162661737523107,0.8891786179921773
Regression logistique,roc,0.3234750462107209,0.8898305084745762
Regression logistique,roc,0.32532347504621073,0.8911342894393742
Regression logistique,roc,0.325939617991374,0.8917861799217731
Regression logistique,roc,0.32655576093653726,0.8924380704041721
Regression logistique,roc,0.32778804682686385,0.8930899608865711
Regression logistique,roc,0.3302526186075169,0.89374185136897
Regression logistique,roc,0.33271719038817005,0.894393741851369
Regression logistique,roc,0.33518176216882317,0.8950456323337679
Regression logistique,roc,0.337030191004313,0.8956975228161669
Regression logistique,roc,0.33826247689463956,0.8963494132985659
Regression logistique,roc,0.34011090573012936,0.8976531942633638
Regression logistique,roc,0.3407270486752927,0.8989569752281616
Regression logistique,roc,0.34134319162045595,0.9015645371577575
Regression logistique,roc,0.34134319162045595,0.9048239895697523
Regression logistique,roc,0.3450400492914356,0.9067796610169492
Regression logistique,roc,0.3456561922365989,0.909387222946545
Regression logistique,roc,0.34627233518176215,0.910039113428944
Regression logistique,roc,0.34688847812692547,0.9106910039113429
Regression logistique,roc,0.34750462107208874,0.9139504563233377
Regression logistique,roc,0.34873690696241527,0.9159061277705346
Regression logistique,roc,0.34935304990757854,0.9165580182529335
Regression logistique,roc,0.34996919285274186,0.9178617992177314
Regression logistique,roc,0.35243376463339493,0.9230769230769231
Regression logistique,roc,0.3536660505237215,0.923728813559322
Regression logistique,roc,0.3542821934688848,0.924380704041721
Regression logistique,roc,0.3555144793592113,0.9250325945241199
Regression logistique,roc,0.3561306223043746,0.9256844850065189
Regression logistique,roc,0.3573629081947012,0.9263363754889179
Regression logistique,roc,0.3585951940850277,0.9282920469361148
Regression logistique,roc,0.3598274799753543,0.9289439374185137
Regression logistique,roc,0.36105976586568084,0.9295958279009127
Regression logistique,roc,0.3616759088108441,0.9302477183833116
Regression logistique,roc,0.36229205175600737,0.9315514993481095
Regression logistique,roc,0.36537276648182376,0.9322033898305084
Regression logistique,roc,0.3659889094269871,0.9335071707953064
Regression logistique,roc,0.3672211953173136,0.9341590612777053
Regression logistique,roc,0.3678373382624769,0.9354628422425033
Regression logistique,roc,0.3690696241528035,0.9361147327249022
Regression logistique,roc,0.36968576709796674,0.9367666232073012
Regression logistique,roc,0.3709180529882933,0.9374185136897001
Regression logistique,roc,0.3721503388786198,0.9380704041720991
Regression logistique,roc,0.37276648182378314,0.940026075619296
Regression logistique,roc,0.3733826247689464,0.9419817470664928
Regression logistique,roc,0.3752310536044362,0.9426336375488917
Regression logistique,roc,0.37769562538508933,0.9432855280312907
Regression logistique,roc,0.3789279112754159,0.9445893089960886
Regression logistique,roc,0.381392483056069,0.9452411994784876
Regression logistique,roc,0.3820086260012323,0.9458930899608866
Regression logistique,roc,0.3844731977818854,0.9465449804432855
Regression logistique,roc,0.38632162661737524,0.9471968709256845
Regression logistique,roc,0.38755391250770177,0.9478487614080835
Regression logistique,roc,0.38817005545286504,0.9491525423728814
Regression logistique,roc,0.392483056069008,0.9504563233376793
Regression logistique,roc,0.3955637707948244,0.9517601043024772
Regression logistique,roc,0.39679605668515094,0.9524119947848761
Regression logistique,roc,0.39802834257547753,0.953715775749674
Regression logistique,roc,0.39987677141096734,0.954367666232073
Regression logistique,roc,0.4011090573012939,0.9550195567144719
Regression logistique,roc,0.4017252002464572,0.9556714471968709
Regression logistique,roc,0.40234134319162046,0.9569752281616688
Regression logistique,roc,0.4029574861367837,0.9582790091264668
Regression logistique,roc,0.4091189155884165,0.9589308996088657
Regression logistique,roc,0.41158348736906963,0.9595827900912647
Regression logistique,roc,0.4121996303142329,0.9602346805736637
Regression logistique,roc,0.41281577325939617,0.9615384615384616
Regression logistique,roc,0.41343191620455944,0.9621903520208605
Regression logistique,roc,0.4152803450400493,0.9628422425032594
Regression logistique,roc,0.4177449168207024,0.9641460234680573
Regression logistique,roc,0.4214417744916821,0.9647979139504563
Regression logistique,roc,0.42205791743684534,0.9661016949152542
Regression logistique,roc,0.4226740603820086,0.9667535853976532
Regression logistique,roc,0.4232902033271719,0.9674054758800521
Regression logistique,roc,0.4239063462723352,0.9680573663624511
Regression logistique,roc,0.42637091805298827,0.970664928292047
Regression logistique,roc,0.4288354898336414,0.9719687092568449
Regression logistique,roc,0.430067775723968,0.9739243807040417
Regression logistique,roc,0.4313000616142945,0.9745762711864406
Regression logistique,roc,0.43253234750462105,0.9752281616688396
Regression logistique,roc,0.4343807763401109,0.9758800521512386
Regression logistique,roc,0.43684534812076403,0.9778357235984355
Regression logistique,roc,0.4405422057917437,0.9797913950456323
Regression logistique,roc,0.4448552064078866,0.9810951760104303
Regression logistique,roc,0.4454713493530499,0.983702737940026
Regression logistique,roc,0.44731977818853974,0.9850065189048239
Regression logistique,roc,0.4485520640788663,0.9856584093872229
Regression logistique,roc,0.44978434996919286,0.9863102998696219
Regression logistique,roc,0.4553296364756624,0.9869621903520208
Regression logistique,roc,0.4565619223659889,0.9876140808344198
Regression logistique,roc,0.4602587800369686,0.9882659713168188
Regression logistique,roc,0.46087492298213184,0.9889178617992177
Regression logistique,roc,0.4614910659272951,0.9895697522816167
Regression logistique,roc,0.4627233518176217,0.9902216427640157
Regression logistique,roc,0.46395563770794823,0.9908735332464146
Regression logistique,roc,0.4651879235982748,0.9915254237288136
Regression logistique,roc,0.4658040665434381,0.9921773142112125
Regression logistique,roc,0.4682686383240912,0.9928292046936115
Regression logistique,roc,0.47196549599507087,0.9934810951760105
Regression logistique,roc,0.4738139248305607,0.9941329856584094
Regression logistique,roc,0.4762784966112138,0.9947848761408083
Regression logistique,roc,0.47689463955637706,0.9954367666232073
Regression logistique,roc,0.47812692544670365,0.9960886571056062
Regression logistique,roc,0.4787430683918669,0.9967405475880052
Regression logistique,roc,0.48860135551447936,0.9973924380704041
Regression logistique,roc,0.492298213185459,0.9973924380704041
Regression logistique,roc,0.49476278496611215,0.9980443285528031
Regression logistique,roc,0.5046210720887245,0.9986962190352021
Regression logistique,roc,0.5052372150338879,0.999348109517601
Regression logistique,roc,0.5089340727048676,1.0
Regression logistique,roc,0.6204559457794209,1.0
Regression logistique,roc,0.6709796672828097,1.0
Regression logistique,roc,0.674060382008626,1.0
Regression logistique,roc,0.7744916820702403,1.0
Regression logistique,roc,0.8009858287122612,1.0
Regression logistique,pr,1.0,0.48590433956287615
Regression logistique,pr,1.0,0.4874483635208135
Regression logistique,pr,1.0,0.4890022314313038
Regression logistique,pr,1.0,0.49056603773584906
Regression logistique,pr,1.0,0.49213987808790505
Regression logistique,pr,1.0,0.49372384937238495
Regression logistique,pr,1.0,0.49531804972554083
Regression logistique,pr,1.0,0.49692257855523164
Regression logistique,pr,1.0,0.49853753656158595
Regression logistique,pr,1.0,0.5001630257580698
Regression logistique,pr,1.0,0.501799149492967
Regression logistique,pr,1.0,0.5034460124712832
Regression logistique,pr,1.0,0.5051037207770827
Regression logistique,pr,1.0,0.5067723818962669
Regression logistique,pr,1.0,0.5084521047398077
Regression logistique,pr,1.0,0.5101429996674426
Regression logistique,pr,1.0,0.5118451785118452
Regression logistique,pr,1.0,0.5135587546032809
Regression logistique,pr,1.0,0.5152838427947598
Regression logistique,pr,1.0,0.517020559487698
Regression logistique,pr,1.0,0.5187690226580994
Regression logistique,pr,1.0,0.5205293518832711
Regression logistique,pr,1.0,0.5223016683690841
Regression logistique,pr,1.0,0.524086094977793
Regression logistique,pr,1.0,0.5258827562564279
Regression logistique,pr,1.0,0.5276917784657723
Regression logistique,pr,1.0,0.5295132896099414
Regression logistique,pr,1.0,0.5313474194665743
Regression logistique,pr,1.0,0.5331942996176573
Regression logistique,pr,1.0,0.5350540634809906
Regression logistique,pr,1.0,0.5369268463423171
Regression logistique,pr,1.0,0.5388127853881278
Regression logistique,pr,1.0,0.540712019739161
Regression logistique,pr,1.0,0.5428167020523709
Regression logistique,pr,1.0,0.5447443181818182
Regression logistique,pr,1.0,0.5466856735566643
Regression logistique,pr,1.0,0.5486409155937053
Regression logistique,pr,1.0,0.5508078994614004
Regression logistique,pr,1.0,0.5527927927927928
Regression logistique,pr,1.0,0.5547920433996384
Regression logistique,pr,1.0,0.5568058076225045
Regression logistique,pr,1.0,0.5588342440801457
Regression logistique,pr,1.0,0.5608775137111517
Regression logistique,pr,1.0,0.5629357798165138
Regression logistique,pr,1.0,0.5650092081031307
Regression logistique,pr,1.0,0.5670979667282809
Regression logistique,pr,1.0,0.5692022263450834
Regression logistique,pr,1.0,0.5713221601489757
Regression logistique,pr,1.0,0.5734579439252336
Regression logistique,pr,1.0,0.5756097560975609
Regression logistique,pr,1.0,0.5777777777777777
Regression logistique,pr,1.0,0.5799621928166352
Regression logistique,pr,1.0,0.5821631878557875
Regression logistique,pr,1.0,0.5846036585365854
Regression logistique,pr,1.0,0.5870646766169154
Regression logistique,pr,1.0,0.5893200153668844
Regression logistique,pr,1.0,0.5915927497107597
Regression logistique,pr,1.0,0.5938830816879598
Regression logistique,pr,1.0,0.5961912164788185
Regression logistique,pr,1.0,0.5985173624658603
Regression logistique,pr,1.0,0.6008617312965139
Regression logistique,pr,1.0,0.6032245379473063
Regression logistique,pr,1.0,0.6058451816745656
Regression logistique,pr,1.0,0.6082474226804123
Regression logistique,pr,1.0,0.6106687898089171
Regression logistique,pr,1.0,0.6131095123900879
Regression logistique,pr,1.0,0.615569823434992
Regression logistique,pr,1.0,0.6180499597099114
Regression logistique,pr,1.0,0.6205501618122977
Regression logistique,pr,1.0,0.6230706742485784
Regression logistique,pr,1.0,0.6256117455138662
Regression logistique,pr,1.0,0.6281736281736282
Regression logistique,pr,1.0,0.6307565789473685
Regression logistique,pr,1.0,0.6333608587943848
Regression logistique,pr,1.0,0.6359867330016584
Regression logistique,pr,1.0,0.6386344712739384
Regression logistique,pr,1.0,0.6413043478260869
Regression logistique,pr,1.0,0.6439966414777498
Regression logistique,pr,1.0,0.6467116357504216
Regression logistique,pr,1.0,0.6494496189669772
Regression logistique,pr,0.9986962190352021,0.6513605442176871
Regression logistique,pr,0.9980443285528031,0.6537147736976943
Regression logistique,pr,0.9973924380704041,0.6560891938250428
Regression logistique,pr,0.9967405475880052,0.6587677725118484
Regression logistique,pr,0.9967405475880052,0.6616183470359152
Regression logistique,pr,0.9954367666232073,0.6636245110821382
Regression logistique,pr,0.9934810951760105,0.6652116979484941
Regression logistique,pr,0.9921773142112125,0.6675438596491228
Regression logistique,pr,0.9902216427640157,0.6691629955947137
Regression logistique,pr,0.9876140808344198,0.6703539823008849
Regression logistique,pr,0.9863102998696219,0.6724444444444444
Regression logistique,pr,0.9856584093872229,0.675
Regression logistique,pr,0.9823989569752282,0.6757847533632287
Regression logistique,pr,0.9797913950456323,0.6773321315908066
Regression logistique,pr,0.9778357235984355,0.679040289723857
Regression logistique,pr,0.9752281616688396,0.6803092314688495
Regression logistique,pr,0.9719687092568449,0.6817558299039781
Regression logistique,pr,0.9680573663624511,0.6821313734497014
Regression logistique,pr,0.9661016949152542,0.683894785417628
Regression logistique,pr,0.9641460234680573,0.6856745479833102
Regression logistique,pr,0.9621903520208605,0.6874708896134141
Regression logistique,pr,0.9589308996088657,0.6883481516144128
Regression logistique,pr,0.9582790091264668,0.691114245416079
Regression logistique,pr,0.9550195567144719,0.69234404536862
Regression logistique,pr,0.9524119947848761,0.694061757719715
Regression logistique,pr,0.9491525423728814,0.6956521739130435
Regression logistique,pr,0.9478487614080835,0.6980316850696111
Regression logistique,pr,0.9465449804432855,0.7007722007722008
Regression logistique,pr,0.9445893089960886,0.7027158098933075
Regression logistique,pr,0.9426336375488917,0.7046783625730995
Regression logistique,pr,0.9380704041720991,0.7047012732615083
Regression logistique,pr,0.9354628422425033,0.7062007874015748
Regression logistique,pr,0.9315514993481095,0.7074257425742574
Regression logistique,pr,0.9289439374185137,0.7089552238805971
Regression logistique,pr,0.9256844850065189,0.71
Regression logistique,pr,0.9230769230769231,0.7119155354449472
Regression logistique,pr,0.9178617992177314,0.7114704396159677
Regression logistique,pr,0.9146023468057366,0.712544438801422
Regression logistique,pr,0.910039113428944,0.712608473711077
Regression logistique,pr,0.9054758800521513,0.7126731657260134
Regression logistique,pr,0.9022164276401564,0.7141382868937048
Regression logistique,pr,0.8976531942633638,0.7142116182572614
Regression logistique,pr,0.8956975228161669,0.7163712200208551
Regression logistique,pr,0.894393741851369,0.7190775681341719
Regression logistique,pr,0.8924380704041721,0.7212855637513171
Regression logistique,pr,0.8898305084745762,0.7229872881355932
Regression logistique,pr,0.8872229465449805,0.7250932338838573
Regression logistique,pr,0.8813559322033898,0.7245444801714899
Regression logistique,pr,0.878096479791395,0.7257543103448276
Regression logistique,pr,0.8741851368970013,0.7264355362946913
Regression logistique,pr,0.8702737940026075,0.7271241830065359
Regression logistique,pr,0.8676662320730117,0.7289156626506024
Regression logistique,pr,0.8650586701434159,0.731129476584022
Regression logistique,pr,0.8604954367666232,0.7313019390581718
Regression logistique,pr,0.8572359843546284,0.7325905292479109
Regression logistique,pr,0.8526727509778357,0.733595064498037
Regression logistique,pr,0.848109517601043,0.733784545967287
Regression logistique,pr,0.8448500651890483,0.7351106069200227
Regression logistique,pr,0.8415906127770535,0.7364517969195664
Regression logistique,pr,0.8383311603650587,0.7378083763625932
Regression logistique,pr,0.8350717079530638,0.7391806116560877
Regression logistique,pr,0.8324641460234681,0.7411491584445734
Regression logistique,pr,0.8292046936114733,0.7425569176882661
Regression logistique,pr,0.8252933507170795,0.7433940105695831
Regression logistique,pr,0.8226857887874837,0.7454223272297696
Regression logistique,pr,0.81877444589309,0.746730083234245
Regression logistique,pr,0.8161668839634941,0.7492519449431478
Regression logistique,pr,0.8122555410691004,0.7501505117399158
Regression logistique,pr,0.8076923076923077,0.7509090909090909
Regression logistique,pr,0.8044328552803129,0.7524390243902439
Regression logistique,pr,0.7998696219035202,0.752760736196319
Regression logistique,pr,0.7972620599739244,0.7549382716049383
Regression logistique,pr,0.7920469361147328,0.7551274083281542
Regression logistique,pr,0.788135593220339,0.7560975609756098
Regression logistique,pr,0.7842242503259452,0.7570799244808055
Regression logistique,pr,0.7816166883963495,0.759341355288157
Regression logistique,pr,0.7783572359843546,0.7609942638623327
Regression logistique,pr,0.7750977835723598,0.7626683771648493
Regression logistique,pr,0.7705345501955672,0.76307295029051
Regression logistique,pr,0.7666232073011734,0.7641325536062378
Regression logistique,pr,0.7627118644067796,0.7652060170045781
Regression logistique,pr,0.7594524119947849,0.7669519420671495
Regression logistique,pr,0.7568448500651891,0.7693836978131213
Regression logistique,pr,0.7542372881355932,0.7723631508678238
Regression logistique,pr,0.7490221642764016,0.7726967047747142
Regression logistique,pr,0.7444589308996089,0.7737127371273713
Regression logistique,pr,0.7392438070404173,0.7745901639344263
Regression logistique,pr,0.7359843546284224,0.7764786795048143
Regression logistique,pr,0.7327249022164276,0.778393351800554
Regression logistique,pr,0.7294654498044328,0.7803347280334728
Regression logistique,pr,0.7268578878748371,0.7835558678847505
Regression logistique,pr,0.7229465449804433,0.7848549186128804
Regression logistique,pr,0.7196870925684485,0.7868852459016393
Regression logistique,pr,0.7157757496740548,0.7882268485283561
Regression logistique,pr,0.711212516297262,0.7888647866955893
Regression logistique,pr,0.7066492829204694,0.7895120174799709
Regression logistique,pr,0.7007822685788787,0.789860396767083
Regression logistique,pr,0.6975228161668839,0.7920059215396003
Regression logistique,pr,0.6942633637548892,0.7941834451901566
Regression logistique,pr,0.6923076923076923,0.7978963185574756
Regression logistique,pr,0.6877444589308996,0.7992424242424242
Regression logistique,pr,0.6844850065189049,0.8015267175572519
Regression logistique,pr,0.6799217731421121,0.8023076923076923
Regression logistique,pr,0.6753585397653195,0.8031007751937984
Regression logistique,pr,0.6714471968709257,0.8046875
Regression logistique,pr,0.6681877444589309,0.8070866141732284
Regression logistique,pr,0.6636245110821382,0.807936507936508
Regression logistique,pr,0.6584093872229465,0.808
Regression logistique,pr,0.6558018252933507,0.8112903225806452
Regression logistique,pr,0.6538461538461539,0.8154471544715447
Regression logistique,pr,0.6499348109517601,0.8172131147540984
Regression logistique,pr,0.6466753585397653,0.8198347107438017
Regression logistique,pr,0.6427640156453716,0.8216666666666667
Regression logistique,pr,0.6388526727509778,0.8242220353238016
Regression logistique,pr,0.636245110821382,0.8278201865988125
Regression logistique,pr,0.6329856584093873,0.8306244653550042
Regression logistique,pr,0.6290743155149935,0.8326143226919759
Regression logistique,pr,0.6271186440677966,0.8372497824194952
Regression logistique,pr,0.6238591916558018,0.8402107111501317
Regression logistique,pr,0.621903520208605,0.8449955713020372
Regression logistique,pr,0.6192959582790091,0.8497316636851521
Regression logistique,pr,0.6153846153846154,0.851985559566787
Regression logistique,pr,0.6114732724902217,0.8542805100182149
Regression logistique,pr,0.6069100391134289,0.8572744014732965
Regression logistique,pr,0.6029986962190352,0.8604651162790697
Regression logistique,pr,0.5990873533246415,0.8629107981220657
Regression logistique,pr,0.5951760104302477,0.8654028436018958
Regression logistique,pr,0.5919165580182529,0.8688995215311005
Regression logistique,pr,0.5873533246414603,0.8705314009661835
Regression logistique,pr,0.5847457627118644,0.8759765625
Regression logistique,pr,0.5795306388526728,0.8767258382642998
Regression logistique,pr,0.5775749674054759,0.8824701195219123
Regression logistique,pr,0.5743155149934811,0.8872104733131924
Regression logistique,pr,0.5684485006518905,0.8870803662258393
Regression logistique,pr,0.5632333767926988,0.8879753340184995
Regression logistique,pr,0.560625814863103,0.893042575285566
Regression logistique,pr,0.5573663624511083,0.898109243697479
Regression logistique,pr,0.5534550195567145,0.9022316684378321
Regression logistique,pr,0.5488917861799217,0.9044038668098818
Regression logistique,pr,0.546284224250326,0.9098805646036916
Regression logistique,pr,0.5436766623207301,0.9154774972557629
Regression logistique,pr,0.5410691003911343,0.9211986681465039
Regression logistique,pr,0.5371577574967406,0.9248035914702581
Regression logistique,pr,0.5319426336375489,0.9272727272727272
Regression logistique,pr,0.529986962190352,0.9344827586206896
Regression logistique,pr,0.5267275097783573,0.9395348837209302
Regression logistique,pr,0.5221642764015645,0.9423529411764706
Regression logistique,pr,0.5182529335071708,0.9475566150178785
Regression logistique,pr,0.515645371577575,0.9541616405307599
Regression logistique,pr,0.5136897001303781,0.9621489621489622
Regression logistique,pr,0.5104302477183833,0.9678615574783683
Regression logistique,pr,0.5058670143415906,0.9712140175219024
Regression logistique,pr,0.5026075619295959,0.9771863117870723
Regression logistique,pr,0.49869621903520206,0.982028241335045
Regression logistique,pr,0.4941329856584094,0.9869791666666666
Regression logistique,pr,0.4908735332464146,0.9934036939313984
Regression logistique,pr,0.4869621903520209,0.9986631016042781
Regression logistique,pr,0.4810951760104302,1.0
Regression logistique,pr,0.4745762711864407,1.0
Regression logistique,pr,0.4680573663624511,1.0
Regression logistique,pr,0.46153846153846156,1.0
Regression logistique,pr,0.455019556714472,1.0
Regression logistique,pr,0.4485006518904824,1.0
Regression logistique,pr,0.44198174706649285,1.0
Regression logistique,pr,0.43546284224250326,1.0
Regression logistique,pr,0.42894393741851367,1.0
Regression logistique,pr,0.4217731421121252,1.0
Regression logistique,pr,0.4152542372881356,1.0
Regression logistique,pr,0.408735332464146,1.0
Regression logistique,pr,0.40221642764015647,1.0
Regression logistique,pr,0.3956975228161669,1.0
Regression logistique,pr,0.3891786179921773,1.0
Regression logistique,pr,0.3820078226857888,1.0
Regression logistique,pr,0.3754889178617992,1.0
Regression logistique,pr,0.3683181225554107,1.0
Regression logistique,pr,0.3617992177314211,1.0
Regression logistique,pr,0.35528031290743156,1.0
Regression logistique,pr,0.34876140808344197,1.0
Regression logistique,pr,0.34224250325945244,1.0
Regression logistique,pr,0.33572359843546284,1.0
Regression logistique,pr,0.32920469361147325,1.0
Regression logistique,pr,0.3220338983050847,1.0
Regression logistique,pr,0.3155149934810952,1.0
Regression logistique,pr,0.30834419817470665,1.0
Regression logistique,pr,0.30182529335071706,1.0
Regression logistique,pr,0.2953063885267275,1.0
Regression logistique,pr,0.28878748370273793,1.0
Regression logistique,pr,0.28226857887874834,1.0
Regression logistique,pr,0.2757496740547588,1.0
Regression logistique,pr,0.2692307692307692,1.0
Regression logistique,pr,0.2627118644067797,1.0
Regression logistique,pr,0.2561929595827901,1.0
Regression logistique,pr,0.24967405475880053,1.0
Regression logistique,pr,0.24315514993481094,1.0
Regression logistique,pr,0.23598435462842243,1.0
Regression logistique,pr,0.2288135593220339,1.0
Regression logistique,pr,0.22229465449804434,1.0
Regression logistique,pr,0.2151238591916558,1.0
Regression logistique,pr,0.20860495436766624,1.0
Regression logistique,pr,0.20208604954367665,1.0
Regression logistique,pr,0.19556714471968709,1.0
Regression logistique,pr,0.18904823989569752,1.0
Regression logistique,pr,0.18252933507170796,1.0
Regression logistique,pr,0.1760104302477184,1.0
Regression logistique,pr,0.1694915254237288,1.0
Regression logistique,pr,0.16297262059973924,1.0
Regression logistique,pr,0.1558018252933507,1.0
Regression logistique,pr,0.14928292046936115,1.0
Regression logistique,pr,0.14276401564537158,1.0
Regression logistique,pr,0.13624511082138202,1.0
Regression logistique,pr,0.12972620599739243,1.0
Regression logistique,pr,0.12320730117340287,1.0
Regression logistique,pr,0.1166883963494133,1.0
Regression logistique,pr,0.11016949152542373,1.0
Regression logistique,pr,0.10365058670143416,1.0
Regression logistique,pr,0.09713168187744459,1.0
Regression logistique,pr,0.09061277705345502,1.0
Regression logistique,pr,0.08409387222946545,1.0
Regression logistique,pr,0.07757496740547588,1.0
Regression logistique,pr,0.07040417209908735,1.0
Regression logistique,pr,0.06388526727509779,1.0
Regression logistique,pr,0.05736636245110821,1.0
Regression logistique,pr,0.05084745762711865,1.0
Regression logistique,pr,0.043676662320730114,1.0
Regression logistique,pr,0.037157757496740544,1.0
Regression logistique,pr,0.029335071707953065,1.0
Regression logistique,pr,0.022816166883963495,1.0
Regression logistique,pr,0.016297262059973925,1.0
Regression logistique,pr,0.009778357235984355,1.0
Regression logistique,pr,0.002607561929595828,1.0
Regression logistique,calibration,0.0,0.0011589016220654089
Regression logistique,calibration,0.0,0.0022421329889828305
Regression logistique,calibration,0.10793650793650794,0.13243861792406678
Regression logistique,calibration,0.4208860759493671,0.40617590588233465
Regression logistique,calibration,0.5316455696202531,0.48218515692846503
Regression logistique,calibration,0.5714285714285714,0.5381322177552014
Regression logistique,calibration,0.5284810126582279,0.5790859530515717
Regression logistique,calibration,0.6984126984126984,0.7483689912124916
Regression logistique,calibration,1.0,0.9999986289981521
Regression logistique,calibration,1.0,0.9999996945001772
Foret aleatoire,roc,0.0,0.0
Foret aleatoire,roc,0.0,0.21121251629726207
Foret aleatoire,roc,0.0,0.21577574967405475
Foret aleatoire,roc,0.0,0.2288135593220339
Foret aleatoire,roc,0.0,0.2333767926988266
Foret aleatoire,roc,0.0,0.24119947848761408
Foret aleatoire,roc,0.0,0.2470664928292047
Foret aleatoire,roc,0.0,0.2627118644067797
Foret aleatoire,roc,0.0,0.26597131681877445
Foret aleatoire,roc,0.0,0.27249022164276404
Foret aleatoire,roc,0.0,0.27640156453715775
Foret aleatoire,roc,0.0,0.2940026075619296
Foret aleatoire,roc,0.0,0.30638852672750977
Foret aleatoire,roc,0.0,0.3135593220338983
Foret aleatoire,roc,0.0,0.31747066492829207
Foret aleatoire,roc,0.0,0.3213820078226858
Foret aleatoire,roc,0.0,0.3239895697522816
Foret aleatoire,roc,0.0,0.3305084745762712
Foret aleatoire,roc,0.0,0.3396349413298566
Foret aleatoire,roc,0.0,0.34615384615384615
Foret aleatoire,roc,0.0,0.35071707953063885
Foret aleatoire,roc,0.0,0.3539765319426336
Foret aleatoire,roc,0.0,0.3644067796610169
Foret aleatoire,roc,0.0,0.3728813559322034
Foret aleatoire,roc,0.0,0.38005215123859193
Foret aleatoire,roc,0.0,0.38265971316818775
Foret aleatoire,roc,0.0,0.39374185136897
Foret aleatoire,roc,0.0,0.4028683181225554
Foret aleatoire,roc,0.0,0.41134289439374183
Foret aleatoire,roc,0.0,0.42046936114732725
Foret aleatoire,roc,0.0,0.42503259452411996
Foret aleatoire,roc,0.0,0.4361147327249022
Foret aleatoire,roc,0.0,0.44654498044328556
Foret aleatoire,roc,0.0,0.4517601043024772
Foret aleatoire,roc,0.0,0.4602346805736636
Foret aleatoire,roc,0.0,0.47196870925684486
Foret aleatoire,roc,0.0006161429451632779,0.4830508474576271
Foret aleatoire,roc,0.0030807147258163892,0.48370273794002605
Foret aleatoire,roc,0.004313000616142945,0.48826597131681876
Foret aleatoire,roc,0.009242144177449169,0.48891786179921776
Foret aleatoire,roc,0.009858287122612447,0.49282920469361147
Foret aleatoire,roc,0.012322858903265557,0.49478487614080835
Foret aleatoire,roc,0.014171287738755391,0.49608865710560623
Foret aleatoire,roc,0.015403573629081947,0.4980443285528031
Foret aleatoire,roc,0.0166358595194085,0.5013037809647979
Foret aleatoire,roc,0.018484288354898338,0.5019556714471969
Foret aleatoire,roc,0.019716574245224893,0.5039113428943938
Foret aleatoire,roc,0.024029574861367836,0.5045632333767927
Foret aleatoire,roc,0.025878003696857672,0.5071707953063885
Foret aleatoire,roc,0.029574861367837338,0.5091264667535854
Foret aleatoire,roc,0.030191004313000615,0.5117340286831812
Foret aleatoire,roc,0.031423290203327174,0.5136897001303781
Foret aleatoire,roc,0.03265557609365373,0.5221642764015645
Foret aleatoire,roc,0.03450400492914356,0.5241199478487614
Foret aleatoire,roc,0.03820086260012323,0.5280312907431551
Foret aleatoire,roc,0.04004929143561306,0.529335071707953
Foret aleatoire,roc,0.04066543438077634,0.5345501955671447
Foret aleatoire,roc,0.04313000616142945,0.5352020860495437
Foret aleatoire,roc,0.04436229205175601,0.5397653194263363
Foret aleatoire,roc,0.04559457794208256,0.5404172099087353
Foret aleatoire,roc,0.04682686383240912,0.5423728813559322
Foret aleatoire,roc,0.04990757855822551,0.5443285528031291
Foret aleatoire,roc,0.05052372150338879,0.5488917861799217
Foret aleatoire,roc,0.05237215033887862,0.5508474576271186
Foret aleatoire,roc,0.053604436229205174,0.5528031290743155
Foret aleatoire,roc,0.056069008009858284,0.5547588005215124
Foret aleatoire,roc,0.056685150955021565,0.5573663624511083
Foret aleatoire,roc,0.059149722735674676,0.5580182529335072
Foret aleatoire,roc,0.05976586568083796,0.5612777053455019
Foret aleatoire,roc,0.06099815157116451,0.5625814863102999
Foret aleatoire,roc,0.061614294516327786,0.5677966101694916
Foret aleatoire,roc,0.0640788662969809,0.5704041720990873
Foret aleatoire,roc,0.066543438077634,0.5710560625814863
Foret aleatoire,roc,0.06777572396796057,0.5723598435462842
Foret aleatoire,roc,0.06900800985828712,0.5743155149934811
Foret aleatoire,roc,0.0696241528034504,0.5775749674054759
Foret aleatoire,roc,0.07147258163894023,0.5782268578878749
Foret aleatoire,roc,0.07270486752926679,0.5808344198174706
Foret aleatoire,roc,0.07701786814540973,0.5827900912646675
Foret aleatoire,roc,0.07825015403573629,0.5840938722294654
Foret aleatoire,roc,0.08009858287122612,0.5847457627118644
Foret aleatoire,roc,0.0807147258163894,0.5880052151238592
Foret aleatoire,roc,0.08194701170671596,0.5886571056062582
Foret aleatoire,roc,0.08256315465187923,0.590612777053455
Foret aleatoire,roc,0.08379544054220579,0.5925684485006519
Foret aleatoire,roc,0.08441158348736907,0.5938722294654498
Foret aleatoire,roc,0.08564386937769562,0.5964797913950456
Foret aleatoire,roc,0.08687615526802218,0.6029986962190352
Foret aleatoire,roc,0.08810844115834873,0.6049543676662321
Foret aleatoire,roc,0.08872458410351201,0.6101694915254238
Foret aleatoire,roc,0.09118915588416512,0.6108213820078227
Foret aleatoire,roc,0.09242144177449169,0.6166883963494133
Foret aleatoire,roc,0.09426987060998152,0.6173402868318123
Foret aleatoire,roc,0.09550215650030808,0.6205997392438071
Foret aleatoire,roc,0.09919901417128774,0.621251629726206
Foret aleatoire,roc,0.09981515711645102,0.6277705345501956
Foret aleatoire,roc,0.10166358595194085,0.6290743155149935
Foret aleatoire,roc,0.10227972889710413,0.6316818774445893
Foret aleatoire,roc,0.10474430067775724,0.6329856584093873
Foret aleatoire,roc,0.10536044362292052,0.6342894393741851
Foret aleatoire,roc,0.10782501540357363,0.6349413298565841
Foret aleatoire,roc,0.10844115834873691,0.636245110821382
Foret aleatoire,roc,0.11213801601971657,0.636897001303781
Foret aleatoire,roc,0.11275415896487985,0.6388526727509778
Foret aleatoire,roc,0.11768330252618607,0.6395045632333768
Foret aleatoire,roc,0.12138016019716574,0.6427640156453716
Foret aleatoire,roc,0.12630930375847196,0.6440677966101694
Foret aleatoire,roc,0.1281577325939618,0.6473272490221643
Foret aleatoire,roc,0.13123844731977818,0.6479791395045632
Foret aleatoire,roc,0.13185459026494148,0.6499348109517601
Foret aleatoire,roc,0.13431916204559458,0.651890482398957
Foret aleatoire,roc,0.13493530499075784,0.6577574967405476
Foret aleatoire,roc,0.13739987677141097,0.6584093872229465
Foret aleatoire,roc,0.13801601971657423,0.6597131681877445
Foret aleatoire,roc,0.1392483056069008,0.6610169491525424
Foret aleatoire,roc,0.14048059149722736,0.6623207301173403
Foret aleatoire,roc,0.14171287738755392,0.666232073011734
Foret aleatoire,roc,0.1423290203327172,0.6688396349413298
Foret aleatoire,roc,0.14540973505853358,0.6701434159061278
Foret aleatoire,roc,0.14664202094886014,0.6720990873533247
Foret aleatoire,roc,0.1472581638940234,0.6760104302477183
Foret aleatoire,roc,0.14972273567467653,0.6766623207301173
Foret aleatoire,roc,0.1503388786198398,0.6786179921773142
Foret aleatoire,roc,0.15218730745532963,0.6831812255541069
Foret aleatoire,roc,0.15526802218114602,0.6851368970013038
Foret aleatoire,roc,0.15711645101663585,0.6870925684485006
Foret aleatoire,roc,0.16081330868761554,0.6877444589308996
Foret aleatoire,roc,0.1614294516327788,0.6916558018252934
Foret aleatoire,roc,0.16327788046826863,0.6929595827900913
Foret aleatoire,roc,0.1645101663585952,0.6955671447196871
Foret aleatoire,roc,0.16697473813924832,0.6975228161668839
Foret aleatoire,roc,0.16882316697473815,0.6994784876140808
Foret aleatoire,roc,0.17067159581022798,0.7001303780964798
Foret aleatoire,roc,0.1725200246457178,0.7073011734028684
Foret aleatoire,roc,0.1756007393715342,0.7099087353324641
Foret aleatoire,roc,0.1780653111521873,0.711212516297262
Foret aleatoire,roc,0.1786814540973506,0.7138200782268579
Foret aleatoire,roc,0.17929759704251386,0.7170795306388527
Foret aleatoire,roc,0.18299445471349354,0.7222946544980443
Foret aleatoire,roc,0.18422674060382008,0.7235984354628422
Foret aleatoire,roc,0.18484288354898337,0.7249022164276402
Foret aleatoire,roc,0.18792359827479976,0.727509778357236
Foret aleatoire,roc,0.1897720271102896,0.7288135593220338
Foret aleatoire,roc,0.19100431300061615,0.7314211212516297
Foret aleatoire,roc,0.1922365988909427,0.7327249022164276
Foret aleatoire,roc,0.19408502772643252,0.7340286831812256
Foret aleatoire,roc,0.19593345656192238,0.7353324641460235
Foret aleatoire,roc,0.19654959950708564,0.7385919165580183
Foret aleatoire,roc,0.19901417128773877,0.7392438070404173
Foret aleatoire,roc,0.19963031423290203,0.742503259452412
Foret aleatoire,roc,0.2033271719038817,0.7451108213820078
Foret aleatoire,roc,0.2088724584103512,0.7490221642764016
Foret aleatoire,roc,0.21010474430067777,0.7496740547588006
Foret aleatoire,roc,0.21072088724584104,0.7535853976531942
Foret aleatoire,roc,0.2119531731361676,0.7555410691003911
Foret aleatoire,roc,0.21318545902649413,0.7568448500651891
Foret aleatoire,roc,0.215033887861984,0.758148631029987
Foret aleatoire,roc,0.21565003080714726,0.7607561929595827
Foret aleatoire,roc,0.21688231669747382,0.7614080834419817
Foret aleatoire,roc,0.21811460258780038,0.7640156453715776
Foret aleatoire,roc,0.21934688847812692,0.7653194263363755
Foret aleatoire,roc,0.2230437461491066,0.7666232073011734
Foret aleatoire,roc,0.22489217498459643,0.7685788787483703
Foret aleatoire,roc,0.226124460874923,0.7698826597131682
Foret aleatoire,roc,0.22674060382008626,0.771838331160365
Foret aleatoire,roc,0.2285890326555761,0.7737940026075619
Foret aleatoire,roc,0.22982131854590265,0.7750977835723598
Foret aleatoire,roc,0.2365988909426987,0.7764015645371578
Foret aleatoire,roc,0.23783117683302527,0.7803129074315515
Foret aleatoire,roc,0.23906346272335183,0.7822685788787483
Foret aleatoire,roc,0.24091189155884166,0.78748370273794
Foret aleatoire,roc,0.24214417744916822,0.788135593220339
Foret aleatoire,roc,0.24276032039433149,0.7933507170795306
Foret aleatoire,roc,0.24707332101047444,0.7946544980443285
Foret aleatoire,roc,0.24953789279112754,0.7959582790091264
Foret aleatoire,roc,0.2563154651879236,0.7979139504563233
Foret aleatoire,roc,0.25816389402341344,0.8024771838331161
Foret aleatoire,roc,0.26001232285890324,0.803129074315515
Foret aleatoire,roc,0.26062846580406657,0.8044328552803129
Foret aleatoire,roc,0.26370918052988296,0.8050847457627118
Foret aleatoire,roc,0.2643253234750462,0.8070404172099087
Foret aleatoire,roc,0.266173752310536,0.8083441981747066
Foret aleatoire,roc,0.2674060382008626,0.8096479791395046
Foret aleatoire,roc,0.26863832409118915,0.8109517601043025
Foret aleatoire,roc,0.270486752926679,0.8116036505867015
Foret aleatoire,roc,0.2729513247073321,0.8142112125162972
Foret aleatoire,roc,0.27726432532347506,0.8148631029986962
Foret aleatoire,roc,0.2778804682686383,0.818122555410691
Foret aleatoire,roc,0.281577325939618,0.8207301173402868
Foret aleatoire,roc,0.2840418977202711,0.8213820078226858
Foret aleatoire,roc,0.2858903265557609,0.8226857887874837
Foret aleatoire,roc,0.28650646950092423,0.8239895697522817
Foret aleatoire,roc,0.28773875539125077,0.8246414602346805
Foret aleatoire,roc,0.2889710412815773,0.8272490221642764
Foret aleatoire,roc,0.2914356130622304,0.8285528031290743
Foret aleatoire,roc,0.2920517560073937,0.8305084745762712
Foret aleatoire,roc,0.2932840418977203,0.8311603650586702
Foret aleatoire,roc,0.29390018484288355,0.8324641460234681
Foret aleatoire,roc,0.29698089956869994,0.8350717079530638
Foret aleatoire,roc,0.2982131854590265,0.8370273794002607
Foret aleatoire,roc,0.30129390018484287,0.8383311603650587
Foret aleatoire,roc,0.3049907578558225,0.8448500651890483
Foret aleatoire,roc,0.30560690080098585,0.8500651890482399
Foret aleatoire,roc,0.3068391866913124,0.8507170795306388
Foret aleatoire,roc,0.3093037584719655,0.8520208604954368
Foret aleatoire,roc,0.3123844731977819,0.8539765319426337
Foret aleatoire,roc,0.31300061614294516,0.8565840938722294
Foret aleatoire,roc,0.314849044978435,0.8578878748370273
Foret aleatoire,roc,0.31608133086876156,0.8591916558018253
Foret aleatoire,roc,0.31916204559457795,0.8598435462842242
Foret aleatoire,roc,0.3197781885397412,0.8611473272490222
Foret aleatoire,roc,0.3228589032655576,0.863754889178618
Foret aleatoire,roc,0.3234750462107209,0.8663624511082139
Foret aleatoire,roc,0.32470733210104746,0.8676662320730117
Foret aleatoire,roc,0.32532347504621073,0.8709256844850065
Foret aleatoire,roc,0.32655576093653726,0.8722294654498044
Foret aleatoire,roc,0.3284041897720271,0.8754889178617992
Foret aleatoire,roc,0.33086876155268025,0.8767926988265972
Foret aleatoire,roc,0.3321010474430068,0.8800521512385919
Foret aleatoire,roc,0.33394947627849664,0.8807040417209909
Foret aleatoire,roc,0.3345656192236599,0.8826597131681877
Foret aleatoire,roc,0.33826247689463956,0.8833116036505867
Foret aleatoire,roc,0.3407270486752927,0.8872229465449805
Foret aleatoire,roc,0.34442390634627235,0.8878748370273793
Foret aleatoire,roc,0.3456561922365989,0.8891786179921773
Foret aleatoire,roc,0.34750462107208874,0.8904823989569752
Foret aleatoire,roc,0.34750462107208874,0.894393741851369
Foret aleatoire,roc,0.35058533579790513,0.8950456323337679
Foret aleatoire,roc,0.3512014787430684,0.8970013037809648
Foret aleatoire,roc,0.3536660505237215,0.8989569752281616
Foret aleatoire,roc,0.35489833641404805,0.9002607561929595
Foret aleatoire,roc,0.3567467652495379,0.9015645371577575
Foret aleatoire,roc,0.3573629081947012,0.9048239895697523
Foret aleatoire,roc,0.359211337030191,0.9054758800521513
Foret aleatoire,roc,0.36044362292051757,0.9074315514993481
Foret aleatoire,roc,0.3647566235366605,0.909387222946545
Foret aleatoire,roc,0.36537276648182376,0.9119947848761408
Foret aleatoire,roc,0.3678373382624769,0.9126466753585397
Foret aleatoire,roc,0.3690696241528035,0.9146023468057366
Foret aleatoire,roc,0.3709180529882933,0.9159061277705346
Foret aleatoire,roc,0.37276648182378314,0.9172099087353325
Foret aleatoire,roc,0.3733826247689464,0.9185136897001304
Foret aleatoire,roc,0.3752310536044362,0.9191655801825294
Foret aleatoire,roc,0.37769562538508933,0.9204693611473272
Foret aleatoire,roc,0.3789279112754159,0.9211212516297262
Foret aleatoire,roc,0.3820086260012323,0.9269882659713168
Foret aleatoire,roc,0.38324091189155884,0.9276401564537158
Foret aleatoire,roc,0.3838570548367221,0.9295958279009127
Foret aleatoire,roc,0.38570548367221197,0.9335071707953064
Foret aleatoire,roc,0.38755391250770177,0.9380704041720991
Foret aleatoire,roc,0.3894023413431916,0.939374185136897
Foret aleatoire,roc,0.3900184842883549,0.9432855280312907
Foret aleatoire,roc,0.3930991990141713,0.9439374185136897
Foret aleatoire,roc,0.39371534195933455,0.9485006518904824
Foret aleatoire,roc,0.3961799137399877,0.9491525423728814
Foret aleatoire,roc,0.3974121996303142,0.9517601043024772
Foret aleatoire,roc,0.39802834257547753,0.953715775749674
Foret aleatoire,roc,0.40234134319162046,0.9556714471968709
Foret aleatoire,roc,0.403573629081947,0.9569752281616688
Foret aleatoire,roc,0.4060382008626001,0.9576271186440678
Foret aleatoire,roc,0.40727048675292665,0.9602346805736637
Foret aleatoire,roc,0.40850277264325324,0.9615384615384616
Foret aleatoire,roc,0.41096734442390637,0.9628422425032594
Foret aleatoire,roc,0.414664202094886,0.9641460234680573
Foret aleatoire,roc,0.4165126309303758,0.9654498044328553
Foret aleatoire,roc,0.41712877387553915,0.9667535853976532
Foret aleatoire,roc,0.42020948860135554,0.9680573663624511
Foret aleatoire,roc,0.4214417744916821,0.969361147327249
Foret aleatoire,roc,0.42637091805298827,0.970013037809648
Foret aleatoire,roc,0.4269870609981516,0.9713168187744459
Foret aleatoire,roc,0.4288354898336414,0.9732724902216427
Foret aleatoire,roc,0.42945163277880466,0.9752281616688396
Foret aleatoire,roc,0.4374614910659273,0.9758800521512386
Foret aleatoire,roc,0.43930991990141716,0.9771838331160365
Foret aleatoire,roc,0.44115834873690696,0.9797913950456323
Foret aleatoire,roc,0.4417744916820702,0.9810951760104303
Foret aleatoire,roc,0.4430067775723968,0.9817470664928292
Foret aleatoire,roc,0.4448552064078866,0.9863102998696219
Foret aleatoire,roc,0.4491682070240296,0.9869621903520208
Foret aleatoire,roc,0.45286506469500926,0.9876140808344198
Foret aleatoire,roc,0.4553296364756624,0.9889178617992177
Foret aleatoire,roc,0.4602587800369686,0.9895697522816167
Foret aleatoire,roc,0.4614910659272951,0.9908735332464146
Foret aleatoire,roc,0.4682686383240912,0.9915254237288136
Foret aleatoire,roc,0.4688847812692545,0.9928292046936115
Foret aleatoire,roc,0.47689463955637706,0.9934810951760105
Foret aleatoire,roc,0.4793592113370302,0.9954367666232073
Foret aleatoire,roc,0.4849044978434997,0.9960886571056062
Foret aleatoire,roc,0.4879852125693161,0.9973924380704041
Foret aleatoire,roc,0.4984596426370918,0.9986962190352021
Foret aleatoire,roc,0.5009242144177449,0.999348109517601
Foret aleatoire,roc,0.5600739371534196,1.0
Foret aleatoire,roc,0.585335797905114,1.0
Foret aleatoire,roc,0.6444855206407887,1.0
Foret aleatoire,roc,0.6512630930375847,1.0
Foret aleatoire,roc,0.6820702402957486,1.0
Foret aleatoire,roc,0.6869993838570548,1.0
Foret aleatoire,roc,0.6956253850893407,1.0
Foret aleatoire,roc,0.7036352433764633,1.0
Foret aleatoire,roc,0.7104128157732594,1.0
Foret aleatoire,roc,0.7159581022797289,1.0
Foret aleatoire,roc,0.7252002464571781,1.0
Foret aleatoire,roc,0.729513247073321,1.0
Foret aleatoire,roc,0.7344423906346272,1.0
Foret aleatoire,roc,0.747381392483056,1.0
Foret aleatoire,roc,0.7535428219346888,1.0
Foret aleatoire,roc,0.7572396796056685,1.0
Foret aleatoire,roc,0.7757239679605669,1.0
Foret aleatoire,roc,0.7818853974121996,1.0
Foret aleatoire,roc,0.7898952556993223,1.0
Foret aleatoire,roc,0.7954405422057917,1.0
Foret aleatoire,roc,0.8009858287122612,1.0
Foret aleatoire,roc,0.8059149722735675,1.0
Foret aleatoire,roc,0.8108441158348737,1.0
Foret aleatoire,roc,0.8151571164510166,1.0
Foret aleatoire,roc,0.822550831792976,1.0
Foret aleatoire,roc,0.8262476894639557,1.0
Foret aleatoire,roc,0.8299445471349353,1.0
Foret aleatoire,roc,0.8354898336414048,1.0
Foret aleatoire,roc,0.8398028342575478,1.0
Foret aleatoire,roc,0.8465804066543438,1.0
Foret aleatoire,roc,0.8527418361059765,1.0
Foret aleatoire,roc,0.8576709796672828,1.0
Foret aleatoire,roc,0.862600123228589,1.0
Foret aleatoire,roc,0.8706099815157117,1.0
Foret aleatoire,roc,0.878003696857671,1.0
Foret aleatoire,roc,0.884781269254467,1.0
Foret aleatoire,roc,0.8921749845964264,1.0
Foret aleatoire,roc,0.904497843499692,1.0
Foret aleatoire,roc,0.9094269870609981,1.0
Foret aleatoire,roc,0.9149722735674677,1.0
Foret aleatoire,roc,0.9186691312384473,1.0
Foret aleatoire,roc,0.9272951324707333,1.0
Foret aleatoire,roc,0.9322242760320394,1.0
Foret aleatoire,roc,0.9439309919901417,1.0
Foret aleatoire,pr,1.0,0.48590433956287615
Foret aleatoire,pr,1.0,0.5037766830870279
Foret aleatoire,pr,1.0,0.5069398545935228
Foret aleatoire,pr,1.0,0.5096345514950166
Foret aleatoire,pr,1.0,0.5113333333333333
Foret aleatoire,pr,1.0,0.5127005347593583
Foret aleatoire,pr,1.0,0.5144198524480215
Foret aleatoire,pr,1.0,0.5166722802290333
Foret aleatoire,pr,1.0,0.5189445196211097
Foret aleatoire,pr,1.0,0.5205293518832711
Foret aleatoire,pr,1.0,0.5221238938053098
Foret aleatoire,pr,1.0,0.5242652084757348
Foret aleatoire,pr,1.0,0.5260631001371742
Foret aleatoire,pr,1.0,0.5286009648518263
Foret aleatoire,pr,1.0,0.5304287690179806
Foret aleatoire,pr,1.0,0.5330090340514246
Foret aleatoire,pr,1.0,0.5361761621810556
Foret aleatoire,pr,1.0,0.5380568221676605
Foret aleatoire,pr,1.0,0.5399507215769095
Foret aleatoire,pr,1.0,0.5426246904846127
Foret aleatoire,pr,1.0,0.5447443181818182
Foret aleatoire,pr,1.0,0.5464909155682223
Foret aleatoire,pr,1.0,0.5486409155937053
Foret aleatoire,pr,1.0,0.5508078994614004
Foret aleatoire,pr,1.0,0.5523946705077422
Foret aleatoire,pr,1.0,0.5539906103286385
Foret aleatoire,pr,1.0,0.5557971014492754
Foret aleatoire,pr,1.0,0.5576154125772447
Foret aleatoire,pr,1.0,0.55964976286027
Foret aleatoire,pr,1.0,0.5612879619465788
Foret aleatoire,pr,1.0,0.563763322307975
Foret aleatoire,pr,1.0,0.5658428624123939
Foret aleatoire,pr,1.0,0.5675175730669626
Foret aleatoire,pr,1.0,0.5700483091787439
Foret aleatoire,pr,1.0,0.5719612229679344
Foret aleatoire,pr,1.0,0.5741017964071856
Foret aleatoire,pr,1.0,0.5760420578295156
Foret aleatoire,pr,1.0,0.5777777777777777
Foret aleatoire,pr,1.0,0.5799621928166352
Foret aleatoire,pr,1.0,0.5819423368740516
Foret aleatoire,pr,1.0,0.5837138508371386
Foret aleatoire,pr,1.0,0.5854961832061069
Foret aleatoire,pr,1.0,0.5872894333843798
Foret aleatoire,pr,1.0,0.5890937019969278
Foret aleatoire,pr,1.0,0.5911368015414258
Foret aleatoire,pr,1.0,0.5931941221964424
Foret aleatoire,pr,1.0,0.5952658129608072
Foret aleatoire,pr,1.0,0.5971195017516543
Foret aleatoire,pr,1.0,0.5989847715736041
Foret aleatoire,pr,1.0,0.6008617312965139
Foret aleatoire,pr,1.0,0.6029874213836478
Foret aleatoire,pr,1.0,0.6048895899053628
Foret aleatoire,pr,1.0,0.6068037974683544
Foret aleatoire,pr,1.0,0.6087301587301587
Foret aleatoire,pr,1.0,0.6106687898089171
Foret aleatoire,pr,1.0,0.6126198083067093
Foret aleatoire,pr,1.0,0.6145833333333334
Foret aleatoire,pr,1.0,0.6165594855305466
Foret aleatoire,pr,1.0,0.6187979023799919
Foret aleatoire,pr,1.0,0.6208012950222582
Foret aleatoire,pr,1.0,0.6228177019894438
Foret aleatoire,pr,1.0,0.624847250509165
Foret aleatoire,pr,1.0,0.6268900694728239
Foret aleatoire,pr,1.0,0.6294624538366844
Foret aleatoire,pr,1.0,0.6315356113627008
Foret aleatoire,pr,1.0,0.6336224700536969
Foret aleatoire,pr,1.0,0.6357231661831745
Foret aleatoire,pr,1.0,0.6378378378378379
Foret aleatoire,pr,1.0,0.6399666249478515
Foret aleatoire,pr,1.0,0.6421096693177062
Foret aleatoire,pr,1.0,0.6442671146577068
Foret aleatoire,pr,1.0,0.6464391066160977
Foret aleatoire,pr,1.0,0.6486257928118393
Foret aleatoire,pr,0.999348109517601,0.6504030547305897
Foret aleatoire,pr,0.999348109517601,0.6526181353767561
Foret aleatoire,pr,0.9986962190352021,0.6547008547008547
Foret aleatoire,pr,0.9986962190352021,0.6569468267581475
Foret aleatoire,pr,0.9973924380704041,0.6583476764199656
Foret aleatoire,pr,0.9960886571056062,0.6600431965442765
Foret aleatoire,pr,0.9954367666232073,0.6618985695708712
Foret aleatoire,pr,0.9941329856584094,0.6633318834275772
Foret aleatoire,pr,0.9934810951760105,0.6652116979484941
Foret aleatoire,pr,0.9921773142112125,0.6666666666666666
Foret aleatoire,pr,0.9908735332464146,0.6681318681318681
Foret aleatoire,pr,0.9902216427640157,0.6700485222761359
Foret aleatoire,pr,0.9889178617992177,0.6715360779105799
Foret aleatoire,pr,0.9882659713168188,0.6734784540204354
Foret aleatoire,pr,0.9869621903520208,0.6752899197145406
Foret aleatoire,pr,0.9856584093872229,0.6768128916741272
Foret aleatoire,pr,0.9823989569752282,0.6769991015274034
Foret aleatoire,pr,0.9797913950456323,0.6776375112714157
Foret aleatoire,pr,0.9765319426336375,0.6778280542986426
Foret aleatoire,pr,0.9758800521512386,0.6798365122615804
Foret aleatoire,pr,0.9752281616688396,0.6818596171376481
Foret aleatoire,pr,0.9726205997392438,0.6825251601097896
Foret aleatoire,pr,0.970013037809648,0.6831955922865014
Foret aleatoire,pr,0.9687092568448501,0.6847926267281106
Foret aleatoire,pr,0.9667535853976532,0.6862563627950024
Foret aleatoire,pr,0.9641460234680573,0.6869484440315838
Foret aleatoire,pr,0.9634941329856584,0.689044289044289
Foret aleatoire,pr,0.9608865710560626,0.6897519887693028
Foret aleatoire,pr,0.9576271186440678,0.6903195488721805
Foret aleatoire,pr,0.9563233376792699,0.6919811320754717
Foret aleatoire,pr,0.9550195567144719,0.693655303030303
Foret aleatoire,pr,0.9517601043024772,0.6939163498098859
Foret aleatoire,pr,0.9485006518904824,0.6948424068767909
Foret aleatoire,pr,0.9439374185136897,0.6941514860977949
Foret aleatoire,pr,0.9419817470664928,0.6953801732435033
Foret aleatoire,pr,0.9387222946544981,0.6956521739130435
Foret aleatoire,pr,0.9361147327249022,0.6964112512124151
Foret aleatoire,pr,0.9322033898305084,0.6962025316455697
Foret aleatoire,pr,0.9282920469361148,0.6959921798631477
Foret aleatoire,pr,0.9263363754889179,0.697252208047105
Foret aleatoire,pr,0.9224250325945241,0.6970443349753694
Foret aleatoire,pr,0.9198174706649282,0.6978239366963402
Foret aleatoire,pr,0.9178617992177314,0.6991062562065541
Foret aleatoire,pr,0.9152542372881356,0.6999002991026919
Foret aleatoire,pr,0.9126466753585397,0.7010515773660491
Foret aleatoire,pr,0.9106910039113429,0.7023629964806435
Foret aleatoire,pr,0.9074315514993481,0.7026754164563351
Foret aleatoire,pr,0.9061277705345502,0.7045108971109985
Foret aleatoire,pr,0.9028683181225554,0.705193482688391
Foret aleatoire,pr,0.8996088657105606,0.7055214723926381
Foret aleatoire,pr,0.8970013037809648,0.7070914696813977
Foret aleatoire,pr,0.894393741851369,0.7083118224057822
Foret aleatoire,pr,0.8904823989569752,0.7085062240663901
Foret aleatoire,pr,0.8878748370273793,0.7097446586763939
Foret aleatoire,pr,0.8852672750977836,0.7106227106227107
Foret aleatoire,pr,0.8833116036505867,0.7120336311087756
Foret aleatoire,pr,0.8820078226857888,0.7139841688654354
Foret aleatoire,pr,0.878748370273794,0.7143614202437731
Foret aleatoire,pr,0.8754889178617992,0.7147418839808408
Foret aleatoire,pr,0.8735332464146024,0.7161945483698557
Foret aleatoire,pr,0.8702737940026075,0.71658615136876
Foret aleatoire,pr,0.8663624511082139,0.7168284789644013
Foret aleatoire,pr,0.863754889178618,0.7177681473456121
Foret aleatoire,pr,0.8604954367666232,0.7181719260065288
Foret aleatoire,pr,0.8585397653194263,0.7200656096227447
Foret aleatoire,pr,0.8552803129074316,0.7208791208791209
Foret aleatoire,pr,0.8533246414602347,0.7224061810154525
Foret aleatoire,pr,0.8513689700130378,0.7239467849223947
Foret aleatoire,pr,0.847457627118644,0.724233983286908
Foret aleatoire,pr,0.8448500651890483,0.7252378287632905
Foret aleatoire,pr,0.8396349413298566,0.7240022484541877
Foret aleatoire,pr,0.8376792698826597,0.7255787690570299
Foret aleatoire,pr,0.8350717079530638,0.7270147559591373
Foret aleatoire,pr,0.8324641460234681,0.7280501710376283
Foret aleatoire,pr,0.8298565840938722,0.7290950744558992
Foret aleatoire,pr,0.8272490221642764,0.7301495972382048
Foret aleatoire,pr,0.8239895697522817,0.730635838150289
Foret aleatoire,pr,0.8213820078226858,0.7317073170731707
Foret aleatoire,pr,0.8207301173402868,0.7349678925861063
Foret aleatoire,pr,0.817470664928292,0.7354838709677419
Foret aleatoire,pr,0.8142112125162972,0.7364386792452831
Foret aleatoire,pr,0.8135593220338984,0.7393364928909952
Foret aleatoire,pr,0.8109517601043025,0.7409172126265634
Foret aleatoire,pr,0.8083441981747066,0.7420706163973668
Foret aleatoire,pr,0.8050847457627118,0.7430806257521059
Foret aleatoire,pr,0.803129074315515,0.7448609431680774
Foret aleatoire,pr,0.8018252933507171,0.74726609963548
Foret aleatoire,pr,0.7979139504563233,0.7472527472527473
Foret aleatoire,pr,0.7979139504563233,0.750920245398773
Foret aleatoire,pr,0.7953063885267275,0.752157829839704
Foret aleatoire,pr,0.7933507170795306,0.7540272614622057
Foret aleatoire,pr,0.7907431551499348,0.7552926525529265
Foret aleatoire,pr,0.7868318122555411,0.7553191489361702
Foret aleatoire,pr,0.7835723598435462,0.7559748427672957
Foret aleatoire,pr,0.7796610169491526,0.7560050568900126
Foret aleatoire,pr,0.7764015645371578,0.7566709021601017
Foret aleatoire,pr,0.7750977835723598,0.7592592592592593
Foret aleatoire,pr,0.7737940026075619,0.7618741976893453
Foret aleatoire,pr,0.7711864406779662,0.7632258064516129
Foret aleatoire,pr,0.7679269882659713,0.7639429312581063
Foret aleatoire,pr,0.7659713168187744,0.7659713168187744
Foret aleatoire,pr,0.7633637548891786,0.7678688524590164
Foret aleatoire,pr,0.7607561929595827,0.7692814765985497
Foret aleatoire,pr,0.7568448500651891,0.7693836978131213
Foret aleatoire,pr,0.7548891786179922,0.7714856762158561
Foret aleatoire,pr,0.7503259452411994,0.7714477211796247
Foret aleatoire,pr,0.7483702737940026,0.7735849056603774
Foret aleatoire,pr,0.7470664928292047,0.7764227642276422
Foret aleatoire,pr,0.7438070404172099,0.7772479564032697
Foret aleatoire,pr,0.7405475880052151,0.7780821917808219
Foret aleatoire,pr,0.7385919165580183,0.7803030303030303
Foret aleatoire,pr,0.7346805736636245,0.7815533980582524
Foret aleatoire,pr,0.7320730117340287,0.7831241283124128
Foret aleatoire,pr,0.7288135593220338,0.7840112201963534
Foret aleatoire,pr,0.727509778357236,0.7870239774330042
Foret aleatoire,pr,0.7242503259452412,0.7879432624113475
Foret aleatoire,pr,0.7209908735332464,0.7894361170592434
Foret aleatoire,pr,0.7170795306388527,0.7896625987078248
Foret aleatoire,pr,0.7138200782268579,0.7906137184115524
Foret aleatoire,pr,0.7105606258148631,0.7921511627906976
Foret aleatoire,pr,0.7073011734028684,0.7937088514996342
Foret aleatoire,pr,0.7033898305084746,0.7939661515820456
Foret aleatoire,pr,0.7001303780964798,0.7949666913397483
Foret aleatoire,pr,0.6981747066492829,0.7974683544303798
Foret aleatoire,pr,0.6955671447196871,0.7998500749625187
Foret aleatoire,pr,0.6916558018252934,0.8007547169811321
Foret aleatoire,pr,0.6883963494132985,0.8018223234624146
Foret aleatoire,pr,0.6870925684485006,0.8051948051948052
Foret aleatoire,pr,0.6844850065189049,0.8070714834742506
Foret aleatoire,pr,0.681877444589309,0.8089713843774169
Foret aleatoire,pr,0.6779661016949152,0.8099688473520249
Foret aleatoire,pr,0.6760104302477183,0.8126959247648903
Foret aleatoire,pr,0.6720990873533247,0.8130914826498423
Foret aleatoire,pr,0.6694915254237288,0.8150793650793651
Foret aleatoire,pr,0.665580182529335,0.8161470823341327
Foret aleatoire,pr,0.6616688396349413,0.8172302737520128
Foret aleatoire,pr,0.6590612777053455,0.8192868719611021
Foret aleatoire,pr,0.6564537157757496,0.8213703099510603
Foret aleatoire,pr,0.651890482398957,0.8210180623973727
Foret aleatoire,pr,0.6486310299869622,0.8229942100909843
Foret aleatoire,pr,0.6473272490221643,0.8268109908409659
Foret aleatoire,pr,0.6440677966101694,0.8281642917015927
Foret aleatoire,pr,0.6427640156453716,0.8320675105485232
Foret aleatoire,pr,0.6414602346805737,0.8360237892948174
Foret aleatoire,pr,0.6388526727509778,0.8383233532934131
Foret aleatoire,pr,0.6382007822685789,0.843238587424634
Foret aleatoire,pr,0.636245110821382,0.8464874241110147
Foret aleatoire,pr,0.6342894393741851,0.8497816593886462
Foret aleatoire,pr,0.6316818774445893,0.8522427440633246
Foret aleatoire,pr,0.6290743155149935,0.8547387068201948
Foret aleatoire,pr,0.6258148631029987,0.856378233719893
Foret aleatoire,pr,0.621251629726206,0.8562443845462714
Foret aleatoire,pr,0.6192959582790091,0.8605072463768116
Foret aleatoire,pr,0.6166883963494133,0.8631386861313869
Foret aleatoire,pr,0.6121251629726207,0.8630514705882353
Foret aleatoire,pr,0.6101694915254238,0.8666666666666667
Foret aleatoire,pr,0.605606258148631,0.8666044776119403
Foret aleatoire,pr,0.6023468057366362,0.868421052631579
Foret aleatoire,pr,0.5977835723598436,0.8683712121212122
Foret aleatoire,pr,0.5938722294654498,0.8692748091603053
Foret aleatoire,pr,0.590612777053455,0.8711538461538462
Foret aleatoire,pr,0.5873533246414603,0.873062015503876
Foret aleatoire,pr,0.5840938722294654,0.875
Foret aleatoire,pr,0.5821382007822686,0.8789370078740157
Foret aleatoire,pr,0.5801825293350718,0.8829365079365079
Foret aleatoire,pr,0.5775749674054759,0.886
Foret aleatoire,pr,0.5736636245110821,0.887991927346115
Foret aleatoire,pr,0.5710560625814863,0.8920570264765784
Foret aleatoire,pr,0.5677966101694916,0.895169578622816
Foret aleatoire,pr,0.5638852672750978,0.8973029045643154
Foret aleatoire,pr,0.559973924380704,0.8994764397905759
Foret aleatoire,pr,0.5567144719687093,0.9027484143763214
Foret aleatoire,pr,0.5528031290743155,0.9050160085378869
Foret aleatoire,pr,0.5508474576271186,0.9095801937567277
Foret aleatoire,pr,0.5475880052151239,0.9120521172638436
Foret aleatoire,pr,0.5430247718383312,0.9123767798466593
Foret aleatoire,pr,0.5410691003911343,0.9171270718232044
Foret aleatoire,pr,0.5378096479791395,0.919732441471572
Foret aleatoire,pr,0.5352020860495437,0.9235095613048369
Foret aleatoire,pr,0.5319426336375489,0.9262202043132803
Foret aleatoire,pr,0.5280312907431551,0.9278350515463918
Foret aleatoire,pr,0.5273794002607562,0.9352601156069364
Foret aleatoire,pr,0.5234680573663625,0.9369894982497082
Foret aleatoire,pr,0.5189048239895697,0.9375736160188457
Foret aleatoire,pr,0.5149934810951761,0.93935790725327
Foret aleatoire,pr,0.5110821382007823,0.9411764705882353
Foret aleatoire,pr,0.5091264667535854,0.9466666666666667
Foret aleatoire,pr,0.5052151238591917,0.9485924112607099
Foret aleatoire,pr,0.5039113428943938,0.9555006180469716
Foret aleatoire,pr,0.5026075619295959,0.9625468164794008
Foret aleatoire,pr,0.5,0.9672131147540983
Foret aleatoire,pr,0.49608865710560623,0.9694267515923567
Foret aleatoire,pr,0.4941329856584094,0.9755469755469756
Foret aleatoire,pr,0.4915254237288136,0.9804941482444733
Foret aleatoire,pr,0.48826597131681876,0.9842312746386334
Foret aleatoire,pr,0.4863102998696219,0.9907038512616202
Foret aleatoire,pr,0.4830508474576271,0.9946308724832215
Foret aleatoire,pr,0.4804432855280313,1.0
Foret aleatoire,pr,0.47522816166883963,1.0
Foret aleatoire,pr,0.46936114732724904,1.0
Foret aleatoire,pr,0.4641460234680574,1.0
Foret aleatoire,pr,0.45827900912646674,1.0
Foret aleatoire,pr,0.45241199478487615,1.0
Foret aleatoire,pr,0.44589308996088656,1.0
Foret aleatoire,pr,0.44002607561929596,1.0
Foret aleatoire,pr,0.4335071707953064,1.0
Foret aleatoire,pr,0.4282920469361147,1.0
Foret aleatoire,pr,0.4198174706649283,1.0
Foret aleatoire,pr,0.41134289439374183,1.0
Foret aleatoire,pr,0.40547588005215124,1.0
Foret aleatoire,pr,0.3983050847457627,1.0
Foret aleatoire,pr,0.39113428943937417,1.0
Foret aleatoire,pr,0.3774445893089961,1.0
Foret aleatoire,pr,0.36897001303780963,1.0
Foret aleatoire,pr,0.3604954367666232,1.0
Foret aleatoire,pr,0.3533246414602347,1.0
Foret aleatoire,pr,0.34615384615384615,1.0
Foret aleatoire,pr,0.3363754889178618,1.0
Foret aleatoire,pr,0.3239895697522816,1.0
Foret aleatoire,pr,0.31681877444589307,1.0
Foret aleatoire,pr,0.2953063885267275,1.0
Foret aleatoire,pr,0.27640156453715775,1.0
Foret aleatoire,pr,0.2653194263363755,1.0
Foret aleatoire,pr,0.24445893089960888,1.0
Foret aleatoire,pr,0.23533246414602346,1.0
Foret aleatoire,pr,0.22816166883963493,1.0
Foret aleatoire,pr,0.21577574967405475,1.0
Foret aleatoire,pr,0.0,1.0
Foret aleatoire,calibration,0.0,0.000611250151477016
Foret aleatoire,calibration,0.0,0.002951184692028309
Foret aleatoire,calibration,0.11428571428571428,0.11516355534795632
Foret aleatoire,calibration,0.4620253164556962,0.3959078811165971
Foret aleatoire,calibration,0.5031645569620253,0.4711104384030642
Foret aleatoire,calibration,0.526984126984127,0.5248878092731488
Foret aleatoire,calibration,0.5443037974683544,0.5834296311151116
Foret aleatoire,calibration,0.707936507936508,0.7812378528702943
Foret aleatoire,calibration,1.0,0.9988925838529285
Foret aleatoire,calibration,1.0,1.0
XGBoost,roc,0.0,0.0
XGBoost,roc,0.0,0.018904823989569754
XGBoost,roc,0.0,0.039765319426336376
XGBoost,roc,0.0,0.0469361147327249
XGBoost,roc,0.0,0.0710560625814863
XGBoost,roc,0.0,0.07496740547588006
XGBoost,roc,0.0,0.08930899608865711
XGBoost,roc,0.0,0.09256844850065189
XGBoost,roc,0.0,0.10039113428943937
XGBoost,roc,0.0,0.11342894393741851
XGBoost,roc,0.0,0.12451108213820078
XGBoost,roc,0.0,0.12972620599739243
XGBoost,roc,0.0,0.13559322033898305
XGBoost,roc,0.0,0.15319426336375488
XGBoost,roc,0.0,0.17405475880052151
XGBoost,roc,0.0,0.18122555410691005
XGBoost,roc,0.0,0.19621903520208606
XGBoost,roc,0.0,0.20078226857887874
XGBoost,roc,0.0,0.20664928292046936
XGBoost,roc,0.0,0.2105606258148631
XGBoost,roc,0.0,0.2242503259452412
XGBoost,roc,0.0,0.22816166883963493
XGBoost,roc,0.0,0.23272490221642764
XGBoost,roc,0.0,0.23663624511082137
XGBoost,roc,0.0,0.2516297262059974
XGBoost,roc,0.0,0.25684485006518903
XGBoost,roc,0.0,0.2692307692307692
XGBoost,roc,0.0,0.2861799217731421
XGBoost,roc,0.0,0.29726205997392435
XGBoost,roc,0.0,0.3057366362451108
XGBoost,roc,0.0,0.3122555410691004
XGBoost,roc,0.0,0.32333767926988266
XGBoost,roc,0.0,0.3435462842242503
XGBoost,roc,0.0,0.3741851368970013
XGBoost,roc,0.0,0.3891786179921773
XGBoost,roc,0.0,0.41003911342894395
XGBoost,roc,0.0,0.48239895697522817
XGBoost,roc,0.0012322858903265558,0.48370273794002605
XGBoost,roc,0.0018484288354898336,0.485006518904824
XGBoost,roc,0.0030807147258163892,0.48565840938722293
XGBoost,roc,0.004929143561306223,0.4869621903520209
XGBoost,roc,0.005545286506469501,0.48891786179921776
XGBoost,roc,0.006777572396796057,0.4908735332464146
XGBoost,roc,0.009242144177449169,0.4921773142112125
XGBoost,roc,0.009858287122612447,0.49478487614080835
XGBoost,roc,0.01170671595810228,0.4954367666232073
XGBoost,roc,0.012322858903265557,0.49674054758800523
XGBoost,roc,0.013555144793592114,0.49869621903520206
XGBoost,roc,0.014787430683918669,0.5026075619295959
XGBoost,roc,0.019100431300061615,0.5052151238591917
XGBoost,roc,0.020948860135551448,0.5071707953063885
XGBoost,roc,0.02341343191620456,0.5078226857887875
XGBoost,roc,0.024029574861367836,0.5110821382007823
XGBoost,roc,0.025261860751694395,0.5123859191655802
XGBoost,roc,0.025878003696857672,0.5143415906127771
XGBoost,roc,0.02895871842267406,0.5149934810951761
XGBoost,roc,0.031423290203327174,0.5169491525423728
XGBoost,roc,0.033271719038817,0.5189048239895697
XGBoost,roc,0.033887861983980284,0.5208604954367666
XGBoost,roc,0.035736290819470114,0.5215123859191656
XGBoost,roc,0.036968576709796676,0.5234680573663625
XGBoost,roc,0.03820086260012323,0.5241199478487614
XGBoost,roc,0.038817005545286505,0.5280312907431551
XGBoost,roc,0.04004929143561306,0.530638852672751
XGBoost,roc,0.04066543438077634,0.5319426336375489
XGBoost,roc,0.04313000616142945,0.5338983050847458
XGBoost,roc,0.04559457794208256,0.5404172099087353
XGBoost,roc,0.0474430067775724,0.5436766623207301
XGBoost,roc,0.04805914972273567,0.5501955671447197
XGBoost,roc,0.051139864448552064,0.5541069100391134
XGBoost,roc,0.051756007393715345,0.560625814863103
XGBoost,roc,0.0529882932840419,0.5619295958279009
XGBoost,roc,0.05545286506469501,0.5638852672750978
XGBoost,roc,0.0585335797905114,0.5645371577574967
XGBoost,roc,0.06038200862600123,0.5664928292046936
XGBoost,roc,0.066543438077634,0.5671447196870926
XGBoost,roc,0.06715958102279729,0.5691003911342895
XGBoost,roc,0.06839186691312385,0.5704041720990873
XGBoost,roc,0.07024029574861368,0.575619295958279
XGBoost,roc,0.07332101047443007,0.576271186440678
XGBoost,roc,0.07393715341959335,0.5788787483702738
XGBoost,roc,0.07640172520024646,0.5808344198174706
XGBoost,roc,0.07825015403573629,0.5827900912646675
XGBoost,roc,0.08133086876155268,0.5847457627118644
XGBoost,roc,0.08317929759704251,0.5860495436766623
XGBoost,roc,0.08502772643253234,0.5873533246414603
XGBoost,roc,0.08687615526802218,0.5880052151238592
XGBoost,roc,0.0893407270486753,0.5925684485006519
XGBoost,roc,0.09426987060998152,0.5938722294654498
XGBoost,roc,0.09550215650030808,0.5958279009126467
XGBoost,roc,0.0973505853357979,0.5977835723598436
XGBoost,roc,0.09858287122612445,0.5990873533246415
XGBoost,roc,0.1004313000616143,0.6003911342894394
XGBoost,roc,0.10166358595194085,0.605606258148631
XGBoost,roc,0.10412815773259396,0.6088657105606258
XGBoost,roc,0.10536044362292052,0.6108213820078227
XGBoost,roc,0.10782501540357363,0.6121251629726207
XGBoost,roc,0.10967344423906346,0.6173402868318123
XGBoost,roc,0.11090573012939002,0.6192959582790091
XGBoost,roc,0.1115218730745533,0.622555410691004
XGBoost,roc,0.11337030191004313,0.6232073011734028
XGBoost,roc,0.11460258780036968,0.6258148631029987
XGBoost,roc,0.11521873074553296,0.6277705345501956
XGBoost,roc,0.12014787430683918,0.6284224250325945
XGBoost,roc,0.12138016019716574,0.6316818774445893
XGBoost,roc,0.12322858903265557,0.6323337679269883
XGBoost,roc,0.12384473197781885,0.6349413298565841
XGBoost,roc,0.1256931608133087,0.635593220338983
XGBoost,roc,0.12754158964879853,0.636897001303781
XGBoost,roc,0.13123844731977818,0.6375488917861799
XGBoost,roc,0.133086876155268,0.6434159061277706
XGBoost,roc,0.13493530499075784,0.6447196870925684
XGBoost,roc,0.13863216266173753,0.6453715775749674
XGBoost,roc,0.1392483056069008,0.6486310299869622
XGBoost,roc,0.14171287738755392,0.6492829204693612
XGBoost,roc,0.1423290203327172,0.6505867014341591
XGBoost,roc,0.14417744916820702,0.651238591916558
XGBoost,roc,0.14417744916820702,0.6551499348109517
XGBoost,roc,0.14540973505853358,0.6564537157757496
XGBoost,roc,0.14910659272951324,0.6629726205997393
XGBoost,roc,0.1503388786198398,0.6649282920469362
XGBoost,roc,0.15280345040049292,0.665580182529335
XGBoost,roc,0.15403573629081946,0.6707953063885267
XGBoost,roc,0.15526802218114602,0.6727509778357236
XGBoost,roc,0.15650030807147258,0.6753585397653195
XGBoost,roc,0.1583487369069624,0.6766623207301173
XGBoost,roc,0.16019716574245224,0.6799217731421121
XGBoost,roc,0.16081330868761554,0.6844850065189049
XGBoost,roc,0.16266173752310537,0.6864406779661016
XGBoost,roc,0.16327788046826863,0.6877444589308996
XGBoost,roc,0.1645101663585952,0.6883963494132985
XGBoost,roc,0.16512630930375846,0.6897001303780965
XGBoost,roc,0.16759088108441159,0.6903520208604954
XGBoost,roc,0.16943930991990142,0.6923076923076923
XGBoost,roc,0.17128773875539124,0.6936114732724902
XGBoost,roc,0.17190388170055454,0.6975228161668839
XGBoost,roc,0.17498459642637093,0.6975228161668839
XGBoost,roc,0.1756007393715342,0.7007822685788787
XGBoost,roc,0.17744916820702403,0.7020860495436767
XGBoost,roc,0.17929759704251386,0.7053455019556715
XGBoost,roc,0.18299445471349354,0.7059973924380704
XGBoost,roc,0.1836105976586568,0.7079530638852672
XGBoost,roc,0.18545902649414664,0.7105606258148631
XGBoost,roc,0.1866913123844732,0.711864406779661
XGBoost,roc,0.1891558841651263,0.7131681877444589
XGBoost,roc,0.19162045594577942,0.7144719687092569
XGBoost,roc,0.19346888478126925,0.7164276401564538
XGBoost,roc,0.19531731361675908,0.7190352020860495
XGBoost,roc,0.19901417128773877,0.7216427640156454
XGBoost,roc,0.19963031423290203,0.7235984354628422
XGBoost,roc,0.2008626001232286,0.7262059973924381
XGBoost,roc,0.20209488601355516,0.7294654498044328
XGBoost,roc,0.20517560073937152,0.7327249022164276
XGBoost,roc,0.21010474430067777,0.7333767926988266
XGBoost,roc,0.2119531731361676,0.7392438070404173
XGBoost,roc,0.21318545902649413,0.7398956975228161
XGBoost,roc,0.21380160197165743,0.742503259452412
XGBoost,roc,0.21565003080714726,0.7431551499348109
XGBoost,roc,0.2174984596426371,0.7457627118644068
XGBoost,roc,0.21873074553296365,0.7490221642764016
XGBoost,roc,0.22057917436845348,0.7509778357235984
XGBoost,roc,0.2224276032039433,0.7522816166883963
XGBoost,roc,0.2230437461491066,0.7542372881355932
XGBoost,roc,0.22674060382008626,0.7555410691003911
XGBoost,roc,0.22735674676524953,0.758148631029987
XGBoost,roc,0.22982131854590265,0.758800521512386
XGBoost,roc,0.23043746149106592,0.7620599739243807
XGBoost,roc,0.23166974738139248,0.7627118644067796
XGBoost,roc,0.23290203327171904,0.7640156453715776
XGBoost,roc,0.23475046210720887,0.7653194263363755
XGBoost,roc,0.23598274799753544,0.7698826597131682
XGBoost,roc,0.23721503388786197,0.7705345501955672
XGBoost,roc,0.23844731977818853,0.771838331160365
XGBoost,roc,0.2396796056685151,0.7737940026075619
XGBoost,roc,0.24214417744916822,0.7783572359843546
XGBoost,roc,0.24460874922982132,0.7796610169491526
XGBoost,roc,0.2452248921749846,0.7842242503259452
XGBoost,roc,0.24707332101047444,0.7907431551499348
XGBoost,roc,0.2476894639556377,0.7920469361147328
XGBoost,roc,0.24953789279112754,0.7926988265971316
XGBoost,roc,0.2501540357362908,0.7940026075619296
XGBoost,roc,0.25200246457178066,0.7953063885267275
XGBoost,roc,0.2532347504621072,0.7966101694915254
XGBoost,roc,0.25385089340727046,0.7985658409387223
XGBoost,roc,0.2563154651879236,0.7998696219035202
XGBoost,roc,0.25693160813308685,0.8011734028683182
XGBoost,roc,0.26062846580406657,0.8024771838331161
XGBoost,roc,0.26124460874922983,0.8057366362451108
XGBoost,roc,0.2649414664202095,0.8063885267275098
XGBoost,roc,0.26555760936537276,0.8096479791395046
XGBoost,roc,0.2680221811460259,0.8109517601043025
XGBoost,roc,0.270486752926679,0.8129074315514994
XGBoost,roc,0.27171903881700554,0.8135593220338984
XGBoost,roc,0.2723351817621688,0.8148631029986962
XGBoost,roc,0.27418361059765867,0.8168187744458931
XGBoost,roc,0.27479975354282193,0.8194263363754889
XGBoost,roc,0.2778804682686383,0.8200782268578879
XGBoost,roc,0.2797288971041282,0.8233376792698827
XGBoost,roc,0.28219346888478125,0.8239895697522817
XGBoost,roc,0.28342575477510784,0.8259452411994785
XGBoost,roc,0.2846580406654344,0.8272490221642764
XGBoost,roc,0.28527418361059764,0.8292046936114733
XGBoost,roc,0.2895871842267406,0.8298565840938722
XGBoost,roc,0.2902033271719039,0.833116036505867
XGBoost,roc,0.2920517560073937,0.833767926988266
XGBoost,roc,0.292667898952557,0.8357235984354628
XGBoost,roc,0.2951324707332101,0.8363754889178618
XGBoost,roc,0.2963647566235367,0.8376792698826597
XGBoost,roc,0.2975970425138632,0.8389830508474576
XGBoost,roc,0.2982131854590265,0.8415906127770535
XGBoost,roc,0.29944547134935307,0.8428943937418514
XGBoost,roc,0.3006777572396796,0.847457627118644
XGBoost,roc,0.30252618607516946,0.848109517601043
XGBoost,roc,0.3031423290203327,0.8507170795306388
XGBoost,roc,0.30560690080098585,0.8513689700130378
XGBoost,roc,0.30745532963647565,0.8546284224250326
XGBoost,roc,0.3099199014171288,0.8578878748370273
XGBoost,roc,0.3111521873074553,0.8611473272490222
XGBoost,roc,0.3142329020332717,0.863754889178618
XGBoost,roc,0.3154651879235983,0.8657105606258149
XGBoost,roc,0.3166974738139248,0.8670143415906127
XGBoost,roc,0.3173136167590881,0.8702737940026075
XGBoost,roc,0.3197781885397412,0.8709256844850065
XGBoost,roc,0.32101047443006775,0.8728813559322034
XGBoost,roc,0.32224276032039434,0.8748370273794003
XGBoost,roc,0.32532347504621073,0.8754889178617992
XGBoost,roc,0.325939617991374,0.878096479791395
XGBoost,roc,0.32717190388170053,0.8800521512385919
XGBoost,roc,0.32963647566235366,0.8807040417209909
XGBoost,roc,0.3302526186075169,0.8839634941329857
XGBoost,roc,0.3314849044978435,0.8846153846153846
XGBoost,roc,0.33394947627849664,0.8865710560625815
XGBoost,roc,0.3364140480591497,0.8872229465449805
XGBoost,roc,0.33826247689463956,0.8904823989569752
XGBoost,roc,0.3394947627849661,0.8911342894393742
XGBoost,roc,0.34011090573012936,0.8950456323337679
XGBoost,roc,0.3407270486752927,0.8970013037809648
XGBoost,roc,0.3438077634011091,0.8983050847457628
XGBoost,roc,0.3450400492914356,0.9002607561929595
XGBoost,roc,0.34688847812692547,0.9015645371577575
XGBoost,roc,0.34873690696241527,0.9048239895697523
XGBoost,roc,0.35058533579790513,0.9074315514993481
XGBoost,roc,0.35181762168823166,0.9080834419817471
XGBoost,roc,0.35304990757855825,0.909387222946545
XGBoost,roc,0.3561306223043746,0.9113428943937418
XGBoost,roc,0.3585951940850277,0.9126466753585397
XGBoost,roc,0.36105976586568084,0.9139504563233377
XGBoost,roc,0.3616759088108441,0.9152542372881356
XGBoost,roc,0.36352433764633396,0.9159061277705346
XGBoost,roc,0.36414048059149723,0.9172099087353325
XGBoost,roc,0.3659889094269871,0.9198174706649282
XGBoost,roc,0.36660505237215035,0.9217731421121251
XGBoost,roc,0.3709180529882933,0.9230769230769231
XGBoost,roc,0.37153419593345655,0.924380704041721
XGBoost,roc,0.37707948243992606,0.9250325945241199
XGBoost,roc,0.3783117683302526,0.9263363754889179
XGBoost,roc,0.3789279112754159,0.9282920469361148
XGBoost,roc,0.3844731977818854,0.9289439374185137
XGBoost,roc,0.3850893407270487,0.9302477183833116
XGBoost,roc,0.3894023413431916,0.9308996088657105
XGBoost,roc,0.392483056069008,0.9328552803129074
XGBoost,roc,0.3943314849044978,0.9341590612777053
XGBoost,roc,0.3961799137399877,0.9361147327249022
XGBoost,roc,0.39802834257547753,0.9367666232073012
XGBoost,roc,0.3986444855206408,0.9387222946544981
XGBoost,roc,0.39987677141096734,0.939374185136897
XGBoost,roc,0.4004929143561306,0.9419817470664928
XGBoost,roc,0.4017252002464572,0.9426336375488917
XGBoost,roc,0.40234134319162046,0.9465449804432855
XGBoost,roc,0.40727048675292665,0.9485006518904824
XGBoost,roc,0.40850277264325324,0.9498044328552803
XGBoost,roc,0.41035120147874304,0.9511082138200783
XGBoost,roc,0.41281577325939617,0.9524119947848761
XGBoost,roc,0.41404805914972276,0.953715775749674
XGBoost,roc,0.4152803450400493,0.9556714471968709
XGBoost,roc,0.4183610597658657,0.9563233376792699
XGBoost,roc,0.4195933456561922,0.9582790091264668
XGBoost,roc,0.4226740603820086,0.9589308996088657
XGBoost,roc,0.4232902033271719,0.9615384615384616
XGBoost,roc,0.42760320394331486,0.9628422425032594
XGBoost,roc,0.42945163277880466,0.9641460234680573
XGBoost,roc,0.4313000616142945,0.9647979139504563
XGBoost,roc,0.4319162045594578,0.9667535853976532
XGBoost,roc,0.4331484904497844,0.9674054758800521
XGBoost,roc,0.4343807763401109,0.970013037809648
XGBoost,roc,0.43561306223043744,0.9713168187744459
XGBoost,roc,0.43869377695625383,0.9726205997392438
XGBoost,roc,0.4405422057917437,0.9732724902216427
XGBoost,roc,0.4423906346272335,0.9739243807040417
XGBoost,roc,0.4430067775723968,0.9752281616688396
XGBoost,roc,0.4454713493530499,0.9765319426336375
XGBoost,roc,0.4485520640788663,0.9810951760104303
XGBoost,roc,0.4510166358595194,0.9817470664928292
XGBoost,roc,0.45286506469500926,0.9830508474576272
XGBoost,roc,0.4540973505853358,0.983702737940026
XGBoost,roc,0.45471349353049906,0.9856584093872229
XGBoost,roc,0.45902649414664204,0.9863102998696219
XGBoost,roc,0.4614910659272951,0.9889178617992177
XGBoost,roc,0.46333949476278496,0.9902216427640157
XGBoost,roc,0.46642020948860136,0.9915254237288136
XGBoost,roc,0.47196549599507087,0.9934810951760105
XGBoost,roc,0.47443006777572394,0.9954367666232073
XGBoost,roc,0.4805914972273567,0.9960886571056062
XGBoost,roc,0.4824399260628466,0.9973924380704041
XGBoost,roc,0.4879852125693161,0.9980443285528031
XGBoost,roc,0.4929143561306223,0.9986962190352021
XGBoost,roc,0.5046210720887245,0.999348109517601
XGBoost,roc,0.6752926678989526,1.0
XGBoost,roc,0.8016019716574245,1.0
XGBoost,roc,0.8736906962415281,1.0
XGBoost,roc,1.0,1.0
XGBoost,pr,1.0,0.48590433956287615
XGBoost,pr,1.0,0.4874483635208135
XGBoost,pr,1.0,0.4890022314313038
XGBoost,pr,1.0,0.49056603773584906
XGBoost,pr,1.0,0.49213987808790505
XGBoost,pr,1.0,0.49372384937238495
XGBoost,pr,1.0,0.49531804972554083
XGBoost,pr,1.0,0.49692257855523164
XGBoost,pr,1.0,0.49853753656158595
XGBoost,pr,1.0,0.5001630257580698
XGBoost,pr,1.0,0.5019633507853403
XGBoost,pr,1.0,0.5036112934996717
XGBoost,pr,1.0,0.505270092226614
XGBoost,pr,1.0,0.5069398545935228
XGBoost,pr,1.0,0.5086206896551724
XGBoost,pr,1.0,0.5103127079174984
XGBoost,pr,1.0,0.5120160213618158
XGBoost,pr,1.0,0.5137307434695244
XGBoost,pr,1.0,0.5154569892473119
XGBoost,pr,1.0,0.5171948752528658
XGBoost,pr,1.0,0.5189445196211097
XGBoost,pr,1.0,0.5208828522920204
XGBoost,pr,1.0,0.5226575809199319
XGBoost,pr,1.0,0.5244444444444445
XGBoost,pr,1.0,0.5262435677530017
XGBoost,pr,1.0,0.5280550774526678
XGBoost,pr,1.0,0.5298791018998273
XGBoost,pr,1.0,0.5317157712305026
XGBoost,pr,1.0,0.5335652173913044
XGBoost,pr,1.0,0.5354275741710297
XGBoost,pr,1.0,0.5373029772329246
XGBoost,pr,1.0,0.5391915641476274
XGBoost,pr,1.0,0.5412844036697247
XGBoost,pr,1.0,0.5432011331444759
XGBoost,pr,1.0,0.5451314854299929
XGBoost,pr,1.0,0.5470756062767475
XGBoost,pr,1.0,0.5490336435218325
XGBoost,pr,1.0,0.5510057471264368
XGBoost,pr,1.0,0.5529920692141312
XGBoost,pr,1.0,0.5549927641099855
XGBoost,pr,1.0,0.5570079883805374
XGBoost,pr,1.0,0.5590379008746356
XGBoost,pr,1.0,0.5610826627651793
XGBoost,pr,1.0,0.5631424375917768
XGBoost,pr,1.0,0.5652173913043478
XGBoost,pr,1.0,0.5673076923076923
XGBoost,pr,1.0,0.5694135115070527
XGBoost,pr,1.0,0.5717480432351845
XGBoost,pr,1.0,0.5738870183314628
XGBoost,pr,1.0,0.5760420578295156
XGBoost,pr,1.0,0.5782133433848473
XGBoost,pr,1.0,0.5804010594021944
XGBoost,pr,1.0,0.5826053930877326
XGBoost,pr,1.0,0.5850495804729214
XGBoost,pr,1.0,0.5872894333843798
XGBoost,pr,1.0,0.5895465026902382
XGBoost,pr,1.0,0.591820987654321
XGBoost,pr,1.0,0.5941130906274206
XGBoost,pr,1.0,0.5964230171073095
XGBoost,pr,1.0,0.5987509758001561
XGBoost,pr,1.0,0.6010971786833855
XGBoost,pr,1.0,0.6034618410700237
XGBoost,pr,1.0,0.6058451816745656
XGBoost,pr,1.0,0.6082474226804123
XGBoost,pr,1.0,0.6106687898089171
XGBoost,pr,1.0,0.6131095123900879
XGBoost,pr,1.0,0.615569823434992
XGBoost,pr,1.0,0.6180499597099114
XGBoost,pr,1.0,0.6205501618122977
XGBoost,pr,1.0,0.6230706742485784
XGBoost,pr,1.0,0.6256117455138662
XGBoost,pr,1.0,0.6281736281736282
XGBoost,pr,1.0,0.6307565789473685
XGBoost,pr,1.0,0.6333608587943848
XGBoost,pr,1.0,0.6359867330016584
XGBoost,pr,1.0,0.6386344712739384
XGBoost,pr,1.0,0.6413043478260869
XGBoost,pr,1.0,0.6439966414777498
XGBoost,pr,1.0,0.6467116357504216
XGBoost,pr,1.0,0.6494496189669772
XGBoost,pr,0.999348109517601,0.6517857142857143
XGBoost,pr,0.999348109517601,0.6545687446626814
XGBoost,pr,0.9986962190352021,0.6569468267581475
XGBoost,pr,0.9980443285528031,0.6596294700560104
XGBoost,pr,0.9967405475880052,0.6616183470359152
XGBoost,pr,0.9960886571056062,0.6640591047370709
XGBoost,pr,0.9941329856584094,0.6656481885639459
XGBoost,pr,0.9915254237288136,0.6668128014028935
XGBoost,pr,0.9902216427640157,0.6688683399383532
XGBoost,pr,0.9876140808344198,0.6703539823008849
XGBoost,pr,0.9856584093872229,0.672
XGBoost,pr,0.9823989569752282,0.6727678571428571
XGBoost,pr,0.9791395045632334,0.673542600896861
XGBoost,pr,0.9765319426336375,0.6747747747747748
XGBoost,pr,0.9739243807040417,0.6760180995475114
XGBoost,pr,0.9719687092568449,0.6780354706684857
XGBoost,pr,0.9680573663624511,0.678391959798995
XGBoost,pr,0.9647979139504563,0.6792106470858191
XGBoost,pr,0.9628422425032594,0.6809589672660212
XGBoost,pr,0.9602346805736637,0.682260305697082
XGBoost,pr,0.9576271186440678,0.683573755234993
XGBoost,pr,0.9550195567144719,0.6848994857410005
XGBoost,pr,0.9517601043024772,0.6857679661813058
XGBoost,pr,0.9491525423728814,0.6871165644171779
XGBoost,pr,0.9465449804432855,0.6884779516358464
XGBoost,pr,0.9426336375488917,0.6895565092989986
XGBoost,pr,0.9387222946544981,0.6899856252994729
XGBoost,pr,0.9348109517601043,0.6904188733750601
XGBoost,pr,0.9322033898305084,0.6921587608906099
XGBoost,pr,0.9302477183833116,0.6940661478599222
XGBoost,pr,0.9289439374185137,0.6964809384164223
XGBoost,pr,0.9269882659713168,0.6984282907662083
XGBoost,pr,0.924380704041721,0.7002469135802469
XGBoost,pr,0.9230769230769231,0.7027295285359801
XGBoost,pr,0.9198174706649282,0.7037406483790524
XGBoost,pr,0.9159061277705346,0.7042606516290727
XGBoost,pr,0.9139504563233377,0.7062972292191436
XGBoost,pr,0.910039113428944,0.707193515704154
XGBoost,pr,0.9080834419817471,0.7096281202241467
XGBoost,pr,0.9035202086049544,0.7100409836065574
XGBoost,pr,0.9002607561929595,0.7111225540679712
XGBoost,pr,0.8976531942633638,0.7127329192546584
XGBoost,pr,0.8924380704041721,0.7126496616345653
XGBoost,pr,0.8885267275097783,0.7132391418105704
XGBoost,pr,0.8852672750977836,0.7147368421052631
XGBoost,pr,0.8833116036505867,0.716931216931217
XGBoost,pr,0.8794002607561929,0.7175531914893617
XGBoost,pr,0.8748370273794003,0.7184154175588865
XGBoost,pr,0.8722294654498044,0.7205169628432956
XGBoost,pr,0.8683181225554107,0.7211694639956686
XGBoost,pr,0.8650586701434159,0.7223734349482852
XGBoost,pr,0.8611473272490222,0.7230432402846196
XGBoost,pr,0.8572359843546284,0.7237204182718767
XGBoost,pr,0.8526727509778357,0.7238516878804648
XGBoost,pr,0.8507170795306388,0.7262103505843072
XGBoost,pr,0.8468057366362451,0.7269166200335758
XGBoost,pr,0.8422425032594524,0.727068092290377
XGBoost,pr,0.8376792698826597,0.7276330690826727
XGBoost,pr,0.834419817470665,0.7293447293447294
XGBoost,pr,0.8305084745762712,0.7300859598853868
XGBoost,pr,0.8292046936114733,0.7331412103746398
XGBoost,pr,0.8246414602346805,0.7333333333333333
XGBoost,pr,0.8220338983050848,0.7352769679300292
XGBoost,pr,0.8194263363754889,0.7376760563380281
XGBoost,pr,0.8155149934810951,0.7384887839433294
XGBoost,pr,0.8116036505867015,0.7393111638954869
XGBoost,pr,0.8096479791395046,0.7419354838709677
XGBoost,pr,0.8057366362451108,0.7427884615384616
XGBoost,pr,0.8024771838331161,0.7442563482466747
XGBoost,pr,0.8005215123859192,0.7469586374695864
XGBoost,pr,0.7966101694915254,0.7483159828536436
XGBoost,pr,0.7926988265971316,0.7506172839506173
XGBoost,pr,0.788787483702738,0.7515527950310559
XGBoost,pr,0.7835723598435462,0.75125
XGBoost,pr,0.7783572359843546,0.7509433962264151
XGBoost,pr,0.7764015645371578,0.7537974683544304
XGBoost,pr,0.7711864406779662,0.7535031847133759
XGBoost,pr,0.7685788787483703,0.7557692307692307
XGBoost,pr,0.7640156453715776,0.7561290322580645
XGBoost,pr,0.7607561929595827,0.7577922077922078
XGBoost,pr,0.7568448500651891,0.7588235294117647
XGBoost,pr,0.7542372881355932,0.7611842105263158
XGBoost,pr,0.7509778357235984,0.7629139072847683
XGBoost,pr,0.7470664928292047,0.764
XGBoost,pr,0.7431551499348109,0.7651006711409396
XGBoost,pr,0.7398956975228161,0.7668918918918919
XGBoost,pr,0.7340286831812256,0.7659863945578231
XGBoost,pr,0.7327249022164276,0.7698630136986301
XGBoost,pr,0.7314211212516297,0.7737931034482759
XGBoost,pr,0.7262059973924381,0.7741487143849896
XGBoost,pr,0.7216427640156454,0.7746675997200839
XGBoost,pr,0.7183833116036505,0.7766032417195208
XGBoost,pr,0.7151238591916558,0.7785663591199432
XGBoost,pr,0.71251629726206,0.7812723373838456
XGBoost,pr,0.7099087353324641,0.7840172786177105
XGBoost,pr,0.7059973924380704,0.785921625544267
XGBoost,pr,0.7033898305084746,0.789319678127286
XGBoost,pr,0.6988265971316818,0.7899778924097274
XGBoost,pr,0.6955671447196871,0.7927191679049034
XGBoost,pr,0.6916558018252934,0.7941616766467066
XGBoost,pr,0.6897001303780965,0.7978883861236803
XGBoost,pr,0.6864406779661016,0.8001519756838906
XGBoost,pr,0.68122555410691,0.8007662835249042
XGBoost,pr,0.6760104302477183,0.8020108275328693
XGBoost,pr,0.6714471968709257,0.8034321372854915
XGBoost,pr,0.666232073011734,0.8040912667191188
XGBoost,pr,0.6629726205997393,0.8077839555202542
XGBoost,pr,0.6597131681877445,0.8102481985588471
XGBoost,pr,0.6544980443285529,0.8109854604200323
XGBoost,pr,0.6499348109517601,0.8125509372453138
XGBoost,pr,0.6466753585397653,0.8151191454396056
XGBoost,pr,0.6440677966101694,0.8185584092792046
XGBoost,pr,0.6388526727509778,0.8193979933110368
XGBoost,pr,0.636897001303781,0.8237774030354131
XGBoost,pr,0.6349413298565841,0.828936170212766
XGBoost,pr,0.6310299869621904,0.8309012875536481
XGBoost,pr,0.6277705345501956,0.8337662337662337
XGBoost,pr,0.6251629726205997,0.8382867132867133
XGBoost,pr,0.621251629726206,0.8411297440423654
XGBoost,pr,0.6153846153846154,0.8413547237076648
XGBoost,pr,0.6121251629726207,0.8444244604316546
XGBoost,pr,0.6088657105606258,0.8475499092558983
XGBoost,pr,0.6043024771838331,0.8489010989010989
XGBoost,pr,0.5990873533246415,0.8501387604070305
XGBoost,pr,0.5958279009126467,0.8542056074766355
XGBoost,pr,0.5938722294654498,0.8594339622641509
XGBoost,pr,0.590612777053455,0.8628571428571429
XGBoost,pr,0.5873533246414603,0.8663461538461539
XGBoost,pr,0.5847457627118644,0.8717201166180758
XGBoost,pr,0.5814863102998696,0.8753680078508341
XGBoost,pr,0.5788787483702738,0.8800792864222002
XGBoost,pr,0.575619295958279,0.8838838838838838
XGBoost,pr,0.5723598435462842,0.8877654196157735
XGBoost,pr,0.5677966101694916,0.8896833503575077
XGBoost,pr,0.5664928292046936,0.8968008255933952
XGBoost,pr,0.5645371577574967,0.9030239833159541
XGBoost,pr,0.5625814863102999,0.9093782929399368
XGBoost,pr,0.5580182529335072,0.9116080937167199
XGBoost,pr,0.5541069100391134,0.9149623250807319
XGBoost,pr,0.5488917861799217,0.9162132752992383
XGBoost,pr,0.5430247718383312,0.9163916391639164
XGBoost,pr,0.5378096479791395,0.917686318131257
XGBoost,pr,0.5338983050847458,0.9212598425196851
XGBoost,pr,0.530638852672751,0.926052332195677
XGBoost,pr,0.5260756192959583,0.9286536248561565
XGBoost,pr,0.5221642764015645,0.9324796274738067
XGBoost,pr,0.5189048239895697,0.9375736160188457
XGBoost,pr,0.516297262059974,0.9439809296781884
XGBoost,pr,0.5136897001303781,0.9505428226779252
XGBoost,pr,0.5091264667535854,0.9536019536019537
XGBoost,pr,0.5058670143415906,0.9592088998763906
XGBoost,pr,0.5045632333767927,0.9687108886107635
XGBoost,pr,0.5,0.9721166032953105
XGBoost,pr,0.4954367666232073,0.975609756097561
XGBoost,pr,0.4921773142112125,0.9817945383615084
XGBoost,pr,0.48891786179921776,0.9881422924901185
XGBoost,pr,0.485006518904824,0.9946524064171123
XGBoost,pr,0.4810951760104302,1.0
XGBoost,pr,0.4745762711864407,1.0
XGBoost,pr,0.4680573663624511,1.0
XGBoost,pr,0.46153846153846156,1.0
XGBoost,pr,0.455019556714472,1.0
XGBoost,pr,0.4485006518904824,1.0
XGBoost,pr,0.44198174706649285,1.0
XGBoost,pr,0.43546284224250326,1.0
XGBoost,pr,0.42894393741851367,1.0
XGBoost,pr,0.4217731421121252,1.0
XGBoost,pr,0.4152542372881356,1.0
XGBoost,pr,0.40808344198174706,1.0
XGBoost,pr,0.4015645371577575,1.0
XGBoost,pr,0.39504563233376794,1.0
XGBoost,pr,0.3878748370273794,1.0
XGBoost,pr,0.3813559322033898,1.0
XGBoost,pr,0.3741851368970013,1.0
XGBoost,pr,0.3670143415906128,1.0
XGBoost,pr,0.3604954367666232,1.0
XGBoost,pr,0.3539765319426336,1.0
XGBoost,pr,0.3474576271186441,1.0
XGBoost,pr,0.34028683181225555,1.0
XGBoost,pr,0.33376792698826596,1.0
XGBoost,pr,0.32659713168187743,1.0
XGBoost,pr,0.31747066492829207,1.0
XGBoost,pr,0.30964797913950454,1.0
XGBoost,pr,0.30182529335071706,1.0
XGBoost,pr,0.29335071707953064,1.0
XGBoost,pr,0.2861799217731421,1.0
XGBoost,pr,0.2796610169491525,1.0
XGBoost,pr,0.273142112125163,1.0
XGBoost,pr,0.26401564537157757,1.0
XGBoost,pr,0.25749674054758803,1.0
XGBoost,pr,0.24967405475880053,1.0
XGBoost,pr,0.24315514993481094,1.0
XGBoost,pr,0.23533246414602346,1.0
XGBoost,pr,0.22685788787483702,1.0
XGBoost,pr,0.21903520208604954,1.0
XGBoost,pr,0.21251629726205998,1.0
XGBoost,pr,0.20404172099087353,1.0
XGBoost,pr,0.19621903520208606,1.0
XGBoost,pr,0.1897001303780965,1.0
XGBoost,pr,0.18252933507170796,1.0
XGBoost,pr,0.17535853976531943,1.0
XGBoost,pr,0.1681877444589309,1.0
XGBoost,pr,0.16101694915254236,1.0
XGBoost,pr,0.1544980443285528,1.0
XGBoost,pr,0.14667535853976532,1.0
XGBoost,pr,0.14015645371577576,1.0
XGBoost,pr,0.13233376792698825,1.0
XGBoost,pr,0.12385919165580182,1.0
XGBoost,pr,0.11734028683181226,1.0
XGBoost,pr,0.10886571056062581,1.0
XGBoost,pr,0.10234680573663625,1.0
XGBoost,pr,0.09452411994784876,1.0
XGBoost,pr,0.08670143415906127,1.0
XGBoost,pr,0.07953063885267275,1.0
XGBoost,pr,0.07235984354628422,1.0
XGBoost,pr,0.0651890482398957,1.0
XGBoost,pr,0.058018252933507174,1.0
XGBoost,pr,0.051499348109517604,1.0
XGBoost,pr,0.04432855280312908,1.0
XGBoost,pr,0.037157757496740544,1.0
XGBoost,pr,0.030638852672750978,1.0
XGBoost,pr,0.02346805736636245,1.0
XGBoost,pr,0.016297262059973925,1.0
XGBoost,pr,0.009778357235984355,1.0
XGBoost,pr,0.003259452411994785,1.0
XGBoost,calibration,0.0,0.00034273262004901457
XGBoost,calibration,0.0,0.000540189273987714
XGBoost,calibration,0.12698412698412698,0.09183821012524682
XGBoost,calibration,0.43354430379746833,0.36695849489939364
XGBoost,calibration,0.5316455696202531,0.4591765319810638
XGBoost,calibration,0.5396825396825397,0.5263446144641392
XGBoost,calibration,0.49683544303797467,0.5866308380154115
XGBoost,calibration,0.7301587301587301,0.7889123188124763
XGBoost,calibration,1.0,0.9995150915052318
XGBoost,calibration,1.0,0.9996930628637725
