modele,proba,reel
Regression logistique,0.4732794926186445,1
Regression logistique,0.9999988729757548,1
Regression logistique,0.0018774154352261007,0
Regression logistique,0.999999758495605,1
Regression logistique,0.999998182106133,1
Regression logistique,0.0006475152614903597,0
Regression logistique,0.002088991895759165,0
Regression logistique,0.559823231966394,1
Regression logistique,0.9999997804762151,1
Regression logistique,0.9999997017732175,1
Regression logistique,0.9999997356679303,1
Regression logistique,0.002190355443294315,0
Regression logistique,0.5811644005826966,1
Regression logistique,0.4927091348174059,1
Regression logistique,0.40592042800120676,0
Regression logistique,0.6502767005927015,1
Regression logistique,0.5127971321412094,1
Regression logistique,0.002229187849984912,0
Regression logistique,0.5339748042580021,0
Regression logistique,0.9999991376729878,1
Regression logistique,0.0018950406802682278,0
Regression logistique,0.6146740772665036,0
Regression logistique,0.6120596222644182,1
Regression logistique,0.5539751877679581,1
Regression logistique,0.999998910085435,1
Regression logistique,0.5923628328498024,1
Regression logistique,0.9999987915707459,1
Regression logistique,0.003884062139319814,0
Regression logistique,0.9999990483312597,1
Regression logistique,0.9999997826925949,1
Regression logistique,0.00212607548794654,0
Regression logistique,0.0014971816588702773,0
Regression logistique,0.0022856327930530435,0
Regression logistique,0.46771063174464717,0
Regression logistique,0.624628987230604,1
Regression logistique,0.9999989500720471,1
Regression logistique,0.9999983528559709,1
Regression logistique,0.48944647527366647,1
Regression logistique,0.9999986031959742,1
Regression logistique,0.5667286823454927,1
Regression logistique,0.0006922239515703141,0
Regression logistique,0.5443541664318811,1
Regression logistique,0.32077728202507955,0
Regression logistique,0.29884262063217343,0
Regression logistique,0.44978352300018193,0
Regression logistique,0.4808079130704729,1
Regression logistique,0.002979057389344648,0
Regression logistique,0.9999991636073603,1
Regression logistique,0.0006778567914145675,0
Regression logistique,0.5464528107780712,1
Regression logistique,0.9999996114354275,1
Regression logistique,0.9999997548819789,1
Regression logistique,0.0019469561193543319,0
Regression logistique,0.4580687068049105,1
Regression logistique,0.0024820654396741516,0
Regression logistique,0.00206137639381304,0
Regression logistique,0.44533954784084845,0
Regression logistique,0.4498445675667497,1
Regression logistique,0.0017278721734162723,0
Regression logistique,0.9999983809976841,1
Regression logistique,0.999998246427526,1
Regression logistique,0.5906813132275989,1
Regression logistique,0.6562270451758612,1
Regression logistique,0.5022763533418226,0
Regression logistique,0.5853904710694559,0
Regression logistique,0.00381247566784913,0
Regression logistique,0.9999982158125554,1
Regression logistique,0.003927963143806966,0
Regression logistique,0.4013757594000106,0
Regression logistique,0.33521863490105214,0
Regression logistique,0.0031658726946646887,0
Regression logistique,0.9999996414107404,1
Regression logistique,0.9999997345580697,1
Regression logistique,0.003040811683401233,0
Regression logistique,0.9999997845260009,1
Regression logistique,0.9999996511367091,1
Regression logistique,0.00432683792465949,0
Regression logistique,0.3027700952663782,0
Regression logistique,0.4226621291482201,0
Regression logistique,0.9999998034482571,1
Regression logistique,0.49667442222200103,1
Regression logistique,0.0007119337324639829,0
Regression logistique,0.5433564760282301,1
Regression logistique,0.9999983418376034,1
Regression logistique,0.49206461926216455,1
Regression logistique,0.9999985328544836,1
Regression logistique,0.0019601581247398066,0
Regression logistique,0.5528029233083547,0
Regression logistique,0.22771265295077156,0
Regression logistique,0.9999990114315307,1
Regression logistique,0.002192049993722905,0
Regression logistique,0.578173776553609,0
Regression logistique,0.5606729565604427,1
Regression logistique,0.9999989370203056,1
Regression logistique,0.488260942223673,0
Regression logistique,0.5434682496447624,1
Regression logistique,0.3814207651342168,0
Regression logistique,0.5435534108803557,0
Regression logistique,0.24787606343926574,0
Regression logistique,0.999999784814737,1
Regression logistique,0.6133338638905947,1
Regression logistique,0.5995898933583944,1
Regression logistique,0.999998721940052,1
Regression logistique,0.30182590824648575,1
Regression logistique,0.5623676655610017,1
Regression logistique,0.0037826579210433033,0
Regression logistique,0.9999989172727194,1
Regression logistique,0.0014818501264617788,0
Regression logistique,0.5410065166363566,1
Regression logistique,0.0019516826223986612,0
Regression logistique,0.0018291902100632008,0
Regression logistique,0.0020233060133379504,0
Regression logistique,0.5862738400065931,1
Regression logistique,0.5808029138146299,0
Regression logistique,0.9999988052461778,1
Regression logistique,0.9999982990187656,1
Regression logistique,0.0001965864638649595,0
Regression logistique,0.5328618096452135,0
Regression logistique,0.9999981433978347,1
Regression logistique,0.5871454033413273,1
Regression logistique,0.5723962293042485,0
Regression logistique,0.35108966086700794,1
Regression logistique,0.9999996876405387,1
Regression logistique,0.5968206083333677,0
Regression logistique,0.5501260659227752,0
Regression logistique,0.5120891075077584,0
Regression logistique,0.45154802955358975,1
Regression logistique,0.44749817135073344,0
Regression logistique,0.41457780380802406,0
Regression logistique,0.40050451276449467,0
Regression logistique,0.0022569443935864207,0
Regression logistique,0.9999978891566416,1
Regression logistique,0.9999997574881581,1
Regression logistique,0.0038098892550295776,0
Regression logistique,0.0019425103950656431,0
Regression logistique,0.5976888653998339,1
Regression logistique,0.9999996936095399,1
Regression logistique,0.4193839980757951,0
Regression logistique,0.6199018122598754,1
Regression logistique,0.9999991471568078,1
Regression logistique,0.9999987459825566,1
Regression logistique,0.0035874251633132995,0
Regression logistique,0.5524142110914388,1
Regression logistique,0.9999980421982798,1
Regression logistique,0.9999987030134334,1
Regression logistique,0.4639553880959098,0
Regression logistique,0.0031342342801865437,0
Regression logistique,0.4772546064635461,0
Regression logistique,0.0033845174832764727,0
Regression logistique,0.4355805579449509,1
Regression logistique,0.999999662320299,1
Regression logistique,0.003816960791741608,0
Regression logistique,0.27577615544444434,0
Regression logistique,0.5502118019759527,1
Regression logistique,0.4999671690851868,0
Regression logistique,0.4658413127508276,0
Regression logistique,0.5689649968933964,1
Regression logistique,0.9999995510651388,1
Regression logistique,0.6023817243698141,1
Regression logistique,0.001646631085877444,0
Regression logistique,0.6047474422599314,1
Regression logistique,0.5630885015700622,0
Regression logistique,0.5769434220073527,0
Regression logistique,0.5670272567964818,1
Regression logistique,0.4520186409127405,0
Regression logistique,0.29917238880693314,0
Regression logistique,0.3950587240206153,0
Regression logistique,0.9999997572894707,1
Regression logistique,0.9999982559466584,1
Regression logistique,0.5560713577137485,1
Regression logistique,0.5710118839372295,0
Regression logistique,0.6109109767731223,0
Regression logistique,0.002481614746468992,0
Regression logistique,0.0024126342396598175,0
Regression logistique,0.0017470949515393818,0
Regression logistique,0.0019862097882408464,0
Regression logistique,0.5753508769317209,1
Regression logistique,0.6154190826287654,1
Regression logistique,0.0005420174955454639,0
Regression logistique,0.5047074255029032,0
Regression logistique,0.5040959721860157,1
Regression logistique,0.5784851488904592,0
Regression logistique,0.6017203846694762,1
Regression logistique,0.3061777225031714,0
Regression logistique,0.5985843940778449,1
Regression logistique,0.4528671906292664,0
Regression logistique,0.003206037911501903,0
Regression logistique,0.4497551165194105,0
Regression logistique,0.5696832812792436,0
Regression logistique,0.0007023206923307425,0
Regression logistique,0.9999997830375245,1
Regression logistique,0.5215450122101776,1
Regression logistique,0.594736744082951,1
Regression logistique,0.5737135710236385,0
Regression logistique,0.4108851217827378,0
Regression logistique,0.9999996574891633,1
Regression logistique,0.9999997759173729,1
Regression logistique,0.9999997258409873,1
Regression logistique,0.0005993500386481872,0
Regression logistique,0.5723972431121228,1
Regression logistique,0.001712242708683055,0
Regression logistique,0.9999981234017945,1
Regression logistique,0.0019130414254054523,0
Regression logistique,0.0016466060282226763,0
Regression logistique,0.002080668388698976,0
Regression logistique,0.004831914823027308,0
Regression logistique,0.5987604232852877,0
Regression logistique,0.430392183323427,0
Regression logistique,0.9999982597483219,1
Regression logistique,0.0022742178573265477,0
Regression logistique,0.2535140635393273,0
Regression logistique,0.593155160721716,0
Regression logistique,0.9999982864841657,1
Regression logistique,0.5794497888163354,0
Regression logistique,0.9999980334514864,1
Regression logistique,0.9999997155320758,1
Regression logistique,0.9999984658795088,1
Regression logistique,0.4611105316588626,0
Regression logistique,0.9999986767137587,1
Regression logistique,0.5189182518004174,1
Regression logistique,0.6210341802532521,1
Regression logistique,0.9999981013201223,1
Regression logistique,0.9999982519366579,1
Regression logistique,0.5995872784740519,1
Regression logistique,0.42862079292791033,0
Regression logistique,0.3879147308361036,0
Regression logistique,0.0015867712016912985,0
Regression logistique,0.5397895010089525,0
Regression logistique,0.9999998011036244,1
Regression logistique,0.6484671977351453,1
Regression logistique,0.004033349432070621,0
Regression logistique,0.9999985679698918,1
Regression logistique,0.0005964914323779453,0
Regression logistique,0.46160093236367344,0
Regression logistique,0.0046878033145224835,0
Regression logistique,0.002977786334977186,0
Regression logistique,0.5120071547423186,1
Regression logistique,0.9999997552673213,1
Regression logistique,0.4760815869411961,1
Regression logistique,0.42900614674829574,0
Regression logistique,0.0006666007290025986,0
Regression logistique,0.9999996768056864,1
Regression logistique,0.001742930989071353,0
Regression logistique,0.0019130414254054523,0
Regression logistique,0.31056021817034174,1
Regression logistique,0.9999995875121276,1
Regression logistique,0.002072896650638589,0
Regression logistique,0.43083631283593804,0
Regression logistique,0.550849882723778,1
Regression logistique,0.002267654051948473,0
Regression logistique,0.4745919913157558,1
Regression logistique,0.9999981829048032,1
Regression logistique,0.999999662325446,1
Regression logistique,0.4091149083166201,0
Regression logistique,0.5673699125397771,1
Regression logistique,0.5608947033794356,1
Regression logistique,0.0018870188314977006,0
Regression logistique,0.24732876041584473,0
Regression logistique,0.0025138727821373405,0
Regression logistique,0.9999997622783615,1
Regression logistique,0.9999986081951056,1
Regression logistique,0.999999747228228,1
Regression logistique,0.9999986577463498,1
Regression logistique,0.000580735485884501,0
Regression logistique,0.5227279018387181,1
Regression logistique,0.529888933662187,1
Regression logistique,0.999998597572361,1
Regression logistique,0.9999983155370286,1
Regression logistique,0.6269144343898996,1
Regression logistique,0.27968774961676207,0
Regression logistique,0.29831818998050136,0
Regression logistique,0.9999996961287405,1
Regression logistique,0.5429136176081625,1
Regression logistique,0.4676548334985267,1
Regression logistique,0.9999997720793936,1
Regression logistique,0.46313434801541153,1
Regression logistique,0.004906856721623613,0
Regression logistique,0.5873332007543167,0
Regression logistique,0.0007835542172926036,0
Regression logistique,0.569457029640965,1
Regression logistique,0.0006304036665399426,0
Regression logistique,0.9999985308270476,1
Regression logistique,0.5894947064793871,1
Regression logistique,0.001821508906985863,0
Regression logistique,0.25449820943847407,0
Regression logistique,0.9999997930360729,1
Regression logistique,0.5510616909317795,0
Regression logistique,0.99999976405293,1
Regression logistique,0.9999983976751079,1
Regression logistique,0.4750384724728959,0
Regression logistique,0.00203460921965221,0
Regression logistique,0.0017959223798666678,0
Regression logistique,0.6172926481297267,0
Regression logistique,0.2534556146560112,0
Regression logistique,0.0021564929655361474,0
Regression logistique,0.9999983762510583,1
Regression logistique,0.42812659613569026,0
Regression logistique,0.5358861405393714,0
Regression logistique,0.5755266299433406,1
Regression logistique,0.624091982647756,0
Regression logistique,0.0007831096705157048,0
Regression logistique,0.5581716105927073,1
Regression logistique,0.5439437262565011,1
Regression logistique,0.004422218593141412,0
Regression logistique,0.0020836523491071205,0
Regression logistique,0.5823202598914978,1
Regression logistique,0.5980694833027634,1
Regression logistique,0.9999995740615111,1
Regression logistique,0.4633126351316543,1
Regression logistique,0.0006530260763045132,0
Regression logistique,0.9999997996211936,1
Regression logistique,0.42079060802122203,1
Regression logistique,0.2663371302392298,0
Regression logistique,0.517209725292151,1
Regression logistique,0.003977720527828047,0
Regression logistique,0.003107922145920824,0
Regression logistique,0.0006858451473878324,0
Regression logistique,0.0016689732120660388,0
Regression logistique,0.6146766569430869,1
Regression logistique,0.0022666547330435108,0
Regression logistique,0.6269490790662571,1
Regression logistique,0.5519159701696205,0
Regression logistique,0.5130008831202597,0
Regression logistique,0.5748746811629287,1
Regression logistique,0.9999978946200718,1
Regression logistique,0.9999980217372368,1
Regression logistique,0.2828806995113782,0
Regression logistique,0.003445887557308513,0
Regression logistique,0.5838819980827261,1
Regression logistique,0.5792087591979507,1
Regression logistique,0.002786955152935762,0
Regression logistique,0.0024096813323198417,0
Regression logistique,0.9999997690838118,1
Regression logistique,0.0020178346592634256,0
Regression logistique,0.5999796253815312,0
Regression logistique,0.004109024914410307,0
Regression logistique,0.5929806755079123,1
Regression logistique,0.9999998002058266,1
Regression logistique,0.0017564509598731273,0
Regression logistique,0.9999986299005323,1
Regression logistique,0.9999986654588611,1
Regression logistique,0.4568891825768684,0
Regression logistique,0.003699069672012753,0
Regression logistique,0.4658413127508276,1
Regression logistique,0.001990411485322108,0
Regression logistique,0.0016031453799935096,0
Regression logistique,0.23404935442382332,0
Regression logistique,0.0018865098571098345,0
Regression logistique,0.0005853145559946402,0
Regression logistique,0.9999997652598402,1
Regression logistique,0.0019548091029107533,0
Regression logistique,0.0018184751253288412,0
Regression logistique,0.3172999018027043,0
Regression logistique,0.9999986236364732,1
Regression logistique,0.002079155889181232,0
Regression logistique,0.5365076641092833,1
Regression logistique,0.6075304359600783,1
Regression logistique,0.6330903660412764,1
Regression logistique,0.550102060965636,1
Regression logistique,0.5690571046067004,0
Regression logistique,0.5379039191744533,1
Regression logistique,0.5183115328715081,0
Regression logistique,0.2177421852333954,0
Regression logistique,0.9999986225640476,1
Regression logistique,0.9999987003905876,1
Regression logistique,0.5470798862041503,1
Regression logistique,0.4369147008315587,1
Regression logistique,0.4774943989157048,0
Regression logistique,0.0021381601318958524,0
Regression logistique,0.4841240436737611,1
Regression logistique,0.4577123901170721,0
Regression logistique,0.49436701823855295,0
Regression logistique,0.46386346972087145,0
Regression logistique,0.5081148126022311,0
Regression logistique,0.004736544814995252,0
Regression logistique,0.0013692997845802443,0
Regression logistique,0.000785510705486259,0
Regression logistique,0.5999663082981673,1
Regression logistique,0.4726107063780583,1
Regression logistique,0.0008544795174720309,0
Regression logistique,0.5455283926804853,1
Regression logistique,0.47774285070411454,1
Regression logistique,0.0005685534789886236,0
Regression logistique,0.0006377898792027993,0
Regression logistique,0.6202385368119476,0
Regression logistique,0.002061945564817829,0
Regression logistique,0.9999981756400599,1
Regression logistique,0.5995872784740519,0
Regression logistique,0.31826725537762746,0
Regression logistique,0.0022794165829884703,0
Regression logistique,0.529073359297813,1
Regression logistique,0.9999985055317465,1
Regression logistique,0.0018590859069004414,0
Regression logistique,0.5753437302437266,0
Regression logistique,0.9999997776731179,1
Regression logistique,0.551134217247665,0
Regression logistique,0.9999980526015101,1
Regression logistique,0.9999987259480355,1
Regression logistique,0.6217780399775267,1
Regression logistique,0.0002542631512059183,0
Regression logistique,0.5452665136210462,0
Regression logistique,0.00022904350131418435,0
Regression logistique,0.4357433319307091,1
Regression logistique,0.5750861995983573,1
Regression logistique,0.0020431440252376893,0
Regression logistique,0.001875618839307535,0
Regression logistique,0.5380608623377638,1
Regression logistique,0.3021625135735418,0
Regression logistique,0.0018144288077224686,0
Regression logistique,0.9999982129785203,1
Regression logistique,0.5113628418170915,0
Regression logistique,0.999998829119436,1
Regression logistique,0.6231072341136455,0
Regression logistique,0.3729369272654018,0
Regression logistique,0.9999997765003052,1
Regression logistique,0.9999976784129531,1
Regression logistique,0.9999997741466885,1
Regression logistique,0.5383658458165876,0
Regression logistique,0.0007659689799469785,0
Regression logistique,0.5261870756285659,0
Regression logistique,0.5385115187142225,1
Regression logistique,0.5201151453081367,0
Regression logistique,0.9999979548230454,1
Regression logistique,0.0019474104631605634,0
Regression logistique,0.0019111719902699512,0
Regression logistique,0.9999986738498409,1
Regression logistique,0.4834329607762023,0
Regression logistique,0.5586595582597244,0
Regression logistique,0.5098659202708229,1
Regression logistique,0.31758920676158453,0
Regression logistique,0.6105517355116727,0
Regression logistique,0.003193883809405134,0
Regression logistique,0.004919077547639701,0
Regression logistique,0.9999997507331635,1
Regression logistique,0.0015486124615990517,0
Regression logistique,0.9999985634852014,1
Regression logistique,0.001820575246533578,0
Regression logistique,0.0005990937079032215,0
Regression logistique,0.43380570088753057,1
Regression logistique,0.40554108290356106,0
Regression logistique,0.6099535597626196,0
Regression logistique,0.003878873869525267,0
Regression logistique,0.601264630182209,1
Regression logistique,0.0038076764515874656,0
Regression logistique,0.2705891771595022,0
Regression logistique,0.9999980649372132,1
Regression logistique,0.0014733985126313288,0
Regression logistique,0.28128936517499087,0
Regression logistique,0.9999997842579033,1
Regression logistique,0.999999630692898,1
Regression logistique,0.0038788317375898626,0
Regression logistique,0.9999985689628452,1
Regression logistique,0.6451516078373355,1
Regression logistique,0.9999997649626278,1
Regression logistique,0.5427726201161823,1
Regression logistique,0.00174270865046957,0
Regression logistique,0.0017878908216566872,0
Regression logistique,0.0005512437751918174,0
Regression logistique,0.0019421881906434642,0
Regression logistique,0.0036288202082423145,0
Regression logistique,0.9999987534503683,1
Regression logistique,0.0006058231661517973,0
Regression logistique,0.525204740124686,0
Regression logistique,0.3210639494233976,1
Regression logistique,0.9999980078691941,1
Regression logistique,0.002050186582273893,0
Regression logistique,0.9999997609088024,1
Regression logistique,0.3991024340615697,0
Regression logistique,0.32149798185016826,0
Regression logistique,0.00019672891636712513,0
Regression logistique,0.0005918512820497321,0
Regression logistique,0.9999980110312735,1
Regression logistique,0.27267597567774793,1
Regression logistique,0.613933043388327,1
Regression logistique,0.46538714290557986,0
Regression logistique,0.002506664801033829,0
Regression logistique,0.9999988344414864,1
Regression logistique,0.9999996680946761,1
Regression logistique,0.0022094243883056808,0
Regression logistique,0.002128256993317884,0
Regression logistique,0.00046212275265463965,0
Regression logistique,0.9999985321902962,1
Regression logistique,0.0024771146547382258,0
Regression logistique,0.9999987252242298,1
Regression logistique,0.0008090102812354292,0
Regression logistique,0.582198906057955,0
Regression logistique,0.999998486835765,1
Regression logistique,0.004588901777088916,0
Regression logistique,0.6288957501941446,1
Regression logistique,0.37843766809724627,1
Regression logistique,0.0022619323883891007,0
Regression logistique,0.999997832507832,1
Regression logistique,0.0014123647051490441,0
Regression logistique,0.5018142859038293,1
Regression logistique,0.5320063811721495,1
Regression logistique,0.450081454395592,0
Regression logistique,0.9999977846415993,1
Regression logistique,0.4364967612514792,0
Regression logistique,0.001907226588653467,0
Regression logistique,0.5282467147145062,0
Regression logistique,0.5625430958581308,0
Regression logistique,0.004306270482314725,0
Regression logistique,0.002342543662293857,0
Regression logistique,0.0019589579383454186,0
Regression logistique,0.43910037082598663,1
Regression logistique,0.5217116371527067,1
Regression logistique,0.4051801586429609,0
Regression logistique,0.0023773106808888155,0
Regression logistique,0.0006817650443800068,0
Regression logistique,0.5009023952823499,1
Regression logistique,0.26701850619640444,0
Regression logistique,0.9999990596495799,1
Regression logistique,0.30358958743065173,1
Regression logistique,0.0033528516060196303,0
Regression logistique,0.5503680591590002,1
Regression logistique,0.4822505648810872,1
Regression logistique,0.999997913747165,1
Regression logistique,0.001694791592737973,0
Regression logistique,0.40227592638341325,0
Regression logistique,0.372927944959182,1
Regression logistique,0.9999982364905875,1
Regression logistique,0.0016942781679659138,0
Regression logistique,0.4478790382544408,1
Regression logistique,0.002055586282205706,0
Regression logistique,0.9999997474447483,1
Regression logistique,0.9999987896495736,1
Regression logistique,0.4039170591176541,1
Regression logistique,0.002087371182333979,0
Regression logistique,0.9999988090246246,1
Regression logistique,0.6525774644201843,1
Regression logistique,0.9999997059360936,1
Regression logistique,0.5585495336374708,1
Regression logistique,0.6267401380868663,1
Regression logistique,0.5065356479437588,1
Regression logistique,0.9999989922041408,1
Regression logistique,0.9999977408163641,1
Regression logistique,0.5657200839710735,0
Regression logistique,0.0018901927487384466,0
Regression logistique,0.5373776930473008,0
Regression logistique,0.5698262424056515,1
Regression logistique,0.5860904627645049,1
Regression logistique,0.41520749118189504,0
Regression logistique,0.00015647899826668062,0
Regression logistique,0.9999989165669269,1
Regression logistique,0.9999996966997969,1
Regression logistique,0.0017112292822122612,0
Regression logistique,0.9999997752976527,1
Regression logistique,0.5374360442182432,0
Regression logistique,0.5221576666738239,0
Regression logistique,0.000599943399537412,0
Regression logistique,0.002168788508265948,0
Regression logistique,0.5543601320988262,1
Regression logistique,0.3900305795567608,0
Regression logistique,0.2705631252479922,0
Regression logistique,0.001958514306593896,0
Regression logistique,0.508030433413671,1
Regression logistique,0.0008477510384297399,0
Regression logistique,0.537826116335245,1
Regression logistique,0.6069421528946034,0
Regression logistique,0.000713478351899586,0
Regression logistique,0.5934488969544209,1
Regression logistique,0.0016339282158570763,0
Regression logistique,0.9999984899606835,1
Regression logistique,0.99999974412289,1
Regression logistique,0.6243752322150817,0
Regression logistique,0.9999997405968437,1
Regression logistique,0.4367644514628156,0
Regression logistique,0.5310262302858472,1
Regression logistique,0.0016788183998428432,0
Regression logistique,0.0035462414409708665,0
Regression logistique,0.47221715858908886,0
Regression logistique,0.004538157131839934,0
Regression logistique,0.9999995337467953,1
Regression logistique,0.9999985522602673,1
Regression logistique,0.003438059397621018,0
Regression logistique,0.0021317529291014197,0
Regression logistique,0.6219187644301993,0
Regression logistique,0.9999997304228606,1
Regression logistique,0.4995887010589889,1
Regression logistique,0.9999997932715127,1
Regression logistique,0.3495915347821803,0
Regression logistique,0.6106901477196589,1
Regression logistique,0.4718354818512507,1
Regression logistique,0.9999983352569848,1
Regression logistique,0.4094594901084691,1
Regression logistique,0.4786544418780278,0
Regression logistique,0.9999988921776377,1
Regression logistique,0.6199108624992579,0
Regression logistique,0.49838766968255177,0
Regression logistique,0.6408596751515455,1
Regression logistique,0.5531955984690774,1
Regression logistique,0.999998205576517,1
Regression logistique,0.0017401500905746862,0
Regression logistique,0.9999979580381991,1
Regression logistique,0.999999750583948,1
Regression logistique,0.5999639482386215,1
Regression logistique,0.51974077768918,0
Regression logistique,0.0022779167898229293,0
Regression logistique,0.9999997902221982,1
Regression logistique,0.42991446809011347,0
Regression logistique,0.0020599671029848253,0
Regression logistique,0.0005411658675326648,0
Regression logistique,0.0023398864865110283,0
Regression logistique,0.29034067176807293,0
Regression logistique,0.003675427830934034,0
Regression logistique,0.0015734877804828653,0
Regression logistique,0.0016573252972668338,0
Regression logistique,0.40820988921397,0
Regression logistique,0.5807637499258279,1
Regression logistique,0.0005448339097355314,0
Regression logistique,0.5344390232406117,1
Regression logistique,0.44410792543328054,1
Regression logistique,0.42974447593941495,1
Regression logistique,0.0036575408352942625,0
Regression logistique,0.45835504790654735,1
Regression logistique,0.4546782935062425,0
Regression logistique,0.44801422824612297,0
Regression logistique,0.5675011617474772,1
Regression logistique,0.5996559127116503,1
Regression logistique,0.0017142878259944919,0
Regression logistique,0.45899152418066064,1
Regression logistique,0.002260524398897628,0
Regression logistique,0.6388116761590943,1
Regression logistique,0.9999977196039197,1
Regression logistique,0.5547543358006227,1
Regression logistique,0.9999987828916527,1
Regression logistique,0.41649125135268167,0
Regression logistique,0.9999984756860437,1
Regression logistique,0.9999980741266656,1
Regression logistique,0.47055596567471203,0
Regression logistique,0.5105127973690494,1
Regression logistique,0.9999984209448075,1
Regression logistique,0.4446058644249062,1
Regression logistique,0.0031577452464661517,0
Regression logistique,0.2957098608226585,0
Regression logistique,0.5806648836437992,1
Regression logistique,0.0023810449501892278,0
Regression logistique,0.5840630256992853,1
Regression logistique,0.0018826800108809579,0
Regression logistique,0.9999997850357942,1
Regression logistique,0.5459209242731936,1
Regression logistique,0.4578159272502081,1
Regression logistique,0.9999997486454738,1
Regression logistique,0.9999986306993336,1
Regression logistique,0.4427278015001951,1
Regression logistique,0.6312771354294051,0
Regression logistique,0.6045093928035425,0
Regression logistique,0.9999978152019519,1
Regression logistique,0.5783429360240422,1
Regression logistique,0.5550124266309879,1
Regression logistique,0.0006354081875449156,0
Regression logistique,0.5273524782116993,0
Regression logistique,0.4905855114396169,1
Regression logistique,0.46370593021808537,0
Regression logistique,0.000749126320447586,0
Regression logistique,0.5389878305224414,1
Regression logistique,0.5823175568744449,0
Regression logistique,0.9999996950722524,1
Regression logistique,0.9999998095620591,1
Regression logistique,0.5850908907798222,0
Regression logistique,0.003803980389951761,0
Regression logistique,0.5516906034761555,1
Regression logistique,0.5058910824817962,1
Regression logistique,0.999999638921977,1
Regression logistique,0.0007448318525138372,0
Regression logistique,0.002403128561432933,0
Regression logistique,0.6418191402849591,1
Regression logistique,0.5626866081664591,0
Regression logistique,0.4968860205009789,1
Regression logistique,0.6077628564980929,0
Regression logistique,0.4533053004706077,1
Regression logistique,0.0020944181034596773,0
Regression logistique,0.4676521188441761,1
Regression logistique,0.5168878089405035,0
Regression logistique,0.0022335684148039126,0
Regression logistique,0.000455850850535236,0
Regression logistique,0.4234215928920857,1
Regression logistique,0.0018946294552875187,0
Regression logistique,0.4032783387180787,0
Regression logistique,0.5637176855441023,0
Regression logistique,0.4527397922200108,1
Regression logistique,0.9999996148279344,1
Regression logistique,0.49546929414173835,1
Regression logistique,0.25841278264245143,0
Regression logistique,0.5848299386615016,1
Regression logistique,0.004652690250310274,0
Regression logistique,0.28386932918274904,0
Regression logistique,0.5328618096452135,1
Regression logistique,0.003133221759951115,0
Regression logistique,0.5846255540729102,0
Regression logistique,0.5468313276962037,1
Regression logistique,0.4207240385859727,1
Regression logistique,0.0036076458376408512,0
Regression logistique,0.9999990242706899,1
Regression logistique,0.0019338800925358423,0
Regression logistique,0.5614513545506793,1
Regression logistique,0.9999987132350243,1
Regression logistique,0.0006668411028235448,0
Regression logistique,0.9999984865927687,1
Regression logistique,0.000700347366930782,0
Regression logistique,0.003737832185096078,0
Regression logistique,0.5865663865515625,0
Regression logistique,0.5696028590791287,1
Regression logistique,0.0032180284867775856,0
Regression logistique,0.9999997667472775,1
Regression logistique,0.0019519515146284544,0
Regression logistique,0.9999980923627776,1
Regression logistique,0.549569006447218,0
Regression logistique,0.5743289919344605,1
Regression logistique,0.002301735237364421,0
Regression logistique,0.9999988969862342,1
Regression logistique,0.9999985185458096,1
Regression logistique,0.5520796946129839,0
Regression logistique,0.999998391525276,1
Regression logistique,0.3954529471054572,0
Regression logistique,0.9999986225640476,1
Regression logistique,0.00377934443977425,0
Regression logistique,0.0032111185406453373,0
Regression logistique,0.9999983091575607,1
Regression logistique,0.6037678499212906,1
Regression logistique,0.0041101194907584805,0
Regression logistique,0.999999687432158,1
Regression logistique,0.3938114721524736,0
Regression logistique,0.5728897494641824,0
Regression logistique,0.9999998010783497,1
Regression logistique,0.47089407272910755,1
Regression logistique,0.9999985879872844,1
Regression logistique,0.25411578321411044,0
Regression logistique,0.5533359751586263,1
Regression logistique,0.9999984866240236,1
Regression logistique,0.0020054039099960765,0
Regression logistique,0.4413395423225166,1
Regression logistique,0.3540031195834971,0
Regression logistique,0.5456183064195756,0
Regression logistique,0.9999997143485194,1
Regression logistique,0.42512238173323197,0
Regression logistique,0.0018978618272071945,0
Regression logistique,0.3352401580332634,1
Regression logistique,0.5024905861947788,1
Regression logistique,0.45649931893830054,1
Regression logistique,0.6493160622524045,1
Regression logistique,0.6362526231169997,1
Regression logistique,0.003303416015631594,0
Regression logistique,0.002384234562530607,0
Regression logistique,0.47589163993542005,1
Regression logistique,0.6098020466760111,1
Regression logistique,0.2592771208994483,0
Regression logistique,0.9999984435389032,1
Regression logistique,0.9999997698185853,1
Regression logistique,0.6129386309338558,0
Regression logistique,0.0019355709714406462,0
Regression logistique,0.9999984651637692,1
Regression logistique,0.0019875305520653547,0
Regression logistique,0.0019156287015737153,0
Regression logistique,0.4751935175041006,0
Regression logistique,0.9999997418005,1
Regression logistique,0.9999987232088499,1
Regression logistique,0.6228398880679369,0
Regression logistique,0.0007691161980652832,0
Regression logistique,0.9999991865986236,1
Regression logistique,0.9999984250115174,1
Regression logistique,0.0022477399463826666,0
Regression logistique,0.003858378776565881,0
Regression logistique,0.5322473691737718,1
Regression logistique,0.2501740976274284,1
Regression logistique,0.9999996971711027,1
Regression logistique,0.29721803949240927,1
Regression logistique,0.9999982193218249,1
Regression logistique,0.9999996572608454,1
Regression logistique,0.4306662315421931,1
Regression logistique,0.0017336057035517722,0
Regression logistique,0.9999988539293837,1
Regression logistique,0.6228893011919685,0
Regression logistique,0.0006565048142897283,0
Regression logistique,0.6081537199591955,1
Regression logistique,0.0007733499606499715,0
Regression logistique,0.5434826327028245,1
Regression logistique,0.49166893907594866,0
Regression logistique,0.00364761742135461,0
Regression logistique,0.0029933049044766568,0
Regression logistique,0.00205016704012091,0
Regression logistique,0.5506582804423127,0
Regression logistique,0.0016270406211027248,0
Regression logistique,0.9999988577251858,1
Regression logistique,0.9999984187609839,1
Regression logistique,0.45311458661493165,0
Regression logistique,0.4272061974638031,1
Regression logistique,0.00332573066114824,0
Regression logistique,0.5885220505001486,0
Regression logistique,0.0027062295113318095,0
Regression logistique,0.0004619557219525704,0
Regression logistique,0.0035477590466005482,0
Regression logistique,0.9999984020800262,1
Regression logistique,0.9999984654546021,1
Regression logistique,0.4908977010177333,1
Regression logistique,0.28592625409784383,0
Regression logistique,0.9999991028151418,1
Regression logistique,0.5885676611446438,1
Regression logistique,0.49618186111621154,0
Regression logistique,0.6544467881702024,1
Regression logistique,0.9999997286306858,1
Regression logistique,0.4370306712022338,1
Regression logistique,0.9999981971978995,1
Regression logistique,0.6200565219406681,1
Regression logistique,0.4756815719077345,0
Regression logistique,0.9999997576469054,1
Regression logistique,0.001739973758412474,0
Regression logistique,0.5704632841899318,1
Regression logistique,0.4435356340564048,1
Regression logistique,0.9999984694065701,1
Regression logistique,0.4661701109490457,0
Regression logistique,0.002535040851881039,0
Regression logistique,0.0020539819629833644,0
Regression logistique,0.5482561811929029,0
Regression logistique,0.0022351916908726387,0
Regression logistique,0.6078601887558904,1
Regression logistique,0.6273169766023698,0
Regression logistique,0.5386119615609751,0
Regression logistique,0.9999998111701848,1
Regression logistique,0.4927049695255972,0
Regression logistique,0.0005349054603041398,0
Regression logistique,0.4702494417308652,1
Regression logistique,0.9999983318915863,1
Regression logistique,0.5060012012913873,0
Regression logistique,0.9999997643909266,1
Regression logistique,0.9999984046213845,1
Regression logistique,0.004233907804653732,0
Regression logistique,0.9999989625884524,1
Regression logistique,0.003592697201975683,0
Regression logistique,0.4985382914644006,1
Regression logistique,0.0047499414001839135,0
Regression logistique,0.6471835127371858,0
Regression logistique,0.999998010989636,1
Regression logistique,0.0033433954586644973,0
Regression logistique,0.0015324648997674941,0
Regression logistique,0.0006475599257392088,0
Regression logistique,0.4838787770768824,1
Regression logistique,0.9999984776095538,1
Regression logistique,0.40820988921397,0
Regression logistique,0.9999987153255036,1
Regression logistique,0.4315548075135031,0
Regression logistique,0.5766632471171673,1
Regression logistique,0.9999988859990889,1
Regression logistique,0.9999987332407898,1
Regression logistique,0.3623565789975306,0
Regression logistique,0.9999981121595042,1
Regression logistique,0.0036022972306732318,0
Regression logistique,0.14949843880087493,0
Regression logistique,0.004341808398554788,0
Regression logistique,0.4607196085057223,1
Regression logistique,0.0020882047303073252,0
Regression logistique,0.4402085197050097,1
Regression logistique,0.2894884644599423,0
Regression logistique,0.0044431149108753315,0
Regression logistique,0.4730154044656257,1
Regression logistique,0.33529173303709814,0
Regression logistique,0.515628118268406,0
Regression logistique,0.999998320355859,1
Regression logistique,0.4323329703217323,0
Regression logistique,0.5462920765793943,1
Regression logistique,0.31268417967293566,0
Regression logistique,0.5491808545735279,0
Regression logistique,0.9999988074083951,1
Regression logistique,0.43081737300547096,1
Regression logistique,0.5888087791717864,0
Regression logistique,0.9999985689027743,1
Regression logistique,0.99999976415345,1
Regression logistique,0.6382391402347559,1
Regression logistique,0.004106776594228127,0
Regression logistique,0.5387390366078552,0
Regression logistique,0.00024481766770785107,0
Regression logistique,0.4554688593707498,0
Regression logistique,0.4170177542360998,0
Regression logistique,0.0037151372771296654,0
Regression logistique,0.002089344246907779,0
Regression logistique,0.45482084061915046,1
Regression logistique,0.9999997586324706,1
Regression logistique,0.0007938034688571808,0
Regression logistique,0.002425125311425901,0
Regression logistique,0.00214122954333004,0
Regression logistique,0.3348862358939992,0
Regression logistique,0.0007343224812819654,0
Regression logistique,0.5254899869885764,1
Regression logistique,0.4760496445009182,1
Regression logistique,0.33401354946794476,0
Regression logistique,0.4610863914648418,1
Regression logistique,0.002083905968439737,0
Regression logistique,0.0014301077296469478,0
Regression logistique,0.5378597836905958,0
Regression logistique,0.004545339152826766,0
Regression logistique,0.0006465425747632225,0
Regression logistique,0.37329594039850494,1
Regression logistique,0.5756437818372495,0
Regression logistique,0.5310721208675626,1
Regression logistique,0.3078587545863871,0
Regression logistique,0.4696172546776561,0
Regression logistique,0.3353418158710635,1
Regression logistique,0.9999986132111519,1
Regression logistique,0.5036892216423571,0
Regression logistique,0.0021179984565481667,0
Regression logistique,0.6407850907305931,1
Regression logistique,0.001999948307582196,0
Regression logistique,0.9999998108980463,1
Regression logistique,0.31145112543758746,0
Regression logistique,0.4851036712174307,1
Regression logistique,0.0022814035548662666,0
Regression logistique,0.6454487756813517,1
Regression logistique,0.9999984856987122,1
Regression logistique,0.46514901429839156,0
Regression logistique,0.9999990234878743,1
Regression logistique,0.5766669682130656,0
Regression logistique,0.39803774717233475,0
Regression logistique,0.0005355239343794877,0
Regression logistique,0.40821357147825355,1
Regression logistique,0.48304388261392484,0
Regression logistique,0.0024191760815058215,0
Regression logistique,0.5823410474806036,1
Regression logistique,0.0021581691758187343,0
Regression logistique,0.6015538922972924,1
Regression logistique,0.48002814245292996,0
Regression logistique,0.44191500963232666,1
Regression logistique,0.00228488462490319,0
Regression logistique,0.99999883742547,1
Regression logistique,0.0033824145306708756,0
Regression logistique,0.2558857046662008,0
Regression logistique,0.4848455274886207,0
Regression logistique,0.9999983256677841,1
Regression logistique,0.5406074721878129,0
Regression logistique,0.9999986863696376,1
Regression logistique,0.6415125608209714,1
Regression logistique,0.6123394578477949,1
Regression logistique,0.9999997442380887,1
Regression logistique,0.0020551283563741726,0
Regression logistique,0.413038018076571,0
Regression logistique,0.39343102889043247,0
Regression logistique,0.0005683773225879922,0
Regression logistique,0.9999985268523989,1
Regression logistique,0.002232689969304818,0
Regression logistique,0.5722507639177166,1
Regression logistique,0.002301056028738762,0
Regression logistique,0.4798628942219141,0
Regression logistique,0.5894408341138236,0
Regression logistique,0.5845839367010337,1
Regression logistique,0.9999997308507569,1
Regression logistique,0.5646533909824877,0
Regression logistique,0.5838281075796508,1
Regression logistique,0.0019987707649480016,0
Regression logistique,0.548650100428227,1
Regression logistique,0.0005980597041211251,0
Regression logistique,0.9999985369256327,1
Regression logistique,0.27211990265249103,0
Regression logistique,0.9999996533659676,1
Regression logistique,0.435490570489546,1
Regression logistique,0.999998061199898,1
Regression logistique,0.4400249099433493,1
Regression logistique,0.9999983186920036,1
Regression logistique,0.001769862376916478,0
Regression logistique,0.6274766396697175,1
Regression logistique,0.14432569259960995,0
Regression logistique,0.9999997135685629,1
Regression logistique,0.5589552526555295,1
Regression logistique,0.4883176027215094,0
Regression logistique,0.9999991469777427,1
Regression logistique,0.0019322267629301865,0
Regression logistique,0.5658170298062005,0
Regression logistique,0.9999996686991443,1
Regression logistique,0.5675264145900906,0
Regression logistique,0.9999996152375198,1
Regression logistique,0.28645052082908695,0
Regression logistique,0.5128828866149469,1
Regression logistique,0.6273367443121348,0
Regression logistique,0.0019841404978111956,0
Regression logistique,0.626223841514986,0
Regression logistique,0.45988485188250905,0
Regression logistique,0.0017305979093177346,0
Regression logistique,0.28473277304172434,0
Regression logistique,0.6245911634188379,0
Regression logistique,0.5643988292868338,1
Regression logistique,0.0016578680902547196,0
Regression logistique,0.4571738615336422,1
Regression logistique,0.9999986325807617,1
Regression logistique,0.0019375591793326969,0
Regression logistique,0.00020113077300766568,0
Regression logistique,0.9999981651239461,1
Regression logistique,0.5036988590444953,0
Regression logistique,0.00398632256422333,0
Regression logistique,0.6149613274749591,1
Regression logistique,0.26783663334681246,0
Regression logistique,0.4576738763403635,1
Regression logistique,0.9999985871788798,1
Regression logistique,0.9999980981983003,1
Regression logistique,0.0013498901398053625,0
Regression logistique,0.6242744596501858,1
Regression logistique,0.0005605331399162995,0
Regression logistique,0.9999998137408206,1
Regression logistique,0.4064338301028143,0
Regression logistique,0.6025486431070262,1
Regression logistique,0.9999997964250736,1
Regression logistique,0.0007239543770465513,0
Regression logistique,0.29763943349579636,0
Regression logistique,0.9999997446401642,1
Regression logistique,0.44741330795056355,1
Regression logistique,0.5491757414734674,0
Regression logistique,0.4274777898224083,0
Regression logistique,0.4334931040097416,0
Regression logistique,0.3103156859583981,1
Regression logistique,0.9999987015507712,1
Regression logistique,0.46544605053419275,1
Regression logistique,0.4250292028276358,1
Regression logistique,0.9999986333780002,1
Regression logistique,0.5552026948552162,1
Regression logistique,0.0007262301818344765,0
Regression logistique,0.30304467572639254,1
Regression logistique,0.28972155527441346,0
Regression logistique,0.0018885999909664202,0
Regression logistique,0.9999982999792348,1
Regression logistique,0.003551559171234288,0
Regression logistique,0.37574400564802907,0
Regression logistique,0.0018536918187911317,0
Regression logistique,0.44648416125741486,1
Regression logistique,0.4566407998723426,1
Regression logistique,0.9999984952699783,1
Regression logistique,0.9999986376177354,1
Regression logistique,0.9999983414746607,1
Regression logistique,0.4684382737847114,1
Regression logistique,0.0006213331824110588,0
Regression logistique,0.42759496200659713,0
Regression logistique,0.0016596643734840858,0
Regression logistique,0.4076085149029769,1
Regression logistique,0.002687725885976233,0
Regression logistique,0.46294177432981415,0
Regression logistique,0.9999985197435428,1
Regression logistique,0.0018586974173483576,0
Regression logistique,0.4524934097925512,0
Regression logistique,0.6005889576970866,1
Regression logistique,0.48738298360941296,0
Regression logistique,0.002106275369438999,0
Regression logistique,0.9999997387949876,1
Regression logistique,0.9999991308362224,1
Regression logistique,0.6457417219668813,0
Regression logistique,0.9999997486751112,1
Regression logistique,0.44139660190186936,1
Regression logistique,0.9999997966523759,1
Regression logistique,0.25047878604639107,0
Regression logistique,0.004731879609766493,0
Regression logistique,0.0022869631025136073,0
Regression logistique,0.5548938422521241,0
Regression logistique,0.5408001862806617,0
Regression logistique,0.0015500646686663912,0
Regression logistique,0.6305373060150063,0
Regression logistique,0.6369759688200547,1
Regression logistique,0.5956390735614283,1
Regression logistique,0.9999990248160917,1
Regression logistique,0.9999987335867424,1
Regression logistique,0.9999997066824619,1
Regression logistique,0.9999997875191374,1
Regression logistique,0.5040714445999067,1
Regression logistique,0.0006685778091395902,0
Regression logistique,0.5797909772597776,0
Regression logistique,0.6443644143696359,0
Regression logistique,0.9999997023895635,1
Regression logistique,0.0007599485094179226,0
Regression logistique,0.9999985689520676,1
Regression logistique,0.6146769060137535,0
Regression logistique,0.5179103846897104,1
Regression logistique,0.9999997312764448,1
Regression logistique,0.0020361525680911547,0
Regression logistique,0.46499193058804483,0
Regression logistique,0.0020469506325261856,0
Regression logistique,0.002378612484494976,0
Regression logistique,0.9999984883253742,1
Regression logistique,0.0017764737937119393,0
Regression logistique,0.9999996392914352,1
Regression logistique,0.0005361908825777446,0
Regression logistique,0.4780516854184835,0
Regression logistique,0.9999987722679337,1
Regression logistique,0.9999990557371633,1
Regression logistique,0.9999997564734313,1
Regression logistique,0.46110182380641707,1
Regression logistique,0.9999986380847538,1
Regression logistique,0.0034811848062269763,0
Regression logistique,0.999999703247685,1
Regression logistique,0.5397932875599882,0
Regression logistique,0.002187311400043151,0
Regression logistique,0.30699719261611463,1
Regression logistique,0.0021369847434793802,0
Regression logistique,0.6487043274758226,1
Regression logistique,0.5956793151415097,0
Regression logistique,0.24341672736821235,0
Regression logistique,0.6093422915896901,1
Regression logistique,0.4673776565946119,1
Regression logistique,0.5548292786135378,0
Regression logistique,0.26325940437571,0
Regression logistique,0.9999997054685873,1
Regression logistique,0.9999988161439335,1
Regression logistique,0.0022036129509461788,0
Regression logistique,0.0022221662490532184,0
Regression logistique,0.5047309497973931,1
Regression logistique,0.0033014963995841706,0
Regression logistique,0.999998075401281,1
Regression logistique,0.5577349616638568,1
Regression logistique,0.9999997245667515,1
Regression logistique,0.9999981006250146,1
Regression logistique,0.003806185492486615,0
Regression logistique,0.9999986946518336,1
Regression logistique,0.999998889771833,1
Regression logistique,0.5519200046216287,1
Regression logistique,0.27714688182721675,0
Regression logistique,0.5399192893880127,1
Regression logistique,0.9999997659053017,1
Regression logistique,0.5692208499382295,0
Regression logistique,0.999997443583076,1
Regression logistique,0.5431575817690567,0
Regression logistique,0.5983464658377029,0
Regression logistique,0.0038365682641089394,0
Regression logistique,0.9999987531098418,1
Regression logistique,0.5647726259983294,0
Regression logistique,0.0015215055319438852,0
Regression logistique,0.002445690637567244,0
Regression logistique,0.5491691398161286,1
Regression logistique,0.43364007234533997,0
Regression logistique,0.001753968311032865,0
Regression logistique,0.9999997672472074,1
Regression logistique,0.2983025796228017,0
Regression logistique,0.550048345950581,1
Regression logistique,0.4923954689778988,1
Regression logistique,0.43169648364086627,0
Regression logistique,0.9999979677237391,1
Regression logistique,0.5675049029771998,1
Regression logistique,0.0005614152289168427,0
Regression logistique,0.9999989672723586,1
Regression logistique,0.9999977479482793,1
Regression logistique,0.5215598430902737,0
Regression logistique,0.5543646724702206,1
Regression logistique,0.2945556940540659,0
Regression logistique,0.0017585957818769737,0
Regression logistique,0.9999996871698728,1
Regression logistique,0.5290053571188668,1
Regression logistique,0.5594966266741606,1
Regression logistique,0.5413627759895288,0
Regression logistique,0.5786763809045126,1
Regression logistique,0.56098769523891,1
Regression logistique,0.32262774548435186,1
Regression logistique,0.004233760064651631,0
Regression logistique,0.5105002313705643,0
Regression logistique,0.9999996828792534,1
Regression logistique,0.5019428365173698,1
Regression logistique,0.37700180506036696,1
Regression logistique,0.9999997456570285,1
Regression logistique,0.5472711223550714,1
Regression logistique,0.3433723398526638,0
Regression logistique,0.9999983114140356,1
Regression logistique,0.0015384224362386123,0
Regression logistique,0.6412296290486721,0
Regression logistique,0.5661090305530366,1
Regression logistique,0.9999996738087997,1
Regression logistique,0.0035060977673248804,0
Regression logistique,0.9999978631129551,1
Regression logistique,0.30605660113981786,1
Regression logistique,0.5847460874700222,0
Regression logistique,0.4394905791872777,1
Regression logistique,0.4247341971474037,0
Regression logistique,0.4945788975102566,1
Regression logistique,0.0025963187155455024,0
Regression logistique,0.002290860112795299,0
Regression logistique,0.47728837071370095,1
Regression logistique,0.9999979013718001,1
Regression logistique,0.49972736664761436,1
Regression logistique,0.5055213304463905,0
Regression logistique,0.9999984336022012,1
Regression logistique,0.0018722008900206517,0
Regression logistique,0.21050335451051214,1
Regression logistique,0.999999784864741,1
Regression logistique,0.526926772277144,0
Regression logistique,0.5655716621461572,0
Regression logistique,0.6031563817756804,0
Regression logistique,0.3286496988263059,1
Regression logistique,0.5175987692435289,1
Regression logistique,0.0023309356609268364,0
Regression logistique,0.999998652427951,1
Regression logistique,0.001643773943543139,0
Regression logistique,0.42915274625061495,0
Regression logistique,0.618565614454623,0
Regression logistique,0.4877372992398332,1
Regression logistique,0.002105891710218729,0
Regression logistique,0.9999996804418438,1
Regression logistique,0.0017790349164410264,0
Regression logistique,0.9999985134587526,1
Regression logistique,0.5274294657267465,1
Regression logistique,0.0035935848185787607,0
Regression logistique,0.5473658934279639,1
Regression logistique,0.45350826112967785,1
Regression logistique,0.3246306789854667,1
Regression logistique,0.5080342431159425,1
Regression logistique,0.001947733532254659,0
Regression logistique,0.578353205153519,1
Regression logistique,0.5951673591448677,0
Regression logistique,0.5374161328270504,0
Regression logistique,0.0021123253132594275,0
Regression logistique,0.5007576324040264,0
Regression logistique,0.004223298482033524,0
Regression logistique,0.6284414330550075,0
Regression logistique,0.38230116054073826,0
Regression logistique,0.0033697943997525307,0
Regression logistique,0.9999997654785343,1
Regression logistique,0.0006862802268499374,0
Regression logistique,0.0022484538460073133,0
Regression logistique,0.0016033981516284375,0
Regression logistique,0.0027047300255256847,0
Regression logistique,0.5675036313258418,1
Regression logistique,0.0006719182012125899,0
Regression logistique,0.5482507311975873,0
Regression logistique,0.9999981333557026,1
Regression logistique,0.6049003461821544,1
Regression logistique,0.16331355491568936,0
Regression logistique,0.596860475794513,0
Regression logistique,0.49285490322825576,0
Regression logistique,0.5798510714904704,1
Regression logistique,0.40620294693202597,0
Regression logistique,0.6444945550612263,1
Regression logistique,0.6054245988376394,1
Regression logistique,0.0020050878993409667,0
Regression logistique,0.9999997636329002,1
Regression logistique,0.5386925072680534,1
Regression logistique,0.40349704084841786,0
Regression logistique,0.494533125301685,1
Regression logistique,0.6225014576487247,0
Regression logistique,0.9999997427584193,1
Regression logistique,0.46592152800011266,1
Regression logistique,0.3716756285534158,0
Regression logistique,0.001653242951115078,0
Regression logistique,0.002107664590743165,0
Regression logistique,0.9999998095620591,1
Regression logistique,0.5260131110743264,0
Regression logistique,0.5524485091006921,0
Regression logistique,0.5114486082272433,1
Regression logistique,0.9999997743573256,1
Regression logistique,0.6060367967636795,1
Regression logistique,0.9999997752976527,1
Regression logistique,0.5835707390448777,0
Regression logistique,0.5255620450268043,0
Regression logistique,0.2927920726485344,0
Regression logistique,0.5624525964655995,0
Regression logistique,0.9999980049392391,1
Regression logistique,0.001756501065857016,0
Regression logistique,0.001839630746636612,0
Regression logistique,0.5472402572808213,0
Regression logistique,0.5709918764200722,0
Regression logistique,0.3144457309300974,1
Regression logistique,0.3470742908056759,0
Regression logistique,0.001695721681757753,0
Regression logistique,0.9999982354349226,1
Regression logistique,0.9999986255616257,1
Regression logistique,0.4655442439505563,0
Regression logistique,0.5562100685905749,0
Regression logistique,0.47050209698742385,0
Regression logistique,0.0033486740336555,0
Regression logistique,0.3271799833240565,0
Regression logistique,0.4496169724622268,1
Regression logistique,0.0017092002289412977,0
Regression logistique,0.9999978508108709,1
Regression logistique,0.5720073173825805,1
Regression logistique,0.2754169142352548,0
Regression logistique,0.5933955627731871,1
Regression logistique,0.9999984041864685,1
Regression logistique,0.99999889555138,1
Regression logistique,0.999997899613698,1
Regression logistique,0.6067739299502375,1
Regression logistique,0.2861576318603881,1
Regression logistique,0.337535184900639,0
Regression logistique,0.9999984916126088,1
Regression logistique,0.001704501051573918,0
Regression logistique,0.5543638977387453,1
Regression logistique,0.0018183488790858228,0
Regression logistique,0.4774691275474764,0
Regression logistique,0.42591458327779447,1
Regression logistique,0.529073359297813,0
Regression logistique,0.9999981568798244,1
Regression logistique,0.0034905709873255327,0
Regression logistique,0.4558563885188992,0
Regression logistique,0.0036910745751412674,0
Regression logistique,0.9999985652077038,1
Regression logistique,0.631163860799261,1
Regression logistique,0.48668100841873363,1
Regression logistique,0.9999989231755739,1
Regression logistique,0.9999982036254873,1
Regression logistique,0.6530696792612523,1
Regression logistique,0.4885649982446855,0
Regression logistique,0.00214612608669169,0
Regression logistique,0.9999987641953689,1
Regression logistique,0.004795234555352064,0
Regression logistique,0.0007180121655824996,0
Regression logistique,0.9999987891558157,1
Regression logistique,0.5238348946677873,1
Regression logistique,0.0017118293774044044,0
Regression logistique,0.0021564337784927296,0
Regression logistique,0.5285379380411583,1
Regression logistique,0.5396095152932435,1
Regression logistique,0.9999980297785034,1
Regression logistique,0.5759845009756335,0
Regression logistique,0.5240200171435606,1
Regression logistique,0.591788161273495,0
Regression logistique,0.4974522074506172,1
Regression logistique,0.4202344826656553,1
Regression logistique,0.6050431101245747,0
Regression logistique,0.28309261809170005,1
Regression logistique,0.399597835264391,0
Regression logistique,0.9999983388379224,1
Regression logistique,0.0019782945233959123,0
Regression logistique,0.0029463904032282634,0
Regression logistique,0.28592374173121543,1
Regression logistique,0.3028296402387593,0
Regression logistique,0.002159496519864977,0
Regression logistique,0.0006128068994906602,0
Regression logistique,0.0019592531132618485,0
Regression logistique,0.5228588180490656,0
Regression logistique,0.0021551464531630073,0
Regression logistique,0.9999997435665866,1
Regression logistique,0.9999996291814491,1
Regression logistique,0.0017787397793896115,0
Regression logistique,0.5806592022744628,0
Regression logistique,0.5158469787198916,1
Regression logistique,0.6240884066755381,1
Regression logistique,0.00469219909140992,0
Regression logistique,0.4807593105011291,0
Regression logistique,0.0020268000231420257,0
Regression logistique,0.9999988151776629,1
Regression logistique,0.9999985206488438,1
Regression logistique,0.4349604932432731,1
Regression logistique,0.5692978099115592,1
Regression logistique,0.5235746471833632,1
Regression logistique,0.450293361227319,0
Regression logistique,0.5024424771737769,0
Regression logistique,0.4647456247806006,1
Regression logistique,0.41625196262603725,0
Regression logistique,0.9999997899950718,1
Regression logistique,0.3143030288785011,0
Regression logistique,0.0030073644971518113,0
Regression logistique,0.0007893014619378738,0
Regression logistique,0.9999989285927126,1
Regression logistique,0.0023660709312058993,0
Regression logistique,0.003965234568533018,0
Regression logistique,0.9999983523536304,1
Regression logistique,0.9999990670516019,1
Regression logistique,0.3648264650406228,0
Regression logistique,0.0038182246869694694,0
Regression logistique,0.2749338165757358,0
Regression logistique,0.5951636865047039,1
Regression logistique,0.00202127117930687,0
Regression logistique,0.4570376836628952,0
Regression logistique,0.4435701690405414,0
Regression logistique,0.0006400067922967219,0
Regression logistique,0.5758729267177829,0
Regression logistique,0.5165743532562554,0
Regression logistique,0.170969228115012,1
Regression logistique,0.9999983623487061,1
Regression logistique,0.0023652608509162304,0
Regression logistique,0.6357007112021263,0
Regression logistique,0.0017540355639316457,0
Regression logistique,0.001829501689677449,0
Regression logistique,0.43072761863478937,1
Regression logistique,0.4310313719499262,0
Regression logistique,0.46032305415000674,0
Regression logistique,0.6086711309263442,0
Regression logistique,0.40913634987920616,0
Regression logistique,0.9999987448107753,1
Regression logistique,0.30464945319267744,0
Regression logistique,0.46593572387022075,0
Regression logistique,0.0025823054108909437,0
Regression logistique,0.581231034620772,1
Regression logistique,0.4781972051311994,1
Regression logistique,0.5567022684652041,1
Regression logistique,0.3204680832944806,1
Regression logistique,0.9999997729423205,1
Regression logistique,0.002157307760536109,0
Regression logistique,0.520755962911025,0
Regression logistique,0.0006050201906550831,0
Regression logistique,0.6048891165021505,0
Regression logistique,0.2879044286661512,1
Regression logistique,0.9999997834517245,1
Regression logistique,0.46985372924138435,1
Regression logistique,0.5617720478941284,1
Regression logistique,0.4364674159909583,0
Regression logistique,0.4738577741032198,0
Regression logistique,0.5422216380677414,0
Regression logistique,0.5112032162408154,0
Regression logistique,0.422805835075344,0
Regression logistique,0.6133335976388863,1
Regression logistique,0.5636175716046258,1
Regression logistique,0.9999996534495021,1
Regression logistique,0.999998886685781,1
Regression logistique,0.4454541815596074,0
Regression logistique,0.0005999468119115961,0
Regression logistique,0.9999997361700431,1
Regression logistique,0.511563522175372,1
Regression logistique,0.9999991320336326,1
Regression logistique,0.5742425764736551,0
Regression logistique,0.5979966451831699,0
Regression logistique,0.5929806755079123,0
Regression logistique,0.0015911210874426807,0
Regression logistique,0.9999985640659983,1
Regression logistique,0.3229750033354691,1
Regression logistique,0.5494284098908186,1
Regression logistique,0.41550541980431016,1
Regression logistique,0.29241903269135605,1
Regression logistique,0.0016848528905706464,0
Regression logistique,0.0020169685920613033,0
Regression logistique,0.0029933049044766568,0
Regression logistique,0.0018858212762772593,0
Regression logistique,0.5622173496929419,0
Regression logistique,0.4759221252084223,0
Regression logistique,0.0017762937873608824,0
Regression logistique,0.5671387560670926,1
Regression logistique,0.003670727795708959,0
Regression logistique,0.9999997176035056,1
Regression logistique,0.9999997601526278,1
Regression logistique,0.5616743118005616,0
Regression logistique,0.45913634567953737,1
Regression logistique,0.9999997703179379,1
Regression logistique,0.32775289489875414,0
Regression logistique,0.004374643907049437,0
Regression logistique,0.0019511510628050133,0
Regression logistique,0.25265645710517726,0
Regression logistique,0.0020495139306218255,0
Regression logistique,0.5437182830554217,1
Regression logistique,0.4975248450319801,0
Regression logistique,0.999999767615396,1
Regression logistique,0.0017101474468745933,0
Regression logistique,0.004454468281208354,0
Regression logistique,0.3066077867223671,1
Regression logistique,0.48791500842548396,1
Regression logistique,0.27980525667821066,1
Regression logistique,0.9999987452906021,1
Regression logistique,0.31751441915473716,0
Regression logistique,0.0006772157552674469,0
Regression logistique,0.539770630000026,1
Regression logistique,0.5806592022744628,0
Regression logistique,0.2565471203776819,1
Regression logistique,0.5729093569881077,1
Regression logistique,0.5756130812610538,1
Regression logistique,0.0019686572422004138,0
Regression logistique,0.9999981713776304,1
Regression logistique,0.4989879111258706,1
Regression logistique,0.6342349796348794,1
Regression logistique,0.9999997085862974,1
Regression logistique,0.5716207112809419,1
Regression logistique,0.5664967293742942,0
Regression logistique,0.9999984126596192,1
Regression logistique,0.0016037157123673757,0
Regression logistique,0.5060507824097903,1
Regression logistique,0.44660746868718226,0
Regression logistique,0.4837273168577592,0
Regression logistique,0.9999997080680845,1
Regression logistique,0.41164968781638606,0
Regression logistique,0.4800319470598474,1
Regression logistique,0.5615220979490844,0
Regression logistique,0.9999984562614724,1
Regression logistique,0.9999984986881114,1
Regression logistique,0.0024682208203679885,0
Regression logistique,0.9999997609088024,1
Regression logistique,0.9999998070824704,1
Regression logistique,0.5885942924042543,1
Regression logistique,0.30382852304369096,0
Regression logistique,0.6048219524637548,0
Regression logistique,0.3953171748299297,1
Regression logistique,0.4918185077632748,1
Regression logistique,0.0018120000269382572,0
Regression logistique,0.002501694723057669,0
Regression logistique,0.000745735180269444,0
Regression logistique,0.999998801469386,1
Regression logistique,0.0007720371090480987,0
Regression logistique,0.004406714816183149,0
Regression logistique,0.9999977385439479,1
Regression logistique,0.0020154208567535123,0
Regression logistique,0.4431163451073032,1
Regression logistique,0.5220499555566548,0
Regression logistique,0.4394370169702499,1
Regression logistique,0.4737123760930721,0
Regression logistique,0.0017591401717595937,0
Regression logistique,0.0016055682110850571,0
Regression logistique,0.5798908280305933,0
Regression logistique,0.5961660483120323,1
Regression logistique,0.9999981454541836,1
Regression logistique,0.5255033877327615,0
Regression logistique,0.34629586331508294,0
Regression logistique,0.9999987412564221,1
Regression logistique,0.584062022519565,0
Regression logistique,0.5870973205477628,0
Regression logistique,0.4788087218788842,1
Regression logistique,0.0021998917645591988,0
Regression logistique,0.9999988185765996,1
Regression logistique,0.0007618194235923572,0
Regression logistique,0.49223072066140244,1
Regression logistique,0.49390995606785254,1
Regression logistique,0.9999996181740164,1
Regression logistique,0.3143871406297706,0
Regression logistique,0.5040863349030641,1
Regression logistique,0.0021911469593726774,0
Regression logistique,0.2448128337849429,0
Regression logistique,0.0005564945891065186,0
Regression logistique,0.29938550939238884,0
Regression logistique,0.6101792568615189,0
Regression logistique,0.0018921316473540473,0
Regression logistique,0.004323944302538282,0
Regression logistique,0.4269070734295063,1
Regression logistique,0.46774413298910256,1
Regression logistique,0.9999988118854813,1
Regression logistique,0.4559643246985844,0
Regression logistique,0.0007391307168402418,0
Regression logistique,0.44515411100960595,0
Regression logistique,0.9999997717657979,1
Regression logistique,0.9999985068004414,1
Regression logistique,0.9999982265756697,1
Regression logistique,0.48061372924418616,0
Regression logistique,0.9999990903544026,1
Regression logistique,0.40189768307761414,1
Regression logistique,0.9999984419358223,1
Regression logistique,0.5840667286660012,1
Regression logistique,0.0049111366409368955,0
Regression logistique,0.9999997180544431,1
Regression logistique,0.0025797172783517774,0
Regression logistique,0.9999985689628452,1
Regression logistique,0.5425166207267091,0
Regression logistique,0.6121980886160133,1
Regression logistique,0.9999997282974838,1
Regression logistique,0.9999997537185532,1
Regression logistique,0.4582044199772973,1
Regression logistique,0.5462945138298956,1
Regression logistique,0.24270170859314374,0
Regression logistique,0.9999997031289352,1
Regression logistique,0.5397733907461199,0
Regression logistique,0.5588077179768848,0
Regression logistique,0.0019782945233959123,0
Regression logistique,0.5443340395168893,1
Regression logistique,0.567514072294605,1
Regression logistique,0.001833806034614047,0
Regression logistique,0.0014468183213097823,0
Regression logistique,0.0019459364152748086,0
Regression logistique,0.31036309772807225,1
Regression logistique,0.9999986002347789,1
Regression logistique,0.9999990874684919,1
Regression logistique,0.5896860654180501,1
Regression logistique,0.004733886833229411,0
Regression logistique,0.000509439167087107,0
Regression logistique,0.3050514060385007,1
Regression logistique,0.589822774611177,1
Regression logistique,0.5240238190334067,0
Regression logistique,0.6452107872522485,0
Regression logistique,0.0005997501477153323,0
Regression logistique,0.0020993858449504096,0
Regression logistique,0.0035708774779194524,0
Regression logistique,0.5455839587651558,1
Regression logistique,0.6116823658773929,0
Regression logistique,0.6067039782874877,0
Regression logistique,0.9999986135192757,1
Regression logistique,0.9999987637435495,1
Regression logistique,0.5769284018769064,0
Regression logistique,0.5516995483622753,1
Regression logistique,0.5472416725861894,0
Regression logistique,0.9999996701764464,1
Regression logistique,0.9999997612089624,1
Regression logistique,0.590920677743078,0
Regression logistique,0.5790663454922281,0
Regression logistique,0.9999997430738873,1
Regression logistique,0.0025631588801569532,0
Regression logistique,0.49223972853967063,0
Regression logistique,0.999999067060513,1
Regression logistique,0.5418988442590665,1
Regression logistique,0.9999997184069207,1
Regression logistique,0.6109293916521951,0
Regression logistique,0.00044473819986131806,0
Regression logistique,0.9999997488072705,1
Regression logistique,0.4078298733398567,0
Regression logistique,0.6130306681676088,1
Regression logistique,0.0015981168793236626,0
Regression logistique,0.5162987804496613,1
Regression logistique,0.5466895062997901,0
Regression logistique,0.6040623343611593,0
Regression logistique,0.6277028315853309,1
Regression logistique,0.9999986394136828,1
Regression logistique,0.9999989876950768,1
Regression logistique,0.0018091195419512303,0
Regression logistique,0.999998634751247,1
Regression logistique,0.45429200529271935,1
Regression logistique,0.533256865072583,1
Regression logistique,0.9999985777068551,1
Regression logistique,0.4241179705151851,0
Regression logistique,0.9999989720229248,1
Regression logistique,0.0022090580088209065,0
Regression logistique,0.6439968061201534,0
Regression logistique,0.0021236560086073677,0
Regression logistique,0.2888158676610493,0
Regression logistique,0.9999997863127327,1
Regression logistique,0.5486403652786588,1
Regression logistique,0.5822851687518693,1
Regression logistique,0.5433995076202326,1
Regression logistique,0.9999997771944203,1
Regression logistique,0.002006961374603153,0
Regression logistique,0.6252022028096735,0
Regression logistique,0.0019176848570738605,0
Regression logistique,0.9999983623487061,1
Regression logistique,0.003832838962749187,0
Regression logistique,0.536761476168797,1
Regression logistique,0.27978520529673623,0
Regression logistique,0.5678880370190573,1
Regression logistique,0.5173553498947319,1
Regression logistique,0.004689405105414072,0
Regression logistique,0.5072328856086662,0
Regression logistique,0.9999986265131968,1
Regression logistique,0.001749459151289982,0
Regression logistique,0.61106055949799,0
Regression logistique,0.9999983633775411,1
Regression logistique,0.9999981712010119,1
Regression logistique,0.3437444773223028,1
Regression logistique,0.0004734847244370914,0
Regression logistique,0.6081573523410918,1
Regression logistique,0.9999997508011863,1
Regression logistique,0.9999997802163526,1
Regression logistique,0.5052884179653783,0
Regression logistique,0.9999996937989039,1
Regression logistique,0.0023959474090675275,0
Regression logistique,0.5989660325997461,0
Regression logistique,0.44646538767315413,1
Regression logistique,0.41170875108745963,0
Regression logistique,0.003527424095410355,0
Regression logistique,0.0006589171469585009,0
Regression logistique,0.9999984455614341,1
Regression logistique,0.9999985587640291,1
Regression logistique,0.27304965129165093,0
Regression logistique,0.999999710542497,1
Regression logistique,0.5545438694630684,1
Regression logistique,0.5422254215782857,1
Regression logistique,0.5177350212556225,1
Regression logistique,0.5587974111204799,0
Regression logistique,0.9999991224409918,1
Regression logistique,0.5735401955615328,1
Regression logistique,0.999998494588776,1
Regression logistique,0.0021370991564339374,0
Regression logistique,0.6034623640421701,0
Regression logistique,0.38890464106646694,0
Regression logistique,0.6061704490733908,1
Regression logistique,0.0017500726294592912,0
Regression logistique,0.2809604341171047,0
Regression logistique,0.0019502557992482515,0
Regression logistique,0.0006686869303670541,0
Regression logistique,0.9999980426025687,1
Regression logistique,0.002258251617018152,0
Regression logistique,0.2460452348374162,0
Regression logistique,0.9999997940616869,1
Regression logistique,0.4612308516593285,1
Regression logistique,0.9999997884535029,1
Regression logistique,0.003940304610899813,0
Regression logistique,0.24461189257349247,0
Regression logistique,0.9999997945746788,1
Regression logistique,0.4627817423102459,1
Regression logistique,0.43858713922096954,1
Regression logistique,0.0018957037798749388,0
Regression logistique,0.47612668714728024,1
Regression logistique,0.9999989500720471,1
Regression logistique,0.0021628541812766487,0
Regression logistique,0.27496340357092336,1
Regression logistique,0.9999988853101585,1
Regression logistique,0.5248469554329603,0
Regression logistique,0.9999983566276593,1
Regression logistique,0.9999982085896146,1
Regression logistique,0.002393665684057425,0
Regression logistique,0.002323594316298385,0
Regression logistique,0.0016369743464382709,0
Regression logistique,0.34822947893177164,0
Regression logistique,0.0006472409058755946,0
Regression logistique,0.568681378837467,0
Regression logistique,0.5769284018769064,1
Regression logistique,0.5578750520061106,1
Regression logistique,0.49183749391004505,0
Regression logistique,0.9999997799251141,1
Regression logistique,0.4739490333927545,1
Regression logistique,0.0006257651924585467,0
Regression logistique,0.5756530597446312,0
Regression logistique,0.3263133048980174,0
Regression logistique,0.9999984794993644,1
Regression logistique,0.5192177125446675,0
Regression logistique,0.4088316677438197,0
Regression logistique,0.2626466093940624,0
Regression logistique,0.9999997869705145,1
Regression logistique,0.5548128160175785,1
Regression logistique,0.5915954372074582,1
Regression logistique,0.002349598939883983,0
Regression logistique,0.5285325710185662,1
Regression logistique,0.0031680017220068017,0
Regression logistique,0.5360048665528847,1
Regression logistique,0.5411138276959135,1
Regression logistique,0.9999977835817082,1
Regression logistique,0.9999987410727709,1
Regression logistique,0.5408857996252445,1
Regression logistique,0.4534221181308916,0
Regression logistique,0.0016375784916394477,0
Regression logistique,0.9999998013940957,1
Regression logistique,0.0015578760235637843,0
Regression logistique,0.0005480901462554061,0
Regression logistique,0.0021311035835142544,0
Regression logistique,0.5576638563039841,0
Regression logistique,0.4982426565340978,0
Regression logistique,0.2747397808573178,1
Regression logistique,0.5407008295026519,0
Regression logistique,0.316494120879733,1
Regression logistique,0.48932120232754944,0
Regression logistique,0.9999986683394738,1
Regression logistique,0.9999978465983259,1
Regression logistique,0.2451678859103786,0
Regression logistique,0.5404859430370057,0
Regression logistique,0.9999988600897836,1
Regression logistique,0.9999997130132596,1
Regression logistique,0.0019452698974867122,0
Regression logistique,0.002263511693572751,0
Regression logistique,0.5009096779927901,1
Regression logistique,0.9999988472602243,1
Regression logistique,0.9999985794449557,1
Regression logistique,0.0019469343658131328,0
Regression logistique,0.0038303117599161316,0
Regression logistique,0.39644963432415,0
Regression logistique,0.00413920150323485,0
Regression logistique,0.561447200339594,0
Regression logistique,0.9999996798568725,1
Regression logistique,0.5489497195725606,0
Regression logistique,0.0013310555927554353,0
Regression logistique,0.9999983292650794,1
Regression logistique,0.5624637647193388,0
Regression logistique,0.0026624598478018117,0
Regression logistique,0.5989002731288875,1
Regression logistique,0.9999989992749947,1
Regression logistique,0.34765888085868574,0
Regression logistique,0.5915385246842195,0
Regression logistique,0.0017948771912950148,0
Regression logistique,0.5957329869213343,1
Regression logistique,0.28966943409628687,1
Regression logistique,0.9999998145125593,1
Regression logistique,0.6004970827869729,0
Regression logistique,0.0006627576161476872,0
Regression logistique,0.002314585996756508,0
Regression logistique,0.0019655684595058674,0
Regression logistique,0.0018234262380213064,0
Regression logistique,0.9999987380826935,1
Regression logistique,0.999999688157434,1
Regression logistique,0.003876621155378357,0
Regression logistique,0.9999996347924783,1
Regression logistique,0.9999985392256836,1
Regression logistique,0.4790723430532055,0
Regression logistique,0.2416055881617297,0
Regression logistique,0.5422708723786155,0
Regression logistique,0.001756073903322293,0
Regression logistique,0.6283509394397064,1
Regression logistique,0.585655164003182,1
Regression logistique,0.9999992094070365,1
Regression logistique,0.46617390419198057,0
Regression logistique,0.0020619833829905025,0
Regression logistique,0.4564261223790358,0
Regression logistique,0.4154838791684288,1
Regression logistique,0.4672593785643873,0
Regression logistique,0.0017116887766967341,0
Regression logistique,0.0038666133115931047,0
Regression logistique,0.4718741504401347,0
Regression logistique,0.0017622691426357738,0
Regression logistique,0.003512826616524207,0
Regression logistique,0.3588532815950778,0
Regression logistique,0.6161671520412939,1
Regression logistique,0.5925180248932406,1
Regression logistique,0.5046007474562002,1
Regression logistique,0.4648847139022293,1
Regression logistique,0.999999669412825,1
Regression logistique,0.5303574521077553,1
Regression logistique,0.46342289663438724,1
Regression logistique,0.1573638697141623,0
Regression logistique,0.9999985644201462,1
Regression logistique,0.004347351484961308,0
Regression logistique,0.9999997936862847,1
Regression logistique,0.0020498522873738587,0
Regression logistique,0.579751452531723,1
Regression logistique,0.39281581889743156,0
Regression logistique,0.560365927582135,1
Regression logistique,0.2935718205869377,0
Regression logistique,0.5370438728828992,0
Regression logistique,0.001878909771823972,0
Regression logistique,0.9999980692330279,1
Regression logistique,0.0006380184136651812,0
Regression logistique,0.001568858366963844,0
Regression logistique,0.99999791253012,1
Regression logistique,0.580461237091971,1
Regression logistique,0.551668890032644,0
Regression logistique,0.9999996684502663,1
Regression logistique,0.4949977038045412,1
Regression logistique,0.462691825831581,0
Regression logistique,0.9999988577251858,1
Regression logistique,0.5815510231232702,1
Regression logistique,0.38291388966754686,0
Regression logistique,0.999998720801658,1
Regression logistique,0.45272367242787925,0
Regression logistique,0.005058545889361319,0
Regression logistique,0.0022717502252728376,0
Regression logistique,0.9999979169004062,1
Regression logistique,0.23066556847736752,0
Regression logistique,0.0006628470822608995,0
Regression logistique,0.581376688236296,1
Regression logistique,0.580606965258757,1
Regression logistique,0.0036657723699218842,0
Regression logistique,0.5261595425573132,1
Regression logistique,0.002006557538607127,0
Regression logistique,0.5088244821869721,0
Regression logistique,0.00407677354108918,0
Regression logistique,0.0019580995320809913,0
Regression logistique,0.5149840573741411,1
Regression logistique,0.9999988321614013,1
Regression logistique,0.5839203378858651,1
Regression logistique,0.003238621954870317,0
Regression logistique,0.5466900180584702,0
Regression logistique,0.0021044087140934197,0
Regression logistique,0.004223182809585636,0
Regression logistique,0.6035133435350662,0
Regression logistique,0.002196295904573767,0
Regression logistique,0.48775385115759834,1
Regression logistique,0.003856682780096036,0
Regression logistique,0.9999997220328842,1
Regression logistique,0.4874251952404587,0
Regression logistique,0.5389915660921679,1
Regression logistique,0.42177997999328193,0
Regression logistique,0.42187988940624954,1
Regression logistique,0.575208383117227,0
Regression logistique,0.00066028856924709,0
Regression logistique,0.0020299848321560935,0
Regression logistique,0.4186608300658407,1
Regression logistique,0.002285935838631645,0
Regression logistique,0.5818161603290021,0
Regression logistique,0.9999997742811347,1
Regression logistique,0.999999671745491,1
Regression logistique,0.49108421590512863,0
Regression logistique,0.45939501870223026,1
Regression logistique,0.9999988066944903,1
Regression logistique,0.3087409148759934,0
Regression logistique,0.48559807232077806,1
Regression logistique,0.6037509290590477,0
Regression logistique,0.2579970833489176,0
Regression logistique,0.5547525412216738,1
Regression logistique,0.3265635761287147,0
Regression logistique,0.550849882723778,1
Regression logistique,0.9999997996405454,1
Regression logistique,0.6042326117162314,0
Regression logistique,0.004263313148553001,0
Regression logistique,0.5807637499258279,0
Regression logistique,0.0021560616189305734,0
Regression logistique,0.999998425285166,1
Regression logistique,0.6323786348673044,0
Regression logistique,0.4023397917811381,0
Regression logistique,0.46136990456016874,1
Regression logistique,0.003790506210154953,0
Regression logistique,0.9999996846896684,1
Regression logistique,0.0019976902761880827,0
Regression logistique,0.00059013100326755,0
Regression logistique,0.9999997893300159,1
Regression logistique,0.562072070764671,0
Regression logistique,0.5834486688857807,0
Regression logistique,0.478531803144998,1
Regression logistique,0.4711901922555228,1
Regression logistique,0.0005114539134048463,0
Regression logistique,0.0006813842185648919,0
Regression logistique,0.9999986241323463,1
Regression logistique,0.41934992699492907,1
Regression logistique,0.4718354818512507,1
Regression logistique,0.49618186111621154,1
Regression logistique,0.5740750285273183,0
Regression logistique,0.3892786149324439,0
Regression logistique,0.5885220505001486,1
Regression logistique,0.000836831311684681,0
Regression logistique,0.565183427970821,1
Regression logistique,0.9999981192342912,1
Regression logistique,0.5338213947639439,0
Regression logistique,0.0020412967152501726,0
Regression logistique,0.000662650376798603,0
Regression logistique,0.0019471931326735877,0
Regression logistique,0.0005184730198761412,0
Regression logistique,0.001958354139465521,0
Regression logistique,0.5487519925866796,0
Regression logistique,0.5640313129435699,1
Regression logistique,0.41394894694797174,0
Regression logistique,0.5370400831118809,1
Regression logistique,0.5649550130322977,0
Regression logistique,0.5809937313739912,1
Regression logistique,0.999998600996647,1
Regression logistique,0.5925892534474075,1
Regression logistique,0.0016343097757011667,0
Regression logistique,0.6036644590170076,0
Regression logistique,0.4933456991550266,0
Regression logistique,0.4981759286416809,1
Regression logistique,0.5722616550556312,0
Regression logistique,0.5047098131705677,0
Regression logistique,0.9999997618025361,1
Regression logistique,0.5586598175412224,1
Regression logistique,0.9999984609215746,1
Regression logistique,0.0022057047322822172,0
Regression logistique,0.00344167245224785,0
Regression logistique,0.5212941349737125,1
Regression logistique,0.0033262720232803203,0
Regression logistique,0.0017008575192426607,0
Regression logistique,0.4432636804817424,1
Regression logistique,0.003492600153325057,0
Regression logistique,0.4097407974211664,0
Regression logistique,0.5897175131230614,1
Regression logistique,0.9999997403645949,1
Regression logistique,0.0037283442143313775,0
Regression logistique,0.4953692813765562,0
Regression logistique,0.5790204498785082,1
Regression logistique,0.49557864158416115,0
Regression logistique,0.2639404153178905,0
Regression logistique,0.999998211722696,1
Regression logistique,0.9999996272112093,1
Regression logistique,0.48213948164601983,1
Regression logistique,0.9999997265470395,1
Regression logistique,0.003875008037806708,0
Regression logistique,0.45546237447922816,0
Regression logistique,0.9999997207076975,1
Regression logistique,0.0016672519837149147,0
Regression logistique,0.4334931040097416,0
Regression logistique,0.4562446176785915,0
Regression logistique,0.002254893328718427,0
Regression logistique,0.4879678025249061,1
Regression logistique,0.9999987807185365,1
Regression logistique,0.5939165884842537,1
Regression logistique,0.9999997845260009,1
Regression logistique,0.0048499565882927035,0
Regression logistique,0.4311674972400271,1
Regression logistique,0.9999978541895382,1
Regression logistique,0.4721654284491139,0
Regression logistique,0.5411320072000398,1
Regression logistique,0.6346984465773093,0
Regression logistique,0.5816718102984362,0
Regression logistique,0.5908460097452156,1
Regression logistique,0.9999986133977303,1
Regression logistique,0.5956858426782287,1
Regression logistique,0.46185079810213236,1
Regression logistique,0.9999981811451009,1
Regression logistique,0.3936439359521475,1
Regression logistique,0.4934270851910104,0
Regression logistique,0.5714837925450161,1
Regression logistique,0.4681920579949984,1
Regression logistique,0.9999986641019349,1
Regression logistique,0.2936493765312034,0
Regression logistique,0.003269320032191008,0
Regression logistique,0.6114372956848095,1
Regression logistique,0.4013757594000106,1
Regression logistique,0.9999997797037498,1
Regression logistique,0.46919875509178016,0
Regression logistique,0.9999981865048165,1
Regression logistique,0.0035274976786825534,0
Regression logistique,0.5486079176093787,1
Regression logistique,0.6179003754409055,1
Regression logistique,0.999999040315485,1
Regression logistique,0.00198159729810038,0
Regression logistique,0.0005728177700174735,0
Regression logistique,0.9999978563457486,1
Regression logistique,0.63685364698174,1
Regression logistique,0.5197065054435124,1
Regression logistique,0.0016553972513836152,0
Regression logistique,0.9999997179592408,1
Regression logistique,0.5297157962418719,0
Regression logistique,0.5894381446885554,1
Regression logistique,0.6078638221042952,1
Regression logistique,0.6161671520412939,0
Regression logistique,0.30941612573822186,0
Regression logistique,0.4125785126308623,0
Regression logistique,0.9999983414493802,1
Regression logistique,0.9999990254670519,1
Regression logistique,0.9999996361499852,1
Regression logistique,0.002522564692203583,0
Regression logistique,0.0032231280560223023,0
Regression logistique,0.4542899481082959,0
Regression logistique,0.9999987432681992,1
Regression logistique,0.999997995250792,1
Regression logistique,0.002902093491951534,0
Regression logistique,0.5328930932063974,0
Regression logistique,0.40363504933607935,1
Regression logistique,0.2962183081761632,0
Regression logistique,0.9999985434779144,1
Regression logistique,0.42782357771575136,0
Regression logistique,0.9999997817315421,1
Regression logistique,0.4641230574659827,1
Regression logistique,0.9999997463585187,1
Regression logistique,0.505099291593016,1
Regression logistique,0.9999984198688422,1
Regression logistique,0.0022706291082429365,0
Regression logistique,0.4656924045845028,1
Regression logistique,0.9999997704020925,1
Regression logistique,0.37020003656062167,0
Regression logistique,0.4466593559289171,1
Regression logistique,0.0005971052780240738,0
Regression logistique,0.0034214009575132473,0
Regression logistique,0.0008069515698297143,0
Regression logistique,0.501150957557479,1
Regression logistique,0.0025602432749837695,0
Regression logistique,0.5444759319539236,0
Regression logistique,0.60467767094595,1
Regression logistique,0.45649931893830054,0
Regression logistique,0.9999997852029485,1
Regression logistique,0.5297146535897731,1
Regression logistique,0.002343976391591755,0
Regression logistique,0.4913719084073542,1
Regression logistique,0.32961904560001193,1
Regression logistique,0.0016913524010484782,0
Regression logistique,0.4849784539511418,0
Regression logistique,0.999999697678282,1
Regression logistique,0.6298004165685718,1
Regression logistique,0.48129063097220437,0
Regression logistique,0.48728330377210594,0
Regression logistique,0.27407933240500376,0
Regression logistique,0.5483280636044582,0
Regression logistique,0.485893470040044,0
Regression logistique,0.0020369737029512095,0
Regression logistique,0.9999982248189159,1
Regression logistique,0.004452539322957344,0
Regression logistique,0.2920550646761986,0
Regression logistique,0.4638355187028767,1
Regression logistique,0.4717439976902707,0
Regression logistique,0.9999998044930203,1
Regression logistique,0.5099833296685375,0
Regression logistique,0.5003594601120672,1
Regression logistique,0.44763385018347857,1
Regression logistique,0.5708450222217741,0
Regression logistique,0.4755299927609624,1
Regression logistique,0.0015547345262256743,0
Regression logistique,0.5834688101740791,1
Regression logistique,0.5261936301976428,1
Regression logistique,0.0021183433396394532,0
Regression logistique,0.5777139710327781,0
Regression logistique,0.5375118031570791,0
Regression logistique,0.9999997574309769,1
Regression logistique,0.9999989510442903,1
Regression logistique,0.5903441455172044,0
Regression logistique,0.0005552410831019328,0
Regression logistique,0.46788854696582133,0
Regression logistique,0.999998140727906,1
Regression logistique,0.5737164141044613,0
Regression logistique,0.9999985153286075,1
Regression logistique,0.0037919597039232237,0
Regression logistique,0.6244940438388299,1
Regression logistique,0.0018839633347466271,0
Regression logistique,0.4000009093989407,1
Regression logistique,0.4649057482133519,0
Regression logistique,0.4214162220257894,0
Regression logistique,0.0022176959237061563,0
Regression logistique,0.0005680173411417206,0
Regression logistique,0.0023429834021017823,0
Regression logistique,0.0005840479410807027,0
Regression logistique,0.0015681316594180182,0
Regression logistique,0.6258387000715431,1
Regression logistique,0.4932037425533619,0
Regression logistique,0.474318433868983,1
Regression logistique,0.4576738763403635,0
Regression logistique,0.001963115531607305,0
Regression logistique,0.6078638221042952,0
Regression logistique,0.31284997436256223,0
Regression logistique,0.4663190385521748,0
Regression logistique,0.5809046883553066,1
Regression logistique,0.9999997019263793,1
Regression logistique,0.0021633075019433933,0
Regression logistique,0.44684352498212204,1
Regression logistique,0.2937803616044549,0
Regression logistique,0.4141119539810921,1
Regression logistique,0.9999995574041374,1
Regression logistique,0.002568330381960539,0
Regression logistique,0.3156662621418594,1
Regression logistique,0.4489772632796068,0
Regression logistique,0.4686845562985105,1
Regression logistique,0.0042700620712695075,0
Regression logistique,0.9999996796274542,1
Regression logistique,0.5761564626525485,0
Regression logistique,0.0026117022374972615,0
Regression logistique,0.0006100329642553075,0
Regression logistique,0.25466748357731317,0
Regression logistique,0.9999980027559903,1
Regression logistique,0.9999996536750799,1
Regression logistique,0.0022092036402961363,0
Regression logistique,0.9999987320776003,1
Regression logistique,0.49224867244572396,0
Regression logistique,0.5208178784456119,1
Regression logistique,0.001863841434673472,0
Regression logistique,0.49285490322825576,1
Regression logistique,0.9999983787838196,1
Regression logistique,0.4975210344397972,1
Regression logistique,0.5996252033540337,0
Regression logistique,0.5561758272612338,1
Regression logistique,0.3018308689587599,0
Regression logistique,0.9999997944879957,1
Regression logistique,0.0017453980424853353,0
Regression logistique,0.3247468836805439,0
Regression logistique,0.9999990891657585,1
Regression logistique,0.5928834574678897,0
Regression logistique,0.4705273101109313,1
Regression logistique,0.5978246764625413,1
Regression logistique,0.516814468924118,1
Regression logistique,0.4962776589103577,0
Regression logistique,0.6088165844607379,0
Regression logistique,0.9999996352535416,1
Regression logistique,0.4908772384675053,0
Regression logistique,0.5450124621539277,1
Regression logistique,0.30116499208664244,0
Regression logistique,0.9999983497341876,1
Regression logistique,0.38973813994251516,0
Regression logistique,0.4322445366627929,1
Regression logistique,0.004024634748078862,0
Regression logistique,0.30593598930526533,1
Regression logistique,0.39822918648015393,1
Regression logistique,0.9999995654382708,1
Regression logistique,0.39581461762533593,0
Regression logistique,0.9999986104562325,1
Regression logistique,0.9999981121882797,1
Regression logistique,0.586924455880745,0
Regression logistique,0.5548924365949692,1
Regression logistique,0.3710920311960404,0
Regression logistique,0.9999997179484076,1
Regression logistique,0.28499777518326935,0
Regression logistique,0.48694734208847573,1
Regression logistique,0.9999997162615272,1
Regression logistique,0.0023609860269863045,0
Regression logistique,0.0005739723446770447,0
Regression logistique,0.9999988247708498,1
Regression logistique,0.5680646543405361,0
Regression logistique,0.0016626614134221845,0
Regression logistique,0.4727671856511159,0
Regression logistique,0.0007392874744988976,0
Regression logistique,0.5260141406403509,0
Regression logistique,0.4527501419692479,0
Regression logistique,0.9999989141595822,1
Regression logistique,0.0020633397125879856,0
Regression logistique,0.9999997204589288,1
Regression logistique,0.604818057907784,1
Regression logistique,0.9999982893339597,1
Regression logistique,0.6356783441739825,0
Regression logistique,0.39343102889043247,1
Regression logistique,0.591214257496172,0
Regression logistique,0.0025185707397552383,0
Regression logistique,0.5460503858509449,1
Regression logistique,0.43651530517220755,0
Regression logistique,0.6014836271866801,1
Regression logistique,0.9999987078296341,1
Regression logistique,0.47770424374334164,1
Regression logistique,0.0005804413611360894,0
Regression logistique,0.9987088255322198,1
Regression logistique,0.001491480352440009,0
Regression logistique,0.999998245423687,1
Regression logistique,0.49497599145378085,1
Regression logistique,0.0014988204202958802,0
Regression logistique,0.00059455038187908,0
Regression logistique,0.27444509626159974,0
Regression logistique,0.0019070474133536979,0
Regression logistique,0.4509404130807905,0
Regression logistique,0.0019437934874793898,0
Regression logistique,0.45600105458683254,0
Regression logistique,0.003820790734971208,0
Regression logistique,0.9999987946828566,1
Regression logistique,0.3188830290504468,1
Regression logistique,0.9999995524823637,1
Regression logistique,0.0006774741266991698,0
Regression logistique,0.44272438346441484,0
Regression logistique,0.0017272899414303947,0
Regression logistique,0.999998602933786,1
Regression logistique,0.5734203211173335,0
Regression logistique,0.5832553417229561,0
Regression logistique,0.6109310749755069,1
Regression logistique,0.3953910116447847,0
Regression logistique,0.5458731780243985,1
Regression logistique,0.6274222494309679,1
Regression logistique,0.5743265320962518,0
Regression logistique,0.9999986460699016,1
Regression logistique,0.45037357237006287,1
Regression logistique,0.9999996715803339,1
Regression logistique,0.2907084009342102,1
Regression logistique,0.9999997559645433,1
Regression logistique,0.9999997881236431,1
Regression logistique,0.99999839230848,1
Regression logistique,0.0006256159386939656,0
Regression logistique,0.9999986120010774,1
Regression logistique,0.5748405106989314,1
Regression logistique,0.9999985835156446,1
Regression logistique,0.0017011138699889526,0
Regression logistique,0.5651750034869509,1
Regression logistique,0.0017928339392970169,0
Regression logistique,0.003955416985403398,0
Regression logistique,0.9999983555642739,1
Regression logistique,0.6431963028477092,1
Regression logistique,0.9999996701764464,1
Regression logistique,0.9999982079593321,1
Regression logistique,0.0025560515149047327,0
Regression logistique,0.9999996553163615,1
Regression logistique,0.41995950295781675,1
Regression logistique,0.4260448907154873,0
Regression logistique,0.9999986202987436,1
Regression logistique,0.5511324926671843,1
Regression logistique,0.9999987741980114,1
Regression logistique,0.002237881856943229,0
Regression logistique,0.0018624737775585001,0
Regression logistique,0.5771693829695979,0
Regression logistique,0.9999997446706285,1
Regression logistique,0.5427839586173733,1
Regression logistique,0.001852687274649804,0
Regression logistique,0.3916180120609337,0
Regression logistique,0.9999995978590533,1
Regression logistique,0.5295721947283774,1
Regression logistique,0.9999997367423923,1
Regression logistique,0.9999983311263481,1
Regression logistique,0.9999997247334746,1
Regression logistique,0.6286957278682138,0
Regression logistique,0.6277935191271742,1
Regression logistique,0.551378827163654,1
Regression logistique,0.5704595491815629,1
Regression logistique,0.002392715984194129,0
Regression logistique,0.5499625262984082,0
Regression logistique,0.9999997534708288,1
Regression logistique,0.3700683581521587,1
Regression logistique,0.5216811796367524,1
Regression logistique,0.4851523026201266,1
Regression logistique,0.9999984372441647,1
Regression logistique,0.9999986395536847,1
Regression logistique,0.9999989609471778,1
Regression logistique,0.4637038666277013,0
Regression logistique,0.5650874642723959,0
Regression logistique,0.45281632270625155,0
Regression logistique,0.9999997532213686,1
Regression logistique,0.5495703455171554,0
Regression logistique,0.46303169752316703,1
Regression logistique,0.9999990004384144,1
Regression logistique,0.9999997919612635,1
Regression logistique,0.5247015145815462,0
Regression logistique,0.0006284148196450152,0
Regression logistique,0.0017623194143009785,0
Regression logistique,0.6081458610837824,1
Regression logistique,0.5881829307500367,1
Regression logistique,0.38416774265821924,0
Regression logistique,0.5726372265203682,0
Regression logistique,0.9999997490406204,1
Regression logistique,0.5576286491304557,0
Regression logistique,0.002371353444053518,0
Regression logistique,0.5577838882484347,1
Regression logistique,0.0016957785987148626,0
Regression logistique,0.532074333323101,1
Regression logistique,0.5938999366231787,1
Regression logistique,0.5832014279960706,1
Regression logistique,0.9999988450228204,1
Regression logistique,0.4707954236491805,1
Regression logistique,0.0020959211993700133,0
Regression logistique,0.41999282381581043,1
Regression logistique,0.0020762384367634832,0
Regression logistique,0.61843160148826,0
Regression logistique,0.46379591787533053,1
Regression logistique,0.9999987527078275,1
Regression logistique,0.0021701435255117242,0
Regression logistique,0.4187221655221504,0
Regression logistique,0.491874450082832,1
Regression logistique,0.9999987392513058,1
Regression logistique,0.9999979471695958,1
Regression logistique,0.5602074401426579,0
Regression logistique,0.9999985936937044,1
Regression logistique,0.9999982055683155,1
Regression logistique,0.002047827864180501,0
Regression logistique,0.5895359707764976,1
Regression logistique,0.5955107142050653,1
Regression logistique,0.6413593676289343,1
Regression logistique,0.0021755179706875755,0
Regression logistique,0.42759496200659713,1
Regression logistique,0.0007727220173115695,0
Regression logistique,0.5616892371208131,0
Regression logistique,0.0019018508985284856,0
Regression logistique,0.9999998072695694,1
Regression logistique,0.576033613332716,0
Regression logistique,0.9999997141046304,1
Regression logistique,0.5940175847649068,1
Regression logistique,0.0019057885305995494,0
Regression logistique,0.49640720251760057,0
Regression logistique,0.002168677369864071,0
Regression logistique,0.4338818580936776,0
Regression logistique,0.5259610265811325,1
Regression logistique,0.4717439976902707,1
Regression logistique,0.9999983214770637,1
Regression logistique,0.0020923497595835587,0
Regression logistique,0.002044149366473569,0
Regression logistique,0.9999982490980283,1
Regression logistique,0.5348308080626916,1
Regression logistique,0.999998526421919,1
Regression logistique,0.0016553720605506674,0
Regression logistique,0.002069660155287664,0
Regression logistique,0.9999997046595683,1
Regression logistique,0.0034546296109244532,0
Regression logistique,0.5863823872300687,1
Regression logistique,0.49145328467410315,0
Regression logistique,0.6062162337200336,1
Regression logistique,0.47459605921107717,1
Regression logistique,0.9999989617739339,1
Regression logistique,0.9999984828782102,1
Regression logistique,0.002072949679804825,0
Regression logistique,0.9999986801360566,1
Regression logistique,0.49142148204699027,1
Regression logistique,0.5334020160241483,0
Regression logistique,0.001867774312003222,0
Regression logistique,0.9999997518584022,1
Regression logistique,0.42801807146516957,0
Regression logistique,0.002363100598722647,0
Regression logistique,0.4170204529668203,0
Regression logistique,0.27392888764026924,1
Regression logistique,0.319559138756908,0
Regression logistique,0.6240061712559487,0
Regression logistique,0.5601280166396506,0
Regression logistique,0.0041416793196490005,0
Regression logistique,0.002963302579654435,0
Regression logistique,0.0015656703072856656,0
Regression logistique,0.9999988098128575,1
Regression logistique,0.5009203513324477,0
Regression logistique,0.0006293382106739163,0
Regression logistique,0.0020957447569555886,0
Regression logistique,0.9999983409051988,1
Regression logistique,0.38740282172835255,0
Regression logistique,0.5640193994901889,0
Regression logistique,0.4417274908281448,1
Regression logistique,0.588978907045471,0
Regression logistique,0.3092090723440809,0
Regression logistique,0.4759417952300967,0
Regression logistique,0.002441808456126485,0
Regression logistique,0.3253242859384162,1
Regression logistique,0.9999996976471704,1
Regression logistique,0.0021883314769414733,0
Regression logistique,0.43363632878696895,1
Regression logistique,0.0021838470887874167,0
Regression logistique,0.490111331678952,0
Regression logistique,0.0017326285070778575,0
Regression logistique,0.00212056271113011,0
Regression logistique,0.9999989486715972,1
Regression logistique,0.5367945861390513,0
Regression logistique,0.0005822784670634194,0
Regression logistique,0.0022371114238604736,0
Regression logistique,0.5648818981252792,1
Regression logistique,0.999999706396794,1
Regression logistique,0.0033739203298414366,0
Regression logistique,0.6020001776759518,1
Regression logistique,0.4355672057779825,1
Regression logistique,0.5190876036594976,1
Regression logistique,0.5142114990723435,0
Regression logistique,0.4903342644496292,0
Regression logistique,0.002712343655367947,0
Regression logistique,0.0018561510234070056,0
Regression logistique,0.9999997454677483,1
Regression logistique,0.5435496809714258,1
Regression logistique,0.9999982188437562,1
Regression logistique,0.531957705010267,1
Regression logistique,0.9999997432961703,1
Regression logistique,0.9999983435985625,1
Regression logistique,0.46552246446975964,1
Regression logistique,0.0006573223344947125,0
Regression logistique,0.0020106141023339542,0
Regression logistique,0.9999987516687052,1
Regression logistique,0.5936464182688308,1
Regression logistique,0.533256865072583,1
Regression logistique,0.5361126212234156,1
Regression logistique,0.9999997641090882,1
Regression logistique,0.28003167050512057,0
Regression logistique,0.9999997806248483,1
Regression logistique,0.5908640763822632,0
Regression logistique,0.002118274906365906,0
Regression logistique,0.5896290713868798,1
Regression logistique,0.515938714514741,1
Regression logistique,0.9999997215038662,1
Regression logistique,0.0019019774924257961,0
Regression logistique,0.0005175013605339547,0
Regression logistique,0.4464879282918203,1
Regression logistique,0.002030545353206558,0
Regression logistique,0.9999997173252924,1
Regression logistique,0.9999983133514365,1
Regression logistique,0.5460503858509449,0
Regression logistique,0.25411578321411044,0
Regression logistique,0.6481164591343487,0
Regression logistique,0.2550664538595631,0
Regression logistique,0.9999984490802547,1
Regression logistique,0.5069289032221731,1
Regression logistique,0.99999973646328,1
Regression logistique,0.0018826746758351966,0
Regression logistique,0.48554529148390746,1
Regression logistique,0.9999988060619056,1
Regression logistique,0.32482590698249614,0
Regression logistique,0.6276158271286467,0
Regression logistique,0.5154782984029438,0
Regression logistique,0.5134216389290729,1
Regression logistique,0.0018916864358094923,0
Regression logistique,0.999998887160083,1
Regression logistique,0.5057587373320658,1
Regression logistique,0.5513953012725789,0
Regression logistique,0.0044183802781555944,0
Regression logistique,0.6506378772445122,0
Regression logistique,0.4722700486944306,0
Regression logistique,0.5471747820738929,0
Regression logistique,0.9999978329377176,1
Regression logistique,0.0006689998108893183,0
Regression logistique,0.28309261809170005,0
Regression logistique,0.0017911087811772015,0
Regression logistique,0.5572343951235252,0
Regression logistique,0.9999997622835927,1
Regression logistique,0.46781587685124093,1
Regression logistique,0.9999996525802953,1
Regression logistique,0.2797145798105364,0
Regression logistique,0.5439480197770638,0
Regression logistique,0.00159376751173625,0
Regression logistique,0.00047544855261506244,0
Regression logistique,0.4362527875111004,1
Regression logistique,0.9999987392441306,1
Regression logistique,0.6164026372355705,1
Regression logistique,0.9999996781447961,1
Regression logistique,0.9999978803419799,1
Regression logistique,0.0005302889311049378,0
Regression logistique,0.40405485607277936,0
Regression logistique,0.0023967082674591538,0
Regression logistique,0.3094193827832392,0
Regression logistique,0.004317087334754124,0
Regression logistique,0.6233463382843414,1
Regression logistique,0.5493384746664873,0
Regression logistique,0.6061740879345107,0
Regression logistique,0.13855925162056293,1
Regression logistique,0.0006410236302720867,0
Regression logistique,0.5692077989667246,0
Regression logistique,0.4268212518760568,1
Regression logistique,0.9999987926645512,1
Regression logistique,0.0004908289387367676,0
Regression logistique,0.6389653450003089,0
Regression logistique,0.5921614350328397,1
Regression logistique,0.5548255137481741,0
Regression logistique,0.9999997621334473,1
Regression logistique,0.0030610317425811347,0
Regression logistique,0.5452610574734669,1
Regression logistique,0.004299517256980467,0
Regression logistique,0.4717033514367037,1
Regression logistique,0.999999735500428,1
Regression logistique,0.5541165372120394,1
Regression logistique,0.6178193201505117,0
Regression logistique,0.6121418767952884,0
Regression logistique,0.0007883319338618961,0
Regression logistique,0.47959781809728946,1
Regression logistique,0.9999989076075086,1
Regression logistique,0.003740107196770008,0
Regression logistique,0.5934586017737998,1
Regression logistique,0.45566778426656773,1
Regression logistique,0.5647910006615434,1
Regression logistique,0.004571387158612541,0
Regression logistique,0.2706836776098429,0
Regression logistique,0.5370411098067168,1
Regression logistique,0.45781765105669603,1
Regression logistique,0.9999979300001839,1
Regression logistique,0.001773339689641932,0
Regression logistique,0.2934382379441878,1
Regression logistique,0.6513527887849435,1
Regression logistique,0.462526518817274,1
Regression logistique,0.5835945859397378,0
Regression logistique,0.002654077136534281,0
Regression logistique,0.5806543739339387,0
Regression logistique,0.6030649758698441,1
Regression logistique,0.5881698990022779,0
Regression logistique,0.44577919549934003,0
Regression logistique,0.9999998036457617,1
Regression logistique,0.9999985439034119,1
Regression logistique,0.5039294655799631,1
Regression logistique,0.0006797242515942137,0
Regression logistique,0.0028957641150761312,0
Regression logistique,0.23793171107899302,0
Regression logistique,0.9999997631647138,1
Regression logistique,0.9999998081867437,1
Regression logistique,0.558081338737292,1
Regression logistique,0.5068423684064679,1
Regression logistique,0.0019474865383334156,0
Regression logistique,0.9999997873086534,1
Regression logistique,0.45703119518212626,0
Regression logistique,0.9999996806339578,1
Regression logistique,0.004695221046337133,0
Regression logistique,0.5913742664799072,0
Regression logistique,0.9999980421871374,1
Regression logistique,0.529929271805062,1
Regression logistique,0.5624067719245514,1
Regression logistique,0.3391249679692723,1
Regression logistique,0.0019383071915381163,0
Regression logistique,0.4533664291711936,0
Regression logistique,0.999998391580394,1
Regression logistique,0.0020393146392337727,0
Regression logistique,0.30270860355648777,1
Regression logistique,0.9999997146312061,1
Regression logistique,0.4789710156801979,1
Regression logistique,0.9999989316620621,1
Regression logistique,0.5633334071167748,1
Regression logistique,0.0017575506892872118,0
Regression logistique,0.29555639798449973,1
Regression logistique,0.5765406182779576,1
Regression logistique,0.9999997876597653,1
Regression logistique,0.5795020655777562,1
Regression logistique,0.9999984167541096,1
Regression logistique,0.5438417989253165,0
Regression logistique,0.5984462523702876,0
Regression logistique,0.5745724229046733,0
Regression logistique,0.607387736914847,1
Regression logistique,0.9999988816193299,1
Regression logistique,0.6000001165500738,0
Regression logistique,0.5256208331221863,1
Regression logistique,0.0023286128029583954,0
Regression logistique,0.40189768307761414,1
Regression logistique,0.5819311334280103,1
Regression logistique,0.00221850602382032,0
Regression logistique,0.5502112909219999,1
Regression logistique,0.9999979201434742,1
Regression logistique,0.5502100039328107,0
Regression logistique,0.561770772403002,0
Regression logistique,0.3919109563717643,0
Regression logistique,0.5485385712287971,1
Regression logistique,0.5199155973669248,1
Regression logistique,0.6060192591794648,0
Regression logistique,0.9999996793479053,1
Regression logistique,0.5694408583124253,0
Regression logistique,0.9999986333988313,1
Regression logistique,0.6052760466249409,0
Regression logistique,0.999999749468509,1
Regression logistique,0.00199912409274285,0
Regression logistique,0.9999988603810881,1
Regression logistique,0.35036964847376634,0
Regression logistique,0.4976169339446283,0
Regression logistique,0.9999979409903015,1
Regression logistique,0.9999997792248027,1
Regression logistique,0.0024448905398363092,0
Regression logistique,0.9999975165502031,1
Regression logistique,0.41356832665439613,0
Regression logistique,0.0034831447414258093,0
Regression logistique,0.003597131824213125,0
Regression logistique,0.0007221022945255872,0
Regression logistique,0.6163069592944935,0
Regression logistique,0.435860745864201,1
Regression logistique,0.0024480836530655394,0
Regression logistique,0.9999985226396827,1
Regression logistique,0.9999997143996088,1
Regression logistique,0.4495930723136721,1
Regression logistique,0.9999979406371936,1
Regression logistique,0.9999998064183011,1
Regression logistique,0.5932612031622708,1
Regression logistique,0.4737041881945189,1
Regression logistique,0.9999997519783934,1
Regression logistique,0.5031463677392176,0
Regression logistique,0.46867061686190387,0
Regression logistique,0.270255737739238,0
Regression logistique,0.004176981472733192,0
Regression logistique,0.00179402935410213,0
Regression logistique,0.6082790950639102,1
Regression logistique,0.5307405822591537,0
Regression logistique,0.5786133515683235,1
Regression logistique,0.5405738340225841,1
Regression logistique,0.9999985083926421,1
Regression logistique,0.000529334161564824,0
Regression logistique,0.44582820120943534,0
Regression logistique,0.0006016557284292609,0
Regression logistique,0.9999973671702098,1
Regression logistique,0.001489139133375424,0
Regression logistique,0.9999996263719503,1
Regression logistique,0.0022032718049282535,0
Regression logistique,0.001962896451885935,0
Regression logistique,0.4255082549160986,1
Regression logistique,0.5414394658127745,0
Regression logistique,0.6048413931399642,0
Regression logistique,0.9999996869509765,1
Regression logistique,0.9999997698309347,1
Regression logistique,0.002438346299629443,0
Regression logistique,0.3338357537495899,1
Regression logistique,0.4194919391115787,1
Regression logistique,0.5537263787932092,1
Regression logistique,0.9999997304269695,1
Regression logistique,0.9999997982293299,1
Regression logistique,0.5678931740235744,0
Regression logistique,0.6388565978391927,1
Regression logistique,0.0005002638638937849,0
Regression logistique,0.6179516457081853,0
Regression logistique,0.9999981110520727,1
Regression logistique,0.5749091471352841,1
Regression logistique,0.9999980952674081,1
Regression logistique,0.6007205856237138,0
Regression logistique,0.9999998191455916,1
Regression logistique,0.00024237482282282212,0
Regression logistique,0.3061777225031714,1
Regression logistique,0.9999996472825249,1
Regression logistique,0.49123377860973516,0
Regression logistique,0.9999989080728974,1
Regression logistique,0.6122782368613988,0
Regression logistique,0.42875805711342746,1
Regression logistique,0.9999997492605113,1
Regression logistique,0.0005154844764040606,0
Regression logistique,0.0005112960421996952,0
Regression logistique,0.12523402409566176,0
Regression logistique,0.00484830022391349,0
Regression logistique,0.9999986732768313,1
Regression logistique,0.47553685271135715,1
Regression logistique,0.4398453704611637,0
Regression logistique,0.9999984133210034,1
Regression logistique,0.5855136369320567,1
Regression logistique,0.5337256453682709,1
Regression logistique,0.5557503284629131,0
Regression logistique,0.4238724396817745,1
Regression logistique,0.0007198202642654181,0
Regression logistique,0.0038170187510573263,0
Regression logistique,0.0018753525303327558,0
Regression logistique,0.0036366317598938583,0
Regression logistique,0.0041924277425864215,0
Regression logistique,0.0021262746168793792,0
Regression logistique,0.004166406917426684,0
Regression logistique,0.48694182456320917,0
Regression logistique,0.576511089013485,1
Regression logistique,0.0023052058686369174,0
Regression logistique,0.9999997170409615,1
Regression logistique,0.587672262049238,0
Regression logistique,0.002009618540609091,0
Regression logistique,0.5558313595078486,0
Regression logistique,0.9999996252192219,1
Regression logistique,0.6158001951251356,1
Regression logistique,0.9999996158482484,1
Regression logistique,0.5719012577415059,0
Regression logistique,0.0008025960519925597,0
Regression logistique,0.003321009805413401,0
Regression logistique,0.4501490075495812,0
Regression logistique,0.9999988318896385,1
Regression logistique,0.6442902909380293,0
Regression logistique,0.0019720616361325553,0
Regression logistique,0.40678812984131973,1
Regression logistique,0.6039921706495767,0
Regression logistique,0.9999981251536908,1
Regression logistique,0.9999997722157489,1
Regression logistique,0.9999989797580786,1
Regression logistique,0.32149798185016826,0
Regression logistique,0.42768082305079275,0
Regression logistique,0.4871376003719411,1
Regression logistique,0.45885371484660675,1
Regression logistique,0.9999996425592511,1
Regression logistique,0.0031478558895696737,0
Regression logistique,0.0018343820237608503,0
Regression logistique,0.002292193457728841,0
Regression logistique,0.004171881349514646,0
Regression logistique,0.5330958603143706,1
Regression logistique,0.001873008772600111,0
Regression logistique,0.9999978359152729,1
Regression logistique,0.0021687532043195,0
Regression logistique,0.001964543788169347,0
Regression logistique,0.44269494844458007,1
Regression logistique,0.2998372081985238,0
Regression logistique,0.0005058022299370435,0
Regression logistique,0.0020675847597394228,0
Regression logistique,0.5803769248483747,1
Regression logistique,0.002516235206883266,0
Regression logistique,0.9999997327102008,1
Regression logistique,0.9999997571089608,1
Regression logistique,0.9999997624195966,1
Regression logistique,0.5967911344543271,0
Regression logistique,0.49010752248433964,1
Regression logistique,0.9999980844202537,1
Regression logistique,0.4467720930628331,1
Regression logistique,0.002487778713316675,0
Regression logistique,0.9999984771945348,1
Regression logistique,0.9999996915615009,1
Regression logistique,0.14796152792224293,0
Regression logistique,0.9999997863127327,1
Regression logistique,0.5140384084876833,1
Regression logistique,0.5989660325997461,1
Regression logistique,0.9999987108598728,1
Regression logistique,0.0005399925028404122,0
Regression logistique,0.46788333506330293,1
Regression logistique,0.5250091431304701,1
Regression logistique,0.2787317234868112,1
Regression logistique,0.4283690264754972,1
Regression logistique,0.0044747948755257325,0
Regression logistique,0.22119551336852666,0
Regression logistique,0.44822976307872836,0
Regression logistique,0.9999984431145964,1
Regression logistique,0.0019614614467154162,0
Regression logistique,0.5725619405790289,1
Regression logistique,0.334587413912916,0
Regression logistique,0.0023929494917987767,0
Regression logistique,0.001740235994423744,0
Regression logistique,0.0007698774992140427,0
Regression logistique,0.9999997123671668,1
Regression logistique,0.4451422008047089,1
Regression logistique,0.9999997714117289,1
Regression logistique,0.4458849632370555,0
Regression logistique,0.0020980249786066753,0
Regression logistique,0.002133178747852082,0
Regression logistique,0.9999986079866091,1
Regression logistique,0.4200319675036743,0
Regression logistique,0.39476439169923405,1
Regression logistique,0.618556653083494,0
Regression logistique,0.5320784741015664,1
Regression logistique,0.49008706116435413,1
Regression logistique,0.001496196594213715,0
Regression logistique,0.5771365465932837,0
Regression logistique,0.003915697485496462,0
Regression logistique,0.9999996547736419,1
Regression logistique,0.4953730917356762,1
Regression logistique,0.9999997526938754,1
Regression logistique,0.0006020065021934634,0
Regression logistique,0.17425555487676742,0
Regression logistique,0.0016137965068586935,0
Regression logistique,0.9999996587983356,1
Regression logistique,0.0021837848189907184,0
Regression logistique,0.003035226234145786,0
Regression logistique,0.4561089963082509,1
Regression logistique,0.5210624774626962,1
Regression logistique,0.9999998054544704,1
Regression logistique,0.5727006752123259,1
Regression logistique,0.32033777649391026,0
Regression logistique,0.9999988095339422,1
Regression logistique,0.5371898949027545,0
Regression logistique,0.46554045136300953,1
Regression logistique,0.575098080231364,0
Regression logistique,0.5470791091551828,1
Regression logistique,0.999998425285166,1
Regression logistique,0.999999795159676,1
Regression logistique,0.53234940503175,0
Regression logistique,0.999999741033244,1
Regression logistique,0.4349126429826889,0
Regression logistique,0.5397733388150053,1
Regression logistique,0.4710473300405645,1
Regression logistique,0.4381959188475701,0
Regression logistique,0.9999987043676075,1
Regression logistique,0.1679776473448181,0
Regression logistique,0.5273524782116993,0
Regression logistique,0.5107883758508984,0
Regression logistique,0.5100109273551957,0
Regression logistique,0.9999984489491126,1
Regression logistique,0.4599341214004602,0
Regression logistique,0.5947175653240967,1
Regression logistique,0.002301056028738762,0
Regression logistique,0.0005516790627243896,0
Regression logistique,0.9999985380352309,1
Regression logistique,0.6407850907305931,0
Regression logistique,0.9999986112663705,1
Regression logistique,0.49220792427748317,0
Regression logistique,0.24580976804722096,0
Regression logistique,0.5929015084229371,0
Regression logistique,0.4525710106600262,0
Regression logistique,0.5911085831438259,0
Regression logistique,0.9999987036279087,1
Regression logistique,0.6576556499559937,1
Regression logistique,0.002306958376775899,0
Regression logistique,0.5457076408301335,1
Regression logistique,0.5085094528991095,1
Regression logistique,0.003797214569395472,0
Regression logistique,0.567099029885071,1
Regression logistique,0.6375845758475496,0
Regression logistique,0.4961596883882447,1
Regression logistique,0.002514583094952045,0
Regression logistique,0.9999996799667409,1
Regression logistique,0.9999997881204135,1
Regression logistique,0.9999986897108688,1
Regression logistique,0.3255551487005214,1
Regression logistique,0.9999987819251619,1
Regression logistique,0.6001068210351876,0
Regression logistique,0.9999984913785405,1
Regression logistique,0.9999997727009656,1
Regression logistique,0.6450851607593029,0
Regression logistique,0.5732746730048497,0
Regression logistique,0.999998567485129,1
Regression logistique,0.608514989142373,1
Regression logistique,0.0018492254746007109,0
Regression logistique,0.4187983036285305,0
Regression logistique,0.0021408828739308415,0
Regression logistique,0.5923591521931174,0
Regression logistique,0.0026908103334067385,0
Regression logistique,0.6114500851352077,1
Regression logistique,0.0019088125918717202,0
Regression logistique,0.004287564830669201,0
Regression logistique,0.5743930493063027,0
Regression logistique,0.5921200483967911,0
Regression logistique,0.5612398048854375,1
Regression logistique,0.002158517938090415,0
Regression logistique,0.9999982328272242,1
Regression logistique,0.6344230159568811,1
Regression logistique,0.003233302246889479,0
Regression logistique,0.44000111224107286,0
Regression logistique,0.3399545699518501,1
Regression logistique,0.6022420302990437,1
Regression logistique,0.9999997307563252,1
Regression logistique,0.9999987119389322,1
Regression logistique,0.003258853237466922,0
Regression logistique,0.5227302847837249,0
Regression logistique,0.49565557761928075,1
Regression logistique,0.5797271378785721,0
Regression logistique,0.5212858059995915,0
Regression logistique,0.5112754688485934,0
Regression logistique,0.282773422678994,0
Regression logistique,0.4926087798023907,0
Regression logistique,0.5380156348829925,1
Regression logistique,0.5056372777747566,0
Regression logistique,0.47858979723373696,0
Regression logistique,0.9999998166594947,1
Regression logistique,0.5307747780254876,0
Regression logistique,0.29962619183516004,0
Regression logistique,0.9999996259239643,1
Regression logistique,0.0023794328654422824,0
Regression logistique,0.5423783623644584,1
Regression logistique,0.5387390366078552,0
Regression logistique,0.4706556070231894,0
Regression logistique,0.999998376123,1
Regression logistique,0.5888139631494813,0
Regression logistique,0.999998140727906,1
Regression logistique,0.0005365903469961682,0
Regression logistique,0.9999996421667933,1
Regression logistique,0.9999986914138275,1
Regression logistique,0.43865454680192734,0
Regression logistique,0.9999980680167118,1
Regression logistique,0.5390077322931166,0
Regression logistique,0.999999765404185,1
Regression logistique,0.999998919242283,1
Regression logistique,0.000663890071745353,0
Regression logistique,0.5382209568989004,1
Regression logistique,0.9984615886509276,1
Regression logistique,0.5667491891302677,0
Regression logistique,0.9999986279677704,1
Regression logistique,0.5153770213937933,0
Regression logistique,0.5832097577153663,1
Regression logistique,0.35313640200393126,1
Regression logistique,0.9999980394087197,1
Regression logistique,0.499827387787914,0
Regression logistique,0.5649403842755458,0
Regression logistique,0.003231374145664117,0
Regression logistique,0.9999997424961747,1
Regression logistique,0.5844232992682618,0
Regression logistique,0.5576318452647632,1
Regression logistique,0.5278934110013478,1
Regression logistique,0.5425145612043882,1
Regression logistique,0.003080390340479617,0
Regression logistique,0.5963067445861712,1
Regression logistique,0.0027150644847246538,0
Regression logistique,0.4940557337474783,1
Regression logistique,0.5521635648465016,0
Regression logistique,0.5363810312282125,0
Regression logistique,0.5696967476540039,1
Regression logistique,0.0019663882702836873,0
Regression logistique,0.46568935328943595,0
Regression logistique,0.45129906336815917,0
Regression logistique,0.5475645783385518,0
Regression logistique,0.6031344052835401,0
Regression logistique,0.5569904030420226,1
Regression logistique,0.9999996135247865,1
Regression logistique,0.4116533795256057,1
Regression logistique,0.6020973718069462,0
Regression logistique,0.5601221421059936,1
Regression logistique,0.002021257170695182,0
Regression logistique,0.9999985036689382,1
Regression logistique,0.5102442025194027,0
Regression logistique,0.49482885559221274,0
Regression logistique,0.9999976053506742,1
Regression logistique,0.9999980649452284,1
Regression logistique,0.6430443376920881,0
Regression logistique,0.49461451599258793,1
Regression logistique,0.4609721150887672,0
Regression logistique,0.5107734528358518,0
Regression logistique,0.9999997664478061,1
Regression logistique,0.5066024981769494,1
Regression logistique,0.5356448172865798,0
Regression logistique,0.002050178107683971,0
Regression logistique,0.6410422017343944,1
Regression logistique,0.6142977611519543,1
Regression logistique,0.9999973378925661,1
Regression logistique,0.9999986683336964,1
Regression logistique,0.5517717388781744,1
Regression logistique,0.45493028219811366,0
Regression logistique,0.3196533118195507,0
Regression logistique,0.3770883143257342,0
Regression logistique,0.9999990192998153,1
Regression logistique,0.9999988718969476,1
Regression logistique,0.4356898714136967,1
Regression logistique,0.0006843791505442494,0
Regression logistique,0.4418285649185353,0
Regression logistique,0.9999980741816996,1
Regression logistique,0.4668511818862103,0
Regression logistique,0.0005905512191160784,0
Regression logistique,0.3921355590324803,0
Regression logistique,0.5804198108762345,1
Regression logistique,0.5446431935901354,1
Regression logistique,0.56021464684923,1
Regression logistique,0.600484321413354,1
Regression logistique,0.5984525326605535,0
Regression logistique,0.9999983864314707,1
Regression logistique,0.556766251774798,0
Regression logistique,0.004474364649994338,0
Regression logistique,0.9999981684983879,1
Regression logistique,0.525403659940431,0
Regression logistique,0.9999997677521384,1
Regression logistique,0.9999998093734109,1
Regression logistique,0.5761232039408799,0
Regression logistique,0.9999979390847359,1
Regression logistique,0.9999986212089783,1
Regression logistique,0.9999996205663281,1
Regression logistique,0.41895946136491496,0
Regression logistique,0.4268212518760568,0
Regression logistique,0.0002668618826571238,0
Regression logistique,0.4876081408671706,1
Regression logistique,0.5544279484225557,0
Regression logistique,0.5533379467899594,1
Regression logistique,0.6370032353608982,0
Regression logistique,0.9999996872772315,1
Regression logistique,0.2949059730315609,0
Regression logistique,0.004560910681702821,0
Regression logistique,0.0022869631025136073,0
Regression logistique,0.5620014976571924,0
Regression logistique,0.530499942883595,1
Regression logistique,0.001599447418816432,0
Regression logistique,0.0015152109398956972,0
Regression logistique,0.49002481459973696,0
Regression logistique,0.49166893907594866,0
Regression logistique,0.5904508791269432,1
Regression logistique,0.0035629591997970757,0
Regression logistique,0.0020600147988792524,0
Regression logistique,0.6001055776952446,1
Regression logistique,0.004747185211394432,0
Regression logistique,0.5630741241619849,1
Regression logistique,0.5153942514307266,0
Regression logistique,0.9999984901957162,1
Regression logistique,0.5967021437760637,0
Regression logistique,0.5683012816073272,0
Regression logistique,0.5798891133575707,1
Regression logistique,0.002640036441071672,0
Regression logistique,0.5847960018034641,1
Regression logistique,0.4820040963204096,1
Regression logistique,0.572398511216402,1
Regression logistique,0.0033986813404145305,0
Regression logistique,0.5220869146328787,1
Regression logistique,0.9999988768406138,1
Regression logistique,0.0022161843729519935,0
Regression logistique,0.0017920707571131306,0
Regression logistique,0.536591554298333,1
Regression logistique,0.9999986719692644,1
Regression logistique,0.4939722916933796,1
Regression logistique,0.9999996990855307,1
Regression logistique,0.5315579121107499,0
Regression logistique,0.0016079717777254979,0
Regression logistique,0.2579702981018583,0
Regression logistique,0.9999988853101585,1
Regression logistique,0.0018013383344260422,0
Regression logistique,0.0033328759972444007,0
Regression logistique,0.6322655015064269,1
Regression logistique,0.003126445837815031,0
Regression logistique,0.9999988247529362,1
Regression logistique,0.0038424535547845213,0
Regression logistique,0.9999977277755838,1
Regression logistique,0.5440856902918831,1
Regression logistique,0.9999989130442641,1
Regression logistique,0.9999983679085743,1
Regression logistique,0.27118000606668624,0
Regression logistique,0.9999986554063454,1
Regression logistique,0.47884635465567277,0
Regression logistique,0.44636681376991916,1
Regression logistique,0.9999989343292975,1
Regression logistique,0.37487028138524275,1
Regression logistique,0.9999985616442263,1
Regression logistique,0.0006729158069893882,0
Regression logistique,0.6470199250142653,1
Regression logistique,0.001657724335879349,0
Regression logistique,0.9999981871679963,1
Regression logistique,0.5093042590211551,0
Regression logistique,0.656362036024436,1
Regression logistique,0.5098409807635752,1
Regression logistique,0.5700779811439008,0
Regression logistique,0.5040959721860157,1
Regression logistique,0.5637855480899845,1
Regression logistique,0.5849376002085117,1
Regression logistique,0.0008164343605735024,0
Regression logistique,0.5821433118790272,0
Regression logistique,0.5936607816139746,1
Regression logistique,0.0023570291590886113,0
Regression logistique,0.5206725930848499,1
Regression logistique,0.9999989121336783,1
Regression logistique,0.002418066778054924,0
Regression logistique,0.6046458395093409,0
Regression logistique,0.5455839587651558,1
Regression logistique,0.9999987729837315,1
Regression logistique,0.40263968098342595,0
Regression logistique,0.610172459589944,0
Regression logistique,0.0002039346326008727,0
Regression logistique,0.0020094384098745845,0
Regression logistique,0.9999997343698384,1
Regression logistique,0.00310673030763771,0
Regression logistique,0.9999985567428933,1
Regression logistique,0.0039442637197960335,0
Regression logistique,0.9999988975694466,1
Regression logistique,0.42358462267932945,0
Regression logistique,0.39477473151085046,1
Regression logistique,0.5643964810180995,1
Regression logistique,0.332647938853058,1
Regression logistique,0.5960300601899001,1
Regression logistique,0.0020358458313769964,0
Regression logistique,0.004013220481154126,0
Regression logistique,0.0007063105648502639,0
Regression logistique,0.0006224210893836107,0
Regression logistique,0.99999976789971,1
Regression logistique,0.28631093994263845,0
Regression logistique,0.004066698286513743,0
Regression logistique,0.5677486611096715,0
Regression logistique,0.5819311334280103,0
Regression logistique,0.43279806630626994,1
Regression logistique,0.0015492699278707213,0
Regression logistique,0.9999997095796627,1
Regression logistique,0.0002811476391016758,0
Regression logistique,0.9999996377906724,1
Regression logistique,0.9999986359403602,1
Regression logistique,0.9999997740033273,1
Regression logistique,0.6111634787165109,0
Regression logistique,0.0019491209672964534,0
Regression logistique,0.30934724836843924,0
Regression logistique,0.0019269698509531787,0
Regression logistique,0.00435556450929689,0
Regression logistique,0.0033138931475618126,0
Regression logistique,0.0005386107937823606,0
Regression logistique,0.5867497675898146,1
Regression logistique,0.5393249799434259,0
Regression logistique,0.5383421967389435,0
Regression logistique,0.001980020078076202,0
Regression logistique,0.9999996979463852,1
Regression logistique,0.310907069222794,0
Regression logistique,0.29425621206120456,0
Regression logistique,0.5187886030769753,1
Regression logistique,0.9999997946945041,1
Regression logistique,0.3204680832944806,0
Regression logistique,0.0008805057779165548,0
Regression logistique,0.0019225127646093762,0
Regression logistique,0.5319332727178034,0
Regression logistique,0.4557864255666465,1
Regression logistique,0.28192111662302305,0
Regression logistique,0.9999987147995015,1
Regression logistique,0.002013001041595162,0
Regression logistique,0.6254834588772015,0
Regression logistique,0.0005988078634288046,0
Regression logistique,0.000612664416187498,0
Regression logistique,0.0007294341653112353,0
Regression logistique,0.9999984961472723,1
Regression logistique,0.5440836318971218,0
Regression logistique,0.6174260773754399,0
Regression logistique,0.5090623313926014,1
Regression logistique,0.5869207603621855,1
Regression logistique,0.42822321312527084,1
Regression logistique,0.3389506490072661,0
Regression logistique,0.9999988752477135,1
Regression logistique,0.5811889145397952,1
Regression logistique,0.00259526715118829,0
Regression logistique,0.9999987460375056,1
Regression logistique,0.5616773036425329,1
Regression logistique,0.49172561504059764,1
Regression logistique,0.999999690092808,1
Regression logistique,0.5257672765349072,0
Regression logistique,0.4774082993003084,0
Regression logistique,0.003267695766801573,0
Regression logistique,0.5850048645099357,0
Regression logistique,0.5961155072177228,0
Regression logistique,0.999999581505688,1
Regression logistique,0.000613986241528327,0
Regression logistique,0.38693723563478893,1
Regression logistique,0.999998746787699,1
Regression logistique,0.5027381072331006,0
Regression logistique,0.5912471167839803,0
Regression logistique,0.004301154410982217,0
Regression logistique,0.5651722754701497,1
Regression logistique,0.2781093288913764,0
Regression logistique,0.9999987321124749,1
Regression logistique,0.5730827980142964,0
Regression logistique,0.49434657598494264,0
Regression logistique,0.002299577001222642,0
Regression logistique,0.6090523628933929,1
Regression logistique,0.00403856821712513,0
Regression logistique,0.5404365634138207,1
Regression logistique,0.002047994941063022,0
Regression logistique,0.5675264145900906,0
Regression logistique,0.002265571685737833,0
Regression logistique,0.5681364356407664,1
Regression logistique,0.5947798728132777,1
Regression logistique,0.00022377112770141964,0
Regression logistique,0.44636681376991916,1
Regression logistique,0.9999998061134981,1
Regression logistique,0.0024136366197012285,0
Regression logistique,0.0022579458371516296,0
Regression logistique,0.0007298849398731283,0
Regression logistique,0.5075818360918394,1
Regression logistique,0.40530241168885434,0
Regression logistique,0.5550053912210052,1
Regression logistique,0.0020078272913631287,0
Regression logistique,0.9999978567709065,1
Regression logistique,0.621306888707213,1
Regression logistique,0.5256218627718537,1
Regression logistique,0.001766456353939578,0
Regression logistique,0.535660910125943,0
Regression logistique,0.001825461828225019,0
Regression logistique,0.3954529471054572,1
Regression logistique,0.5586560593020371,1
Regression logistique,0.999998247102243,1
Regression logistique,0.6045064186343327,0
Regression logistique,0.0030735037908207734,0
Regression logistique,0.9999987471725251,1
Regression logistique,0.999999737712217,1
Regression logistique,0.48437132579760905,0
Regression logistique,0.0019814196740434117,0
Regression logistique,0.9999980138865396,1
Regression logistique,0.4619186339332223,0
Regression logistique,0.5185244457277127,0
Regression logistique,0.004072777452448151,0
Regression logistique,0.0045498212867853514,0
Regression logistique,0.5857994074831184,1
Regression logistique,0.6113085974466305,1
Regression logistique,0.9999997269133503,1
Regression logistique,0.0034688643462673463,0
Regression logistique,0.9999980599704855,1
Regression logistique,0.6580132137509527,1
Regression logistique,0.9999997783937116,1
Regression logistique,0.002424623314391209,0
Regression logistique,0.5530859941344433,0
Regression logistique,0.41137405534794386,0
Regression logistique,0.9999996717395258,1
Regression logistique,0.0017025395228005712,0
Regression logistique,0.9999983909455699,1
Regression logistique,0.9999997254320708,1
Regression logistique,0.4507715823757549,0
Regression logistique,0.44194785070720666,0
Regression logistique,0.0019536419057195106,0
Regression logistique,0.5971612337668668,0
Regression logistique,0.002079584717476815,0
Regression logistique,0.0021472208834662264,0
Regression logistique,0.3039800655275477,0
Regression logistique,0.9999983997573768,1
Regression logistique,0.4508641622758638,0
Regression logistique,0.0008289375698415853,0
Regression logistique,0.0015789829273110342,0
Regression logistique,0.3998572927865088,1
Regression logistique,0.002285022268880004,0
Regression logistique,0.9999989097894808,1
Regression logistique,0.41189558234410834,1
Regression logistique,0.42888198302260216,1
Regression logistique,0.6040610952053705,1
Regression logistique,0.31031242371812656,0
Regression logistique,0.4783337943865946,0
Regression logistique,0.0018808203749784837,0
Regression logistique,0.5794825764462667,1
Regression logistique,0.9999997562523947,1
Regression logistique,0.5307747780254876,1
Regression logistique,0.33889629008282013,1
Regression logistique,0.556223458605152,0
Regression logistique,0.5379995532659344,0
Regression logistique,0.0019943352056934665,0
Regression logistique,0.646430774261863,1
Regression logistique,0.9999987926595504,1
Regression logistique,0.6109346980824181,0
Regression logistique,0.5508480851491436,1
Regression logistique,0.428842582742569,0
Regression logistique,0.5845043921216038,0
Regression logistique,0.002345298921773055,0
Regression logistique,0.5094540455020035,1
Regression logistique,0.9999996725338052,1
Regression logistique,0.5620738032402741,0
Regression logistique,0.999997412540013,1
Regression logistique,0.6280756417295111,1
Regression logistique,0.0022498633752309734,0
Regression logistique,0.9999988486683524,1
Regression logistique,0.527772134411179,0
Foret aleatoire,0.5052284125014611,1
Foret aleatoire,0.9943364866289623,1
Foret aleatoire,0.01831161277412484,0
Foret aleatoire,1.0,1
Foret aleatoire,1.0,1
Foret aleatoire,0.0006795342188337516,0
Foret aleatoire,0.00156842613426863,0
Foret aleatoire,0.5936753619801963,1
Foret aleatoire,1.0,1
Foret aleatoire,0.9997380374836954,1
Foret aleatoire,0.9987752138557398,1
Foret aleatoire,0.00035162666051926354,0
Foret aleatoire,0.41135555590987777,1
Foret aleatoire,0.4568949809737711,1
Foret aleatoire,0.41369422491404495,0
Foret aleatoire,0.618934024830788,1
Foret aleatoire,0.5208967809721391,1
Foret aleatoire,0.0,0
Foret aleatoire,0.5004052579521286,0
Foret aleatoire,1.0,1
Foret aleatoire,0.0038153868262740427,0
Foret aleatoire,0.6919807445500464,0
Foret aleatoire,0.7187386172192238,1
Foret aleatoire,0.5184572443910411,1
Foret aleatoire,0.9997319729257284,1
Foret aleatoire,0.40381925368269433,1
Foret aleatoire,1.0,1
Foret aleatoire,0.002826780689821271,0
Foret aleatoire,1.0,1
Foret aleatoire,1.0,1
Foret aleatoire,0.0003474322406799581,0
Foret aleatoire,0.01722017586203888,0
Foret aleatoire,0.0009375060406317051,0
Foret aleatoire,0.5803570711207763,0
Foret aleatoire,0.6752646786957789,1
Foret aleatoire,0.9972173353689111,1
Foret aleatoire,0.9982438521460211,1
Foret aleatoire,0.529608422308635,1
Foret aleatoire,0.9992868447906037,1
Foret aleatoire,0.44268181020426456,1
Foret aleatoire,0.004449652523484154,0
Foret aleatoire,0.6018953697257862,1
Foret aleatoire,0.2126317111144064,0
Foret aleatoire,0.2758024075762404,0
Foret aleatoire,0.41248646472011663,0
Foret aleatoire,0.6122775677907776,1
Foret aleatoire,0.0,0
Foret aleatoire,0.9994133088501527,1
Foret aleatoire,0.0005821975031628195,0
Foret aleatoire,0.49051139110411557,1
Foret aleatoire,0.9989408388321432,1
Foret aleatoire,0.9991587025451554,1
Foret aleatoire,0.0,0
Foret aleatoire,0.5975362686294895,1
Foret aleatoire,0.0015963659283144871,0
Foret aleatoire,0.0007561249381447636,0
Foret aleatoire,0.32866949693018327,0
Foret aleatoire,0.5323525241590391,1
Foret aleatoire,0.0017142154246474217,0
Foret aleatoire,0.9996916918230738,1
Foret aleatoire,1.0,1
Foret aleatoire,0.5581023463404671,1
Foret aleatoire,0.6414407608529145,1
Foret aleatoire,0.3255462953089078,0
Foret aleatoire,0.7520436875360893,0
Foret aleatoire,0.0,0
Foret aleatoire,0.999312037479112,1
Foret aleatoire,0.0012551930848455242,0
Foret aleatoire,0.43420389818093186,0
Foret aleatoire,0.4228231946532178,0
Foret aleatoire,0.0011490893120181217,0
Foret aleatoire,1.0,1
Foret aleatoire,0.9984808461389179,1
Foret aleatoire,0.00023466723815461347,0
Foret aleatoire,0.9981579442265327,1
Foret aleatoire,0.9992566554875182,1
Foret aleatoire,0.004196387121067948,0
Foret aleatoire,0.2719808179801926,0
Foret aleatoire,0.46508123855267614,0
Foret aleatoire,1.0,1
Foret aleatoire,0.48832506980721596,1
Foret aleatoire,0.0,0
Foret aleatoire,0.5091787071646001,1
Foret aleatoire,0.9955215976301823,1
Foret aleatoire,0.5952082352828558,1
Foret aleatoire,1.0,1
Foret aleatoire,0.003942080146066375,0
Foret aleatoire,0.5644226308738932,0
Foret aleatoire,0.34228978093691437,0
Foret aleatoire,1.0,1
Foret aleatoire,0.00030688264643564977,0
Foret aleatoire,0.41804180413865794,0
Foret aleatoire,0.5044036025209784,1
Foret aleatoire,1.0,1
Foret aleatoire,0.40740984645595796,0
Foret aleatoire,0.6016077186626859,1
Foret aleatoire,0.4350736223827522,0
Foret aleatoire,0.6247494573292652,0
Foret aleatoire,0.11668105411265337,0
Foret aleatoire,1.0,1
Foret aleatoire,0.7001912332287294,1
Foret aleatoire,0.5210154881469392,1
Foret aleatoire,1.0,1
Foret aleatoire,0.17537943425106067,1
Foret aleatoire,0.6249057395039205,1
Foret aleatoire,0.0005232957964411587,0
Foret aleatoire,0.9973708942963307,1
Foret aleatoire,0.0033642097813739364,0
Foret aleatoire,0.5595360184127457,1
Foret aleatoire,0.007778973837927134,0
Foret aleatoire,0.0009784220646263822,0
Foret aleatoire,0.0044251634371379285,0
Foret aleatoire,0.6072525688888681,1
Foret aleatoire,0.4868344695272225,0
Foret aleatoire,1.0,1
Foret aleatoire,0.9997102454140797,1
Foret aleatoire,0.020080117075045967,0
Foret aleatoire,0.4543214284365422,0
Foret aleatoire,0.9942517988388082,1
Foret aleatoire,0.5735849636801205,1
Foret aleatoire,0.750438445296882,0
Foret aleatoire,0.3188640941584997,1
Foret aleatoire,0.9980227738790952,1
Foret aleatoire,0.6123201114539369,0
Foret aleatoire,0.570944389121843,0
Foret aleatoire,0.4891124508174123,0
Foret aleatoire,0.4750141833799814,1
Foret aleatoire,0.5233247453825018,0
Foret aleatoire,0.5080581707412578,0
Foret aleatoire,0.42407315249770083,0
Foret aleatoire,0.000652832109747602,0
Foret aleatoire,1.0,1
Foret aleatoire,0.9994679346542472,1
Foret aleatoire,0.004307214406973152,0
Foret aleatoire,0.0029421060257812924,0
Foret aleatoire,0.6215494813891459,1
Foret aleatoire,0.9970800761515481,1
Foret aleatoire,0.48060515429104816,0
Foret aleatoire,0.5716978283909028,1
Foret aleatoire,1.0,1
Foret aleatoire,1.0,1
Foret aleatoire,0.0056384105503884925,0
Foret aleatoire,0.5855241570872706,1
Foret aleatoire,0.9993511556213568,1
Foret aleatoire,0.9893089224989537,1
Foret aleatoire,0.6012641888187235,0
Foret aleatoire,0.0,0
Foret aleatoire,0.5741649608626553,0
Foret aleatoire,0.00011531700955423045,0
Foret aleatoire,0.40250864003784115,1
Foret aleatoire,1.0,1
Foret aleatoire,0.0006345865950380139,0
Foret aleatoire,0.15334026544075394,0
Foret aleatoire,0.6352865579253288,1
Foret aleatoire,0.48227724921878506,0
Foret aleatoire,0.4799753612588393,0
Foret aleatoire,0.47341872022414394,1
Foret aleatoire,0.9990671702076096,1
Foret aleatoire,0.5848658245603091,1
Foret aleatoire,0.002169915268726186,0
Foret aleatoire,0.5316375566036793,1
Foret aleatoire,0.452300539697588,0
Foret aleatoire,0.45574966319105814,0
Foret aleatoire,0.6205865710443721,1
Foret aleatoire,0.48461335610483103,0
Foret aleatoire,0.3348962004289824,0
Foret aleatoire,0.42200806579463773,0
Foret aleatoire,0.998825560116722,1
Foret aleatoire,1.0,1
Foret aleatoire,0.6627765404810774,1
Foret aleatoire,0.4450312604287577,0
Foret aleatoire,0.452814027927337,0
Foret aleatoire,0.005994091137512297,0
Foret aleatoire,0.0015963659283144871,0
Foret aleatoire,0.002752687342008046,0
Foret aleatoire,0.011633129613982557,0
Foret aleatoire,0.4213756624440037,1
Foret aleatoire,0.6231587331612801,1
Foret aleatoire,0.007072803205506109,0
Foret aleatoire,0.5625802066386403,0
Foret aleatoire,0.5396756815120365,1
Foret aleatoire,0.551003761359889,0
Foret aleatoire,0.4854316050796752,1
Foret aleatoire,0.367888088676225,0
Foret aleatoire,0.4875829563684133,1
Foret aleatoire,0.449117080741956,0
Foret aleatoire,0.0017602594396489367,0
Foret aleatoire,0.4700790488399976,0
Foret aleatoire,0.5644708547234781,0
Foret aleatoire,0.009362843162284357,0
Foret aleatoire,1.0,1
Foret aleatoire,0.404802862537987,1
Foret aleatoire,0.6813513930574356,1
Foret aleatoire,0.7311208629864535,0
Foret aleatoire,0.3849820454046889,0
Foret aleatoire,0.9992566554875182,1
Foret aleatoire,0.9989287718641848,1
Foret aleatoire,0.9979767168851497,1
Foret aleatoire,0.005334242460847951,0
Foret aleatoire,0.6695650272022837,1
Foret aleatoire,0.015243955736728048,0
Foret aleatoire,1.0,1
Foret aleatoire,0.003074243938954951,0
Foret aleatoire,0.0,0
Foret aleatoire,0.006323960380642582,0
Foret aleatoire,0.0,0
Foret aleatoire,0.5378786183431636,0
Foret aleatoire,0.42011097741549774,0
Foret aleatoire,0.9952246017014127,1
Foret aleatoire,0.010311169934072667,0
Foret aleatoire,0.13644426574188187,0
Foret aleatoire,0.5698273782941956,0
Foret aleatoire,1.0,1
Foret aleatoire,0.6063602471896921,0
Foret aleatoire,0.9996070556262686,1
Foret aleatoire,1.0,1
Foret aleatoire,0.99902977762631,1
Foret aleatoire,0.5129233687360074,0
Foret aleatoire,1.0,1
Foret aleatoire,0.48527977616829543,1
Foret aleatoire,0.6189228663415648,1
Foret aleatoire,0.9993511556213568,1
Foret aleatoire,1.0,1
Foret aleatoire,0.5201044889428029,1
Foret aleatoire,0.5627679723594492,0
Foret aleatoire,0.33043783347458183,0
Foret aleatoire,0.02572877497182886,0
Foret aleatoire,0.5101455452596916,0
Foret aleatoire,0.998825560116722,1
Foret aleatoire,0.46586421325365657,1
Foret aleatoire,0.0006345865950380139,0
Foret aleatoire,0.999291364363969,1
Foret aleatoire,0.0030378194947853388,0
Foret aleatoire,0.6786961108571322,0
Foret aleatoire,0.0,0
Foret aleatoire,0.015764243721935144,0
Foret aleatoire,0.5074726523527149,1
Foret aleatoire,1.0,1
Foret aleatoire,0.48394189886084654,1
Foret aleatoire,0.5143310136345428,0
Foret aleatoire,0.006765561146736087,0
Foret aleatoire,0.9980442089130996,1
Foret aleatoire,0.000992942908339521,0
Foret aleatoire,0.003074243938954951,0
Foret aleatoire,0.3877303750173464,1
Foret aleatoire,0.9994073997197862,1
Foret aleatoire,0.011608958557551589,0
Foret aleatoire,0.4025537423589335,0
Foret aleatoire,0.5523517378472872,1
Foret aleatoire,0.005299914638540129,0
Foret aleatoire,0.38316610424169567,1
Foret aleatoire,0.9980662770369862,1
Foret aleatoire,0.9992566554875182,1
Foret aleatoire,0.3471017574579134,0
Foret aleatoire,0.6481521927016038,1
Foret aleatoire,0.6306558360732791,1
Foret aleatoire,0.0012468663423935967,0
Foret aleatoire,0.3327617424937149,0
Foret aleatoire,0.0035491317763830933,0
Foret aleatoire,0.997139486337735,1
Foret aleatoire,0.9984908456676564,1
Foret aleatoire,0.9946702939193642,1
Foret aleatoire,0.9966027059479048,1
Foret aleatoire,0.0020470096008663014,0
Foret aleatoire,0.50280061840799,1
Foret aleatoire,0.4467856169819586,1
Foret aleatoire,1.0,1
Foret aleatoire,1.0,1
Foret aleatoire,0.549259701942619,1
Foret aleatoire,0.40149315206020625,0
Foret aleatoire,0.2556420204883777,0
Foret aleatoire,1.0,1
Foret aleatoire,0.4867127153463502,1
Foret aleatoire,0.3714276111180551,1
Foret aleatoire,0.9991587025451554,1
Foret aleatoire,0.5340025216435872,1
Foret aleatoire,0.004298759311625085,0
Foret aleatoire,0.5890898316448211,0
Foret aleatoire,0.002727547990565158,0
Foret aleatoire,0.6475718895339319,1
Foret aleatoire,0.003450931017773553,0
Foret aleatoire,0.9919815537645943,1
Foret aleatoire,0.6430041823719764,1
Foret aleatoire,0.000722248298521474,0
Foret aleatoire,0.21198807185552987,0
Foret aleatoire,0.9990963659283145,1
Foret aleatoire,0.6224553669205166,0
Foret aleatoire,0.9965963659283145,1
Foret aleatoire,1.0,1
Foret aleatoire,0.5019068015414148,0
Foret aleatoire,0.01347579893260692,0
Foret aleatoire,0.008956904299720948,0
Foret aleatoire,0.5592522324847861,0
Foret aleatoire,0.12979762078041948,0
Foret aleatoire,0.0003720758887456254,0
Foret aleatoire,1.0,1
Foret aleatoire,0.3499234009296781,0
Foret aleatoire,0.548322307427727,0
Foret aleatoire,0.5916663775287286,1
Foret aleatoire,0.5761664103069191,0
Foret aleatoire,0.002782190422640421,0
Foret aleatoire,0.5554146172021648,1
Foret aleatoire,0.5579679878896764,1
Foret aleatoire,0.0012094200454767648,0
Foret aleatoire,0.00035593447040814817,0
Foret aleatoire,0.45725590149597545,1
Foret aleatoire,0.5273416719317957,1
Foret aleatoire,0.9983976586612073,1
Foret aleatoire,0.4561339906021206,1
Foret aleatoire,0.0072535346825674816,0
Foret aleatoire,1.0,1
Foret aleatoire,0.3829227376590614,1
Foret aleatoire,0.1980878433189713,0
Foret aleatoire,0.4214627661482107,1
Foret aleatoire,0.0008480177512707773,0
Foret aleatoire,0.005754243057118271,0
Foret aleatoire,0.004485619996171396,0
Foret aleatoire,0.0014061561798818058,0
Foret aleatoire,0.5304808548391245,1
Foret aleatoire,0.0008280852735728214,0
Foret aleatoire,0.6483247841386414,1
Foret aleatoire,0.520375817918318,0
Foret aleatoire,0.48904435944514285,0
Foret aleatoire,0.5211534029060936,1
Foret aleatoire,0.9975,1
Foret aleatoire,1.0,1
Foret aleatoire,0.3768774549969991,0
Foret aleatoire,0.0008273853486746477,0
Foret aleatoire,0.6403080052310771,1
Foret aleatoire,0.43572790848377396,1
Foret aleatoire,0.006911270272542871,0
Foret aleatoire,0.00030688264643564977,0
Foret aleatoire,1.0,1
Foret aleatoire,0.0013465311621262402,0
Foret aleatoire,0.5634547002187336,0
Foret aleatoire,0.0014186333730424139,0
Foret aleatoire,0.6201171798052982,1
Foret aleatoire,0.9995528695718537,1
Foret aleatoire,0.002470240878612514,0
Foret aleatoire,0.9999150650823936,1
Foret aleatoire,1.0,1
Foret aleatoire,0.29614895112145506,0
Foret aleatoire,0.0005662770369862547,0
Foret aleatoire,0.4799753612588393,1
Foret aleatoire,0.0,0
Foret aleatoire,0.0008253745968548694,0
Foret aleatoire,0.1598145361017983,0
Foret aleatoire,0.002191388924372306,0
Foret aleatoire,0.0053270918548853075,0
Foret aleatoire,0.9991587025451554,1
Foret aleatoire,0.0029421060257812924,0
Foret aleatoire,0.0,0
Foret aleatoire,0.41355295157054967,0
Foret aleatoire,0.996450079137243,1
Foret aleatoire,0.0,0
Foret aleatoire,0.5054262750952531,1
Foret aleatoire,0.6130803044854691,1
Foret aleatoire,0.6590325416165738,1
Foret aleatoire,0.45781125467656375,1
Foret aleatoire,0.5887132417268237,0
Foret aleatoire,0.5477174730794188,1
Foret aleatoire,0.5270839897484624,0
Foret aleatoire,0.2289611665671484,0
Foret aleatoire,0.9975,1
Foret aleatoire,1.0,1
Foret aleatoire,0.6131244656888819,1
Foret aleatoire,0.47550272918172776,1
Foret aleatoire,0.6124672173239744,0
Foret aleatoire,0.0019918036028888065,0
Foret aleatoire,0.4341030722859828,1
Foret aleatoire,0.41717179778593516,0
Foret aleatoire,0.44366210320187865,0
Foret aleatoire,0.43913006403787685,0
Foret aleatoire,0.5253696788580293,0
Foret aleatoire,0.001178740614224485,0
Foret aleatoire,0.00579676577673645,0
Foret aleatoire,0.00732738770523336,0
Foret aleatoire,0.4954128540042443,1
Foret aleatoire,0.30552684293027815,1
Foret aleatoire,0.0014181449309856441,0
Foret aleatoire,0.6471404499730017,1
Foret aleatoire,0.49492869340586465,1
Foret aleatoire,0.001224805980323621,0
Foret aleatoire,0.0019504147984963605,0
Foret aleatoire,0.5326611598771533,0
Foret aleatoire,0.0027882049748105264,0
Foret aleatoire,1.0,1
Foret aleatoire,0.5201044889428029,0
Foret aleatoire,0.4095393791597357,0
Foret aleatoire,0.0027058522141153664,0
Foret aleatoire,0.5319988130747693,1
Foret aleatoire,0.9982222482985215,1
Foret aleatoire,0.00244036089560843,0
Foret aleatoire,0.5523431701174237,0
Foret aleatoire,1.0,1
Foret aleatoire,0.5819242322662056,0
Foret aleatoire,1.0,1
Foret aleatoire,1.0,1
Foret aleatoire,0.6199798926499581,1
Foret aleatoire,0.015038185087366986,0
Foret aleatoire,0.4213942606784871,0
Foret aleatoire,0.017362196419887566,0
Foret aleatoire,0.44920407786677713,1
Foret aleatoire,0.41316398894692513,1
Foret aleatoire,0.004975172918032641,0
Foret aleatoire,0.01837312799883075,0
Foret aleatoire,0.588452290652069,1
Foret aleatoire,0.39760415349734246,0
Foret aleatoire,0.00363207887903238,0
Foret aleatoire,1.0,1
Foret aleatoire,0.31297095809081515,0
Foret aleatoire,0.9994574938693082,1
Foret aleatoire,0.5679174023708687,0
Foret aleatoire,0.4772384474847378,0
Foret aleatoire,1.0,1
Foret aleatoire,0.9988519353760438,1
Foret aleatoire,1.0,1
Foret aleatoire,0.5314274963062576,0
Foret aleatoire,0.001752491088846736,0
Foret aleatoire,0.4297051939459331,0
Foret aleatoire,0.5153078770494317,1
Foret aleatoire,0.6031161947077986,0
Foret aleatoire,1.0,1
Foret aleatoire,0.005465255502713345,0
Foret aleatoire,0.0011124660936217042,0
Foret aleatoire,0.9991369584623274,1
Foret aleatoire,0.3898497725423683,0
Foret aleatoire,0.44370959927906833,0
Foret aleatoire,0.5388660835368786,1
Foret aleatoire,0.2596343415967997,0
Foret aleatoire,0.6349026877826525,0
Foret aleatoire,0.0035211098527178327,0
Foret aleatoire,1.993247769795596e-05,0
Foret aleatoire,0.9991587025451554,1
Foret aleatoire,0.011326660334882206,0
Foret aleatoire,0.9948301199768969,1
Foret aleatoire,0.0015267693922920822,0
Foret aleatoire,0.005564183277962331,0
Foret aleatoire,0.4700093376375268,1
Foret aleatoire,0.45944794732859023,0
Foret aleatoire,0.5677353368788358,0
Foret aleatoire,0.0007187819623761,0
Foret aleatoire,0.4473725088348906,1
Foret aleatoire,0.0006974504249291787,0
Foret aleatoire,0.27079603478278413,0
Foret aleatoire,1.0,1
Foret aleatoire,0.0010991534523198412,0
Foret aleatoire,0.36524706854194067,0
Foret aleatoire,1.0,1
Foret aleatoire,1.0,1
Foret aleatoire,0.001201558862947027,0
Foret aleatoire,1.0,1
Foret aleatoire,0.628932188028219,1
Foret aleatoire,0.9983557694814041,1
Foret aleatoire,0.503775320390034,1
Foret aleatoire,0.0018225298556235519,0
Foret aleatoire,0.004012916413501388,0
Foret aleatoire,0.0017349402856261084,0
Foret aleatoire,0.0026305361464190346,0
Foret aleatoire,0.0,0
Foret aleatoire,0.9994574938693082,1
Foret aleatoire,0.006127991769382234,0
Foret aleatoire,0.5857193682648755,0
Foret aleatoire,0.33509430371392424,1
Foret aleatoire,0.9993511556213568,1
Foret aleatoire,0.0012223970890743938,0
Foret aleatoire,1.0,1
Foret aleatoire,0.4165697801727014,0
Foret aleatoire,0.38560109437593837,0
Foret aleatoire,0.007519533472703704,0
Foret aleatoire,0.004617004493989918,0
Foret aleatoire,0.9993511556213568,1
Foret aleatoire,0.23967386359246678,1
Foret aleatoire,0.6803904533259115,1
Foret aleatoire,0.4012178537012001,0
Foret aleatoire,0.0071185834704207696,0
Foret aleatoire,1.0,1
Foret aleatoire,0.9933726599644166,1
Foret aleatoire,0.000652045366003446,0
Foret aleatoire,0.003599832719223265,0
Foret aleatoire,0.004257319829422859,0
Foret aleatoire,1.0,1
Foret aleatoire,0.00358683464297743,0
Foret aleatoire,1.0,1
Foret aleatoire,0.0034355172789002795,0
Foret aleatoire,0.5645543702556638,0
Foret aleatoire,0.9999150650823936,1
Foret aleatoire,0.0009611150765394047,0
Foret aleatoire,0.5477132309915591,1
Foret aleatoire,0.3813256438871313,1
Foret aleatoire,0.0015389054434045415,0
Foret aleatoire,1.0,1
Foret aleatoire,0.002921332272760775,0
Foret aleatoire,0.4458253726704002,1
Foret aleatoire,0.5528245351150908,1
Foret aleatoire,0.505065800423927,0
Foret aleatoire,0.9982617718652199,1
Foret aleatoire,0.4271333262456482,0
Foret aleatoire,0.007395635208836623,0
Foret aleatoire,0.5070532724595566,0
Foret aleatoire,0.5492397423167972,0
Foret aleatoire,0.005134939505136894,0
Foret aleatoire,0.01068790106649215,0
Foret aleatoire,0.0027689650081683275,0
Foret aleatoire,0.3140257221162302,1
Foret aleatoire,0.47794636879090774,1
Foret aleatoire,0.3890494479606734,0
Foret aleatoire,0.0,0
Foret aleatoire,0.005174800841101385,0
Foret aleatoire,0.4572448406559016,1
Foret aleatoire,0.15432140764918242,0
Foret aleatoire,1.0,1
Foret aleatoire,0.3076759814804663,1
Foret aleatoire,0.0010819048346250274,0
Foret aleatoire,0.5610083203895445,1
Foret aleatoire,0.410377572962372,1
Foret aleatoire,0.9992615799874681,1
Foret aleatoire,0.0017201565910492927,0
Foret aleatoire,0.44084984496382806,0
Foret aleatoire,0.45973978036968605,1
Foret aleatoire,1.0,1
Foret aleatoire,0.006175584710715824,0
Foret aleatoire,0.4781003832356588,1
Foret aleatoire,0.00039558517014590095,0
Foret aleatoire,0.9986822664551472,1
Foret aleatoire,1.0,1
Foret aleatoire,0.4074311627176798,1
Foret aleatoire,0.0013058401098320837,0
Foret aleatoire,1.0,1
Foret aleatoire,0.6623200500311777,1
Foret aleatoire,0.9999150650823936,1
Foret aleatoire,0.5848629677952829,1
Foret aleatoire,0.49557883002172587,1
Foret aleatoire,0.5798419175906452,1
Foret aleatoire,0.9966911137380534,1
Foret aleatoire,1.0,1
Foret aleatoire,0.5057961802934829,0
Foret aleatoire,0.0020799791446904654,0
Foret aleatoire,0.5923587627519851,0
Foret aleatoire,0.5127499187386221,1
Foret aleatoire,0.703266780733829,1
Foret aleatoire,0.5033876636546557,0
Foret aleatoire,0.009206914127578859,0
Foret aleatoire,0.9991033526132586,1
Foret aleatoire,0.9988952971413962,1
Foret aleatoire,0.00033722436596559795,0
Foret aleatoire,0.9991587025451554,1
Foret aleatoire,0.556169143744424,0
Foret aleatoire,0.435737787694184,0
Foret aleatoire,0.00014525718943671258,0
Foret aleatoire,0.0,0
Foret aleatoire,0.5417925264803689,1
Foret aleatoire,0.39336454314555236,0
Foret aleatoire,0.2697669576997167,0
Foret aleatoire,0.0018021758089911558,0
Foret aleatoire,0.44761032790705413,1
Foret aleatoire,7.822068460460359e-05,0
Foret aleatoire,0.43691113489979555,1
Foret aleatoire,0.4754321314521247,0
Foret aleatoire,0.004212537533588012,0
Foret aleatoire,0.5943673049526413,1
Foret aleatoire,0.0030641735938733267,0
Foret aleatoire,1.0,1
Foret aleatoire,0.9993937215745725,1
Foret aleatoire,0.6194038917379178,0
Foret aleatoire,1.0,1
Foret aleatoire,0.43472430841965215,0
Foret aleatoire,0.5616491410353907,1
Foret aleatoire,0.0012460439050940393,0
Foret aleatoire,0.0024438228335907078,0
Foret aleatoire,0.4567361339236263,0
Foret aleatoire,1.993247769795596e-05,0
Foret aleatoire,0.996702459733636,1
Foret aleatoire,0.99902977762631,1
Foret aleatoire,1.993247769795596e-05,0
Foret aleatoire,0.007567256459306973,0
Foret aleatoire,0.6315123819033053,0
Foret aleatoire,1.0,1
Foret aleatoire,0.4583102164026884,1
Foret aleatoire,1.0,1
Foret aleatoire,0.5106550558478038,0
Foret aleatoire,0.6480244294496411,1
Foret aleatoire,0.43284262034057014,1
Foret aleatoire,1.0,1
Foret aleatoire,0.5281622419532451,1
Foret aleatoire,0.5122099987231586,0
Foret aleatoire,1.0,1
Foret aleatoire,0.703186575749653,0
Foret aleatoire,0.6023714122314311,0
Foret aleatoire,0.6628861098703333,1
Foret aleatoire,0.5592861764216521,1
Foret aleatoire,0.996202090929794,1
Foret aleatoire,0.014998687444611922,0
Foret aleatoire,1.0,1
Foret aleatoire,0.9991587025451554,1
Foret aleatoire,0.7371343041786723,1
Foret aleatoire,0.49908866707751537,0
Foret aleatoire,0.0015895046828822421,0
Foret aleatoire,1.0,1
Foret aleatoire,0.3946780705100996,0
Foret aleatoire,0.02209747724961821,0
Foret aleatoire,0.005695736644441003,0
Foret aleatoire,0.0013583181481160414,0
Foret aleatoire,0.24868996857082956,0
Foret aleatoire,0.0011263346583589976,0
Foret aleatoire,0.0030754032004599134,0
Foret aleatoire,0.00814630545493768,0
Foret aleatoire,0.47642972025303754,0
Foret aleatoire,0.4278528989766865,1
Foret aleatoire,0.006583256125610955,0
Foret aleatoire,0.49770602948694453,1
Foret aleatoire,0.3535604597241969,1
Foret aleatoire,0.4900718885109068,1
Foret aleatoire,0.0,0
Foret aleatoire,0.41057952274358384,1
Foret aleatoire,0.4595557532674177,0
Foret aleatoire,0.3381025581804061,0
Foret aleatoire,0.522467804390455,1
Foret aleatoire,0.5927344225014932,1
Foret aleatoire,0.00148186112844282,0
Foret aleatoire,0.4348757139868981,1
Foret aleatoire,0.0007695499521225662,0
Foret aleatoire,0.7160313119265804,1
Foret aleatoire,0.998232200401289,1
Foret aleatoire,0.5514693845621779,1
Foret aleatoire,0.9979703148946403,1
Foret aleatoire,0.25578504101559923,0
Foret aleatoire,0.9993511556213568,1
Foret aleatoire,0.9993511556213568,1
Foret aleatoire,0.5754952084271829,0
Foret aleatoire,0.38850431890083703,1
Foret aleatoire,0.9940424203400196,1
Foret aleatoire,0.46451031234264073,1
Foret aleatoire,0.00023987116375777251,0
Foret aleatoire,0.25019765566020546,0
Foret aleatoire,0.5899244564886418,1
Foret aleatoire,0.0,0
Foret aleatoire,0.5044658187682536,1
Foret aleatoire,0.001339427992029045,0
Foret aleatoire,0.9990963659283145,1
Foret aleatoire,0.6327948780053719,1
Foret aleatoire,0.46406771448302286,1
Foret aleatoire,0.9955792815362932,1
Foret aleatoire,0.9994077821011673,1
Foret aleatoire,0.5543576929758717,1
Foret aleatoire,0.6102008251848976,0
Foret aleatoire,0.5081624869321502,0
Foret aleatoire,0.9998137889073908,1
Foret aleatoire,0.7036047809482916,1
Foret aleatoire,0.5640801040986139,1
Foret aleatoire,0.0037056112576002984,0
Foret aleatoire,0.4855339829202736,0
Foret aleatoire,0.513002431830547,1
Foret aleatoire,0.20956266484011357,0
Foret aleatoire,0.0021102112645078205,0
Foret aleatoire,0.574153817625711,1
Foret aleatoire,0.7351669575519236,0
Foret aleatoire,0.9984462408141781,1
Foret aleatoire,0.9990963659283145,1
Foret aleatoire,0.4858223017779639,0
Foret aleatoire,0.005347613731733283,0
Foret aleatoire,0.5931995197100336,1
Foret aleatoire,0.5825807527087249,1
Foret aleatoire,0.9998521064215933,1
Foret aleatoire,0.006817962809330073,0
Foret aleatoire,0.004614698200465957,0
Foret aleatoire,0.6479842085746529,1
Foret aleatoire,0.5432001630037673,0
Foret aleatoire,0.5597950344531151,1
Foret aleatoire,0.5224545935188035,0
Foret aleatoire,0.3931684925064627,1
Foret aleatoire,0.002639810414293583,0
Foret aleatoire,0.37158698277626984,1
Foret aleatoire,0.46144579320412904,0
Foret aleatoire,0.0015389054434045415,0
Foret aleatoire,0.004275996847292437,0
Foret aleatoire,0.37448093236207475,1
Foret aleatoire,0.00227693403266075,0
Foret aleatoire,0.45943134489488635,0
Foret aleatoire,0.5892490235745882,0
Foret aleatoire,0.5476749949340367,1
Foret aleatoire,0.9984602928933078,1
Foret aleatoire,0.4477041804009298,1
Foret aleatoire,0.19160927997975516,0
Foret aleatoire,0.5154165659624486,1
Foret aleatoire,0.0,0
Foret aleatoire,0.22073642562215856,0
Foret aleatoire,0.4543214284365422,1
Foret aleatoire,0.0007187819623761,0
Foret aleatoire,0.49628437735554576,0
Foret aleatoire,0.5859721248137106,1
Foret aleatoire,0.4048918697111624,1
Foret aleatoire,0.0,0
Foret aleatoire,0.9997319729257284,1
Foret aleatoire,0.001339427992029045,0
Foret aleatoire,0.479008138715278,1
Foret aleatoire,0.9908485306736406,1
Foret aleatoire,0.0023285064537070005,0
Foret aleatoire,0.9979867599803682,1
Foret aleatoire,5.327938541226121e-05,0
Foret aleatoire,0.0010819048346250274,0
Foret aleatoire,0.6580743902613443,0
Foret aleatoire,0.45844456378316517,1
Foret aleatoire,0.000843336116579642,0
Foret aleatoire,1.0,1
Foret aleatoire,0.006011439715354219,0
Foret aleatoire,1.0,1
Foret aleatoire,0.495825994499391,0
Foret aleatoire,0.6332484122582315,1
Foret aleatoire,0.007161475825755722,0
Foret aleatoire,1.0,1
Foret aleatoire,0.997126127577117,1
Foret aleatoire,0.553632609138419,0
Foret aleatoire,1.0,1
Foret aleatoire,0.46398287201713695,0
Foret aleatoire,0.9975,1
Foret aleatoire,0.0006114076303515837,0
Foret aleatoire,0.001201558862947027,0
Foret aleatoire,1.0,1
Foret aleatoire,0.5486249880442959,1
Foret aleatoire,0.0009443125228958799,0
Foret aleatoire,0.9986241638221426,1
Foret aleatoire,0.5186512943104684,0
Foret aleatoire,0.5068078385090573,0
Foret aleatoire,1.0,1
Foret aleatoire,0.4007993280806773,1
Foret aleatoire,0.9992282124302392,1
Foret aleatoire,0.14657886859335414,0
Foret aleatoire,0.6191369279358485,1
Foret aleatoire,1.0,1
Foret aleatoire,0.0018021758089911558,0
Foret aleatoire,0.3884160980757808,1
Foret aleatoire,0.38224143209949285,0
Foret aleatoire,0.5738145222685744,0
Foret aleatoire,0.9993937215745725,1
Foret aleatoire,0.3344358536982039,0
Foret aleatoire,0.002465669883163482,0
Foret aleatoire,0.437105775915956,1
Foret aleatoire,0.7386415982683175,1
Foret aleatoire,0.5613391815420578,1
Foret aleatoire,0.6378597835864448,1
Foret aleatoire,0.7385294959856625,1
Foret aleatoire,0.001372005786392843,0
Foret aleatoire,0.003164261154763792,0
Foret aleatoire,0.4143490373632415,1
Foret aleatoire,0.7421177544186558,1
Foret aleatoire,0.3615202321614426,0
Foret aleatoire,0.9990090794705977,1
Foret aleatoire,0.9978048341735447,1
Foret aleatoire,0.6320513290199831,0
Foret aleatoire,0.003195605857636988,0
Foret aleatoire,0.998280504377247,1
Foret aleatoire,0.0013394353607210697,0
Foret aleatoire,0.001339427992029045,0
Foret aleatoire,0.5213525186028987,0
Foret aleatoire,0.997206569801629,1
Foret aleatoire,1.0,1
Foret aleatoire,0.5203764336756661,0
Foret aleatoire,0.002300875190046509,0
Foret aleatoire,0.9993974017843168,1
Foret aleatoire,0.998549376194091,1
Foret aleatoire,0.002461342177688534,0
Foret aleatoire,0.0,0
Foret aleatoire,0.5104721469558231,1
Foret aleatoire,0.28713214536545173,1
Foret aleatoire,0.9970182756383871,1
Foret aleatoire,0.18709046667611579,1
Foret aleatoire,0.9904037829134594,1
Foret aleatoire,0.9946016051320378,1
Foret aleatoire,0.49593652222548107,1
Foret aleatoire,0.0023093339770794384,0
Foret aleatoire,0.996450079137243,1
Foret aleatoire,0.5243212033319448,0
Foret aleatoire,0.0010834772555419559,0
Foret aleatoire,0.6777382283291271,1
Foret aleatoire,0.004729698747372518,0
Foret aleatoire,0.6226252684096623,1
Foret aleatoire,0.48321374363618735,0
Foret aleatoire,0.0007129433073013031,0
Foret aleatoire,0.0007617718652198336,0
Foret aleatoire,0.003731024886515194,0
Foret aleatoire,0.580822599789507,0
Foret aleatoire,0.0027284953352583042,0
Foret aleatoire,1.0,1
Foret aleatoire,0.9990090794705977,1
Foret aleatoire,0.3452908213328464,0
Foret aleatoire,0.3903405203339989,1
Foret aleatoire,0.0,0
Foret aleatoire,0.617929491252717,0
Foret aleatoire,0.011582045878762876,0
Foret aleatoire,0.007505116785727444,0
Foret aleatoire,0.0007129433073013031,0
Foret aleatoire,0.9995238144629299,1
Foret aleatoire,0.9991755117173251,1
Foret aleatoire,0.4077476262696247,1
Foret aleatoire,0.28524289516897644,0
Foret aleatoire,1.0,1
Foret aleatoire,0.7096163919893119,1
Foret aleatoire,0.5073625236578492,0
Foret aleatoire,0.5220199316685185,1
Foret aleatoire,0.9963429092591127,1
Foret aleatoire,0.4401739214108747,1
Foret aleatoire,0.9980662770369862,1
Foret aleatoire,0.6389530136681555,1
Foret aleatoire,0.5755904149663337,0
Foret aleatoire,1.0,1
Foret aleatoire,0.0014225549836218998,0
Foret aleatoire,0.7060260781744845,1
Foret aleatoire,0.5165235981926967,1
Foret aleatoire,1.0,1
Foret aleatoire,0.49228069367133087,0
Foret aleatoire,0.00035593447040814817,0
Foret aleatoire,0.006477664298707122,0
Foret aleatoire,0.572971062730937,0
Foret aleatoire,0.008192346576174618,0
Foret aleatoire,0.4967236107984921,1
Foret aleatoire,0.595942895437787,0
Foret aleatoire,0.429582275106847,0
Foret aleatoire,0.9990963659283145,1
Foret aleatoire,0.43418628131935405,0
Foret aleatoire,0.0016108623143010232,0
Foret aleatoire,0.4731862957949576,1
Foret aleatoire,1.0,1
Foret aleatoire,0.4782766908893805,0
Foret aleatoire,0.9991587025451554,1
Foret aleatoire,0.9997319729257284,1
Foret aleatoire,0.0008280852735728214,0
Foret aleatoire,0.994095452028152,1
Foret aleatoire,0.00473017647116205,0
Foret aleatoire,0.7412646811568561,1
Foret aleatoire,0.0022483005078077845,0
Foret aleatoire,0.6765604876166007,0
Foret aleatoire,1.0,1
Foret aleatoire,0.0014186333730424139,0
Foret aleatoire,0.010826094631126547,0
Foret aleatoire,0.0018057805711339835,0
Foret aleatoire,0.5523650762020987,1
Foret aleatoire,0.9990090794705977,1
Foret aleatoire,0.47642972025303754,0
Foret aleatoire,1.0,1
Foret aleatoire,0.3343546767664728,0
Foret aleatoire,0.6104366339266672,1
Foret aleatoire,1.0,1
Foret aleatoire,1.0,1
Foret aleatoire,0.4553820326792533,0
Foret aleatoire,0.9993511556213568,1
Foret aleatoire,0.0014928191755846762,0
Foret aleatoire,0.03147802821212911,0
Foret aleatoire,0.0028285287893232546,0
Foret aleatoire,0.44639576896486477,1
Foret aleatoire,0.0008805850285756258,0
Foret aleatoire,0.3781842720845022,1
Foret aleatoire,0.23448413336459414,0
Foret aleatoire,1.993247769795596e-05,0
Foret aleatoire,0.44061517614834883,1
Foret aleatoire,0.27065987479717624,0
Foret aleatoire,0.5319720435704018,0
Foret aleatoire,0.9982438521460211,1
Foret aleatoire,0.4255414461034808,0
Foret aleatoire,0.6609346609267047,1
Foret aleatoire,0.26085746180787295,0
Foret aleatoire,0.5863363014734168,0
Foret aleatoire,0.9992082755603664,1
Foret aleatoire,0.587800555737892,1
Foret aleatoire,0.615428359673178,0
Foret aleatoire,1.0,1
Foret aleatoire,1.0,1
Foret aleatoire,0.5803177683254311,1
Foret aleatoire,0.0,0
Foret aleatoire,0.6208422286075281,0
Foret aleatoire,0.024394517248532522,0
Foret aleatoire,0.3745000778438981,0
Foret aleatoire,0.3422956722777208,0
Foret aleatoire,1.993247769795596e-05,0
Foret aleatoire,0.0023957108025104775,0
Foret aleatoire,0.49103686134520447,1
Foret aleatoire,1.0,1
Foret aleatoire,0.0030164241909248447,0
Foret aleatoire,0.0006342497489072656,0
Foret aleatoire,0.0029548800986394634,0
Foret aleatoire,0.43645706823326264,0
Foret aleatoire,0.005651134153651684,0
Foret aleatoire,0.5080525236892771,1
Foret aleatoire,0.43338074817525063,1
Foret aleatoire,0.2928215829660171,0
Foret aleatoire,0.5001096969042236,1
Foret aleatoire,0.005102697474705157,0
Foret aleatoire,0.006012095984178444,0
Foret aleatoire,0.47593933994776527,0
Foret aleatoire,0.0022483005078077845,0
Foret aleatoire,0.0021073786557521085,0
Foret aleatoire,0.44261883924645146,1
Foret aleatoire,0.7348821326035301,0
Foret aleatoire,0.4828244768547818,1
Foret aleatoire,0.3141975004294627,0
Foret aleatoire,0.5547030892362996,0
Foret aleatoire,0.36406908088707846,1
Foret aleatoire,0.9972406764102385,1
Foret aleatoire,0.5288385879615848,0
Foret aleatoire,0.0,0
Foret aleatoire,0.4482995792544463,1
Foret aleatoire,0.003159062678459792,0
Foret aleatoire,1.0,1
Foret aleatoire,0.34934885480203426,0
Foret aleatoire,0.6231531455274826,1
Foret aleatoire,0.008205095763073043,0
Foret aleatoire,0.6384624889611876,1
Foret aleatoire,0.9999150650823936,1
Foret aleatoire,0.48963209816372777,0
Foret aleatoire,0.9970323012043117,1
Foret aleatoire,0.7076388673851794,0
Foret aleatoire,0.4758529105791768,0
Foret aleatoire,0.0021698107966754815,0
Foret aleatoire,0.49613978385068946,1
Foret aleatoire,0.42731046833355196,0
Foret aleatoire,0.00287956563393412,0
Foret aleatoire,0.6583428083156683,1
Foret aleatoire,0.003211585348823237,0
Foret aleatoire,0.6598720096249125,1
Foret aleatoire,0.3106816518059674,0
Foret aleatoire,0.30116137602213805,1
Foret aleatoire,0.0017273236742773998,0
Foret aleatoire,1.0,1
Foret aleatoire,0.001028067074608508,0
Foret aleatoire,0.22870124822418714,0
Foret aleatoire,0.5507590080136057,0
Foret aleatoire,0.9993511556213568,1
Foret aleatoire,0.49254009343321575,0
Foret aleatoire,1.0,1
Foret aleatoire,0.4369939352125051,1
Foret aleatoire,0.6176712839177209,1
Foret aleatoire,0.9955792815362932,1
Foret aleatoire,0.0017142154246474217,0
Foret aleatoire,0.4200620116194304,0
Foret aleatoire,0.4518106441205477,0
Foret aleatoire,0.006885702755416834,0
Foret aleatoire,0.99902977762631,1
Foret aleatoire,0.00035593447040814817,0
Foret aleatoire,0.5437481811790983,1
Foret aleatoire,0.0027058522141153664,0
Foret aleatoire,0.5327432013599056,0
Foret aleatoire,0.6851579479544909,0
Foret aleatoire,0.6012884398966983,1
Foret aleatoire,1.0,1
Foret aleatoire,0.7098516135091506,0
Foret aleatoire,0.6548174845189128,1
Foret aleatoire,0.0012329138411173262,0
Foret aleatoire,0.6327248194463952,1
Foret aleatoire,0.001290777608784961,0
Foret aleatoire,1.0,1
Foret aleatoire,0.12289451723060958,0
Foret aleatoire,1.0,1
Foret aleatoire,0.3837860494015542,1
Foret aleatoire,1.0,1
Foret aleatoire,0.40039538442615163,1
Foret aleatoire,0.998080688240765,1
Foret aleatoire,0.008392585795376063,0
Foret aleatoire,0.6480751796413906,1
Foret aleatoire,0.10935988759672677,0
Foret aleatoire,0.9990965323827745,1
Foret aleatoire,0.5251495433364177,1
Foret aleatoire,0.40905434328730367,0
Foret aleatoire,0.9975350302747799,1
Foret aleatoire,0.001644711087740343,0
Foret aleatoire,0.6668723348669132,0
Foret aleatoire,0.9993274482965103,1
Foret aleatoire,0.5483673899227047,0
Foret aleatoire,0.9969081440651206,1
Foret aleatoire,0.18957946725326466,0
Foret aleatoire,0.4005883863545286,1
Foret aleatoire,0.6452884603885223,0
Foret aleatoire,0.0,0
Foret aleatoire,0.4785551017642916,0
Foret aleatoire,0.40593863968443117,0
Foret aleatoire,0.00148186112844282,0
Foret aleatoire,0.24467322961300136,0
Foret aleatoire,0.5442871914927482,0
Foret aleatoire,0.525327505686708,1
Foret aleatoire,0.0039121836556601335,0
Foret aleatoire,0.4557835932830174,1
Foret aleatoire,1.0,1
Foret aleatoire,0.009324238269408388,0
Foret aleatoire,0.0125609773900199,0
Foret aleatoire,0.9993511556213568,1
Foret aleatoire,0.5088064275606521,0
Foret aleatoire,0.0,0
Foret aleatoire,0.7033759618585781,1
Foret aleatoire,0.05974485533464704,0
Foret aleatoire,0.34909835343204554,1
Foret aleatoire,0.995978033185408,1
Foret aleatoire,1.0,1
Foret aleatoire,0.016488175513757527,0
Foret aleatoire,0.5227224937299728,1
Foret aleatoire,0.006888080474013945,0
Foret aleatoire,1.0,1
Foret aleatoire,0.4558613143537225,0
Foret aleatoire,0.586748320809878,1
Foret aleatoire,0.9975997393408178,1
Foret aleatoire,0.003722535161911651,0
Foret aleatoire,0.2278894913783272,0
Foret aleatoire,0.997206569801629,1
Foret aleatoire,0.46820687150649676,1
Foret aleatoire,0.48910157815811206,0
Foret aleatoire,0.4555304537492792,0
Foret aleatoire,0.28905710250255495,0
Foret aleatoire,0.42440908777091235,1
Foret aleatoire,0.9988394279920292,1
Foret aleatoire,0.5018663962347159,1
Foret aleatoire,0.42860759189202663,1
Foret aleatoire,1.0,1
Foret aleatoire,0.4236652139934336,1
Foret aleatoire,0.001334072932429622,0
Foret aleatoire,0.35274171037847674,1
Foret aleatoire,0.31728143846905893,0
Foret aleatoire,0.003789086423717627,0
Foret aleatoire,0.9993511556213568,1
Foret aleatoire,0.0,0
Foret aleatoire,0.43787146149213413,0
Foret aleatoire,0.003659481512998485,0
Foret aleatoire,0.5867379180314393,1
Foret aleatoire,0.27016378132587615,1
Foret aleatoire,1.0,1
Foret aleatoire,0.996978787911727,1
Foret aleatoire,0.9993511556213568,1
Foret aleatoire,0.4727481418283269,1
Foret aleatoire,0.006799647207655432,0
Foret aleatoire,0.4181143061350622,0
Foret aleatoire,0.0015147492882966276,0
Foret aleatoire,0.4309606467819411,1
Foret aleatoire,0.0,0
Foret aleatoire,0.44978615344649897,0
Foret aleatoire,1.0,1
Foret aleatoire,0.002323834816830731,0
Foret aleatoire,0.4313056598559467,0
Foret aleatoire,0.7581500081230953,1
Foret aleatoire,0.5466029848045159,0
Foret aleatoire,0.005486323244040644,0
Foret aleatoire,0.9984559123294053,1
Foret aleatoire,1.0,1
Foret aleatoire,0.5750536913378624,0
Foret aleatoire,0.9965981571401312,1
Foret aleatoire,0.44799963620921956,1
Foret aleatoire,0.998825560116722,1
Foret aleatoire,0.15054701489217337,0
Foret aleatoire,0.0007193827506258334,0
Foret aleatoire,0.0003331070992262794,0
Foret aleatoire,0.6122340848404374,0
Foret aleatoire,0.6728075068130716,0
Foret aleatoire,0.015632795872095154,0
Foret aleatoire,0.6919917268407982,0
Foret aleatoire,0.5772095321157474,1
Foret aleatoire,0.5043801063266441,1
Foret aleatoire,1.0,1
Foret aleatoire,0.9969623417981377,1
Foret aleatoire,1.0,1
Foret aleatoire,1.0,1
Foret aleatoire,0.7449439613855533,1
Foret aleatoire,0.0008144825543883669,0
Foret aleatoire,0.5167386419623398,0
Foret aleatoire,0.6012892864335391,0
Foret aleatoire,0.9980314337638144,1
Foret aleatoire,0.001752491088846736,0
Foret aleatoire,1.0,1
Foret aleatoire,0.6381546399193404,0
Foret aleatoire,0.5753197371992664,1
Foret aleatoire,0.9983030833078387,1
Foret aleatoire,0.0019060101747255538,0
Foret aleatoire,0.523682612602878,0
Foret aleatoire,0.0018675018906320951,0
Foret aleatoire,0.0015963659283144871,0
Foret aleatoire,1.0,1
Foret aleatoire,0.0043768964793132826,0
Foret aleatoire,0.9988967400288508,1
Foret aleatoire,0.004962075437836674,0
Foret aleatoire,0.5906185251981093,0
Foret aleatoire,0.9994574938693082,1
Foret aleatoire,0.9972992557064402,1
Foret aleatoire,0.9990963659283145,1
Foret aleatoire,0.4049917941332521,1
Foret aleatoire,0.9992868447906037,1
Foret aleatoire,0.0009582593014930122,0
Foret aleatoire,1.0,1
Foret aleatoire,0.47356754546811186,0
Foret aleatoire,0.0003474322406799581,0
Foret aleatoire,0.22090666052358987,1
Foret aleatoire,0.002538620386190079,0
Foret aleatoire,0.5490269587886623,1
Foret aleatoire,0.618983442607727,0
Foret aleatoire,0.16633468977976545,0
Foret aleatoire,0.6209120574917397,1
Foret aleatoire,0.5125735307742575,1
Foret aleatoire,0.4906788671340784,0
Foret aleatoire,0.18345534640036848,0
Foret aleatoire,1.0,1
Foret aleatoire,1.0,1
Foret aleatoire,0.0007024175410087019,0
Foret aleatoire,0.0,0
Foret aleatoire,0.4415416158979849,1
Foret aleatoire,0.0022644014077260284,0
Foret aleatoire,1.0,1
Foret aleatoire,0.5458966254550647,1
Foret aleatoire,0.9987752138557398,1
Foret aleatoire,1.0,1
Foret aleatoire,0.00023466723815461347,0
Foret aleatoire,1.0,1
Foret aleatoire,1.0,1
Foret aleatoire,0.4437750652194431,1
Foret aleatoire,0.3459255565633507,0
Foret aleatoire,0.6475726560526668,1
Foret aleatoire,0.9990963659283145,1
Foret aleatoire,0.5238103316984699,0
Foret aleatoire,1.0,1
Foret aleatoire,0.43537146930016113,0
Foret aleatoire,0.5804724925675585,0
Foret aleatoire,0.0,0
Foret aleatoire,1.0,1
Foret aleatoire,0.5239830672351797,0
Foret aleatoire,0.0066430068781954165,0
Foret aleatoire,0.0,0
Foret aleatoire,0.5317853068090787,1
Foret aleatoire,0.41867816768210653,0
Foret aleatoire,0.000992942908339521,0
Foret aleatoire,1.0,1
Foret aleatoire,0.3632345293989132,0
Foret aleatoire,0.5501446363948574,1
Foret aleatoire,0.5299552643368469,1
Foret aleatoire,0.42495486815797434,0
Foret aleatoire,1.0,1
Foret aleatoire,0.44377496459954974,1
Foret aleatoire,0.0073392096753452825,0
Foret aleatoire,0.9877434295750774,1
Foret aleatoire,1.0,1
Foret aleatoire,0.47828878249641343,0
Foret aleatoire,0.4902549125291209,1
Foret aleatoire,0.29681595609301614,0
Foret aleatoire,0.00284095422882487,0
Foret aleatoire,0.9980442089130996,1
Foret aleatoire,0.479461721394349,1
Foret aleatoire,0.3931805593675975,1
Foret aleatoire,0.46263309640987715,0
Foret aleatoire,0.5033930962768162,1
Foret aleatoire,0.6711624101537391,1
Foret aleatoire,0.2434290764793004,1
Foret aleatoire,0.0041248149016411126,0
Foret aleatoire,0.40875653684197366,0
Foret aleatoire,1.0,1
Foret aleatoire,0.5691205422849182,1
Foret aleatoire,0.4506075740315973,1
Foret aleatoire,0.998825560116722,1
Foret aleatoire,0.6956500160149077,1
Foret aleatoire,0.2970992279609335,0
Foret aleatoire,1.0,1
Foret aleatoire,0.0037520675893765055,0
Foret aleatoire,0.5014515605585382,0
Foret aleatoire,0.5161063390649007,1
Foret aleatoire,0.9966008807072924,1
Foret aleatoire,0.0,0
Foret aleatoire,1.0,1
Foret aleatoire,0.4019668981928212,1
Foret aleatoire,0.6861263313207695,0
Foret aleatoire,0.5566778764474458,1
Foret aleatoire,0.3274864942324248,0
Foret aleatoire,0.41914591223021297,1
Foret aleatoire,0.0009872569799420966,0
Foret aleatoire,0.0026251764206404963,0
Foret aleatoire,0.36627193550599424,1
Foret aleatoire,0.9974823091501253,1
Foret aleatoire,0.4789255698357757,1
Foret aleatoire,0.43807958066670155,0
Foret aleatoire,1.0,1
Foret aleatoire,0.0013749000161438582,0
Foret aleatoire,0.17632697890212196,1
Foret aleatoire,0.9981579442265327,1
Foret aleatoire,0.4844694676579611,0
Foret aleatoire,0.5412056705658148,0
Foret aleatoire,0.43753898767207006,0
Foret aleatoire,0.34174014250479345,1
Foret aleatoire,0.527855169402723,1
Foret aleatoire,0.0015693155641181282,0
Foret aleatoire,1.0,1
Foret aleatoire,0.002825422891517604,0
Foret aleatoire,0.36283193611641734,0
Foret aleatoire,0.7122030758152903,0
Foret aleatoire,0.3622820770937449,1
Foret aleatoire,0.0,0
Foret aleatoire,0.9986241638221426,1
Foret aleatoire,0.0030699284883830722,0
Foret aleatoire,1.0,1
Foret aleatoire,0.4882500308449672,1
Foret aleatoire,0.0010819048346250274,0
Foret aleatoire,0.5278237136532687,1
Foret aleatoire,0.30259980215703663,1
Foret aleatoire,0.4273748029564328,1
Foret aleatoire,0.5323777269840327,1
Foret aleatoire,0.00030688264643564977,0
Foret aleatoire,0.535334518245951,1
Foret aleatoire,0.6001465073203276,0
Foret aleatoire,0.585478327990418,0
Foret aleatoire,0.0,0
Foret aleatoire,0.5015011489654271,0
Foret aleatoire,0.006624392862634576,0
Foret aleatoire,0.5289674252072086,0
Foret aleatoire,0.28259182219062107,0
Foret aleatoire,0.0,0
Foret aleatoire,1.0,1
Foret aleatoire,0.006436419593925694,0
Foret aleatoire,0.00485912169563715,0
Foret aleatoire,0.003974962894141944,0
Foret aleatoire,0.002106074170999621,0
Foret aleatoire,0.6178946709943925,1
Foret aleatoire,0.0034599749145910546,0
Foret aleatoire,0.4631906573038615,0
Foret aleatoire,0.9991755117173251,1
Foret aleatoire,0.5855822016867203,1
Foret aleatoire,0.07463642480897499,0
Foret aleatoire,0.49625235839604154,0
Foret aleatoire,0.6138140926748799,0
Foret aleatoire,0.5563087256004343,1
Foret aleatoire,0.47224605241589257,0
Foret aleatoire,0.4908395265583515,1
Foret aleatoire,0.41610060310639446,1
Foret aleatoire,0.0012329138411173262,0
Foret aleatoire,0.9991587025451554,1
Foret aleatoire,0.5694728219219085,1
Foret aleatoire,0.4476206153690259,0
Foret aleatoire,0.5692727690357736,1
Foret aleatoire,0.6508250035691273,0
Foret aleatoire,0.9983408051412386,1
Foret aleatoire,0.4604407293308091,1
Foret aleatoire,0.4377965286490626,0
Foret aleatoire,0.0016373449354737208,0
Foret aleatoire,0.0017142154246474217,0
Foret aleatoire,0.9990963659283145,1
Foret aleatoire,0.5488208217518151,0
Foret aleatoire,0.5393729409228565,0
Foret aleatoire,0.5089757931189368,1
Foret aleatoire,0.9975866167658812,1
Foret aleatoire,0.5625236241541322,1
Foret aleatoire,0.9991587025451554,1
Foret aleatoire,0.5190357582805745,0
Foret aleatoire,0.4870778594234726,0
Foret aleatoire,0.3609435132993766,0
Foret aleatoire,0.5226714750977909,0
Foret aleatoire,0.9960324404165337,1
Foret aleatoire,0.0029161285971530783,0
Foret aleatoire,0.0012452584517208302,0
Foret aleatoire,0.5381676453189619,0
Foret aleatoire,0.481523814520363,0
Foret aleatoire,0.2651064269430048,1
Foret aleatoire,0.376854251850813,0
Foret aleatoire,0.002165925549878771,0
Foret aleatoire,0.999312037479112,1
Foret aleatoire,0.9999150650823936,1
Foret aleatoire,0.5144792913976748,0
Foret aleatoire,0.5315152640979626,0
Foret aleatoire,0.42957396868115966,0
Foret aleatoire,0.0,0
Foret aleatoire,0.3848087797998388,0
Foret aleatoire,0.4977580347008548,1
Foret aleatoire,0.003553680798124852,0
Foret aleatoire,1.0,1
Foret aleatoire,0.5999694799336013,1
Foret aleatoire,0.29467168163370955,0
Foret aleatoire,0.4550762192317074,1
Foret aleatoire,0.9993511556213568,1
Foret aleatoire,0.9969661952733817,1
Foret aleatoire,0.9974074387545865,1
Foret aleatoire,0.7540815958182832,1
Foret aleatoire,0.24885816113595235,1
Foret aleatoire,0.3415593464628091,0
Foret aleatoire,0.9999150650823936,1
Foret aleatoire,0.002728605950745708,0
Foret aleatoire,0.4970113694637947,1
Foret aleatoire,0.0016582198570673145,0
Foret aleatoire,0.4230585028409282,0
Foret aleatoire,0.5523508811678214,1
Foret aleatoire,0.5319988130747693,0
Foret aleatoire,0.9980662770369862,1
Foret aleatoire,0.0,0
Foret aleatoire,0.2999271526112377,0
Foret aleatoire,0.00030688264643564977,0
Foret aleatoire,1.0,1
Foret aleatoire,0.5484561435603899,1
Foret aleatoire,0.3585132754180153,1
Foret aleatoire,0.9972173353689111,1
Foret aleatoire,1.0,1
Foret aleatoire,0.5846067943699398,1
Foret aleatoire,0.4245879295715966,0
Foret aleatoire,0.0029339811914668775,0
Foret aleatoire,1.0,1
Foret aleatoire,1.993247769795596e-05,0
Foret aleatoire,0.002875540577586029,0
Foret aleatoire,0.9976453728909089,1
Foret aleatoire,0.5407869038649216,1
Foret aleatoire,0.003923207391883641,0
Foret aleatoire,0.0010394031812632873,0
Foret aleatoire,0.5904876673339471,1
Foret aleatoire,0.5413037203690158,1
Foret aleatoire,0.9993511556213568,1
Foret aleatoire,0.5700663713530865,0
Foret aleatoire,0.6328889348577863,1
Foret aleatoire,0.6510895513836248,0
Foret aleatoire,0.5544884545202475,1
Foret aleatoire,0.4571447177192958,1
Foret aleatoire,0.5368615622375418,0
Foret aleatoire,0.1967608062022756,1
Foret aleatoire,0.39425823745314104,0
Foret aleatoire,0.9993511556213568,1
Foret aleatoire,0.0070913468871000255,0
Foret aleatoire,0.0,0
Foret aleatoire,0.37462659432580414,1
Foret aleatoire,0.374693936774395,0
Foret aleatoire,0.0,0
Foret aleatoire,0.002292650569933475,0
Foret aleatoire,0.0,0
Foret aleatoire,0.4776623906764633,0
Foret aleatoire,0.0,0
Foret aleatoire,0.9959457149926226,1
Foret aleatoire,0.9988952971413962,1
Foret aleatoire,0.0017914678030318417,0
Foret aleatoire,0.42744242629814955,0
Foret aleatoire,0.4761964024790071,1
Foret aleatoire,0.5992833910548364,1
Foret aleatoire,1.993247769795596e-05,0
Foret aleatoire,0.6084685240579468,0
Foret aleatoire,0.0010365931403799563,0
Foret aleatoire,1.0,1
Foret aleatoire,0.9978184564730731,1
Foret aleatoire,0.47883271582116504,1
Foret aleatoire,0.6054171141053823,1
Foret aleatoire,0.36359555193810245,1
Foret aleatoire,0.47695500678826647,0
Foret aleatoire,0.5092237234507997,0
Foret aleatoire,0.6201465127622664,1
Foret aleatoire,0.46742874312545674,0
Foret aleatoire,0.9983640758942635,1
Foret aleatoire,0.4614746529565943,0
Foret aleatoire,0.0,0
Foret aleatoire,0.004843399284024672,0
Foret aleatoire,1.0,1
Foret aleatoire,0.0,0
Foret aleatoire,0.0,0
Foret aleatoire,0.9997319729257284,1
Foret aleatoire,1.0,1
Foret aleatoire,0.47967941425775373,0
Foret aleatoire,0.001201558862947027,0
Foret aleatoire,0.3481923451638109,0
Foret aleatoire,0.6405328199563942,1
Foret aleatoire,0.0018021758089911558,0
Foret aleatoire,0.44547496426621913,0
Foret aleatoire,0.4839367475760624,0
Foret aleatoire,0.0043065453537028345,0
Foret aleatoire,0.4520147296517451,0
Foret aleatoire,0.5312487913106397,0
Foret aleatoire,0.14972691418583076,1
Foret aleatoire,0.9990197507313219,1
Foret aleatoire,0.0,0
Foret aleatoire,0.5602803313091137,0
Foret aleatoire,0.0031853688270432313,0
Foret aleatoire,0.002665436351815967,0
Foret aleatoire,0.4371880889730246,1
Foret aleatoire,0.35871689793842043,0
Foret aleatoire,0.5491106224258645,0
Foret aleatoire,0.6881673751589221,0
Foret aleatoire,0.41394160318629963,0
Foret aleatoire,0.9994574938693082,1
Foret aleatoire,0.17232584685128377,0
Foret aleatoire,0.5214741198368913,0
Foret aleatoire,0.014818302949939117,0
Foret aleatoire,0.6704242722174035,1
Foret aleatoire,0.5250505788983546,1
Foret aleatoire,0.6525977172187534,1
Foret aleatoire,0.5117801438473552,1
Foret aleatoire,1.0,1
Foret aleatoire,0.002538620386190079,0
Foret aleatoire,0.44663268678289936,0
Foret aleatoire,0.001625843608536804,0
Foret aleatoire,0.5156744955656305,0
Foret aleatoire,0.29336914029124966,1
Foret aleatoire,0.998947083566666,1
Foret aleatoire,0.44660503464588913,1
Foret aleatoire,0.4815797659488211,1
Foret aleatoire,0.32013924895524193,0
Foret aleatoire,0.5783999614039538,0
Foret aleatoire,0.4720039362289529,0
Foret aleatoire,0.6009370341876522,0
Foret aleatoire,0.33176374510401,0
Foret aleatoire,0.6098482484945652,1
Foret aleatoire,0.4858849354937372,1
Foret aleatoire,0.9965064056510127,1
Foret aleatoire,0.9988394279920292,1
Foret aleatoire,0.46705790988552903,0
Foret aleatoire,0.005078950278137356,0
Foret aleatoire,1.0,1
Foret aleatoire,0.5882094788333891,1
Foret aleatoire,0.9967748427438263,1
Foret aleatoire,0.5555565320415412,0
Foret aleatoire,0.5433160947015697,0
Foret aleatoire,0.6201171798052982,0
Foret aleatoire,0.002413970070265345,0
Foret aleatoire,0.9991755117173251,1
Foret aleatoire,0.2967188075149673,1
Foret aleatoire,0.40248879561113027,1
Foret aleatoire,0.5559898383250456,1
Foret aleatoire,0.3434533663758782,1
Foret aleatoire,0.0014061561798818058,0
Foret aleatoire,0.0012459748488912134,0
Foret aleatoire,0.0007617718652198336,0
Foret aleatoire,0.0,0
Foret aleatoire,0.4971840349881662,0
Foret aleatoire,0.44570704820518287,0
Foret aleatoire,0.006173282086908144,0
Foret aleatoire,0.4959126243230733,1
Foret aleatoire,0.0004773697192748914,0
Foret aleatoire,1.0,1
Foret aleatoire,1.0,1
Foret aleatoire,0.5186511045380915,0
Foret aleatoire,0.4686863837888769,1
Foret aleatoire,0.9989287718641848,1
Foret aleatoire,0.29080271788755424,0
Foret aleatoire,0.001733841974732771,0
Foret aleatoire,0.001727527457123596,0
Foret aleatoire,0.21418006697630493,0
Foret aleatoire,0.022265500329935593,0
Foret aleatoire,0.5148931576187362,1
Foret aleatoire,0.5565965421115345,0
Foret aleatoire,1.0,1
Foret aleatoire,0.0015147492882966276,0
Foret aleatoire,0.001178740614224485,0
Foret aleatoire,0.3357831817651957,1
Foret aleatoire,0.45579892046384596,1
Foret aleatoire,0.4125191052759247,1
Foret aleatoire,1.0,1
Foret aleatoire,0.2794177247507575,0
Foret aleatoire,0.0058718040532584614,0
Foret aleatoire,0.548589841136542,1
Foret aleatoire,0.42744242629814955,0
Foret aleatoire,0.21596041894161797,1
Foret aleatoire,0.5968893798693176,1
Foret aleatoire,0.5825874042452327,1
Foret aleatoire,0.0026706771677339224,0
Foret aleatoire,0.9980662770369862,1
Foret aleatoire,0.5095688600182886,1
Foret aleatoire,0.5551009840397775,1
Foret aleatoire,0.9969152073849757,1
Foret aleatoire,0.6403725783574014,1
Foret aleatoire,0.5181657870730271,0
Foret aleatoire,0.9996641066384181,1
Foret aleatoire,0.006287824957018562,0
Foret aleatoire,0.4610578225986274,1
Foret aleatoire,0.47636220145583763,0
Foret aleatoire,0.48817911877750675,0
Foret aleatoire,1.0,1
Foret aleatoire,0.4555062997730732,0
Foret aleatoire,0.410796011648552,1
Foret aleatoire,0.5008577699971578,0
Foret aleatoire,0.9989891481687286,1
Foret aleatoire,0.9994645339140104,1
Foret aleatoire,0.0,0
Foret aleatoire,1.0,1
Foret aleatoire,1.0,1
Foret aleatoire,0.5503094133401669,1
Foret aleatoire,0.15261314279873328,0
Foret aleatoire,0.504703361992882,0
Foret aleatoire,0.39670713040305267,1
Foret aleatoire,0.4939043736749238,1
Foret aleatoire,0.008461255122752432,0
Foret aleatoire,0.002617604641273917,0
Foret aleatoire,0.001087971231146394,0
Foret aleatoire,1.0,1
Foret aleatoire,0.0034924940532495828,0
Foret aleatoire,0.004772635808992529,0
Foret aleatoire,1.0,1
Foret aleatoire,0.005987941423428473,0
Foret aleatoire,0.5377715231317997,1
Foret aleatoire,0.6159182594327038,0
Foret aleatoire,0.5624138883801278,1
Foret aleatoire,0.5296487664997231,0
Foret aleatoire,0.003276664205854655,0
Foret aleatoire,0.00018105329447430467,0
Foret aleatoire,0.5717086395080578,0
Foret aleatoire,0.49415718851315504,1
Foret aleatoire,0.9977573581002583,1
Foret aleatoire,0.4393655434697299,0
Foret aleatoire,0.4149186642973311,0
Foret aleatoire,1.0,1
Foret aleatoire,0.5204118922458886,0
Foret aleatoire,0.6380969487263626,0
Foret aleatoire,0.4503847389186893,1
Foret aleatoire,0.003910293842212544,0
Foret aleatoire,0.9989719303512459,1
Foret aleatoire,0.006015950315557272,0
Foret aleatoire,0.5406384287733537,1
Foret aleatoire,0.4435609156729949,1
Foret aleatoire,0.9978253961245597,1
Foret aleatoire,0.3874879358176359,0
Foret aleatoire,0.5597937876134225,1
Foret aleatoire,0.0005743060178662663,0
Foret aleatoire,0.3539846905403972,0
Foret aleatoire,0.0008639897694281733,0
Foret aleatoire,0.1681905836691824,0
Foret aleatoire,0.5624406620511827,0
Foret aleatoire,0.00522740682484883,0
Foret aleatoire,0.0028319314487219014,0
Foret aleatoire,0.31214812485040516,1
Foret aleatoire,0.49927069698985216,1
Foret aleatoire,1.0,1
Foret aleatoire,0.45718957594725196,0
Foret aleatoire,0.003993152093120774,0
Foret aleatoire,0.49242397868001364,0
Foret aleatoire,0.9989287718641848,1
Foret aleatoire,0.9975913528112825,1
Foret aleatoire,1.0,1
Foret aleatoire,0.5209249848532931,0
Foret aleatoire,1.0,1
Foret aleatoire,0.42552864504937965,1
Foret aleatoire,0.9994684366190674,1
Foret aleatoire,0.4856601479971914,1
Foret aleatoire,0.0033978140496168257,0
Foret aleatoire,0.9969803383404537,1
Foret aleatoire,0.0013641013876316017,0
Foret aleatoire,1.0,1
Foret aleatoire,0.5144870566159526,0
Foret aleatoire,0.4553951032542555,1
Foret aleatoire,0.9991237418628413,1
Foret aleatoire,0.9991587025451554,1
Foret aleatoire,0.45442854180547093,1
Foret aleatoire,0.508644489003136,1
Foret aleatoire,0.22529448539572935,0
Foret aleatoire,0.9937789020411071,1
Foret aleatoire,0.5735774632971867,0
Foret aleatoire,0.44091501477468625,0
Foret aleatoire,0.0070913468871000255,0
Foret aleatoire,0.6288851637710297,1
Foret aleatoire,0.5060689610613474,1
Foret aleatoire,0.005959731579906535,0
Foret aleatoire,0.001765322749017636,0
Foret aleatoire,0.0,0
Foret aleatoire,0.3386182367179812,1
Foret aleatoire,1.0,1
Foret aleatoire,1.0,1
Foret aleatoire,0.5897583241569416,1
Foret aleatoire,0.0,0
Foret aleatoire,0.0015727517388371233,0
Foret aleatoire,0.263133891306888,1
Foret aleatoire,0.5630262320711996,1
Foret aleatoire,0.43858084343908826,0
Foret aleatoire,0.6832213636368207,0
Foret aleatoire,0.007554782315271677,0
Foret aleatoire,0.002033066892251349,0
Foret aleatoire,0.00030688264643564977,0
Foret aleatoire,0.5200328193646174,1
Foret aleatoire,0.6394766829688772,0
Foret aleatoire,0.5803352158578019,0
Foret aleatoire,1.0,1
Foret aleatoire,1.0,1
Foret aleatoire,0.6113647391611989,0
Foret aleatoire,0.4707531282787687,1
Foret aleatoire,0.5191161837827649,0
Foret aleatoire,0.9978844297767676,1
Foret aleatoire,0.9974370542400812,1
Foret aleatoire,0.6511687147475247,0
Foret aleatoire,0.512991958002257,0
Foret aleatoire,0.9985232814554089,1
Foret aleatoire,0.00035593447040814817,0
Foret aleatoire,0.5394198554513967,0
Foret aleatoire,1.0,1
Foret aleatoire,0.6269729025077053,1
Foret aleatoire,0.9987752138557398,1
Foret aleatoire,0.6261750324083324,0
Foret aleatoire,0.011888683608960908,0
Foret aleatoire,0.9990963659283145,1
Foret aleatoire,0.4392351832070815,0
Foret aleatoire,0.5343806642054705,1
Foret aleatoire,0.0012899746831033156,0
Foret aleatoire,0.43251678722068126,1
Foret aleatoire,0.5739866914904005,0
Foret aleatoire,0.6000601734766369,0
Foret aleatoire,0.5389003637647174,1
Foret aleatoire,1.0,1
Foret aleatoire,0.9972134799089939,1
Foret aleatoire,0.0013833609650914147,0
Foret aleatoire,1.0,1
Foret aleatoire,0.30264488423410874,1
Foret aleatoire,0.5308094303482582,1
Foret aleatoire,0.9969369456350237,1
Foret aleatoire,0.4880388422747839,0
Foret aleatoire,0.9997319729257284,1
Foret aleatoire,0.002461342177688534,0
Foret aleatoire,0.7169747555282813,0
Foret aleatoire,0.003956984783088935,0
Foret aleatoire,0.3921356993753073,0
Foret aleatoire,0.9983640758942635,1
Foret aleatoire,0.5799581863760193,1
Foret aleatoire,0.5761088689142358,1
Foret aleatoire,0.5126891229714956,1
Foret aleatoire,1.0,1
Foret aleatoire,0.0007024678165815507,0
Foret aleatoire,0.6755999730616372,0
Foret aleatoire,0.0,0
Foret aleatoire,0.9990197507313219,1
Foret aleatoire,0.003109598932309805,0
Foret aleatoire,0.48971808419662055,1
Foret aleatoire,0.15687864646678215,0
Foret aleatoire,0.5165128765507749,1
Foret aleatoire,0.5151853796222227,1
Foret aleatoire,0.0,0
Foret aleatoire,0.6700660953843858,0
Foret aleatoire,0.9999297591481757,1
Foret aleatoire,0.0003377769279099626,0
Foret aleatoire,0.5522193205860187,0
Foret aleatoire,1.0,1
Foret aleatoire,1.0,1
Foret aleatoire,0.4777041835592721,1
Foret aleatoire,0.009352880383495188,0
Foret aleatoire,0.551761330688298,1
Foret aleatoire,0.9973825641463523,1
Foret aleatoire,0.9991587025451554,1
Foret aleatoire,0.49082692554475765,0
Foret aleatoire,0.9978844297767676,1
Foret aleatoire,0.0055158702809165825,0
Foret aleatoire,0.42982881934560907,0
Foret aleatoire,0.387672068020554,1
Foret aleatoire,0.4232963218167624,0
Foret aleatoire,0.0,0
Foret aleatoire,0.004051466762411089,0
Foret aleatoire,0.9988394279920292,1
Foret aleatoire,0.9988394279920292,1
Foret aleatoire,0.31076519764732297,0
Foret aleatoire,1.0,1
Foret aleatoire,0.4849174343207023,1
Foret aleatoire,0.45524470626343466,1
Foret aleatoire,0.5279738532548649,1
Foret aleatoire,0.5044587128194276,0
Foret aleatoire,0.9989387556707712,1
Foret aleatoire,0.4113277668055424,1
Foret aleatoire,1.0,1
Foret aleatoire,0.003956984783088935,0
Foret aleatoire,0.5277869369841499,0
Foret aleatoire,0.4965412757933974,0
Foret aleatoire,0.5547187217033204,1
Foret aleatoire,0.002165925549878771,0
Foret aleatoire,0.3814679221658121,0
Foret aleatoire,0.0033418798355927485,0
Foret aleatoire,0.0034741794126734106,0
Foret aleatoire,0.9998137889073908,1
Foret aleatoire,0.0036333367854198616,0
Foret aleatoire,0.22227902426409138,0
Foret aleatoire,0.9966754577156094,1
Foret aleatoire,0.41777717407890763,1
Foret aleatoire,0.9962623317928829,1
Foret aleatoire,0.0017006968641114985,0
Foret aleatoire,0.22817307482702595,0
Foret aleatoire,1.0,1
Foret aleatoire,0.48805619281780294,1
Foret aleatoire,0.41497540696757157,1
Foret aleatoire,0.0027415637372243435,0
Foret aleatoire,0.5148368248026688,1
Foret aleatoire,0.9972173353689111,1
Foret aleatoire,0.0,0
Foret aleatoire,0.21535809304047263,1
Foret aleatoire,0.9976386632276888,1
Foret aleatoire,0.4978142574839829,0
Foret aleatoire,1.0,1
Foret aleatoire,0.9991443576520552,1
Foret aleatoire,0.0015963659283144871,0
Foret aleatoire,0.0009347289690801143,0
Foret aleatoire,0.002579445003243566,0
Foret aleatoire,0.32547839971625997,0
Foret aleatoire,0.002901765322005051,0
Foret aleatoire,0.5093917203679019,0
Foret aleatoire,0.6113647391611989,1
Foret aleatoire,0.4418418393788628,1
Foret aleatoire,0.5953766405709736,0
Foret aleatoire,0.9995528695718537,1
Foret aleatoire,0.47619919517919734,1
Foret aleatoire,0.0034969196369822,0
Foret aleatoire,0.7402798783896545,0
Foret aleatoire,0.2691614253071401,0
Foret aleatoire,0.99902977762631,1
Foret aleatoire,0.5934611135188628,0
Foret aleatoire,0.321599239895912,0
Foret aleatoire,0.17954052705554896,0
Foret aleatoire,1.0,1
Foret aleatoire,0.5118591663842544,1
Foret aleatoire,0.6078484205804956,1
Foret aleatoire,0.00030688264643564977,0
Foret aleatoire,0.3773410434104092,1
Foret aleatoire,0.0,0
Foret aleatoire,0.3772459936751926,1
Foret aleatoire,0.6326355876328368,1
Foret aleatoire,0.9968290310770241,1
Foret aleatoire,1.0,1
Foret aleatoire,0.5956317632449598,1
Foret aleatoire,0.49344201306513463,0
Foret aleatoire,0.0017516962605292736,0
Foret aleatoire,1.0,1
Foret aleatoire,0.009999555775927267,0
Foret aleatoire,0.004709092369321611,0
Foret aleatoire,0.0016587025451553564,0
Foret aleatoire,0.6215431758978364,0
Foret aleatoire,0.5473519962253591,0
Foret aleatoire,0.27988723156733514,1
Foret aleatoire,0.6036316986235497,0
Foret aleatoire,0.3164076735608728,1
Foret aleatoire,0.500771882364691,0
Foret aleatoire,0.9999150650823936,1
Foret aleatoire,1.0,1
Foret aleatoire,0.19545571208747398,0
Foret aleatoire,0.3728741470555568,0
Foret aleatoire,0.9969661952733817,1
Foret aleatoire,0.9975959499700195,1
Foret aleatoire,0.0010956363102088795,0
Foret aleatoire,0.0070902872419572015,0
Foret aleatoire,0.7100871601682802,1
Foret aleatoire,1.0,1
Foret aleatoire,0.99902977762631,1
Foret aleatoire,0.002112700487452433,0
Foret aleatoire,0.0,0
Foret aleatoire,0.4500464116715359,0
Foret aleatoire,0.002451262674778862,0
Foret aleatoire,0.4889295474366942,0
Foret aleatoire,1.0,1
Foret aleatoire,0.5633665615914939,0
Foret aleatoire,0.0028241617622503444,0
Foret aleatoire,1.0,1
Foret aleatoire,0.5698906129130134,0
Foret aleatoire,0.0011716329167476593,0
Foret aleatoire,0.6375852198651153,1
Foret aleatoire,0.9997319729257284,1
Foret aleatoire,0.22099745407328356,0
Foret aleatoire,0.5049113194916304,0
Foret aleatoire,0.0052310572451429406,0
Foret aleatoire,0.5845509852672341,1
Foret aleatoire,0.448568592043543,1
Foret aleatoire,1.0,1
Foret aleatoire,0.4921160336498018,0
Foret aleatoire,0.0002490707860501088,0
Foret aleatoire,0.0024418748456417876,0
Foret aleatoire,0.001934921515238484,0
Foret aleatoire,0.002295107575006755,0
Foret aleatoire,1.0,1
Foret aleatoire,0.9980442089130996,1
Foret aleatoire,0.0,0
Foret aleatoire,0.9995476217091034,1
Foret aleatoire,1.0,1
Foret aleatoire,0.6073230576033251,0
Foret aleatoire,0.23612247105029874,0
Foret aleatoire,0.6065138147636423,0
Foret aleatoire,0.00227879371283216,0
Foret aleatoire,0.5397317197675071,1
Foret aleatoire,0.5717794793403967,1
Foret aleatoire,0.998336157455088,1
Foret aleatoire,0.414085022488548,0
Foret aleatoire,0.001025425146149928,0
Foret aleatoire,0.44215165375728965,0
Foret aleatoire,0.43134130357007555,1
Foret aleatoire,0.4865690629281505,0
Foret aleatoire,0.024742294893048675,0
Foret aleatoire,0.0008480177512707773,0
Foret aleatoire,0.47048423028599196,0
Foret aleatoire,0.0015753774504091787,0
Foret aleatoire,0.0008280852735728214,0
Foret aleatoire,0.4436660135964592,0
Foret aleatoire,0.6232021168534427,1
Foret aleatoire,0.7290393646886028,1
Foret aleatoire,0.5085981978064579,1
Foret aleatoire,0.6095141670419575,1
Foret aleatoire,0.9975908438879302,1
Foret aleatoire,0.5177258911804042,1
Foret aleatoire,0.4266665781681946,1
Foret aleatoire,0.0590461689369921,0
Foret aleatoire,1.0,1
Foret aleatoire,0.006615151777129562,0
Foret aleatoire,0.9990963659283145,1
Foret aleatoire,0.003744522839500758,0
Foret aleatoire,0.736533608097085,1
Foret aleatoire,0.34844051954442173,0
Foret aleatoire,0.4210343772115813,1
Foret aleatoire,0.40871486206576735,0
Foret aleatoire,0.5386504115921752,0
Foret aleatoire,0.0027488026804064415,0
Foret aleatoire,1.0,1
Foret aleatoire,0.0006578058104012266,0
Foret aleatoire,0.0012690426567697843,0
Foret aleatoire,0.9982617718652199,1
Foret aleatoire,0.6413893921769065,1
Foret aleatoire,0.5130365032744799,0
Foret aleatoire,0.9937485368099349,1
Foret aleatoire,0.5757134475332684,1
Foret aleatoire,0.33565366921479717,0
Foret aleatoire,1.0,1
Foret aleatoire,0.47590893880139057,1
Foret aleatoire,0.48113719965058815,0
Foret aleatoire,0.9967287052031685,1
Foret aleatoire,0.3241208626040578,0
Foret aleatoire,0.001516539999908515,0
Foret aleatoire,0.0,0
Foret aleatoire,1.0,1
Foret aleatoire,0.19925691133337672,0
Foret aleatoire,0.006092035103241816,0
Foret aleatoire,0.5376425670274123,1
Foret aleatoire,0.5337139033943165,1
Foret aleatoire,0.0004344946113358874,0
Foret aleatoire,0.6051952642181281,1
Foret aleatoire,0.003055072349288212,0
Foret aleatoire,0.5521961201010259,0
Foret aleatoire,0.0014186333730424139,0
Foret aleatoire,0.002591397556819826,0
Foret aleatoire,0.6658480770372854,1
Foret aleatoire,1.0,1
Foret aleatoire,0.653880351315726,1
Foret aleatoire,0.0019193689745836988,0
Foret aleatoire,0.5998143587691629,0
Foret aleatoire,0.0024282524972779225,0
Foret aleatoire,0.0,0
Foret aleatoire,0.5964847793154786,0
Foret aleatoire,0.002197656875340934,0
Foret aleatoire,0.5768684448119162,1
Foret aleatoire,0.0014441777894667633,0
Foret aleatoire,1.0,1
Foret aleatoire,0.48681455283531766,0
Foret aleatoire,0.4232898815086088,1
Foret aleatoire,0.4794712065724828,0
Foret aleatoire,0.3093539446758736,1
Foret aleatoire,0.5677701371063328,0
Foret aleatoire,0.0032627982865328638,0
Foret aleatoire,0.0025,0
Foret aleatoire,0.4982652582161384,1
Foret aleatoire,0.002621135965842346,0
Foret aleatoire,0.6789933033984975,0
Foret aleatoire,0.9962623317928829,1
Foret aleatoire,0.9990963659283145,1
Foret aleatoire,0.551782993101655,0
Foret aleatoire,0.5651322185773201,1
Foret aleatoire,0.9994574938693082,1
Foret aleatoire,0.28360283383013984,0
Foret aleatoire,0.3923696995961239,1
Foret aleatoire,0.4766324186483872,0
Foret aleatoire,0.2641928421040316,0
Foret aleatoire,0.623424273600705,1
Foret aleatoire,0.38960467035777213,0
Foret aleatoire,0.5523517378472872,1
Foret aleatoire,0.9958798925245557,1
Foret aleatoire,0.6687960021429329,0
Foret aleatoire,0.004749349683804327,0
Foret aleatoire,0.4278528989766865,0
Foret aleatoire,0.0015572322117974196,0
Foret aleatoire,1.0,1
Foret aleatoire,0.5826369025600141,0
Foret aleatoire,0.5663222802464053,0
Foret aleatoire,0.3929421547975376,1
Foret aleatoire,1.993247769795596e-05,0
Foret aleatoire,0.9980442089130996,1
Foret aleatoire,0.0014395548596025432,0
Foret aleatoire,0.011626027546601558,0
Foret aleatoire,0.9983640758942635,1
Foret aleatoire,0.4362372601509209,0
Foret aleatoire,0.5101704372748364,0
Foret aleatoire,0.5268286252449771,1
Foret aleatoire,0.536841664307382,1
Foret aleatoire,0.005842114912492757,0
Foret aleatoire,0.005658802671804477,0
Foret aleatoire,1.0,1
Foret aleatoire,0.5232406651017797,1
Foret aleatoire,0.43284262034057014,1
Foret aleatoire,0.5073625236578492,1
Foret aleatoire,0.5827956359234167,0
Foret aleatoire,0.36572413374437085,0
Foret aleatoire,0.617929491252717,1
Foret aleatoire,0.0023093244380311927,0
Foret aleatoire,0.5672368771015414,1
Foret aleatoire,1.0,1
Foret aleatoire,0.5457876853319018,0
Foret aleatoire,0.0,0
Foret aleatoire,0.0033235893688414397,0
Foret aleatoire,0.0034001623026756267,0
Foret aleatoire,0.0018679449771692802,0
Foret aleatoire,0.0037031222509976923,0
Foret aleatoire,0.536158600086757,0
Foret aleatoire,0.4887356299639541,1
Foret aleatoire,0.4311269121728931,0
Foret aleatoire,0.4385447626070762,1
Foret aleatoire,0.47028646576946964,0
Foret aleatoire,0.4516253267588871,1
Foret aleatoire,1.0,1
Foret aleatoire,0.5418437543745208,1
Foret aleatoire,0.015213335498254743,0
Foret aleatoire,0.5132627410015185,0
Foret aleatoire,0.48663005896742584,0
Foret aleatoire,0.5894363120211117,1
Foret aleatoire,0.4732356167860038,0
Foret aleatoire,0.532603252077214,0
Foret aleatoire,1.0,1
Foret aleatoire,0.4607610538628515,1
Foret aleatoire,1.0,1
Foret aleatoire,0.012817568377630994,0
Foret aleatoire,0.001372005786392843,0
Foret aleatoire,0.5790538324674336,1
Foret aleatoire,0.00012455415420354208,0
Foret aleatoire,0.0014061561798818058,0
Foret aleatoire,0.42086149063345746,1
Foret aleatoire,1.993247769795596e-05,0
Foret aleatoire,0.3573067047138341,0
Foret aleatoire,0.7383662938169722,1
Foret aleatoire,0.9980683702372913,1
Foret aleatoire,0.002471743000729858,0
Foret aleatoire,0.42263377441802014,0
Foret aleatoire,0.5082843984020082,1
Foret aleatoire,0.4179233726682604,0
Foret aleatoire,0.21742808952714543,0
Foret aleatoire,1.0,1
Foret aleatoire,1.0,1
Foret aleatoire,0.5879103137366845,1
Foret aleatoire,0.9984559123294053,1
Foret aleatoire,0.003943408867965494,0
Foret aleatoire,0.4587567803968443,0
Foret aleatoire,0.9922478603285734,1
Foret aleatoire,0.003909662179893727,0
Foret aleatoire,0.28905710250255495,0
Foret aleatoire,0.47067089645296467,0
Foret aleatoire,0.002891283458546775,0
Foret aleatoire,0.412447237041114,1
Foret aleatoire,0.9992082755603664,1
Foret aleatoire,0.7100758839290271,1
Foret aleatoire,0.9981579442265327,1
Foret aleatoire,1.993247769795596e-05,0
Foret aleatoire,0.4394152800119962,1
Foret aleatoire,0.9975,1
Foret aleatoire,0.401313227746071,0
Foret aleatoire,0.5691059099533632,1
Foret aleatoire,0.7080852134723402,0
Foret aleatoire,0.7061745277201846,0
Foret aleatoire,0.5446070385397552,1
Foret aleatoire,0.9976102683676352,1
Foret aleatoire,0.6174325372678855,1
Foret aleatoire,0.42685248611013454,1
Foret aleatoire,1.0,1
Foret aleatoire,0.3551599057784625,1
Foret aleatoire,0.5041014570369042,0
Foret aleatoire,0.5299308182634107,1
Foret aleatoire,0.5651904123753626,1
Foret aleatoire,1.0,1
Foret aleatoire,0.24887370043330695,0
Foret aleatoire,0.005530686801223128,0
Foret aleatoire,0.5849423741130922,1
Foret aleatoire,0.43420389818093186,1
Foret aleatoire,0.9981579442265327,1
Foret aleatoire,0.36234659478522346,0
Foret aleatoire,1.0,1
Foret aleatoire,0.003269638903893495,0
Foret aleatoire,0.5887503708943556,1
Foret aleatoire,0.5192415800408362,1
Foret aleatoire,0.998238341968912,1
Foret aleatoire,0.0016526351207226803,0
Foret aleatoire,0.004474618993189448,0
Foret aleatoire,1.0,1
Foret aleatoire,0.6492788553361826,1
Foret aleatoire,0.5588592251482752,1
Foret aleatoire,0.000538508344923505,0
Foret aleatoire,1.0,1
Foret aleatoire,0.48009080472857496,0
Foret aleatoire,0.5474354295321404,1
Foret aleatoire,0.5270341629476301,1
Foret aleatoire,0.6232021168534427,0
Foret aleatoire,0.3164190182955294,0
Foret aleatoire,0.3734341894715525,0
Foret aleatoire,0.9993511556213568,1
Foret aleatoire,0.9995084788448624,1
Foret aleatoire,0.9988952971413962,1
Foret aleatoire,0.006493250647741177,0
Foret aleatoire,0.0012797021860808955,0
Foret aleatoire,0.48777192021997295,0
Foret aleatoire,0.9955106995047173,1
Foret aleatoire,1.0,1
Foret aleatoire,0.0056938570127182345,0
Foret aleatoire,0.5771588532126699,0
Foret aleatoire,0.42589666707622276,1
Foret aleatoire,0.46974023806341086,0
Foret aleatoire,0.9991755117173251,1
Foret aleatoire,0.43873198342804676,0
Foret aleatoire,0.998947083566666,1
Foret aleatoire,0.4051877899911127,1
Foret aleatoire,1.0,1
Foret aleatoire,0.4552838407971057,1
Foret aleatoire,0.998941892188816,1
Foret aleatoire,0.005810089943018508,0
Foret aleatoire,0.4997315104250459,1
Foret aleatoire,1.0,1
Foret aleatoire,0.4566352215837511,0
Foret aleatoire,0.5117647332770947,1
Foret aleatoire,0.006016819884121981,0
Foret aleatoire,0.0009582593014930122,0
Foret aleatoire,0.005230968917820056,0
Foret aleatoire,0.41921810882221616,1
Foret aleatoire,0.0,0
Foret aleatoire,0.5648403464191345,0
Foret aleatoire,0.722867413300046,1
Foret aleatoire,0.5613391815420578,0
Foret aleatoire,0.9970543324078338,1
Foret aleatoire,0.5027002058632575,1
Foret aleatoire,0.001339427992029045,0
Foret aleatoire,0.5177671986984831,1
Foret aleatoire,0.4236872235538386,1
Foret aleatoire,0.002685910427571084,0
Foret aleatoire,0.422562999582105,0
Foret aleatoire,1.0,1
Foret aleatoire,0.6741071447373136,1
Foret aleatoire,0.5453187774617073,0
Foret aleatoire,0.43405615740328457,0
Foret aleatoire,0.14532089132604986,0
Foret aleatoire,0.4222048682228111,0
Foret aleatoire,0.568478879920585,0
Foret aleatoire,0.0012329138411173262,0
Foret aleatoire,0.9997102454140797,1
Foret aleatoire,0.0009800852537631545,0
Foret aleatoire,0.41460832048193974,0
Foret aleatoire,0.47168443242149927,1
Foret aleatoire,0.6089010751922604,0
Foret aleatoire,0.9990963659283145,1
Foret aleatoire,0.5803328351436385,0
Foret aleatoire,0.5412726441678694,1
Foret aleatoire,0.4969651270203899,1
Foret aleatoire,0.5013569159515162,0
Foret aleatoire,0.4607185411417736,1
Foret aleatoire,0.0030660317010266815,0
Foret aleatoire,0.5335810143293785,1
Foret aleatoire,0.5092306888926313,1
Foret aleatoire,0.008383641073501195,0
Foret aleatoire,0.5167636407060692,0
Foret aleatoire,0.5763841499240473,0
Foret aleatoire,0.997454240449363,1
Foret aleatoire,1.0,1
Foret aleatoire,0.5736282206280308,0
Foret aleatoire,0.0005547505722953945,0
Foret aleatoire,0.34973253082012007,0
Foret aleatoire,1.0,1
Foret aleatoire,0.6385275631602387,0
Foret aleatoire,1.0,1
Foret aleatoire,0.003561328566621784,0
Foret aleatoire,0.4439939336354823,1
Foret aleatoire,0.0003526703849040827,0
Foret aleatoire,0.33904070401289393,1
Foret aleatoire,0.4908367517694472,0
Foret aleatoire,0.37588659571883737,0
Foret aleatoire,0.0,0
Foret aleatoire,0.0021121180978843643,0
Foret aleatoire,0.0,0
Foret aleatoire,0.0018888038601183512,0
Foret aleatoire,0.0012899746831033156,0
Foret aleatoire,0.5533632498436609,1
Foret aleatoire,0.5147501670502659,0
Foret aleatoire,0.40205971955714814,1
Foret aleatoire,0.34909835343204554,0
Foret aleatoire,0.00030688264643564977,0
Foret aleatoire,0.5270341629476301,0
Foret aleatoire,0.27440265477146186,0
Foret aleatoire,0.6022287209495604,0
Foret aleatoire,0.6933986918306408,1
Foret aleatoire,0.9988952971413962,1
Foret aleatoire,0.0003720758887456254,0
Foret aleatoire,0.3733451232509669,1
Foret aleatoire,0.17688258829564973,0
Foret aleatoire,0.3412139056673516,1
Foret aleatoire,0.9990671702076096,1
Foret aleatoire,0.0,0
Foret aleatoire,0.4213750640541143,1
Foret aleatoire,0.5242781665585272,0
Foret aleatoire,0.43412106194645955,1
Foret aleatoire,0.00446511025586906,0
Foret aleatoire,0.9990963659283145,1
Foret aleatoire,0.5648662328437388,0
Foret aleatoire,0.00449280301560708,0
Foret aleatoire,0.001541412522128108,0
Foret aleatoire,0.20608240789356505,0
Foret aleatoire,0.9993511556213568,1
Foret aleatoire,1.0,1
Foret aleatoire,0.017781048493392897,0
Foret aleatoire,1.0,1
Foret aleatoire,0.5259570600755572,0
Foret aleatoire,0.5297502840233435,1
Foret aleatoire,0.0024448400223114645,0
Foret aleatoire,0.6138140926748799,1
Foret aleatoire,1.0,1
Foret aleatoire,0.49270680630135816,1
Foret aleatoire,0.5877422531400822,0
Foret aleatoire,0.5807974497145276,1
Foret aleatoire,0.2617542516650587,0
Foret aleatoire,1.0,1
Foret aleatoire,0.002470240878612514,0
Foret aleatoire,0.3629789075381193,0
Foret aleatoire,0.9963690374303282,1
Foret aleatoire,0.7123215453234917,0
Foret aleatoire,0.5233527086643659,1
Foret aleatoire,0.5288172292360175,1
Foret aleatoire,0.4809595657023359,1
Foret aleatoire,0.5133437058178284,0
Foret aleatoire,0.4881652464802359,0
Foret aleatoire,0.9989408388321432,1
Foret aleatoire,0.45692460613383007,0
Foret aleatoire,0.5445003873121034,1
Foret aleatoire,0.26481023008679844,0
Foret aleatoire,0.9997319729257284,1
Foret aleatoire,0.5428283365633939,0
Foret aleatoire,0.48729960574327946,1
Foret aleatoire,0.002040186816828976,0
Foret aleatoire,0.33499723805855713,1
Foret aleatoire,0.36016104755615347,1
Foret aleatoire,0.9933919672950056,1
Foret aleatoire,0.43219884512075557,0
Foret aleatoire,1.0,1
Foret aleatoire,0.9993511556213568,1
Foret aleatoire,0.7254903460361533,0
Foret aleatoire,0.5759799555445637,1
Foret aleatoire,0.49890924505240575,0
Foret aleatoire,1.0,1
Foret aleatoire,0.3161039615486787,0
Foret aleatoire,0.3886854290531667,1
Foret aleatoire,0.9975866167658812,1
Foret aleatoire,0.004570334678568624,0
Foret aleatoire,0.010581849415230056,0
Foret aleatoire,1.0,1
Foret aleatoire,0.5158906206025875,0
Foret aleatoire,0.0032937134404546087,0
Foret aleatoire,0.5646579338370872,0
Foret aleatoire,0.0016745154110119796,0
Foret aleatoire,0.4894176455373823,0
Foret aleatoire,0.407739083692666,0
Foret aleatoire,0.9997319729257284,1
Foret aleatoire,0.0009370107655733586,0
Foret aleatoire,0.9998584272268949,1
Foret aleatoire,0.595326459317507,1
Foret aleatoire,0.9994645339140104,1
Foret aleatoire,0.5697912949266276,0
Foret aleatoire,0.4518106441205477,1
Foret aleatoire,0.6326065501445268,0
Foret aleatoire,0.007367263029844611,0
Foret aleatoire,0.4575079570826949,1
Foret aleatoire,0.5402838104344071,0
Foret aleatoire,0.6780581801378286,1
Foret aleatoire,1.0,1
Foret aleatoire,0.5278362330106147,1
Foret aleatoire,0.004629171528091012,0
Foret aleatoire,0.85327777546721,1
Foret aleatoire,0.0025799011467153264,0
Foret aleatoire,1.0,1
Foret aleatoire,0.4584467532341033,1
Foret aleatoire,0.0015248327066481049,0
Foret aleatoire,0.0017005640406346492,0
Foret aleatoire,0.23616629184178214,0
Foret aleatoire,0.01687221707702541,0
Foret aleatoire,0.42334715029129905,0
Foret aleatoire,0.0051855748917716184,0
Foret aleatoire,0.41018394113409473,0
Foret aleatoire,0.006358230467314029,0
Foret aleatoire,1.0,1
Foret aleatoire,0.24760357072895978,1
Foret aleatoire,0.9990671702076096,1
Foret aleatoire,0.0037859887259662777,0
Foret aleatoire,0.44603388084953965,0
Foret aleatoire,0.004544174770572123,0
Foret aleatoire,0.990872522413315,1
Foret aleatoire,0.43947476452250994,0
Foret aleatoire,0.6510372718919092,0
Foret aleatoire,0.5987976233490693,1
Foret aleatoire,0.5412334465548895,0
Foret aleatoire,0.5401244303161422,1
Foret aleatoire,0.6548696451516406,1
Foret aleatoire,0.688812572395162,0
Foret aleatoire,0.999465067271843,1
Foret aleatoire,0.548041451304752,1
Foret aleatoire,0.9937485368099349,1
Foret aleatoire,0.20925355157353462,1
Foret aleatoire,0.9984559123294053,1
Foret aleatoire,0.9991930921282391,1
Foret aleatoire,0.9984186224135536,1
Foret aleatoire,0.007551218803441478,0
Foret aleatoire,0.9992868447906037,1
Foret aleatoire,0.5737941234905742,1
Foret aleatoire,0.9992282124302392,1
Foret aleatoire,0.0030405808251765605,0
Foret aleatoire,0.5796993717828179,1
Foret aleatoire,0.005872919349453545,0
Foret aleatoire,0.0035338777868440772,0
Foret aleatoire,1.0,1
Foret aleatoire,0.6808725294838527,1
Foret aleatoire,0.9978844297767676,1
Foret aleatoire,1.0,1
Foret aleatoire,0.00441202773827926,0
Foret aleatoire,1.0,1
Foret aleatoire,0.49727973736889935,1
Foret aleatoire,0.37250568477759444,0
Foret aleatoire,0.996978787911727,1
Foret aleatoire,0.551385302984364,1
Foret aleatoire,0.9984639210347175,1
Foret aleatoire,0.0012439514053330597,0
Foret aleatoire,0.0031853688270432313,0
Foret aleatoire,0.4809190524354652,0
Foret aleatoire,0.9989868418745727,1
Foret aleatoire,0.6642757156299816,1
Foret aleatoire,0.0027593293357889358,0
Foret aleatoire,0.5265477522918206,0
Foret aleatoire,0.9985232814554089,1
Foret aleatoire,0.5782704346395972,1
Foret aleatoire,0.9993937215745725,1
Foret aleatoire,0.9932769331347018,1
Foret aleatoire,0.9971151841496555,1
Foret aleatoire,0.6987664563320038,0
Foret aleatoire,0.6101919478637242,1
Foret aleatoire,0.5961981578493503,1
Foret aleatoire,0.6115819028333112,1
Foret aleatoire,0.0,0
Foret aleatoire,0.5694271502418051,0
Foret aleatoire,0.9991587025451554,1
Foret aleatoire,0.45152202326483193,1
Foret aleatoire,0.418249287424004,1
Foret aleatoire,0.48831215100497455,1
Foret aleatoire,0.9925006103118749,1
Foret aleatoire,1.0,1
Foret aleatoire,1.0,1
Foret aleatoire,0.4717667773398962,0
Foret aleatoire,0.6013093453178405,0
Foret aleatoire,0.4545403269186098,0
Foret aleatoire,0.9980792815362932,1
Foret aleatoire,0.5538280141181307,0
Foret aleatoire,0.4704992793116859,1
Foret aleatoire,1.0,1
Foret aleatoire,1.0,1
Foret aleatoire,0.45542030811752077,0
Foret aleatoire,0.0034550845532896656,0
Foret aleatoire,0.0038153868262740427,0
Foret aleatoire,0.6239772029714836,1
Foret aleatoire,0.7048585768360266,1
Foret aleatoire,0.29221972561817844,0
Foret aleatoire,0.6754694114068468,0
Foret aleatoire,0.9980792815362932,1
Foret aleatoire,0.6256842129361203,0
Foret aleatoire,0.0,0
Foret aleatoire,0.6421497494746327,1
Foret aleatoire,0.0019787227258106573,0
Foret aleatoire,0.589553272167456,1
Foret aleatoire,0.5366800150958795,1
Foret aleatoire,0.6837463834809446,1
Foret aleatoire,1.0,1
Foret aleatoire,0.587922542714837,1
Foret aleatoire,0.005313227725319598,0
Foret aleatoire,0.4680795027328707,1
Foret aleatoire,0.002678438869625093,0
Foret aleatoire,0.6948385356279723,0
Foret aleatoire,0.42555961388157676,1
Foret aleatoire,1.0,1
Foret aleatoire,0.0003720758887456254,0
Foret aleatoire,0.338194140604593,0
Foret aleatoire,0.5912772455546836,1
Foret aleatoire,1.0,1
Foret aleatoire,0.9981981631640165,1
Foret aleatoire,0.5515240349153356,0
Foret aleatoire,1.0,1
Foret aleatoire,1.0,1
Foret aleatoire,0.0021347593319780513,0
Foret aleatoire,0.6498572731815955,1
Foret aleatoire,0.5494802884154225,1
Foret aleatoire,0.7773985421987618,1
Foret aleatoire,0.0,0
Foret aleatoire,0.4181143061350622,1
Foret aleatoire,0.006163420775738372,0
Foret aleatoire,0.6461944945061541,0
Foret aleatoire,0.002002985416014357,0
Foret aleatoire,1.0,1
Foret aleatoire,0.491780565954926,0
Foret aleatoire,0.9988000316823318,1
Foret aleatoire,0.49160061775629166,1
Foret aleatoire,0.0010956363102088795,0
Foret aleatoire,0.586360845645141,0
Foret aleatoire,0.0022295703520354114,0
Foret aleatoire,0.4204540132274117,0
Foret aleatoire,0.5122918876889953,1
Foret aleatoire,0.6089010751922604,1
Foret aleatoire,1.0,1
Foret aleatoire,0.001064196048659051,0
Foret aleatoire,0.005681295560212971,0
Foret aleatoire,0.9991299760764158,1
Foret aleatoire,0.4368607517049539,1
Foret aleatoire,0.9997636785162288,1
Foret aleatoire,0.000500887326985832,0
Foret aleatoire,0.0018021758089911558,0
Foret aleatoire,0.9992566554875182,1
Foret aleatoire,0.004015848035422046,0
Foret aleatoire,0.5906075713789543,1
Foret aleatoire,0.5003692249273384,0
Foret aleatoire,0.6066299202476082,1
Foret aleatoire,0.4943092186110269,1
Foret aleatoire,1.0,1
Foret aleatoire,0.9978204991325237,1
Foret aleatoire,0.0018675018906320951,0
Foret aleatoire,1.0,1
Foret aleatoire,0.41524821674358364,1
Foret aleatoire,0.7046614554082973,0
Foret aleatoire,0.002029626955444565,0
Foret aleatoire,0.9939032102927637,1
Foret aleatoire,0.4494931289847874,0
Foret aleatoire,0.001700926764685388,0
Foret aleatoire,0.4520336934469887,0
Foret aleatoire,0.36050174503382953,1
Foret aleatoire,0.4515130640038035,0
Foret aleatoire,0.6434133731076295,0
Foret aleatoire,0.5720368424180627,0
Foret aleatoire,0.00023466723815461347,0
Foret aleatoire,0.0011661470961782706,0
Foret aleatoire,0.0022250271025435523,0
Foret aleatoire,1.0,1
Foret aleatoire,0.5632715182196211,0
Foret aleatoire,0.001543104151292037,0
Foret aleatoire,0.0,0
Foret aleatoire,1.0,1
Foret aleatoire,0.4616855476075844,0
Foret aleatoire,0.5604448920906446,0
Foret aleatoire,0.46134552876552704,1
Foret aleatoire,0.6481653533688468,0
Foret aleatoire,0.40775058784210316,0
Foret aleatoire,0.3493452417198472,0
Foret aleatoire,0.003558584335385921,0
Foret aleatoire,0.45124527668009634,1
Foret aleatoire,0.9994352345263877,1
Foret aleatoire,0.0030687395523557297,0
Foret aleatoire,0.3933924918899653,1
Foret aleatoire,0.0003474322406799581,0
Foret aleatoire,0.48106535338235845,0
Foret aleatoire,0.0008832853726235454,0
Foret aleatoire,0.0013058401098320837,0
Foret aleatoire,0.9991033526132586,1
Foret aleatoire,0.6768468238856202,0
Foret aleatoire,0.004629171528091012,0
Foret aleatoire,0.002461342177688534,0
Foret aleatoire,0.5421568577520961,1
Foret aleatoire,1.0,1
Foret aleatoire,0.0,0
Foret aleatoire,0.3821722784506329,1
Foret aleatoire,0.717303670542152,1
Foret aleatoire,0.47914905092743654,1
Foret aleatoire,0.5138343577495454,0
Foret aleatoire,0.42684173758130894,0
Foret aleatoire,0.009512368174077659,0
Foret aleatoire,0.001999363271873842,0
Foret aleatoire,1.0,1
Foret aleatoire,0.6087920461975809,1
Foret aleatoire,1.0,1
Foret aleatoire,0.5513528742376337,1
Foret aleatoire,0.9978823693855997,1
Foret aleatoire,0.9991472060564215,1
Foret aleatoire,0.4602844221592346,1
Foret aleatoire,0.0020753578843098626,0
Foret aleatoire,0.0026042929970072548,0
Foret aleatoire,0.9997319729257284,1
Foret aleatoire,0.6922339610767001,1
Foret aleatoire,0.5308094303482582,1
Foret aleatoire,0.5748158770873768,1
Foret aleatoire,0.9950756355240222,1
Foret aleatoire,0.14838030294963736,0
Foret aleatoire,1.0,1
Foret aleatoire,0.5485582832943713,0
Foret aleatoire,0.0,0
Foret aleatoire,0.5718303012896034,1
Foret aleatoire,0.5530707137289866,1
Foret aleatoire,0.9987752138557398,1
Foret aleatoire,0.0011705984017850895,0
Foret aleatoire,0.0017700835141096862,0
Foret aleatoire,0.5907635444847277,1
Foret aleatoire,0.0,0
Foret aleatoire,1.0,1
Foret aleatoire,0.9993511556213568,1
Foret aleatoire,0.4575079570826949,0
Foret aleatoire,0.14657886859335414,0
Foret aleatoire,0.6414494173985511,0
Foret aleatoire,0.3408817400585357,0
Foret aleatoire,0.9994916828764076,1
Foret aleatoire,0.6129647077944648,1
Foret aleatoire,1.0,1
Foret aleatoire,0.0018301446031977304,0
Foret aleatoire,0.5250691011963445,1
Foret aleatoire,1.0,1
Foret aleatoire,0.37507697925581085,0
Foret aleatoire,0.6240283691213062,0
Foret aleatoire,0.5472133888169233,0
Foret aleatoire,0.5239125274518938,1
Foret aleatoire,0.010068077872653385,0
Foret aleatoire,1.0,1
Foret aleatoire,0.4613552261945914,1
Foret aleatoire,0.59887975331707,0
Foret aleatoire,1.993247769795596e-05,0
Foret aleatoire,0.7089628662084828,0
Foret aleatoire,0.5420099172534342,0
Foret aleatoire,0.5569527225692107,0
Foret aleatoire,1.0,1
Foret aleatoire,0.0005126886696922205,0
Foret aleatoire,0.1967608062022756,0
Foret aleatoire,0.003928744401940214,0
Foret aleatoire,0.5880609234860029,0
Foret aleatoire,1.0,1
Foret aleatoire,0.4611471476652333,1
Foret aleatoire,1.0,1
Foret aleatoire,0.14877504694169472,0
Foret aleatoire,0.6126517242793584,0
Foret aleatoire,0.0037163695722682018,0
Foret aleatoire,0.005189487502499195,0
Foret aleatoire,0.5828878401453771,1
Foret aleatoire,1.0,1
Foret aleatoire,0.5824003928379335,1
Foret aleatoire,0.9980442089130996,1
Foret aleatoire,1.0,1
Foret aleatoire,0.0025845893866539506,0
Foret aleatoire,0.43385530809088296,0
Foret aleatoire,0.009238008329948517,0
Foret aleatoire,0.2985346595443439,0
Foret aleatoire,0.0020181107234946037,0
Foret aleatoire,0.5845110712252661,1
Foret aleatoire,0.5458416152319537,0
Foret aleatoire,0.6439988185395797,0
Foret aleatoire,0.05944083246835209,1
Foret aleatoire,0.004677467935119652,0
Foret aleatoire,0.5719318837082021,0
Foret aleatoire,0.3845570987834113,1
Foret aleatoire,1.0,1
Foret aleatoire,0.006998767527207098,0
Foret aleatoire,0.5113663505823358,0
Foret aleatoire,0.6777562131330654,1
Foret aleatoire,0.5528885738343408,0
Foret aleatoire,0.9991587025451554,1
Foret aleatoire,0.0,0
Foret aleatoire,0.5639676696979204,1
Foret aleatoire,0.001421590758641867,0
Foret aleatoire,0.5333924174475257,1
Foret aleatoire,0.9980405284916861,1
Foret aleatoire,0.4780239635749038,1
Foret aleatoire,0.7359450320593933,0
Foret aleatoire,0.7131475342590599,0
Foret aleatoire,0.0009073281351420193,0
Foret aleatoire,0.519433146964325,1
Foret aleatoire,1.0,1
Foret aleatoire,0.002471743000729858,0
Foret aleatoire,0.473990578124201,1
Foret aleatoire,0.46010832946746427,1
Foret aleatoire,0.5164733800754506,1
Foret aleatoire,0.00626709800988094,0
Foret aleatoire,0.25663933489784796,0
Foret aleatoire,0.5322008849049539,1
Foret aleatoire,0.48762032359508695,1
Foret aleatoire,0.9961552235992649,1
Foret aleatoire,0.005129448485495426,0
Foret aleatoire,0.3190739585160633,1
Foret aleatoire,0.6332642529157566,1
Foret aleatoire,0.44837853998121346,1
Foret aleatoire,0.6481641179238412,0
Foret aleatoire,0.0011716329167476593,0
Foret aleatoire,0.7250429001852681,0
Foret aleatoire,0.5356871645247475,1
Foret aleatoire,0.5003481478429775,0
Foret aleatoire,0.45369682448665827,0
Foret aleatoire,1.0,1
Foret aleatoire,0.99902977762631,1
Foret aleatoire,0.38524158720213003,1
Foret aleatoire,0.0025167307563623027,0
Foret aleatoire,0.0,0
Foret aleatoire,0.19110621674236444,0
Foret aleatoire,1.0,1
Foret aleatoire,1.0,1
Foret aleatoire,0.5332103086633235,1
Foret aleatoire,0.5114074352226051,1
Foret aleatoire,0.0018569367350814493,0
Foret aleatoire,1.0,1
Foret aleatoire,0.4891280605716559,0
Foret aleatoire,0.9990963659283145,1
Foret aleatoire,0.0030945617807608874,0
Foret aleatoire,0.7438685488164535,0
Foret aleatoire,1.0,1
Foret aleatoire,0.6130879107469943,1
Foret aleatoire,0.5631639815687465,1
Foret aleatoire,0.46148983263271603,1
Foret aleatoire,0.00034505067424506203,0
Foret aleatoire,0.5385065190273834,0
Foret aleatoire,1.0,1
Foret aleatoire,0.0027882049748105264,0
Foret aleatoire,0.3183944549497242,1
Foret aleatoire,1.0,1
Foret aleatoire,0.4739505968921596,1
Foret aleatoire,0.9972173353689111,1
Foret aleatoire,0.49882354265567946,1
Foret aleatoire,0.010896222063371683,0
Foret aleatoire,0.4203264828824219,1
Foret aleatoire,0.5372323203652849,1
Foret aleatoire,0.9983640758942635,1
Foret aleatoire,0.4486551637791012,1
Foret aleatoire,0.9993145642065102,1
Foret aleatoire,0.5739297555027599,0
Foret aleatoire,0.55227966431561,0
Foret aleatoire,0.754352666125344,0
Foret aleatoire,0.546158754255635,1
Foret aleatoire,0.9996148397228006,1
Foret aleatoire,0.5168349792453852,0
Foret aleatoire,0.4838692093415734,1
Foret aleatoire,0.007546728565214282,0
Foret aleatoire,0.42552864504937965,1
Foret aleatoire,0.5545871519728695,1
Foret aleatoire,0.003339949017251207,0
Foret aleatoire,0.5111390342880494,1
Foret aleatoire,0.9986552235992648,1
Foret aleatoire,0.6363116770393121,0
Foret aleatoire,0.4956094385075015,0
Foret aleatoire,0.31979186008726673,0
Foret aleatoire,0.4988040994246051,1
Foret aleatoire,0.4434425214149471,1
Foret aleatoire,0.7500624988117284,0
Foret aleatoire,0.9980442089130996,1
Foret aleatoire,0.5835316431611459,0
Foret aleatoire,0.9975,1
Foret aleatoire,0.5945719903637287,0
Foret aleatoire,0.9970323735522661,1
Foret aleatoire,0.000500887326985832,0
Foret aleatoire,0.9976386632276888,1
Foret aleatoire,0.2955490242300942,0
Foret aleatoire,0.43104671445509135,0
Foret aleatoire,0.998232200401289,1
Foret aleatoire,0.998420730885496,1
Foret aleatoire,0.0010773917965226313,0
Foret aleatoire,0.9993228526169067,1
Foret aleatoire,0.44847526130622506,0
Foret aleatoire,0.0014186333730424139,0
Foret aleatoire,0.0004344946113358874,0
Foret aleatoire,0.007512357927763658,0
Foret aleatoire,0.5807099283511616,0
Foret aleatoire,0.5129485192742155,1
Foret aleatoire,0.0036863606249615353,0
Foret aleatoire,1.0,1
Foret aleatoire,0.9992566554875182,1
Foret aleatoire,0.41383540116672357,1
Foret aleatoire,0.9993511556213568,1
Foret aleatoire,1.0,1
Foret aleatoire,0.6531212370785212,1
Foret aleatoire,0.5899648057969543,1
Foret aleatoire,0.9983557694814041,1
Foret aleatoire,0.5062269229720089,0
Foret aleatoire,0.4875934597232694,0
Foret aleatoire,0.21333823948352215,0
Foret aleatoire,0.004451414541415658,0
Foret aleatoire,0.010392936222461988,0
Foret aleatoire,0.49585022732041023,1
Foret aleatoire,0.50017060525825,0
Foret aleatoire,0.5751248812200649,1
Foret aleatoire,0.42160691564140373,1
Foret aleatoire,1.0,1
Foret aleatoire,0.006950191522941418,0
Foret aleatoire,0.41893598410916577,0
Foret aleatoire,0.008974864400019614,0
Foret aleatoire,0.9966822909275246,1
Foret aleatoire,0.0022748106232701334,0
Foret aleatoire,1.0,1
Foret aleatoire,0.0,0
Foret aleatoire,0.0018569367350814493,0
Foret aleatoire,0.3640275850704848,1
Foret aleatoire,0.557899080706811,0
Foret aleatoire,0.5369231145262146,0
Foret aleatoire,0.9953144816234679,1
Foret aleatoire,0.9995528695718537,1
Foret aleatoire,0.00043769078829233263,0
Foret aleatoire,0.4506222491714529,1
Foret aleatoire,0.3339835278082664,1
Foret aleatoire,0.45580473061643473,1
Foret aleatoire,0.9996031184169631,1
Foret aleatoire,1.0,1
Foret aleatoire,0.6248453164757186,0
Foret aleatoire,0.5720921623017202,1
Foret aleatoire,0.00553716458673003,0
Foret aleatoire,0.6212055999802366,0
Foret aleatoire,0.9983654392948536,1
Foret aleatoire,0.42977264250086555,1
Foret aleatoire,0.9993614017917639,1
Foret aleatoire,0.7398230057148794,0
Foret aleatoire,1.0,1
Foret aleatoire,0.016743838976298588,0
Foret aleatoire,0.367888088676225,1
Foret aleatoire,1.0,1
Foret aleatoire,0.37800533592093966,0
Foret aleatoire,1.0,1
Foret aleatoire,0.5108954158955794,0
Foret aleatoire,0.5232866207287489,1
Foret aleatoire,0.998875629879157,1
Foret aleatoire,0.010090404686762224,0
Foret aleatoire,0.003964240861435654,0
Foret aleatoire,0.12506927538216314,0
Foret aleatoire,1.993247769795596e-05,0
Foret aleatoire,1.0,1
Foret aleatoire,0.4523593535810945,1
Foret aleatoire,0.6553624139877209,0
Foret aleatoire,0.9993511556213568,1
Foret aleatoire,0.6739510157494282,1
Foret aleatoire,0.6360550100769035,1
Foret aleatoire,0.54533524476174,0
Foret aleatoire,0.4542845398938679,1
Foret aleatoire,0.003417323518977383,0
Foret aleatoire,0.0006345865950380139,0
Foret aleatoire,0.0011124660936217042,0
Foret aleatoire,0.0,0
Foret aleatoire,0.0018659395487423723,0
Foret aleatoire,0.007042867497157553,0
Foret aleatoire,0.005118643932296737,0
Foret aleatoire,0.44992192543798765,0
Foret aleatoire,0.4490687301498525,1
Foret aleatoire,0.0016254525422641545,0
Foret aleatoire,1.0,1
Foret aleatoire,0.44302562647872945,0
Foret aleatoire,0.0013394353607210697,0
Foret aleatoire,0.6953148901976747,0
Foret aleatoire,0.9975923567247449,1
Foret aleatoire,0.6623715055657339,1
Foret aleatoire,0.9958949859396933,1
Foret aleatoire,0.46909228566049654,0
Foret aleatoire,0.004525333240197754,0
Foret aleatoire,0.00012455415420354208,0
Foret aleatoire,0.4315573501547926,0
Foret aleatoire,0.9988394279920292,1
Foret aleatoire,0.6836215390798414,0
Foret aleatoire,0.0070913468871000255,0
Foret aleatoire,0.5425569804751195,1
Foret aleatoire,0.5380833038549389,0
Foret aleatoire,0.9968511556213567,1
Foret aleatoire,0.9991587025451554,1
Foret aleatoire,0.996961861780146,1
Foret aleatoire,0.38560109437593837,0
Foret aleatoire,0.3105543758372441,0
Foret aleatoire,0.5598578622355531,1
Foret aleatoire,0.5993272452875298,1
Foret aleatoire,0.9988760623093599,1
Foret aleatoire,0.0,0
Foret aleatoire,0.004859971987142994,0
Foret aleatoire,0.0,0
Foret aleatoire,0.0013465775939733797,0
Foret aleatoire,0.5186119483814836,1
Foret aleatoire,0.002132229450588836,0
Foret aleatoire,0.998596102353129,1
Foret aleatoire,0.003383399351907288,0
Foret aleatoire,0.0037031222509976923,0
Foret aleatoire,0.34859816457460935,1
Foret aleatoire,0.16516091872427036,0
Foret aleatoire,0.01195321172212448,0
Foret aleatoire,0.007048735009471011,0
Foret aleatoire,0.41180948408991896,1
Foret aleatoire,0.0,0
Foret aleatoire,0.9987910550216497,1
Foret aleatoire,1.0,1
Foret aleatoire,1.0,1
Foret aleatoire,0.6507765813879297,0
Foret aleatoire,0.3778450161306136,1
Foret aleatoire,1.0,1
Foret aleatoire,0.4860400702591995,1
Foret aleatoire,0.00035162666051926354,0
Foret aleatoire,0.9992809147695327,1
Foret aleatoire,0.9990963659283145,1
Foret aleatoire,0.06177832588530965,0
Foret aleatoire,0.9983640758942635,1
Foret aleatoire,0.5636264771860864,1
Foret aleatoire,0.42982881934560907,1
Foret aleatoire,0.9976172877679056,1
Foret aleatoire,0.0003955054043067239,0
Foret aleatoire,0.4953101382599555,1
Foret aleatoire,0.5509949034390303,1
Foret aleatoire,0.3885811775257109,1
Foret aleatoire,0.41480935024906684,1
Foret aleatoire,0.00026166480361152736,0
Foret aleatoire,0.23969991276967265,0
Foret aleatoire,0.4697778917113753,0
Foret aleatoire,0.9993511556213568,1
Foret aleatoire,0.0039636274471162025,0
Foret aleatoire,0.6350721204681946,1
Foret aleatoire,0.2543522544681202,0
Foret aleatoire,0.012781495592824316,0
Foret aleatoire,0.005354122850569889,0
Foret aleatoire,0.000480691043363504,0
Foret aleatoire,1.0,1
Foret aleatoire,0.5884881822734027,1
Foret aleatoire,1.0,1
Foret aleatoire,0.4649417779971351,0
Foret aleatoire,0.0030555918353698153,0
Foret aleatoire,0.0067696626013676675,0
Foret aleatoire,0.9988394279920292,1
Foret aleatoire,0.4356096322821091,0
Foret aleatoire,0.5332327605240564,1
Foret aleatoire,0.641738943534518,0
Foret aleatoire,0.47326524626388056,1
Foret aleatoire,0.4390481757041258,1
Foret aleatoire,0.0025799011467153264,0
Foret aleatoire,0.5550028051874167,0
Foret aleatoire,0.0,0
Foret aleatoire,0.9989264079507808,1
Foret aleatoire,0.5279334090010426,1
Foret aleatoire,0.9991587025451554,1
Foret aleatoire,0.006127991769382234,0
Foret aleatoire,0.0648929847978412,0
Foret aleatoire,0.0006165665607374009,0
Foret aleatoire,0.9993274482965103,1
Foret aleatoire,0.0008280852735728214,0
Foret aleatoire,0.012105379085783468,0
Foret aleatoire,0.5465016041799828,1
Foret aleatoire,0.40407229791916655,1
Foret aleatoire,0.998825560116722,1
Foret aleatoire,0.47677813615684406,1
Foret aleatoire,0.415074827190669,0
Foret aleatoire,0.9979703148946403,1
Foret aleatoire,0.4762363538863677,0
Foret aleatoire,0.4702535714891441,1
Foret aleatoire,0.4833364130512651,0
Foret aleatoire,0.43303698283660697,1
Foret aleatoire,1.0,1
Foret aleatoire,0.9969835043432547,1
Foret aleatoire,0.5434820382431395,0
Foret aleatoire,0.9997076605139528,1
Foret aleatoire,0.32659428373896016,0
Foret aleatoire,0.48215170506662697,1
Foret aleatoire,0.42768401448172905,1
Foret aleatoire,0.49950510735851067,0
Foret aleatoire,0.9972406764102385,1
Foret aleatoire,0.03753165328826807,0
Foret aleatoire,0.4855339829202736,0
Foret aleatoire,0.45169831945345523,0
Foret aleatoire,0.5023582101913292,0
Foret aleatoire,1.0,1
Foret aleatoire,0.4546863478231544,0
Foret aleatoire,0.5201089661591332,1
Foret aleatoire,0.0027058522141153664,0
Foret aleatoire,0.006751688406626415,0
Foret aleatoire,0.9981762645059399,1
Foret aleatoire,0.4482995792544463,0
Foret aleatoire,1.0,1
Foret aleatoire,0.3653007038564329,0
Foret aleatoire,0.22024651623559233,0
Foret aleatoire,0.7340215720427977,0
Foret aleatoire,0.5626863700745688,0
Foret aleatoire,0.5739376585428918,0
Foret aleatoire,1.0,1
Foret aleatoire,0.5841499049563382,1
Foret aleatoire,0.00030688264643564977,0
Foret aleatoire,0.6279631174459133,1
Foret aleatoire,0.6021176971817996,1
Foret aleatoire,0.002070441070479576,0
Foret aleatoire,0.5770412604783245,1
Foret aleatoire,0.6368784105045182,0
Foret aleatoire,0.428876342054986,1
Foret aleatoire,0.00694946528291462,0
Foret aleatoire,1.0,1
Foret aleatoire,1.0,1
Foret aleatoire,0.9975,1
Foret aleatoire,0.3396356091343868,1
Foret aleatoire,0.9984639210347175,1
Foret aleatoire,0.688189360708094,0
Foret aleatoire,1.0,1
Foret aleatoire,1.0,1
Foret aleatoire,0.6602720032862566,0
Foret aleatoire,0.5131622408832449,0
Foret aleatoire,1.0,1
Foret aleatoire,0.5900054390635914,1
Foret aleatoire,0.0,0
Foret aleatoire,0.3219797644532075,0
Foret aleatoire,0.008873340621901059,0
Foret aleatoire,0.6077039169144556,0
Foret aleatoire,0.006190146921965453,0
Foret aleatoire,0.5039480328010704,1
Foret aleatoire,0.002132229450588836,0
Foret aleatoire,0.0008280852735728214,0
Foret aleatoire,0.5366217708913311,0
Foret aleatoire,0.6862558462220154,0
Foret aleatoire,0.5544420247903156,1
Foret aleatoire,0.002691154749615008,0
Foret aleatoire,1.0,1
Foret aleatoire,0.6715163713901018,1
Foret aleatoire,0.0012797021860808955,0
Foret aleatoire,0.5704687562526629,0
Foret aleatoire,0.31545083202488305,1
Foret aleatoire,0.6691746672755704,1
Foret aleatoire,1.0,1
Foret aleatoire,1.0,1
Foret aleatoire,0.00012455415420354208,0
Foret aleatoire,0.48133974714275746,0
Foret aleatoire,0.481814983296468,1
Foret aleatoire,0.5023399135844564,0
Foret aleatoire,0.41258852653732897,0
Foret aleatoire,0.5862295309269012,0
Foret aleatoire,0.18698764260307224,0
Foret aleatoire,0.5277714261830784,0
Foret aleatoire,0.5664625054208179,1
Foret aleatoire,0.46174108855819307,0
Foret aleatoire,0.636548988386531,0
Foret aleatoire,1.0,1
Foret aleatoire,0.5389755562843839,0
Foret aleatoire,0.25979252511774104,0
Foret aleatoire,0.9991587025451554,1
Foret aleatoire,0.00030688264643564977,0
Foret aleatoire,0.545810183702385,1
Foret aleatoire,0.6208422286075281,0
Foret aleatoire,0.4888267885883421,0
Foret aleatoire,0.9989891481687286,1
Foret aleatoire,0.5304745012647217,0
Foret aleatoire,1.0,1
Foret aleatoire,0.0011621032025737072,0
Foret aleatoire,0.9982702303236443,1
Foret aleatoire,1.0,1
Foret aleatoire,0.3637355405739825,0
Foret aleatoire,1.0,1
Foret aleatoire,0.4880570999517846,0
Foret aleatoire,1.0,1
Foret aleatoire,0.998238341968912,1
Foret aleatoire,0.008765918268741072,0
Foret aleatoire,0.5279954023834847,1
Foret aleatoire,0.8475660924992432,1
Foret aleatoire,0.6495453774264317,0
Foret aleatoire,1.0,1
Foret aleatoire,0.5674751060891033,0
Foret aleatoire,0.7200591513342205,1
Foret aleatoire,0.48386174145565564,1
Foret aleatoire,0.9976943307436913,1
Foret aleatoire,0.4766954104040196,0
Foret aleatoire,0.45659492114893396,0
Foret aleatoire,0.004582939628908151,0
Foret aleatoire,0.9984559123294053,1
Foret aleatoire,0.5489940452274547,0
Foret aleatoire,0.6864943745277714,1
Foret aleatoire,0.5738187554466929,1
Foret aleatoire,0.48833995285544146,1
Foret aleatoire,0.0,0
Foret aleatoire,0.5117994209005188,1
Foret aleatoire,0.011967212522274118,0
Foret aleatoire,0.5544029596778289,1
Foret aleatoire,0.6834267034358077,0
Foret aleatoire,0.6031579493189474,0
Foret aleatoire,0.6919475659091909,1
Foret aleatoire,0.0025560555006879804,0
Foret aleatoire,0.3744574347903925,0
Foret aleatoire,0.41326446060860833,0
Foret aleatoire,0.45653586210076724,0
Foret aleatoire,0.5627634575051566,0
Foret aleatoire,0.5306702054937557,1
Foret aleatoire,0.9991587025451554,1
Foret aleatoire,0.4399203823611518,1
Foret aleatoire,0.47411348382433316,0
Foret aleatoire,0.530384943867831,1
Foret aleatoire,0.001892662367459141,0
Foret aleatoire,1.0,1
Foret aleatoire,0.48075435051191506,0
Foret aleatoire,0.5763325756638653,0
Foret aleatoire,0.998232200401289,1
Foret aleatoire,1.0,1
Foret aleatoire,0.4894754401927673,0
Foret aleatoire,0.5584436769181234,1
Foret aleatoire,0.362617856850072,0
Foret aleatoire,0.5660953309058743,0
Foret aleatoire,0.9981599967726319,1
Foret aleatoire,0.5796823179694998,1
Foret aleatoire,0.5620455663325307,0
Foret aleatoire,0.0,0
Foret aleatoire,0.5904239225151985,1
Foret aleatoire,0.6164490862377809,1
Foret aleatoire,0.9966822909275246,1
Foret aleatoire,1.0,1
Foret aleatoire,0.4956422704811619,1
Foret aleatoire,0.37071412197714954,0
Foret aleatoire,0.2191701705497882,0
Foret aleatoire,0.34865348470799545,0
Foret aleatoire,0.9995084788448624,1
Foret aleatoire,1.0,1
Foret aleatoire,0.32007407052253667,1
Foret aleatoire,0.0,0
Foret aleatoire,0.44245637595877674,0
Foret aleatoire,1.0,1
Foret aleatoire,0.5160855690713331,0
Foret aleatoire,0.004393075714428999,0
Foret aleatoire,0.3772386962713537,0
Foret aleatoire,0.4971201055651378,1
Foret aleatoire,0.502212310860605,1
Foret aleatoire,0.5918738026452922,1
Foret aleatoire,0.6751813883353178,1
Foret aleatoire,0.4403793780044627,0
Foret aleatoire,1.0,1
Foret aleatoire,0.5928501162916452,0
Foret aleatoire,1.993247769795596e-05,0
Foret aleatoire,0.9980662770369862,1
Foret aleatoire,0.5435437674747692,0
Foret aleatoire,1.0,1
Foret aleatoire,0.9990963659283145,1
Foret aleatoire,0.420910227677969,0
Foret aleatoire,0.9965202467831564,1
Foret aleatoire,0.9979728054943606,1
Foret aleatoire,0.9991587025451554,1
Foret aleatoire,0.36293385334943346,0
Foret aleatoire,0.3845570987834113,0
Foret aleatoire,0.0450730005117961,0
Foret aleatoire,0.5179046224499179,1
Foret aleatoire,0.6130671550335322,0
Foret aleatoire,0.6193796728626801,1
Foret aleatoire,0.6459868341562859,0
Foret aleatoire,1.0,1
Foret aleatoire,0.2816792842724969,0
Foret aleatoire,0.0021482639933680025,0
Foret aleatoire,0.0003331070992262794,0
Foret aleatoire,0.5749853187308365,0
Foret aleatoire,0.41110173342992895,1
Foret aleatoire,0.0026075882518126047,0
Foret aleatoire,0.0036075280351892695,0
Foret aleatoire,0.5358811753840318,0
Foret aleatoire,0.48321374363618735,0
Foret aleatoire,0.5864169146763569,1
Foret aleatoire,0.004127725895465138,0
Foret aleatoire,0.002011726119923561,0
Foret aleatoire,0.6321884023979822,1
Foret aleatoire,0.0030945617807608874,0
Foret aleatoire,0.4074655196962131,1
Foret aleatoire,0.5602355334143412,0
Foret aleatoire,0.99843619131288,1
Foret aleatoire,0.5020536036695983,0
Foret aleatoire,0.7012970846458222,0
Foret aleatoire,0.42694212035973567,1
Foret aleatoire,0.02439116584828657,0
Foret aleatoire,0.6207824459696308,1
Foret aleatoire,0.4323744648315919,1
Foret aleatoire,0.6183249645760482,1
Foret aleatoire,0.0028471710987704926,0
Foret aleatoire,0.6113282494721205,1
Foret aleatoire,1.0,1
Foret aleatoire,0.020451491831509475,0
Foret aleatoire,0.0013833609650914147,0
Foret aleatoire,0.576212638592624,1
Foret aleatoire,1.0,1
Foret aleatoire,0.5231321215855101,1
Foret aleatoire,0.9988952971413962,1
Foret aleatoire,0.5387070871211014,0
Foret aleatoire,0.007087039879456025,0
Foret aleatoire,0.20699775979776494,0
Foret aleatoire,0.9976386632276888,1
Foret aleatoire,0.0,0
Foret aleatoire,0.0014186333730424139,0
Foret aleatoire,0.5383513289222114,1
Foret aleatoire,0.0032664438069405465,0
Foret aleatoire,1.0,1
Foret aleatoire,0.0,0
Foret aleatoire,1.0,1
Foret aleatoire,0.5089496600604904,1
Foret aleatoire,0.99905577505384,1
Foret aleatoire,0.9997319729257284,1
Foret aleatoire,0.17166320335401303,0
Foret aleatoire,0.9999297591481757,1
Foret aleatoire,0.3770472069767078,0
Foret aleatoire,0.580911967928309,1
Foret aleatoire,1.0,1
Foret aleatoire,0.406907142035095,1
Foret aleatoire,1.0,1
Foret aleatoire,0.004086681541955988,0
Foret aleatoire,0.7238532558766257,1
Foret aleatoire,0.006374625420586324,0
Foret aleatoire,1.0,1
Foret aleatoire,0.5703005136737459,0
Foret aleatoire,0.7050529514886195,1
Foret aleatoire,0.4678244023451765,1
Foret aleatoire,0.5814009103451976,0
Foret aleatoire,0.5396756815120365,1
Foret aleatoire,0.49875372502866694,1
Foret aleatoire,0.7070924600069927,1
Foret aleatoire,0.005526807370889187,0
Foret aleatoire,0.5056996688740093,0
Foret aleatoire,0.600411700409673,1
Foret aleatoire,0.0,0
Foret aleatoire,0.5772626811176614,1
Foret aleatoire,0.9985314663043016,1
Foret aleatoire,0.0,0
Foret aleatoire,0.49038428117545996,0
Foret aleatoire,0.5200328193646174,1
Foret aleatoire,0.9992082755603664,1
Foret aleatoire,0.403139632739647,0
Foret aleatoire,0.5291150921162763,0
Foret aleatoire,0.01745344687293261,0
Foret aleatoire,0.0026706771677339224,0
Foret aleatoire,1.0,1
Foret aleatoire,0.003124480926620785,0
Foret aleatoire,1.0,1
Foret aleatoire,0.0014186333730424139,0
Foret aleatoire,0.9976386632276888,1
Foret aleatoire,0.3767922540266296,0
Foret aleatoire,0.4080576892777744,1
Foret aleatoire,0.5869241997621253,1
Foret aleatoire,0.37577037304026445,1
Foret aleatoire,0.6645682539703333,1
Foret aleatoire,0.0016587025451553564,0
Foret aleatoire,0.0007193827506258334,0
Foret aleatoire,0.0029767432100943083,0
Foret aleatoire,0.0017914165788345817,0
Foret aleatoire,0.998661361680226,1
Foret aleatoire,0.1547575481863045,0
Foret aleatoire,0.0052163933784879265,0
Foret aleatoire,0.6121500241460797,0
Foret aleatoire,0.5545871519728695,0
Foret aleatoire,0.3865123070388413,1
Foret aleatoire,0.006522023037246264,0
Foret aleatoire,1.0,1
Foret aleatoire,0.06982088314715092,0
Foret aleatoire,0.9984153580326737,1
Foret aleatoire,1.0,1
Foret aleatoire,1.0,1
Foret aleatoire,0.7266481351304628,0
Foret aleatoire,0.004880850381655217,0
Foret aleatoire,0.3305219430049428,0
Foret aleatoire,0.003478760612715076,0
Foret aleatoire,0.0,0
Foret aleatoire,0.00212031106767256,0
Foret aleatoire,0.005852097303995171,0
Foret aleatoire,0.4885851551210629,1
Foret aleatoire,0.47373109547095926,0
Foret aleatoire,0.5467500975406618,0
Foret aleatoire,0.0013465311621262402,0
Foret aleatoire,0.996408915168766,1
Foret aleatoire,0.420785849011733,0
Foret aleatoire,0.1753621409891711,0
Foret aleatoire,0.42189874145885303,1
Foret aleatoire,1.0,1
Foret aleatoire,0.5117801438473552,0
Foret aleatoire,0.0008249011592843266,0
Foret aleatoire,0.0032770541517378655,0
Foret aleatoire,0.49080587532711933,0
Foret aleatoire,0.3724209551265025,1
Foret aleatoire,0.4388972717203556,0
Foret aleatoire,1.0,1
Foret aleatoire,0.006006955971873085,0
Foret aleatoire,0.4924994646644296,0
Foret aleatoire,0.004867028950929048,0
Foret aleatoire,0.000987025028809415,0
Foret aleatoire,0.001087971231146394,0
Foret aleatoire,0.9986408556070709,1
Foret aleatoire,0.48753991884822634,0
Foret aleatoire,0.49099512253144545,0
Foret aleatoire,0.5481302835752624,1
Foret aleatoire,0.5790728640531149,1
Foret aleatoire,0.32267343507511614,1
Foret aleatoire,0.347882025331299,0
Foret aleatoire,0.9978692717271952,1
Foret aleatoire,0.7098734828896609,1
Foret aleatoire,0.0012439514053330597,0
Foret aleatoire,1.0,1
Foret aleatoire,0.47043854720959155,1
Foret aleatoire,0.3940243714209158,1
Foret aleatoire,0.9990963659283145,1
Foret aleatoire,0.6143853677652183,0
Foret aleatoire,0.5330331308977473,0
Foret aleatoire,0.002104375824790687,0
Foret aleatoire,0.6362157494282732,0
Foret aleatoire,0.57229708985849,0
Foret aleatoire,0.9989998360078377,1
Foret aleatoire,0.006334460182730419,0
Foret aleatoire,0.549396274458101,1
Foret aleatoire,1.0,1
Foret aleatoire,0.5058396677235389,0
Foret aleatoire,0.5725269958110243,0
Foret aleatoire,0.0,0
Foret aleatoire,0.5100271724099856,1
Foret aleatoire,0.22096732885294895,0
Foret aleatoire,1.0,1
Foret aleatoire,0.5853824835267871,0
Foret aleatoire,0.5035664795817444,0
Foret aleatoire,0.0015895046828822421,0
Foret aleatoire,0.6455669458612437,1
Foret aleatoire,0.0,0
Foret aleatoire,0.5186993309322303,1
Foret aleatoire,0.004134440876897889,0
Foret aleatoire,0.5483673899227047,0
Foret aleatoire,0.0016254525422641545,0
Foret aleatoire,0.6636771351175962,1
Foret aleatoire,0.49930940310971594,1
Foret aleatoire,0.012432812686249834,0
Foret aleatoire,0.580911967928309,1
Foret aleatoire,1.0,1
Foret aleatoire,0.003477807989248861,0
Foret aleatoire,0.0027058522141153664,0
Foret aleatoire,0.006338474125862942,0
Foret aleatoire,0.5262712597975894,1
Foret aleatoire,0.3745113306901649,0
Foret aleatoire,0.50775481379534,1
Foret aleatoire,0.003755822468791933,0
Foret aleatoire,1.0,1
Foret aleatoire,0.5474361746902519,1
Foret aleatoire,0.44597128237156525,1
Foret aleatoire,0.0005063667232597621,0
Foret aleatoire,0.5233870308576408,0
Foret aleatoire,0.0,0
Foret aleatoire,0.46398287201713695,1
Foret aleatoire,0.5940872200132875,1
Foret aleatoire,0.9997102454140797,1
Foret aleatoire,0.6879224968143356,0
Foret aleatoire,0.008550572759045404,0
Foret aleatoire,1.0,1
Foret aleatoire,1.0,1
Foret aleatoire,0.5683620938168601,0
Foret aleatoire,0.00044864119589274707,0
Foret aleatoire,0.9998137889073908,1
Foret aleatoire,0.4134347087460586,0
Foret aleatoire,0.5076170658137369,0
Foret aleatoire,0.0028319314487219014,0
Foret aleatoire,0.0,0
Foret aleatoire,0.6632832229191221,1
Foret aleatoire,0.6999860477042451,1
Foret aleatoire,0.9996454674966706,1
Foret aleatoire,0.0025490634206448664,0
Foret aleatoire,1.0,1
Foret aleatoire,0.5605568688359223,1
Foret aleatoire,0.9993458461568362,1
Foret aleatoire,0.0015693155641181282,0
Foret aleatoire,0.5086359377532755,0
Foret aleatoire,0.5222821743021483,0
Foret aleatoire,0.9966008807072924,1
Foret aleatoire,0.006358538131511235,0
Foret aleatoire,1.0,1
Foret aleatoire,0.9929776395547943,1
Foret aleatoire,0.39165029482619423,0
Foret aleatoire,0.5294808195726509,0
Foret aleatoire,0.0018569367350814493,0
Foret aleatoire,0.4851978427976666,0
Foret aleatoire,0.0014868934043063883,0
Foret aleatoire,0.0016254525422641545,0
Foret aleatoire,0.22233125245446467,0
Foret aleatoire,0.9994645339140104,1
Foret aleatoire,0.489080353785682,0
Foret aleatoire,0.003696587335586167,0
Foret aleatoire,0.00252121712314062,0
Foret aleatoire,0.3956050426344837,1
Foret aleatoire,0.009267824754049532,0
Foret aleatoire,1.0,1
Foret aleatoire,0.505936591248642,1
Foret aleatoire,0.5874024049535679,1
Foret aleatoire,0.561362658220651,1
Foret aleatoire,0.29264381709896836,0
Foret aleatoire,0.4789844000173938,0
Foret aleatoire,0.0027415637372243435,0
Foret aleatoire,0.4583117424839297,1
Foret aleatoire,0.9964130168619095,1
Foret aleatoire,0.5389755562843839,1
Foret aleatoire,0.31759162850287437,1
Foret aleatoire,0.5579566039277366,0
Foret aleatoire,0.5006148414412237,0
Foret aleatoire,0.0007024678165815507,0
Foret aleatoire,0.6461779510461113,1
Foret aleatoire,1.0,1
Foret aleatoire,0.6740068417616668,0
Foret aleatoire,0.5030268122903504,1
Foret aleatoire,0.4516228290639729,0
Foret aleatoire,0.6512774866247497,0
Foret aleatoire,0.0,0
Foret aleatoire,0.44119523655315923,1
Foret aleatoire,0.9971100786604019,1
Foret aleatoire,0.628709017304597,0
Foret aleatoire,0.9967162532475087,1
Foret aleatoire,0.6617434123839177,1
Foret aleatoire,0.00227693403266075,0
Foret aleatoire,0.999065934065934,1
Foret aleatoire,0.5374771419283689,0
XGBoost,0.38869839906692505,1
XGBoost,0.9998449087142944,1
XGBoost,0.00034996701288037,0
XGBoost,0.999519944190979,1
XGBoost,0.9994705319404602,1
XGBoost,0.00024879566626623273,0
XGBoost,0.0004627963062375784,0
XGBoost,0.6446012258529663,1
XGBoost,0.9995600581169128,1
XGBoost,0.9993351101875305,1
XGBoost,0.9997356534004211,1
XGBoost,0.00047641139826737344,0
XGBoost,0.5067945122718811,1
XGBoost,0.3204018771648407,1
XGBoost,0.3603915572166443,0
XGBoost,0.6293293237686157,1
XGBoost,0.4489234983921051,1
XGBoost,0.0003798043471761048,0
XGBoost,0.4158690571784973,0
XGBoost,0.999669075012207,1
XGBoost,0.000290407711872831,0
XGBoost,0.6400181651115417,0
XGBoost,0.6402751207351685,1
XGBoost,0.5441575646400452,1
XGBoost,0.9992864727973938,1
XGBoost,0.42258644104003906,1
XGBoost,0.9995816349983215,1
XGBoost,0.0004035071178805083,0
XGBoost,0.999495267868042,1
XGBoost,0.9997149109840393,1
XGBoost,0.0003018984862137586,0
XGBoost,0.0009646216058172286,0
XGBoost,0.00036183628253638744,0
XGBoost,0.6864430904388428,0
XGBoost,0.541368305683136,1
XGBoost,0.9995144605636597,1
XGBoost,0.9996705055236816,1
XGBoost,0.4600938558578491,1
XGBoost,0.9998302459716797,1
XGBoost,0.38936156034469604,1
XGBoost,0.0004137195646762848,0
XGBoost,0.560359001159668,1
XGBoost,0.1474895179271698,0
XGBoost,0.23085957765579224,0
XGBoost,0.4627586901187897,0
XGBoost,0.5249901413917542,1
XGBoost,0.0006440752767957747,0
XGBoost,0.9997721314430237,1
XGBoost,0.00016500643687322736,0
XGBoost,0.532463788986206,1
XGBoost,0.9992952346801758,1
XGBoost,0.9995941519737244,1
XGBoost,0.0003827057662419975,0
XGBoost,0.5794544219970703,1
XGBoost,0.0005500133847817779,0
XGBoost,0.0006557719316333532,0
XGBoost,0.25362998247146606,0
XGBoost,0.4309759736061096,1
XGBoost,0.00036954082315787673,0
XGBoost,0.9992809891700745,1
XGBoost,0.9996596574783325,1
XGBoost,0.6289263963699341,1
XGBoost,0.5982694625854492,1
XGBoost,0.34150224924087524,0
XGBoost,0.7404775619506836,0
XGBoost,0.0006491814274340868,0
XGBoost,0.9995766282081604,1
XGBoost,0.0006677190540358424,0
XGBoost,0.4182804226875305,0
XGBoost,0.4706175923347473,0
XGBoost,0.0003575728042051196,0
XGBoost,0.9997270703315735,1
XGBoost,0.9996839761734009,1
XGBoost,0.0008184805628843606,0
XGBoost,0.9995716214179993,1
XGBoost,0.9994175434112549,1
XGBoost,0.0006552134291268885,0
XGBoost,0.24282823503017426,0
XGBoost,0.4820343255996704,0
XGBoost,0.999670147895813,1
XGBoost,0.4870574474334717,1
XGBoost,0.00048056329251267016,0
XGBoost,0.5450016856193542,1
XGBoost,0.9994945526123047,1
XGBoost,0.48631608486175537,1
XGBoost,0.999366819858551,1
XGBoost,0.0003115875006187707,0
XGBoost,0.5701940655708313,0
XGBoost,0.5366572737693787,0
XGBoost,0.9996670484542847,1
XGBoost,0.00047639483818784356,0
XGBoost,0.41648849844932556,0
XGBoost,0.5265501737594604,1
XGBoost,0.9995530247688293,1
XGBoost,0.4917435944080353,0
XGBoost,0.5434715151786804,1
XGBoost,0.420998752117157,0
XGBoost,0.5652146935462952,0
XGBoost,0.03457263112068176,0
XGBoost,0.9992157220840454,1
XGBoost,0.7318206429481506,1
XGBoost,0.5580436587333679,1
XGBoost,0.9997578263282776,1
XGBoost,0.1496129035949707,1
XGBoost,0.5665283799171448,1
XGBoost,0.0006653233431279659,0
XGBoost,0.9995707869529724,1
XGBoost,0.0008223471231758595,0
XGBoost,0.546990692615509,1
XGBoost,0.0010538202477619052,0
XGBoost,0.0004001690831501037,0
XGBoost,0.00045043727732263505,0
XGBoost,0.7567087411880493,1
XGBoost,0.435724675655365,0
XGBoost,0.9996165037155151,1
XGBoost,0.9996289014816284,1
XGBoost,0.02545076794922352,0
XGBoost,0.5661025047302246,0
XGBoost,0.999407172203064,1
XGBoost,0.5268852114677429,1
XGBoost,0.7992528676986694,0
XGBoost,0.2746167480945587,1
XGBoost,0.9995620846748352,1
XGBoost,0.6975674629211426,0
XGBoost,0.5176526308059692,0
XGBoost,0.5285047888755798,0
XGBoost,0.4626519978046417,1
XGBoost,0.5061379671096802,0
XGBoost,0.5380924940109253,0
XGBoost,0.38070204854011536,0
XGBoost,0.0004102241073269397,0
XGBoost,0.9992930889129639,1
XGBoost,0.9990986585617065,1
XGBoost,0.0005784276872873306,0
XGBoost,0.00042856900836341083,0
XGBoost,0.5658566951751709,1
XGBoost,0.9995080232620239,1
XGBoost,0.3742624819278717,0
XGBoost,0.6803000569343567,1
XGBoost,0.9997302889823914,1
XGBoost,0.999830961227417,1
XGBoost,0.00043884257320314646,0
XGBoost,0.5816301703453064,1
XGBoost,0.9995279312133789,1
XGBoost,0.9980946183204651,1
XGBoost,0.4698834717273712,0
XGBoost,0.0005443154368549585,0
XGBoost,0.4753357768058777,0
XGBoost,0.000589116127230227,0
XGBoost,0.41187816858291626,1
XGBoost,0.999794065952301,1
XGBoost,0.0005335743189789355,0
XGBoost,0.16093991696834564,0
XGBoost,0.6462032794952393,1
XGBoost,0.49403315782546997,0
XGBoost,0.42627978324890137,0
XGBoost,0.4211401343345642,1
XGBoost,0.9994896650314331,1
XGBoost,0.523318350315094,1
XGBoost,0.0003761452389881015,0
XGBoost,0.5412708520889282,1
XGBoost,0.4702482521533966,0
XGBoost,0.4656980633735657,0
XGBoost,0.6478812098503113,1
XGBoost,0.4347948431968689,0
XGBoost,0.3323994278907776,0
XGBoost,0.38039425015449524,0
XGBoost,0.9995514750480652,1
XGBoost,0.9995265007019043,1
XGBoost,0.6550230979919434,1
XGBoost,0.4611569941043854,0
XGBoost,0.402972012758255,0
XGBoost,0.0004221322597004473,0
XGBoost,0.0005913531640544534,0
XGBoost,0.000529259501490742,0
XGBoost,0.0008273842395283282,0
XGBoost,0.3415325880050659,1
XGBoost,0.5719060897827148,1
XGBoost,0.0008421133388765156,0
XGBoost,0.6039716601371765,0
XGBoost,0.5600388050079346,1
XGBoost,0.5869883894920349,0
XGBoost,0.3988323211669922,1
XGBoost,0.35044366121292114,0
XGBoost,0.5611331462860107,1
XGBoost,0.43044382333755493,0
XGBoost,0.0004057000332977623,0
XGBoost,0.4791390895843506,0
XGBoost,0.5307333469390869,0
XGBoost,0.0002189813822042197,0
XGBoost,0.9996271133422852,1
XGBoost,0.48924028873443604,1
XGBoost,0.7171865105628967,1
XGBoost,0.6908023953437805,0
XGBoost,0.2968715727329254,0
XGBoost,0.9997946619987488,1
XGBoost,0.9996882677078247,1
XGBoost,0.9995585083961487,1
XGBoost,0.0006507532671093941,0
XGBoost,0.6353219747543335,1
XGBoost,0.00021163497876841575,0
XGBoost,0.9994795918464661,1
XGBoost,0.0005299255717545748,0
XGBoost,0.00027690271963365376,0
XGBoost,0.0012980871833860874,0
XGBoost,0.0006038247374817729,0
XGBoost,0.47432368993759155,0
XGBoost,0.411103755235672,0
XGBoost,0.999382495880127,1
XGBoost,0.0009206171380355954,0
XGBoost,0.057954091578722,0
XGBoost,0.7018405795097351,0
XGBoost,0.9996293783187866,1
XGBoost,0.5831342935562134,0
XGBoost,0.9997705817222595,1
XGBoost,0.9995782971382141,1
XGBoost,0.99940025806427,1
XGBoost,0.5420589447021484,0
XGBoost,0.9992801547050476,1
XGBoost,0.5010495185852051,1
XGBoost,0.7248696088790894,1
XGBoost,0.9997333884239197,1
XGBoost,0.9997438788414001,1
XGBoost,0.5539580583572388,1
XGBoost,0.6674289703369141,0
XGBoost,0.30895230174064636,0
XGBoost,0.0011790465796366334,0
XGBoost,0.49919769167900085,0
XGBoost,0.9993292093276978,1
XGBoost,0.44996994733810425,1
XGBoost,0.0007728964556008577,0
XGBoost,0.9997398257255554,1
XGBoost,0.0005488040042109787,0
XGBoost,0.7371639013290405,0
XGBoost,0.0008110895869322121,0
XGBoost,0.0009147269302047789,0
XGBoost,0.41865989565849304,1
XGBoost,0.9995272159576416,1
XGBoost,0.43960216641426086,1
XGBoost,0.52675861120224,0
XGBoost,0.0005278309690766037,0
XGBoost,0.99941086769104,1
XGBoost,0.0005197800346650183,0
XGBoost,0.0005299255717545748,0
XGBoost,0.4536924362182617,1
XGBoost,0.9996567964553833,1
XGBoost,0.00024370038590859622,0
XGBoost,0.37042710185050964,0
XGBoost,0.5758447647094727,1
XGBoost,0.0004586109716910869,0
XGBoost,0.46929946541786194,1
XGBoost,0.9996986389160156,1
XGBoost,0.9998010993003845,1
XGBoost,0.2929926812648773,0
XGBoost,0.6024994254112244,1
XGBoost,0.6687279939651489,1
XGBoost,0.00031064634094946086,0
XGBoost,0.3409508168697357,0
XGBoost,0.00042856656364165246,0
XGBoost,0.9989118576049805,1
XGBoost,0.9995143413543701,1
XGBoost,0.9996546506881714,1
XGBoost,0.9998102784156799,1
XGBoost,0.00047405267832800746,0
XGBoost,0.5509445071220398,1
XGBoost,0.35136863589286804,1
XGBoost,0.9993834495544434,1
XGBoost,0.9997474551200867,1
XGBoost,0.5754501223564148,1
XGBoost,0.37600278854370117,0
XGBoost,0.28817716240882874,0
XGBoost,0.99921715259552,1
XGBoost,0.5423541069030762,1
XGBoost,0.4130818247795105,1
XGBoost,0.999692440032959,1
XGBoost,0.5234848260879517,1
XGBoost,0.0009660600917413831,0
XGBoost,0.5808483958244324,0
XGBoost,0.0006155343144200742,0
XGBoost,0.5126078128814697,1
XGBoost,0.0003294270718470216,0
XGBoost,0.9994533658027649,1
XGBoost,0.5895256996154785,1
XGBoost,0.00047867815010249615,0
XGBoost,0.1006750762462616,0
XGBoost,0.999579131603241,1
XGBoost,0.6201038956642151,0
XGBoost,0.9998170733451843,1
XGBoost,0.9995461106300354,1
XGBoost,0.33452656865119934,0
XGBoost,0.0006272406899370253,0
XGBoost,0.0015592551790177822,0
XGBoost,0.6703503727912903,0
XGBoost,0.06240806728601456,0
XGBoost,0.00032001748331822455,0
XGBoost,0.9995993971824646,1
XGBoost,0.32046329975128174,0
XGBoost,0.33524632453918457,0
XGBoost,0.5574096441268921,1
XGBoost,0.5962896943092346,0
XGBoost,0.0007071916479617357,0
XGBoost,0.5733141899108887,1
XGBoost,0.5852565765380859,1
XGBoost,0.0006171874119900167,0
XGBoost,0.00038571705226786435,0
XGBoost,0.549812912940979,1
XGBoost,0.5374078154563904,1
XGBoost,0.9993560910224915,1
XGBoost,0.3793834447860718,1
XGBoost,0.0008355933241546154,0
XGBoost,0.9996449947357178,1
XGBoost,0.3267444372177124,1
XGBoost,0.15010322630405426,0
XGBoost,0.39419135451316833,1
XGBoost,0.0006543342024087906,0
XGBoost,0.0007938528433442116,0
XGBoost,0.0002558265987318009,0
XGBoost,0.0004121498786844313,0
XGBoost,0.5711503624916077,1
XGBoost,0.0003217275079805404,0
XGBoost,0.5316941738128662,1
XGBoost,0.5912183523178101,0
XGBoost,0.4536820352077484,0
XGBoost,0.43961966037750244,1
XGBoost,0.9995430707931519,1
XGBoost,0.9994421601295471,1
XGBoost,0.29375311732292175,0
XGBoost,0.0004128559376113117,0
XGBoost,0.6007804870605469,1
XGBoost,0.3430393636226654,1
XGBoost,0.00046988108078949153,0
XGBoost,0.0003280643722973764,0
XGBoost,0.9997103810310364,1
XGBoost,0.0005209344672039151,0
XGBoost,0.53875333070755,0
XGBoost,0.0005617538699880242,0
XGBoost,0.5497955083847046,1
XGBoost,0.9990898370742798,1
XGBoost,0.0007731738151051104,0
XGBoost,0.9993447661399841,1
XGBoost,0.9996378421783447,1
XGBoost,0.33059796690940857,0
XGBoost,0.00037647850695066154,0
XGBoost,0.42627978324890137,1
XGBoost,0.000366280903108418,0
XGBoost,0.0004044903616886586,0
XGBoost,0.10078992694616318,0
XGBoost,0.00043477429426275194,0
XGBoost,0.0006220514187589288,0
XGBoost,0.999718964099884,1
XGBoost,0.00029734009876847267,0
XGBoost,0.0008136460673995316,0
XGBoost,0.44619220495224,0
XGBoost,0.9994397759437561,1
XGBoost,0.00032442007795907557,0
XGBoost,0.36386993527412415,1
XGBoost,0.5893267393112183,1
XGBoost,0.8239494562149048,1
XGBoost,0.3057892620563507,1
XGBoost,0.5266414880752563,0
XGBoost,0.5164908170700073,1
XGBoost,0.47466203570365906,0
XGBoost,0.1719350963830948,0
XGBoost,0.9996232986450195,1
XGBoost,0.9996048808097839,1
XGBoost,0.6335840225219727,1
XGBoost,0.5210388898849487,1
XGBoost,0.6693767309188843,0
XGBoost,0.0005881270626559854,0
XGBoost,0.4530996084213257,1
XGBoost,0.4315846860408783,0
XGBoost,0.4954970180988312,0
XGBoost,0.473179429769516,0
XGBoost,0.39686188101768494,0
XGBoost,0.0007300419383682311,0
XGBoost,0.0007530075963586569,0
XGBoost,0.000453760614618659,0
XGBoost,0.4549362063407898,1
XGBoost,0.3592020571231842,1
XGBoost,0.0005835698684677482,0
XGBoost,0.6304546594619751,1
XGBoost,0.39951783418655396,1
XGBoost,0.00019686379528138787,0
XGBoost,0.0004244486044626683,0
XGBoost,0.5330168008804321,0
XGBoost,0.0003870995424222201,0
XGBoost,0.9996885061264038,1
XGBoost,0.5539580583572388,0
XGBoost,0.4627898335456848,0
XGBoost,0.0004670196503866464,0
XGBoost,0.5534278154373169,1
XGBoost,0.9995059967041016,1
XGBoost,0.0006734475027769804,0
XGBoost,0.5911727547645569,0
XGBoost,0.9996442794799805,1
XGBoost,0.5654488801956177,0
XGBoost,0.9996423721313477,1
XGBoost,0.999754011631012,1
XGBoost,0.6585739254951477,1
XGBoost,0.014668279327452183,0
XGBoost,0.45751339197158813,0
XGBoost,0.005456766579300165,0
XGBoost,0.33402225375175476,1
XGBoost,0.467853844165802,1
XGBoost,0.00035745027707889676,0
XGBoost,0.0007740975706838071,0
XGBoost,0.5517739057540894,1
XGBoost,0.440640926361084,0
XGBoost,0.0004616502847056836,0
XGBoost,0.9996562004089355,1
XGBoost,0.338311105966568,0
XGBoost,0.9996625185012817,1
XGBoost,0.5697311758995056,0
XGBoost,0.48756951093673706,0
XGBoost,0.9996008276939392,1
XGBoost,0.9996534585952759,1
XGBoost,0.9997037053108215,1
XGBoost,0.5841127634048462,0
XGBoost,0.00026747313677333295,0
XGBoost,0.4629032015800476,0
XGBoost,0.5294417142868042,1
XGBoost,0.6102349758148193,0
XGBoost,0.9995330572128296,1
XGBoost,0.0005147421616129577,0
XGBoost,0.0004763998440466821,0
XGBoost,0.9995397329330444,1
XGBoost,0.3745209872722626,0
XGBoost,0.4189460873603821,0
XGBoost,0.5841527581214905,1
XGBoost,0.14943310618400574,0
XGBoost,0.6449717283248901,0
XGBoost,0.0006799365510232747,0
XGBoost,0.0006931448588147759,0
XGBoost,0.9997219443321228,1
XGBoost,0.0005763142253272235,0
XGBoost,0.9993834495544434,1
XGBoost,0.0006135029252618551,0
XGBoost,0.0001449486007913947,0
XGBoost,0.6285830736160278,1
XGBoost,0.3584238588809967,0
XGBoost,0.5896170735359192,0
XGBoost,0.0005093941581435502,0
XGBoost,0.5344536304473877,1
XGBoost,0.0005936337984167039,0
XGBoost,0.2780364751815796,0
XGBoost,0.9996674060821533,1
XGBoost,0.0002349030110053718,0
XGBoost,0.3950860798358917,0
XGBoost,0.9997398257255554,1
XGBoost,0.9995104074478149,1
XGBoost,0.00037971691926941276,0
XGBoost,0.9996930360794067,1
XGBoost,0.5092340111732483,1
XGBoost,0.9997550845146179,1
XGBoost,0.43208807706832886,1
XGBoost,0.0007520157960243523,0
XGBoost,0.0006920560845173895,0
XGBoost,0.0005214284756220877,0
XGBoost,0.0007071616710163653,0
XGBoost,0.0005257268785499036,0
XGBoost,0.9997954964637756,1
XGBoost,0.0009076439309865236,0
XGBoost,0.6217811107635498,0
XGBoost,0.3866264522075653,1
XGBoost,0.9995021820068359,1
XGBoost,0.0005871908506378531,0
XGBoost,0.9994420409202576,1
XGBoost,0.5065684914588928,0
XGBoost,0.5399426817893982,0
XGBoost,0.006158143747597933,0
XGBoost,0.0004924496170133352,0
XGBoost,0.9995601773262024,1
XGBoost,0.2765469253063202,1
XGBoost,0.6379789113998413,1
XGBoost,0.38672640919685364,0
XGBoost,0.000424619996920228,0
XGBoost,0.9997192025184631,1
XGBoost,0.9996137022972107,1
XGBoost,0.000639326055534184,0
XGBoost,0.0004765563062392175,0
XGBoost,0.0003812515933532268,0
XGBoost,0.9996410608291626,1
XGBoost,0.000659545767121017,0
XGBoost,0.9995400905609131,1
XGBoost,0.0003375769010744989,0
XGBoost,0.44759848713874817,0
XGBoost,0.9995229244232178,1
XGBoost,0.0006874746177345514,0
XGBoost,0.4372093379497528,1
XGBoost,0.3867855370044708,1
XGBoost,0.00047894075396470726,0
XGBoost,0.999420166015625,1
XGBoost,0.0003961170732509345,0
XGBoost,0.4362812042236328,1
XGBoost,0.5102242827415466,1
XGBoost,0.45557326078414917,0
XGBoost,0.9995813965797424,1
XGBoost,0.31210723519325256,0
XGBoost,0.0006077074795030057,0
XGBoost,0.5538899898529053,0
XGBoost,0.5595221519470215,0
XGBoost,0.0006000535213388503,0
XGBoost,0.0008237286237999797,0
XGBoost,0.0005030329339206219,0
XGBoost,0.2762942314147949,1
XGBoost,0.4487033486366272,1
XGBoost,0.3184138536453247,0
XGBoost,0.00048317800974473357,0
XGBoost,0.0004032660217490047,0
XGBoost,0.448249489068985,1
XGBoost,0.12503236532211304,0
XGBoost,0.9990015625953674,1
XGBoost,0.3366691470146179,1
XGBoost,0.0005766532267443836,0
XGBoost,0.5383593440055847,1
XGBoost,0.46706879138946533,1
XGBoost,0.9995966553688049,1
XGBoost,0.00045650365063920617,0
XGBoost,0.47647178173065186,0
XGBoost,0.5436812043190002,1
XGBoost,0.9996994733810425,1
XGBoost,0.0006605179514735937,0
XGBoost,0.3964431881904602,1
XGBoost,0.0004522242525126785,0
XGBoost,0.9995394945144653,1
XGBoost,0.9993973970413208,1
XGBoost,0.3706664741039276,1
XGBoost,0.00042233208660036325,0
XGBoost,0.9995111227035522,1
XGBoost,0.6407442688941956,1
XGBoost,0.9991840720176697,1
XGBoost,0.5294864773750305,1
XGBoost,0.5075016617774963,1
XGBoost,0.45435962080955505,1
XGBoost,0.9998557567596436,1
XGBoost,0.9995225667953491,1
XGBoost,0.5751517415046692,0
XGBoost,0.0004949854919686913,0
XGBoost,0.6542125940322876,0
XGBoost,0.44473758339881897,1
XGBoost,0.6894904375076294,1
XGBoost,0.4801524877548218,0
XGBoost,0.004099320154637098,0
XGBoost,0.9995545744895935,1
XGBoost,0.9993288516998291,1
XGBoost,0.0003570839762687683,0
XGBoost,0.9996925592422485,1
XGBoost,0.6285631656646729,0
XGBoost,0.3201974034309387,0
XGBoost,0.000134589834487997,0
XGBoost,0.00034459438757039607,0
XGBoost,0.5385066866874695,1
XGBoost,0.34907442331314087,0
XGBoost,0.2436167597770691,0
XGBoost,0.00047108816215768456,0
XGBoost,0.4559216797351837,1
XGBoost,0.00028719723923131824,0
XGBoost,0.43559354543685913,1
XGBoost,0.5321360230445862,0
XGBoost,0.00029785450897179544,0
XGBoost,0.657637894153595,1
XGBoost,0.0005753408768214285,0
XGBoost,0.9995720982551575,1
XGBoost,0.9997984766960144,1
XGBoost,0.6499468684196472,0
XGBoost,0.9996694326400757,1
XGBoost,0.35029926896095276,0
XGBoost,0.48812809586524963,1
XGBoost,0.0005567602929659188,0
XGBoost,0.0007750267977826297,0
XGBoost,0.556510865688324,0
XGBoost,0.0006906560156494379,0
XGBoost,0.9994115829467773,1
XGBoost,0.9990693926811218,1
XGBoost,0.0006092498078942299,0
XGBoost,0.0002645194181241095,0
XGBoost,0.6576414704322815,0
XGBoost,0.9997637867927551,1
XGBoost,0.3984708786010742,1
XGBoost,0.9996662139892578,1
XGBoost,0.4374629259109497,0
XGBoost,0.6229208111763,1
XGBoost,0.3505561351776123,1
XGBoost,0.9995574355125427,1
XGBoost,0.4312969446182251,1
XGBoost,0.5328152179718018,0
XGBoost,0.9995960593223572,1
XGBoost,0.7493414282798767,0
XGBoost,0.4957985579967499,0
XGBoost,0.63373863697052,1
XGBoost,0.579944908618927,1
XGBoost,0.9992939233779907,1
XGBoost,0.000507752934936434,0
XGBoost,0.9995810389518738,1
XGBoost,0.9994685053825378,1
XGBoost,0.7172870635986328,1
XGBoost,0.5301172137260437,0
XGBoost,0.0006297138752415776,0
XGBoost,0.9996354579925537,1
XGBoost,0.35970339179039,0
XGBoost,0.0003433579404372722,0
XGBoost,0.0005623337929137051,0
XGBoost,0.00033707599504850805,0
XGBoost,0.20773184299468994,0
XGBoost,0.000704120029695332,0
XGBoost,0.0010422400664538145,0
XGBoost,0.0003960561007261276,0
XGBoost,0.3962879478931427,0
XGBoost,0.39948028326034546,1
XGBoost,0.00022838840959593654,0
XGBoost,0.4981759786605835,1
XGBoost,0.3229597210884094,1
XGBoost,0.3924829959869385,1
XGBoost,0.0006491838721558452,0
XGBoost,0.3095680773258209,1
XGBoost,0.45882612466812134,0
XGBoost,0.337128221988678,0
XGBoost,0.5795096755027771,1
XGBoost,0.5793011784553528,1
XGBoost,0.0005702526541426778,0
XGBoost,0.4769468605518341,1
XGBoost,0.0004142296384088695,0
XGBoost,0.6452983617782593,1
XGBoost,0.9993032217025757,1
XGBoost,0.5133419632911682,1
XGBoost,0.9986522793769836,1
XGBoost,0.26201558113098145,0
XGBoost,0.9997668862342834,1
XGBoost,0.9996919631958008,1
XGBoost,0.4091309905052185,0
XGBoost,0.4599257707595825,1
XGBoost,0.9984832406044006,1
XGBoost,0.5245276689529419,1
XGBoost,0.00039992236997932196,0
XGBoost,0.276562362909317,0
XGBoost,0.5041972398757935,1
XGBoost,0.0005119374254718423,0
XGBoost,0.5410312414169312,1
XGBoost,0.00030162601615302265,0
XGBoost,0.9996691942214966,1
XGBoost,0.5664860606193542,1
XGBoost,0.4939911663532257,1
XGBoost,0.9997212290763855,1
XGBoost,0.9997089505195618,1
XGBoost,0.5721473097801208,1
XGBoost,0.5135859847068787,0
XGBoost,0.5443318486213684,0
XGBoost,0.9994311928749084,1
XGBoost,0.6074438691139221,1
XGBoost,0.5285302996635437,1
XGBoost,0.0008460608078166842,0
XGBoost,0.4839016795158386,0
XGBoost,0.4571986794471741,1
XGBoost,0.2684358060359955,0
XGBoost,0.0002510268532205373,0
XGBoost,0.6813046336174011,1
XGBoost,0.68325275182724,0
XGBoost,0.9994438290596008,1
XGBoost,0.9995545744895935,1
XGBoost,0.5073397159576416,0
XGBoost,0.0003528805682435632,0
XGBoost,0.5282658338546753,1
XGBoost,0.4706904888153076,1
XGBoost,0.9996008276939392,1
XGBoost,0.0005093147046864033,0
XGBoost,0.0004044566594529897,0
XGBoost,0.5673807859420776,1
XGBoost,0.4444890022277832,0
XGBoost,0.4266304671764374,1
XGBoost,0.4826185405254364,0
XGBoost,0.38899850845336914,1
XGBoost,0.0003164996742270887,0
XGBoost,0.27888211607933044,1
XGBoost,0.5175396203994751,0
XGBoost,0.00045396116911433637,0
XGBoost,0.00045119793503545225,0
XGBoost,0.3550879955291748,1
XGBoost,0.0005963433068245649,0
XGBoost,0.4074563980102539,0
XGBoost,0.6701757311820984,0
XGBoost,0.566827654838562,1
XGBoost,0.9996155500411987,1
XGBoost,0.47454097867012024,1
XGBoost,0.13611330091953278,0
XGBoost,0.4550730884075165,1
XGBoost,0.0006628363626077771,0
XGBoost,0.12167221307754517,0
XGBoost,0.5661025047302246,1
XGBoost,0.0008160924189724028,0
XGBoost,0.5275368690490723,0
XGBoost,0.5471821427345276,1
XGBoost,0.3764141798019409,1
XGBoost,0.0008648142102174461,0
XGBoost,0.9995176792144775,1
XGBoost,0.00039210382965393364,0
XGBoost,0.5645533800125122,1
XGBoost,0.9977884292602539,1
XGBoost,0.0002630095405038446,0
XGBoost,0.9998482465744019,1
XGBoost,0.0002641711034812033,0
XGBoost,0.0005099780973978341,0
XGBoost,0.5860376954078674,0
XGBoost,0.4422692656517029,1
XGBoost,0.0004618849197868258,0
XGBoost,0.9995183944702148,1
XGBoost,0.00041978133958764374,0
XGBoost,0.9995906949043274,1
XGBoost,0.6181243062019348,0
XGBoost,0.6268148422241211,1
XGBoost,0.00040137639734894037,0
XGBoost,0.9997102618217468,1
XGBoost,0.9995073080062866,1
XGBoost,0.5627238154411316,0
XGBoost,0.999725878238678,1
XGBoost,0.5223715305328369,0
XGBoost,0.9996232986450195,1
XGBoost,0.0008345850510522723,0
XGBoost,0.0003392806102056056,0
XGBoost,0.9995740056037903,1
XGBoost,0.5302091240882874,1
XGBoost,0.00048103765584528446,0
XGBoost,0.999554455280304,1
XGBoost,0.6009566783905029,0
XGBoost,0.6143755316734314,0
XGBoost,0.9996069073677063,1
XGBoost,0.3547283709049225,1
XGBoost,0.9994179010391235,1
XGBoost,0.13866910338401794,0
XGBoost,0.5925115942955017,1
XGBoost,0.9995126724243164,1
XGBoost,0.0006590713746845722,0
XGBoost,0.44212642312049866,1
XGBoost,0.18942005932331085,0
XGBoost,0.6190435290336609,0
XGBoost,0.9995951056480408,1
XGBoost,0.3927198648452759,0
XGBoost,0.0005401449161581695,0
XGBoost,0.37255170941352844,1
XGBoost,0.6627175211906433,1
XGBoost,0.4645260274410248,1
XGBoost,0.502012312412262,1
XGBoost,0.7328053712844849,1
XGBoost,0.0008483514538966119,0
XGBoost,0.0005625144112855196,0
XGBoost,0.47871077060699463,1
XGBoost,0.7076892852783203,1
XGBoost,0.43364977836608887,0
XGBoost,0.9995074272155762,1
XGBoost,0.9991208910942078,1
XGBoost,0.7172415852546692,0
XGBoost,0.0005990249337628484,0
XGBoost,0.9996040463447571,1
XGBoost,0.0005398448556661606,0
XGBoost,0.00025631513562984765,0
XGBoost,0.4998347759246826,0
XGBoost,0.9996222257614136,1
XGBoost,0.9996770620346069,1
XGBoost,0.5610598921775818,0
XGBoost,0.0004953768220730126,0
XGBoost,0.9994359612464905,1
XGBoost,0.9997274279594421,1
XGBoost,0.000357501587131992,0
XGBoost,0.0005293386639095843,0
XGBoost,0.5879487991333008,1
XGBoost,0.2945074737071991,1
XGBoost,0.9995599389076233,1
XGBoost,0.15495078265666962,1
XGBoost,0.998946487903595,1
XGBoost,0.9992268085479736,1
XGBoost,0.4262096881866455,1
XGBoost,0.0003213170566596091,0
XGBoost,0.9995891451835632,1
XGBoost,0.49447861313819885,0
XGBoost,0.0004016387683805078,0
XGBoost,0.591528058052063,1
XGBoost,0.0005031909677200019,0
XGBoost,0.654943585395813,1
XGBoost,0.45423948764801025,0
XGBoost,0.0006616945611312985,0
XGBoost,0.0005783948581665754,0
XGBoost,0.00044333800906315446,0
XGBoost,0.5349698662757874,0
XGBoost,0.0003769701870623976,0
XGBoost,0.9993119239807129,1
XGBoost,0.9995923638343811,1
XGBoost,0.3214920461177826,0
XGBoost,0.3651541769504547,1
XGBoost,0.0006043910398148,0
XGBoost,0.5994812846183777,0
XGBoost,0.0011979024857282639,0
XGBoost,0.0007520914659835398,0
XGBoost,0.0006167467217892408,0
XGBoost,0.9996077418327332,1
XGBoost,0.9996229410171509,1
XGBoost,0.4907447397708893,1
XGBoost,0.4181995689868927,0
XGBoost,0.9991346001625061,1
XGBoost,0.7858284115791321,1
XGBoost,0.5502894520759583,0
XGBoost,0.5367554426193237,1
XGBoost,0.9992534518241882,1
XGBoost,0.5198489427566528,1
XGBoost,0.9995062351226807,1
XGBoost,0.6284134984016418,1
XGBoost,0.5025672316551208,0
XGBoost,0.9996086955070496,1
XGBoost,0.00058913161046803,0
XGBoost,0.6879388689994812,1
XGBoost,0.611906111240387,1
XGBoost,0.9994564652442932,1
XGBoost,0.48620733618736267,0
XGBoost,0.0003219695936422795,0
XGBoost,0.0005873433547094464,0
XGBoost,0.49779656529426575,0
XGBoost,0.0007625427679158747,0
XGBoost,0.3360656499862671,1
XGBoost,0.46017614006996155,0
XGBoost,0.41838595271110535,0
XGBoost,0.9993951320648193,1
XGBoost,0.5657063126564026,0
XGBoost,0.00021371182810980827,0
XGBoost,0.5481739640235901,1
XGBoost,0.9996680021286011,1
XGBoost,0.43154704570770264,0
XGBoost,0.9995197057723999,1
XGBoost,0.9997326731681824,1
XGBoost,0.0007245063898153603,0
XGBoost,0.9995287656784058,1
XGBoost,0.000599720748141408,0
XGBoost,0.747978687286377,1
XGBoost,0.0008128773770295084,0
XGBoost,0.6911090016365051,0
XGBoost,0.9996668100357056,1
XGBoost,0.000408127554692328,0
XGBoost,0.00015306301065720618,0
XGBoost,0.00048272410640493035,0
XGBoost,0.5477129817008972,1
XGBoost,0.999289870262146,1
XGBoost,0.3962879478931427,0
XGBoost,0.9993867874145508,1
XGBoost,0.3713490664958954,0
XGBoost,0.5489567518234253,1
XGBoost,0.9995130300521851,1
XGBoost,0.9996739625930786,1
XGBoost,0.4346622824668884,0
XGBoost,0.9995810389518738,1
XGBoost,0.0005417177453637123,0
XGBoost,0.033596426248550415,0
XGBoost,0.0005831756279803813,0
XGBoost,0.3305012583732605,1
XGBoost,0.00034475867869332433,0
XGBoost,0.3529132306575775,1
XGBoost,0.21832843124866486,0
XGBoost,0.0005507410387508571,0
XGBoost,0.5238426923751831,1
XGBoost,0.26203978061676025,0
XGBoost,0.5446658134460449,0
XGBoost,0.9994454979896545,1
XGBoost,0.4598238170146942,0
XGBoost,0.588532567024231,1
XGBoost,0.26582765579223633,0
XGBoost,0.45889827609062195,0
XGBoost,0.9996790885925293,1
XGBoost,0.6030494570732117,1
XGBoost,0.5862550735473633,0
XGBoost,0.9996441602706909,1
XGBoost,0.999517560005188,1
XGBoost,0.5745450258255005,1
XGBoost,0.0003233202442061156,0
XGBoost,0.5777085423469543,0
XGBoost,0.02343546226620674,0
XGBoost,0.39327743649482727,0
XGBoost,0.24335382878780365,0
XGBoost,0.0005438865628093481,0
XGBoost,0.00031754389056004584,0
XGBoost,0.4898945689201355,1
XGBoost,0.999369204044342,1
XGBoost,0.0005309666157700121,0
XGBoost,0.00029924066620878875,0
XGBoost,0.0003280124510638416,0
XGBoost,0.40362030267715454,0
XGBoost,0.0005400993395596743,0
XGBoost,0.5631436705589294,1
XGBoost,0.3937393128871918,1
XGBoost,0.22626841068267822,0
XGBoost,0.5009635090827942,1
XGBoost,0.0004589584132190794,0
XGBoost,0.0004108865396119654,0
XGBoost,0.45400485396385193,0
XGBoost,0.0007133506005629897,0
XGBoost,0.0003409932251088321,0
XGBoost,0.4135279357433319,1
XGBoost,0.6066526174545288,0
XGBoost,0.5082111358642578,1
XGBoost,0.2694456875324249,0
XGBoost,0.5396988987922668,0
XGBoost,0.3081226050853729,1
XGBoost,0.9996297359466553,1
XGBoost,0.5300456881523132,0
XGBoost,0.0005145999020896852,0
XGBoost,0.4269249737262726,1
XGBoost,0.0008309242548421025,0
XGBoost,0.99960857629776,1
XGBoost,0.2770650088787079,0
XGBoost,0.45319101214408875,1
XGBoost,0.0007234590011648834,0
XGBoost,0.6824641823768616,1
XGBoost,0.9993767142295837,1
XGBoost,0.5289899706840515,0
XGBoost,0.9986692667007446,1
XGBoost,0.741386890411377,0
XGBoost,0.3691224753856659,0
XGBoost,0.00045028896420262754,0
XGBoost,0.4962773621082306,1
XGBoost,0.46508005261421204,0
XGBoost,0.0004717221891041845,0
XGBoost,0.5595832467079163,1
XGBoost,0.0005033583729527891,0
XGBoost,0.7000177502632141,1
XGBoost,0.37100398540496826,0
XGBoost,0.2851370871067047,1
XGBoost,0.0004703188606072217,0
XGBoost,0.9996477365493774,1
XGBoost,0.0005307733081281185,0
XGBoost,0.16688837110996246,0
XGBoost,0.4325246512889862,0
XGBoost,0.999222993850708,1
XGBoost,0.38944557309150696,0
XGBoost,0.9994818568229675,1
XGBoost,0.3982692360877991,1
XGBoost,0.5732066631317139,1
XGBoost,0.9996682405471802,1
XGBoost,0.00028907295200042427,0
XGBoost,0.4223301112651825,0
XGBoost,0.5480914115905762,0
XGBoost,0.0004361452010925859,0
XGBoost,0.9997244477272034,1
XGBoost,0.00021760126401204616,0
XGBoost,0.526561439037323,1
XGBoost,0.0003836489631794393,0
XGBoost,0.5659658908843994,0
XGBoost,0.6806144714355469,0
XGBoost,0.6356183886528015,1
XGBoost,0.9998049139976501,1
XGBoost,0.6429306268692017,0
XGBoost,0.8135505318641663,1
XGBoost,0.0003234118048567325,0
XGBoost,0.5940365195274353,1
XGBoost,0.00027577613946050406,0
XGBoost,0.9996829032897949,1
XGBoost,0.06661719083786011,0
XGBoost,0.9991317391395569,1
XGBoost,0.3086107075214386,1
XGBoost,0.999679446220398,1
XGBoost,0.4512164294719696,1
XGBoost,0.9997702240943909,1
XGBoost,0.000407722924137488,0
XGBoost,0.5787646770477295,1
XGBoost,0.029361743479967117,0
XGBoost,0.9995654225349426,1
XGBoost,0.5904130935668945,1
XGBoost,0.38716644048690796,0
XGBoost,0.9994280934333801,1
XGBoost,0.0006072196993045509,0
XGBoost,0.6420053243637085,0
XGBoost,0.999790608882904,1
XGBoost,0.5345990061759949,0
XGBoost,0.9993355870246887,1
XGBoost,0.12292072921991348,0
XGBoost,0.507831871509552,1
XGBoost,0.646864652633667,0
XGBoost,0.00040314937359653413,0
XGBoost,0.46410372853279114,0
XGBoost,0.3496752381324768,0
XGBoost,0.0004939567879773676,0
XGBoost,0.3272263705730438,0
XGBoost,0.5377181768417358,0
XGBoost,0.6261060237884521,1
XGBoost,0.00028142728842794895,0
XGBoost,0.4138220250606537,1
XGBoost,0.9996115565299988,1
XGBoost,0.0006708026630803943,0
XGBoost,0.012505399994552135,0
XGBoost,0.9995519518852234,1
XGBoost,0.4583677351474762,0
XGBoost,0.0006881189765408635,0
XGBoost,0.6365306973457336,1
XGBoost,0.03402411565184593,0
XGBoost,0.3784509599208832,1
XGBoost,0.9995135068893433,1
XGBoost,0.9993941783905029,1
XGBoost,0.000492856081109494,0
XGBoost,0.4640268087387085,1
XGBoost,0.00029263508622534573,0
XGBoost,0.9997290968894958,1
XGBoost,0.3634691536426544,0
XGBoost,0.580579400062561,1
XGBoost,0.9996944665908813,1
XGBoost,0.00046616746112704277,0
XGBoost,0.36844268441200256,0
XGBoost,0.9997351765632629,1
XGBoost,0.4666195511817932,1
XGBoost,0.47541600465774536,0
XGBoost,0.4817904531955719,0
XGBoost,0.2941707968711853,0
XGBoost,0.5018398761749268,1
XGBoost,0.999573290348053,1
XGBoost,0.39123520255088806,1
XGBoost,0.40115585923194885,1
XGBoost,0.9997186064720154,1
XGBoost,0.4427504241466522,1
XGBoost,0.00024788265000097454,0
XGBoost,0.35867244005203247,1
XGBoost,0.381870299577713,0
XGBoost,0.0005947406752966344,0
XGBoost,0.9996795654296875,1
XGBoost,0.0005727816023863852,0
XGBoost,0.3722497522830963,0
XGBoost,0.00031537225004285574,0
XGBoost,0.5986316800117493,1
XGBoost,0.2529301643371582,1
XGBoost,0.9994196891784668,1
XGBoost,0.9992250204086304,1
XGBoost,0.9991856217384338,1
XGBoost,0.41199707984924316,1
XGBoost,0.0005253329291008413,0
XGBoost,0.4295458197593689,0
XGBoost,0.0004559152584988624,0
XGBoost,0.33788496255874634,1
XGBoost,0.0005567183834500611,0
XGBoost,0.40237361192703247,0
XGBoost,0.9995996356010437,1
XGBoost,0.0003462460299488157,0
XGBoost,0.24660220742225647,0
XGBoost,0.7338730692863464,1
XGBoost,0.5752499103546143,0
XGBoost,0.0003447277704253793,0
XGBoost,0.9993602633476257,1
XGBoost,0.99958735704422,1
XGBoost,0.5412688255310059,0
XGBoost,0.9996155500411987,1
XGBoost,0.4394734799861908,1
XGBoost,0.9995332956314087,1
XGBoost,0.11485972255468369,0
XGBoost,0.0009195274324156344,0
XGBoost,0.0003067804791498929,0
XGBoost,0.5314788818359375,0
XGBoost,0.6005284786224365,0
XGBoost,0.0010443844366818666,0
XGBoost,0.6684545278549194,0
XGBoost,0.5468283295631409,1
XGBoost,0.5516572594642639,1
XGBoost,0.999403715133667,1
XGBoost,0.9996823072433472,1
XGBoost,0.9995999932289124,1
XGBoost,0.9995031356811523,1
XGBoost,0.7187333703041077,1
XGBoost,0.00027083733584731817,0
XGBoost,0.4781516194343567,0
XGBoost,0.5735856294631958,0
XGBoost,0.9995409250259399,1
XGBoost,0.00020598834089469165,0
XGBoost,0.9997103810310364,1
XGBoost,0.6004483699798584,0
XGBoost,0.5065814852714539,1
XGBoost,0.9997518658638,1
XGBoost,0.00045117063564248383,0
XGBoost,0.5088387727737427,0
XGBoost,0.0003530903486534953,0
XGBoost,0.001142369583249092,0
XGBoost,0.9995859265327454,1
XGBoost,0.0002316300815436989,0
XGBoost,0.9996625185012817,1
XGBoost,0.00038588882307522,0
XGBoost,0.5621725916862488,0
XGBoost,0.9996541738510132,1
XGBoost,0.9998823404312134,1
XGBoost,0.999864935874939,1
XGBoost,0.31472814083099365,1
XGBoost,0.9996780157089233,1
XGBoost,0.0005014987546019256,0
XGBoost,0.9991881251335144,1
XGBoost,0.5302160978317261,0
XGBoost,0.0004049726703669876,0
XGBoost,0.1849842518568039,1
XGBoost,0.0004392468836158514,0
XGBoost,0.5601429343223572,1
XGBoost,0.6704356670379639,0
XGBoost,0.11405353993177414,0
XGBoost,0.6702730655670166,1
XGBoost,0.46350201964378357,1
XGBoost,0.5079236626625061,0
XGBoost,0.11967908591032028,0
XGBoost,0.9993972778320312,1
XGBoost,0.9994370341300964,1
XGBoost,0.000374476338038221,0
XGBoost,0.0002792521845549345,0
XGBoost,0.40253975987434387,1
XGBoost,0.0008616983541287482,0
XGBoost,0.9995505213737488,1
XGBoost,0.572428822517395,1
XGBoost,0.9996663331985474,1
XGBoost,0.9995859265327454,1
XGBoost,0.0006013084203004837,0
XGBoost,0.9996089339256287,1
XGBoost,0.9993482232093811,1
XGBoost,0.5516345500946045,1
XGBoost,0.2668883800506592,0
XGBoost,0.6170833110809326,1
XGBoost,0.9994615912437439,1
XGBoost,0.6111950278282166,0
XGBoost,0.9998470544815063,1
XGBoost,0.37048253417015076,0
XGBoost,0.6087201237678528,0
XGBoost,0.0006587686948478222,0
XGBoost,0.9995796084403992,1
XGBoost,0.45362064242362976,0
XGBoost,0.000649853958748281,0
XGBoost,0.0005759333726018667,0
XGBoost,0.45796048641204834,1
XGBoost,0.5056518316268921,0
XGBoost,0.0003747137961909175,0
XGBoost,0.9996992349624634,1
XGBoost,0.22359678149223328,0
XGBoost,0.5870686173439026,1
XGBoost,0.5599743723869324,1
XGBoost,0.3312578797340393,0
XGBoost,0.9997264742851257,1
XGBoost,0.4165445864200592,1
XGBoost,0.0004386623331811279,0
XGBoost,0.9997528195381165,1
XGBoost,0.999549925327301,1
XGBoost,0.47860121726989746,0
XGBoost,0.49458590149879456,1
XGBoost,0.2648206055164337,0
XGBoost,0.00040590661228634417,0
XGBoost,0.9994027614593506,1
XGBoost,0.5057283043861389,1
XGBoost,0.45888641476631165,1
XGBoost,0.48787304759025574,0
XGBoost,0.532453715801239,1
XGBoost,0.6333163380622864,1
XGBoost,0.18166764080524445,1
XGBoost,0.0004437327152118087,0
XGBoost,0.39695996046066284,0
XGBoost,0.9995785355567932,1
XGBoost,0.516899049282074,1
XGBoost,0.4031112492084503,1
XGBoost,0.9996067881584167,1
XGBoost,0.9028386473655701,1
XGBoost,0.20583964884281158,0
XGBoost,0.9995206594467163,1
XGBoost,0.0003154083387926221,0
XGBoost,0.5990469455718994,0
XGBoost,0.6235911250114441,1
XGBoost,0.9995325803756714,1
XGBoost,0.0004718058626167476,0
XGBoost,0.9995087385177612,1
XGBoost,0.595714807510376,1
XGBoost,0.6719693541526794,0
XGBoost,0.5293959379196167,1
XGBoost,0.34575387835502625,0
XGBoost,0.5098492503166199,1
XGBoost,0.0005224869819357991,0
XGBoost,0.000341014500008896,0
XGBoost,0.38360458612442017,1
XGBoost,0.9989948868751526,1
XGBoost,0.3473205864429474,1
XGBoost,0.4237481355667114,0
XGBoost,0.9995610117912292,1
XGBoost,0.0008071908378042281,0
XGBoost,0.10593884438276291,1
XGBoost,0.9994884729385376,1
XGBoost,0.4988575577735901,0
XGBoost,0.5604249835014343,0
XGBoost,0.5085760354995728,0
XGBoost,0.29337260127067566,1
XGBoost,0.618444561958313,1
XGBoost,0.0004661010461859405,0
XGBoost,0.9995372295379639,1
XGBoost,0.00024901924189180136,0
XGBoost,0.36818641424179077,0
XGBoost,0.6618133187294006,0
XGBoost,0.41299957036972046,1
XGBoost,0.0002433328190818429,0
XGBoost,0.9993894100189209,1
XGBoost,0.00036345390253700316,0
XGBoost,0.9995079040527344,1
XGBoost,0.4963656961917877,1
XGBoost,0.0005868201842531562,0
XGBoost,0.537852942943573,1
XGBoost,0.24277988076210022,1
XGBoost,0.5662661790847778,1
XGBoost,0.5258763432502747,1
XGBoost,0.0005020428216084838,0
XGBoost,0.5725990533828735,1
XGBoost,0.5745882391929626,0
XGBoost,0.5736557841300964,0
XGBoost,0.0004928085836581886,0
XGBoost,0.5108804106712341,0
XGBoost,0.0004715808026958257,0
XGBoost,0.5596855878829956,0
XGBoost,0.3450929522514343,0
XGBoost,0.0005633445107378066,0
XGBoost,0.9996067881584167,1
XGBoost,0.000902897329069674,0
XGBoost,0.0006912740063853562,0
XGBoost,0.0002739190240390599,0
XGBoost,0.000778909889049828,0
XGBoost,0.580805778503418,1
XGBoost,0.00031227385625243187,0
XGBoost,0.4491771459579468,0
XGBoost,0.999396800994873,1
XGBoost,0.5410548448562622,1
XGBoost,0.0917891338467598,0
XGBoost,0.5192514061927795,0
XGBoost,0.5695464611053467,0
XGBoost,0.514039933681488,1
XGBoost,0.5031517148017883,0
XGBoost,0.5272449851036072,1
XGBoost,0.5153588652610779,1
XGBoost,0.0003112193662673235,0
XGBoost,0.9996265172958374,1
XGBoost,0.4902620315551758,1
XGBoost,0.3733970522880554,0
XGBoost,0.5408682227134705,1
XGBoost,0.6101371049880981,0
XGBoost,0.9997385144233704,1
XGBoost,0.4943038523197174,1
XGBoost,0.4304488003253937,0
XGBoost,0.0005121023859828711,0
XGBoost,0.0002866102440748364,0
XGBoost,0.9995545744895935,1
XGBoost,0.510362446308136,0
XGBoost,0.42893025279045105,0
XGBoost,0.5426145195960999,1
XGBoost,0.9993945360183716,1
XGBoost,0.6372367739677429,1
XGBoost,0.9996925592422485,1
XGBoost,0.39627882838249207,0
XGBoost,0.3797483742237091,0
XGBoost,0.37457048892974854,0
XGBoost,0.5611552000045776,0
XGBoost,0.999188244342804,1
XGBoost,0.00041885575046762824,0
XGBoost,0.00045769274584017694,0
XGBoost,0.5187649130821228,0
XGBoost,0.5755580067634583,0
XGBoost,0.23689758777618408,1
XGBoost,0.3839799165725708,0
XGBoost,0.00022342658485285938,0
XGBoost,0.9996424913406372,1
XGBoost,0.9993374943733215,1
XGBoost,0.51472407579422,0
XGBoost,0.5035907030105591,0
XGBoost,0.4132658839225769,0
XGBoost,0.0004900091444142163,0
XGBoost,0.4514452815055847,0
XGBoost,0.528649628162384,1
XGBoost,0.00043407027260400355,0
XGBoost,0.9996813535690308,1
XGBoost,0.6268274784088135,1
XGBoost,0.36263683438301086,0
XGBoost,0.4232667088508606,1
XGBoost,0.9997299313545227,1
XGBoost,0.9996145963668823,1
XGBoost,0.9995118379592896,1
XGBoost,0.7958918809890747,1
XGBoost,0.1952458620071411,1
XGBoost,0.31305524706840515,0
XGBoost,0.9995916485786438,1
XGBoost,0.0005267795058898628,0
XGBoost,0.4632004201412201,1
XGBoost,0.0003597554750740528,0
XGBoost,0.4216706156730652,0
XGBoost,0.6291542053222656,1
XGBoost,0.5534278154373169,0
XGBoost,0.999539852142334,1
XGBoost,0.0005809593130834401,0
XGBoost,0.28893834352493286,0
XGBoost,0.0006346660084091127,0
XGBoost,0.9998112320899963,1
XGBoost,0.6464460492134094,1
XGBoost,0.26659563183784485,1
XGBoost,0.9994483590126038,1
XGBoost,0.9995149374008179,1
XGBoost,0.4826446771621704,1
XGBoost,0.4455231726169586,0
XGBoost,0.00046998049947433174,0
XGBoost,0.9994156360626221,1
XGBoost,0.00041368682286702096,0
XGBoost,0.00042698500328697264,0
XGBoost,0.9996697902679443,1
XGBoost,0.5447096824645996,1
XGBoost,0.00028711071354337037,0
XGBoost,0.0004667920002248138,0
XGBoost,0.6083722710609436,1
XGBoost,0.593787670135498,1
XGBoost,0.9995061159133911,1
XGBoost,0.5853273272514343,0
XGBoost,0.5776514410972595,1
XGBoost,0.6923441290855408,0
XGBoost,0.6562361717224121,1
XGBoost,0.49104538559913635,1
XGBoost,0.498902827501297,0
XGBoost,0.2192724496126175,1
XGBoost,0.43279507756233215,0
XGBoost,0.9994206428527832,1
XGBoost,0.00044644769513979554,0
XGBoost,0.0008166785701178014,0
XGBoost,0.42855995893478394,1
XGBoost,0.3488812744617462,0
XGBoost,0.0005182639579288661,0
XGBoost,0.00026957938098348677,0
XGBoost,0.0005217126454226673,0
XGBoost,0.43104055523872375,0
XGBoost,0.00041574914939701557,0
XGBoost,0.9996001124382019,1
XGBoost,0.9994848966598511,1
XGBoost,0.0006729297456331551,0
XGBoost,0.3939613103866577,0
XGBoost,0.48936063051223755,1
XGBoost,0.49585363268852234,1
XGBoost,0.000703544239513576,0
XGBoost,0.6346036791801453,0
XGBoost,0.0003732612822204828,0
XGBoost,0.9995784163475037,1
XGBoost,0.9996616840362549,1
XGBoost,0.44640713930130005,1
XGBoost,0.636637270450592,1
XGBoost,0.39541205763816833,1
XGBoost,0.5199929475784302,0
XGBoost,0.5265763401985168,0
XGBoost,0.6385378241539001,1
XGBoost,0.458020955324173,0
XGBoost,0.9994962215423584,1
XGBoost,0.4814456105232239,0
XGBoost,0.0006315241334959865,0
XGBoost,0.0009722174145281315,0
XGBoost,0.9995667338371277,1
XGBoost,0.000510551268234849,0
XGBoost,0.000500854046549648,0
XGBoost,0.9995137453079224,1
XGBoost,0.9996960163116455,1
XGBoost,0.5412877798080444,0
XGBoost,0.00042947061592713,0
XGBoost,0.37961894273757935,0
XGBoost,0.5675262808799744,1
XGBoost,0.00042857779772020876,0
XGBoost,0.5082623362541199,0
XGBoost,0.506838321685791,0
XGBoost,0.0004700607096310705,0
XGBoost,0.5124616026878357,0
XGBoost,0.5169528126716614,0
XGBoost,0.19317789375782013,1
XGBoost,0.9995216131210327,1
XGBoost,0.0006388966576196253,0
XGBoost,0.5334067940711975,0
XGBoost,0.0008210000232793391,0
XGBoost,0.0003386238240636885,0
XGBoost,0.42240405082702637,1
XGBoost,0.39222094416618347,0
XGBoost,0.5365610718727112,0
XGBoost,0.6652073264122009,0
XGBoost,0.2929728627204895,0
XGBoost,0.9995226860046387,1
XGBoost,0.11099826544523239,0
XGBoost,0.5706454515457153,0
XGBoost,0.0008305530063807964,0
XGBoost,0.6407853364944458,1
XGBoost,0.42429035902023315,1
XGBoost,0.6861463785171509,1
XGBoost,0.4526354670524597,1
XGBoost,0.9994983673095703,1
XGBoost,0.0004772113461513072,0
XGBoost,0.5429404377937317,0
XGBoost,0.0005362326628528535,0
XGBoost,0.5059110522270203,0
XGBoost,0.20095239579677582,1
XGBoost,0.9993497729301453,1
XGBoost,0.43734365701675415,1
XGBoost,0.3575960397720337,1
XGBoost,0.3288379907608032,0
XGBoost,0.5512858629226685,0
XGBoost,0.5439937114715576,0
XGBoost,0.5906998515129089,0
XGBoost,0.36600828170776367,0
XGBoost,0.6354787349700928,1
XGBoost,0.5819124579429626,1
XGBoost,0.9995445609092712,1
XGBoost,0.9998251795768738,1
XGBoost,0.6317541003227234,0
XGBoost,0.0002964716695714742,0
XGBoost,0.9996670484542847,1
XGBoost,0.5013568997383118,1
XGBoost,0.999729573726654,1
XGBoost,0.652397632598877,0
XGBoost,0.588688850402832,0
XGBoost,0.5497955083847046,0
XGBoost,0.0004671991046052426,0
XGBoost,0.9996486902236938,1
XGBoost,0.3013271391391754,1
XGBoost,0.3453841209411621,1
XGBoost,0.627661943435669,1
XGBoost,0.45200201869010925,1
XGBoost,0.00041301202145405114,0
XGBoost,0.0004361214523669332,0
XGBoost,0.0005783948581665754,0
XGBoost,0.0006530399550683796,0
XGBoost,0.4138370752334595,0
XGBoost,0.3852797746658325,0
XGBoost,0.0006319775129668415,0
XGBoost,0.6339806914329529,1
XGBoost,0.0007474796148017049,0
XGBoost,0.9995439648628235,1
XGBoost,0.9995824694633484,1
XGBoost,0.5933104157447815,0
XGBoost,0.6342449188232422,1
XGBoost,0.999647855758667,1
XGBoost,0.3433389961719513,0
XGBoost,0.0003145857772324234,0
XGBoost,0.00038233803934417665,0
XGBoost,0.16932113468647003,0
XGBoost,0.0007814446580596268,0
XGBoost,0.5954242944717407,1
XGBoost,0.6010220646858215,0
XGBoost,0.9996163845062256,1
XGBoost,0.00039198106969706714,0
XGBoost,0.0005402062088251114,0
XGBoost,0.35075709223747253,1
XGBoost,0.42298683524131775,1
XGBoost,0.40767067670822144,1
XGBoost,0.9996820688247681,1
XGBoost,0.32065534591674805,0
XGBoost,0.0007196489023044705,0
XGBoost,0.5591074824333191,1
XGBoost,0.3939613103866577,0
XGBoost,0.20293542742729187,1
XGBoost,0.5129573941230774,1
XGBoost,0.5838485956192017,1
XGBoost,0.00048312413855455816,0
XGBoost,0.9994359612464905,1
XGBoost,0.43530330061912537,1
XGBoost,0.510765790939331,1
XGBoost,0.999455988407135,1
XGBoost,0.663829505443573,1
XGBoost,0.5690820813179016,0
XGBoost,0.9997580647468567,1
XGBoost,0.0004945871769450605,0
XGBoost,0.43617352843284607,1
XGBoost,0.5063802003860474,0
XGBoost,0.534969687461853,0
XGBoost,0.9995867609977722,1
XGBoost,0.4006643295288086,0
XGBoost,0.34385746717453003,1
XGBoost,0.41519713401794434,0
XGBoost,0.9995390176773071,1
XGBoost,0.9995996356010437,1
XGBoost,0.000490639649797231,0
XGBoost,0.9994420409202576,1
XGBoost,0.9997395873069763,1
XGBoost,0.5215514302253723,1
XGBoost,0.1455727219581604,0
XGBoost,0.3849252462387085,0
XGBoost,0.48608726263046265,1
XGBoost,0.4329115152359009,1
XGBoost,0.0009944092016667128,0
XGBoost,0.00046300413669086993,0
XGBoost,0.000546416558790952,0
XGBoost,0.9995243549346924,1
XGBoost,0.0005399076035246253,0
XGBoost,0.0007580799283459783,0
XGBoost,0.9996838569641113,1
XGBoost,0.0003908159851562232,0
XGBoost,0.5389889478683472,1
XGBoost,0.5501113533973694,0
XGBoost,0.5295815467834473,1
XGBoost,0.4191664159297943,0
XGBoost,0.0006382849533110857,0
XGBoost,0.00026764761423692107,0
XGBoost,0.5622995495796204,0
XGBoost,0.429706871509552,1
XGBoost,0.9995563626289368,1
XGBoost,0.39818546175956726,0
XGBoost,0.4345698654651642,0
XGBoost,0.9997604489326477,1
XGBoost,0.5174612998962402,0
XGBoost,0.636786699295044,0
XGBoost,0.37693050503730774,1
XGBoost,0.0006484869518317282,0
XGBoost,0.9997178912162781,1
XGBoost,0.0004295838007237762,0
XGBoost,0.4606330990791321,1
XGBoost,0.44725942611694336,1
XGBoost,0.9996942281723022,1
XGBoost,0.3718256652355194,0
XGBoost,0.5177157521247864,1
XGBoost,0.0004024900554213673,0
XGBoost,0.3527313768863678,0
XGBoost,0.0002255898725707084,0
XGBoost,0.07934711128473282,0
XGBoost,0.5761910080909729,0
XGBoost,0.0003734855563379824,0
XGBoost,0.0007581742247566581,0
XGBoost,0.3698984682559967,1
XGBoost,0.47701385617256165,1
XGBoost,0.9994001388549805,1
XGBoost,0.4328809678554535,0
XGBoost,0.0003293156041763723,0
XGBoost,0.38393715023994446,0
XGBoost,0.999618649482727,1
XGBoost,0.9994939565658569,1
XGBoost,0.9995539784431458,1
XGBoost,0.5829148292541504,0
XGBoost,0.9995717406272888,1
XGBoost,0.4100477397441864,1
XGBoost,0.9996045231819153,1
XGBoost,0.5415633916854858,1
XGBoost,0.0006266990094445646,0
XGBoost,0.9995562434196472,1
XGBoost,0.0006286896532401443,0
XGBoost,0.9996930360794067,1
XGBoost,0.5908596515655518,0
XGBoost,0.4602751135826111,1
XGBoost,0.9995729327201843,1
XGBoost,0.9996141195297241,1
XGBoost,0.3854748606681824,1
XGBoost,0.549167811870575,1
XGBoost,0.15017129480838776,0
XGBoost,0.9994322657585144,1
XGBoost,0.6310968995094299,0
XGBoost,0.47144395112991333,0
XGBoost,0.00044644769513979554,0
XGBoost,0.5608797669410706,1
XGBoost,0.46783947944641113,1
XGBoost,0.000753397005610168,0
XGBoost,0.0007746015326119959,0
XGBoost,0.0004119764780625701,0
XGBoost,0.4000873267650604,1
XGBoost,0.999626874923706,1
XGBoost,0.9997445940971375,1
XGBoost,0.5820033550262451,1
XGBoost,0.0007139467052184045,0
XGBoost,0.00024038834089878947,0
XGBoost,0.22490115463733673,1
XGBoost,0.5549037456512451,1
XGBoost,0.32240766286849976,0
XGBoost,0.6002612709999084,0
XGBoost,0.0007939499919302762,0
XGBoost,0.0004170266620349139,0
XGBoost,0.00045674803550355136,0
XGBoost,0.48343396186828613,1
XGBoost,0.5958659648895264,0
XGBoost,0.5896289944648743,0
XGBoost,0.9997051358222961,1
XGBoost,0.9995293617248535,1
XGBoost,0.559627890586853,0
XGBoost,0.5152140259742737,1
XGBoost,0.5672115683555603,0
XGBoost,0.9995576739311218,1
XGBoost,0.9997263550758362,1
XGBoost,0.6191863417625427,0
XGBoost,0.624004602432251,0
XGBoost,0.9997153878211975,1
XGBoost,0.00035185361048206687,0
XGBoost,0.599285364151001,0
XGBoost,0.9997618794441223,1
XGBoost,0.5136523842811584,1
XGBoost,0.9996739625930786,1
XGBoost,0.5942417979240417,0
XGBoost,0.0007506193360313773,0
XGBoost,0.999215841293335,1
XGBoost,0.3984590172767639,0
XGBoost,0.5713959336280823,1
XGBoost,0.000695522059686482,0
XGBoost,0.5503109693527222,1
XGBoost,0.5065377354621887,0
XGBoost,0.5925899744033813,0
XGBoost,0.5691889524459839,1
XGBoost,0.9995043277740479,1
XGBoost,0.9996993541717529,1
XGBoost,0.0007298524142242968,0
XGBoost,0.9996078610420227,1
XGBoost,0.2548094689846039,1
XGBoost,0.5465521216392517,1
XGBoost,0.9996486902236938,1
XGBoost,0.4658264219760895,0
XGBoost,0.9992756247520447,1
XGBoost,0.00039838621160015464,0
XGBoost,0.6081362366676331,0
XGBoost,0.000435493333498016,0
XGBoost,0.348119854927063,0
XGBoost,0.9995248317718506,1
XGBoost,0.532198965549469,1
XGBoost,0.4617868661880493,1
XGBoost,0.5048099756240845,1
XGBoost,0.9997202754020691,1
XGBoost,0.00035745673812925816,0
XGBoost,0.7212861776351929,0
XGBoost,0.00046165776439011097,0
XGBoost,0.9995216131210327,1
XGBoost,0.0005503002321347594,0
XGBoost,0.4402281939983368,1
XGBoost,0.12483368813991547,0
XGBoost,0.491212397813797,1
XGBoost,0.49454542994499207,1
XGBoost,0.0006447253399528563,0
XGBoost,0.618082582950592,0
XGBoost,0.9995206594467163,1
XGBoost,0.0003308648301754147,0
XGBoost,0.5571264028549194,0
XGBoost,0.9996329545974731,1
XGBoost,0.9996851682662964,1
XGBoost,0.5477650165557861,1
XGBoost,0.00030316755874082446,0
XGBoost,0.5892785787582397,1
XGBoost,0.9995837807655334,1
XGBoost,0.9996446371078491,1
XGBoost,0.5123013854026794,0
XGBoost,0.9995965361595154,1
XGBoost,0.0005155670805834234,0
XGBoost,0.5357390642166138,0
XGBoost,0.34327906370162964,1
XGBoost,0.17101451754570007,0
XGBoost,0.0007615307695232332,0
XGBoost,0.00047010372509248555,0
XGBoost,0.9994168281555176,1
XGBoost,0.9996269941329956,1
XGBoost,0.30119672417640686,0
XGBoost,0.9997072815895081,1
XGBoost,0.33013716340065,1
XGBoost,0.3184010982513428,1
XGBoost,0.5006258487701416,1
XGBoost,0.418601393699646,0
XGBoost,0.9995983242988586,1
XGBoost,0.4536588191986084,1
XGBoost,0.9995390176773071,1
XGBoost,0.0004500664654187858,0
XGBoost,0.5442002415657043,0
XGBoost,0.45864054560661316,0
XGBoost,0.564129114151001,1
XGBoost,0.0002940151607617736,0
XGBoost,0.37616628408432007,0
XGBoost,0.0004315539263188839,0
XGBoost,0.0006840337882749736,0
XGBoost,0.9993510842323303,1
XGBoost,0.0005426192074082792,0
XGBoost,0.19384534657001495,0
XGBoost,0.9995661377906799,1
XGBoost,0.33447855710983276,1
XGBoost,0.9995858073234558,1
XGBoost,0.0005061095580458641,0
XGBoost,0.12943093478679657,0
XGBoost,0.9997695088386536,1
XGBoost,0.43248438835144043,1
XGBoost,0.40883272886276245,1
XGBoost,0.00019324393360875547,0
XGBoost,0.48264458775520325,1
XGBoost,0.9995144605636597,1
XGBoost,0.0005577293341048062,0
XGBoost,0.1747383177280426,1
XGBoost,0.9995146989822388,1
XGBoost,0.5428364276885986,0
XGBoost,0.9995007514953613,1
XGBoost,0.9995797276496887,1
XGBoost,0.0009920387528836727,0
XGBoost,0.00045729827252216637,0
XGBoost,0.0005284786457195878,0
XGBoost,0.2991814613342285,0
XGBoost,0.0005562863661907613,0
XGBoost,0.4944825768470764,0
XGBoost,0.559627890586853,1
XGBoost,0.43281733989715576,1
XGBoost,0.5191242098808289,0
XGBoost,0.9982115030288696,1
XGBoost,0.5379539132118225,1
XGBoost,0.0005823447136208415,0
XGBoost,0.6774962544441223,0
XGBoost,0.18730252981185913,0
XGBoost,0.9996166229248047,1
XGBoost,0.7337133884429932,0
XGBoost,0.2772734463214874,0
XGBoost,0.08288164436817169,0
XGBoost,0.999552309513092,1
XGBoost,0.44751888513565063,1
XGBoost,0.5911279320716858,1
XGBoost,0.0005867673899047077,0
XGBoost,0.46288514137268066,1
XGBoost,0.0007895848830230534,0
XGBoost,0.4821939766407013,1
XGBoost,0.468283474445343,1
XGBoost,0.9991438388824463,1
XGBoost,0.9994561076164246,1
XGBoost,0.579336404800415,1
XGBoost,0.46926262974739075,0
XGBoost,0.00046502045006491244,0
XGBoost,0.9993904829025269,1
XGBoost,0.0001880443305708468,0
XGBoost,0.00024841641425155103,0
XGBoost,0.0006249984144233167,0
XGBoost,0.8111128211021423,0
XGBoost,0.6153335571289062,0
XGBoost,0.2960145175457001,1
XGBoost,0.6190152168273926,0
XGBoost,0.3061363995075226,1
XGBoost,0.46651917695999146,0
XGBoost,0.9991614818572998,1
XGBoost,0.9997289776802063,1
XGBoost,0.08969490230083466,0
XGBoost,0.31585994362831116,0
XGBoost,0.9996424913406372,1
XGBoost,0.9993335604667664,1
XGBoost,0.0005529923364520073,0
XGBoost,0.0004014303267467767,0
XGBoost,0.5616564154624939,1
XGBoost,0.9997277855873108,1
XGBoost,0.9995779395103455,1
XGBoost,0.0002882596745621413,0
XGBoost,0.0008100761915557086,0
XGBoost,0.3933854401111603,0
XGBoost,0.0002875646750908345,0
XGBoost,0.5660192966461182,0
XGBoost,0.9995632767677307,1
XGBoost,0.563924252986908,0
XGBoost,0.00045679352479055524,0
XGBoost,0.9997208714485168,1
XGBoost,0.5298556685447693,0
XGBoost,0.0003008729836437851,0
XGBoost,0.6125672459602356,1
XGBoost,0.9995445609092712,1
XGBoost,0.14046253263950348,0
XGBoost,0.4484385550022125,0
XGBoost,0.00047539753722958267,0
XGBoost,0.5816062688827515,1
XGBoost,0.49979034066200256,1
XGBoost,0.9994408488273621,1
XGBoost,0.5789622664451599,0
XGBoost,0.00029298069421201944,0
XGBoost,0.0005469744210131466,0
XGBoost,0.00043475875281728804,0
XGBoost,0.0003647595294751227,0
XGBoost,0.9994029998779297,1
XGBoost,0.9992307424545288,1
XGBoost,0.0005857278010807931,0
XGBoost,0.9995543360710144,1
XGBoost,0.9996644258499146,1
XGBoost,0.6725991368293762,0
XGBoost,0.24774318933486938,0
XGBoost,0.6195139288902283,0
XGBoost,0.0006207736441865563,0
XGBoost,0.6104596853256226,1
XGBoost,0.5081623792648315,1
XGBoost,0.999612033367157,1
XGBoost,0.3880899250507355,0
XGBoost,0.0008672352996654809,0
XGBoost,0.5040352940559387,0
XGBoost,0.39454102516174316,1
XGBoost,0.5225672125816345,0
XGBoost,0.0009303205297328532,0
XGBoost,0.0005502239218913019,0
XGBoost,0.4288470149040222,0
XGBoost,0.0003064755874220282,0
XGBoost,0.0007598823867738247,0
XGBoost,0.45448583364486694,0
XGBoost,0.5909333825111389,1
XGBoost,0.6524221301078796,1
XGBoost,0.5878919363021851,1
XGBoost,0.6273685097694397,1
XGBoost,0.9995748400688171,1
XGBoost,0.4092116951942444,1
XGBoost,0.39539527893066406,1
XGBoost,0.06525275856256485,0
XGBoost,0.999724805355072,1
XGBoost,0.000743383658118546,0
XGBoost,0.9994161128997803,1
XGBoost,0.0004647257155738771,0
XGBoost,0.8375619053840637,1
XGBoost,0.3428876996040344,0
XGBoost,0.40131106972694397,1
XGBoost,0.5694775581359863,0
XGBoost,0.5087370872497559,0
XGBoost,0.0004072354349773377,0
XGBoost,0.9995336532592773,1
XGBoost,0.0003630907740443945,0
XGBoost,0.00019291182979941368,0
XGBoost,0.9994509816169739,1
XGBoost,0.6197546124458313,1
XGBoost,0.4629817008972168,0
XGBoost,0.9992581009864807,1
XGBoost,0.6040583848953247,1
XGBoost,0.2952876091003418,0
XGBoost,0.9993119239807129,1
XGBoost,0.5586821436882019,1
XGBoost,0.45656850934028625,0
XGBoost,0.9995228052139282,1
XGBoost,0.2821362018585205,0
XGBoost,0.0006401284481398761,0
XGBoost,0.00025431104586459696,0
XGBoost,0.9996616840362549,1
XGBoost,0.13730217516422272,0
XGBoost,0.0008175171678885818,0
XGBoost,0.6619624495506287,1
XGBoost,0.656853437423706,1
XGBoost,0.0008643482578918338,0
XGBoost,0.5406322479248047,1
XGBoost,0.00023674563271924853,0
XGBoost,0.5446308255195618,0
XGBoost,0.00044285671901889145,0
XGBoost,0.0003820385318249464,0
XGBoost,0.700637936592102,1
XGBoost,0.9992107152938843,1
XGBoost,0.635883092880249,1
XGBoost,0.0007793798577040434,0
XGBoost,0.5716097354888916,0
XGBoost,0.00029693558462895453,0
XGBoost,0.0005780785577371716,0
XGBoost,0.5688945055007935,0
XGBoost,0.0004620071267709136,0
XGBoost,0.41445109248161316,1
XGBoost,0.001263370388187468,0
XGBoost,0.9995991587638855,1
XGBoost,0.41369274258613586,0
XGBoost,0.35711222887039185,1
XGBoost,0.35513052344322205,0
XGBoost,0.2875625789165497,1
XGBoost,0.35993126034736633,0
XGBoost,0.0004261034482624382,0
XGBoost,0.0004733536916319281,0
XGBoost,0.36092743277549744,1
XGBoost,0.00042473821667954326,0
XGBoost,0.6960785388946533,0
XGBoost,0.99964439868927,1
XGBoost,0.999531626701355,1
XGBoost,0.5567781329154968,0
XGBoost,0.5982677340507507,1
XGBoost,0.9997393488883972,1
XGBoost,0.18740613758563995,0
XGBoost,0.49256399273872375,1
XGBoost,0.4409007132053375,0
XGBoost,0.21445758640766144,0
XGBoost,0.6053972244262695,1
XGBoost,0.40171316266059875,0
XGBoost,0.5758447647094727,1
XGBoost,0.9995055198669434,1
XGBoost,0.6552510857582092,0
XGBoost,0.0005288119427859783,0
XGBoost,0.39948028326034546,0
XGBoost,0.0005185105255804956,0
XGBoost,0.9996738433837891,1
XGBoost,0.5509526133537292,0
XGBoost,0.6238599419593811,0
XGBoost,0.2784571945667267,1
XGBoost,0.0006487669888883829,0
XGBoost,0.9991297125816345,1
XGBoost,0.0006358042010106146,0
XGBoost,0.0003320339892525226,0
XGBoost,0.9995367527008057,1
XGBoost,0.38990381360054016,0
XGBoost,0.5655848979949951,0
XGBoost,0.5323401689529419,1
XGBoost,0.47294923663139343,1
XGBoost,0.0002643459592945874,0
XGBoost,0.0004742919991258532,0
XGBoost,0.9989602565765381,1
XGBoost,0.6336174011230469,1
XGBoost,0.3505561351776123,1
XGBoost,0.5502894520759583,1
XGBoost,0.495037704706192,0
XGBoost,0.3423343300819397,0
XGBoost,0.5994812846183777,1
XGBoost,0.0003266592975705862,0
XGBoost,0.5197994709014893,1
XGBoost,0.9997698664665222,1
XGBoost,0.5983434915542603,0
XGBoost,0.00030795877682976425,0
XGBoost,0.000597782782278955,0
XGBoost,0.0008719948236830533,0
XGBoost,0.00018095732957590371,0
XGBoost,0.0004496796173043549,0
XGBoost,0.35727018117904663,0
XGBoost,0.5037078857421875,1
XGBoost,0.3613556921482086,0
XGBoost,0.43090346455574036,1
XGBoost,0.34014585614204407,0
XGBoost,0.5761173963546753,1
XGBoost,0.9996715784072876,1
XGBoost,0.6360234022140503,1
XGBoost,0.00040470153908245265,0
XGBoost,0.528806746006012,0
XGBoost,0.35026994347572327,0
XGBoost,0.6298231482505798,1
XGBoost,0.530940592288971,0
XGBoost,0.5262094140052795,0
XGBoost,0.9996854066848755,1
XGBoost,0.3910140097141266,1
XGBoost,0.999606192111969,1
XGBoost,0.0005681257462128997,0
XGBoost,0.0007011372945271432,0
XGBoost,0.5012070536613464,1
XGBoost,0.0005241952603682876,0
XGBoost,0.0005603731260634959,0
XGBoost,0.4351843297481537,1
XGBoost,0.0007260224083438516,0
XGBoost,0.32917749881744385,0
XGBoost,0.7168732285499573,1
XGBoost,0.9997149109840393,1
XGBoost,0.0006297426880337298,0
XGBoost,0.5392670035362244,0
XGBoost,0.4529891014099121,1
XGBoost,0.3738108277320862,0
XGBoost,0.14916665852069855,0
XGBoost,0.9996114373207092,1
XGBoost,0.9996373653411865,1
XGBoost,0.5033190250396729,1
XGBoost,0.9992237091064453,1
XGBoost,0.0007442356436513364,0
XGBoost,0.4620749354362488,0
XGBoost,0.9994986057281494,1
XGBoost,0.0005911246407777071,0
XGBoost,0.2941707968711853,0
XGBoost,0.3578263819217682,0
XGBoost,0.0005932875792495906,0
XGBoost,0.4735507667064667,1
XGBoost,0.9997745156288147,1
XGBoost,0.7581320405006409,1
XGBoost,0.9995716214179993,1
XGBoost,0.0006113627459853888,0
XGBoost,0.46125954389572144,1
XGBoost,0.9997966885566711,1
XGBoost,0.4245522916316986,0
XGBoost,0.6103997826576233,1
XGBoost,0.751905620098114,0
XGBoost,0.7192942500114441,0
XGBoost,0.4698345959186554,1
XGBoost,0.9996997117996216,1
XGBoost,0.6767385005950928,1
XGBoost,0.435693621635437,1
XGBoost,0.9994334578514099,1
XGBoost,0.3465127646923065,1
XGBoost,0.5180603861808777,0
XGBoost,0.5817742943763733,1
XGBoost,0.6195476055145264,1
XGBoost,0.9995772242546082,1
XGBoost,0.2512727975845337,0
XGBoost,0.0006201143260113895,0
XGBoost,0.6447585821151733,1
XGBoost,0.4182804226875305,1
XGBoost,0.9995763897895813,1
XGBoost,0.37318500876426697,0
XGBoost,0.9994521737098694,1
XGBoost,0.0006915761041454971,0
XGBoost,0.6790086627006531,1
XGBoost,0.4802919328212738,1
XGBoost,0.9989789724349976,1
XGBoost,0.00036994105903431773,0
XGBoost,0.00034054735442623496,0
XGBoost,0.9994661211967468,1
XGBoost,0.6419904232025146,1
XGBoost,0.5034023523330688,1
XGBoost,0.00033488974440842867,0
XGBoost,0.999672532081604,1
XGBoost,0.5679309368133545,0
XGBoost,0.597919762134552,1
XGBoost,0.5800478458404541,1
XGBoost,0.5909333825111389,0
XGBoost,0.3312561810016632,0
XGBoost,0.29817765951156616,0
XGBoost,0.9995381832122803,1
XGBoost,0.9992478489875793,1
XGBoost,0.9988030195236206,1
XGBoost,0.00035479062353260815,0
XGBoost,0.0005270735709927976,0
XGBoost,0.4430393576622009,0
XGBoost,0.9994984865188599,1
XGBoost,0.9994200468063354,1
XGBoost,0.0005344398668967187,0
XGBoost,0.4890797734260559,0
XGBoost,0.3580087125301361,1
XGBoost,0.5675694346427917,0
XGBoost,0.999428927898407,1
XGBoost,0.40678179264068604,0
XGBoost,0.9995129108428955,1
XGBoost,0.38963082432746887,1
XGBoost,0.9996755123138428,1
XGBoost,0.5097355842590332,1
XGBoost,0.9991375207901001,1
XGBoost,0.0003651321749202907,0
XGBoost,0.3887976408004761,1
XGBoost,0.9993467926979065,1
XGBoost,0.5753410458564758,0
XGBoost,0.5143254399299622,1
XGBoost,0.0002899644896388054,0
XGBoost,0.0006596092716790736,0
XGBoost,0.0010455705923959613,0
XGBoost,0.32995960116386414,1
XGBoost,0.0006655529141426086,0
XGBoost,0.6219044923782349,0
XGBoost,0.7008805274963379,1
XGBoost,0.4645260274410248,0
XGBoost,0.9995892643928528,1
XGBoost,0.5385228991508484,1
XGBoost,0.00036202275077812374,0
XGBoost,0.4199123680591583,1
XGBoost,0.4883248209953308,1
XGBoost,0.0005302304634824395,0
XGBoost,0.40058082342147827,0
XGBoost,0.9994551539421082,1
XGBoost,0.6523901224136353,1
XGBoost,0.46575483679771423,0
XGBoost,0.5430715084075928,0
XGBoost,0.1404668241739273,0
XGBoost,0.3676552176475525,0
XGBoost,0.429159939289093,0
XGBoost,0.00046984723303467035,0
XGBoost,0.9995660185813904,1
XGBoost,0.0006803565775044262,0
XGBoost,0.44616010785102844,0
XGBoost,0.47441864013671875,1
XGBoost,0.5515552163124084,0
XGBoost,0.9995906949043274,1
XGBoost,0.4881955683231354,0
XGBoost,0.4632149040699005,1
XGBoost,0.5036636590957642,1
XGBoost,0.4799896776676178,0
XGBoost,0.4935494363307953,1
XGBoost,0.0004090848087798804,0
XGBoost,0.5859768390655518,1
XGBoost,0.21913231909275055,1
XGBoost,0.00037762909778393805,0
XGBoost,0.4675532281398773,0
XGBoost,0.6917316913604736,0
XGBoost,0.9993506073951721,1
XGBoost,0.9996496438980103,1
XGBoost,0.6096917390823364,0
XGBoost,0.00012135741417296231,0
XGBoost,0.4189198315143585,0
XGBoost,0.9996888637542725,1
XGBoost,0.5942492485046387,0
XGBoost,0.9992069602012634,1
XGBoost,0.0008004046394489706,0
XGBoost,0.21933023631572723,1
XGBoost,0.0006925651105120778,0
XGBoost,0.29282090067863464,1
XGBoost,0.39010822772979736,0
XGBoost,0.38225415349006653,0
XGBoost,0.00036150217056274414,0
XGBoost,0.0002432238106848672,0
XGBoost,0.0006784998113289475,0
XGBoost,0.0002558749110903591,0
XGBoost,0.0006041638553142548,0
XGBoost,0.4302878975868225,1
XGBoost,0.5136262774467468,0
XGBoost,0.38571295142173767,1
XGBoost,0.3784509599208832,0
XGBoost,0.0004081045917700976,0
XGBoost,0.5800478458404541,0
XGBoost,0.33439216017723083,0
XGBoost,0.6201558113098145,0
XGBoost,0.7036158442497253,1
XGBoost,0.9995421171188354,1
XGBoost,0.00038253195816650987,0
XGBoost,0.39884325861930847,1
XGBoost,0.11070705950260162,0
XGBoost,0.2382756918668747,1
XGBoost,0.9995276927947998,1
XGBoost,0.0005530684720724821,0
XGBoost,0.5471515655517578,1
XGBoost,0.5420182347297668,0
XGBoost,0.36648133397102356,1
XGBoost,0.0004818926681764424,0
XGBoost,0.9995067119598389,1
XGBoost,0.5438024997711182,0
XGBoost,0.00029143813299015164,0
XGBoost,0.0006343400455079973,0
XGBoost,0.1944391429424286,0
XGBoost,0.9996805191040039,1
XGBoost,0.999700665473938,1
XGBoost,0.0008460782119072974,0
XGBoost,0.9995824694633484,1
XGBoost,0.5840087532997131,0
XGBoost,0.5910891890525818,1
XGBoost,0.00035462426603771746,0
XGBoost,0.5695464611053467,1
XGBoost,0.9996769428253174,1
XGBoost,0.47888514399528503,1
XGBoost,0.764259397983551,0
XGBoost,0.4920922517776489,1
XGBoost,0.16519658267498016,0
XGBoost,0.9996637105941772,1
XGBoost,0.0005949249025434256,0
XGBoost,0.33568045496940613,0
XGBoost,0.9997352957725525,1
XGBoost,0.664528489112854,0
XGBoost,0.43274393677711487,1
XGBoost,0.5215794444084167,1
XGBoost,0.4337261915206909,1
XGBoost,0.6421577334403992,0
XGBoost,0.564848780632019,0
XGBoost,0.9991803765296936,1
XGBoost,0.5278416872024536,0
XGBoost,0.5711917877197266,1
XGBoost,0.15744374692440033,0
XGBoost,0.9995405673980713,1
XGBoost,0.5670577883720398,0
XGBoost,0.4538840055465698,1
XGBoost,0.000708172912709415,0
XGBoost,0.39001232385635376,1
XGBoost,0.22474512457847595,1
XGBoost,0.9992590546607971,1
XGBoost,0.5146500468254089,0
XGBoost,0.9995676875114441,1
XGBoost,0.9994841814041138,1
XGBoost,0.6840145587921143,0
XGBoost,0.5554324984550476,1
XGBoost,0.5089209079742432,0
XGBoost,0.9997250437736511,1
XGBoost,0.24587073922157288,0
XGBoost,0.48472902178764343,1
XGBoost,0.9995075464248657,1
XGBoost,0.0003238338977098465,0
XGBoost,0.0006049872608855367,0
XGBoost,0.9994797110557556,1
XGBoost,0.5435525178909302,0
XGBoost,0.00029221325530670583,0
XGBoost,0.5852270722389221,0
XGBoost,0.0001663175062276423,0
XGBoost,0.4709194004535675,0
XGBoost,0.590653121471405,0
XGBoost,0.9995869994163513,1
XGBoost,0.000273629033472389,0
XGBoost,0.9995688796043396,1
XGBoost,0.6372103691101074,1
XGBoost,0.9994623064994812,1
XGBoost,0.5941062569618225,0
XGBoost,0.5480914115905762,1
XGBoost,0.724676251411438,0
XGBoost,0.0009710694430395961,0
XGBoost,0.4851759672164917,1
XGBoost,0.5243679285049438,0
XGBoost,0.8041102886199951,1
XGBoost,0.9994396567344666,1
XGBoost,0.5101122260093689,1
XGBoost,0.00034482788760215044,0
XGBoost,0.9985306262969971,1
XGBoost,0.0004226281016599387,0
XGBoost,0.9996745586395264,1
XGBoost,0.43248799443244934,1
XGBoost,0.00033731135772541165,0
XGBoost,0.00047705305041745305,0
XGBoost,0.1481376737356186,0
XGBoost,0.0007036890019662678,0
XGBoost,0.4278640151023865,0
XGBoost,0.0003862659214064479,0
XGBoost,0.33191344141960144,0
XGBoost,0.0004355028795544058,0
XGBoost,0.9993316531181335,1
XGBoost,0.2656409740447998,1
XGBoost,0.9994264841079712,1
XGBoost,0.0004456527822185308,0
XGBoost,0.4195917248725891,0
XGBoost,0.00043735880171880126,0
XGBoost,0.9993322491645813,1
XGBoost,0.3072969913482666,0
XGBoost,0.6232104301452637,0
XGBoost,0.6050547957420349,1
XGBoost,0.45820993185043335,0
XGBoost,0.412684828042984,1
XGBoost,0.700874924659729,1
XGBoost,0.7580752372741699,0
XGBoost,0.9994158744812012,1
XGBoost,0.5833503603935242,1
XGBoost,0.9996447563171387,1
XGBoost,0.14518527686595917,1
XGBoost,0.9993452429771423,1
XGBoost,0.999649167060852,1
XGBoost,0.9996839761734009,1
XGBoost,0.0006431852234527469,0
XGBoost,0.9997392296791077,1
XGBoost,0.569917619228363,1
XGBoost,0.9995124340057373,1
XGBoost,0.0010018015746027231,0
XGBoost,0.5888915657997131,1
XGBoost,0.0006131869158707559,0
XGBoost,0.0006529848324134946,0
XGBoost,0.9997532963752747,1
XGBoost,0.7339304089546204,1
XGBoost,0.9995576739311218,1
XGBoost,0.9994874000549316,1
XGBoost,0.0007029708940535784,0
XGBoost,0.9997848868370056,1
XGBoost,0.5661331415176392,1
XGBoost,0.39891529083251953,0
XGBoost,0.9995521903038025,1
XGBoost,0.5661152601242065,1
XGBoost,0.9997521042823792,1
XGBoost,0.0003733258927240968,0
XGBoost,0.0010706011671572924,0
XGBoost,0.48662498593330383,0
XGBoost,0.9995710253715515,1
XGBoost,0.6723867654800415,1
XGBoost,0.0004681290010921657,0
XGBoost,0.5050294399261475,0
XGBoost,0.999900221824646,1
XGBoost,0.6000177264213562,1
XGBoost,0.9997658133506775,1
XGBoost,0.9990546107292175,1
XGBoost,0.9996080994606018,1
XGBoost,0.5904167890548706,0
XGBoost,0.5842823386192322,1
XGBoost,0.5099862813949585,1
XGBoost,0.6745820045471191,1
XGBoost,0.00038791060796938837,0
XGBoost,0.5764194130897522,0
XGBoost,0.9997232556343079,1
XGBoost,0.5507206320762634,1
XGBoost,0.3818066418170929,1
XGBoost,0.42206475138664246,1
XGBoost,0.999426007270813,1
XGBoost,0.9996598958969116,1
XGBoost,0.9996935129165649,1
XGBoost,0.3901315927505493,0
XGBoost,0.5631121397018433,0
XGBoost,0.48293212056159973,0
XGBoost,0.9996451139450073,1
XGBoost,0.5677700042724609,0
XGBoost,0.4024939239025116,1
XGBoost,0.9997361302375793,1
XGBoost,0.9994192123413086,1
XGBoost,0.47605884075164795,0
XGBoost,0.00041212025098502636,0
XGBoost,0.00030880142003297806,0
XGBoost,0.6573160886764526,1
XGBoost,0.7622680068016052,1
XGBoost,0.2229657620191574,0
XGBoost,0.6108361482620239,0
XGBoost,0.9995438456535339,1
XGBoost,0.6217153668403625,0
XGBoost,0.0006327592418529093,0
XGBoost,0.6136730909347534,1
XGBoost,0.000340660015353933,0
XGBoost,0.607997715473175,1
XGBoost,0.5147038102149963,1
XGBoost,0.7318456172943115,1
XGBoost,0.9994192123413086,1
XGBoost,0.6414057016372681,1
XGBoost,0.00041845865780487657,0
XGBoost,0.4895091652870178,1
XGBoost,0.0004317413840908557,0
XGBoost,0.6592170596122742,0
XGBoost,0.2713143825531006,1
XGBoost,0.9996157884597778,1
XGBoost,0.0004570651217363775,0
XGBoost,0.277435839176178,0
XGBoost,0.6533496975898743,1
XGBoost,0.999637246131897,1
XGBoost,0.9993795156478882,1
XGBoost,0.6611084342002869,0
XGBoost,0.9995896220207214,1
XGBoost,0.9995790123939514,1
XGBoost,0.0005937364767305553,0
XGBoost,0.6916351914405823,1
XGBoost,0.502957820892334,1
XGBoost,0.7571191191673279,1
XGBoost,0.00033348347642458975,0
XGBoost,0.4295458197593689,1
XGBoost,0.0002999416028615087,0
XGBoost,0.6264235377311707,0
XGBoost,0.0004293547535780817,0
XGBoost,0.9996050000190735,1
XGBoost,0.39574405550956726,0
XGBoost,0.9997807145118713,1
XGBoost,0.5270487070083618,1
XGBoost,0.00047818172606639564,0
XGBoost,0.5647045969963074,0
XGBoost,0.0002736251335591078,0
XGBoost,0.406829833984375,0
XGBoost,0.31259042024612427,1
XGBoost,0.5515552163124084,1
XGBoost,0.9996159076690674,1
XGBoost,0.0003898414724972099,0
XGBoost,0.00046466614003293216,0
XGBoost,0.9994506239891052,1
XGBoost,0.4962490499019623,1
XGBoost,0.9995293617248535,1
XGBoost,0.00025676420773379505,0
XGBoost,0.0003845940809696913,0
XGBoost,0.9996575117111206,1
XGBoost,0.0003727938455995172,0
XGBoost,0.5571820139884949,1
XGBoost,0.5376025438308716,0
XGBoost,0.779590904712677,1
XGBoost,0.4376336932182312,1
XGBoost,0.999437153339386,1
XGBoost,0.9997637867927551,1
XGBoost,0.00029306364012882113,0
XGBoost,0.9996349811553955,1
XGBoost,0.3288906514644623,1
XGBoost,0.6940007209777832,0
XGBoost,0.0004519749491009861,0
XGBoost,0.9996658563613892,1
XGBoost,0.425202339887619,0
XGBoost,0.0004133302718400955,0
XGBoost,0.4695744216442108,0
XGBoost,0.38677847385406494,1
XGBoost,0.4547763466835022,0
XGBoost,0.6189121603965759,0
XGBoost,0.6039527058601379,0
XGBoost,0.0006078917067497969,0
XGBoost,0.00046232916065491736,0
XGBoost,0.0006007596384733915,0
XGBoost,0.9994935989379883,1
XGBoost,0.6203784346580505,0
XGBoost,0.00018698319036047906,0
XGBoost,0.0005074863438494503,0
XGBoost,0.999650239944458,1
XGBoost,0.37512198090553284,0
XGBoost,0.5134320855140686,0
XGBoost,0.5164165496826172,1
XGBoost,0.6429155468940735,0
XGBoost,0.3447967767715454,0
XGBoost,0.3614650368690491,0
XGBoost,0.0005575555842369795,0
XGBoost,0.6075019240379333,1
XGBoost,0.9996600151062012,1
XGBoost,0.0005826778360642493,0
XGBoost,0.2524299621582031,1
XGBoost,0.0003137635940220207,0
XGBoost,0.43738308548927307,0
XGBoost,0.0004098606004845351,0
XGBoost,0.00023368220718111843,0
XGBoost,0.9996664524078369,1
XGBoost,0.6185187101364136,0
XGBoost,0.00034308747854083776,0
XGBoost,0.0004173024499323219,0
XGBoost,0.668678343296051,1
XGBoost,0.9996926784515381,1
XGBoost,0.00047888464177958667,0
XGBoost,0.5058215260505676,1
XGBoost,0.6024371385574341,1
XGBoost,0.5638090968132019,1
XGBoost,0.5692113041877747,0
XGBoost,0.5569027066230774,0
XGBoost,0.00043005807674489915,0
XGBoost,0.0006258690264075994,0
XGBoost,0.999667763710022,1
XGBoost,0.548157274723053,1
XGBoost,0.9995336532592773,1
XGBoost,0.5624462962150574,1
XGBoost,0.9994508624076843,1
XGBoost,0.9995829463005066,1
XGBoost,0.46590742468833923,1
XGBoost,0.0004167842271272093,0
XGBoost,0.0004310447257012129,0
XGBoost,0.9991413354873657,1
XGBoost,0.652576744556427,1
XGBoost,0.5465521216392517,1
XGBoost,0.50921630859375,1
XGBoost,0.9996963739395142,1
XGBoost,0.047662943601608276,0
XGBoost,0.9996509552001953,1
XGBoost,0.6034631729125977,0
XGBoost,0.00043851789087057114,0
XGBoost,0.5563800930976868,1
XGBoost,0.6403828263282776,1
XGBoost,0.9996527433395386,1
XGBoost,0.0006493469118140638,0
XGBoost,0.00035668862983584404,0
XGBoost,0.5908613801002502,1
XGBoost,0.0005164226167835295,0
XGBoost,0.9997193217277527,1
XGBoost,0.9997143149375916,1
XGBoost,0.4851759672164917,0
XGBoost,0.13866910338401794,0
XGBoost,0.5949554443359375,0
XGBoost,0.3866211771965027,0
XGBoost,0.9996013045310974,1
XGBoost,0.5443273782730103,1
XGBoost,0.9995500445365906,1
XGBoost,0.0003051777894143015,0
XGBoost,0.5010764002799988,1
XGBoost,0.9992382526397705,1
XGBoost,0.33560600876808167,0
XGBoost,0.5719689726829529,0
XGBoost,0.5032894611358643,0
XGBoost,0.5588328242301941,1
XGBoost,0.0006313975318334997,0
XGBoost,0.9997137188911438,1
XGBoost,0.47760942578315735,1
XGBoost,0.5826376080513,0
XGBoost,0.0006211844156496227,0
XGBoost,0.6176812648773193,0
XGBoost,0.6170347929000854,0
XGBoost,0.715867280960083,0
XGBoost,0.9996793270111084,1
XGBoost,0.00028128299163654447,0
XGBoost,0.2192724496126175,0
XGBoost,0.0005919514806009829,0
XGBoost,0.5723824501037598,0
XGBoost,0.9994699358940125,1
XGBoost,0.468244731426239,1
XGBoost,0.9995468258857727,1
XGBoost,0.10675596445798874,0
XGBoost,0.5535686016082764,0
XGBoost,0.00034034758573397994,0
XGBoost,0.0004806056967936456,0
XGBoost,0.6604253649711609,1
XGBoost,0.9995852112770081,1
XGBoost,0.5575138926506042,1
XGBoost,0.9994376301765442,1
XGBoost,0.9996428489685059,1
XGBoost,0.0004934626631438732,0
XGBoost,0.5141098499298096,0
XGBoost,0.0005116747342981398,0
XGBoost,0.18834109604358673,0
XGBoost,0.0005551797803491354,0
XGBoost,0.5160738825798035,1
XGBoost,0.5283156037330627,0
XGBoost,0.6470467448234558,0
XGBoost,0.04922568425536156,1
XGBoost,0.00043898861622437835,0
XGBoost,0.5690072178840637,0
XGBoost,0.3620542287826538,1
XGBoost,0.9997236132621765,1
XGBoost,0.00031391947413794696,0
XGBoost,0.4838128387928009,0
XGBoost,0.653403639793396,1
XGBoost,0.47106465697288513,0
XGBoost,0.9996488094329834,1
XGBoost,0.0003981233458034694,0
XGBoost,0.5151796340942383,1
XGBoost,0.0005846031126566231,0
XGBoost,0.5775217413902283,1
XGBoost,0.9996328353881836,1
XGBoost,0.45086318254470825,1
XGBoost,0.7228488922119141,0
XGBoost,0.7321072816848755,0
XGBoost,0.00041244819294661283,0
XGBoost,0.47333240509033203,1
XGBoost,0.9998169541358948,1
XGBoost,0.0004812039260286838,0
XGBoost,0.41677454113960266,1
XGBoost,0.4729161858558655,1
XGBoost,0.5678237676620483,1
XGBoost,0.0007416500593535602,0
XGBoost,0.20506714284420013,0
XGBoost,0.5135579109191895,1
XGBoost,0.44473063945770264,1
XGBoost,0.9994291663169861,1
XGBoost,0.0004521071969065815,0
XGBoost,0.24865089356899261,1
XGBoost,0.6613075733184814,1
XGBoost,0.346366286277771,1
XGBoost,0.6650363802909851,0
XGBoost,0.00037269541644491255,0
XGBoost,0.6907307505607605,0
XGBoost,0.4812009036540985,1
XGBoost,0.43834736943244934,0
XGBoost,0.4674484431743622,0
XGBoost,0.9995146989822388,1
XGBoost,0.9996458292007446,1
XGBoost,0.4569988548755646,1
XGBoost,0.0003626217076089233,0
XGBoost,0.0005263079656288028,0
XGBoost,0.15490223467350006,0
XGBoost,0.9996700286865234,1
XGBoost,0.9995425939559937,1
XGBoost,0.4666145443916321,1
XGBoost,0.3111529052257538,1
XGBoost,0.0006466903141699731,0
XGBoost,0.9995885491371155,1
XGBoost,0.5006201863288879,0
XGBoost,0.999560534954071,1
XGBoost,0.0008915921207517385,0
XGBoost,0.7918527722358704,0
XGBoost,0.9994231462478638,1
XGBoost,0.5306168794631958,1
XGBoost,0.3733038902282715,1
XGBoost,0.4801378846168518,1
XGBoost,0.0004005509545095265,0
XGBoost,0.4996330440044403,0
XGBoost,0.9995788931846619,1
XGBoost,0.0004400289326440543,0
XGBoost,0.2889045476913452,1
XGBoost,0.9995459914207458,1
XGBoost,0.4548484981060028,1
XGBoost,0.9992063641548157,1
XGBoost,0.4016062617301941,1
XGBoost,0.0005205096094869077,0
XGBoost,0.4300507605075836,1
XGBoost,0.5479122996330261,1
XGBoost,0.9994754195213318,1
XGBoost,0.5645488500595093,1
XGBoost,0.9996391534805298,1
XGBoost,0.5932449102401733,0
XGBoost,0.5096184015274048,0
XGBoost,0.682489275932312,0
XGBoost,0.5726167559623718,1
XGBoost,0.9996170997619629,1
XGBoost,0.3286467492580414,0
XGBoost,0.4991842210292816,1
XGBoost,0.000703725207131356,0
XGBoost,0.4100477397441864,1
XGBoost,0.5899925231933594,1
XGBoost,0.0004559739027172327,0
XGBoost,0.4974443018436432,1
XGBoost,0.9996824264526367,1
XGBoost,0.6306835412979126,0
XGBoost,0.494304895401001,0
XGBoost,0.3151172697544098,0
XGBoost,0.5510417819023132,1
XGBoost,0.42631080746650696,1
XGBoost,0.7819995284080505,0
XGBoost,0.9995537400245667,1
XGBoost,0.5449439883232117,0
XGBoost,0.9995869994163513,1
XGBoost,0.5669453740119934,0
XGBoost,0.9996488094329834,1
XGBoost,0.00038883116212673485,0
XGBoost,0.9994563460350037,1
XGBoost,0.22953228652477264,0
XGBoost,0.3409884572029114,0
XGBoost,0.9988705515861511,1
XGBoost,0.9992471933364868,1
XGBoost,0.0004566496645566076,0
XGBoost,0.9995885491371155,1
XGBoost,0.37998121976852417,0
XGBoost,0.0004913032171316445,0
XGBoost,0.0006954772979952395,0
XGBoost,0.0005191121017560363,0
XGBoost,0.5963093042373657,0
XGBoost,0.4972350001335144,1
XGBoost,0.0006377313402481377,0
XGBoost,0.9996727705001831,1
XGBoost,0.999516487121582,1
XGBoost,0.39551016688346863,1
XGBoost,0.9995071887969971,1
XGBoost,0.9996080994606018,1
XGBoost,0.6142749190330505,1
XGBoost,0.5443485975265503,1
XGBoost,0.9996707439422607,1
XGBoost,0.44603845477104187,0
XGBoost,0.531279444694519,0
XGBoost,0.21892447769641876,0
XGBoost,0.0006747989682480693,0
XGBoost,0.0004583288391586393,0
XGBoost,0.4775404930114746,1
XGBoost,0.4278181195259094,0
XGBoost,0.5053020715713501,1
XGBoost,0.4259865880012512,1
XGBoost,0.999671459197998,1
XGBoost,0.0005133530357852578,0
XGBoost,0.39474523067474365,0
XGBoost,0.0012110555544495583,0
XGBoost,0.9992842078208923,1
XGBoost,0.0006278154323808849,0
XGBoost,0.9995744824409485,1
XGBoost,0.00040369838825426996,0
XGBoost,0.0006009987555444241,0
XGBoost,0.3400665819644928,1
XGBoost,0.57522052526474,0
XGBoost,0.4682590365409851,0
XGBoost,0.9995529055595398,1
XGBoost,0.9993348717689514,1
XGBoost,0.0004491484141908586,0
XGBoost,0.5528475642204285,1
XGBoost,0.27613338828086853,1
XGBoost,0.4139581620693207,1
XGBoost,0.9997807145118713,1
XGBoost,0.9995470643043518,1
XGBoost,0.6571878790855408,0
XGBoost,0.5330668687820435,1
XGBoost,0.00021028491028118879,0
XGBoost,0.6014680862426758,0
XGBoost,0.999554455280304,1
XGBoost,0.3079226315021515,1
XGBoost,0.9997459053993225,1
XGBoost,0.7258159518241882,0
XGBoost,0.9995273351669312,1
XGBoost,0.013256978243589401,0
XGBoost,0.35044366121292114,1
XGBoost,0.9996351003646851,1
XGBoost,0.3824275732040405,0
XGBoost,0.9996553659439087,1
XGBoost,0.5284446477890015,0
XGBoost,0.5245659947395325,1
XGBoost,0.999688982963562,1
XGBoost,0.0004390175163280219,0
XGBoost,0.00022838229779154062,0
XGBoost,0.18035301566123962,0
XGBoost,0.0004897749167867005,0
XGBoost,0.9996408224105835,1
XGBoost,0.5087012648582458,1
XGBoost,0.5855046510696411,0
XGBoost,0.9993855953216553,1
XGBoost,0.6210412383079529,1
XGBoost,0.6143067479133606,1
XGBoost,0.5176095366477966,0
XGBoost,0.47781825065612793,1
XGBoost,0.0007092177984304726,0
XGBoost,0.0005182298482395709,0
XGBoost,0.001007799874059856,0
XGBoost,0.0006371377967298031,0
XGBoost,0.0010138183133676648,0
XGBoost,0.0003299450618214905,0
XGBoost,0.0005462548579089344,0
XGBoost,0.5204348564147949,0
XGBoost,0.360146164894104,1
XGBoost,0.0004911948344670236,0
XGBoost,0.9995890259742737,1
XGBoost,0.3988698422908783,0
XGBoost,0.0008966461755335331,0
XGBoost,0.6220056414604187,0
XGBoost,0.9995977282524109,1
XGBoost,0.681502640247345,1
XGBoost,0.9994958639144897,1
XGBoost,0.39115673303604126,0
XGBoost,0.00047383084893226624,0
XGBoost,0.000704607053194195,0
XGBoost,0.40083885192871094,0
XGBoost,0.999705970287323,1
XGBoost,0.7633312344551086,0
XGBoost,0.00041774241253733635,0
XGBoost,0.5165563225746155,1
XGBoost,0.6184564828872681,0
XGBoost,0.9996784925460815,1
XGBoost,0.9996084570884705,1
XGBoost,0.9995332956314087,1
XGBoost,0.5399426817893982,0
XGBoost,0.459496408700943,0
XGBoost,0.6146839261054993,1
XGBoost,0.6051520109176636,1
XGBoost,0.9990648627281189,1
XGBoost,0.0004524700343608856,0
XGBoost,0.0003042963217012584,0
XGBoost,0.00035435473546385765,0
XGBoost,0.0003967718512285501,0
XGBoost,0.5138795375823975,1
XGBoost,0.00036547676427289844,0
XGBoost,0.9994704127311707,1
XGBoost,0.0005386089906096458,0
XGBoost,0.00040958289173431695,0
XGBoost,0.33024561405181885,1
XGBoost,0.14281854033470154,0
XGBoost,0.0007987063727341592,0
XGBoost,0.00027323252288624644,0
XGBoost,0.3606441617012024,1
XGBoost,0.0005587323103100061,0
XGBoost,0.9996519088745117,1
XGBoost,0.9997227787971497,1
XGBoost,0.9991804957389832,1
XGBoost,0.6568493247032166,0
XGBoost,0.45965397357940674,1
XGBoost,0.9995525479316711,1
XGBoost,0.45746511220932007,1
XGBoost,0.0003413243102841079,0
XGBoost,0.9994031190872192,1
XGBoost,0.999562680721283,1
XGBoost,0.03596736490726471,0
XGBoost,0.9995248317718506,1
XGBoost,0.5390577912330627,1
XGBoost,0.5357390642166138,1
XGBoost,0.9993463158607483,1
XGBoost,0.0003788019821513444,0
XGBoost,0.5358371734619141,1
XGBoost,0.5529505014419556,1
XGBoost,0.43386849761009216,1
XGBoost,0.44975176453590393,1
XGBoost,0.0005382869276218116,0
XGBoost,0.1666843146085739,0
XGBoost,0.5294943451881409,0
XGBoost,0.9995535016059875,1
XGBoost,0.00041429733391851187,0
XGBoost,0.5411694645881653,1
XGBoost,0.24223299324512482,0
XGBoost,0.0006391186034306884,0
XGBoost,0.0005554873496294022,0
XGBoost,0.00034265225986018777,0
XGBoost,0.9997614026069641,1
XGBoost,0.5899419188499451,1
XGBoost,0.9995676875114441,1
XGBoost,0.4496370255947113,0
XGBoost,0.0003583607904147357,0
XGBoost,0.0006103217601776123,0
XGBoost,0.9994126558303833,1
XGBoost,0.2100536972284317,0
XGBoost,0.5334057211875916,1
XGBoost,0.5560311675071716,0
XGBoost,0.4896487891674042,1
XGBoost,0.4995182752609253,1
XGBoost,0.00041344002238474786,0
XGBoost,0.5253003835678101,0
XGBoost,0.0006622403161600232,0
XGBoost,0.9997655749320984,1
XGBoost,0.504101574420929,1
XGBoost,0.9997351765632629,1
XGBoost,0.000519711640663445,0
XGBoost,0.0442647710442543,0
XGBoost,0.00036824317066930234,0
XGBoost,0.9997212290763855,1
XGBoost,0.00032390214619226754,0
XGBoost,0.0003386255993973464,0
XGBoost,0.5309791564941406,1
XGBoost,0.4325975775718689,1
XGBoost,0.9993712306022644,1
XGBoost,0.4740248918533325,1
XGBoost,0.43328186869621277,0
XGBoost,0.9987766146659851,1
XGBoost,0.45451366901397705,0
XGBoost,0.4689836800098419,1
XGBoost,0.5170259475708008,0
XGBoost,0.33882060647010803,1
XGBoost,0.9996738433837891,1
XGBoost,0.9995489716529846,1
XGBoost,0.5021685361862183,0
XGBoost,0.9996914863586426,1
XGBoost,0.3820189833641052,0
XGBoost,0.4921909272670746,1
XGBoost,0.4933187961578369,1
XGBoost,0.37597113847732544,0
XGBoost,0.9997562766075134,1
XGBoost,0.019842268899083138,0
XGBoost,0.4839016795158386,0
XGBoost,0.4546416699886322,0
XGBoost,0.44459623098373413,0
XGBoost,0.9998007416725159,1
XGBoost,0.3534145951271057,0
XGBoost,0.558214008808136,1
XGBoost,0.0003836489631794393,0
XGBoost,0.00020499771926552057,0
XGBoost,0.9995738863945007,1
XGBoost,0.4269249737262726,0
XGBoost,0.9997069239616394,1
XGBoost,0.31065571308135986,0
XGBoost,0.21531087160110474,0
XGBoost,0.7695747017860413,0
XGBoost,0.5182108879089355,0
XGBoost,0.6078000068664551,0
XGBoost,0.9997209906578064,1
XGBoost,0.6559628844261169,1
XGBoost,0.0003849038330372423,0
XGBoost,0.7204183340072632,1
XGBoost,0.4031223654747009,1
XGBoost,0.0005358445923775434,0
XGBoost,0.5819910168647766,1
XGBoost,0.6341520547866821,0
XGBoost,0.5363972187042236,1
XGBoost,0.0004921865765936673,0
XGBoost,0.9997082352638245,1
XGBoost,0.999722421169281,1
XGBoost,0.9995759129524231,1
XGBoost,0.25883376598358154,1
XGBoost,0.9996392726898193,1
XGBoost,0.8314785957336426,0
XGBoost,0.9995911717414856,1
XGBoost,0.9996986389160156,1
XGBoost,0.5921993851661682,0
XGBoost,0.5532757639884949,0
XGBoost,0.9995872378349304,1
XGBoost,0.5269275307655334,1
XGBoost,0.0005578139098361135,0
XGBoost,0.30887728929519653,0
XGBoost,0.0006913711549714208,0
XGBoost,0.5935565829277039,0
XGBoost,0.0010552301537245512,0
XGBoost,0.4328794479370117,1
XGBoost,0.00036012023338116705,0
XGBoost,0.0005691720289178193,0
XGBoost,0.5208989977836609,0
XGBoost,0.6239635348320007,0
XGBoost,0.5662933588027954,1
XGBoost,0.0005425132112577558,0
XGBoost,0.999592125415802,1
XGBoost,0.6022664308547974,1
XGBoost,0.000690519402269274,0
XGBoost,0.5475576519966125,0
XGBoost,0.21502229571342468,1
XGBoost,0.7182031869888306,1
XGBoost,0.9995627999305725,1
XGBoost,0.9989301562309265,1
XGBoost,0.0005871309549547732,0
XGBoost,0.4777262806892395,0
XGBoost,0.39366966485977173,1
XGBoost,0.3844352662563324,0
XGBoost,0.38422077894210815,0
XGBoost,0.5499416589736938,0
XGBoost,0.1713961511850357,0
XGBoost,0.520288348197937,0
XGBoost,0.5518659353256226,1
XGBoost,0.47804322838783264,0
XGBoost,0.6114162802696228,0
XGBoost,0.9996065497398376,1
XGBoost,0.4810357987880707,0
XGBoost,0.4347704350948334,0
XGBoost,0.999061644077301,1
XGBoost,0.0004233704530633986,0
XGBoost,0.38250935077667236,1
XGBoost,0.5777085423469543,0
XGBoost,0.4233749806880951,0
XGBoost,0.9996364116668701,1
XGBoost,0.5959399342536926,0
XGBoost,0.9996888637542725,1
XGBoost,0.00034313066862523556,0
XGBoost,0.9997450709342957,1
XGBoost,0.9989809393882751,1
XGBoost,0.34736794233322144,0
XGBoost,0.9995457530021667,1
XGBoost,0.5449594855308533,0
XGBoost,0.9996103644371033,1
XGBoost,0.9990403056144714,1
XGBoost,0.0009724753326736391,0
XGBoost,0.5857461094856262,1
XGBoost,0.9983776807785034,1
XGBoost,0.5558217167854309,0
XGBoost,0.9995218515396118,1
XGBoost,0.5793471932411194,0
XGBoost,0.7312167882919312,1
XGBoost,0.5235210657119751,1
XGBoost,0.9994294047355652,1
XGBoost,0.4262773394584656,0
XGBoost,0.5280547142028809,0
XGBoost,0.000672927824780345,0
XGBoost,0.9993634819984436,1
XGBoost,0.6018651127815247,0
XGBoost,0.6566763520240784,1
XGBoost,0.5446643829345703,1
XGBoost,0.5245673060417175,1
XGBoost,0.0004439319600351155,0
XGBoost,0.5992836952209473,1
XGBoost,0.0006129820831120014,0
XGBoost,0.4976121187210083,1
XGBoost,0.6583289504051208,0
XGBoost,0.572421133518219,0
XGBoost,0.7226741909980774,1
XGBoost,0.0004149756277911365,0
XGBoost,0.3937457501888275,0
XGBoost,0.3764447867870331,0
XGBoost,0.4745647609233856,0
XGBoost,0.5043296217918396,0
XGBoost,0.5175037384033203,1
XGBoost,0.9997310042381287,1
XGBoost,0.4546661078929901,1
XGBoost,0.40912023186683655,0
XGBoost,0.5068944692611694,1
XGBoost,0.0006819502450525761,0
XGBoost,0.9996316432952881,1
XGBoost,0.5045519471168518,0
XGBoost,0.43170008063316345,0
XGBoost,0.999193012714386,1
XGBoost,0.9997928738594055,1
XGBoost,0.5608764290809631,0
XGBoost,0.4751145839691162,1
XGBoost,0.3706672787666321,0
XGBoost,0.4549400210380554,0
XGBoost,0.9996923208236694,1
XGBoost,0.42703673243522644,1
XGBoost,0.5033813714981079,0
XGBoost,0.0002554670791141689,0
XGBoost,0.624146044254303,1
XGBoost,0.5651007890701294,1
XGBoost,0.9992879033088684,1
XGBoost,0.9994199275970459,1
XGBoost,0.4696510434150696,1
XGBoost,0.3957318365573883,0
XGBoost,0.2368161529302597,0
XGBoost,0.47846224904060364,0
XGBoost,0.9996529817581177,1
XGBoost,0.9997496008872986,1
XGBoost,0.3756985068321228,1
XGBoost,0.0004599655221682042,0
XGBoost,0.33690232038497925,0
XGBoost,0.9995330572128296,1
XGBoost,0.4912726879119873,0
XGBoost,0.0004483038792386651,0
XGBoost,0.33901551365852356,0
XGBoost,0.4484991133213043,1
XGBoost,0.5043036341667175,1
XGBoost,0.6121454834938049,1
XGBoost,0.6158676743507385,1
XGBoost,0.44846323132514954,0
XGBoost,0.9997685551643372,1
XGBoost,0.5563985109329224,0
XGBoost,0.0006415756652131677,0
XGBoost,0.9996640682220459,1
XGBoost,0.44203048944473267,0
XGBoost,0.9996663331985474,1
XGBoost,0.9996254444122314,1
XGBoost,0.3023355305194855,0
XGBoost,0.9989570379257202,1
XGBoost,0.9990478157997131,1
XGBoost,0.9988492727279663,1
XGBoost,0.3323204517364502,0
XGBoost,0.3620542287826538,0
XGBoost,0.011365625075995922,0
XGBoost,0.41451388597488403,1
XGBoost,0.6071299910545349,0
XGBoost,0.6171998977661133,1
XGBoost,0.5991174578666687,0
XGBoost,0.9995007514953613,1
XGBoost,0.2830362021923065,0
XGBoost,0.0004925078246742487,0
XGBoost,0.0003067804791498929,0
XGBoost,0.5404813289642334,0
XGBoost,0.5287838578224182,1
XGBoost,0.0005473981727845967,0
XGBoost,0.0004889080300927162,0
XGBoost,0.6041491031646729,0
XGBoost,0.45423948764801025,0
XGBoost,0.5884971618652344,1
XGBoost,0.0006780073163099587,0
XGBoost,0.0006136151496320963,0
XGBoost,0.6581783294677734,1
XGBoost,0.0007832999690435827,0
XGBoost,0.3553941249847412,1
XGBoost,0.6064137816429138,0
XGBoost,0.9995982050895691,1
XGBoost,0.5447367429733276,0
XGBoost,0.6644142270088196,0
XGBoost,0.3775457739830017,1
XGBoost,0.0006031334050931036,0
XGBoost,0.5889471769332886,1
XGBoost,0.5603715181350708,1
XGBoost,0.6437262296676636,1
XGBoost,0.0005204036715440452,0
XGBoost,0.603196918964386,1
XGBoost,0.9997453093528748,1
XGBoost,0.0014929836615920067,0
XGBoost,0.0004937061457894742,0
XGBoost,0.6370804309844971,1
XGBoost,0.9994779229164124,1
XGBoost,0.494207501411438,1
XGBoost,0.9995684027671814,1
XGBoost,0.5729990601539612,0
XGBoost,0.0006897153798490763,0
XGBoost,0.21319735050201416,0
XGBoost,0.9995146989822388,1
XGBoost,0.0008428326109424233,0
XGBoost,0.0003770208277273923,0
XGBoost,0.5587758421897888,1
XGBoost,0.0005353445885702968,0
XGBoost,0.9990639090538025,1
XGBoost,0.0005324111552909017,0
XGBoost,0.9998262524604797,1
XGBoost,0.5914645195007324,1
XGBoost,0.9991717338562012,1
XGBoost,0.9994164705276489,1
XGBoost,0.13513384759426117,0
XGBoost,0.9997043013572693,1
XGBoost,0.3790411353111267,0
XGBoost,0.7598092555999756,1
XGBoost,0.9997268319129944,1
XGBoost,0.40572595596313477,1
XGBoost,0.9997541308403015,1
XGBoost,0.0006231792503967881,0
XGBoost,0.672183632850647,1
XGBoost,0.0006189015693962574,0
XGBoost,0.9997242093086243,1
XGBoost,0.5545656681060791,0
XGBoost,0.6616032719612122,1
XGBoost,0.45420801639556885,1
XGBoost,0.46461546421051025,0
XGBoost,0.5600388050079346,1
XGBoost,0.59523606300354,1
XGBoost,0.7117096185684204,1
XGBoost,0.00034387895721010864,0
XGBoost,0.6402566432952881,0
XGBoost,0.6367404460906982,1
XGBoost,0.00037840823642909527,0
XGBoost,0.6148887872695923,1
XGBoost,0.9996299743652344,1
XGBoost,0.0004059414495714009,0
XGBoost,0.3829694986343384,0
XGBoost,0.48343396186828613,1
XGBoost,0.999691367149353,1
XGBoost,0.3188897669315338,0
XGBoost,0.46202024817466736,0
XGBoost,0.027195023372769356,0
XGBoost,0.0004847321833949536,0
XGBoost,0.9996713399887085,1
XGBoost,0.0005921752308495343,0
XGBoost,0.9995301961898804,1
XGBoost,0.00041071223677136004,0
XGBoost,0.9995310306549072,1
XGBoost,0.3175183832645416,0
XGBoost,0.3508259057998657,1
XGBoost,0.6295457482337952,1
XGBoost,0.5054048299789429,1
XGBoost,0.704131543636322,1
XGBoost,0.0008666574722155929,0
XGBoost,0.0007921608630567789,0
XGBoost,0.00042525434400886297,0
XGBoost,0.0002784506359603256,0
XGBoost,0.9996293783187866,1
XGBoost,0.1427604854106903,0
XGBoost,0.0006974984426051378,0
XGBoost,0.5754202604293823,0
XGBoost,0.5899925231933594,0
XGBoost,0.3162914216518402,1
XGBoost,0.00026245592744089663,0
XGBoost,0.9996108412742615,1
XGBoost,0.045368582010269165,0
XGBoost,0.9991090893745422,1
XGBoost,0.9995788931846619,1
XGBoost,0.9996376037597656,1
XGBoost,0.6603330373764038,0
XGBoost,0.00036041458952240646,0
XGBoost,0.21766552329063416,0
XGBoost,0.0005011028843000531,0
XGBoost,0.0008296836167573929,0
XGBoost,0.000727989652659744,0
XGBoost,0.0005261532496660948,0
XGBoost,0.41863924264907837,1
XGBoost,0.46831437945365906,0
XGBoost,0.6450315713882446,0
XGBoost,0.0005964410956948996,0
XGBoost,0.999396562576294,1
XGBoost,0.4948170781135559,0
XGBoost,0.09256897121667862,0
XGBoost,0.44744420051574707,1
XGBoost,0.9991816878318787,1
XGBoost,0.4526354670524597,0
XGBoost,0.00047587629524059594,0
XGBoost,0.00038707334897480905,0
XGBoost,0.4971012771129608,0
XGBoost,0.3322584331035614,1
XGBoost,0.4467543065547943,0
XGBoost,0.9996047616004944,1
XGBoost,0.0007544150575995445,0
XGBoost,0.5208504796028137,0
XGBoost,0.00036077830009162426,0
XGBoost,0.00021766578720416874,0
XGBoost,0.0003196476027369499,0
XGBoost,0.9996827840805054,1
XGBoost,0.5436824560165405,0
XGBoost,0.4937615692615509,0
XGBoost,0.4902537167072296,1
XGBoost,0.6076862812042236,1
XGBoost,0.314680814743042,1
XGBoost,0.3302484452724457,0
XGBoost,0.9996755123138428,1
XGBoost,0.5776553153991699,1
XGBoost,0.0006487960345111787,0
XGBoost,0.9995143413543701,1
XGBoost,0.46554675698280334,1
XGBoost,0.338506817817688,1
XGBoost,0.9996040463447571,1
XGBoost,0.5492332577705383,0
XGBoost,0.4706675410270691,0
XGBoost,0.00046231813030317426,0
XGBoost,0.6581600904464722,0
XGBoost,0.6993981599807739,0
XGBoost,0.9997314810752869,1
XGBoost,0.0007023437065072358,0
XGBoost,0.5580194592475891,1
XGBoost,0.9996953010559082,1
XGBoost,0.5365748405456543,0
XGBoost,0.7168412208557129,0
XGBoost,0.0006533592822961509,0
XGBoost,0.5889225006103516,1
XGBoost,0.21803928911685944,0
XGBoost,0.9993687272071838,1
XGBoost,0.6691700220108032,0
XGBoost,0.5492342114448547,0
XGBoost,0.00039235828444361687,0
XGBoost,0.5982068777084351,1
XGBoost,0.0006445100298151374,0
XGBoost,0.4460723400115967,1
XGBoost,0.0004750457592308521,0
XGBoost,0.5345990061759949,0
XGBoost,0.0004722044977825135,0
XGBoost,0.6437839269638062,1
XGBoost,0.5511122345924377,1
XGBoost,0.012397514656186104,0
XGBoost,0.7598092555999756,1
XGBoost,0.9994887113571167,1
XGBoost,0.0003373828949406743,0
XGBoost,0.0005042410339228809,0
XGBoost,0.0004268014745321125,0
XGBoost,0.5520095825195312,1
XGBoost,0.2995830476284027,0
XGBoost,0.4967219829559326,1
XGBoost,0.0006285146810114384,0
XGBoost,0.9996612071990967,1
XGBoost,0.5361725091934204,1
XGBoost,0.3695276379585266,1
XGBoost,0.000405718048568815,0
XGBoost,0.2828943729400635,0
XGBoost,0.0003750152245629579,0
XGBoost,0.5223715305328369,1
XGBoost,0.6719114780426025,1
XGBoost,0.9997338652610779,1
XGBoost,0.6318492889404297,0
XGBoost,0.001230342430062592,0
XGBoost,0.999669075012207,1
XGBoost,0.9996469020843506,1
XGBoost,0.5731090903282166,0
XGBoost,0.00034081595367752016,0
XGBoost,0.9991273283958435,1
XGBoost,0.4642537236213684,0
XGBoost,0.501730740070343,0
XGBoost,0.0006710609886795282,0
XGBoost,0.0009561855113133788,0
XGBoost,0.6339709162712097,1
XGBoost,0.6363270878791809,1
XGBoost,0.999233603477478,1
XGBoost,0.0009761154651641846,0
XGBoost,0.9995922446250916,1
XGBoost,0.5906734466552734,1
XGBoost,0.9995481371879578,1
XGBoost,0.0004880771448370069,0
XGBoost,0.4560243487358093,0
XGBoost,0.5048993825912476,0
XGBoost,0.9996263980865479,1
XGBoost,0.0003000831638928503,0
XGBoost,0.9995392560958862,1
XGBoost,0.9995723366737366,1
XGBoost,0.3692837357521057,0
XGBoost,0.5297996401786804,0
XGBoost,0.0005127735203132033,0
XGBoost,0.5348411798477173,0
XGBoost,0.00032287702197209,0
XGBoost,0.0003877647395711392,0
XGBoost,0.21081408858299255,0
XGBoost,0.9994737505912781,1
XGBoost,0.4301813244819641,0
XGBoost,0.0004738301504403353,0
XGBoost,0.0003118808090221137,0
XGBoost,0.3342304527759552,1
XGBoost,0.0007028301479294896,0
XGBoost,0.9995415210723877,1
XGBoost,0.4384932816028595,1
XGBoost,0.6567991375923157,1
XGBoost,0.5890437364578247,1
XGBoost,0.25558769702911377,0
XGBoost,0.5851408839225769,0
XGBoost,0.00023277490981854498,0
XGBoost,0.3976476490497589,1
XGBoost,0.9996582269668579,1
XGBoost,0.4810357987880707,1
XGBoost,0.12384303659200668,1
XGBoost,0.6026144623756409,0
XGBoost,0.5993611216545105,0
XGBoost,0.000406808452680707,0
XGBoost,0.5304262042045593,1
XGBoost,0.9994468092918396,1
XGBoost,0.624078631401062,0
XGBoost,0.4570910334587097,1
XGBoost,0.403813898563385,0
XGBoost,0.6272794604301453,0
XGBoost,0.0006295041530393064,0
XGBoost,0.49306896328926086,1
XGBoost,0.9997875094413757,1
XGBoost,0.5916514992713928,0
XGBoost,0.9988846182823181,1
XGBoost,0.664735734462738,1
XGBoost,0.0004001714114565402,0
XGBoost,0.998609185218811,1
XGBoost,0.5306680202484131,0
