CUSTOMER_ID,PLAN_NAME,REGION,MONTHLY_CHARGE,churn_reel,proba_churn,perte_attendue_fcfa,decile_risque
3,Blue One L,Adamawa,5000,1,0.9999997581175134,4999.998790587567,10
4,Blue One L,South,5000,0,0.0015471679256331386,7.735839628165693,2
5,Blue One L,Far North,5000,0,0.0013401869519493658,6.700934759746829,1
6,Blue One L,North,5000,1,0.5597577433564831,2798.7887167824156,6
7,Blue One M,South West,3000,0,0.0004703029545185701,1.4109088635557103,1
8,Blue One L,South West,5000,0,0.0011414607254488437,5.707303627244219,1
9,Blue One M,North West,3000,0,0.0036853066952210268,11.05592008566308,3
10,Blue One M,Adamawa,3000,0,0.45670468136583164,1370.114044097495,4
11,Blue One M,Littoral,3000,0,0.0003572818980483933,1.07184569414518,1
15,Blue One M,Adamawa,3000,0,0.0005507219041377956,1.6521657124133866,1
16,Blue One L,Centre,5000,0,0.0014952557991619448,7.476278995809724,2
17,Blue One L,South West,5000,1,0.5610679975310398,2805.339987655199,6
18,Blue One L,Far North,5000,0,0.0017600397131093217,8.800198565546609,2
19,Blue One L,South West,5000,0,0.0011450449096156697,5.725224548078349,1
20,Blue One M,North West,3000,0,0.0031788076213445965,9.53642286403379,3
21,Blue One M,East,3000,1,0.9999988575629402,2999.9965726888204,8
22,Blue One M,Littoral,3000,1,0.47245293776317904,1417.358813289537,5
23,Blue One M,Centre,3000,0,0.31339253711746057,940.1776113523817,4
25,Blue One M,West,3000,1,0.9999990872910719,2999.997261873216,9
26,Blue One L,Littoral,5000,1,0.5522657359347943,2761.3286796739717,6
27,Blue One L,East,5000,1,0.5802987624320561,2901.493812160281,7
28,Blue One M,North West,3000,0,0.0036409403450890577,10.922821035267173,3
29,Blue One M,East,3000,0,0.3162257616064506,948.6772848193518,4
30,Blue One S,Adamawa,2000,0,0.19297987373013148,385.959747460263,3
31,Blue One M,East,3000,1,0.34580073965911745,1037.4022189773523,4
32,Blue One L,West,5000,1,0.5647385376857531,2823.6926884287655,7
33,Blue One M,West,3000,1,0.46984558733356446,1409.5367620006934,5
34,Blue One M,North West,3000,1,0.6083018467939468,1824.9055403818404,8
36,Blue One L,South,5000,0,0.5620839337035514,2810.4196685177567,7
37,Blue One L,Centre,5000,0,0.5685064961655538,2842.532480827769,7
38,Blue One L,Adamawa,5000,1,0.6293738180617252,3146.8690903086263,8
39,Blue One L,Centre,5000,1,0.5953074096566486,2976.537048283243,7
40,Blue One L,Centre,5000,1,0.9999997827110226,4999.998913555113,10
41,Blue One L,East,5000,0,0.0017448082881220673,8.724041440610335,2
42,Blue One M,Far North,3000,0,0.0005307573927548227,1.592272178264468,1
44,Blue One M,East,3000,0,0.299329468470025,897.9884054100751,3
45,Blue One M,Littoral,3000,0,0.25543588981361914,766.3076694408575,3
46,Blue One M,Centre,3000,0,0.0012997755571644862,3.8993266714934585,1
47,Blue One M,South,3000,1,0.520212512807687,1560.637538423061,6
48,Blue One L,Centre,5000,1,0.5912244473026287,2956.1222365131434,7
49,Blue One L,North West,5000,1,0.6135832251308458,3067.9161256542293,8
50,Blue One M,East,3000,0,0.5895052205137742,1768.5156615413225,7
51,Blue One M,Centre,3000,1,0.5761049281724814,1728.3147845174442,7
52,Blue One L,Centre,5000,1,0.9999998346395442,4999.999173197722,10
53,Blue One L,North West,5000,1,0.5924396692331103,2962.1983461655514,7
54,Blue One M,Far North,3000,0,0.3425024553426728,1027.5073660280184,4
55,Blue One M,Littoral,3000,0,0.0004035212627982169,1.2105637883946507,1
57,Blue One L,South,5000,1,0.9999998330146133,4999.999165073066,10
59,Blue One M,West,3000,1,0.9999994201933242,2999.998260579973,10
60,Blue One L,North West,5000,0,0.6306530328891654,3153.265164445827,8
61,Blue One M,Littoral,3000,0,0.4989437228523244,1496.8311685569731,5
62,Blue One L,South West,5000,1,0.9999998612663586,4999.999306331793,10
63,Blue One M,Adamawa,3000,1,0.44162509955117263,1324.8752986535178,4
64,Blue One M,Littoral,3000,0,0.00051200608817281,1.5360182645184302,1
65,Blue One M,North,3000,0,0.00047314351829766984,1.4194305548930095,1
66,Blue One M,West,3000,1,0.31241815652877397,937.2544695863219,4
67,Blue One M,South West,3000,0,0.000406132380199703,1.218397140599109,1
73,Blue One L,Littoral,5000,1,0.999999757664484,4999.99878832242,10
74,Blue One M,North,3000,1,0.569544719706423,1708.6341591192688,7
75,Blue One M,South,3000,1,0.9999987113064835,2999.9961339194506,8
78,Blue One M,Adamawa,3000,1,0.9999992651615888,2999.9977954847664,9
79,Blue One M,South,3000,1,0.9999984727736398,2999.9954183209197,8
80,Blue One M,North West,3000,1,0.5162294008264933,1548.6882024794797,5
81,Blue One L,South,5000,1,0.9999998639413864,4999.999319706932,10
85,Blue One L,Centre,5000,0,0.5734328893887977,2867.1644469439884,7
86,Blue One L,South West,5000,1,0.5584410328308352,2792.205164154176,6
87,Blue One M,Littoral,3000,1,0.9999989041234051,2999.9967123702154,8
88,Blue One L,East,5000,1,0.9999998425842908,4999.999212921453,10
89,Blue One M,West,3000,0,0.47337126561655235,1420.113796849657,5
90,Blue One L,Littoral,5000,1,0.5592238140172142,2796.119070086071,6
91,Blue One L,South West,5000,1,0.5464970969522845,2732.485484761423,6
92,Blue One L,Centre,5000,0,0.00161361290131959,8.06806450659795,2
93,Blue One M,East,3000,0,0.0005580863697747611,1.6742591093242833,1
94,Blue One L,North West,5000,0,0.6477179393597728,3238.589696798864,8
95,Blue One L,Littoral,5000,0,0.0013899241231365227,6.949620615682614,1
96,Blue One L,Far North,5000,1,0.6078777608269359,3039.3888041346795,8
97,Blue One L,Centre,5000,1,0.9999998667276224,4999.999333638112,10
98,Blue One L,Littoral,5000,0,0.582155578379863,2910.777891899315,7
99,Blue One L,South,5000,1,0.5651137860328683,2825.5689301643415,7
100,Blue One L,West,5000,0,0.0013238187568207073,6.619093784103536,1
105,Blue One L,Adamawa,5000,1,0.9999998040124312,4999.999020062156,10
106,Blue One L,East,5000,0,0.6281734712960501,3140.8673564802502,8
107,Blue One L,Littoral,5000,1,0.5889141128036259,2944.5705640181295,7
108,Blue One L,East,5000,0,0.0016896935107636097,8.448467553818048,2
109,Blue One L,West,5000,0,0.0014762643170242466,7.381321585121233,2
110,Blue One L,Centre,5000,0,0.5524616436312457,2762.3082181562286,6
111,Blue One M,Adamawa,3000,1,0.6040898068689445,1812.2694206068336,8
112,Blue One M,East,3000,1,0.5911196957315079,1773.3590871945237,7
118,Blue One L,Adamawa,5000,1,0.6374304206340301,3187.1521031701504,8
119,Blue One M,Littoral,3000,1,0.9999987914567985,2999.9963743703956,8
120,Blue One M,Littoral,3000,0,0.26324821539479265,789.744646184378,3
121,Blue One L,West,5000,1,0.6064313850620602,3032.1569253103007,8
122,Blue One L,North West,5000,1,0.9999998011175701,4999.999005587851,10
123,Blue One L,South West,5000,0,0.5847256794766122,2923.6283973830614,7
124,Blue One L,North West,5000,0,0.6105075927124458,3052.537963562229,8
125,Blue One L,West,5000,1,0.9999997826573755,4999.998913286878,10
126,Blue One L,North West,5000,0,0.6158248878204178,3079.1244391020887,8
127,Blue One L,South,5000,1,0.9999997687866846,4999.998843933423,10
128,Blue One L,Centre,5000,1,0.5706400728257486,2853.200364128743,7
129,Blue One L,North West,5000,1,0.9999998171719938,4999.9990858599695,10
130,Blue One L,Adamawa,5000,1,0.9999998779340107,4999.9993896700535,10
131,Blue One M,North West,3000,0,0.5025539182306624,1507.6617546919872,5
132,Blue One L,South West,5000,1,0.6002226580465404,3001.113290232702,8
133,Blue One L,Littoral,5000,1,0.5510087923728265,2755.0439618641326,6
134,Blue One L,North West,5000,0,0.5738836729559166,2869.418364779583,7
135,Blue One L,North,5000,1,0.5564368739585864,2782.184369792932,6
136,Blue One L,Centre,5000,1,0.5665951130349968,2832.975565174984,7
137,Blue One L,West,5000,1,0.5594166418995401,2797.0832094977004,6
138,Blue One M,North,3000,1,0.999998971090486,2999.9969132714577,9
139,Blue One M,Littoral,3000,1,0.999998919141322,2999.996757423966,8
140,Blue One M,North,3000,1,0.9999992670550589,2999.997801165177,9
141,Blue One L,North West,5000,0,0.0014829085114157544,7.4145425570787715,2
142,Blue One L,North West,5000,0,0.592151013370378,2960.75506685189,7
143,Blue One M,West,3000,1,0.9999989581302674,2999.996874390802,9
144,Blue One M,Adamawa,3000,0,0.33391178291894114,1001.7353487568234,4
145,Blue One M,Far North,3000,1,0.9999990659792546,2999.9971979377638,9
146,Blue One L,West,5000,1,0.9999998197875827,4999.999098937913,10
147,Blue One L,Centre,5000,1,0.5979452991105303,2989.7264955526516,7
148,Blue One L,Littoral,5000,1,0.5904329665371952,2952.1648326859763,7
149,Blue One L,Littoral,5000,1,0.9999998586766368,4999.999293383184,10
150,Blue One L,Adamawa,5000,1,0.6395231633221924,3197.615816610962,8
151,Blue One L,South West,5000,0,0.6053876797804301,3026.9383989021503,8
152,Blue One L,North West,5000,1,0.999999841501638,4999.99920750819,10
153,Blue One L,South West,5000,0,0.0011511033287906283,5.7555166439531416,1
154,Blue One L,Adamawa,5000,0,0.0012704433721618612,6.352216860809306,1
155,Blue One L,South West,5000,0,0.001535149604019991,7.675748020099954,2
156,Blue One L,West,5000,0,0.001477883432915535,7.389417164577675,2
157,Blue One L,South,5000,1,0.5924802731817966,2962.4013659089833,7
158,Blue One L,West,5000,0,0.6113365584467574,3056.682792233787,8
159,Blue One L,Centre,5000,1,0.6120460829146601,3060.2304145733005,8
160,Blue One L,South West,5000,0,0.5774616383552691,2887.3081917763457,7
161,Blue One L,East,5000,1,0.5614612479662302,2807.306239831151,6
162,Blue One L,Littoral,5000,1,0.5421136870362945,2710.5684351814725,6
163,Blue One L,North,5000,1,0.5579274746987716,2789.637373493858,6
164,Blue One L,West,5000,0,0.5412037042765506,2706.018521382753,6
165,Blue One M,North,3000,1,0.5510325485298511,1653.0976455895532,6
166,Blue One L,Centre,5000,1,0.5686406917238321,2843.2034586191608,7
167,Blue One L,Littoral,5000,0,0.5595464558094682,2797.732279047341,6
168,Blue One L,North West,5000,1,0.6423224992109197,3211.6124960545985,8
169,Blue One L,Far North,5000,0,0.001415465415754347,7.077327078771735,1
170,Blue One L,Centre,5000,1,0.9999998655138261,4999.99932756913,10
171,Blue One L,North,5000,1,0.587601337253065,2938.006686265325,7
172,Blue One L,North,5000,0,0.5339936522099689,2669.9682610498444,6
173,Blue One L,South,5000,1,0.9999998657862974,4999.999328931487,10
174,Blue One L,Centre,5000,1,0.9999998690117099,4999.99934505855,10
175,Blue One L,Adamawa,5000,0,0.0016621238138970955,8.310619069485478,2
176,Blue One L,East,5000,0,0.5877358070600812,2938.679035300406,7
177,Blue One M,Centre,3000,0,0.000517345775778696,1.552037327336088,1
179,Blue One M,Littoral,3000,1,0.9999984459565717,2999.995337869715,8
180,Blue One M,East,3000,0,0.000468690511962231,1.4060715358866929,1
181,Blue One L,Centre,5000,0,0.001172618338571124,5.863091692855621,1
182,Blue One L,South,5000,0,0.5589090779509885,2794.545389754943,6
183,Blue One L,Littoral,5000,0,0.5604881219486718,2802.440609743359,6
184,Blue One L,Adamawa,5000,1,0.9999997897035944,4999.998948517972,10
185,Blue One M,West,3000,1,0.9999987393955845,2999.9962181867536,8
186,Blue One M,North West,3000,0,0.6098081381426782,1829.4244144280347,8
187,Blue One L,North,5000,1,0.9999997035297805,4999.998517648903,10
188,Blue One L,Littoral,5000,1,0.5592238140172142,2796.119070086071,6
189,Blue One L,Adamawa,5000,0,0.0014315062320803193,7.1575311604015965,2
190,Blue One L,East,5000,1,0.9999998725796493,4999.9993628982465,10
191,Blue One M,South,3000,0,0.0003944987565876287,1.1834962697628861,1
192,Blue One L,South West,5000,0,0.5726810764381777,2863.4053821908883,7
193,Blue One L,Littoral,5000,1,0.9999997737930778,4999.998868965389,10
194,Blue One L,North,5000,0,0.5888322824055467,2944.1614120277336,7
195,Blue One L,South,5000,1,0.5785693644476131,2892.846822238065,7
196,Blue One L,Adamawa,5000,1,0.6051853910981668,3025.926955490834,8
198,Blue One M,Centre,3000,0,0.4182472589222954,1254.7417767668862,4
199,Blue One L,West,5000,1,0.5637429171046086,2818.714585523043,7
200,Blue One L,Littoral,5000,1,0.5789083542897925,2894.541771448962,7
201,Blue One L,North,5000,1,0.999999767482849,4999.998837414245,10
202,Blue One L,South,5000,1,0.5808516468690152,2904.2582343450763,7
203,Blue One L,East,5000,1,0.9999997966858427,4999.998983429214,10
204,Blue One L,North West,5000,1,0.9999998111169827,4999.999055584914,10
205,Blue One L,South,5000,0,0.5148834151686801,2574.4170758434,5
206,Blue One L,Adamawa,5000,1,0.6159058567359225,3079.5292836796125,8
207,Blue One M,Far North,3000,0,0.5841503803800356,1752.451141140107,7
208,Blue One L,South,5000,0,0.5694032548613697,2847.016274306848,7
209,Blue One L,Centre,5000,1,0.5898028727214812,2949.0143636074063,7
210,Blue One L,West,5000,1,0.5900205263442316,2950.102631721158,7
211,Blue One L,Far North,5000,0,0.5331445333866814,2665.7226669334073,6
212,Blue One L,Centre,5000,0,0.0017114330886976907,8.557165443488454,2
213,Blue One L,Centre,5000,0,0.5634116454357148,2817.058227178574,7
214,Blue One L,Centre,5000,1,0.5653587719485083,2826.7938597425414,7
215,Blue One M,West,3000,0,0.0026621710316564818,7.986513094969445,3
216,Blue One M,West,3000,0,0.003385259970135941,10.155779910407823,3
217,Blue One L,Centre,5000,0,0.0014930236711109132,7.465118355554566,2
218,Blue One L,Littoral,5000,0,0.0014769689884026407,7.384844942013204,2
219,Blue One L,West,5000,1,0.9999998338884136,4999.999169442068,10
220,Blue One M,East,3000,1,0.9999990719307337,2999.997215792201,9
221,Blue One L,Far North,5000,0,0.0019044103893071376,9.522051946535688,2
223,Blue One M,Far North,3000,0,0.5773578280870508,1732.0734842611525,7
224,Blue One L,South West,5000,0,0.0012177527324045373,6.088763662022687,1
225,Blue One M,East,3000,1,0.9999989301930311,2999.996790579093,9
226,Blue One M,Far North,3000,1,0.5796656775187875,1738.9970325563625,7
227,Blue One M,Far North,3000,1,0.9999993155864156,2999.997946759247,9
228,Blue One L,North,5000,1,0.9999997044588426,4999.998522294213,10
229,Blue One L,North,5000,1,0.9999997275703492,4999.998637851746,10
230,Blue One L,West,5000,1,0.6035262906191563,3017.6314530957816,8
231,Blue One L,East,5000,1,0.9999998465563111,4999.999232781555,10
232,Blue One L,Adamawa,5000,1,0.9999997949382619,4999.998974691309,10
233,Blue One L,Adamawa,5000,1,0.6130260706218836,3065.130353109418,8
234,Blue One L,Centre,5000,0,0.5672679584870752,2836.3397924353762,7
235,Blue One L,Littoral,5000,0,0.0015181139072804031,7.590569536402016,2
236,Blue One M,Adamawa,3000,0,0.3187725662200252,956.3176986600756,4
237,Blue One L,Adamawa,5000,1,0.6254257898213937,3127.128949106969,8
238,Blue One L,South West,5000,1,0.9999997813195242,4999.998906597621,10
239,Blue One M,North West,3000,1,0.9999989431393294,2999.996829417988,9
240,Blue One M,South West,3000,0,0.0004875053667892086,1.4625161003676257,1
241,Blue One L,West,5000,0,0.5840300151249834,2920.150075624917,7
242,Blue One L,Far North,5000,1,0.5918260281975911,2959.1301409879557,7
244,Blue One L,North West,5000,1,0.9999997947763203,4999.998973881601,10
245,Blue One L,East,5000,0,0.5963831764682949,2981.915882341474,7
246,Blue One L,South West,5000,0,0.5775629300745316,2887.814650372658,7
247,Blue One L,North West,5000,1,0.6198125956417391,3099.0629782086953,8
248,Blue One L,North,5000,0,0.001653273186419535,8.266365932097674,2
249,Blue One M,West,3000,1,0.5124476427169892,1537.3429281509675,5
250,Blue One M,Centre,3000,0,0.5802238891643315,1740.6716674929946,7
251,Blue One M,East,3000,0,0.2837995160718197,851.3985482154591,3
252,Blue One M,Adamawa,3000,1,0.2773956855930115,832.1870567790344,3
256,Blue One M,South,3000,0,0.0005153583906127375,1.5460751718382126,1
257,Blue One L,Centre,5000,0,0.0017194537559712163,8.597268779856082,2
258,Blue One L,Far North,5000,0,0.5948435444584693,2974.2177222923465,7
259,Blue One L,Littoral,5000,1,0.9999997629306927,4999.998814653463,10
260,Blue One L,South West,5000,0,0.5776601233506206,2888.300616753103,7
261,Blue One L,North,5000,0,0.0015448756716870229,7.724378358435114,2
262,Blue One L,Littoral,5000,1,0.9999998580062543,4999.999290031272,10
263,Blue One L,North,5000,1,0.5587596313071209,2793.7981565356044,6
264,Blue One M,Littoral,3000,0,0.3081492242388567,924.4476727165701,4
265,Blue One M,Far North,3000,1,0.9999991069551981,2999.9973208655942,9
266,Blue One S,South,2000,0,0.1471323345552131,294.2646691104262,3
267,Blue One L,North West,5000,1,0.9999998102302539,4999.99905115127,10
268,Blue One L,Centre,5000,1,0.5836178224370699,2918.0891121853497,7
269,Blue One M,East,3000,0,0.2724610767847977,817.383230354393,3
270,Blue One L,East,5000,1,0.5968307562666606,2984.153781333303,7
271,Blue One L,North,5000,1,0.9999998547850788,4999.999273925394,10
272,Blue One L,South West,5000,0,0.5373274251447332,2686.637125723666,6
273,Blue One L,North West,5000,0,0.5934380728810827,2967.1903644054137,7
274,Blue One L,East,5000,1,0.5378573562159232,2689.286781079616,6
275,Blue One L,West,5000,1,0.5944679965294614,2972.339982647307,7
276,Blue One L,Centre,5000,1,0.5592444555214588,2796.2222776072945,6
277,Blue One L,Far North,5000,1,0.6133701112045719,3066.850556022859,8
278,Blue One L,South,5000,1,0.5991750709407764,2995.875354703882,8
279,Blue One M,Far North,3000,0,0.0028490295501429367,8.54708865042881,3
280,Blue One L,South,5000,1,0.9999998679351833,4999.999339675916,10
281,Blue One L,East,5000,0,0.0018042892393822616,9.021446196911308,2
282,Blue One L,North West,5000,0,0.5758073424076764,2879.036712038382,7
283,Blue One L,South West,5000,0,0.001483647634231887,7.418238171159436,2
284,Blue One L,Littoral,5000,0,0.001458568926566604,7.292844632833019,2
285,Blue One L,North,5000,0,0.6039102307458196,3019.551153729098,8
286,Blue One M,North,3000,0,0.40190434089815835,1205.713022694475,4
287,Blue One L,South West,5000,1,0.9999998524811158,4999.9992624055785,10
288,Blue One M,Centre,3000,1,0.999998970202715,2999.996910608145,9
289,Blue One L,North,5000,1,0.5835146587854984,2917.5732939274917,7
290,Blue One M,South,3000,1,0.579747315549301,1739.2419466479032,7
291,Blue One L,Far North,5000,0,0.0014567560997831995,7.2837804989159975,2
292,Blue One M,East,3000,1,0.9999988670886067,2999.99660126582,8
293,Blue One M,North West,3000,1,0.9999992948621873,2999.997884586562,9
294,Blue One L,West,5000,1,0.5824923425998247,2912.461712999124,7
295,Blue One L,South West,5000,0,0.0012929783802640728,6.464891901320364,1
296,Blue One L,East,5000,0,0.0017808363311195864,8.904181655597933,2
297,Blue One L,Adamawa,5000,1,0.999999808586107,4999.999042930535,10
298,Blue One L,Far North,5000,0,0.001622060550604317,8.110302753021585,2
299,Blue One L,South,5000,1,0.9999997324778162,4999.998662389081,10
300,Blue One L,South,5000,0,0.0016366555555402164,8.183277777701083,2
301,Blue One L,North West,5000,0,0.001755980622192243,8.779903110961214,2
302,Blue One L,South,5000,1,0.999999782566817,4999.998912834085,10
303,Blue One L,North,5000,1,0.55439491426651,2771.97457133255,6
304,Blue One L,South,5000,1,0.5796019801229761,2898.0099006148807,7
305,Blue One L,South,5000,1,0.9999997721257441,4999.998860628721,10
306,Blue One M,Adamawa,3000,0,0.0037003916097272985,11.101174829181895,3
307,Blue One L,Adamawa,5000,1,0.6220232441616744,3110.116220808372,8
308,Blue One L,Littoral,5000,0,0.001511717484283708,7.55858742141854,2
309,Blue One L,Centre,5000,1,0.5979570270017488,2989.785135008744,7
310,Blue One L,East,5000,0,0.5911596894336809,2955.7984471684044,7
311,Blue One L,North,5000,0,0.0015449509219546565,7.724754609773282,2
312,Blue One L,Littoral,5000,0,0.5984252391220916,2992.1261956104577,7
313,Blue One L,Adamawa,5000,1,0.621285029107662,3106.42514553831,8
314,Blue One L,North,5000,1,0.5831154328770801,2915.5771643854005,7
315,Blue One L,East,5000,1,0.6429474438803562,3214.7372194017807,8
316,Blue One L,South West,5000,1,0.5801456917234012,2900.7284586170063,7
317,Blue One L,Adamawa,5000,0,0.0016344135317352515,8.172067658676257,2
318,Blue One L,Centre,5000,1,0.9999998552556247,4999.999276278124,10
319,Blue One L,North West,5000,1,0.9999998529834585,4999.999264917293,10
320,Blue One M,South West,3000,1,0.9999988594261411,2999.9965782784234,8
321,Blue One L,South,5000,0,0.0015855821925767001,7.927910962883501,2
322,Blue One L,North,5000,1,0.9999998535863984,4999.999267931992,10
323,Blue One L,East,5000,0,0.6401519482237156,3200.759741118578,8
324,Blue One L,Centre,5000,1,0.999999866361916,4999.999331809579,10
325,Blue One L,Littoral,5000,0,0.6032050808576429,3016.0254042882143,8
326,Blue One L,West,5000,1,0.9999998561188559,4999.999280594279,10
327,Blue One L,Littoral,5000,1,0.5881540480852724,2940.770240426362,7
328,Blue One L,Adamawa,5000,1,0.6238605786010987,3119.3028930054934,8
329,Blue One L,Adamawa,5000,0,0.0016497699898286693,8.248849949143347,2
330,Blue One L,Littoral,5000,1,0.5900475134478208,2950.237567239104,7
331,Blue One L,Far North,5000,0,0.6397807335069912,3198.9036675349557,8
332,Blue One L,Centre,5000,1,0.9999998679766252,4999.999339883126,10
333,Blue One L,North West,5000,1,0.6429518205612501,3214.7591028062507,8
334,Blue One L,Adamawa,5000,1,0.6228544787296308,3114.2723936481543,8
335,Blue One L,Littoral,5000,1,0.9999998604398129,4999.999302199065,10
336,Blue One L,Centre,5000,1,0.999999852959013,4999.999264795065,10
337,Blue One L,West,5000,1,0.6134654531930326,3067.327265965163,8
338,Blue One L,Centre,5000,1,0.6155060126945752,3077.530063472876,8
339,Blue One L,South West,5000,0,0.0011260619194374696,5.630309597187348,1
340,Blue One L,West,5000,0,0.5587907196664409,2793.9535983322044,6
341,Blue One L,Adamawa,5000,0,0.6380522331718111,3190.261165859056,8
342,Blue One L,Centre,5000,1,0.600481963910992,3002.40981955496,8
343,Blue One L,North West,5000,1,0.9999998735810558,4999.999367905279,10
344,Blue One L,South West,5000,0,0.6057566959872284,3028.7834799361417,8
345,Blue One L,North West,5000,1,0.6444940379535158,3222.470189767579,8
346,Blue One L,North West,5000,1,0.6461931830592909,3230.965915296454,8
347,Blue One M,North,3000,0,0.5575311159113948,1672.5933477341844,6
348,Blue One M,Adamawa,3000,0,0.5984404264079716,1795.3212792239146,7
349,Blue One M,South,3000,0,0.0034464254652259397,10.33927639567782,3
350,Blue One M,Littoral,3000,0,0.002976106860820211,8.928320582460634,3
351,Blue One L,East,5000,1,0.9999998030416745,4999.999015208372,10
352,Blue One M,South West,3000,0,0.0030698240591295264,9.20947217738858,3
353,Blue One M,South,3000,0,0.5770744782515528,1731.2234347546582,7
354,Blue One M,East,3000,0,0.0039056490506738863,11.716947152021659,3
355,Blue One M,North,3000,0,0.00333202797587829,9.99608392763487,3
356,Blue One M,South West,3000,0,0.5607546125111182,1682.2638375333547,6
357,Blue One M,Centre,3000,1,0.5737919030921562,1721.3757092764686,7
358,Blue One M,South,3000,1,0.9999989427928627,2999.9968283785884,9
359,Blue One M,Adamawa,3000,0,0.0031476831066006637,9.443049319801991,3
360,Blue One L,Far North,5000,1,0.9999998358214893,4999.999179107446,10
361,Blue One L,Centre,5000,1,0.5632556196222923,2816.2780981114615,7
362,Blue One M,Centre,3000,1,0.577916872918758,1733.7506187562742,7
363,Blue One M,North West,3000,1,0.9999991601476913,2999.997480443074,9
364,Blue One M,West,3000,0,0.0035189263446043263,10.55677903381298,3
365,Blue One M,North West,3000,0,0.003861590628088567,11.5847718842657,3
366,Blue One M,Adamawa,3000,1,0.9999991366827928,2999.9974100483787,9
367,Blue One M,West,3000,1,0.9999989791953232,2999.9969375859696,9
368,Blue One L,West,5000,1,0.5419829408532782,2709.9147042663913,6
369,Blue One L,South,5000,0,0.001295969400782734,6.47984700391367,1
370,Blue One M,Far North,3000,1,0.5883317107971022,1764.9951323913067,7
371,Blue One M,South West,3000,1,0.9999989157040541,2999.996747112162,8
372,Blue One L,South,5000,0,0.0011984961186582938,5.992480593291469,1
373,Blue One L,Far North,5000,0,0.0014319647480062452,7.159823740031226,2
374,Blue One L,Far North,5000,0,0.0014190589818746718,7.095294909373359,1
375,Blue One M,Adamawa,3000,0,0.5919653620123756,1775.8960860371267,7
376,Blue One M,Adamawa,3000,0,0.604078139422927,1812.234418268781,8
377,Blue One L,North,5000,1,0.9999998499233053,4999.999249616526,10
378,Blue One L,South West,5000,0,0.5994692816229047,2997.3464081145235,8
379,Blue One L,West,5000,1,0.6120936406331774,3060.468203165887,8
380,Blue One M,North West,3000,0,0.607565372354239,1822.6961170627171,8
381,Blue One M,North,3000,1,0.568310334185885,1704.931002557655,7
382,Blue One L,South,5000,0,0.0015559721499904503,7.779860749952252,2
383,Blue One L,North West,5000,0,0.0014898597917903736,7.449298958951868,2
384,Blue One L,Centre,5000,0,0.0012264463138442867,6.1322315692214335,1
385,Blue One L,West,5000,1,0.9999998231495864,4999.999115747932,10
386,Blue One M,South,3000,1,0.999998969519282,2999.996908557846,9
387,Blue One L,South West,5000,0,0.6023845183268364,3011.922591634182,8
388,Blue One M,South,3000,0,0.0027118491992818385,8.135547597845516,3
389,Blue One L,Far North,5000,1,0.9999998405849836,4999.999202924918,10
390,Blue One L,North,5000,0,0.0010125597741322443,5.062798870661221,1
391,Blue One M,Far North,3000,0,0.5330324849944259,1599.0974549832777,6
392,Blue One S,Adamawa,2000,0,0.00021825355515471014,0.4365071103094203,1
393,Blue One L,Littoral,5000,0,0.0011575229962213815,5.787614981106907,1
394,Blue One M,West,3000,0,0.0026915634175199835,8.07469025255995,3
395,Blue One L,Littoral,5000,0,0.0012458267947263785,6.2291339736318925,1
396,Blue One M,East,3000,1,0.2844577644349897,853.3732933049691,3
397,Blue One M,West,3000,0,0.5595115899449403,1678.534769834821,6
398,Blue One L,Centre,5000,1,0.9999997994942278,4999.998997471139,10
399,Blue One M,North,3000,0,0.4236541007453093,1270.9623022359278,4
400,Blue One M,Centre,3000,0,0.26104071569711107,783.1221470913332,3
401,Blue One M,South West,3000,0,0.0026641892017527746,7.992567605258324,3
402,Blue One M,Centre,3000,0,0.0004776453025635353,1.4329359076906059,1
403,Blue One M,Far North,3000,1,0.5372459132606455,1611.7377397819366,6
404,Blue One L,South,5000,0,0.555980313181072,2779.90156590536,6
405,Blue One L,West,5000,1,0.999999854699801,4999.999273499005,10
406,Blue One L,Littoral,5000,1,0.5972874585159617,2986.4372925798084,7
407,Blue One L,Centre,5000,1,0.567491489400818,2837.4574470040898,7
408,Blue One L,Adamawa,5000,1,0.999999868982702,4999.99934491351,10
409,Blue One M,East,3000,1,0.9999988975974989,2999.996692792497,8
410,Blue One M,Adamawa,3000,0,0.6037085799271312,1811.1257397813936,8
411,Blue One M,Far North,3000,0,0.0032362254220117247,9.708676266035175,3
412,Blue One L,Far North,5000,0,0.5730951095581888,2865.475547790944,7
413,Blue One M,Centre,3000,1,0.9999990593010001,2999.997177903,9
414,Blue One M,North West,3000,1,0.5734512344016847,1720.353703205054,7
415,Blue One M,Far North,3000,0,0.0035715370003102922,10.714611000930876,3
416,Blue One M,North West,3000,0,0.585803635361976,1757.410906085928,7
417,Blue One M,West,3000,0,0.45808047015148995,1374.2414104544698,4
418,Blue One M,North,3000,0,0.0015525523365114576,4.657657009534373,2
419,Blue One M,West,3000,1,0.26463215501116316,793.8964650334894,3
420,Blue One M,Far North,3000,0,0.45688310964510087,1370.6493289353027,4
421,Blue One M,West,3000,0,0.0015767734043157045,4.730320212947113,2
422,Blue One M,Adamawa,3000,0,0.5980691059397453,1794.2073178192359,7
423,Blue One M,North,3000,0,0.4554521340161668,1366.3564020485003,4
424,Blue One M,Littoral,3000,1,0.9999989037402336,2999.996711220701,8
425,Blue One M,North,3000,1,0.49965608385103716,1498.9682515531115,5
426,Blue One M,West,3000,1,0.9999984127242924,2999.995238172877,8
427,Blue One M,South,3000,0,0.0031248697348365876,9.374609204509763,3
428,Blue One M,Centre,3000,1,0.5584418885403168,1675.3256656209505,6
429,Blue One M,South West,3000,0,0.0025254317089143164,7.5762951267429495,2
430,Blue One M,South,3000,0,0.48454959468308495,1453.6487840492548,5
431,Blue One M,South,3000,0,0.0016990015718852747,5.0970047156558245,2
432,Blue One M,South,3000,1,0.31189050624691506,935.6715187407451,4
433,Blue One M,South,3000,0,0.000512135098508646,1.5364052955259382,1
434,Blue One M,East,3000,0,0.00046575896655317743,1.3972768996595324,1
435,Blue One M,South,3000,0,0.00038290459640305947,1.1487137892091783,1
439,Blue One M,Adamawa,3000,0,0.0028481185834348705,8.54435575030461,3
440,Blue One M,West,3000,1,0.48046099357512706,1441.3829807253812,5
441,Blue One M,Adamawa,3000,1,0.5915921402465171,1774.7764207395512,7
442,Blue One L,Far North,5000,1,0.9999998680948684,4999.999340474342,10
443,Blue One M,Adamawa,3000,0,0.003746966472442969,11.240899417328906,3
444,Blue One L,South,5000,0,0.4889810260421093,2444.9051302105463,5
445,Blue One L,Adamawa,5000,0,0.001613897980651209,8.069489903256045,2
446,Blue One L,East,5000,1,0.6405189926009326,3202.594963004663,8
447,Blue One M,West,3000,1,0.9999992136496094,2999.997640948828,9
448,Blue One M,Centre,3000,0,0.5033453483380815,1510.0360450142446,5
449,Blue One M,North West,3000,1,0.9999988437321936,2999.9965311965807,8
450,Blue One L,South West,5000,0,0.001519044317276358,7.59522158638179,2
451,Blue One M,Adamawa,3000,0,0.4363004344135423,1308.901303240627,4
452,Blue One M,South West,3000,1,0.9999987027851113,2999.996108355334,8
453,Blue One L,West,5000,0,0.0015906650796863218,7.953325398431609,2
454,Blue One L,Littoral,5000,1,0.584068969778427,2920.3448488921354,7
455,Blue One L,Littoral,5000,0,0.60434888248477,3021.74441242385,8
456,Blue One L,South,5000,0,0.0015559721499904503,7.779860749952252,2
457,Blue One L,South West,5000,0,0.4970204516121333,2485.1022580606664,5
458,Blue One L,Littoral,5000,0,0.001498239968216303,7.4911998410815155,2
459,Blue One M,East,3000,0,0.5898790272903945,1769.6370818711837,7
460,Blue One L,South,5000,0,0.0015781850034198202,7.890925017099101,2
461,Blue One L,Centre,5000,1,0.5934097280568486,2967.0486402842425,7
462,Blue One L,North West,5000,1,0.6204541702438812,3102.270851219406,8
463,Blue One L,Adamawa,5000,0,0.6173032295712214,3086.516147856107,8
464,Blue One L,West,5000,0,0.596651803673754,2983.2590183687703,7
465,Blue One L,North,5000,0,0.6060652375422134,3030.326187711067,8
466,Blue One L,South West,5000,0,0.0014929763291688274,7.464881645844137,2
467,Blue One L,South,5000,1,0.5643182815630753,2821.5914078153764,7
468,Blue One M,Far North,3000,0,0.001766143928662267,5.298431785986801,2
469,Blue One M,North West,3000,1,0.44307710972018494,1329.2313291605549,4
470,Blue One M,North,3000,0,0.5522150999103863,1656.645299731159,6
471,Blue One M,West,3000,1,0.5155838327332296,1546.7514981996887,5
472,Blue One L,North West,5000,1,0.9999998453467299,4999.999226733649,10
473,Blue One L,North West,5000,1,0.6411541007817645,3205.7705039088223,8
474,Blue One L,Littoral,5000,0,0.0015165363771726024,7.582681885863011,2
475,Blue One L,South West,5000,1,0.999999858572642,4999.99929286321,10
476,Blue One M,Far North,3000,1,0.9999990659792546,2999.9971979377638,9
477,Blue One L,West,5000,1,0.544319403568497,2721.5970178424845,6
478,Blue One L,North,5000,1,0.5528717319989205,2764.3586599946025,6
479,Blue One L,West,5000,1,0.9999998369144469,4999.999184572234,10
480,Blue One L,South West,5000,1,0.5353943323516047,2676.9716617580234,6
481,Blue One M,Adamawa,3000,1,0.9999989158262982,2999.9967474788946,8
482,Blue One M,South,3000,0,0.0034570541138786983,10.371162341636095,3
483,Blue One M,North,3000,0,0.5215689511545331,1564.7068534635991,6
485,Blue One M,North,3000,0,0.0024815104147077266,7.44453124412318,2
486,Blue One M,Centre,3000,0,0.0013584491499457412,4.075347449837223,1
487,Blue One M,Centre,3000,0,0.003211288953541135,9.633866860623405,3
488,Blue One M,Littoral,3000,0,0.0027028259150142474,8.108477745042743,3
489,Blue One M,Centre,3000,1,0.5012277568137021,1503.6832704411063,5
490,Blue One M,West,3000,0,0.0016042240369602138,4.812672110880642,2
491,Blue One M,Adamawa,3000,0,0.00309390346320181,9.281710389605431,3
493,Blue One M,South,3000,1,0.9999993843878734,2999.9981531636204,9
494,Blue One M,South,3000,1,0.9999990887874611,2999.9972663623835,9
495,Blue One M,North,3000,0,0.003005552680156372,9.016658040469116,3
496,Blue One M,North West,3000,1,0.5888347423655214,1766.5042270965641,7
498,Blue One M,North,3000,1,0.2906773143104135,872.0319429312405,3
499,Blue One M,North West,3000,1,0.9999991156861825,2999.9973470585473,9
500,Blue One M,North West,3000,1,0.5402388370689453,1620.7165112068358,6
501,Blue One M,West,3000,0,0.5544835989927607,1663.450796978282,6
502,Blue One M,Adamawa,3000,0,0.0036155161906772228,10.846548572031669,3
503,Blue One M,West,3000,1,0.5222928490058669,1566.8785470176008,6
504,Blue One M,South West,3000,0,0.0025344807200287887,7.603442160086367,2
505,Blue One M,South West,3000,0,0.4617733615751945,1385.3200847255835,5
506,Blue One M,North West,3000,0,0.0036126735001197415,10.838020500359224,3
507,Blue One M,South West,3000,1,0.3667689366327757,1100.3068098983272,4
508,Blue One M,North,3000,0,0.0012269896839780903,3.680969051934271,1
509,Blue One L,Littoral,5000,0,0.5323539998495418,2661.769999247709,6
510,Blue One M,North,3000,1,0.5525970922171223,1657.7912766513668,6
511,Blue One M,West,3000,1,0.9999992969526796,2999.9978908580388,9
512,Blue One L,South,5000,1,0.561143009534322,2805.7150476716097,6
513,Blue One L,Centre,5000,1,0.610175494092454,3050.8774704622697,8
515,Blue One M,South,3000,1,0.4849476552499034,1454.8429657497102,5
516,Blue One L,East,5000,1,0.6199019732313914,3099.509866156957,8
517,Blue One L,Littoral,5000,1,0.5542935762008533,2771.4678810042665,6
518,Blue One L,Littoral,5000,1,0.9999998592878097,4999.9992964390485,10
519,Blue One M,East,3000,0,0.5010794320891718,1503.2382962675156,5
520,Blue One L,North,5000,0,0.6030521737963603,3015.2608689818017,8
521,Blue One L,North,5000,0,0.0015146598010586038,7.573299005293019,2
522,Blue One L,North,5000,1,0.9999997039874556,4999.998519937279,10
523,Blue One L,North,5000,0,0.001521833817927903,7.609169089639515,2
524,Blue One L,Centre,5000,0,0.6184728381779014,3092.3641908895074,8
525,Blue One L,North,5000,0,0.0012276201597824397,6.138100798912198,1
526,Blue One L,West,5000,1,0.9999997872957438,4999.998936478719,10
527,Blue One L,Littoral,5000,0,0.5363700419540027,2681.850209770014,6
528,Blue One M,South,3000,0,0.29862738162180774,895.8821448654232,3
529,Blue One M,North West,3000,1,0.2844417861896928,853.3253585690784,3
530,Blue One L,Far North,5000,0,0.6101082825226789,3050.5414126133946,8
531,Blue One L,South West,5000,1,0.5725835851428803,2862.9179257144015,7
532,Blue One L,Adamawa,5000,1,0.9999998042370156,4999.999021185078,10
534,Blue One M,South,3000,1,0.5608573997156964,1682.5721991470891,6
535,Blue One M,North,3000,0,0.3986153474928771,1195.8460424786313,4
537,Blue One M,Adamawa,3000,1,0.43914569960825023,1317.4370988247506,4
538,Blue One L,West,5000,0,0.0009782678622374317,4.891339311187159,1
539,Blue One L,Far North,5000,1,0.9999998666280994,4999.999333140497,10
543,Blue One L,South,5000,1,0.999999769958725,4999.998849793625,10
544,Blue One L,Littoral,5000,0,0.49436472515886937,2471.8236257943468,5
545,Blue One L,Adamawa,5000,1,0.999999762251416,4999.99881125708,10
546,Blue One L,East,5000,1,0.577226096583474,2886.13048291737,7
547,Blue One M,North,3000,1,0.46011442654121193,1380.3432796236357,5
548,Blue One L,South West,5000,0,0.5498649372686407,2749.3246863432037,6
549,Blue One M,West,3000,0,0.5223050206922506,1566.9150620767518,6
550,Blue One M,South West,3000,1,0.516457964940327,1549.3738948209811,5
551,Blue One L,North,5000,1,0.9999997611902902,4999.998805951451,10
552,Blue One L,North West,5000,1,0.9999998711840604,4999.999355920302,10
553,Blue One L,Littoral,5000,1,0.5042499883010594,2521.249941505297,5
554,Blue One L,Adamawa,5000,1,0.9999997971736577,4999.998985868288,10
556,Blue One M,Littoral,3000,1,0.9999984237585965,2999.9952712757895,8
557,Blue One L,North West,5000,0,0.6469902868206013,3234.9514341030067,8
558,Blue One L,North West,5000,1,0.9999998845592231,4999.999422796115,10
559,Blue One L,Littoral,5000,0,0.5904211695010388,2952.105847505194,7
560,Blue One L,Adamawa,5000,0,0.6445612755307869,3222.8063776539343,8
561,Blue One L,Adamawa,5000,0,0.6420461414553048,3210.230707276524,8
562,Blue One L,North,5000,1,0.589218082636653,2946.090413183265,7
563,Blue One L,Far North,5000,1,0.6389539266272005,3194.7696331360025,8
564,Blue One L,East,5000,1,0.578380547092118,2891.9027354605896,7
565,Blue One L,East,5000,1,0.9999998705642267,4999.9993528211335,10
566,Blue One L,North,5000,0,0.0012533610193929063,6.266805096964531,1
567,Blue One L,East,5000,1,0.6414938727169448,3207.469363584724,8
568,Blue One L,Centre,5000,1,0.9999998245879894,4999.9991229399475,10
569,Blue One L,North West,5000,1,0.6415206953844527,3207.6034769222633,8
570,Blue One L,East,5000,1,0.9999998804540987,4999.999402270493,10
571,Blue One L,South West,5000,1,0.9999998275972222,4999.999137986111,10
572,Blue One L,Centre,5000,0,0.5462455552424573,2731.2277762122867,6
573,Blue One L,Adamawa,5000,1,0.9999998518498552,4999.999259249276,10
574,Blue One L,Centre,5000,1,0.9999998625263777,4999.999312631889,10
575,Blue One L,South West,5000,0,0.5323570783631971,2661.785391815986,6
576,Blue One M,South,3000,1,0.506840781843984,1520.522345531952,5
577,Blue One L,West,5000,1,0.9999998529227095,4999.999264613548,10
578,Blue One L,North,5000,1,0.5438841653683586,2719.420826841793,6
579,Blue One L,South,5000,0,0.0013123209414392738,6.561604707196369,1
580,Blue One L,Far North,5000,0,0.0013557439440713495,6.778719720356747,1
581,Blue One L,South West,5000,1,0.9999997713377659,4999.99885668883,10
583,Blue One L,Littoral,5000,1,0.5739093104054223,2869.5465520271114,7
584,Blue One L,West,5000,0,0.0016497281029136633,8.248640514568317,2
585,Blue One L,Far North,5000,1,0.9999998707491862,4999.99935374593,10
586,Blue One L,North,5000,1,0.5028950633441357,2514.4753167206786,5
587,Blue One L,Adamawa,5000,0,0.001849221473665117,9.246107368325585,2
588,Blue One L,Far North,5000,1,0.9999997933740353,4999.998966870176,10
589,Blue One L,South,5000,0,0.0015207661939995488,7.603830969997745,2
590,Blue One L,North,5000,1,0.999999755593443,4999.998777967215,10
591,Blue One L,North West,5000,1,0.5719697081253072,2859.8485406265363,7
592,Blue One L,North,5000,1,0.5377476716622417,2688.7383583112082,6
593,Blue One L,West,5000,0,0.001624082178930294,8.120410894651469,2
594,Blue One L,South,5000,1,0.9999998580672541,4999.999290336271,10
595,Blue One M,Littoral,3000,0,0.0012259394601971548,3.6778183805914644,1
596,Blue One L,Centre,5000,0,0.0009769524425305648,4.8847622126528245,1
597,Blue One L,East,5000,0,0.0014945806613665359,7.47290330683268,2
598,Blue One L,South,5000,1,0.9999997648371639,4999.998824185819,10
600,Blue One L,Littoral,5000,0,0.5394906355872713,2697.4531779363565,6
601,Blue One L,North,5000,1,0.4985733350377184,2492.866675188592,5
602,Blue One L,Centre,5000,0,0.00154708474196952,7.735423709847599,2
603,Blue One L,South West,5000,1,0.9999997761944343,4999.998880972172,10
604,Blue One L,Centre,5000,0,0.001711349743444804,8.55674871722402,2
605,Blue One L,North,5000,0,0.5493837019447618,2746.918509723809,6
606,Blue One L,Far North,5000,1,0.6075927967666056,3037.963983833028,8
607,Blue One L,Centre,5000,0,0.5587037778068086,2793.518889034043,6
608,Blue One L,South,5000,0,0.0012256339092738993,6.128169546369496,1
609,Blue One L,North,5000,0,0.5775865449090832,2887.932724545416,7
610,Blue One M,South West,3000,0,0.0004923351196607859,1.4770053589823577,1
611,Blue One M,Adamawa,3000,0,0.5067172141591235,1520.1516424773706,5
612,Blue One M,Centre,3000,0,0.0004207247952346438,1.2621743857039314,1
613,Blue One L,South West,5000,0,0.0011667304662810244,5.833652331405122,1
614,Blue One L,West,5000,1,0.9999998199940903,4999.999099970451,10
615,Blue One M,South,3000,1,0.9999989243579978,2999.996773073993,8
617,Blue One M,Far North,3000,1,0.5466380608089849,1639.9141824269548,6
618,Blue One M,East,3000,0,0.5940545511457029,1782.163653437109,7
619,Blue One L,Far North,5000,0,0.001638032226257803,8.190161131289015,2
620,Blue One L,Adamawa,5000,0,0.62384913100168,3119.2456550084003,8
622,Blue One L,South West,5000,0,0.5586776039917611,2793.3880199588057,6
623,Blue One M,North,3000,1,0.9999989306146072,2999.9967918438215,9
624,Blue One L,South,5000,1,0.5568694357294727,2784.3471786473633,6
625,Blue One M,East,3000,1,0.49911167011084834,1497.335010332545,5
626,Blue One L,Adamawa,5000,0,0.001817730366144875,9.088651830724375,2
627,Blue One L,Littoral,5000,0,0.5385996470205108,2692.9982351025537,6
628,Blue One M,East,3000,1,0.9999991538321037,2999.997461496311,9
629,Blue One L,West,5000,1,0.5686380049520202,2843.190024760101,7
630,Blue One L,Littoral,5000,0,0.0015110310003816976,7.5551550019084885,2
631,Blue One L,North West,5000,1,0.6248902003687452,3124.451001843726,8
632,Blue One L,Littoral,5000,0,0.0015309361289056178,7.6546806445280895,2
633,Blue One M,Adamawa,3000,0,0.532233536015402,1596.700608046206,6
634,Blue One M,East,3000,0,0.542830807204051,1628.4924216121528,6
635,Blue One M,East,3000,0,0.5051963521841526,1515.5890565524578,5
636,Blue One M,West,3000,1,0.4553486740998295,1366.0460222994884,4
637,Blue One L,East,5000,0,0.0017948834491307334,8.974417245653667,2
638,Blue One L,Adamawa,5000,0,0.0013197092375116046,6.598546187558023,1
639,Blue One L,North,5000,1,0.9999998508030117,4999.999254015059,10
640,Blue One L,North,5000,0,0.0012084693069858217,6.042346534929108,1
641,Blue One L,South,5000,1,0.9999997703250555,4999.998851625278,10
642,Blue One L,West,5000,0,0.0017454784234137738,8.727392117068868,2
643,Blue One L,South,5000,0,0.0012778459045257237,6.389229522628619,1
644,Blue One L,South West,5000,1,0.9999997176495301,4999.99858824765,10
645,Blue One M,Far North,3000,0,0.003582550101240198,10.747650303720594,3
646,Blue One M,West,3000,1,0.9999987287388735,2999.9961862166206,8
647,Blue One L,South West,5000,1,0.9999997830234295,4999.998915117148,10
649,Blue One L,North West,5000,0,0.623312644948526,3116.56322474263,8
650,Blue One M,South,3000,0,0.0028278380275789136,8.483514082736741,3
651,Blue One L,South West,5000,0,0.6054828441321327,3027.4142206606634,8
654,Blue One M,North West,3000,1,0.5636358307724284,1690.9074923172852,7
655,Blue One M,South West,3000,0,0.554518357062379,1663.555071187137,6
656,Blue One M,East,3000,1,0.9999991534949475,2999.9974604848426,9
657,Blue One M,North,3000,1,0.45896330869698065,1376.889926090942,4
658,Blue One M,Adamawa,3000,0,0.0017057638908283938,5.117291672485181,2
659,Blue One M,East,3000,0,0.0018027307933673115,5.4081923801019345,2
660,Blue One M,Centre,3000,0,0.5745712252724614,1723.7136758173842,7
661,Blue One M,Far North,3000,1,0.999998858629535,2999.996575888605,8
662,Blue One M,Far North,3000,0,0.5326479158485503,1597.943747545651,6
663,Blue One M,Adamawa,3000,0,0.5348122470493993,1604.436741148198,6
664,Blue One M,North,3000,0,0.4983612028916751,1495.0836086750253,5
665,Blue One M,North,3000,0,0.002521786362221561,7.565359086664683,2
666,Blue One M,South West,3000,0,0.516457964940327,1549.3738948209811,5
667,Blue One M,North West,3000,1,0.5552248384896886,1665.674515469066,6
668,Blue One M,Far North,3000,0,0.0017605332900356794,5.281599870107038,2
669,Blue One M,South,3000,1,0.48652789636537785,1459.5836890961336,5
670,Blue One M,West,3000,0,0.3010996646515802,903.2989939547407,3
671,Blue One M,East,3000,0,0.4928348265359386,1478.5044796078157,5
672,Blue One M,South,3000,0,0.48025757100683514,1440.7727130205053,5
673,Blue One M,Centre,3000,1,0.41224710137591913,1236.7413041277573,4
674,Blue One M,Adamawa,3000,1,0.4003610698847218,1201.0832096541653,4
675,Blue One M,North,3000,1,0.4929685869526057,1478.905760857817,5
676,Blue One M,East,3000,0,0.0019591621783135965,5.87748653494079,2
677,Blue One M,Adamawa,3000,1,0.9999992414049642,2999.9977242148925,9
678,Blue One M,Far North,3000,0,0.5891999120055406,1767.5997360166216,7
679,Blue One M,Centre,3000,0,0.5847917892274478,1754.3753676823433,7
680,Blue One M,Littoral,3000,0,0.511141104153866,1533.4233124615982,5
681,Blue One M,West,3000,0,0.5636816682620135,1691.0450047860404,7
682,Blue One M,Centre,3000,0,0.5602717059963757,1680.815117989127,6
683,Blue One M,West,3000,1,0.9999992197766582,2999.9976593299743,9
684,Blue One M,Adamawa,3000,1,0.9999990938719048,2999.997281615714,9
685,Blue One M,Far North,3000,0,0.5819700492768739,1745.9101478306218,7
686,Blue One M,West,3000,0,0.0031459444578654824,9.437833373596447,3
687,Blue One M,Adamawa,3000,1,0.6052210714587158,1815.6632143761476,8
688,Blue One M,West,3000,0,0.0032598194521885958,9.779458356565787,3
689,Blue One M,North,3000,1,0.999998951818506,2999.996855455518,9
690,Blue One M,East,3000,1,0.5730686268527743,1719.2058805583229,7
691,Blue One M,East,3000,1,0.9999989391497998,2999.9968174493993,9
692,Blue One M,West,3000,1,0.9999989694877703,2999.9969084633112,9
693,Blue One M,Centre,3000,0,0.5648939078773407,1694.681723632022,7
694,Blue One M,South,3000,0,0.5690055201943836,1707.0165605831507,7
695,Blue One M,Littoral,3000,1,0.9999989089159024,2999.9967267477073,8
696,Blue One M,South,3000,0,0.5566935968065366,1670.08079041961,6
697,Blue One M,North,3000,1,0.9999989132141756,2999.996739642527,8
698,Blue One M,South West,3000,0,0.0033086196221640495,9.925858866492149,3
699,Blue One M,East,3000,0,0.003791254970929339,11.373764912788017,3
700,Blue One M,Centre,3000,1,0.9999990200763836,2999.997060229151,9
701,Blue One M,Centre,3000,1,0.5591916427353366,1677.5749282060099,6
702,Blue One M,South,3000,1,0.5739955360605434,1721.9866081816303,7
703,Blue One M,South West,3000,0,0.00247166898467961,7.415006954038831,2
704,Blue One M,North West,3000,1,0.9999990690310093,2999.997207093028,9
705,Blue One M,Far North,3000,0,0.58758314516295,1762.74943548885,7
706,Blue One M,North,3000,0,0.504363972863667,1513.0919185910009,5
707,Blue One M,Littoral,3000,0,0.5216411202860319,1564.9233608580957,6
708,Blue One M,South West,3000,0,0.0021429533863946163,6.4288601591838495,2
709,Blue One M,South West,3000,0,0.0015458496841690794,4.6375490525072385,2
710,Blue One M,Littoral,3000,0,0.5196767175408177,1559.030152622453,6
711,Blue One M,North,3000,0,0.5167684615257414,1550.3053845772242,5
712,Blue One M,Littoral,3000,0,0.5612301659906324,1683.690497971897,6
713,Blue One M,East,3000,1,0.999999072994219,2999.9972189826567,9
714,Blue One M,South West,3000,1,0.9999988934367806,2999.9966803103416,8
715,Blue One M,Centre,3000,1,0.5714875915086868,1714.4627745260602,7
716,Blue One M,Far North,3000,0,0.0028713385912133493,8.614015773640048,3
717,Blue One M,Far North,3000,1,0.9999990960765379,2999.997288229614,9
718,Blue One M,Centre,3000,0,0.0029063494187402377,8.719048256220713,3
719,Blue One M,Adamawa,3000,1,0.9999992604981836,2999.9977814945505,9
720,Blue One M,East,3000,1,0.6098036017485627,1829.4108052456882,8
721,Blue One M,Far North,3000,1,0.9999992914223381,2999.997874267014,9
722,Blue One L,Far North,5000,1,0.6299418643189884,3149.7093215949417,8
723,Blue One M,Far North,3000,1,0.5478106043052438,1643.4318129157314,6
724,Blue One M,West,3000,0,0.0034280487410415514,10.284146223124655,3
725,Blue One M,Adamawa,3000,1,0.9999988274793034,2999.99648243791,8
726,Blue One L,South,5000,1,0.9999998288796088,4999.999144398044,10
727,Blue One L,East,5000,1,0.9999998410873122,4999.999205436561,10
728,Blue One L,South West,5000,1,0.9999998243197701,4999.99912159885,10
729,Blue One M,Far North,3000,0,0.003549266818004339,10.647800454013016,3
730,Blue One M,North West,3000,0,0.2860564967106082,858.1694901318245,3
732,Blue One M,West,3000,1,0.9999989646499398,2999.9968939498194,9
733,Blue One M,North,3000,1,0.9999989251137499,2999.9967753412498,8
734,Blue One M,West,3000,1,0.5579879794913551,1673.9639384740653,6
735,Blue One M,West,3000,1,0.4713169380685739,1413.9508142057216,5
736,Blue One M,South West,3000,1,0.5043397774003657,1513.019332201097,5
737,Blue One M,Centre,3000,0,0.26955129883406936,808.6538965022081,3
738,Blue One M,South,3000,1,0.9999992070668685,2999.9976212006054,9
739,Blue One M,East,3000,1,0.5167221231200527,1550.1663693601581,5
740,Blue One M,Littoral,3000,0,0.46030947247337517,1380.9284174201255,5
741,Blue One M,North West,3000,1,0.5559997979238579,1667.9993937715738,6
742,Blue One M,Far North,3000,1,0.9999991194154589,2999.9973582463767,9
743,Blue One M,Adamawa,3000,0,0.0018502042805311487,5.550612841593446,2
744,Blue One M,Littoral,3000,0,0.45222646326894045,1356.6793898068213,4
745,Blue One M,South,3000,0,0.00202052326964388,6.061569808931639,2
746,Blue One M,Centre,3000,1,0.562185933609413,1686.5578008282391,7
747,Blue One M,East,3000,0,0.0018838821526357616,5.651646457907285,2
748,Blue One M,West,3000,0,0.5763127172089826,1728.9381516269477,7
749,Blue One M,Adamawa,3000,1,0.3416342399527982,1024.9027198583944,4
750,Blue One M,Centre,3000,1,0.5215834622164133,1564.7503866492398,6
751,Blue One M,Adamawa,3000,0,0.5378473981802534,1613.5421945407602,6
752,Blue One M,West,3000,1,0.9999987294961356,2999.9961884884065,8
753,Blue One M,South,3000,0,0.003414236504534433,10.2427095136033,3
754,Blue One M,West,3000,0,0.003106665924771116,9.319997774313347,3
755,Blue One M,East,3000,0,0.32831007113312866,984.9302133993859,4
756,Blue One M,South,3000,0,0.0004901684714584443,1.4705054143753327,1
757,Blue One M,East,3000,0,0.4472437561715382,1341.7312685146146,4
758,Blue One M,Adamawa,3000,0,0.5510364964093214,1653.109489227964,6
759,Blue One M,Adamawa,3000,1,0.5468548101651499,1640.5644304954496,6
760,Blue One M,Centre,3000,0,0.48080882897674226,1442.4264869302267,5
762,Blue One M,Far North,3000,0,0.00042443498744207056,1.2733049623262116,1
763,Blue One M,South West,3000,0,0.0027060833037607494,8.118249911282248,3
764,Blue One M,South,3000,0,0.0034249327296462786,10.274798188938837,3
765,Blue One M,Centre,3000,1,0.999999050355228,2999.9971510656837,9
766,Blue One L,North,5000,1,0.9999998208864794,4999.999104432397,10
767,Blue One L,South,5000,0,0.5630804060333299,2815.402030166649,7
768,Blue One L,North,5000,1,0.4809069497370034,2404.534748685017,5
769,Blue One M,Centre,3000,0,0.5649918206018781,1694.9754618056345,7
770,Blue One L,West,5000,1,0.5055289511367705,2527.6447556838525,5
771,Blue One M,North West,3000,1,0.9999992026529105,2999.997607958732,9
772,Blue One M,West,3000,1,0.5203286615925886,1560.985984777766,6
773,Blue One M,North,3000,0,0.2559023358805613,767.707007641684,3
774,Blue One M,Far North,3000,1,0.5317673256253976,1595.3019768761928,6
775,Blue One M,North West,3000,1,0.5131929673493487,1539.578902048046,5
776,Blue One M,South,3000,0,0.00274929149066981,8.24787447200943,3
777,Blue One M,North West,3000,0,0.5369820409538343,1610.9461228615028,6
778,Blue One M,South,3000,0,0.0015711863373492506,4.713559012047751,2
779,Blue One M,North,3000,0,0.5694470508260888,1708.3411524782664,7
780,Blue One M,Adamawa,3000,0,0.5972068349807802,1791.6205049423406,7
781,Blue One L,North West,5000,1,0.9999998560990583,4999.999280495292,10
782,Blue One M,Far North,3000,0,0.003511764263142127,10.535292789426382,3
783,Blue One L,East,5000,0,0.001350109495692746,6.750547478463729,1
784,Blue One L,Centre,5000,1,0.9999997911336703,4999.998955668351,10
785,Blue One M,Centre,3000,1,0.2942665611123587,882.7996833370762,3
786,Blue One M,East,3000,0,0.0030935160770028157,9.280548231008448,3
787,Blue One M,Adamawa,3000,1,0.5554077287472965,1666.2231862418894,6
788,Blue One M,Adamawa,3000,0,0.5538450782696568,1661.5352348089705,6
789,Blue One M,Centre,3000,1,0.9999990372074216,2999.9971116222646,9
790,Blue One M,Adamawa,3000,0,0.0038403510928739283,11.521053278621785,3
791,Blue One L,Far North,5000,1,0.9999998473962293,4999.999236981146,10
792,Blue One M,Far North,3000,1,0.5758253206659154,1727.4759619977463,7
793,Blue One M,Centre,3000,0,0.27578537920587515,827.3561376176254,3
794,Blue One L,East,5000,1,0.9999998569968167,4999.999284984084,10
795,Blue One L,South,5000,1,0.9999998358030858,4999.999179015429,10
796,Blue One M,North West,3000,0,0.0004882334260953541,1.4647002782860623,1
798,Blue One M,South West,3000,1,0.2935931463678771,880.7794391036313,3
799,Blue One M,West,3000,0,0.4679967844154286,1403.9903532462858,5
800,Blue One M,North,3000,1,0.9999991797492138,2999.9975392476413,9
801,Blue One M,East,3000,0,0.46480903212907615,1394.4270963872284,5
803,Blue One M,East,3000,0,0.0017857791547453094,5.357337464235928,2
805,Blue One M,South West,3000,0,0.0016456217587060662,4.936865276118199,2
806,Blue One M,North West,3000,0,0.4561255280769366,1368.3765842308098,4
807,Blue One M,North,3000,0,0.00047389782260695644,1.4216934678208692,1
808,Blue One M,Littoral,3000,1,0.9999989246727438,2999.9967740182315,8
809,Blue One M,North West,3000,0,0.5407826389653906,1622.3479168961717,6
811,Blue One M,Far North,3000,1,0.5283422545260329,1585.0267635780988,6
812,Blue One M,North West,3000,1,0.9999989448223315,2999.9968344669946,9
813,Blue One M,North West,3000,0,0.5586057506970246,1675.8172520910737,6
814,Blue One L,West,5000,0,0.5600799113024949,2800.3995565124746,6
815,Blue One L,Far North,5000,1,0.5868018732026741,2934.0093660133703,7
816,Blue One M,Far North,3000,0,0.27933196572658514,837.9958971797554,3
817,Blue One M,East,3000,0,0.3268503516801867,980.5510550405602,4
818,Blue One M,South West,3000,1,0.2913149712575058,873.9449137725173,3
819,Blue One S,Far North,2000,0,0.1863572101755628,372.7144203511256,3
820,Blue One M,West,3000,1,0.25623658411148464,768.7097523344539,3
821,Blue One M,Far North,3000,1,0.2527325498978888,758.1976496936663,3
822,Blue One M,Littoral,3000,0,0.00041462928362863503,1.243887850885905,1
824,Blue One M,West,3000,0,0.27322622331514396,819.6786699454319,3
825,Blue One M,South,3000,0,0.0004121194729063616,1.2363584187190848,1
826,Blue One M,North,3000,0,0.00037839497625558966,1.135184928766769,1
827,Blue One M,Littoral,3000,0,0.0003506188606657928,1.0518565819973784,1
828,Blue One M,South West,3000,0,0.0003667998358890711,1.1003995076672133,1
831,Blue One M,South West,3000,0,0.0004029691692696756,1.2089075078090268,1
834,Blue One L,East,5000,0,0.5548759373620618,2774.3796868103086,6
835,Blue One L,Littoral,5000,0,0.5507371869963049,2753.6859349815245,6
836,Blue One M,North West,3000,0,0.605413229085655,1816.239687256965,8
838,Blue One M,South West,3000,1,0.4918733326943587,1475.619998083076,5
839,Blue One M,East,3000,0,0.5197571432334899,1559.2714297004695,6
840,Blue One M,North West,3000,0,0.0012466523281864912,3.739956984559474,1
841,Blue One M,North West,3000,0,0.001445011231182254,4.335033693546762,2
842,Blue One M,South West,3000,0,0.0005054510434623745,1.5163531303871236,1
843,Blue One M,South,3000,1,0.9999988026959974,2999.996408087992,8
844,Blue One M,Centre,3000,1,0.9999989568278522,2999.9968704835564,9
845,Blue One M,North,3000,0,0.0033282224702384645,9.984667410715394,3
846,Blue One M,North West,3000,1,0.9999993375510471,2999.9980126531414,9
847,Blue One M,Adamawa,3000,0,0.2766774912498305,830.0324737494915,3
848,Blue One M,South West,3000,0,0.37188638631727106,1115.6591589518132,4
849,Blue One M,Far North,3000,0,0.0018574328492967172,5.572298547890152,2
850,Blue One S,Adamawa,2000,0,0.16905604863417553,338.1120972683511,3
852,Blue One M,North West,3000,1,0.9999993145869448,2999.9979437608345,9
853,Blue One M,East,3000,0,0.5182773517731688,1554.8320553195065,5
854,Blue One M,North,3000,0,0.001668284810079032,5.004854430237096,2
855,Blue One L,East,5000,0,0.0017630443161885632,8.815221580942817,2
856,Blue One L,Far North,5000,1,0.999999841069044,4999.999205345221,10
857,Blue One M,East,3000,0,0.5037200075314434,1511.1600225943303,5
858,Blue One M,North,3000,1,0.9999987339342913,2999.9962018028737,8
859,Blue One M,Littoral,3000,0,0.0030314556601955377,9.094366980586614,3
860,Blue One M,Far North,3000,0,0.5830003380213421,1749.0010140640263,7
861,Blue One M,South,3000,0,0.5600721905894847,1680.216571768454,6
862,Blue One L,South West,5000,0,0.000980085012776147,4.900425063880735,1
863,Blue One L,Adamawa,5000,1,0.5816776233366263,2908.3881166831316,7
864,Blue One M,Littoral,3000,0,0.0030135931108190473,9.040779332457141,3
865,Blue One L,East,5000,1,0.9999998573742362,4999.9992868711815,10
866,Blue One L,Adamawa,5000,1,0.9999998543237997,4999.999271618998,10
867,Blue One L,North West,5000,1,0.9999998548899887,4999.999274449943,10
868,Blue One M,South,3000,1,0.5025072272326347,1507.5216816979043,5
869,Blue One M,North,3000,0,0.5180374165865336,1554.1122497596007,5
870,Blue One M,South West,3000,1,0.9999987671753627,2999.9963015260882,8
871,Blue One M,Far North,3000,1,0.5307001973796814,1592.1005921390442,6
872,Blue One M,Centre,3000,0,0.5316555598582665,1594.9666795747996,6
873,Blue One M,North,3000,0,0.5038659824546036,1511.5979473638106,5
874,Blue One M,East,3000,0,0.0029503254687837746,8.850976406351323,3
875,Blue One M,Far North,3000,1,0.5344955222710915,1603.4865668132745,6
876,Blue One M,North,3000,0,0.48111160820160326,1443.3348246048097,5
877,Blue One M,North West,3000,0,0.5605335590972716,1681.600677291815,6
878,Blue One M,West,3000,0,0.001607496141384327,4.822488424152981,2
879,Blue One M,North West,3000,0,0.5532681861966385,1659.8045585899156,6
880,Blue One M,Centre,3000,0,0.0025857667564388,7.757300269316399,2
881,Blue One M,South,3000,0,0.5111611189041994,1533.4833567125982,5
882,Blue One M,Adamawa,3000,0,0.002852787131224731,8.558361393674193,3
883,Blue One M,Far North,3000,1,0.5539243248196282,1661.7729744588844,6
884,Blue One M,Littoral,3000,1,0.4571800715028006,1371.5402145084017,4
885,Blue One M,Littoral,3000,0,0.5177238868540184,1553.1716605620552,5
886,Blue One M,North West,3000,1,0.5024610503788624,1507.383151136587,5
887,Blue One M,North West,3000,1,0.9999986817828035,2999.9960453484105,8
888,Blue One M,Littoral,3000,1,0.45561057187914106,1366.8317156374233,4
889,Blue One M,South,3000,0,0.0016093080871026728,4.827924261308018,2
890,Blue One M,South West,3000,1,0.509488170617987,1528.464511853961,5
891,Blue One M,South West,3000,0,0.0029891769576128545,8.967530872838564,3
892,Blue One M,North,3000,0,0.0032154823024342773,9.646446907302831,3
893,Blue One M,South,3000,0,0.5053590671438707,1516.0772014316121,5
894,Blue One M,North,3000,1,0.5133218977553017,1539.965693265905,5
895,Blue One M,South,3000,1,0.9999987087367259,2999.996126210178,8
896,Blue One M,South West,3000,1,0.9999986647188428,2999.9959941565285,8
897,Blue One M,Far North,3000,1,0.9999988424791606,2999.9965274374817,8
898,Blue One M,Centre,3000,1,0.5081894337824701,1524.5683013474102,5
899,Blue One M,West,3000,1,0.9999988163566181,2999.9964490698544,8
900,Blue One M,South,3000,0,0.003103992083326318,9.311976249978954,3
901,Blue One M,Centre,3000,1,0.5148615518283304,1544.5846554849911,5
902,Blue One M,Adamawa,3000,0,0.583224815862196,1749.674447586588,7
903,Blue One M,South,3000,1,0.47353916931771195,1420.6175079531358,5
904,Blue One M,South,3000,1,0.5566073217866495,1669.8219653599485,6
905,Blue One M,West,3000,0,0.5132196043570803,1539.6588130712407,5
906,Blue One M,Adamawa,3000,0,0.003063779840615866,9.191339521847597,3
907,Blue One M,Far North,3000,1,0.5317673256253976,1595.3019768761928,6
908,Blue One M,Adamawa,3000,1,0.5994814867741728,1798.4444603225184,8
909,Blue One M,North,3000,1,0.5444298059065326,1633.2894177195976,6
910,Blue One M,South,3000,1,0.9999990300211575,2999.9970900634726,9
911,Blue One M,Littoral,3000,1,0.9999992227269878,2999.9976681809635,9
912,Blue One M,Centre,3000,1,0.9999987197725569,2999.996159317671,8
913,Blue One M,North West,3000,0,0.5583230273133313,1674.9690819399939,6
914,Blue One M,Far North,3000,0,0.5504378291161344,1651.3134873484032,6
915,Blue One M,West,3000,1,0.5269022363226251,1580.7067089678753,6
916,Blue One M,Far North,3000,1,0.4337712097351488,1301.3136292054464,4
917,Blue One M,North,3000,0,0.0025179031602644954,7.553709480793486,2
918,Blue One M,Far North,3000,0,0.5395860128007469,1618.7580384022408,6
919,Blue One M,West,3000,1,0.5718054480191969,1715.4163440575905,7
920,Blue One M,West,3000,0,0.0031842983572735782,9.552895071820735,3
921,Blue One M,North West,3000,1,0.9999991292160797,2999.997387648239,9
922,Blue One M,South,3000,1,0.9999989277287833,2999.99678318635,8
923,Blue One M,West,3000,0,0.002605378160147855,7.816134480443565,2
924,Blue One M,South,3000,1,0.9999989511326989,2999.996853398097,9
925,Blue One M,North West,3000,0,0.5555942843474875,1666.7828530424624,6
926,Blue One M,Centre,3000,1,0.5157571666334173,1547.271499900252,5
927,Blue One M,South West,3000,0,0.520077605704823,1560.2328171144688,6
928,Blue One M,Centre,3000,1,0.5297073572365977,1589.122071709793,6
929,Blue One M,West,3000,0,0.5268779149838997,1580.633744951699,6
930,Blue One M,North,3000,1,0.9999991749127923,2999.997524738377,9
931,Blue One M,West,3000,1,0.9999992149018366,2999.99764470551,9
932,Blue One M,South West,3000,1,0.5436272141044016,1630.8816423132048,6
933,Blue One M,North,3000,1,0.4487931778225106,1346.3795334675317,4
934,Blue One M,West,3000,0,0.002848184903896443,8.54455471168933,3
935,Blue One M,North,3000,0,0.46560098413853274,1396.8029524155982,5
936,Blue One M,North,3000,1,0.999998671086776,2999.996013260328,8
937,Blue One M,Littoral,3000,1,0.9999988933151258,2999.9966799453773,8
938,Blue One M,North,3000,0,0.0026009491926847197,7.802847578054159,2
939,Blue One M,South West,3000,1,0.4997192834731701,1499.1578504195102,5
940,Blue One M,East,3000,1,0.545438767932828,1636.316303798484,6
941,Blue One M,Centre,3000,0,0.002122699999826378,6.368099999479134,2
942,Blue One M,East,3000,0,0.5597555490262217,1679.266647078665,6
943,Blue One M,South,3000,1,0.9999987413187248,2999.996223956174,8
944,Blue One M,South West,3000,1,0.4997436753536309,1499.2310260608926,5
945,Blue One M,East,3000,0,0.544388201028592,1633.164603085776,6
946,Blue One M,Centre,3000,0,0.0026378085372014285,7.913425611604286,2
947,Blue One M,South West,3000,0,0.0024754810595645485,7.426443178693646,2
948,Blue One M,South West,3000,0,0.002602304577896405,7.806913733689215,2
949,Blue One M,West,3000,0,0.0022411724416232385,6.723517324869715,2
950,Blue One M,Littoral,3000,0,0.002490878581825428,7.472635745476284,2
951,Blue One M,South,3000,1,0.5256063818667718,1576.8191456003153,6
952,Blue One M,Far North,3000,1,0.9999988356541055,2999.9965069623167,8
953,Blue One M,Far North,3000,1,0.5462430667634129,1638.7292002902389,6
954,Blue One M,West,3000,1,0.9999988008666356,2999.996402599907,8
955,Blue One M,Adamawa,3000,1,0.4980311072296025,1494.0933216888075,5
956,Blue One M,East,3000,0,0.5846502845878616,1753.9508537635847,7
957,Blue One M,North,3000,1,0.5119241740186212,1535.7725220558636,5
958,Blue One M,North,3000,0,0.003068901234701554,9.206703704104662,3
959,Blue One M,Centre,3000,1,0.9999986912700364,2999.996073810109,8
960,Blue One M,South West,3000,1,0.5421682933373597,1626.5048800120792,6
961,Blue One M,North,3000,0,0.5050489858165766,1515.1469574497298,5
962,Blue One M,West,3000,1,0.5594254293203459,1678.2762879610377,6
963,Blue One M,Littoral,3000,1,0.9999989071756296,2999.9967215268885,8
964,Blue One M,South,3000,1,0.5520412965022733,1656.12388950682,6
965,Blue One M,Centre,3000,0,0.5213353631610117,1564.006089483035,6
966,Blue One M,North,3000,1,0.5633783831994186,1690.1351495982558,7
967,Blue One M,South West,3000,1,0.5645303193518116,1693.5909580554348,7
968,Blue One M,South West,3000,1,0.9999988881876851,2999.996664563055,8
969,Blue One M,North West,3000,1,0.9999991241244308,2999.9973723732924,9
970,Blue One M,Far North,3000,0,0.003115557921463821,9.346673764391463,3
971,Blue One M,Far North,3000,1,0.9999989512847445,2999.9968538542334,9
972,Blue One M,East,3000,1,0.5891313103426348,1767.3939310279043,7
973,Blue One M,Adamawa,3000,0,0.49872289628962674,1496.1686888688803,5
974,Blue One M,North,3000,1,0.50199787716193,1505.99363148579,5
975,Blue One M,Littoral,3000,1,0.9999987792004705,2999.9963376014116,8
976,Blue One M,North,3000,1,0.5207735174155159,1562.3205522465478,6
977,Blue One M,Far North,3000,1,0.5415287120649271,1624.5861361947814,6
978,Blue One M,North,3000,1,0.9999988982214074,2999.996694664222,8
979,Blue One M,South West,3000,0,0.002997209051701093,8.991627155103279,3
980,Blue One M,North,3000,0,0.5085732190565008,1525.7196571695024,5
981,Blue One M,North,3000,1,0.9999989046797118,2999.9967140391354,8
982,Blue One M,North West,3000,1,0.5891359251423779,1767.4077754271336,7
983,Blue One M,Far North,3000,0,0.0017772457071248558,5.331737121374568,2
984,Blue One M,Adamawa,3000,1,0.9999988440081569,2999.9965320244705,8
985,Blue One M,Littoral,3000,1,0.5442171519078464,1632.6514557235391,6
986,Blue One M,South West,3000,1,0.4501818605870533,1350.5455817611598,4
990,Blue One M,Littoral,3000,0,0.30580699583775545,917.4209875132664,4
991,Blue One M,North,3000,0,0.39899745879023596,1196.992376370708,4
992,Blue One M,North,3000,1,0.47375918622080043,1421.2775586624014,5
993,Blue One M,Adamawa,3000,0,0.0014996718948157082,4.499015684447125,2
994,Blue One M,North,3000,1,0.9999992127178127,2999.997638153438,9
995,Blue One M,Littoral,3000,1,0.9999992166231075,2999.9976498693227,9
996,Blue One M,West,3000,0,0.4643646076299447,1393.093822889834,5
997,Blue One M,Far North,3000,0,0.001717719398586277,5.153158195758831,2
998,Blue One M,Far North,3000,1,0.48996711678144367,1469.901350344331,5
999,Blue One M,North West,3000,0,0.4943090884375386,1482.9272653126159,5
1000,Blue One M,North,3000,0,0.0016193941038367948,4.858182311510384,2
1001,Blue One M,Far North,3000,1,0.48721612543004555,1461.6483762901366,5
1002,Blue One M,North West,3000,0,0.46120913145416265,1383.6273943624878,5
1003,Blue One M,Adamawa,3000,0,0.4412321357218252,1323.6964071654756,4
1004,Blue One M,South,3000,1,0.9999990616052385,2999.9971848157156,9
1005,Blue One M,North West,3000,1,0.4601444490816958,1380.4333472450876,5
1006,Blue One M,South West,3000,1,0.9999988266339154,2999.996479901746,8
1007,Blue One M,Littoral,3000,1,0.29758444023276864,892.753320698306,3
1008,Blue One M,Adamawa,3000,0,0.34518373698703186,1035.5512109610956,4
1009,Blue One M,West,3000,0,0.0013703997935960923,4.1111993807882765,1
1010,Blue One M,Adamawa,3000,0,0.43582255073553516,1307.4676522066054,4
1011,Blue One M,North West,3000,0,0.0014113372244161655,4.234011673248497,1
1012,Blue One M,Littoral,3000,1,0.9999989753780869,2999.996926134261,9
1013,Blue One M,Littoral,3000,0,0.4082405233916517,1224.721570174955,4
1014,Blue One M,East,3000,0,0.0015815519658456368,4.74465589753691,2
1015,Blue One M,North West,3000,1,0.4600212545266393,1380.0637635799178,5
1016,Blue One M,North West,3000,0,0.5033385574722284,1510.0156724166852,5
1017,Blue One M,South West,3000,0,0.0005000941638640655,1.5002824915921966,1
1018,Blue One M,North West,3000,0,0.0014427134344075644,4.3281403032226935,2
1019,Blue One M,North West,3000,0,0.4644173389534143,1393.252016860243,5
1020,Blue One M,Far North,3000,0,0.0017633363817791427,5.290009145337428,2
1021,Blue One M,Adamawa,3000,0,0.0018846534409671263,5.653960322901379,2
1022,Blue One M,Far North,3000,0,0.4433269815153651,1329.9809445460953,4
1023,Blue One M,East,3000,1,0.9999991236736222,2999.9973710208665,9
1024,Blue One M,East,3000,0,0.49704434612693443,1491.1330383808033,5
1025,Blue One M,East,3000,1,0.494403902975713,1483.211708927139,5
1026,Blue One M,Far North,3000,0,0.4703635767251687,1411.0907301755062,5
1027,Blue One M,South,3000,1,0.9999991898151852,2999.9975694455557,9
1028,Blue One M,West,3000,1,0.44840076195570794,1345.202285867124,4
1029,Blue One M,South,3000,1,0.9999992610190244,2999.9977830570733,9
1030,Blue One M,East,3000,0,0.47508618361882826,1425.2585508564848,5
1031,Blue One M,North,3000,0,0.0013366505635407963,4.009951690622389,1
1032,Blue One M,Far North,3000,0,0.0017941164869654026,5.382349460896208,2
1033,Blue One M,Littoral,3000,1,0.9999989085274357,2999.996725582307,8
1034,Blue One M,North,3000,0,0.4746289265974878,1423.8867797924634,5
1035,Blue One M,South West,3000,1,0.9999988839054033,2999.9966517162097,8
1036,Blue One M,South,3000,0,0.000446836959967432,1.340510879902296,1
1037,Blue One M,East,3000,1,0.46130338870454635,1383.910166113639,5
1038,Blue One M,Far North,3000,0,0.00044280825913051077,1.3284247773915323,1
1039,Blue One M,West,3000,0,0.001697088810498364,5.091266431495092,2
1040,Blue One M,Centre,3000,1,0.9999991916418409,2999.9975749255227,9
1041,Blue One M,Adamawa,3000,0,0.48556783769337747,1456.7035130801323,5
1042,Blue One M,East,3000,0,0.0019219184250324043,5.765755275097213,2
1043,Blue One M,Centre,3000,1,0.4855358250435019,1456.6074751305057,5
1044,Blue One M,Littoral,3000,1,0.9999990105532204,2999.997031659661,9
1045,Blue One M,South West,3000,0,0.381777259742386,1145.331779227158,4
1046,Blue One M,South West,3000,1,0.9999991670671019,2999.9975012013056,9
1048,Blue One M,Littoral,3000,0,0.3005864461768793,901.7593385306379,3
1049,Blue One M,West,3000,1,0.30367430320930144,911.0229096279044,3
1050,Blue One M,East,3000,0,0.5134746430791689,1540.4239292375066,5
1051,Blue One M,South West,3000,0,0.00048672941386611676,1.4601882415983503,1
1052,Blue One M,Adamawa,3000,1,0.9999993720028157,2999.998116008447,9
1053,Blue One M,Far North,3000,1,0.9999993163376442,2999.9979490129326,9
1054,Blue One M,Centre,3000,0,0.00039978478803334017,1.1993543641000206,1
1055,Blue One M,North,3000,0,0.0004718263440774478,1.4154790322323434,1
1056,Blue One M,Adamawa,3000,0,0.0015435655400348922,4.630696620104676,2
1057,Blue One M,Adamawa,3000,1,0.4578912563759382,1373.6737691278147,4
1058,Blue One M,Littoral,3000,0,0.4541769870393019,1362.5309611179057,4
1059,Blue One M,East,3000,1,0.9999992992613459,2999.997897784038,9
1060,Blue One M,Littoral,3000,1,0.9999991634389782,2999.9974903169345,9
1061,Blue One M,Adamawa,3000,1,0.9999991826185142,2999.9975478555425,9
1062,Blue One M,West,3000,0,0.42163352420523076,1264.9005726156922,4
1063,Blue One S,West,2000,0,0.16820872015757726,336.4174403151545,3
1078,Blue One M,South West,3000,1,0.45593434038244374,1367.8030211473313,4
1079,Blue One M,West,3000,1,0.44607298010891877,1338.2189403267564,4
1080,Blue One M,Centre,3000,0,0.4290297989739746,1287.0893969219237,4
1081,Blue One M,Adamawa,3000,0,0.001553194738411485,4.659584215234455,2
1082,Blue One M,South West,3000,0,0.46992347197112,1409.77041591336,5
1083,Blue One M,North West,3000,1,0.5142756544485837,1542.826963345751,5
1084,Blue One M,East,3000,0,0.0015988768703129026,4.796630610938708,2
1085,Blue One M,Centre,3000,1,0.4232372225684449,1269.7116677053348,4
1086,Blue One M,East,3000,0,0.003081902898712817,9.24570869613845,3
1087,Blue One M,North West,3000,0,0.4978459538844097,1493.5378616532291,5
1088,Blue One M,Centre,3000,0,0.0013929426305727387,4.178827891718216,1
1089,Blue One M,Centre,3000,1,0.47857032140384037,1435.710964211521,5
1090,Blue One M,South West,3000,0,0.002730529181575184,8.191587544725552,3
1091,Blue One M,East,3000,0,0.0018139738006200503,5.441921401860151,2
1092,Blue One M,Littoral,3000,0,0.002369206605977981,7.1076198179339425,2
1093,Blue One M,East,3000,1,0.9999989746009202,2999.9969238027606,9
1094,Blue One M,South West,3000,1,0.9999989068070434,2999.9967204211302,8
1095,Blue One M,North West,3000,1,0.6049372411832735,1814.8117235498205,8
1096,Blue One M,East,3000,1,0.9999989599393345,2999.9968798180034,9
1097,Blue One M,Centre,3000,1,0.5802120071402325,1740.6360214206975,7
1098,Blue One M,South West,3000,0,0.0032014678146340026,9.604403443902008,3
1099,Blue One M,Centre,3000,0,0.5771510745878504,1731.4532237635513,7
1100,Blue One M,South West,3000,0,0.561147123082662,1683.4413692479861,6
1101,Blue One M,North,3000,1,0.5214695427449546,1564.4086282348637,6
1102,Blue One M,South,3000,0,0.5271713425064257,1581.514027519277,6
1103,Blue One M,West,3000,1,0.9999994390036732,2999.9983170110195,10
1104,Blue One M,South West,3000,1,0.9999987599062967,2999.99627971889,8
1105,Blue One M,East,3000,0,0.0005477072364095631,1.6431217092286892,1
1107,Blue One M,East,3000,0,0.00048497731252889186,1.4549319375866756,1
1109,Blue One M,South West,3000,1,0.9999989985523913,2999.996995657174,9
1110,Blue One M,North West,3000,1,0.9999994835338303,2999.9984506014907,10
1111,Blue One M,Far North,3000,0,0.5860492976188346,1758.1478928565039,7
1112,Blue One M,South West,3000,0,0.00330189628402295,9.90568885206885,3
1113,Blue One M,Adamawa,3000,1,0.6017401682159073,1805.2205046477218,8
1114,Blue One M,Centre,3000,0,0.0026502881024952395,7.950864307485719,3
1115,Blue One M,South West,3000,0,0.5118410952846308,1535.5232858538925,5
1116,Blue One M,Far North,3000,0,0.0028681972411353745,8.604591723406124,3
1117,Blue One M,Adamawa,3000,1,0.5309180278184804,1592.7540834554413,6
1118,Blue One M,Far North,3000,1,0.9999989011148017,2999.996703344405,8
1119,Blue One M,North,3000,0,0.45934696659922075,1378.0408997976622,4
1120,Blue One M,West,3000,0,0.4905532363283968,1471.6597089851905,5
1121,Blue One M,Centre,3000,0,0.5024108385409417,1507.232515622825,5
1122,Blue One M,Far North,3000,0,0.0015197328951269302,4.559198685380791,2
1123,Blue One M,East,3000,1,0.5037200075314434,1511.1600225943303,5
1124,Blue One M,North,3000,0,0.0025099103577834484,7.529731073350345,2
1125,Blue One M,South,3000,0,0.5291328664042382,1587.3985992127145,6
1126,Blue One M,Adamawa,3000,1,0.497917396078731,1493.752188236193,5
1127,Blue One M,Littoral,3000,0,0.5004886625323668,1501.4659875971004,5
1128,Blue One M,North West,3000,1,0.5620792978458402,1686.2378935375207,7
1129,Blue One M,North West,3000,0,0.3411093912870422,1023.3281738611266,4
1130,Blue One M,Far North,3000,0,0.33512536677492144,1005.3761003247644,4
1131,Blue One M,South,3000,1,0.435701878028231,1307.105634084693,4
1132,Blue One M,Littoral,3000,1,0.9999992300114355,2999.9976900343067,9
1133,Blue One M,Far North,3000,1,0.9999992846839704,2999.997854051911,9
1134,Blue One M,Far North,3000,0,0.0016355436435348562,4.906630930604568,2
1135,Blue One M,South West,3000,1,0.9999992225027604,2999.997667508281,9
1136,Blue One M,Centre,3000,0,0.0015705051156442906,4.711515346932872,2
1137,Blue One M,Centre,3000,0,0.4819902890700608,1445.9708672101824,5
1138,Blue One M,Far North,3000,0,0.2736810848794299,821.0432546382897,3
1139,Blue One M,Adamawa,3000,0,0.0003964806052676404,1.1894418158029212,1
1143,Blue One M,West,3000,0,0.506558741205001,1519.676223615003,5
1144,Blue One M,North,3000,1,0.9999991976132704,2999.997592839811,9
1145,Blue One M,East,3000,1,0.9999989599393345,2999.9968798180034,9
1146,Blue One M,North West,3000,0,0.003023973364825126,9.071920094475377,3
1147,Blue One M,Centre,3000,1,0.5599651682488193,1679.8955047464578,6
1148,Blue One M,South West,3000,1,0.5653876634297196,1696.1629902891586,7
1149,Blue One M,West,3000,0,0.003200470162239425,9.601410486718274,3
1150,Blue One M,Centre,3000,0,0.003276197388189695,9.828592164569086,3
1151,Blue One M,East,3000,0,0.5898672253819198,1769.6016761457595,7
1152,Blue One M,North West,3000,0,0.0035956786325101095,10.787035897530329,3
1153,Blue One M,North West,3000,1,0.9999989408743835,2999.9968226231504,9
1154,Blue One M,North West,3000,0,0.6110282730147998,1833.0848190443994,8
1155,Blue One M,West,3000,0,0.582443640717598,1747.330922152794,7
1156,Blue One M,West,3000,1,0.9999989437571394,2999.996831271418,9
1157,Blue One M,Adamawa,3000,0,0.0035204127423058137,10.56123822691744,3
1158,Blue One M,North West,3000,0,0.002995572464732368,8.986717394197104,3
1159,Blue One M,Centre,3000,1,0.5553318229053379,1665.9954687160136,6
1160,Blue One M,Adamawa,3000,0,0.604851880943082,1814.555642829246,8
1161,Blue One M,East,3000,0,0.0031834915251161837,9.55047457534855,3
1162,Blue One M,South West,3000,1,0.9999989259706521,2999.996777911956,8
1163,Blue One M,Centre,3000,0,0.003276197388189695,9.828592164569086,3
1164,Blue One M,South West,3000,1,0.5668436868094271,1700.5310604282813,7
1165,Blue One S,East,2000,0,0.0002044600421662633,0.4089200843325266,1
1166,Blue One S,Centre,2000,1,0.9990125158113651,1998.0250316227302,8
1167,Blue One M,South West,3000,1,0.9999989088761667,2999.9967266285003,8
1168,Blue One M,Littoral,3000,0,0.0031426000201848045,9.427800060554414,3
1169,Blue One M,East,3000,1,0.999999097420506,2999.997292261518,9
1170,Blue One M,Adamawa,3000,1,0.6022057888963182,1806.6173666889545,8
1171,Blue One M,Littoral,3000,1,0.9999989275631046,2999.996782689314,8
1172,Blue One M,North West,3000,0,0.5951881148774596,1785.5643446323788,7
1173,Blue One M,East,3000,0,0.5883477363777226,1765.043209133168,7
1174,Blue One M,West,3000,1,0.5817889120913805,1745.3667362741414,7
1175,Blue One M,Adamawa,3000,1,0.6024804220523463,1807.4412661570389,8
1176,Blue One M,South West,3000,0,0.00311204210931004,9.33612632793012,3
1177,Blue One M,South,3000,1,0.5582421975148685,1674.7265925446054,6
1178,Blue One M,South,3000,1,0.9999990452172617,2999.997135651785,9
1179,Blue One M,Far North,3000,0,0.5827097056706978,1748.1291170120935,7
1180,Blue One M,Far North,3000,0,0.5491189707622253,1647.3569122866759,6
1181,Blue One M,North West,3000,1,0.9999991535110861,2999.9974605332586,9
1182,Blue One M,East,3000,1,0.5922630064313691,1776.7890192941072,7
1183,Blue One M,South West,3000,0,0.0033124027883048458,9.937208364914538,3
1184,Blue One M,West,3000,0,0.002748933728475768,8.246801185427303,3
1185,Blue One M,South West,3000,0,0.00325711108190134,9.77133324570402,3
1186,Blue One M,South,3000,1,0.9999992892377325,2999.9978677131976,9
1187,Blue One M,East,3000,0,0.6042892615751464,1812.8677847254392,8
1188,Blue One M,North West,3000,0,0.003019172359628043,9.05751707888413,3
1189,Blue One M,North West,3000,1,0.5674916837450005,1702.4750512350015,7
1190,Blue One M,West,3000,1,0.5636696701165114,1691.009010349534,7
1191,Blue One M,Far North,3000,0,0.6064161142691495,1819.2483428074486,8
1192,Blue One M,Far North,3000,0,0.003479136311658188,10.437408934974563,3
1193,Blue One M,Adamawa,3000,1,0.5798668875674019,1739.6006627022057,7
1194,Blue One M,Adamawa,3000,0,0.0037352682904582247,11.205804871374674,3
1195,Blue One M,Littoral,3000,0,0.001345980151037392,4.037940453112176,1
1196,Blue One M,North,3000,1,0.99999893018851,2999.9967905655303,9
1197,Blue One M,South,3000,0,0.4188496443896589,1256.5489331689766,4
1198,Blue One M,South,3000,1,0.4180858422257074,1254.257526677122,4
1199,Blue One M,North,3000,1,0.5526091531718482,1657.8274595155447,6
1200,Blue One M,South,3000,0,0.570434723702247,1711.304171106741,7
1201,Blue One M,Centre,3000,0,0.5312587056566891,1593.7761169700673,6
1202,Blue One M,South West,3000,0,0.5187968540133502,1556.3905620400506,5
1203,Blue One M,East,3000,0,0.5442893913120396,1632.8681739361186,6
1204,Blue One M,South West,3000,1,0.9999986875394961,2999.9960626184884,8
1205,Blue One M,East,3000,0,0.5655540716435357,1696.662214930607,7
1206,Blue One M,South West,3000,0,0.002545337169276459,7.6360115078293775,2
1207,Blue One M,South,3000,0,0.5194290793909714,1558.2872381729142,6
1208,Blue One M,North,3000,0,0.0027437110250599747,8.231133075179924,3
1209,Blue One M,North,3000,0,0.0025576272766707703,7.672881830012311,2
1210,Blue One M,South,3000,0,0.5077126605079084,1523.1379815237253,5
1211,Blue One M,Centre,3000,0,0.0026255153236407593,7.876545970922278,2
1212,Blue One M,Adamawa,3000,1,0.999998668241144,2999.996004723432,8
1213,Blue One M,West,3000,0,0.0025449799666329427,7.6349398998988285,2
1214,Blue One M,South,3000,1,0.468166392871816,1404.499178615448,5
1215,Blue One M,Adamawa,3000,0,0.0024616222137468753,7.384866641240626,2
1216,Blue One M,South,3000,1,0.9999987153449167,2999.99614603475,8
1217,Blue One M,North West,3000,0,0.5353097061355212,1605.9291184065637,6
1218,Blue One M,North West,3000,0,0.5601409299123833,1680.42278973715,6
1219,Blue One M,Littoral,3000,1,0.9999992024494909,2999.9976073484727,9
1220,Blue One M,East,3000,0,0.0029170986361058814,8.751295908317644,3
1221,Blue One M,North,3000,1,0.9999986542975653,2999.995962892696,8
1222,Blue One M,Centre,3000,1,0.5140897287456494,1542.2691862369481,5
1223,Blue One M,North West,3000,1,0.9999989940621588,2999.996982186476,9
1224,Blue One M,Adamawa,3000,0,0.4400657084350836,1320.1971253052507,4
1225,Blue One M,North West,3000,0,0.5361894449884903,1608.568334965471,6
1226,Blue One M,East,3000,1,0.5562660792208235,1668.7982376624705,6
1227,Blue One M,West,3000,1,0.4456792174882513,1337.0376524647538,4
1228,Blue One M,Littoral,3000,1,0.4986448861904172,1495.9346585712515,5
1229,Blue One M,Centre,3000,1,0.9999991874836918,2999.9975624510753,9
1230,Blue One M,Littoral,3000,0,0.4599014594317992,1379.7043782953976,5
1231,Blue One M,North West,3000,0,0.34822057824187425,1044.6617347256226,4
1232,Blue One M,East,3000,0,0.5548144748617347,1664.4434245852042,6
1233,Blue One M,North,3000,1,0.9999992334250379,2999.997700275114,9
1234,Blue One M,North,3000,1,0.4230223221113586,1269.0669663340757,4
1235,Blue One M,Centre,3000,1,0.9999986367883186,2999.9959103649558,8
1236,Blue One M,Littoral,3000,1,0.5008992889574966,1502.6978668724898,5
1237,Blue One M,Centre,3000,0,0.527348868740411,1582.0466062212329,6
1238,Blue One M,North West,3000,1,0.5372549749561597,1611.764924868479,6
1239,Blue One M,Centre,3000,1,0.9999987827449106,2999.9963482347316,8
1240,Blue One M,South West,3000,0,0.441557527538316,1324.672582614948,4
1241,Blue One M,North,3000,1,0.4980745640762219,1494.2236922286656,5
1242,Blue One M,North West,3000,1,0.9999994992439399,2999.99849773182,10
1243,Blue One M,Adamawa,3000,0,0.5086601248790582,1525.9803746371747,5
1244,Blue One M,North West,3000,0,0.3006516867547759,901.9550602643277,3
1245,Blue One M,North,3000,1,0.46101742573010474,1383.0522771903143,5
1246,Blue One M,North,3000,1,0.9999991658193221,2999.9974974579663,9
1247,Blue One M,East,3000,0,0.0018348374366736141,5.504512310020842,2
1248,Blue One M,East,3000,0,0.0019226827428034333,5.7680482284103,2
1249,Blue One M,Far North,3000,1,0.5501420138571468,1650.4260415714402,6
1250,Blue One M,Centre,3000,0,0.002585892576777975,7.757677730333925,2
1251,Blue One M,Littoral,3000,0,0.0024340953785911773,7.302286135773532,2
1252,Blue One M,North,3000,1,0.493366943832827,1480.1008314984808,5
1253,Blue One M,South West,3000,0,0.45982981449833504,1379.4894434950052,5
1254,Blue One M,Adamawa,3000,0,0.0019113633821911831,5.734090146573549,2
1255,Blue One M,South,3000,1,0.48308139526074795,1449.244185782244,5
1256,Blue One M,Adamawa,3000,0,0.49214064661308854,1476.4219398392656,5
1257,Blue One M,Far North,3000,0,0.5037342610506402,1511.2027831519206,5
1258,Blue One M,Centre,3000,0,0.001602783665373403,4.808350996120209,2
1259,Blue One M,East,3000,0,0.5155280729994672,1546.5842189984016,5
1260,Blue One M,South West,3000,0,0.5126374802261627,1537.912440678488,5
1261,Blue One M,South West,3000,1,0.9999986248192358,2999.9958744577075,8
1262,Blue One M,West,3000,0,0.002592331636437503,7.77699490931251,2
1263,Blue One M,South West,3000,0,0.002116274083292821,6.348822249878463,2
1264,Blue One M,South,3000,1,0.999999248432631,2999.997745297893,9
1266,Blue One M,North,3000,0,0.001543616131745867,4.630848395237601,2
1267,Blue One M,West,3000,0,0.451902688162433,1355.708064487299,4
1268,Blue One M,East,3000,0,0.5376585581979415,1612.9756745938246,6
1269,Blue One M,North,3000,0,0.4636430735368688,1390.9292206106063,5
1270,Blue One M,South West,3000,1,0.999999045331483,2999.997135994449,9
1271,Blue One M,North West,3000,1,0.46536801238906567,1396.104037167197,5
1272,Blue One M,North,3000,1,0.9999991950908915,2999.9975852726748,9
1273,Blue One M,Centre,3000,0,0.49062712159137095,1471.8813647741129,5
1274,Blue One M,North West,3000,0,0.5029401419048032,1508.8204257144096,5
1275,Blue One M,Centre,3000,0,0.4330254751991519,1299.0764255974557,4
1276,Blue One M,West,3000,1,0.48976887368043437,1469.306621041303,5
1277,Blue One M,South West,3000,0,0.0015075754778438206,4.522726433531462,2
1278,Blue One M,Centre,3000,0,0.0013743372547171165,4.123011764151349,1
1279,Blue One M,North,3000,0,0.45856758721510493,1375.7027616453147,4
1280,Blue One M,Far North,3000,1,0.9999992621705381,2999.9977865116143,9
1281,Blue One M,North West,3000,1,0.4975471218272875,1492.6413654818625,5
1282,Blue One M,Centre,3000,1,0.9999992067223853,2999.9976201671557,9
1283,Blue One M,East,3000,1,0.5126783256933782,1538.0349770801347,5
1284,Blue One M,East,3000,1,0.4959608945075328,1487.8826835225984,5
1285,Blue One M,East,3000,1,0.5135863500467929,1540.7590501403786,5
1286,Blue One M,South,3000,0,0.0017157295480293364,5.1471886440880095,2
1287,Blue One M,Littoral,3000,1,0.9999991715687209,2999.9975147061627,9
1288,Blue One M,Adamawa,3000,0,0.4600900439254649,1380.2701317763947,5
1289,Blue One M,West,3000,1,0.48350829253105343,1450.5248775931602,5
1290,Blue One M,Far North,3000,0,0.0017856612085801527,5.356983625740458,2
1291,Blue One M,North,3000,1,0.45232807856205054,1356.9842356861516,4
1292,Blue One M,Adamawa,3000,1,0.4918418848832704,1475.5256546498113,5
1293,Blue One M,South,3000,1,0.9999991983277753,2999.997594983326,9
1294,Blue One M,Far North,3000,1,0.9999992115606534,2999.9976346819603,9
1295,Blue One M,Adamawa,3000,1,0.5126060441180652,1537.8181323541955,5
1296,Blue One M,East,3000,0,0.0019287152257727407,5.786145677318222,2
1297,Blue One M,North West,3000,0,0.0017532528645494247,5.259758593648274,2
1298,Blue One M,South West,3000,1,0.9999990666014648,2999.9971998043943,9
1299,Blue One M,South,3000,1,0.9999993836515597,2999.998150954679,9
1300,Blue One M,Centre,3000,1,0.4859217457215526,1457.765237164658,5
1301,Blue One M,North West,3000,1,0.4495653349065692,1348.6960047197076,4
1302,Blue One M,Far North,3000,1,0.9999993134348963,2999.997940304689,9
1303,Blue One M,Adamawa,3000,1,0.9999991600675759,2999.9974802027277,9
1304,Blue One M,North West,3000,0,0.0015501953507417831,4.650586052225349,2
1305,Blue One M,East,3000,1,0.4499550254090501,1349.8650762271502,4
1306,Blue One M,Far North,3000,0,0.0017359274259717815,5.207782277915344,2
1307,Blue One M,South West,3000,1,0.4256508598439998,1276.9525795319994,4
1308,Blue One M,Littoral,3000,0,0.27061793978428395,811.8538193528518,3
1309,Blue One M,South,3000,0,0.0016857035774729078,5.057110732418724,2
1310,Blue One M,North,3000,0,0.4675906220036272,1402.7718660108817,5
1311,Blue One M,Far North,3000,0,0.0013979418375303298,4.19382551259099,1
1312,Blue One M,North West,3000,0,0.001449476569895232,4.348429709685696,2
1313,Blue One M,South West,3000,1,0.26599434214344564,797.983026430337,3
1314,Blue One M,Littoral,3000,0,0.0015017173493943345,4.505152048183003,2
1315,Blue One M,South,3000,0,0.00048330909937478934,1.449927298124368,1
1316,Blue One M,East,3000,0,0.0005598670829047166,1.6796012487141498,1
1317,Blue One M,Centre,3000,0,0.001689506347591812,5.068519042775436,2
1318,Blue One M,Centre,3000,0,0.0015797506195698134,4.73925185870944,2
1319,Blue One M,West,3000,0,0.001713116563342063,5.139349690026189,2
1320,Blue One M,East,3000,1,0.9999992360478899,2999.9977081436696,9
1321,Blue One M,East,3000,1,0.9999994976846937,2999.998493054081,10
1322,Blue One M,South,3000,0,0.4583930855457824,1375.1792566373472,4
1323,Blue One M,East,3000,0,0.4935075787390066,1480.5227362170197,5
1324,Blue One M,East,3000,0,0.0015223278906838598,4.566983672051579,2
1325,Blue One M,Littoral,3000,1,0.40632864575115457,1218.9859372534638,4
1326,Blue One M,East,3000,0,0.45229860932712984,1356.8958279813896,4
1327,Blue One M,Adamawa,3000,1,0.999999307545587,2999.997922636761,9
1328,Blue One M,Centre,3000,1,0.4789680343100426,1436.9041029301277,5
1329,Blue One M,Adamawa,3000,1,0.4874224573392733,1462.26737201782,5
1330,Blue One M,East,3000,0,0.0014949999057452077,4.484999717235623,2
1331,Blue One M,East,3000,0,0.464697798809562,1394.093396428686,5
1332,Blue One M,Far North,3000,1,0.43869657130636147,1316.0897139190845,4
1333,Blue One M,West,3000,0,0.00039346514993920576,1.1803954498176172,1
1335,Blue One S,Centre,2000,0,0.00017250894574111564,0.3450178914822313,1
1337,Blue One M,Littoral,3000,0,0.00039134658865793613,1.1740397659738084,1
1338,Blue One M,Centre,3000,1,0.28386858824948796,851.6057647484639,3
1339,Blue One L,West,5000,0,0.0012910347798086809,6.455173899043404,1
1340,Blue One M,East,3000,0,0.004034476920683015,12.103430762049044,3
1341,Blue One M,West,3000,0,0.560297014115928,1680.8910423477842,6
1342,Blue One L,East,5000,0,0.001364902559773546,6.82451279886773,1
1343,Blue One M,East,3000,1,0.48170047496885754,1445.1014249065727,5
1344,Blue One M,South,3000,1,0.579747315549301,1739.2419466479032,7
1345,Blue One L,Littoral,5000,0,0.5564500311383563,2782.250155691782,6
1346,Blue One M,Centre,3000,0,0.5584178297531631,1675.2534892594895,6
1347,Blue One M,Adamawa,3000,1,0.5890258516770835,1767.0775550312505,7
1348,Blue One L,South West,5000,1,0.9999998103065104,4999.999051532552,10
1349,Blue One L,Far North,5000,0,0.001335193141908421,6.675965709542105,1
1350,Blue One L,East,5000,0,0.0013543479482150446,6.771739741075223,1
1351,Blue One L,Centre,5000,0,0.0012948289815490877,6.474144907745439,1
1352,Blue One L,South West,5000,0,0.0012473912101303693,6.236956050651846,1
1353,Blue One M,Centre,3000,0,0.5270509147042601,1581.1527441127803,6
1354,Blue One L,North West,5000,0,0.001480622662975857,7.403113314879285,2
1355,Blue One M,East,3000,1,0.9999989869905027,2999.996960971508,9
1356,Blue One M,Adamawa,3000,0,0.0037512489699235733,11.25374690977072,3
1357,Blue One M,West,3000,1,0.999998825636564,2999.996476909692,8
1358,Blue One M,North,3000,1,0.9999989970521672,2999.9969911565017,9
1359,Blue One M,Centre,3000,0,0.5629583113619432,1688.8749340858296,7
1360,Blue One L,Far North,5000,0,0.0013020644104591557,6.510322052295779,1
1361,Blue One L,East,5000,0,0.0013521941251964942,6.760970625982471,1
1362,Blue One M,North West,3000,0,0.5956679979592836,1787.003993877851,7
1363,Blue One L,West,5000,0,0.0012070161074931314,6.035080537465657,1
1364,Blue One L,North West,5000,1,0.9999998544988974,4999.999272494487,10
1365,Blue One L,South West,5000,0,0.0011663231384918705,5.831615692459352,1
1366,Blue One L,Littoral,5000,1,0.9999998273804613,4999.999136902306,10
1367,Blue One M,South,3000,0,0.0003410029311539865,1.0230087934619596,1
1368,Blue One L,South,5000,0,0.0011816210374257631,5.9081051871288155,1
1369,Blue One M,Far North,3000,0,0.0035547349580996534,10.66420487429896,3
1370,Blue One M,South West,3000,1,0.5526837128825048,1658.0511386475146,6
1371,Blue One M,North,3000,1,0.5548254803898203,1664.4764411694607,6
1372,Blue One M,Centre,3000,0,0.0025391675687389367,7.61750270621681,2
1373,Blue One M,North West,3000,1,0.6109335867776116,1832.8007603328347,8
1374,Blue One M,South,3000,1,0.5048854845924028,1514.6564537772083,5
1375,Blue One M,East,3000,1,0.9999989697368349,2999.996909210505,9
1376,Blue One L,Far North,5000,1,0.5656688461347951,2828.3442306739753,7
1377,Blue One M,West,3000,0,0.003321745718847612,9.965237156542836,3
1378,Blue One M,North West,3000,1,0.9999990892619423,2999.997267785827,9
1379,Blue One M,Adamawa,3000,1,0.9999992651257397,2999.997795377219,9
1380,Blue One M,Far North,3000,1,0.5815704044845142,1744.7112134535428,7
1381,Blue One M,Adamawa,3000,1,0.9999990486763217,2999.9971460289653,9
1382,Blue One M,South,3000,1,0.5566935968065366,1670.08079041961,6
1383,Blue One M,North,3000,1,0.5522150999103863,1656.645299731159,6
1384,Blue One M,North West,3000,1,0.9999990831617908,2999.9972494853723,9
1385,Blue One M,Littoral,3000,1,0.9999989973911061,2999.996992173318,9
1386,Blue One M,North West,3000,1,0.6071853158795845,1821.5559476387534,8
1387,Blue One M,Littoral,3000,1,0.5657762018341617,1697.328605502485,7
1388,Blue One M,North,3000,0,0.5206740956199232,1562.0222868597696,6
1389,Blue One M,South,3000,0,0.5709227963484217,1712.7683890452652,7
1390,Blue One M,South West,3000,0,0.0030686051240685834,9.20581537220575,3
1391,Blue One M,Littoral,3000,1,0.5189926682935312,1556.9780048805935,6
1392,Blue One M,South West,3000,0,0.5664403542373309,1699.3210627119927,7
1393,Blue One M,East,3000,1,0.9999991390771956,2999.997417231587,9
1394,Blue One M,Adamawa,3000,1,0.5852216607485694,1755.6649822457082,7
1395,Blue One M,Adamawa,3000,1,0.5870225710271828,1761.0677130815484,7
1396,Blue One M,South,3000,1,0.9999989449482936,2999.9968348448806,9
1397,Blue One M,West,3000,0,0.5756434623800265,1726.9303871400796,7
1398,Blue One M,Adamawa,3000,0,0.5473861584677291,1642.1584754031874,6
1399,Blue One M,Littoral,3000,0,0.5530625723348003,1659.1877170044008,6
1400,Blue One M,North,3000,1,0.5698377524304087,1709.513257291226,7
1401,Blue One M,West,3000,1,0.9999990385502018,2999.9971156506053,9
1402,Blue One M,South,3000,0,0.510065912052053,1530.197736156159,5
1403,Blue One M,West,3000,0,0.5552588154227966,1665.77644626839,6
1404,Blue One M,South,3000,1,0.555537443810868,1666.612331432604,6
1405,Blue One M,South West,3000,0,0.5471351590633474,1641.4054771900423,6
1406,Blue One M,South West,3000,1,0.5641384843715612,1692.4154531146837,7
1407,Blue One M,South,3000,0,0.0033838548159855998,10.1515644479568,3
1408,Blue One M,West,3000,0,0.5579759475541733,1673.92784266252,6
1409,Blue One M,West,3000,1,0.5204782864063581,1561.4348592190743,6
1410,Blue One M,Littoral,3000,1,0.5461567460286156,1638.4702380858469,6
1411,Blue One M,Centre,3000,1,0.5320523740190748,1596.1571220572243,6
1412,Blue One M,Far North,3000,1,0.5365524411391295,1609.6573234173884,6
1413,Blue One M,West,3000,1,0.5281567200777618,1584.4701602332855,6
1414,Blue One M,South West,3000,1,0.9999986226258313,2999.9958678774938,8
1415,Blue One M,North West,3000,1,0.543602237534804,1630.8067126044118,6
1416,Blue One M,North West,3000,1,0.9999991199696248,2999.9973599088744,9
1417,Blue One M,South,3000,1,0.5123313741499177,1536.9941224497531,5
1418,Blue One M,North,3000,1,0.5031809428217378,1509.5428284652132,5
1419,Blue One M,Far North,3000,0,0.003120511716613311,9.361535149839932,3
1420,Blue One M,Littoral,3000,1,0.9999987753030293,2999.996325909088,8
1421,Blue One M,North West,3000,1,0.5385302980581523,1615.590894174457,6
1422,Blue One M,South,3000,0,0.002558759485757098,7.6762784572712945,2
1423,Blue One M,North,3000,1,0.514504079090205,1543.512237270615,5
1424,Blue One M,North West,3000,0,0.00322379951008914,9.671398530267421,3
1425,Blue One M,East,3000,0,0.0032352812823046224,9.705843846913867,3
1426,Blue One M,North,3000,0,0.002533471846586188,7.600415539758564,2
1427,Blue One M,North,3000,1,0.4575159326975234,1372.5477980925702,4
1428,Blue One M,Adamawa,3000,1,0.5405707757011522,1621.7123271034566,6
1429,Blue One M,West,3000,0,0.0015498672525858532,4.6496017577575595,2
1430,Blue One M,South,3000,1,0.5715939554473042,1714.7818663419125,7
1431,Blue One M,Far North,3000,0,0.3247461324513241,974.2383973539723,4
1432,Blue One M,East,3000,1,0.5914085778595871,1774.2257335787613,7
1433,Blue One M,East,3000,1,0.5556016221588308,1666.8048664764924,6
1434,Blue One M,North,3000,1,0.5199028969376702,1559.7086908130107,6
1435,Blue One M,Littoral,3000,1,0.515857824125012,1547.573472375036,5
1436,Blue One M,Littoral,3000,0,0.46409730460551396,1392.2919138165419,5
1437,Blue One M,Littoral,3000,1,0.9999986719354191,2999.996015806257,8
1438,Blue One M,South,3000,1,0.9999988133864063,2999.9964401592188,8
1439,Blue One M,Centre,3000,1,0.5333295808925753,1599.988742677726,6
1440,Blue One M,Centre,3000,0,0.0025297174293242384,7.589152287972715,2
1441,Blue One M,Littoral,3000,1,0.9999987288029398,2999.9961864088195,8
1442,Blue One M,East,3000,1,0.9999989251182925,2999.9967753548776,8
1443,Blue One M,North West,3000,0,0.5532681861966385,1659.8045585899156,6
1444,Blue One M,South,3000,0,0.5036902791816148,1511.0708375448444,5
1445,Blue One M,East,3000,1,0.5025491520868219,1507.6474562604658,5
1446,Blue One M,South,3000,1,0.9999986847775147,2999.996054332544,8
1447,Blue One M,East,3000,1,0.9999991985361218,2999.9975956083654,9
1448,Blue One M,West,3000,1,0.9999987531983534,2999.99625959506,8
1449,Blue One M,Littoral,3000,0,0.5188810398151285,1556.6431194453853,5
1450,Blue One M,Adamawa,3000,0,0.47487819710333395,1424.634591310002,5
1451,Blue One M,Adamawa,3000,0,0.0015354285308375626,4.6062855925126875,2
1452,Blue One M,North,3000,1,0.9999991719488681,2999.9975158466045,9
1453,Blue One M,East,3000,1,0.9999993509637866,2999.9980528913597,9
1454,Blue One M,North West,3000,1,0.4951932502950707,1485.5797508852122,5
1455,Blue One M,North,3000,0,0.0013485884682778856,4.045765404833657,1
1456,Blue One M,East,3000,0,0.5521055726675201,1656.3167180025605,6
1457,Blue One M,North West,3000,0,0.002863886231052745,8.591658693158235,3
1458,Blue One M,Centre,3000,1,0.47226535763633115,1416.7960729089934,5
1459,Blue One M,West,3000,1,0.9999994303573067,2999.99829107192,10
1460,Blue One M,Centre,3000,0,0.0017626322819711635,5.28789684591349,2
1461,Blue One M,Far North,3000,0,0.4377771869373058,1313.3315608119174,4
1462,Blue One M,North West,3000,0,0.34822057824187425,1044.6617347256226,4
1463,Blue One M,North West,3000,0,0.4944086686471342,1483.2260059414025,5
1464,Blue One M,South West,3000,0,0.47462912068758706,1423.8873620627612,5
1465,Blue One M,East,3000,0,0.5193471439260965,1558.0414317782895,6
1466,Blue One M,South West,3000,0,0.0015433917861190619,4.630175358357185,2
1467,Blue One M,South West,3000,1,0.49030449915584584,1470.9134974675376,5
1468,Blue One M,Littoral,3000,1,0.9999991751111462,2999.9975253334387,9
1469,Blue One M,South West,3000,0,0.002466882259873684,7.400646779621051,2
1470,Blue One M,Adamawa,3000,1,0.45680352921508127,1370.4105876452438,4
1471,Blue One M,East,3000,1,0.33624593658165053,1008.7378097449516,4
1472,Blue One M,East,3000,1,0.9999993529977002,2999.9980589931006,9
1473,Blue One M,East,3000,0,0.0004857031054238762,1.4571093162716287,1
1482,Blue One M,Far North,3000,1,0.28061707251632306,841.8512175489692,3
1483,Blue One M,Far North,3000,0,0.0005376733113006368,1.6130199339019102,1
1484,Blue One M,South West,3000,0,0.0005046465411722626,1.5139396235167877,1
1485,Blue One M,Adamawa,3000,0,0.28046208858548183,841.3862657564455,3
1486,Blue One M,North,3000,0,0.2403869682887948,721.1609048663844,3
1487,Blue One M,Adamawa,3000,0,0.30264586843908287,907.9376053172487,3
1488,Blue One M,North West,3000,0,0.0005360349441096271,1.6081048323288811,1
1489,Blue One M,Far North,3000,0,0.45246981799899766,1357.409453996993,4
1490,Blue One M,Far North,3000,0,0.0017688697961404573,5.306609388421372,2
1491,Blue One M,West,3000,0,0.0016732866888683334,5.019860066605,2
1492,Blue One M,North,3000,0,0.001333906995323413,4.001720985970239,1
1493,Blue One M,South,3000,0,0.27095351285997876,812.8605385799362,3
1494,Blue One M,North,3000,0,0.0013513621923589533,4.05408657707686,1
1495,Blue One M,West,3000,0,0.4885863305682719,1465.7589917048156,5
1496,Blue One M,East,3000,0,0.29867160661387876,896.0148198416363,3
1497,Blue One M,North,3000,0,0.0010502880791813144,3.150864237543943,1
1498,Blue One M,Littoral,3000,0,0.4532882078760003,1359.864623628001,4
1499,Blue One M,South West,3000,0,0.001550777211085106,4.652331633255318,2
1500,Blue One M,North,3000,1,0.9999992462995303,2999.997738898591,9
1501,Blue One M,North,3000,1,0.45857969943891924,1375.7390983167577,4
1502,Blue One M,Littoral,3000,1,0.473533281278865,1420.599843836595,5
1503,Blue One M,South West,3000,1,0.4730397613518723,1419.1192840556168,5
1504,Blue One M,South West,3000,1,0.9999992117383302,2999.9976352149906,9
1505,Blue One M,Far North,3000,1,0.48485178007799873,1454.5553402339963,5
1506,Blue One M,Littoral,3000,0,0.47090079822013203,1412.702394660396,5
1507,Blue One M,West,3000,0,0.0015768502058551774,4.730550617565532,2
1508,Blue One M,Centre,3000,1,0.4851255512767588,1455.3766538302764,5
1509,Blue One M,East,3000,1,0.9999992895596357,2999.9978686789073,9
1510,Blue One M,North,3000,0,0.4136700292030374,1241.0100876091121,4
1511,Blue One M,South,3000,0,0.4143576204116924,1243.0728612350772,4
1512,Blue One M,Far North,3000,0,0.0016989434588630097,5.096830376589029,2
1513,Blue One M,South West,3000,0,0.38697614532823493,1160.9284359847047,4
1514,Blue One M,West,3000,0,0.001460298199425513,4.380894598276539,2
1515,Blue One M,East,3000,0,0.001616627446787105,4.849882340361315,2
1516,Blue One M,North,3000,1,0.47375918622080043,1421.2775586624014,5
1517,Blue One M,Centre,3000,0,0.0015748845842873333,4.724653752861999,2
1518,Blue One M,North West,3000,1,0.508885526208626,1526.6565786258782,5
1519,Blue One M,West,3000,0,0.001681879512519725,5.045638537559175,2
1520,Blue One M,East,3000,0,0.4686279538090219,1405.8838614270658,5
1521,Blue One M,North,3000,0,0.41138807724558096,1234.164231736743,4
1522,Blue One M,East,3000,1,0.44996709920333555,1349.9012976100066,4
1523,Blue One M,North West,3000,1,0.9999991947496475,2999.9975842489425,9
1524,Blue One M,Centre,3000,0,0.00042224249265488935,1.266727477964668,1
1525,Blue One M,West,3000,0,0.0003977998957389115,1.1933996872167345,1
1526,Blue One M,East,3000,0,0.0004746090471218946,1.4238271413656838,1
1527,Blue One M,Far North,3000,1,0.49741402816079494,1492.2420844823848,5
1528,Blue One M,South West,3000,1,0.42248729299797494,1267.4618789939248,4
1529,Blue One M,Centre,3000,1,0.9999992113723484,2999.997634117045,9
1530,Blue One M,Centre,3000,0,0.001706307183795841,5.118921551387523,2
1531,Blue One M,Littoral,3000,1,0.9999990581347198,2999.9971744041595,9
1532,Blue One M,Adamawa,3000,0,0.001727276959337232,5.181830878011696,2
1533,Blue One M,West,3000,1,0.4643767416451885,1393.1302249355656,5
1534,Blue One M,Far North,3000,1,0.4676217378502077,1402.8652135506231,5
1535,Blue One M,Far North,3000,1,0.9999992790666344,2999.997837199903,9
1536,Blue One M,Littoral,3000,1,0.9999991478335574,2999.997443500672,9
1537,Blue One M,Adamawa,3000,0,0.001738134849882812,5.214404549648436,2
1538,Blue One M,West,3000,0,0.0017429367009263374,5.228810102779012,2
1539,Blue One S,Littoral,2000,1,0.9990181659714135,1998.036331942827,8
1541,Blue One S,East,2000,0,0.1828872588929196,365.7745177858392,3
1542,Blue One S,North,2000,0,0.00014677191704048242,0.29354383408096485,1
1543,Blue One S,North West,2000,0,0.19506892052045355,390.1378410409071,3
1544,Blue One M,South,3000,1,0.9999991776508074,2999.9975329524223,9
1545,Blue One M,Far North,3000,1,0.9999993364699671,2999.9980094099014,9
1546,Blue One M,East,3000,1,0.9999993420099951,2999.9980260299853,9
1547,Blue One M,North West,3000,0,0.0014353407678256028,4.306022303476809,2
1548,Blue One M,North,3000,1,0.9999989758982223,2999.9969276946667,9
1549,Blue One M,South West,3000,0,0.001339781088062621,4.019343264187863,1
1550,Blue One M,Adamawa,3000,1,0.5051359084392015,1515.4077253176047,5
1551,Blue One M,Littoral,3000,0,0.4186084508328263,1255.8253524984789,4
1552,Blue One M,South,3000,0,0.47839259570087767,1435.177787102633,5
1553,Blue One M,East,3000,0,0.0005016345623028278,1.5049036869084835,1
1554,Blue One M,Centre,3000,0,0.0003931114445497474,1.1793343336492421,1
1555,Blue One M,East,3000,0,0.3303125229144988,990.9375687434964,4
1556,Blue One M,Centre,3000,0,0.31508869555370844,945.2660866611253,4
1557,Blue One M,Adamawa,3000,1,0.49881576591447907,1496.4472977434373,5
1558,Blue One M,Littoral,3000,1,0.45533830175435835,1366.014905263075,4
1559,Blue One L,South West,5000,1,0.5516896994164341,2758.4484970821704,6
1560,Blue One L,South,5000,1,0.5562051613416747,2781.0258067083737,6
1561,Blue One L,Centre,5000,1,0.5489730242724897,2744.8651213624485,6
1562,Blue One L,South,5000,1,0.9999998317032858,4999.999158516429,10
1563,Blue One L,East,5000,0,0.5746463676531652,2873.2318382658264,7
1564,Blue One L,Littoral,5000,1,0.9999998278612402,4999.999139306201,10
1565,Blue One M,North,3000,0,0.5571499602498409,1671.4498807495227,6
1566,Blue One L,Far North,5000,0,0.0013494175660918749,6.747087830459375,1
1567,Blue One M,Adamawa,3000,0,0.0032287734422234396,9.68632032667032,3
1568,Blue One M,South,3000,0,0.0032179437873865024,9.653831362159508,3
1569,Blue One M,North West,3000,1,0.5911125127846848,1773.3375383540545,7
1570,Blue One L,North,5000,0,0.0011591451874069388,5.795725937034694,1
1571,Blue One M,South West,3000,0,0.0030160257842266587,9.048077352679977,3
1572,Blue One L,North West,5000,1,0.573127897359728,2865.63948679864,7
1573,Blue One M,Centre,3000,0,0.003422258039850629,10.266774119551886,3
1574,Blue One M,Littoral,3000,1,0.5048102788060785,1514.4308364182357,5
1575,Blue One M,North,3000,1,0.9999986876024998,2999.996062807499,8
1576,Blue One L,South West,5000,1,0.5455704777743187,2727.852388871593,6
1577,Blue One L,North West,5000,1,0.5772545589007467,2886.2727945037336,7
1578,Blue One M,North West,3000,0,0.5868430116749798,1760.5290350249393,7
1579,Blue One M,North West,3000,1,0.9999991428167176,2999.9974284501527,9
1580,Blue One M,Adamawa,3000,0,0.5983329660153045,1794.9988980459134,7
1581,Blue One L,Littoral,5000,0,0.5544944439482491,2772.4722197412457,6
1582,Blue One M,North,3000,1,0.9999987551369054,2999.996265410716,8
1583,Blue One M,North West,3000,0,0.46795038282838847,1403.8511484851654,5
1586,Blue One M,South,3000,1,0.9999994144356492,2999.9982433069476,10
1587,Blue One M,Far North,3000,0,0.31927501810245773,957.8250543073732,4
1588,Blue One M,Littoral,3000,0,0.0004675416829905841,1.4026250489717522,1
1589,Blue One M,South,3000,0,0.27054728518852983,811.6418555655895,3
1590,Blue One M,South West,3000,1,0.99999930157053,2999.99790471159,9
1591,Blue One M,East,3000,1,0.9999991712382231,2999.9975137146694,9
1592,Blue One M,North,3000,1,0.40720855838989933,1221.625675169698,4
1593,Blue One M,North,3000,1,0.9999991693863324,2999.9975081589973,9
1594,Blue One M,Centre,3000,0,0.0017359244569648481,5.207773370894545,2
1595,Blue One M,Adamawa,3000,1,0.4862401806130488,1458.7205418391463,5
1596,Blue One M,Littoral,3000,0,0.0005042630644977924,1.5127891934933773,1
1597,Blue One M,Littoral,3000,0,0.0004022572382725098,1.2067717148175294,1
1598,Blue One M,North,3000,0,0.2645251031401657,793.5753094204971,3
1599,Blue One M,Far North,3000,1,0.3299454478393711,989.8363435181133,4
1600,Blue One M,Centre,3000,0,0.001085529354471491,3.256588063414473,1
1601,Blue One M,South West,3000,1,0.4255415464320566,1276.6246392961698,4
1602,Blue One M,North,3000,0,0.0012288844449104975,3.6866533347314925,1
1603,Blue One M,Far North,3000,1,0.4895688523607365,1468.7065570822094,5
1604,Blue One M,Adamawa,3000,1,0.5128925002069616,1538.677500620885,5
1605,Blue One M,East,3000,1,0.9999993270930179,2999.9979812790534,9
1606,Blue One M,Adamawa,3000,1,0.9999993613795867,2999.99808413876,9
1607,Blue One M,South West,3000,0,0.26899121880764537,806.9736564229361,3
1608,Blue One M,South West,3000,1,0.9999992150710434,2999.99764521313,9
1609,Blue One M,Far North,3000,0,0.3340717365513752,1002.2152096541255,4
1610,Blue One M,Centre,3000,1,0.3017389294849074,905.2167884547222,3
1611,Blue One M,North West,3000,0,0.00044705544280722597,1.341166328421678,1
1612,Blue One M,Littoral,3000,0,0.23821785492842026,714.6535647852608,3
1613,Blue One M,West,3000,0,0.2760544664534879,828.1633993604637,3
1614,Blue One M,North West,3000,1,0.9999991587674653,2999.9974763023956,9
1615,Blue One M,North,3000,0,0.4228760068415329,1268.6280205245987,4
1616,Blue One M,South,3000,0,0.38860634286918266,1165.819028607548,4
1617,Blue One M,Centre,3000,0,0.001302427494050683,3.9072824821520493,1
1618,Blue One M,South,3000,0,0.40903632701083165,1227.108981032495,4
1619,Blue One M,Far North,3000,1,0.44177836596796016,1325.3350979038805,4
1620,Blue One M,East,3000,0,0.46823111099178033,1404.693332975341,5
1621,Blue One M,Far North,3000,1,0.4357054481888522,1307.1163445665566,4
1622,Blue One M,South,3000,0,0.40751980574557545,1222.5594172367264,4
1623,Blue One M,East,3000,0,0.0014625594752681595,4.387678425804478,2
1624,Blue One M,Centre,3000,0,0.416720668693648,1250.162006080944,4
1625,Blue One M,East,3000,0,0.46198443086263663,1385.9532925879098,5
1626,Blue One M,North West,3000,1,0.29802876994278305,894.0863098283492,3
1627,Blue One M,West,3000,0,0.0013703997935960923,4.1111993807882765,1
1628,Blue One M,South West,3000,0,0.4009588537986207,1202.876561395862,4
1629,Blue One S,South West,2000,0,0.00016332639978126667,0.32665279956253335,1
1630,Blue One M,West,3000,0,0.0012817950864149703,3.8453852592449107,1
1631,Blue One M,West,3000,0,0.40828224610813124,1224.8467383243938,4
1632,Blue One M,Littoral,3000,1,0.9999989749698259,2999.996924909478,9
1633,Blue One M,North,3000,0,0.001240062798539369,3.720188395618107,1
1634,Blue One M,North,3000,0,0.0012419777223345518,3.7259331670036553,1
1635,Blue One M,North,3000,1,0.999999363401757,2999.998090205271,9
1636,Blue One M,North,3000,0,0.0004718263440774478,1.4154790322323434,1
1637,Blue One M,North,3000,0,0.3992607353973111,1197.7822061919333,4
1638,Blue One M,Adamawa,3000,0,0.0005339006232459526,1.6017018697378578,1
1639,Blue One M,Adamawa,3000,1,0.9999993620697154,2999.998086209146,9
1640,Blue One M,South West,3000,1,0.2517980581187333,755.3941743561999,3
1641,Blue One M,South West,3000,0,0.00046810641881654116,1.4043192564496234,1
1642,Blue One M,Adamawa,3000,0,0.2976105929638922,892.8317788916765,3
1643,Blue One M,West,3000,0,0.3809745007321355,1142.9235021964066,4
1644,Blue One M,Littoral,3000,0,0.42219264699293246,1266.5779409787974,4
1645,Blue One M,Littoral,3000,1,0.3697681809956674,1109.3045429870022,4
1648,Blue One S,South West,2000,0,0.16500498722098675,330.0099744419735,3
1649,Blue One M,North West,3000,0,0.0004366485509250887,1.309945652775266,1
1650,Blue One M,South West,3000,0,0.0003761597160298219,1.1284791480894658,1
1651,Blue One M,Littoral,3000,0,0.26414811888463247,792.4443566538974,3
1652,Blue One M,Adamawa,3000,0,0.000471810863463835,1.415432590391505,1
1653,Blue One M,Adamawa,3000,0,0.0004342598582050403,1.302779574615121,1
1656,Blue One M,Far North,3000,1,0.9999993641228757,2999.998092368627,9
1657,Blue One M,Littoral,3000,0,0.25039052715555005,751.1715814666502,3
1658,Blue One M,North,3000,0,0.0003807768512207377,1.142330553662213,1
1659,Blue One M,Centre,3000,0,0.2742257967367404,822.6773902102212,3
1660,Blue One M,Littoral,3000,0,0.0003799777961483747,1.1399333884451242,1
1661,Blue One S,East,2000,0,0.00017866849160197792,0.35733698320395585,1
1662,Blue One M,Adamawa,3000,0,0.29360641226372985,880.8192367911896,3
1668,Blue One M,Littoral,3000,0,0.264467503394434,793.402510183302,3
1669,Blue One M,North West,3000,1,0.445315475447845,1335.946426343535,4
1670,Blue One M,Adamawa,3000,0,0.0012185976528860203,3.655792958658061,1
1671,Blue One M,South West,3000,0,0.0010506920443870934,3.1520761331612803,1
1673,Blue One M,East,3000,0,0.3882210331916405,1164.6630995749215,4
1674,Blue One M,East,3000,0,0.0014353134424883993,4.305940327465198,2
1675,Blue One M,Littoral,3000,0,0.0012428914794615322,3.7286744383845964,1
1676,Blue One M,Adamawa,3000,0,0.0005498453860198757,1.649536158059627,1
1677,Blue One M,Littoral,3000,0,0.41873318222590217,1256.1995466777064,4
1678,Blue One M,North,3000,1,0.40456541431385484,1213.6962429415646,4
1679,Blue One M,West,3000,1,0.9999989872743877,2999.996961823163,9
1680,Blue One M,East,3000,0,0.33519055941790615,1005.5716782537185,4
1681,Blue One M,East,3000,1,0.35142313193605407,1054.2693958081622,4
1682,Blue One M,East,3000,0,0.0004806022844882438,1.4418068534647313,1
1683,Blue One M,South,3000,1,0.9999994343074279,2999.9983029222835,10
1684,Blue One M,East,3000,0,0.0006026050930797194,1.8078152792391582,1
1685,Blue One M,North,3000,0,0.001225157534039797,3.675472602119391,1
1686,Blue One M,South,3000,1,0.9999994128288306,2999.998238486492,10
1687,Blue One M,Centre,3000,0,0.0013521101656158482,4.056330496847544,1
1688,Blue One M,South West,3000,1,0.9999993772361934,2999.99813170858,9
1689,Blue One M,Centre,3000,1,0.29655815948201025,889.6744784460308,3
1690,Blue One M,North,3000,0,0.29026674715043127,870.8002414512938,3
1691,Blue One M,Centre,3000,1,0.32223848556269596,966.7154566880879,4
1692,Blue One M,North West,3000,0,0.0005589866687036181,1.6769600061108543,1
1693,Blue One M,Centre,3000,0,0.2994243381532096,898.2730144596288,3
1694,Blue One M,Adamawa,3000,0,0.0005423408135231776,1.6270224405695328,1
1695,Blue One M,South,3000,0,0.0010865231725168331,3.2595695175504993,1
1696,Blue One M,West,3000,1,0.4292621601753972,1287.7864805261916,4
1697,Blue One M,West,3000,1,0.9999992246968592,2999.9976740905777,9
1698,Blue One M,North,3000,0,0.46325890198407,1389.77670595221,5
1699,Blue One M,South,3000,0,0.0016162079802519503,4.848623940755851,2
1701,Blue One M,West,3000,1,0.9999991897904102,2999.997569371231,9
1702,Blue One M,West,3000,1,0.9999992627968445,2999.9977883905335,9
1703,Blue One M,North West,3000,1,0.44299084723409266,1328.972541702278,4
1704,Blue One M,Centre,3000,0,0.0015997548726125305,4.799264617837592,2
1705,Blue One M,Adamawa,3000,1,0.9999993349984605,2999.9980049953815,9
1706,Blue One M,South West,3000,1,0.45553903160002535,1366.617094800076,4
1707,Blue One M,Littoral,3000,1,0.9999989798092054,2999.9969394276163,9
1708,Blue One M,Centre,3000,0,0.46923669309511856,1407.7100792853557,5
1709,Blue One M,Far North,3000,0,0.0018660456033851658,5.598136810155498,2
1710,Blue One M,South,3000,0,0.0016968926794969637,5.090678038490891,2
1711,Blue One M,East,3000,0,0.4943043227875458,1482.9129683626375,5
1712,Blue One M,Far North,3000,0,0.4891706011816066,1467.5118035448197,5
1713,Blue One M,Littoral,3000,0,0.46961049465839105,1408.8314839751731,5
1714,Blue One M,North,3000,1,0.41023081799740607,1230.6924539922181,4
1715,Blue One M,North,3000,0,0.0015339715057897743,4.601914517369323,2
1716,Blue One M,Far North,3000,0,0.4873156537177588,1461.9469611532763,5
1717,Blue One M,South West,3000,0,0.0016199606648054745,4.8598819944164235,2
1718,Blue One M,Adamawa,3000,0,0.4451047615954143,1335.314284786243,4
1719,Blue One M,South,3000,1,0.43337624457670765,1300.128733730123,4
1720,Blue One M,Littoral,3000,1,0.9999992789987351,2999.9978369962055,9
1721,Blue One M,Far North,3000,0,0.4903532025289432,1471.0596075868295,5
1722,Blue One M,North,3000,0,0.26677284083842523,800.3185225152757,3
1723,Blue One M,North,3000,1,0.9999993574105911,2999.998072231773,9
1724,Blue One M,Littoral,3000,1,0.29147693288379384,874.4307986513816,3
1725,Blue One M,Centre,3000,1,0.23503128380347563,705.0938514104269,3
1726,Blue One M,West,3000,0,0.25534500446291186,766.0350133887356,3
1727,Blue One M,Littoral,3000,0,0.0004604483282539747,1.3813449847619241,1
1728,Blue One M,North West,3000,0,0.3255516610149781,976.6549830449344,4
1729,Blue One M,East,3000,0,0.000550496221890639,1.6514886656719172,1
1730,Blue One M,North,3000,1,0.30867202328665,926.01606985995,4
1731,Blue One M,Adamawa,3000,0,0.26429571355141906,792.8871406542572,3
1732,Blue One M,North,3000,0,0.0009804548776386755,2.9413646329160263,1
1733,Blue One M,North,3000,0,0.2500464223143181,750.1392669429544,3
1734,Blue One M,North,3000,1,0.41982690317618626,1259.4807095285587,4
1736,Blue One M,Adamawa,3000,0,0.30397234702263093,911.9170410678928,3
1737,Blue One M,Centre,3000,1,0.9999994275684246,2999.998282705274,10
1738,Blue One M,Centre,3000,0,0.29984238599622665,899.52715798868,3
1739,Blue One M,North West,3000,0,0.27956970304394296,838.7091091318289,3
1740,Blue One M,Littoral,3000,1,0.2785981534465522,835.7944603396566,3
1741,Blue One M,Littoral,3000,0,0.00046826422725796074,1.4047926817738823,1
1742,Blue One M,South West,3000,1,0.9999993113490064,2999.9979340470195,9
1743,Blue One M,East,3000,0,0.32511022971115244,975.3306891334573,4
1744,Blue One M,Adamawa,3000,1,0.3353982003644552,1006.1946010933657,4
1745,Blue One M,West,3000,0,0.306663979220729,919.9919376621871,4
1746,Blue One M,South,3000,0,0.001081399013917568,3.244197041752704,1
1747,Blue One M,South,3000,0,0.001255389201491657,3.766167604474971,1
1748,Blue One M,North West,3000,0,0.43881565849868176,1316.4469754960453,4
1749,Blue One M,Centre,3000,0,0.0005142897255951951,1.542869176785585,1
1750,Blue One M,West,3000,0,0.3073317308792167,921.9951926376501,4
1751,Blue One M,North,3000,0,0.00048525180959522226,1.4557554287856669,1
1752,Blue One M,Adamawa,3000,0,0.26551810474742094,796.5543142422628,3
1753,Blue One M,South,3000,0,0.3059085793119636,917.7257379358907,4
1754,Blue One M,East,3000,0,0.0013459794881363993,4.037938464409198,1
1755,Blue One M,South West,3000,0,0.001217323227837341,3.651969683512023,1
1756,Blue One M,Adamawa,3000,1,0.4305139058573602,1291.5417175720806,4
1757,Blue One M,North,3000,0,0.25291631557031485,758.7489467109446,3
1758,Blue One M,Littoral,3000,0,0.2892184843459382,867.6554530378147,3
1759,Blue One M,East,3000,0,0.0004880297615593812,1.4640892846781437,1
1760,Blue One M,Centre,3000,0,0.277050671131965,831.1520133958951,3
1761,Blue One M,North,3000,0,0.2541135004762412,762.3405014287237,3
1762,Blue One M,Far North,3000,0,0.2938179829742049,881.4539489226147,3
1763,Blue One M,North,3000,0,0.0004078953491136754,1.2236860473410263,1
1764,Blue One M,East,3000,0,0.0005867645630857021,1.7602936892571064,1
1765,Blue One M,Far North,3000,0,0.29090099804861613,872.7029941458484,3
1766,Blue One M,South,3000,1,0.2716624293848561,814.9872881545682,3
1767,Blue One M,Adamawa,3000,0,0.00047404788792345076,1.4221436637703522,1
1768,Blue One M,West,3000,1,0.247296410266577,741.889230799731,3
1769,Blue One M,Far North,3000,0,0.0005766478494315574,1.7299435482946723,1
1770,Blue One M,South,3000,0,0.2740743628223543,822.2230884670629,3
1771,Blue One M,Littoral,3000,1,0.30447601342759245,913.4280402827774,4
1772,Blue One M,South West,3000,1,0.3080773354398724,924.2320063196173,4
1773,Blue One M,East,3000,1,0.2696751513803067,809.02545414092,3
1774,Blue One M,Littoral,3000,0,0.00037805238339324183,1.1341571501797254,1
1775,Blue One M,South West,3000,0,0.261120853408625,783.362560225875,3
1776,Blue One M,West,3000,0,0.0004241606058011819,1.2724818174035457,1
1807,Blue One M,South,3000,0,0.0004108285256813437,1.232485577044031,1
1809,Blue One M,North,3000,0,0.0003807768512207377,1.142330553662213,1
1810,Blue One M,West,3000,0,0.00038913966612702885,1.1674189983810865,1
1814,Blue One M,South West,3000,0,0.26042960941605603,781.2888282481681,3
1828,Blue One M,Adamawa,3000,0,0.00046248260965475973,1.387447828964279,1
1829,Blue One M,South,3000,0,0.0003861017276660412,1.1583051829981237,1
1835,Blue One M,Adamawa,3000,0,0.292615767848932,877.8473035467961,3
1836,Blue One M,Centre,3000,0,0.22970847612636386,689.1254283790915,3
1837,Blue One M,South,3000,0,0.21815695588434933,654.470867653048,3
1838,Blue One M,South West,3000,0,0.26409205785131995,792.2761735539599,3
1840,Blue One M,South West,3000,0,0.0032202837660629097,9.66085129818873,3
1841,Blue One M,North West,3000,1,0.9999992992747054,2999.997897824116,9
1842,Blue One M,West,3000,1,0.5720861556027044,1716.258466808113,7
1843,Blue One M,Adamawa,3000,0,0.5942792047052866,1782.8376141158599,7
1844,Blue One M,Adamawa,3000,0,0.0037691595311069373,11.307478593320813,3
1845,Blue One M,Centre,3000,0,0.00288362887354754,8.65088662064262,3
1846,Blue One M,West,3000,1,0.99999875176799,2999.99625530397,8
1847,Blue One M,South West,3000,1,0.9999986798008761,2999.9960394026284,8
1848,Blue One M,East,3000,1,0.9999989147628068,2999.9967442884204,8
1849,Blue One M,East,3000,0,0.5621726604791728,1686.5179814375183,7
1850,Blue One M,Littoral,3000,1,0.47902569837796927,1437.0770951339077,5
1851,Blue One M,Centre,3000,0,0.48133049615184686,1443.9914884555405,5
1852,Blue One M,South West,3000,1,0.9999989746241054,2999.996923872316,9
1853,Blue One M,Far North,3000,0,0.0019156873577593876,5.747062073278163,2
1854,Blue One M,West,3000,1,0.48633334541068524,1459.0000362320557,5
1855,Blue One M,South West,3000,1,0.9999991683529399,2999.9975050588196,9
1856,Blue One M,Far North,3000,1,0.5403656634834141,1621.0969904502422,6
1857,Blue One M,West,3000,1,0.4373483836118927,1312.0451508356782,4
1858,Blue One M,South West,3000,1,0.4598176972979689,1379.4530918939067,4
1859,Blue One M,South,3000,0,0.47051153646015165,1411.5346093804549,5
1860,Blue One M,North,3000,0,0.49887141906618976,1496.6142571985692,5
1861,Blue One M,Far North,3000,1,0.5313704826508298,1594.1114479524892,6
1862,Blue One M,Adamawa,3000,1,0.5347252727113746,1604.1758181341238,6
1863,Blue One M,Centre,3000,0,0.5109530408604742,1532.8591225814228,5
1864,Blue One M,North,3000,0,0.5023963007431109,1507.1889022293328,5
1865,Blue One M,Adamawa,3000,1,0.9999988438953643,2999.996531686093,8
1866,Blue One M,Centre,3000,1,0.9999988419594698,2999.996525878409,8
1867,Blue One M,West,3000,1,0.9999987253778324,2999.996176133497,8
1868,Blue One M,South West,3000,1,0.4551316810752629,1365.3950432257886,4
1869,Blue One M,West,3000,0,0.002815831165081133,8.4474934952434,3
1870,Blue One M,Centre,3000,0,0.5302035938084464,1590.6107814253392,6
1871,Blue One M,North,3000,0,0.0027426212234689935,8.22786367040698,3
1872,Blue One M,Far North,3000,1,0.9999988369316055,2999.9965107948165,8
1873,Blue One M,West,3000,1,0.9999988182415157,2999.996454724547,8
1874,Blue One M,South,3000,1,0.5127295551894564,1538.1886655683693,5
1875,Blue One M,Far North,3000,0,0.5539243248196282,1661.7729744588844,6
1876,Blue One M,East,3000,0,0.5616942863524277,1685.082859057283,6
1877,Blue One M,Centre,3000,1,0.9999987237221994,2999.9961711665983,8
1878,Blue One M,North West,3000,1,0.5346279833713662,1603.8839501140985,6
1879,Blue One M,North,3000,0,0.49875963086325126,1496.2788925897537,5
1880,Blue One M,Far North,3000,0,0.5341232440583822,1602.3697321751465,6
1881,Blue One M,South,3000,0,0.5044748933540343,1513.4246800621029,5
1882,Blue One M,North West,3000,0,0.0018456713009651863,5.537013902895559,2
1883,Blue One M,North,3000,1,0.999999182279779,2999.9975468393372,9
1884,Blue One M,West,3000,0,0.46836930921777475,1405.1079276533242,5
1885,Blue One M,East,3000,0,0.5056875954281238,1517.0627862843714,5
1886,Blue One M,North West,3000,0,0.001961442695767272,5.884328087301816,2
1887,Blue One M,North West,3000,1,0.5173867969676642,1552.1603909029927,5
1889,Blue One M,Adamawa,3000,0,0.45657752364328225,1369.7325709298468,4
1890,Blue One M,Littoral,3000,0,0.45378193110016735,1361.345793300502,4
1891,Blue One M,South West,3000,0,0.4734492127655958,1420.3476382967874,5
1892,Blue One M,Adamawa,3000,0,0.454637372874716,1363.912118624148,4
1893,Blue One M,Far North,3000,0,0.0017042751508527442,5.112825452558233,2
1894,Blue One M,North West,3000,0,0.5115128729306323,1534.5386187918969,5
1895,Blue One M,North West,3000,0,0.0017396157034011385,5.2188471102034155,2
1896,Blue One M,East,3000,0,0.002932060043710613,8.79618013113184,3
1897,Blue One M,Littoral,3000,0,0.0004425612085483635,1.3276836256450903,1
1898,Blue One M,East,3000,1,0.5585890214547564,1675.7670643642693,6
1899,Blue One M,Littoral,3000,1,0.999999162104668,2999.997486314004,9
1900,Blue One M,East,3000,1,0.3268503516801867,980.5510550405602,4
1901,Blue One M,West,3000,1,0.9999987398976729,2999.9962196930187,8
1902,Blue One M,South,3000,1,0.5264882414217598,1579.4647242652793,6
1903,Blue One M,East,3000,0,0.0031403072435192696,9.420921730557808,3
1904,Blue One M,South West,3000,0,0.5160477716023573,1548.1433148070719,5
1905,Blue One M,South,3000,1,0.529517773126618,1588.553319379854,6
1906,Blue One M,North,3000,0,0.5199901547923484,1559.9704643770453,6
1907,Blue One M,North West,3000,1,0.9999988539375232,2999.99656181257,8
1908,Blue One M,North,3000,0,0.4573928456374069,1372.1785369122206,4
1909,Blue One M,East,3000,0,0.5053321995135633,1515.99659854069,5
1910,Blue One M,North,3000,0,0.0015502348085931158,4.650704425779347,2
1911,Blue One M,East,3000,1,0.44890674625116256,1346.7202387534876,4
1912,Blue One M,Far North,3000,1,0.9999985584088534,2999.9956752265603,8
1913,Blue One M,North West,3000,1,0.5116246019155817,1534.8738057467451,5
1914,Blue One M,Far North,3000,0,0.003048059884536058,9.144179653608175,3
1915,Blue One M,South West,3000,0,0.0003282089940873436,0.9846269822620308,1
1916,Blue One M,West,3000,0,0.5112652105821536,1533.7956317464607,5
1917,Blue One M,North,3000,1,0.28930281651409145,867.9084495422744,3
1918,Blue One M,East,3000,0,0.562184667815761,1686.554003447283,7
1919,Blue One M,South,3000,1,0.9999988319769146,2999.996495930744,8
1920,Blue One M,West,3000,1,0.9999988181838637,2999.9964545515913,8
1921,Blue One M,North,3000,0,0.5030691583583413,1509.207475075024,5
1922,Blue One M,North West,3000,0,0.5411662804857359,1623.4988414572076,6
1923,Blue One M,North West,3000,0,0.5021433000745191,1506.4299002235573,5
1925,Blue One M,South,3000,0,0.0027839288117916775,8.351786435375033,3
1926,Blue One M,South,3000,0,0.528350792748866,1585.052378246598,6
1927,Blue One M,Adamawa,3000,0,0.002878414439418881,8.635243318256643,3
1928,Blue One M,South,3000,0,0.0025397583230144763,7.6192749690434285,2
1929,Blue One M,North,3000,0,0.0015821744638548781,4.746523391564635,2
1930,Blue One M,East,3000,1,0.9999993438106123,2999.998031431837,9
1931,Blue One M,Far North,3000,0,0.0004704301574922565,1.4112904724767696,1
1932,Blue One M,East,3000,1,0.9999988836699739,2999.9966510099216,8
1933,Blue One M,West,3000,0,0.001622679132851972,4.8680373985559156,2
1934,Blue One M,West,3000,0,0.4526316490534472,1357.8949471603416,4
1935,Blue One M,South,3000,1,0.999998785635689,2999.996356907067,8
1936,Blue One M,South,3000,1,0.9999988041263425,2999.9964123790273,8
1937,Blue One M,South West,3000,1,0.4573790212504348,1372.1370637513044,4
1938,Blue One M,Littoral,3000,0,0.002127007138623494,6.381021415870482,2
1939,Blue One M,South,3000,1,0.5049850677759617,1514.9552033278853,5
1940,Blue One M,Far North,3000,1,0.9999988369883429,2999.996510965029,8
1941,Blue One M,Adamawa,3000,1,0.9999988398555398,2999.9965195666196,8
1942,Blue One M,South,3000,1,0.4832871305128521,1449.8613915385563,5
1943,Blue One M,Littoral,3000,0,0.0012962924636084438,3.8888773908253316,1
1944,Blue One M,North West,3000,1,0.9999992479575903,2999.997743872771,9
1945,Blue One M,West,3000,0,0.002556897063457951,7.670691190373853,2
1946,Blue One M,North West,3000,1,0.9999987695164076,2999.996308549223,8
1947,Blue One M,East,3000,0,0.44453562071723135,1333.606862151694,4
1948,Blue One M,Littoral,3000,1,0.5684790147813982,1705.4370443441944,7
1949,Blue One M,East,3000,0,0.5879853271261648,1763.9559813784945,7
1950,Blue One M,Adamawa,3000,1,0.5768052740040953,1730.4158220122858,7
1951,Blue One M,Adamawa,3000,0,0.0034334177884566834,10.30025336537005,3
1952,Blue One M,Adamawa,3000,0,0.0028931780166713294,8.679534050013988,3
1953,Blue One M,North West,3000,1,0.5644076325429679,1693.2228976289036,7
1954,Blue One M,West,3000,1,0.4553486740998295,1366.0460222994884,4
1955,Blue One M,North,3000,0,0.520785692294823,1562.3570768844688,6
1956,Blue One M,North West,3000,1,0.5440097128359455,1632.0291385078365,6
1957,Blue One M,North West,3000,0,0.5636358307724284,1690.9074923172852,7
1958,Blue One M,South West,3000,1,0.9999987343160562,2999.9962029481685,8
1959,Blue One M,South,3000,1,0.5233573834784329,1570.0721504352987,6
1960,Blue One M,South,3000,0,0.0025597764160042768,7.67932924801283,2
1961,Blue One M,East,3000,1,0.5544328492400039,1663.2985477200118,6
1962,Blue One M,East,3000,1,0.9999989546913151,2999.9968640739453,9
1963,Blue One M,South West,3000,1,0.4743188969957842,1422.9566909873527,5
1964,Blue One M,Littoral,3000,0,0.513792287072578,1541.376861217734,5
1965,Blue One M,Far North,3000,1,0.9999988319368941,2999.996495810682,8
1966,Blue One M,Far North,3000,1,0.9999993164040425,2999.9979492121274,9
1967,Blue One M,Far North,3000,0,0.5279572434181129,1583.8717302543387,6
1968,Blue One M,South West,3000,1,0.9999989781946426,2999.9969345839277,9
1969,Blue One M,North,3000,0,0.49376530913541067,1481.295927406232,5
1970,Blue One M,West,3000,1,0.5230880703464924,1569.2642110394772,6
1971,Blue One M,South,3000,1,0.9999986784741566,2999.9960354224695,8
1972,Blue One M,Adamawa,3000,1,0.9999987451154866,2999.99623534646,8
1973,Blue One M,North,3000,1,0.50191048155391,1505.7314446617302,5
1974,Blue One M,Adamawa,3000,0,0.0028661414210804557,8.598424263241366,3
1975,Blue One M,South,3000,0,0.002801546599056327,8.404639797168981,3
1976,Blue One M,West,3000,1,0.512845819091283,1538.537457273849,5
1977,Blue One M,Adamawa,3000,0,0.0034861509571638073,10.458452871491422,3
1978,Blue One M,North,3000,1,0.9999988999759392,2999.9966999278176,8
1979,Blue One M,South,3000,0,0.5697750739531011,1709.3252218593034,7
1980,Blue One M,North West,3000,1,0.584654914234324,1753.964742702972,7
1981,Blue One M,South West,3000,1,0.5413891052694766,1624.1673158084297,6
1982,Blue One M,West,3000,1,0.9999989499485268,2999.9968498455805,9
1983,Blue One M,East,3000,0,0.0035177487362484912,10.553246208745474,3
1984,Blue One M,Littoral,3000,1,0.999998750589316,2999.996251767948,8
1985,Blue One M,Centre,3000,0,0.5067200211450531,1520.1600634351594,5
1986,Blue One M,South,3000,0,0.5099785502234063,1529.935650670219,5
1987,Blue One M,North,3000,0,0.002631782352762294,7.895347058286881,2
1988,Blue One M,South,3000,1,0.9999989947952129,2999.996984385639,9
1989,Blue One M,South West,3000,0,0.5032685307124579,1509.8055921373737,5
1990,Blue One M,South West,3000,0,0.0022042152913851944,6.612645874155583,2
1991,Blue One M,West,3000,0,0.0028214303217625344,8.464290965287603,3
1992,Blue One M,Littoral,3000,0,0.002744502488240974,8.233507464722921,3
1993,Blue One M,South,3000,1,0.9999988026959974,2999.996408087992,8
1994,Blue One M,Far North,3000,1,0.9999989368171788,2999.9968104515365,9
1995,Blue One M,North West,3000,0,0.00321883879342167,9.656516380265009,3
1996,Blue One M,West,3000,1,0.5136299355529425,1540.8898066588274,5
1997,Blue One M,East,3000,1,0.5589819452398097,1676.9458357194292,6
1998,Blue One M,Adamawa,3000,0,0.5347252727113746,1604.1758181341238,6
1999,Blue One M,North,3000,0,0.0026590285648968323,7.977085694690497,3
2000,Blue One M,Adamawa,3000,1,0.535902468475409,1607.707405426227,6
2001,Blue One M,Adamawa,3000,0,0.0030127722132612966,9.03831663978389,3
2002,Blue One M,South,3000,0,0.002504289043494037,7.512867130482111,2
2003,Blue One M,Littoral,3000,1,0.9999989122820175,2999.9967368460525,8
2004,Blue One M,Adamawa,3000,0,0.582062177753065,1746.1865332591951,7
2005,Blue One M,South,3000,0,0.0030955241668838927,9.286572500651678,3
2006,Blue One M,Far North,3000,0,0.0035105411168904386,10.531623350671316,3
2007,Blue One M,North West,3000,0,0.6065431751430461,1819.6295254291383,8
2008,Blue One M,East,3000,1,0.6049326848474244,1814.7980545422731,8
2009,Blue One M,East,3000,0,0.6020237877613547,1806.071363284064,8
2010,Blue One M,South West,3000,0,0.5413891052694766,1624.1673158084297,6
2011,Blue One M,North West,3000,0,0.0036169788755842955,10.850936626752887,3
2012,Blue One M,West,3000,0,0.5582587173286035,1674.7761519858107,6
2013,Blue One M,North West,3000,1,0.9999991378045945,2999.9974134137833,9
2014,Blue One M,Adamawa,3000,1,0.5988233535242856,1796.470060572857,7
2015,Blue One M,South West,3000,0,0.5475300197968902,1642.5900593906706,6
2016,Blue One M,Far North,3000,1,0.5959650016646477,1787.895004993943,7
2017,Blue One M,North West,3000,1,0.9999990631229283,2999.997189368785,9
2018,Blue One M,North West,3000,1,0.6071969513007293,1821.5908539021877,8
2019,Blue One M,East,3000,0,0.5328257624494871,1598.4772873484612,6
2020,Blue One M,North,3000,1,0.9999989666714533,2999.9969000143597,9
2021,Blue One M,North,3000,1,0.9999989200676017,2999.996760202805,8
2022,Blue One M,Littoral,3000,0,0.5449955733000217,1634.986719900065,6
2023,Blue One M,Far North,3000,1,0.5830003380213421,1749.0010140640263,7
2024,Blue One M,Centre,3000,1,0.9999990368707826,2999.997110612348,9
2025,Blue One M,Adamawa,3000,1,0.5851249578453663,1755.374873536099,7
2026,Blue One M,East,3000,1,0.5637291191298416,1691.1873573895248,7
2027,Blue One M,South,3000,0,0.0031248697348365876,9.374609204509763,3
2028,Blue One M,North West,3000,1,0.9999991306027634,2999.99739180829,9
2029,Blue One M,Littoral,3000,1,0.9999989657851467,2999.99689735544,9
2030,Blue One M,North,3000,1,0.9999989200676017,2999.996760202805,8
2031,Blue One M,East,3000,0,0.6086885978368004,1826.0657935104011,8
2032,Blue One M,East,3000,1,0.6027755431453693,1808.3266294361079,8
2033,Blue One M,South West,3000,1,0.9999989067537122,2999.9967202611365,8
2034,Blue One M,North,3000,0,0.003020966382159598,9.062899146478795,3
2035,Blue One M,South,3000,0,0.5705442907202833,1711.63287216085,7
2036,Blue One M,South West,3000,1,0.9999987272153981,2999.996181646194,8
2037,Blue One M,Littoral,3000,0,0.5635595098274414,1690.6785294823242,7
2038,Blue One M,East,3000,1,0.9999991268525535,2999.9973805576606,9
2039,Blue One M,Adamawa,3000,1,0.9999988614433797,2999.996584330139,8
2040,Blue One M,East,3000,1,0.9999988940780433,2999.99668223413,8
2041,Blue One M,North West,3000,0,0.0030018199401851305,9.00545982055539,3
2042,Blue One M,Adamawa,3000,0,0.5394073639219896,1618.2220917659688,6
2043,Blue One M,West,3000,1,0.5304033922789327,1591.2101768367982,6
2044,Blue One M,Littoral,3000,1,0.5243755461515754,1573.1266384547264,6
2045,Blue One M,West,3000,1,0.9999988200082884,2999.9964600248654,8
2046,Blue One M,South,3000,1,0.5077126605079084,1523.1379815237253,5
2047,Blue One M,West,3000,1,0.999998808845026,2999.996426535078,8
2048,Blue One M,North,3000,0,0.002047433539167026,6.142300617501078,2
2049,Blue One M,Centre,3000,0,0.512111130015985,1536.333390047955,5
2050,Blue One M,West,3000,0,0.002843800526294147,8.531401578882441,3
2051,Blue One M,West,3000,0,0.4289812777770375,1286.9438333311125,4
2052,Blue One M,South West,3000,0,0.4236185564008605,1270.8556692025816,4
2053,Blue One M,North West,3000,0,0.5181826512104517,1554.547953631355,5
2054,Blue One M,Centre,3000,0,0.001711495236592574,5.134485709777722,2
2055,Blue One M,East,3000,1,0.9999993123341667,2999.9979370025003,9
2056,Blue One M,North,3000,1,0.41023081799740607,1230.6924539922181,4
2057,Blue One M,South West,3000,0,0.0011433044408470944,3.4299133225412834,1
2058,Blue One M,South,3000,1,0.9999991626086402,2999.9974878259204,9
2059,Blue One M,Adamawa,3000,0,0.0028248670503431402,8.47460115102942,3
2060,Blue One M,Adamawa,3000,0,0.4922280222016808,1476.6840666050425,5
2061,Blue One M,North West,3000,1,0.49282739838748074,1478.4821951624422,5
2062,Blue One M,East,3000,1,0.49507670623159117,1485.2301186947734,5
2063,Blue One M,East,3000,0,0.0019645276619366767,5.89358298581003,2
2064,Blue One M,South,3000,1,0.5233695527934789,1570.1086583804365,6
2065,Blue One M,North West,3000,1,0.999999355037536,2999.998065112608,9
2066,Blue One M,Far North,3000,0,0.0019036297444634666,5.710889233390399,2
2067,Blue One M,Centre,3000,0,0.5278575338003191,1583.5726014009572,6
2068,Blue One M,Far North,3000,1,0.9999992838633408,2999.9978515900225,9
2069,Blue One M,West,3000,1,0.4886980617156541,1466.0941851469622,5
2070,Blue One M,Centre,3000,0,0.5207880304366789,1562.3640913100367,6
2071,Blue One M,South,3000,1,0.4857194611517374,1457.1583834552123,5
2072,Blue One M,East,3000,1,0.539614570427284,1618.843711281852,6
2073,Blue One M,Littoral,3000,0,0.4586495972108026,1375.9487916324078,4
2074,Blue One M,Littoral,3000,0,0.2905005734887258,871.5017204661775,3
2075,Blue One M,Far North,3000,1,0.5508201043119185,1652.4603129357556,6
2076,Blue One M,Littoral,3000,1,0.9999987565487026,2999.996269646108,8
2077,Blue One M,North West,3000,1,0.5377744500814406,1613.323350244322,6
2078,Blue One M,North West,3000,0,0.3337974218782927,1001.3922656348781,4
2079,Blue One M,East,3000,0,0.33344971372881965,1000.349141186459,4
2080,Blue One M,Adamawa,3000,1,0.5047375160056736,1514.212548017021,5
2081,Blue One M,Adamawa,3000,0,0.0018736268393650109,5.620880518095032,2
2082,Blue One M,Far North,3000,1,0.9999993195982497,2999.997958794749,9
2083,Blue One M,Adamawa,3000,0,0.0030222145328171034,9.06664359845131,3
2084,Blue One M,Littoral,3000,1,0.4747132098267376,1424.1396294802128,5
2085,Blue One M,Far North,3000,0,0.4856479490176226,1456.9438470528678,5
2086,Blue One M,South West,3000,0,0.43614706709233786,1308.4412012770135,4
2088,Blue One M,South West,3000,0,0.00240299162282168,7.208974868465039,2
2089,Blue One M,Littoral,3000,0,0.4755952856753949,1426.7858570261847,5
2090,Blue One M,Littoral,3000,1,0.999999237264825,2999.997711794475,9
2091,Blue One M,Far North,3000,0,0.5088398404637509,1526.5195213912525,5
2092,Blue One M,North West,3000,0,0.4971487017624574,1491.4461052873721,5
2093,Blue One M,Littoral,3000,1,0.5131198967000709,1539.3596901002127,5
2094,Blue One M,North West,3000,0,0.0015021095403362273,4.506328621008682,2
2095,Blue One M,Centre,3000,1,0.5250013244079111,1575.0039732237335,6
2096,Blue One M,North,3000,0,0.4995564910261133,1498.66947307834,5
2097,Blue One M,North,3000,0,0.0014066613858591624,4.219984157577487,1
2098,Blue One M,Adamawa,3000,0,0.44082722032933574,1322.4816609880072,4
2099,Blue One M,Centre,3000,1,0.49141153493627004,1474.2346048088102,5
2100,Blue One M,East,3000,1,0.9999990638911459,2999.9971916734376,9
2101,Blue One M,Far North,3000,0,0.0019096955443597067,5.72908663307912,2
2102,Blue One M,North West,3000,1,0.9999993006351107,2999.997901905332,9
2103,Blue One M,Littoral,3000,0,0.0004675416829905841,1.4026250489717522,1
2104,Blue One M,West,3000,0,0.0016194550464129912,4.858365139238973,2
2105,Blue One M,Far North,3000,1,0.4723248754125797,1416.9746262377391,5
2106,Blue One M,North,3000,0,0.0012735796036132997,3.820738810839899,1
2107,Blue One M,East,3000,0,0.448413972796948,1345.241918390844,4
2108,Blue One M,North,3000,1,0.40351007394964095,1210.5302218489228,4
2109,Blue One M,North West,3000,1,0.44452828247710624,1333.5848474313186,4
2110,Blue One M,North,3000,0,0.0015381743303908688,4.614522991172606,2
2111,Blue One M,Centre,3000,0,0.0016455136406795976,4.936540922038793,2
2112,Blue One M,West,3000,0,0.001632151786609022,4.8964553598270655,2
2113,Blue One M,South,3000,1,0.4701145097623414,1410.3435292870242,5
2114,Blue One M,South West,3000,0,0.4501818605870533,1350.5455817611598,4
2115,Blue One M,South West,3000,1,0.9999986626543201,2999.9959879629605,8
2116,Blue One M,Adamawa,3000,0,0.5078756729463957,1523.627018839187,5
2117,Blue One M,Littoral,3000,0,0.0015585708132013437,4.675712439604031,2
2118,Blue One M,East,3000,0,0.0015955959243279766,4.78678777298393,2
2119,Blue One M,North,3000,0,0.45926682671857516,1377.8004801557254,4
2120,Blue One M,Far North,3000,1,0.999999293642839,2999.997880928517,9
2121,Blue One M,East,3000,0,0.00198623287606963,5.95869862820889,2
2122,Blue One M,West,3000,1,0.9999987957757941,2999.9963873273823,8
2123,Blue One M,South West,3000,0,0.0026423066920473535,7.926920076142061,2
2124,Blue One M,North,3000,0,0.00037956553611813963,1.138696608354419,1
2125,Blue One M,North West,3000,0,0.5116124125571396,1534.837237671419,5
2126,Blue One M,Adamawa,3000,0,0.5309180278184804,1592.7540834554413,6
2127,Blue One M,West,3000,0,0.4166725236954726,1250.0175710864178,4
2128,Blue One M,West,3000,1,0.9999988177706435,2999.9964533119305,8
2129,Blue One M,South,3000,0,0.001744816074146327,5.2344482224389814,2
2130,Blue One M,East,3000,0,0.4669254058685764,1400.7762176057292,5
2131,Blue One M,South West,3000,0,0.5075209778654708,1522.5629335964124,5
2132,Blue One M,South,3000,0,0.0027064669172068992,8.119400751620697,3
2133,Blue One M,Far North,3000,1,0.9999988959559883,2999.996687867965,8
2134,Blue One M,South,3000,1,0.464544269236285,1393.632807708855,5
2135,Blue One M,West,3000,1,0.9999992102341575,2999.9976307024726,9
2136,Blue One M,North West,3000,1,0.4618375414409647,1385.5126243228942,5
2137,Blue One M,Littoral,3000,0,0.4583426169151615,1375.0278507454846,4
2138,Blue One M,Adamawa,3000,1,0.9999992886835457,2999.997866050637,9
2139,Blue One M,South West,3000,1,0.5141061683820839,1542.3185051462517,5
2140,Blue One M,South West,3000,0,0.0024066980316140517,7.220094094842155,2
2141,Blue One M,South,3000,0,0.4673849855978049,1402.1549567934146,5
2142,Blue One M,South West,3000,1,0.476977603406927,1430.932810220781,5
2143,Blue One M,Centre,3000,1,0.48669363698204776,1460.0809109461434,5
2144,Blue One M,Adamawa,3000,0,0.001760226891036542,5.280680673109626,2
2145,Blue One M,South West,3000,0,0.0012389563337476817,3.7168690012430448,1
2146,Blue One M,South,3000,1,0.9999992667769826,2999.997800330948,9
2147,Blue One M,Far North,3000,0,0.0017331678292893432,5.1995034878680295,2
2148,Blue One M,South West,3000,1,0.46924093375596065,1407.722801267882,5
2149,Blue One M,East,3000,0,0.4649667716631452,1394.9003149894356,5
2150,Blue One M,South,3000,0,0.0016143589366884043,4.843076810065213,2
2151,Blue One M,South,3000,0,0.002703505453756358,8.110516361269074,3
2152,Blue One M,North,3000,0,0.000506030223652244,1.518090670956732,1
2153,Blue One M,Far North,3000,1,0.5126739824825788,1538.0219474477362,5
2154,Blue One M,North,3000,0,0.45934696659922075,1378.0408997976622,4
2155,Blue One M,Far North,3000,0,0.5118776003934676,1535.6328011804028,5
2156,Blue One M,Adamawa,3000,0,0.5074895287999479,1522.4685863998436,5
2157,Blue One M,East,3000,0,0.5147563109167071,1544.2689327501214,5
2158,Blue One M,East,3000,0,0.0018083876048899882,5.425162814669965,2
2159,Blue One M,South,3000,1,0.44557630497317346,1336.7289149195203,4
2160,Blue One M,North,3000,1,0.43877020704304937,1316.310621129148,4
2161,Blue One M,North West,3000,1,0.9999993500043923,2999.998050013177,9
2162,Blue One M,North,3000,0,0.0015076477422468928,4.522943226740678,2
2163,Blue One M,North West,3000,1,0.9999990557656878,2999.9971672970632,9
2164,Blue One M,Far North,3000,1,0.9999990357675075,2999.9971073025226,9
2165,Blue One M,Centre,3000,1,0.5233078330361134,1569.9234991083401,6
2166,Blue One M,Far North,3000,1,0.5789007401562084,1736.7022204686252,7
2167,Blue One M,South West,3000,0,0.2939136635063867,881.74099051916,3
2168,Blue One M,Far North,3000,0,0.003516120727547726,10.548362182643178,3
2169,Blue One M,North,3000,1,0.9999989666714533,2999.9969000143597,9
2170,Blue One M,South,3000,0,0.5131155325288982,1539.3465975866945,5
2171,Blue One M,West,3000,0,0.003394517770381962,10.183553311145886,3
2172,Blue One M,North,3000,1,0.9999989715500109,2999.996914650033,9
2173,Blue One M,Centre,3000,1,0.999999018513411,2999.997055540233,9
2174,Blue One M,West,3000,1,0.999998935410594,2999.996806231782,9
2175,Blue One M,Adamawa,3000,1,0.5828373719893771,1748.5121159681314,7
2176,Blue One M,South West,3000,1,0.5169310691814762,1550.7932075444287,5
2177,Blue One M,South West,3000,1,0.9999989572610941,2999.996871783282,9
2178,Blue One M,North West,3000,0,0.5838925387583873,1751.6776162751619,7
2179,Blue One M,West,3000,0,0.0025029682703864397,7.5089048111593195,2
2180,Blue One M,West,3000,1,0.999998848865822,2999.996546597466,8
2181,Blue One M,Adamawa,3000,0,0.0034861509571638073,10.458452871491422,3
2182,Blue One M,South,3000,1,0.5021210001734466,1506.36300052034,5
2183,Blue One M,Far North,3000,0,0.0013374145149857512,4.012243544957253,1
2184,Blue One M,North,3000,0,0.0013413803656172898,4.024141096851869,1
2185,Blue One M,Far North,3000,0,0.49545856135052896,1486.3756840515869,5
2186,Blue One M,West,3000,0,0.0016271246053999888,4.881373816199966,2
2187,Blue One M,West,3000,0,0.48437945663096904,1453.1383698929071,5
2188,Blue One M,North,3000,0,0.00246320134677621,7.3896040403286305,2
2189,Blue One M,Far North,3000,0,0.555856322810179,1667.568968430537,6
2190,Blue One M,East,3000,0,0.5586872445684847,1676.0617337054541,6
2191,Blue One M,North,3000,1,0.9999987712176077,2999.996313652823,8
2192,Blue One M,West,3000,0,0.0028081471581828023,8.424441474548408,3
2193,Blue One M,Littoral,3000,1,0.9999986844459484,2999.9960533378453,8
2194,Blue One M,Far North,3000,1,0.5283422545260329,1585.0267635780988,6
2195,Blue One M,Centre,3000,0,0.5277460905946088,1583.2382717838263,6
2196,Blue One M,Adamawa,3000,1,0.5370550064539563,1611.1650193618689,6
2197,Blue One M,North,3000,1,0.4429711636766041,1328.9134910298123,4
2198,Blue One M,North,3000,0,0.49610686864630443,1488.3206059389133,5
2199,Blue One M,Centre,3000,1,0.5094839153774329,1528.4517461322987,5
2200,Blue One M,Littoral,3000,0,0.5174375987818471,1552.3127963455415,5
2201,Blue One M,South,3000,0,0.0026112964782313538,7.833889434694061,2
2202,Blue One M,East,3000,0,0.560136232596095,1680.408697788285,6
2203,Blue One M,East,3000,0,0.5389337235672469,1616.8011707017406,6
2204,Blue One M,South,3000,1,0.5049728730415689,1514.9186191247068,5
2205,Blue One M,Adamawa,3000,0,0.003050570509210532,9.151711527631596,3
2206,Blue One M,South,3000,0,0.3640275529214806,1092.0826587644417,4
2207,Blue One M,West,3000,0,0.5023369287661521,1507.0107862984562,5
2208,Blue One M,South West,3000,0,0.4823684226057105,1447.1052678171316,5
2209,Blue One M,North,3000,0,0.0025127825603697743,7.538347681109323,2
2210,Blue One M,Far North,3000,1,0.5403656634834141,1621.0969904502422,6
2211,Blue One M,Far North,3000,1,0.5295213906628589,1588.5641719885766,6
2212,Blue One M,West,3000,1,0.5105926543456345,1531.7779630369034,5
2213,Blue One M,Adamawa,3000,0,0.49105744785944583,1473.1723435783374,5
2214,Blue One M,North,3000,0,0.0015484611254235176,4.645383376270553,2
2215,Blue One M,South,3000,1,0.9999991910264422,2999.9975730793267,9
2216,Blue One M,North West,3000,0,0.5593794942126347,1678.138482637904,6
2217,Blue One M,North,3000,0,0.0026548054207031608,7.9644162621094825,3
2218,Blue One M,Far North,3000,1,0.9999988185928697,2999.996455778609,8
2219,Blue One M,South West,3000,0,0.49608267282604457,1488.2480184781336,5
2220,Blue One M,North,3000,1,0.9999986329457692,2999.995898837308,8
2221,Blue One M,North West,3000,0,0.0029090528876730038,8.727158663019011,3
2222,Blue One M,Centre,3000,0,0.5079028655551183,1523.708596665355,5
2223,Blue One M,Littoral,3000,0,0.4642104331629891,1392.6312994889672,5
2224,Blue One M,Centre,3000,0,0.46599988260712977,1397.9996478213893,5
2225,Blue One M,Far North,3000,1,0.5275600401763296,1582.680120528989,6
2226,Blue One M,South West,3000,1,0.999998747675652,2999.996243026956,8
2227,Blue One M,Littoral,3000,1,0.49549414232080563,1486.4824269624169,5
2228,Blue One M,South West,3000,1,0.5126252920659579,1537.8758761978736,5
2229,Blue One M,Littoral,3000,1,0.513107709145756,1539.3231274372679,5
2230,Blue One M,West,3000,0,0.0024083134609657075,7.224940382897122,2
2231,Blue One M,North West,3000,0,0.457163990505892,1371.4919715176761,4
2232,Blue One M,Centre,3000,0,0.0016198542299879451,4.859562689963836,2
2233,Blue One M,Far North,3000,1,0.9999989063028656,2999.996718908597,8
2234,Blue One M,North West,3000,0,0.002510350113700982,7.5310503411029455,2
2235,Blue One M,East,3000,1,0.9999993069001548,2999.9979207004644,9
2236,Blue One M,South,3000,1,0.5142855548558152,1542.8566645674455,5
2237,Blue One M,West,3000,1,0.5767137287277919,1730.1411861833758,7
2238,Blue One M,Far North,3000,1,0.5822489615927532,1746.7468847782595,7
2239,Blue One M,North,3000,0,0.45944590271083063,1378.3377081324918,4
2240,Blue One M,South,3000,1,0.9999985476959548,2999.995643087864,8
2241,Blue One M,North West,3000,0,0.5526525749995035,1657.9577249985105,6
2242,Blue One M,South West,3000,1,0.5476407961016029,1642.9223883048087,6
2243,Blue One M,North,3000,0,0.0026956123863607832,8.08683715908235,3
2244,Blue One M,Adamawa,3000,1,0.5323697332796647,1597.1091998389943,6
2245,Blue One M,Far North,3000,1,0.5800539446672933,1740.16183400188,7
2246,Blue One M,West,3000,1,0.5751686840060898,1725.5060520182694,7
2247,Blue One M,South West,3000,0,0.5455793170273686,1636.7379510821058,6
2248,Blue One M,West,3000,1,0.9999987452247381,2999.9962356742144,8
2249,Blue One M,North West,3000,1,0.9999988700382773,2999.9966101148316,8
2250,Blue One M,West,3000,1,0.9999987314574716,2999.9961943724147,8
2251,Blue One M,Littoral,3000,1,0.4958925440359265,1487.6776321077793,5
2252,Blue One M,East,3000,1,0.522014323775974,1566.042971327922,6
2253,Blue One M,Far North,3000,1,0.9999989182781144,2999.996754834343,8
2254,Blue One M,East,3000,1,0.5575441928712477,1672.6325786137431,6
2255,Blue One M,South,3000,1,0.48848224127627304,1465.4467238288191,5
2256,Blue One M,South West,3000,0,0.0026891950605972175,8.067585181791653,3
2257,Blue One M,South,3000,1,0.5686146349334104,1705.843904800231,7
2258,Blue One M,Adamawa,3000,0,0.0036987434485663637,11.096230345699091,3
2259,Blue One M,East,3000,0,0.5583183258914248,1674.9549776742745,6
2260,Blue One M,South West,3000,1,0.9999986646537012,2999.9959939611035,8
2261,Blue One M,Centre,3000,1,0.5129074936566764,1538.7224809700292,5
2262,Blue One M,West,3000,0,0.0026705174764740085,8.011552429422025,3
2263,Blue One M,Far North,3000,0,0.536837539714026,1610.5126191420782,6
2264,Blue One M,Centre,3000,1,0.9999987302537003,2999.996190761101,8
2265,Blue One M,East,3000,0,0.003243972521510762,9.731917564532287,3
2266,Blue One M,East,3000,1,0.5617923605519431,1685.3770816558294,6
2267,Blue One M,South West,3000,0,0.49540984381218733,1486.229531436562,5
2268,Blue One M,South West,3000,0,0.0004859783911734548,1.4579351735203645,1
2269,Blue One M,South West,3000,1,0.3008404112883587,902.521233865076,3
2270,Blue One M,West,3000,0,0.0004186155678011164,1.2558467034033491,1
2271,Blue One M,South,3000,1,0.9999991948457744,2999.9975845373233,9
2272,Blue One M,Centre,3000,0,0.0027870137209377206,8.361041162813162,3
2273,Blue One M,East,3000,0,0.5579252784505533,1673.77583535166,6
2274,Blue One M,South West,3000,0,0.002483364495003372,7.450093485010116,2
2275,Blue One M,Centre,3000,1,0.9999987163221733,2999.9961489665197,8
2276,Blue One M,South,3000,0,0.48408314451605183,1452.2494335481556,5
2277,Blue One M,North,3000,0,0.46246643563574513,1387.3993069072353,5
2278,Blue One M,North,3000,0,0.4648201164002973,1394.4603492008919,5
2279,Blue One M,Far North,3000,0,0.49083885887326334,1472.51657661979,5
2280,Blue One M,Far North,3000,0,0.5454649996162777,1636.3949988488332,6
2281,Blue One M,South West,3000,1,0.4914872042994802,1474.4616128984405,5
2282,Blue One M,Littoral,3000,0,0.0024833338625729756,7.450001587718927,2
2283,Blue One M,North,3000,0,0.0016193941038367948,4.858182311510384,2
2284,Blue One M,Centre,3000,0,0.0017276588120498234,5.18297643614947,2
2285,Blue One M,East,3000,0,0.0028818135868474365,8.645440760542309,3
2286,Blue One M,Far North,3000,1,0.5466380608089849,1639.9141824269548,6
2287,Blue One M,Far North,3000,1,0.9999988819531839,2999.996645859552,8
2288,Blue One M,West,3000,0,0.0013206355841900658,3.961906752570197,1
2289,Blue One M,North,3000,0,0.0026673651837950084,8.002095551385025,3
2290,Blue One M,Adamawa,3000,1,0.49105744785944583,1473.1723435783374,5
2291,Blue One M,East,3000,0,0.5571510029562692,1671.4530088688075,6
2292,Blue One M,Adamawa,3000,1,0.9999993289418723,2999.997986825617,9
2293,Blue One M,North West,3000,1,0.9999993621305631,2999.9980863916894,9
2294,Blue One M,Centre,3000,1,0.48523724191575957,1455.7117257472787,5
2295,Blue One M,Centre,3000,0,0.4918098540435793,1475.4295621307378,5
2296,Blue One M,West,3000,0,0.0015849485857808991,4.754845757342697,2
2297,Blue One M,South,3000,1,0.9999991885229448,2999.9975655688345,9
2298,Blue One M,East,3000,1,0.9999993590925442,2999.9980772776325,9
2299,Blue One M,East,3000,0,0.5005692133939912,1501.7076401819736,5
2300,Blue One M,Centre,3000,0,0.4882619846679715,1464.7859540039144,5
2301,Blue One M,Far North,3000,1,0.9999988424791606,2999.9965274374817,8
2302,Blue One M,Centre,3000,0,0.5297073572365977,1589.122071709793,6
2303,Blue One M,South West,3000,0,0.0024706869704398905,7.412060911319672,2
2304,Blue One M,East,3000,0,0.49978454700598973,1499.3536410179693,5
2305,Blue One M,South,3000,1,0.46346829375254306,1390.404881257629,5
2306,Blue One M,East,3000,0,0.0015091954743777752,4.527586423133325,2
2307,Blue One M,West,3000,0,0.5073432560421249,1522.0297681263748,5
2308,Blue One M,North,3000,1,0.9999992115005687,2999.997634501706,9
2309,Blue One M,East,3000,1,0.9999992748991713,2999.997824697514,9
2310,Blue One M,East,3000,1,0.9999986692215777,2999.996007664733,8
2311,Blue One M,East,3000,0,0.0028954441973127218,8.686332591938166,3
2312,Blue One M,South West,3000,1,0.4950358385658214,1485.1075156974641,5
2313,Blue One M,South,3000,1,0.9999988172203539,2999.9964516610617,8
2315,Blue One M,Far North,3000,0,0.0027971382411811387,8.391414723543416,3
2316,Blue One M,Centre,3000,0,0.4710739017414735,1413.2217052244205,5
2317,Blue One M,West,3000,0,0.4710123932379257,1413.037179713777,5
2318,Blue One M,Far North,3000,1,0.5114793864828083,1534.438159448425,5
2319,Blue One M,North West,3000,1,0.9999988593483206,2999.9965780449616,8
2320,Blue One M,West,3000,1,0.5070566730228343,1521.1700190685028,5
2321,Blue One M,West,3000,1,0.9999991973835327,2999.997592150598,9
2322,Blue One M,West,3000,0,0.0027591904982416627,8.277571494724988,3
2323,Blue One M,East,3000,1,0.9999989335455308,2999.9968006365925,9
2324,Blue One M,South,3000,1,0.999999199923193,2999.9975997695788,9
2325,Blue One M,Far North,3000,0,0.5298070241781162,1589.4210725343487,6
2326,Blue One M,West,3000,1,0.5245423071109862,1573.6269213329585,6
2327,Blue One M,Centre,3000,0,0.0027992211954544796,8.39766358636344,3
2328,Blue One M,North West,3000,0,0.5562828265678512,1668.8484797035537,6
2329,Blue One M,West,3000,1,0.9999987900634342,2999.9963701903025,8
2330,Blue One M,North,3000,1,0.4593590819435572,1378.0772458306715,4
2331,Blue One M,Adamawa,3000,0,0.0019061428226006605,5.718428467801981,2
2332,Blue One M,South West,3000,1,0.5075209778654708,1522.5629335964124,5
2333,Blue One M,Adamawa,3000,1,0.3381133137895214,1014.3399413685643,4
2334,Blue One M,East,3000,1,0.9999988735028573,2999.996620508572,8
2335,Blue One M,West,3000,1,0.4823265761200158,1446.9797283600474,5
2336,Blue One M,Littoral,3000,1,0.9999992107857569,2999.997632357271,9
2337,Blue One M,North,3000,0,0.0016175414210531972,4.8526242631595915,2
2338,Blue One M,South,3000,1,0.42285922393669984,1268.5776718100994,4
2339,Blue One M,Far North,3000,0,0.4872039374665066,1461.6118123995197,5
2340,Blue One M,West,3000,1,0.46828226300071474,1404.8467890021443,5
2342,Blue One M,Adamawa,3000,0,0.0015339212296938706,4.601763689081612,2
2343,Blue One M,East,3000,1,0.9999993291690111,2999.9979875070335,9
2344,Blue One M,Centre,3000,1,0.9999992719195324,2999.9978157585974,9
2345,Blue One M,Far North,3000,1,0.9999992725361296,2999.9978176083887,9
2346,Blue One M,Centre,3000,1,0.4827739813477759,1448.3219440433277,5
2347,Blue One M,Littoral,3000,0,0.001534414539019429,4.603243617058287,2
2348,Blue One M,Littoral,3000,0,0.001517639210524465,4.552917631573394,2
2349,Blue One M,Adamawa,3000,1,0.48871660615182205,1466.1498184554662,5
2350,Blue One M,East,3000,1,0.46001651873399463,1380.049556201984,5
2351,Blue One M,East,3000,0,0.45268135741498705,1358.0440722449612,4
2352,Blue One M,Littoral,3000,0,0.0015984898808234275,4.795469642470282,2
2353,Blue One M,South,3000,1,0.9999991743729519,2999.997523118856,9
2354,Blue One M,North West,3000,1,0.4465711194444402,1339.7133583333207,4
2355,Blue One M,West,3000,0,0.38207966380489916,1146.2389914146975,4
2356,Blue One M,North West,3000,1,0.46013233065282594,1380.3969919584779,5
2357,Blue One M,Far North,3000,1,0.4390770365560502,1317.2311096681506,4
2358,Blue One M,West,3000,1,0.41283956530260985,1238.5186959078296,4
2359,Blue One M,South West,3000,0,0.0013231523082080363,3.969456924624109,1
2360,Blue One M,South,3000,0,0.40969889124270814,1229.0966737281244,4
2361,Blue One M,Littoral,3000,1,0.4187450560342497,1256.2351681027492,4
2362,Blue One M,Littoral,3000,0,0.0005160499320649511,1.5481497961948534,1
2363,Blue One M,South West,3000,0,0.2939035395883304,881.7106187649912,3
2364,Blue One M,North West,3000,0,0.3278751206049298,983.6253618147894,4
2365,Blue One M,South West,3000,0,0.0005022896853946672,1.5068690561840015,1
2366,Blue One M,Adamawa,3000,0,0.0005381435358282791,1.6144306074848374,1
2367,Blue One M,Adamawa,3000,0,0.33400039247059726,1002.0011774117918,4
2368,Blue One M,Centre,3000,1,0.9999993789760446,2999.998136928134,9
2369,Blue One M,West,3000,0,0.0004449352011251126,1.3348056033753377,1
2370,Blue One M,South,3000,1,0.9999993650124606,2999.9980950373815,9
2371,Blue One M,South,3000,0,0.528338635999115,1585.015907997345,6
2372,Blue One M,Far North,3000,0,0.48366985500527093,1451.0095650158128,5
2373,Blue One M,Adamawa,3000,0,0.0017130766277301522,5.139229883190456,2
2374,Blue One M,North West,3000,0,0.00299244114830108,8.97732344490324,3
2375,Blue One M,North,3000,0,0.5046505920273064,1513.9517760819194,5
2376,Blue One M,South West,3000,0,0.563084515561389,1689.253546684167,7
2377,Blue One M,West,3000,1,0.9999990248505614,2999.997074551684,9
2378,Blue One M,Centre,3000,0,0.5741816102500205,1722.5448307500615,7
2379,Blue One M,North,3000,1,0.9999987884213684,2999.996365264105,8
2380,Blue One M,Littoral,3000,1,0.9999985942082966,2999.9957826248897,8
2381,Blue One M,Littoral,3000,1,0.9999988967831915,2999.9966903495747,8
2382,Blue One M,Centre,3000,0,0.0032001424603779983,9.600427381133995,3
2383,Blue One M,Far North,3000,1,0.9999990448041007,2999.9971344123023,9
2384,Blue One M,North West,3000,0,0.0038512510622139384,11.553753186641815,3
2385,Blue One M,South West,3000,0,0.5607546125111182,1682.2638375333547,6
2386,Blue One M,Centre,3000,1,0.9999987873286542,2999.9963619859627,8
2387,Blue One M,Far North,3000,1,0.4881120349954561,1464.3361049863681,5
2388,Blue One M,North West,3000,0,0.551223404155202,1653.670212465606,6
2389,Blue One M,North,3000,1,0.9999991592685497,2999.997477805649,9
2390,Blue One M,North West,3000,1,0.6012761215004723,1803.828364501417,8
2391,Blue One M,North,3000,1,0.5023841050780663,1507.1523152341988,5
2392,Blue One M,North,3000,1,0.5482207038700015,1644.6621116100046,6
2393,Blue One M,Far North,3000,1,0.9999989300178516,2999.996790053555,9
2394,Blue One M,Far North,3000,1,0.999998864581418,2999.996593744254,8
2395,Blue One M,North,3000,1,0.5466534114730663,1639.960234419199,6
2396,Blue One M,Littoral,3000,0,0.002592471363285659,7.777414089856977,2
2397,Blue One M,South West,3000,0,0.5433427397461282,1630.0282192383847,6
2398,Blue One M,Centre,3000,0,0.0015946719698695635,4.784015909608691,2
2399,Blue One M,South,3000,0,0.001413375461408355,4.240126384225065,1
2400,Blue One M,East,3000,0,0.0014809376633061159,4.442812989918347,2
2401,Blue One M,Centre,3000,0,0.4209284927738312,1262.7854783214937,4
2402,Blue One M,Far North,3000,1,0.9999989131468561,2999.996739440568,8
2403,Blue One M,West,3000,0,0.5300307189858323,1590.0921569574969,6
2404,Blue One M,Far North,3000,0,0.001880763580080046,5.642290740240138,2
2405,Blue One M,South West,3000,0,0.4976641389040495,1492.9924167121485,5
2406,Blue One M,Centre,3000,0,0.0031702464187409775,9.510739256222932,3
2407,Blue One M,North,3000,1,0.5455912186239543,1636.773655871863,6
2408,Blue One M,South,3000,0,0.0034037390481969783,10.211217144590934,3
2409,Blue One M,Adamawa,3000,0,0.5957918413154952,1787.3755239464856,7
2410,Blue One M,North West,3000,0,0.5861784466873269,1758.5353400619806,7
2411,Blue One M,North,3000,1,0.9999986479140901,2999.9959437422704,8
2412,Blue One M,Far North,3000,0,0.5810974317019022,1743.2922951057067,7
2413,Blue One M,North,3000,1,0.9999987511626405,2999.9962534879214,8
2414,Blue One M,Far North,3000,0,0.0037305339939394406,11.191601981818321,3
2415,Blue One M,West,3000,1,0.5771999549621963,1731.599864886589,7
2416,Blue One M,South West,3000,1,0.5118410952846308,1535.5232858538925,5
2417,Blue One M,South,3000,1,0.46201884286233186,1386.0565285869957,5
2418,Blue One M,North,3000,1,0.9999986627837543,2999.995988351263,8
2419,Blue One M,Centre,3000,0,0.5079028655551183,1523.708596665355,5
2420,Blue One M,North,3000,1,0.9999986726743461,2999.9960180230382,8
2421,Blue One M,South West,3000,1,0.9999988846381885,2999.9966539145657,8
2422,Blue One M,South West,3000,1,0.999998979514451,2999.9969385433533,9
2423,Blue One M,East,3000,1,0.6053135040782794,1815.9405122348383,8
2424,Blue One M,East,3000,1,0.9999989340291512,2999.9968020874535,9
2425,Blue One M,North,3000,0,0.49650527817418444,1489.5158345225534,5
2426,Blue One L,North,5000,0,0.5865506941949412,2932.753470974706,7
2427,Blue One M,North,3000,0,0.25410425411876675,762.3127623563003,3
2428,Blue One L,Far North,5000,1,0.6232926325739812,3116.463162869906,8
2429,Blue One S,Littoral,2000,0,0.00018522383810868145,0.3704476762173629,1
2432,Blue One M,Adamawa,3000,1,0.4909700791464823,1472.9102374394467,5
2439,Blue One M,North,3000,1,0.9999986621856779,2999.9959865570336,8
2440,Blue One M,South West,3000,1,0.9999987516001136,2999.996254800341,8
2441,Blue One M,Far North,3000,1,0.9999988171798277,2999.996451539483,8
2442,Blue One M,North,3000,0,0.44147113445728775,1324.4134033718633,4
2443,Blue One M,North West,3000,1,0.5364867049764802,1609.4601149294406,6
2444,Blue One M,North West,3000,1,0.9999992995196274,2999.9978985588823,9
2445,Blue One M,North West,3000,1,0.5221117701222365,1566.3353103667096,6
2446,Blue One M,Centre,3000,0,0.5242185588534826,1572.6556765604478,6
2447,Blue One M,West,3000,0,0.4495230416321501,1348.5691248964504,4
2448,Blue One M,East,3000,1,0.4993861160056191,1498.1583480168574,5
2449,Blue One M,Littoral,3000,1,0.9999990516716102,2999.9971550148307,9
2450,Blue One M,East,3000,1,0.5154407598761009,1546.3222796283028,5
2451,Blue One M,West,3000,1,0.9999992624671268,2999.9977874013803,9
2452,Blue One M,North West,3000,0,0.001687912002425687,5.063736007277061,2
2453,Blue One M,Littoral,3000,1,0.9999991738357574,2999.9975215072723,9
2454,Blue One M,East,3000,1,0.9999991574096402,2999.9974722289207,9
2455,Blue One M,Adamawa,3000,0,0.4656919391190929,1397.0758173572788,5
2456,Blue One M,Far North,3000,0,0.0017278300476298231,5.183490142889469,2
2457,Blue One M,East,3000,1,0.9999995039516694,2999.998511855008,10
2458,Blue One M,South,3000,1,0.9999993775423446,2999.9981326270336,9
2459,Blue One M,Far North,3000,1,0.9999992027936611,2999.9976083809834,9
2460,Blue One M,Littoral,3000,0,0.41453159383235755,1243.5947814970727,4
2461,Blue One M,Littoral,3000,0,0.00047794590039236014,1.4338377011770804,1
2462,Blue One M,Littoral,3000,0,0.0005160499320649511,1.5481497961948534,1
2463,Blue One M,Centre,3000,1,0.9999993981945463,2999.998194583639,10
2464,Blue One M,South West,3000,0,0.2913149712575058,873.9449137725173,3
2465,Blue One M,North,3000,0,0.0004292809229117177,1.287842768735153,1
2466,Blue One M,Centre,3000,1,0.31382135108549336,941.46405325648,4
2467,Blue One M,Littoral,3000,0,0.00045756831210376183,1.3727049363112855,1
2468,Blue One M,West,3000,0,0.00039653444895501827,1.1896033468650549,1
2469,Blue One M,Adamawa,3000,0,0.2763586572645473,829.0759717936419,3
2470,Blue One S,South West,2000,0,0.17585220935083415,351.7044187016683,3
2471,Blue One S,Centre,2000,0,0.00016128629219191144,0.32257258438382286,1
2472,Blue One S,North,2000,0,0.00017386742560235243,0.3477348512047049,1
2473,Blue One S,Littoral,2000,0,0.16205917600401037,324.11835200802074,3
2483,Blue One M,Littoral,3000,0,0.002578404107195582,7.735212321586746,2
2484,Blue One M,South West,3000,0,0.5001177147369956,1500.3531442109868,5
2485,Blue One M,Centre,3000,0,0.0031601893860243777,9.480568158073133,3
2486,Blue One M,South,3000,0,0.003368096478038105,10.104289434114314,3
2487,Blue One M,North West,3000,0,0.5869514239788477,1760.854271936543,7
2488,Blue One M,North,3000,1,0.5027825257167226,1508.3475771501676,5
2489,Blue One M,West,3000,0,0.002837880989350014,8.513642968050041,3
2490,Blue One M,Littoral,3000,1,0.5032410485303467,1509.72314559104,5
2491,Blue One M,East,3000,0,0.003088755216585591,9.266265649756773,3
2492,Blue One M,South West,3000,1,0.9999989751820462,2999.9969255461383,9
2493,Blue One M,Centre,3000,0,0.0029063494187402377,8.719048256220713,3
2494,Blue One M,East,3000,0,0.003184755950454824,9.554267851364472,3
2495,Blue One M,Adamawa,3000,1,0.9999991091564477,2999.9973274693434,9
2496,Blue One M,South West,3000,0,0.002736092292864802,8.208276878594406,3
2497,Blue One M,East,3000,0,0.563337120859797,1690.011362579391,7
2498,Blue One M,North West,3000,0,0.0037913269781249467,11.37398093437484,3
2499,Blue One M,Far North,3000,0,0.5356727945640496,1607.0183836921487,6
2500,Blue One M,South West,3000,1,0.5031567464972798,1509.4702394918395,5
2501,Blue One M,Far North,3000,0,0.5383979886755048,1615.1939660265145,6
2502,Blue One M,West,3000,1,0.5112530208226101,1533.7590624678305,5
2503,Blue One M,South West,3000,1,0.4036061489189608,1210.8184467568824,4
2504,Blue One M,South West,3000,0,0.45739971270612967,1372.199138118389,4
2505,Blue One M,South West,3000,0,0.0015954888870497973,4.786466661149392,2
2506,Blue One M,Centre,3000,0,0.29819256789910875,894.5777036973262,3
2507,Blue One M,Centre,3000,0,0.4680461014085208,1404.1383042255625,5
2508,Blue One M,South West,3000,0,0.0021732410652339816,6.519723195701945,2
2509,Blue One M,South West,3000,1,0.4993330484874995,1497.9991454624985,5
2510,Blue One M,North West,3000,1,0.9999989534099529,2999.9968602298586,9
2511,Blue One M,South,3000,0,0.0026402571158914046,7.920771347674214,2
2512,Blue One M,Far North,3000,1,0.9999992667876294,2999.997800362888,9
2513,Blue One M,Centre,3000,1,0.47067682233588226,1412.0304670076468,5
2514,Blue One M,Adamawa,3000,0,0.49605121861933915,1488.1536558580174,5
2515,Blue One M,West,3000,1,0.524256347238319,1572.7690417149572,6
2516,Blue One M,East,3000,1,0.49941050785779256,1498.2315235733777,5
2517,Blue One M,South West,3000,1,0.9999991813023678,2999.997543907103,9
2518,Blue One M,Adamawa,3000,0,0.0013156721023379159,3.9470163070137474,1
2519,Blue One M,North West,3000,1,0.9999991494545621,2999.9974483636865,9
2520,Blue One M,Far North,3000,1,0.4892701477773776,1467.8104433321328,5
2521,Blue One M,Far North,3000,1,0.9999991360341846,2999.997408102554,9
2522,Blue One M,North,3000,0,0.0013401607537862396,4.020482261358719,1
2523,Blue One M,West,3000,1,0.9999987154309707,2999.9961462929123,8
2524,Blue One M,Littoral,3000,0,0.5204601199554262,1561.3803598662785,6
2525,Blue One M,North West,3000,1,0.5594897034794583,1678.4691104383749,6
2526,Blue One M,East,3000,1,0.9999988623925778,2999.9965871777335,8
2527,Blue One M,Littoral,3000,1,0.4537940228636741,1361.3820685910223,4
2528,Blue One M,West,3000,0,0.0025449799666329427,7.6349398998988285,2
2529,Blue One M,North West,3000,0,0.003099926476447977,9.29977942934393,3
2530,Blue One M,East,3000,0,0.003114526316314871,9.343578948944613,3
2531,Blue One M,East,3000,1,0.9999989352438108,2999.9968057314322,9
2532,Blue One M,Far North,3000,1,0.49741402816079494,1492.2420844823848,5
2533,Blue One M,South,3000,1,0.9999992218976069,2999.9976656928206,9
2534,Blue One M,East,3000,1,0.5213116529819484,1563.9349589458452,6
2535,Blue One M,North,3000,0,0.4761944634175761,1428.5833902527283,5
2536,Blue One M,Centre,3000,0,0.0028167984551958486,8.450395365587546,3
2537,Blue One M,Centre,3000,0,0.5058359012459186,1517.5077037377557,5
2538,Blue One M,Adamawa,3000,0,0.5464719388973142,1639.4158166919424,6
2539,Blue One M,North West,3000,0,0.0017998117985248445,5.399435395574534,2
2540,Blue One M,South,3000,0,0.4638524888859959,1391.5574666579878,5
2541,Blue One M,West,3000,1,0.9999992682851969,2999.997804855591,9
2542,Blue One M,East,3000,0,0.5179038020286344,1553.7114060859033,5
2543,Blue One M,Littoral,3000,1,0.37159293089438694,1114.7787926831609,4
2544,Blue One M,East,3000,1,0.9999991972969513,2999.997591890854,9
2545,Blue One M,Centre,3000,0,0.4136723015708187,1241.0169047124562,4
2546,Blue One M,East,3000,0,0.46402833929032644,1392.0850178709793,5
2547,Blue One M,North,3000,0,0.45126672657317574,1353.8001797195273,4
2548,Blue One M,North,3000,1,0.9999992382591703,2999.9977147775107,9
2549,Blue One M,East,3000,1,0.466271790417376,1398.815371252128,5
2550,Blue One M,East,3000,0,0.002845961870337052,8.537885611011156,3
2551,Blue One M,Littoral,3000,0,0.48215962598009776,1446.4788779402934,5
2552,Blue One M,East,3000,1,0.9999988682696289,2999.996604808887,8
2553,Blue One M,Littoral,3000,1,0.9999987348045225,2999.9962044135677,8
2554,Blue One M,Far North,3000,1,0.999998809731527,2999.996429194581,8
2555,Blue One M,Littoral,3000,1,0.9999986567635306,2999.9959702905917,8
2556,Blue One M,Adamawa,3000,1,0.5456818436896548,1637.0455310689642,6
2557,Blue One M,South West,3000,0,0.0015417010124435162,4.625103037330549,2
2558,Blue One M,East,3000,1,0.44035738285726245,1321.0721485717872,4
2559,Blue One M,East,3000,0,0.4766518603021531,1429.9555809064593,5
2560,Blue One M,East,3000,0,0.44335535038678814,1330.0660511603644,4
2561,Blue One M,Littoral,3000,1,0.9999992191161053,2999.997657348316,9
2562,Blue One M,South West,3000,0,0.4031149889897532,1209.3449669692595,4
2563,Blue One M,North,3000,0,0.4091099300692162,1227.3297902076486,4
2564,Blue One M,Centre,3000,1,0.9999992064063034,2999.99761921891,9
2565,Blue One M,West,3000,1,0.999999204944281,2999.997614832843,9
2566,Blue One M,South West,3000,1,0.9999991421781771,2999.9974265345313,9
2567,Blue One M,West,3000,1,0.999999093916676,2999.997281750028,9
2568,Blue One M,Far North,3000,1,0.326485248375367,979.4557451261011,4
2569,Blue One M,Littoral,3000,1,0.45017879981984044,1350.5363994595214,4
2570,Blue One M,Adamawa,3000,0,0.4578670375894976,1373.6011127684928,4
2571,Blue One M,North West,3000,0,0.0014580816491098414,4.374244947329524,2
2572,Blue One M,North,3000,1,0.4652472447592216,1395.7417342776648,5
2573,Blue One M,East,3000,1,0.5119063220288027,1535.718966086408,5
2574,Blue One M,South,3000,1,0.4623159703460455,1386.9479110381365,5
2575,Blue One M,West,3000,0,0.0013767573328496681,4.130271998549004,1
2576,Blue One M,Centre,3000,1,0.9999992001742579,2999.9976005227736,9
2577,Blue One M,Adamawa,3000,0,0.0018640561962772729,5.592168588831819,2
2578,Blue One M,West,3000,1,0.9999992416754317,2999.997725026295,9
2579,Blue One M,North,3000,1,0.9999991606073764,2999.997481822129,9
2580,Blue One M,Littoral,3000,1,0.999999175479917,2999.9975264397513,9
2581,Blue One M,Littoral,3000,1,0.4727508788640269,1418.2526365920808,5
2582,Blue One M,Far North,3000,1,0.5106951058237202,1532.0853174711608,5
2583,Blue One M,South West,3000,1,0.41570728695224457,1247.1218608567337,4
2584,Blue One M,Littoral,3000,1,0.4541648935562472,1362.4946806687415,4
2585,Blue One M,Centre,3000,0,0.0015971336108645238,4.791400832593571,2
2586,Blue One M,West,3000,0,0.0017246552807385722,5.173965842215717,2
2587,Blue One M,North West,3000,1,0.44167650465974123,1325.0295139792238,4
2588,Blue One M,West,3000,0,0.0013144087794258416,3.943226338277525,1
2589,Blue One M,South West,3000,0,0.001298373394760873,3.8951201842826193,1
2590,Blue One M,South West,3000,1,0.9999993673550077,2999.998102065023,9
2591,Blue One M,South,3000,1,0.31357174756611694,940.7152426983508,4
2592,Blue One M,Adamawa,3000,1,0.5366708705057845,1610.0126115173537,6
2593,Blue One M,Littoral,3000,1,0.9999987849641164,2999.9963548923492,8
2594,Blue One M,South West,3000,0,0.001505251663510064,4.5157549905301915,2
2595,Blue One M,West,3000,0,0.0015751228365644306,4.725368509693292,2
2596,Blue One M,Far North,3000,0,0.001322725636005848,3.9681769080175444,1
2597,Blue One M,Adamawa,3000,0,0.4948926081131853,1484.6778243395559,5
2598,Blue One M,South,3000,0,0.5170782211799874,1551.2346635399622,5
2599,Blue One M,South,3000,0,0.37347223707425875,1120.4167112227763,4
2600,Blue One M,North,3000,0,0.4979749727438092,1493.9249182314277,5
2601,Blue One M,North,3000,0,0.0025137812640144974,7.5413437920434925,2
2603,Blue One M,West,3000,0,0.42796572223144025,1283.8971666943207,4
2605,Blue One M,Adamawa,3000,0,0.0005735425823337422,1.7206277470012268,1
2606,Blue One M,East,3000,0,0.5518803208803665,1655.6409626410996,6
2607,Blue One M,West,3000,1,0.9999990046790798,2999.9970140372393,9
2608,Blue One M,Far North,3000,1,0.9999990917886838,2999.9972753660513,9
2609,Blue One M,North West,3000,1,0.9999989628052777,2999.996888415833,9
2610,Blue One M,South West,3000,1,0.5169432511307516,1550.8297533922548,5
2611,Blue One M,Adamawa,3000,1,0.9999990982610107,2999.9972947830324,9
2612,Blue One S,North West,2000,0,0.00022363624078965678,0.44727248157931354,1
2614,Blue One M,East,3000,0,0.00045554161082806283,1.3666248324841885,1
2615,Blue One M,Littoral,3000,1,0.2959417946930732,887.8253840792196,3
2616,Blue One M,West,3000,0,0.0005123483769295053,1.537045130788516,1
2617,Blue One M,Far North,3000,0,0.0005290950138543754,1.587285041563126,1
2618,Blue One M,North,3000,1,0.9999994030098747,2999.998209029624,10
2620,Blue One M,North,3000,1,0.999999359137801,2999.9980774134033,9
2621,Blue One M,Adamawa,3000,1,0.544125168847062,1632.3755065411858,6
2622,Blue One M,North,3000,0,0.29515532708216463,885.4659812464939,3
2623,Blue One M,South West,3000,1,0.9999987343777996,2999.996203133399,8
2624,Blue One M,North,3000,0,0.0025605539436899254,7.681661831069776,2
2625,Blue One M,North West,3000,1,0.9999989612016358,2999.9968836049075,9
2626,Blue One M,Far North,3000,1,0.5511902514058882,1653.5707542176644,6
2627,Blue One M,North West,3000,0,0.002904575085352546,8.71372525605764,3
2628,Blue One M,South West,3000,1,0.5122514841512102,1536.7544524536308,5
2629,Blue One M,Adamawa,3000,1,0.9999992920418188,2999.9978761254565,9
2630,Blue One M,Littoral,3000,1,0.47626660414513267,1428.799812435398,5
2631,Blue One M,Far North,3000,0,0.0017662299377513054,5.298689813253916,2
2632,Blue One M,South,3000,0,0.4600630276037773,1380.189082811332,5
2633,Blue One M,Littoral,3000,1,0.4252463388175455,1275.7390164526364,4
2634,Blue One M,East,3000,0,0.4674496906408717,1402.3490719226152,5
2635,Blue One M,North West,3000,0,0.49744753143576226,1492.3425943072868,5
2636,Blue One M,South West,3000,1,0.9999989652853641,2999.9968958560926,9
2637,Blue One M,North,3000,1,0.4087129309607266,1226.1387928821798,4
2638,Blue One M,North,3000,0,0.4212595263509479,1263.7785790528437,4
2639,Blue One M,Adamawa,3000,1,0.9999991421911982,2999.9974265735946,9
2640,Blue One M,Littoral,3000,0,0.0012507082739445757,3.752124821833727,1
2641,Blue One M,West,3000,1,0.4332209517697425,1299.6628553092276,4
2643,Blue One M,North,3000,0,0.494936061122934,1484.808183368802,5
2644,Blue One M,South West,3000,0,0.46415719850448445,1392.4715955134534,5
2645,Blue One M,South,3000,1,0.9999987408172025,2999.9962224516075,8
2646,Blue One M,North,3000,1,0.9999986668441786,2999.9960005325356,8
2647,Blue One M,East,3000,0,0.0004854780459365206,1.4564341378095618,1
2649,Blue One M,Adamawa,3000,0,0.0004762955138638293,1.428886541591488,1
2650,Blue One M,South West,3000,0,0.0013025130991052884,3.907539297315865,1
2651,Blue One M,Far North,3000,0,0.4418886419191813,1325.6659257575438,4
2652,Blue One M,Adamawa,3000,0,0.0005345388635388246,1.6036165906164739,1
2653,Blue One M,West,3000,0,0.0027216137613053876,8.164841283916163,3
2654,Blue One M,Far North,3000,0,0.5567414125553877,1670.224237666163,6
2655,Blue One M,Far North,3000,0,0.4363673140006117,1309.1019420018351,4
2656,Blue One M,Adamawa,3000,0,0.34059254043284043,1021.7776212985212,4
2657,Blue One M,South West,3000,0,0.2769514450948859,830.8543352846577,3
2658,Blue One M,West,3000,0,0.0005288862118958507,1.586658635687552,1
2659,Blue One M,North West,3000,0,0.4995026709598849,1498.5080128796546,5
2660,Blue One M,East,3000,0,0.001839863064484874,5.519589193454622,2
2661,Blue One M,Far North,3000,0,0.0014305880484361646,4.291764145308494,2
2662,Blue One M,West,3000,1,0.9999993925932223,2999.998177779667,10
2663,Blue One M,Centre,3000,0,0.5145751577528458,1543.7254732585375,5
2664,Blue One M,South,3000,1,0.4814267534784704,1444.2802604354113,5
2665,Blue One M,Centre,3000,1,0.43472570077586753,1304.1771023276026,4
2666,Blue One M,South,3000,0,0.4275990797744896,1282.7972393234688,4
2667,Blue One M,Littoral,3000,0,0.002636109633883315,7.908328901649945,2
2668,Blue One M,Adamawa,3000,0,0.0005255917145325435,1.5767751435976307,1
2669,Blue One M,South West,3000,0,0.001501138659784107,4.503415979352321,2
2670,Blue One M,Centre,3000,1,0.4007969167178876,1202.3907501536628,4
2671,Blue One M,Littoral,3000,0,0.3981715678036721,1194.5147034110162,4
2672,Blue One M,West,3000,0,0.0004981736041291583,1.4945208123874751,1
2673,Blue One M,South West,3000,1,0.9999987872487329,2999.9963617461985,8
2674,Blue One M,Littoral,3000,0,0.4958925440359265,1487.6776321077793,5
2675,Blue One M,Littoral,3000,1,0.9999989455505273,2999.996836651582,9
2676,Blue One M,South,3000,1,0.9999992317374777,2999.9976952124334,9
2677,Blue One M,North West,3000,0,0.326251911183803,978.755733551409,4
2678,Blue One M,North,3000,1,0.9999989558076147,2999.996867422844,9
2679,Blue One M,Far North,3000,0,0.0034846661824540393,10.453998547362119,3
2680,Blue One M,East,3000,0,0.48797195189343573,1463.9158556803072,5
2681,Blue One M,South West,3000,0,0.41570728695224457,1247.1218608567337,4
2682,Blue One M,East,3000,0,0.0005742214517657726,1.7226643552973178,1
2683,Blue One M,North,3000,0,0.0026632584091376105,7.9897752274128315,3
2684,Blue One M,North,3000,1,0.9999994074254582,2999.9982222763747,10
2685,Blue One M,Far North,3000,0,0.4627360756227447,1388.208226868234,5
2686,Blue One M,South West,3000,1,0.999999103213959,2999.997309641877,9
2687,Blue One M,North West,3000,0,0.00285493716085873,8.56481148257619,3
2688,Blue One M,South,3000,0,0.5299147970497482,1589.7443911492446,6
2689,Blue One M,North West,3000,1,0.5479802161549349,1643.9406484648046,6
2690,Blue One M,Far North,3000,1,0.43800990112046034,1314.029703361381,4
2691,Blue One M,South,3000,0,0.5061436298091851,1518.4308894275555,5
2692,Blue One M,South,3000,0,0.46856322916951404,1405.6896875085422,5
2693,Blue One M,Littoral,3000,1,0.9999987327865436,2999.996198359631,8
2694,Blue One M,South West,3000,0,0.4512427592575942,1353.7282777727826,4
2695,Blue One M,South,3000,1,0.999999271400793,2999.9978142023792,9
2696,Blue One M,North,3000,0,0.4616862831895656,1385.0588495686968,5
2697,Blue One M,East,3000,1,0.9999988801606857,2999.996640482057,8
2698,Blue One M,Centre,3000,1,0.9999987102958359,2999.9961308875077,8
2699,Blue One M,North,3000,0,0.0013498815011976984,4.049644503593095,1
2700,Blue One M,Littoral,3000,0,0.0004825482476988349,1.4476447430965047,1
2701,Blue One M,Far North,3000,1,0.999999275970638,2999.997827911914,9
2702,Blue One M,North West,3000,0,0.0019249208791117646,5.774762637335294,2
2703,Blue One M,West,3000,0,0.4823143954243777,1446.943186273133,5
2704,Blue One M,Adamawa,3000,0,0.0030222145328171034,9.06664359845131,3
2705,Blue One M,East,3000,0,0.28710159018090337,861.3047705427101,3
2712,Blue One M,South West,3000,0,0.2473937258883308,742.1811776649924,3
2715,Blue One M,East,3000,0,0.00046775820079629867,1.403274602388896,1
2740,Blue One M,Adamawa,3000,1,0.24730114420003077,741.9034326000923,3
2741,Blue One S,Far North,2000,0,0.1747463600688358,349.4927201376716,3
2743,Blue One M,East,3000,0,0.000438012249752598,1.314036749257794,1
2746,Blue One S,South West,2000,0,0.0001774995329308837,0.35499906586176744,1
2749,Blue One M,Littoral,3000,0,0.2632387539595732,789.7162618787196,3
2752,Blue One M,South West,3000,0,0.2610440002101047,783.1320006303141,3
2753,Blue One M,South West,3000,1,0.41941519664473187,1258.2455899341956,4
2755,Blue One M,East,3000,0,0.00044845162885834316,1.3453548865750296,1
2756,Blue One M,West,3000,0,0.2991218929834877,897.365678950463,3
2757,Blue One M,North,3000,0,0.0012322524137500276,3.696757241250083,1
2758,Blue One M,East,3000,0,0.5228900909138553,1568.670272741566,6
2759,Blue One S,North West,2000,0,0.00018207679088087664,0.3641535817617533,1
2760,Blue One M,North,3000,1,0.29222046949391767,876.661408481753,3
2761,Blue One M,Far North,3000,0,0.4364652963164228,1309.3958889492683,4
2762,Blue One M,East,3000,0,0.0015398677398462234,4.6196032195386705,2
2763,Blue One M,North,3000,0,0.001250286134063356,3.7508584021900684,1
2764,Blue One M,Far North,3000,0,0.0014624628456633875,4.387388536990162,2
2767,Blue One M,South,3000,1,0.41084388705526875,1232.5316611658063,4
2768,Blue One M,South,3000,0,0.30125330583222626,903.7599174966788,3
2769,Blue One M,Far North,3000,1,0.4390770365560502,1317.2311096681506,4
2770,Blue One M,South,3000,1,0.42720904770351986,1281.6271431105595,4
2771,Blue One M,Far North,3000,0,0.0013935671476468117,4.180701442940435,1
2772,Blue One M,South,3000,1,0.9999989931432444,2999.996979429733,9
2773,Blue One M,Adamawa,3000,0,0.4400777291768379,1320.2331875305138,4
2774,Blue One M,West,3000,0,0.0004875471267823783,1.4626413803471348,1
2775,Blue One M,South West,3000,0,0.2877589654737083,863.2768964211248,3
2777,Blue One M,North,3000,0,0.00046355908112688017,1.3906772433806405,1
2778,Blue One M,Adamawa,3000,1,0.9999993147880638,2999.9979443641914,9
2779,Blue One M,West,3000,0,0.30069087462044053,902.0726238613216,3
2780,Blue One M,South West,3000,0,0.00040357228241548563,1.210716847246457,1
2781,Blue One M,North,3000,0,0.29091377541090035,872.7413262327011,3
2782,Blue One M,North West,3000,0,0.2987590531073053,896.2771593219159,3
2783,Blue One M,South,3000,0,0.2676398565580025,802.9195696740074,3
2784,Blue One M,Littoral,3000,0,0.00040326558023395006,1.2097967407018502,1
2785,Blue One M,Far North,3000,0,0.4472578518335803,1341.773555500741,4
2786,Blue One M,East,3000,0,0.3237344125862683,971.2032377588049,4
2787,Blue One M,Centre,3000,0,0.24356846905006044,730.7054071501813,3
2788,Blue One M,Littoral,3000,0,0.0004899818919151858,1.4699456757455573,1
2789,Blue One M,South,3000,0,0.0004228036442452833,1.26841093273585,1
2790,Blue One M,South,3000,1,0.9999992888386923,2999.997866516077,9
2791,Blue One M,Far North,3000,1,0.33827425794734767,1014.822773842043,4
2792,Blue One M,Adamawa,3000,1,0.3276978957253066,983.0936871759199,4
2793,Blue One M,Centre,3000,1,0.9999993015586377,2999.997904675913,9
2794,Blue One M,Littoral,3000,1,0.39915065297334396,1197.4519589200318,4
2795,Blue One M,North West,3000,1,0.9999991346655369,2999.997403996611,9
2796,Blue One M,Adamawa,3000,0,0.3427104361424113,1028.131308427234,4
2797,Blue One M,South,3000,0,0.23069466164624533,692.083984938736,3
2798,Blue One M,South,3000,0,0.2719682223234092,815.9046669702277,3
2799,Blue One M,South West,3000,0,0.0004905737195931355,1.4717211587794066,1
2800,Blue One M,Adamawa,3000,0,0.00046351360359852563,1.3905408107955768,1
2801,Blue One M,North West,3000,0,0.0005071947834382593,1.5215843503147781,1
2802,Blue One M,Adamawa,3000,1,0.9999994363568632,2999.9983090705896,10
2803,Blue One M,South West,3000,0,0.264469908858967,793.409726576901,3
2804,Blue One M,North,3000,0,0.0004034506395807939,1.2103519187423817,1
2805,Blue One M,Littoral,3000,1,0.4235876748300935,1270.7630244902805,4
2806,Blue One M,West,3000,1,0.29641339999149113,889.2401999744734,3
2807,Blue One M,East,3000,0,0.0017886223705111865,5.36586711153356,2
2808,Blue One M,Far North,3000,1,0.4883863299253652,1465.1589897760955,5
2810,Blue One M,South West,3000,0,0.26385033390497376,791.5510017149213,3
2811,Blue One M,West,3000,0,0.0004950818798874588,1.4852456396623763,1
2812,Blue One M,North West,3000,1,0.999999208550415,2999.997625651245,9
2813,Blue One M,Littoral,3000,1,0.9999992169351203,2999.997650805361,9
2814,Blue One M,South,3000,0,0.00041867611727768543,1.2560283518330564,1
2815,Blue One M,West,3000,0,0.46748868793339393,1402.4660638001817,5
2816,Blue One M,Littoral,3000,0,0.25127982277520555,753.8394683256166,3
2817,Blue One M,South West,3000,0,0.43229166116110257,1296.8749834833077,4
2818,Blue One M,South West,3000,1,0.9999989830684078,2999.9969492052237,9
2819,Blue One M,Centre,3000,0,0.001682375989914586,5.047127969743758,2
2820,Blue One M,North West,3000,0,0.29580340037747893,887.4102011324368,3
2821,Blue One M,Far North,3000,0,0.49153591185824635,1474.607735574739,5
2823,Blue One M,North,3000,0,0.0015147885976685203,4.544365793005561,2
2824,Blue One M,Centre,3000,0,0.4320101787966956,1296.0305363900868,4
2825,Blue One M,North West,3000,0,0.3405156779570648,1021.5470338711943,4
2827,Blue One M,East,3000,1,0.9999991845209508,2999.9975535628523,9
2829,Blue One M,East,3000,1,0.999999415191932,2999.998245575796,10
2830,Blue One M,North West,3000,1,0.509259442450473,1527.7783273514192,5
2831,Blue One M,South,3000,1,0.3009281959401937,902.7845878205811,3
2832,Blue One M,West,3000,0,0.3083400749217753,925.0202247653259,4
2833,Blue One M,East,3000,0,0.4480077509788952,1344.0232529366856,4
2834,Blue One M,North West,3000,1,0.4966628921673922,1489.9886765021765,5
2835,Blue One M,Littoral,3000,0,0.001553694236455533,4.6610827093666,2
2836,Blue One M,Far North,3000,0,0.00140897297239232,4.22691891717696,1
2837,Blue One M,West,3000,0,0.0016943908506067517,5.0831725518202555,2
2838,Blue One M,West,3000,0,0.0017266304363068783,5.179891308920634,2
2839,Blue One M,North West,3000,1,0.9999992881218044,2999.997864365413,9
2840,Blue One M,Adamawa,3000,1,0.4867378411033752,1460.2135233101255,5
2841,Blue One M,North West,3000,0,0.517411159319078,1552.233477957234,5
2842,Blue One M,North,3000,1,0.9999989709900928,2999.9969129702786,9
2843,Blue One M,East,3000,0,0.0005697220270443492,1.7091660811330476,1
2844,Blue One M,South,3000,0,0.001725828504884096,5.177485514652288,2
2845,Blue One M,Littoral,3000,1,0.9999993527779528,2999.9980583338584,9
2847,Blue One M,Centre,3000,0,0.4632612315279422,1389.7836945838264,5
2849,Blue One M,Far North,3000,0,0.0012042184434174308,3.6126553302522924,1
2850,Blue One M,Centre,3000,0,0.0012942248218060879,3.8826744654182637,1
2851,Blue One M,North West,3000,1,0.4631535097513824,1389.4605292541473,5
2852,Blue One M,Adamawa,3000,0,0.0004376685859619345,1.3130057578858036,1
2853,Blue One M,South West,3000,1,0.9999994094317487,2999.998228295246,10
2854,Blue One M,East,3000,1,0.9999994984846082,2999.9984954538245,10
2855,Blue One M,Adamawa,3000,1,0.9999989072590406,2999.996721777122,8
2856,Blue One M,Littoral,3000,1,0.999998667294709,2999.996001884127,8
2857,Blue One M,North,3000,1,0.5179379525956813,1553.8138577870438,5
2858,Blue One M,Adamawa,3000,0,0.5143678650388797,1543.1035951166389,5
2859,Blue One M,North,3000,1,0.9999992039248529,2999.9976117745587,9
2860,Blue One M,Littoral,3000,0,0.00038404851460570045,1.1521455438171013,1
2861,Blue One M,North,3000,0,0.0014865710366454019,4.459713109936206,2
2862,Blue One M,South West,3000,0,0.4266988133270512,1280.0964399811535,4
2863,Blue One M,East,3000,1,0.9999993479168277,2999.998043750483,9
2864,Blue One M,North,3000,1,0.4026707704190769,1208.0123112572307,4
2865,Blue One M,Far North,3000,1,0.9999991750159118,2999.9975250477355,9
2866,Blue One M,South,3000,0,0.26579828087969587,797.3948426390876,3
2867,Blue One M,South West,3000,1,0.9999989889800444,2999.996966940133,9
2868,Blue One M,Littoral,3000,0,0.0004946391758613648,1.4839175275840943,1
2869,Blue One M,South,3000,1,0.9999991930317328,2999.9975790951985,9
2870,Blue One M,West,3000,1,0.9999991062900664,2999.9973188701993,9
2871,Blue One M,Centre,3000,1,0.48523724191575957,1455.7117257472787,5
2872,Blue One M,South West,3000,0,0.00047253283282123917,1.4175984984637175,1
2873,Blue One M,West,3000,1,0.2681680717644631,804.5042152933893,3
2874,Blue One M,Far North,3000,1,0.9999994944881296,2999.9984834643888,10
2875,Blue One M,South West,3000,0,0.4031267270700579,1209.3801812101738,4
2876,Blue One M,North West,3000,1,0.2971126663413273,891.337999023982,3
2877,Blue One M,Adamawa,3000,1,0.9999991864775418,2999.9975594326256,9
2878,Blue One M,West,3000,1,0.9999989967654481,2999.9969902963444,9
2879,Blue One M,North West,3000,0,0.30229896045335214,906.8968813600565,3
2882,Blue One M,North West,3000,1,0.999999496115224,2999.998488345672,10
2883,Blue One M,West,3000,1,0.9999993719459456,2999.998115837837,9
2884,Blue One M,South,3000,0,0.4275990797744896,1282.7972393234688,4
2885,Blue One M,Centre,3000,0,0.0013605466387058389,4.081639916117517,1
2886,Blue One M,Adamawa,3000,1,0.9999991006413097,2999.997301923929,9
2887,Blue One M,South,3000,0,0.27189900893524127,815.6970268057238,3
2888,Blue One M,North,3000,1,0.38320019994839527,1149.6005998451858,4
2890,Blue One M,South,3000,0,0.31492448768153153,944.7734630445946,4
2891,Blue One M,North West,3000,0,0.4446386980980604,1333.9160942941812,4
2892,Blue One M,Far North,3000,1,0.4526954840996644,1358.0864522989932,4
2894,Blue One M,North,3000,0,0.308332036266405,924.996108799215,4
2895,Blue One M,Far North,3000,0,0.45493065057097887,1364.7919517129367,4
2896,Blue One M,Littoral,3000,0,0.29278511204053,878.35533612159,3
2897,Blue One M,North,3000,1,0.5159846368031558,1547.9539104094672,5
2898,Blue One M,East,3000,0,0.44734224237092096,1342.026727112763,4
2899,Blue One M,West,3000,0,0.48899675143674853,1466.9902543102455,5
2900,Blue One M,South,3000,1,0.4874115551220395,1462.2346653661184,5
2901,Blue One M,East,3000,1,0.5543344345692612,1663.0033037077837,6
2902,Blue One M,North,3000,1,0.4418158048296945,1325.4474144890835,4
2903,Blue One M,Far North,3000,0,0.0027883971618131312,8.365191485439393,3
2904,Blue One M,Adamawa,3000,0,0.0019031131510632048,5.709339453189615,2
2905,Blue One M,West,3000,1,0.9999992708687265,2999.9978126061797,9
2906,Blue One M,North West,3000,1,0.5045093868199177,1513.5281604597533,5
2907,Blue One M,Adamawa,3000,1,0.45697297723476105,1370.918931704283,4
2908,Blue One M,East,3000,0,0.3013182927172612,903.9548781517835,3
2909,Blue One M,East,3000,0,0.00044358681589918723,1.3307604476975616,1
2910,Blue One M,Centre,3000,1,0.9999994461395073,2999.998338418522,10
2911,Blue One M,Far North,3000,1,0.32131431198524424,963.9429359557328,4
2912,Blue One M,North West,3000,0,0.001545344939229638,4.636034817688914,2
2913,Blue One M,South,3000,1,0.9999989723660141,2999.996917098042,9
2914,Blue One M,Far North,3000,0,0.4390890514692831,1317.2671544078494,4
2915,Blue One M,South,3000,1,0.4100725807528785,1230.2177422586356,4
2918,Blue One M,Centre,3000,0,0.00040610566400955055,1.2183169920286516,1
2919,Blue One M,North,3000,1,0.9999993621323285,2999.9980863969854,9
2920,Blue One M,South,3000,1,0.31096112043947416,932.8833613184224,4
2921,Blue One M,Adamawa,3000,1,0.33882700958212586,1016.4810287463775,4
2922,Blue One M,Adamawa,3000,0,0.32356252117891454,970.6875635367436,4
2923,Blue One M,South,3000,0,0.2656205655987728,796.8616967963184,3
2924,Blue One M,South West,3000,1,0.9999991941497931,2999.9975824493795,9
2925,Blue One M,Littoral,3000,0,0.0004051777386746007,1.2155332160238022,1
2926,Blue One M,East,3000,1,0.9999994719345366,2999.99841580361,10
2927,Blue One M,Adamawa,3000,0,0.00046669276733667304,1.4000783020100191,1
2928,Blue One M,Adamawa,3000,0,0.33532027955035393,1005.9608386510617,4
2929,Blue One M,South West,3000,0,0.00046013234190764936,1.380397025722948,1
2930,Blue One M,West,3000,0,0.000535351282713886,1.6060538481416582,1
2931,Blue One M,South West,3000,0,0.2662182600464775,798.6547801394324,3
2932,Blue One M,West,3000,0,0.0004241399229264912,1.2724197687794736,1
2933,Blue One M,North West,3000,0,0.0015454202123197222,4.636260636959166,2
2934,Blue One M,Far North,3000,0,0.4329026689082928,1298.7080067248785,4
2935,Blue One M,Centre,3000,1,0.31112420026132687,933.3726007839806,4
2936,Blue One S,Far North,2000,0,0.1696055328468877,339.2110656937754,3
2939,Blue One M,Centre,3000,0,0.2717341868405492,815.2025605216476,3
2958,Blue One M,Far North,3000,0,0.0014239822861467268,4.27194685844018,2
2959,Blue One M,West,3000,1,0.999999209958017,2999.997629874051,9
2961,Blue One M,Littoral,3000,1,0.4253556325467161,1276.0668976401482,4
2962,Blue One M,Centre,3000,0,0.4168412188852422,1250.5236566557267,4
2963,Blue One M,North West,3000,0,0.0014833244865069975,4.449973459520993,2
2964,Blue One M,Centre,3000,1,0.9999992406904278,2999.9977220712835,9
2966,Blue One M,Far North,3000,0,0.5045188740898459,1513.5566222695377,5
2967,Blue One M,Adamawa,3000,0,0.0005019911256717434,1.5059733770152304,1
2968,Blue One M,Centre,3000,1,0.4828856383497752,1448.6569150493256,5
2969,Blue One M,Centre,3000,0,0.0016098124352108638,4.829437305632592,2
2970,Blue One M,Centre,3000,0,0.48355775837335974,1450.673275120079,5
2971,Blue One M,South,3000,1,0.9999992563656078,2999.9977690968235,9
2972,Blue One M,Centre,3000,0,0.0017270559921158026,5.181167976347408,2
2973,Blue One M,Littoral,3000,1,0.31125912065550054,933.7773619665016,4
2974,Blue One M,West,3000,0,0.0013675204244024688,4.102561273207407,1
2975,Blue One M,South West,3000,0,0.0016507863911204435,4.952359173361331,2
2976,Blue One M,Littoral,3000,0,0.4743279774704882,1422.9839324114646,5
2977,Blue One M,West,3000,0,0.3805987192150332,1141.7961576450996,4
2978,Blue One M,East,3000,0,0.0017865764270208976,5.359729281062693,2
2979,Blue One M,North West,3000,0,0.5111146456548973,1533.343936964692,5
2982,Blue One M,South West,3000,1,0.4505763677394176,1351.729103218253,4
2983,Blue One M,North West,3000,0,0.0017886564100560943,5.365969230168283,2
2984,Blue One M,South,3000,1,0.9999991833731784,2999.9975501195354,9
2985,Blue One M,Centre,3000,1,0.4461460329396871,1338.4380988190612,4
2986,Blue One M,West,3000,0,0.4351306407615963,1305.391922284789,4
2987,Blue One M,South,3000,1,0.9999990601543545,2999.9971804630636,9
2988,Blue One M,West,3000,0,0.0014273907286994688,4.282172186098406,2
2989,Blue One M,South,3000,0,0.46201884286233186,1386.0565285869957,5
2990,Blue One M,South West,3000,1,0.46806248696316743,1404.1874608895023,5
2991,Blue One M,West,3000,1,0.999999347850472,2999.998043551416,9
2992,Blue One M,Centre,3000,0,0.29974851998339425,899.2455599501827,3
2994,Blue One M,East,3000,1,0.4986136485463884,1495.8409456391653,5
2995,Blue One M,Centre,3000,1,0.9999990250441282,2999.9970751323845,9
2996,Blue One M,North,3000,0,0.0015237808218382502,4.571342465514751,2
2997,Blue One M,Littoral,3000,0,0.0016669386786349104,5.000816035904731,2
2998,Blue One M,East,3000,1,0.9999993560523329,2999.9980681569987,9
2999,Blue One M,South West,3000,0,0.00037217258368349367,1.116517751050481,1
3000,Blue One M,Centre,3000,0,0.2613294253667468,783.9882761002405,3
3002,Blue One M,Littoral,3000,0,0.22759662433102007,682.7898729930602,3
3003,Blue One M,East,3000,1,0.9999993406660368,2999.9980219981103,9
3004,Blue One M,West,3000,0,0.27699145908187617,830.9743772456285,3
3005,Blue One M,Adamawa,3000,0,0.0005190377384321476,1.5571132152964429,1
3006,Blue One M,Adamawa,3000,0,0.3322626387280818,996.7879161842454,4
3007,Blue One M,West,3000,0,0.25954500034396083,778.6350010318824,3
3008,Blue One M,Far North,3000,0,0.0005249234055271837,1.5747702165815511,1
3009,Blue One M,South West,3000,0,0.26508091096755754,795.2427329026726,3
3010,Blue One M,East,3000,0,0.2566221969389585,769.8665908168755,3
3012,Blue One M,South West,3000,1,0.999999282669101,2999.9978480073028,9
3013,Blue One M,East,3000,0,0.3292665306154995,987.7995918464985,4
3014,Blue One M,South West,3000,0,0.24845307801517375,745.3592340455212,3
3015,Blue One M,East,3000,0,0.4643256437069303,1392.9769311207908,5
3016,Blue One M,North West,3000,0,0.4628563073568461,1388.5689220705383,5
3017,Blue One M,South West,3000,1,0.9999989485003721,2999.9968455011162,9
3018,Blue One M,Centre,3000,0,0.0013106182311525996,3.9318546934577987,1
3019,Blue One M,Centre,3000,0,0.0012937730409673472,3.8813191229020414,1
3020,Blue One M,South West,3000,1,0.40918283628436225,1227.5485088530868,4
3021,Blue One M,South West,3000,1,0.46729324447810044,1401.8797334343014,5
3022,Blue One M,East,3000,1,0.9999991574096402,2999.9974722289207,9
3023,Blue One M,South West,3000,1,0.4256508598439998,1276.9525795319994,4
3024,Blue One M,Far North,3000,1,0.48534936198775386,1456.0480859632617,5
3025,Blue One M,South West,3000,0,0.0015123811872821524,4.537143561846457,2
3026,Blue One M,Littoral,3000,0,0.0015205868370284465,4.56176051108534,2
3029,Blue One M,West,3000,0,0.5331568435326188,1599.4705305978564,6
3030,Blue One M,Littoral,3000,0,0.00041011122659815994,1.23033367979448,1
3031,Blue One M,South West,3000,0,0.0003761230306416848,1.1283690919250544,1
3032,Blue One M,Centre,3000,1,0.2672982389231535,801.8947167694605,3
3033,Blue One M,Centre,3000,0,0.0004209198488415182,1.2627595465245547,1
3034,Blue One M,West,3000,0,0.2782503611641136,834.7510834923409,3
3035,Blue One M,South West,3000,0,0.0004012076060832153,1.2036228182496458,1
3036,Blue One M,East,3000,0,0.2980979224269075,894.2937672807226,3
3037,Blue One M,South,3000,0,0.27689827241429105,830.6948172428731,3
3038,Blue One M,South West,3000,1,0.9999992150327508,2999.997645098252,9
3040,Blue One M,West,3000,1,0.9999992428094897,2999.997728428469,9
3043,Blue One M,North West,3000,0,0.3000024076702442,900.0072230107327,3
3044,Blue One M,North,3000,1,0.9999992647509769,2999.997794252931,9
3045,Blue One M,Far North,3000,0,0.2755567782259502,826.6703346778506,3
3046,Blue One M,East,3000,0,0.0004934298559962122,1.4802895679886365,1
3047,Blue One M,East,3000,1,0.9999993437788898,2999.998031336669,9
3048,Blue One M,South,3000,1,0.2611919640008982,783.5758920026947,3
3049,Blue One M,West,3000,1,0.999999304209528,2999.997912628584,9
3050,Blue One M,North West,3000,0,0.0004796554301900379,1.4389662905701137,1
3051,Blue One M,North West,3000,1,0.9999993965277423,2999.998189583227,10
3052,Blue One M,South,3000,0,0.2992749571169488,897.8248713508464,3
3053,Blue One M,East,3000,0,0.28508710259450704,855.2613077835211,3
3054,Blue One M,East,3000,0,0.00043888529887849034,1.3166558966354711,1
3056,Blue One M,Littoral,3000,0,0.0004127127876480722,1.2381383629442164,1
3058,Blue One M,East,3000,0,0.000476859332443881,1.430577997331643,1
3059,Blue One M,North West,3000,0,0.00044917514568859027,1.3475254370657708,1
3060,Blue One M,Centre,3000,0,0.0004202908217597722,1.2608724652793166,1
3061,Blue One M,East,3000,1,0.2810229074416645,843.0687223249936,3
3069,Blue One M,North,3000,1,0.40200010409304626,1206.0003122791388,4
3070,Blue One M,Centre,3000,1,0.4324990603349663,1297.497181004899,4
3071,Blue One M,South West,3000,0,0.39643246108469493,1189.2973832540847,4
3072,Blue One M,Centre,3000,1,0.9999990866628881,2999.997259988664,9
3074,Blue One M,South West,3000,0,0.0005142351606259054,1.5427054818777162,1
3075,Blue One M,South,3000,1,0.4089400338959819,1226.8201016879457,4
3076,Blue One M,East,3000,0,0.000511980871616512,1.535942614849536,1
3077,Blue One M,South West,3000,0,0.00040911078047097015,1.2273323414129105,1
3078,Blue One M,Littoral,3000,1,0.9999990371653649,2999.9971114960945,9
3079,Blue One M,South,3000,1,0.40563251267945793,1216.8975380383738,4
3080,Blue One M,East,3000,1,0.44336738983538804,1330.102169506164,4
3081,Blue One M,Littoral,3000,0,0.31217851847864164,936.535555435925,4
3082,Blue One M,West,3000,0,0.0004898348410723912,1.4695045232171735,1
3083,Blue One M,Adamawa,3000,1,0.999999156933866,2999.997470801598,9
3084,Blue One M,Littoral,3000,1,0.999999269889751,2999.997809669253,9
3085,Blue One M,Far North,3000,1,0.9999994518215797,2999.9983554647392,10
3086,Blue One M,South West,3000,0,0.00045668602748722846,1.3700580824616855,1
3087,Blue One M,Adamawa,3000,0,0.2951146107639096,885.3438322917289,3
3088,Blue One M,Far North,3000,1,0.3278670882594146,983.6012647782437,4
3089,Blue One M,Centre,3000,1,0.31915626822375825,957.4688046712747,4
3090,Blue One M,Littoral,3000,1,0.3019078062326781,905.7234186980343,3
3091,Blue One M,West,3000,1,0.31918919147794267,957.567574433828,4
3092,Blue One M,South,3000,0,0.0005179574821354406,1.5538724464063218,1
3093,Blue One M,East,3000,0,0.0004548608681624016,1.3645826044872047,1
3094,Blue One M,North West,3000,1,0.4663878169698333,1399.1634509095,5
3095,Blue One M,East,3000,0,0.0019287152257727407,5.786145677318222,2
3096,Blue One M,Far North,3000,0,0.0015015690612937102,4.504707183881131,2
3097,Blue One M,West,3000,1,0.4784965462005403,1435.4896386016208,5
3098,Blue One M,Far North,3000,1,0.9999993112766135,2999.9979338298403,9
3099,Blue One M,North,3000,1,0.9999991552392438,2999.9974657177313,9
3100,Blue One M,North West,3000,0,0.4717602058257425,1415.2806174772275,5
3101,Blue One M,Far North,3000,1,0.999999118405229,2999.997355215687,9
3102,Blue One M,East,3000,0,0.5120180468739114,1536.0541406217342,5
3103,Blue One M,Far North,3000,1,0.9999992711210662,2999.997813363199,9
3104,Blue One M,West,3000,0,0.0014273907286994688,4.282172186098406,2
3105,Blue One M,Centre,3000,0,0.0013950933039633027,4.185279911889908,1
3106,Blue One M,West,3000,0,0.4174118694660826,1252.235608398248,4
3107,Blue One M,West,3000,1,0.43668618264788867,1310.058547943666,4
3108,Blue One M,Littoral,3000,1,0.9999990639829369,2999.9971919488107,9
3109,Blue One M,Far North,3000,0,0.0014305880484361646,4.291764145308494,2
3110,Blue One M,Littoral,3000,1,0.9999990066908834,2999.9970200726502,9
3111,Blue One M,North West,3000,0,0.4419216937713468,1325.7650813140406,4
3112,Blue One M,Far North,3000,0,0.0014017724869005643,4.205317460701693,1
3113,Blue One M,Littoral,3000,0,0.0011294368444424207,3.388310533327262,1
3114,Blue One M,Centre,3000,1,0.4297012006534887,1289.1036019604662,4
3115,Blue One M,North West,3000,0,0.44723640922099434,1341.709227662983,4
3116,Blue One M,Centre,3000,0,0.0012796252075175318,3.838875622552595,1
3117,Blue One M,Adamawa,3000,1,0.9999991178140997,2999.997353442299,9
3118,Blue One M,East,3000,1,0.44579083302667866,1337.372499080036,4
3119,Blue One M,North West,3000,1,0.9999991858350864,2999.997557505259,9
3120,Blue One M,Littoral,3000,0,0.4214271693503028,1264.2815080509083,4
3121,Blue One M,East,3000,1,0.465094266154497,1395.282798463491,5
3122,Blue One M,West,3000,1,0.41743559605607417,1252.3067881682225,4
3123,Blue One M,Centre,3000,1,0.9999990852507464,2999.997255752239,9
3124,Blue One M,Littoral,3000,0,0.3976461212726859,1192.9383638180577,4
3125,Blue One M,North West,3000,0,0.4398712008634175,1319.6136025902526,4
3126,Blue One M,North,3000,1,0.3843078111496562,1152.9234334489686,4
3127,Blue One M,North West,3000,0,0.0014269392158846217,4.2808176476538655,2
3138,Blue One M,Centre,3000,0,0.0003906333935146368,1.1719001805439104,1
3242,Blue One M,Adamawa,3000,0,0.4316745338006403,1295.0236014019208,4
3243,Blue One M,North,3000,0,0.27687152270402204,830.6145681120661,3
3244,Blue One M,South West,3000,1,0.3077377118636881,923.2131355910643,4
3245,Blue One M,Littoral,3000,1,0.23426254551949136,702.7876365584741,3
3246,Blue One M,West,3000,0,0.31774026538891004,953.2207961667301,4
3247,Blue One M,South West,3000,1,0.29099612010374554,872.9883603112366,3
3248,Blue One M,North,3000,0,0.30967236987000907,929.0171096100272,4
3249,Blue One M,Adamawa,3000,1,0.9999993417296907,2999.998025189072,9
3250,Blue One M,Centre,3000,0,0.0003695953208367594,1.1087859625102783,1
3251,Blue One M,Adamawa,3000,0,0.32390075435069976,971.7022630520993,4
3252,Blue One M,North West,3000,0,0.3382933371422664,1014.8800114267992,4
3253,Blue One M,Adamawa,3000,0,0.29949905848132674,898.4971754439803,3
3254,Blue One M,North West,3000,0,0.3015294367499849,904.5883102499547,3
3255,Blue One M,West,3000,0,0.00043197818135512684,1.2959345440653804,1
3256,Blue One M,Adamawa,3000,1,0.4525415006529894,1357.6245019589683,4
3257,Blue One M,Adamawa,3000,0,0.0005423408135231776,1.6270224405695328,1
3258,Blue One M,Far North,3000,0,0.3401168460341818,1020.3505381025454,4
3259,Blue One M,Far North,3000,0,0.0005696565776737017,1.708969733021105,1
3260,Blue One M,North West,3000,0,0.0005408879418016783,1.622663825405035,1
3261,Blue One M,North,3000,0,0.2688215859921517,806.4647579764552,3
3262,Blue One M,Littoral,3000,0,0.31489115569246573,944.6734670773972,4
3263,Blue One M,North West,3000,1,0.999999319894338,2999.997959683014,9
3264,Blue One M,North,3000,0,0.2868098169053572,860.4294507160715,3
3266,Blue One M,North,3000,1,0.999999249157262,2999.997747471786,9
3268,Blue One M,Adamawa,3000,1,0.3384700698209484,1015.4102094628452,4
3269,Blue One M,North,3000,0,0.25440643963040666,763.2193188912199,3
3271,Blue One M,Littoral,3000,0,0.0003953466012493299,1.1860398037479898,1
3272,Blue One M,South West,3000,1,0.9999993350381354,2999.998005114406,9
3273,Blue One M,Centre,3000,1,0.9999994157558724,2999.998247267617,10
3274,Blue One M,North,3000,0,0.00046506099813950935,1.395182994418528,1
3275,Blue One M,Centre,3000,0,0.30075304545437215,902.2591363631165,3
3276,Blue One M,Adamawa,3000,0,0.33295936264313203,998.8780879293961,4
3277,Blue One M,Far North,3000,0,0.0005274121227123201,1.5822363681369604,1
3278,Blue One M,Centre,3000,0,0.314411740236066,943.235220708198,4
3279,Blue One M,East,3000,0,0.0005024342653411553,1.5073027960234657,1
3282,Blue One M,North,3000,0,0.00037899828592739495,1.136994857782185,1
3283,Blue One M,Far North,3000,1,0.9999994341178513,2999.9983023535538,10
3284,Blue One M,Littoral,3000,0,0.30548947022899925,916.4684106869978,4
3285,Blue One M,West,3000,0,0.23413723730983202,702.411711929496,3
3286,Blue One M,North,3000,1,0.9999992738886517,2999.997821665955,9
3287,Blue One M,West,3000,0,0.00039342677748392874,1.1802803324517863,1
3288,Blue One M,South,3000,0,0.25667968783339384,770.0390635001816,3
3289,Blue One M,Adamawa,3000,1,0.9999993495300655,2999.9980485901965,9
3290,Blue One M,North West,3000,0,0.00046725412788977473,1.4017623836693243,1
3291,Blue One M,East,3000,0,0.258728113414168,776.184340242504,3
3293,Blue One M,South,3000,0,0.2602797835321609,780.8393505964827,3
3295,Blue One M,South West,3000,0,0.2517980581187333,755.3941743561999,3
3296,Blue One M,Far North,3000,0,0.27965290436141865,838.9587130842559,3
3297,Blue One M,North,3000,0,0.00038212554259032443,1.1463766277709733,1
3298,Blue One M,North,3000,0,0.25470886179066415,764.1265853719924,3
3299,Blue One M,Adamawa,3000,0,0.29555293771179497,886.6588131353849,3
3300,Blue One M,South West,3000,1,0.9999992536440608,2999.9977609321827,9
3301,Blue One M,Adamawa,3000,0,0.00047404788792345076,1.4221436637703522,1
3302,Blue One M,West,3000,0,0.0003427626690354337,1.0282880071063012,1
3303,Blue One M,North,3000,1,0.9999992233934418,2999.9976701803253,9
3304,Blue One M,North,3000,0,0.000409177083185523,1.2275312495565691,1
3305,Blue One M,Far North,3000,1,0.27407725184725745,822.2317555417724,3
3306,Blue One M,South West,3000,0,0.25003742029370735,750.112260881122,3
3308,Blue One M,North,3000,1,0.2553144156305656,765.9432468916968,3
3309,Blue One M,North,3000,0,0.0003286171953237439,0.9858515859712317,1
3310,Blue One M,East,3000,0,0.25334751855312765,760.042555659383,3
3313,Blue One M,Far North,3000,1,0.29212527307434205,876.3758192230262,3
3314,Blue One S,Adamawa,2000,0,0.18512565610336854,370.25131220673705,3
3315,Blue One S,South,2000,0,0.16017003449857176,320.34006899714353,3
3323,Blue One S,South,2000,0,0.00019486887950898586,0.3897377590179717,1
3339,Blue One M,North,3000,0,0.0015213579597709913,4.564073879312974,2
3340,Blue One M,North West,3000,1,0.5065198963035318,1519.5596889105952,5
3341,Blue One M,North West,3000,1,0.5147610730319329,1544.2832190957986,5
3342,Blue One M,South West,3000,0,0.001620605093544357,4.861815280633071,2
3343,Blue One M,Littoral,3000,1,0.9999992227649049,2999.997668294715,9
3345,Blue One M,West,3000,0,0.4686669628930399,1406.0008886791197,5
3346,Blue One M,Centre,3000,0,0.0015705816123479995,4.711744837043998,2
3347,Blue One M,West,3000,1,0.9999991863507175,2999.9975590521526,9
3348,Blue One M,North West,3000,0,0.44452828247710624,1333.5848474313186,4
3349,Blue One M,North,3000,0,0.41061646134026636,1231.849384020799,4
3350,Blue One M,West,3000,1,0.4823143954243777,1446.943186273133,5
3351,Blue One M,Littoral,3000,1,0.45484429525738207,1364.5328857721463,4
3352,Blue One M,Far North,3000,0,0.4879881210420054,1463.9643631260162,5
3353,Blue One M,North,3000,0,0.4172899458586648,1251.8698375759943,4
3354,Blue One M,Adamawa,3000,1,0.4925389843702041,1477.6169531106123,5
3355,Blue One M,Centre,3000,0,0.46220800195914696,1386.6240058774408,5
3356,Blue One M,North West,3000,1,0.9999992892901102,2999.9978678703305,9
3357,Blue One M,South,3000,1,0.9999993836515597,2999.998150954679,9
3358,Blue One M,Centre,3000,1,0.4667931457772899,1400.3794373318697,5
3359,Blue One M,West,3000,0,0.48350829253105343,1450.5248775931602,5
3360,Blue One M,North,3000,0,0.4527229178531372,1358.1687535594115,4
3361,Blue One M,North West,3000,0,0.4885193559842359,1465.5580679527077,5
3362,Blue One M,Centre,3000,0,0.0015674608754847243,4.702382626454173,2
3363,Blue One M,North West,3000,0,0.001910044002559689,5.730132007679067,2
3364,Blue One M,South,3000,0,0.0016490515317829793,4.9471545953489375,2
3365,Blue One M,North,3000,1,0.4129089614550419,1238.7268843651257,4
3366,Blue One M,Centre,3000,1,0.4797391877245774,1439.2175631737323,5
3367,Blue One S,Littoral,2000,0,0.00018009775307182698,0.360195506143654,1
3368,Blue One M,Adamawa,3000,1,0.4470496371596726,1341.148911479018,4
3369,Blue One M,West,3000,0,0.4655418923382738,1396.6256770148213,5
3370,Blue One M,West,3000,1,0.999999260220804,2999.997780662412,9
3371,Blue One M,South,3000,1,0.9999991958076425,2999.9975874229276,9
3372,Blue One M,North West,3000,1,0.5061215287006895,1518.3645861020684,5
3373,Blue One M,South West,3000,0,0.0003675309961166851,1.1025929883500554,1
3374,Blue One M,North West,3000,1,0.9999991115578446,2999.9973346735337,9
3375,Blue One M,Centre,3000,0,0.0017002100110867769,5.10063003326033,2
3376,Blue One M,Adamawa,3000,0,0.001891318705057784,5.673956115173352,2
3377,Blue One M,Adamawa,3000,0,0.5075017220028104,1522.5051660084312,5
3378,Blue One M,North West,3000,1,0.509259442450473,1527.7783273514192,5
3379,Blue One M,Adamawa,3000,0,0.0017429809502939116,5.228942850881735,2
3380,Blue One M,North West,3000,1,0.49125846383098076,1473.7753914929424,5
3381,Blue One M,South West,3000,0,0.4567130194801216,1370.1390584403648,4
3382,Blue One M,West,3000,0,0.0015645067853229317,4.693520355968795,2
3383,Blue One M,East,3000,1,0.9999993389210016,2999.9980167630047,9
3385,Blue One M,Littoral,3000,0,0.4528932835593747,1358.679850678124,4
3386,Blue One M,Adamawa,3000,0,0.0017539373847520945,5.261812154256283,2
3387,Blue One M,South West,3000,0,0.45515587664898655,1365.4676299469597,4
3388,Blue One M,South West,3000,1,0.9999991528805121,2999.9974586415365,9
3390,Blue One M,Centre,3000,1,0.482388214778539,1447.164644335617,5
3391,Blue One M,West,3000,0,0.0015918217338861775,4.775465201658532,2
3392,Blue One M,South,3000,1,0.4646574122783611,1393.9722368350833,5
3393,Blue One M,Adamawa,3000,0,0.0017348507273780242,5.204552182134073,2
3394,Blue One M,North West,3000,1,0.9999993295141069,2999.9979885423204,9
3395,Blue One M,Littoral,3000,0,0.001500973891282642,4.502921673847926,2
3396,Blue One M,North West,3000,0,0.001777570040518959,5.332710121556877,2
3397,Blue One M,Adamawa,3000,0,0.5011009652346158,1503.3028957038473,5
3398,Blue One M,South West,3000,0,0.4625962860668033,1387.78885820041,5
3399,Blue One M,South,3000,0,0.459679280128161,1379.037840384483,4
3400,Blue One M,South,3000,1,0.473298126431681,1419.894379295043,5
3401,Blue One M,South,3000,1,0.9999992516828884,2999.997755048665,9
3402,Blue One M,West,3000,1,0.48311030523585885,1449.3309157075767,5
3403,Blue One M,Adamawa,3000,1,0.49175451145685223,1475.2635343705567,5
3404,Blue One M,North,3000,0,0.0016099169601967176,4.829750880590153,2
3405,Blue One M,North,3000,0,0.4741443732953848,1422.4331198861544,5
3406,Blue One M,East,3000,0,0.49244867485245736,1477.3460245573722,5
3407,Blue One M,Littoral,3000,1,0.45641336829383805,1369.240104881514,4
3408,Blue One M,Littoral,3000,1,0.9999992129454747,2999.997638836424,9
3409,Blue One M,North,3000,1,0.9999990268894038,2999.9970806682113,9
3410,Blue One M,North West,3000,1,0.49469527707268235,1484.0858312180471,5
3411,Blue One M,South West,3000,1,0.4455251053210966,1336.5753159632898,4
3412,Blue One M,North West,3000,0,0.0017478533336356447,5.243560000906934,2
3413,Blue One M,Adamawa,3000,0,0.4298914836633369,1289.6744509900107,4
3414,Blue One M,North,3000,1,0.4493304832753048,1347.9914498259143,4
3415,Blue One M,North,3000,1,0.42814933505239655,1284.4480051571898,4
3416,Blue One M,Adamawa,3000,1,0.9999993151609103,2999.997945482731,9
3417,Blue One M,South West,3000,1,0.9999991992703107,2999.997597810932,9
3418,Blue One M,Far North,3000,0,0.4493614095808634,1348.0842287425903,4
3419,Blue One M,Centre,3000,0,0.0015748078783337626,4.724423635001288,2
3420,Blue One M,North West,3000,0,0.2951500236498922,885.4500709496765,3
3421,Blue One M,Littoral,3000,0,0.3923045636834541,1176.9136910503623,4
3422,Blue One M,Adamawa,3000,0,0.0015416492852876854,4.624947855863056,2
3423,Blue One M,South West,3000,1,0.9999991551986895,2999.9974655960687,9
3424,Blue One M,West,3000,1,0.9999992531857191,2999.997759557157,9
3425,Blue One M,East,3000,0,0.5134868301574305,1540.4604904722914,5
3426,Blue One M,South,3000,0,0.0016831056548863696,5.049316964659109,2
3427,Blue One M,Far North,3000,1,0.5063990153794437,1519.197046138331,5
3428,Blue One M,East,3000,1,0.5079723683559989,1523.9171050679968,5
3429,Blue One M,Far North,3000,1,0.5056144621392389,1516.8433864177166,5
3430,Blue One M,South,3000,1,0.9999991782709088,2999.9975348127264,9
3431,Blue One M,Far North,3000,0,0.0017042751508527442,5.112825452558233,2
3432,Blue One M,Littoral,3000,0,0.4525105044323307,1357.5315132969922,4
3433,Blue One M,East,3000,0,0.4889006305548121,1466.7018916644363,5
3434,Blue One M,West,3000,0,0.0015843183132449937,4.752954939734981,2
3435,Blue One M,Far North,3000,1,0.4891827914106345,1467.5483742319034,5
3436,Blue One M,Littoral,3000,0,0.0016053434655965584,4.816030396789675,2
3437,Blue One M,Adamawa,3000,0,0.4882188469461207,1464.6565408383622,5
3438,Blue One M,North,3000,0,0.4668093322265796,1400.4279966797387,5
3439,Blue One M,South,3000,0,0.3912253449432107,1173.676034829632,4
3440,Blue One M,East,3000,1,0.4907558360682905,1472.2675082048715,5
3441,Blue One M,South,3000,0,0.32071386132771346,962.1415839831403,4
3442,Blue One M,South West,3000,0,0.405874699790598,1217.624099371794,4
3443,Blue One M,North,3000,1,0.9999989934006623,2999.996980201987,9
3444,Blue One M,North West,3000,1,0.9999990034896058,2999.9970104688173,9
3445,Blue One M,South,3000,0,0.0012969120449889057,3.8907361349667173,1
3446,Blue One M,North,3000,0,0.40275485858497534,1208.264575754926,4
3447,Blue One M,West,3000,0,0.0013708782954888735,4.11263488646662,1
3448,Blue One M,Far North,3000,0,0.4538682526391616,1361.6047579174847,4
3449,Blue One M,West,3000,1,0.9999990258733878,2999.9970776201635,9
3450,Blue One M,South West,3000,0,0.001226871076088404,3.680613228265212,1
3451,Blue One M,Littoral,3000,0,0.40065709080702683,1201.9712724210806,4
3452,Blue One M,North,3000,1,0.9999989563787066,2999.99686913612,9
3453,Blue One M,North West,3000,1,0.9999991045809604,2999.997313742881,9
3454,Blue One M,North,3000,1,0.4038095609159101,1211.4286827477301,4
3455,Blue One M,Centre,3000,1,0.29093920553751607,872.8176166125482,3
3456,Blue One M,Centre,3000,0,0.0013648178121872475,4.094453436561743,1
3457,Blue One M,West,3000,0,0.0012818575385857957,3.845572615757387,1
3458,Blue One M,Littoral,3000,0,0.0012390013988993601,3.7170041966980802,1
3459,Blue One M,Adamawa,3000,1,0.9999991674521064,2999.9975023563193,9
3460,Blue One M,Littoral,3000,0,0.0004127127876480722,1.2381383629442164,1
3461,Blue One M,South,3000,0,0.2590730020307634,777.2190060922902,3
3462,Blue One M,East,3000,1,0.34040003567472943,1021.2001070241882,4
3463,Blue One M,Littoral,3000,1,0.9999989802652867,2999.99694079586,9
3464,Blue One M,North,3000,0,0.0005124200359015203,1.5372601077045611,1
3465,Blue One M,Adamawa,3000,0,0.0005807844002620187,1.7423532007860563,1
3466,Blue One M,West,3000,0,0.31740544519003905,952.2163355701172,4
3468,Blue One M,Centre,3000,0,0.4355830961957654,1306.7492885872962,4
3469,Blue One M,Littoral,3000,1,0.999998997244805,2999.996991734415,9
3470,Blue One M,Littoral,3000,0,0.001262464111672335,3.7873923350170053,1
3471,Blue One M,East,3000,0,0.0015895970294428346,4.768791088328504,2
3472,Blue One M,Centre,3000,1,0.3802927531104029,1140.8782593312087,4
3473,Blue One S,West,2000,0,0.00017300844347342025,0.3460168869468405,1
3474,Blue One M,North West,3000,0,0.00044053666543929866,1.321609996317896,1
3475,Blue One M,Adamawa,3000,0,0.4366924386676499,1310.0773160029496,4
3476,Blue One M,Adamawa,3000,1,0.9999990513661594,2999.9971540984784,9
3477,Blue One M,East,3000,1,0.4460741237192796,1338.2223711578388,4
3478,Blue One M,Far North,3000,1,0.9999990874363754,2999.997262309126,9
3479,Blue One M,Centre,3000,0,0.0014099549710559084,4.2298649131677255,1
3480,Blue One M,Far North,3000,0,0.0014200218526232407,4.260065557869722,2
3481,Blue One M,Littoral,3000,0,0.0010643257215722517,3.192977164716755,1
3482,Blue One M,West,3000,0,0.0013580481349100906,4.074144404730272,1
3483,Blue One M,Littoral,3000,0,0.0011330385263994133,3.3991155791982397,1
3484,Blue One M,South,3000,0,0.0013447783255105645,4.034334976531693,1
3485,Blue One M,North West,3000,1,0.4690174351562205,1407.0523054686616,5
3486,Blue One M,North West,3000,1,0.4511312670800431,1353.3938012401293,4
3487,Blue One M,North West,3000,0,0.0016166582183716346,4.849974655114904,2
3488,Blue One M,North,3000,0,0.00126612369584363,3.79837108753089,1
3489,Blue One M,Centre,3000,0,0.0013044385965759516,3.913315789727855,1
3490,Blue One M,East,3000,0,0.47019141168115486,1410.5742350434646,5
3491,Blue One M,Adamawa,3000,1,0.99999911605495,2999.99734816485,9
3492,Blue One M,South,3000,0,0.0012948494440021433,3.8845483320064296,1
3493,Blue One M,North,3000,0,0.40378607200244193,1211.3582160073258,4
3494,Blue One M,West,3000,0,0.4300312915640505,1290.0938746921515,4
3495,Blue One M,Centre,3000,0,0.42826111292391456,1284.7833387717437,4
3496,Blue One M,Far North,3000,0,0.43986222039166817,1319.5866611750046,4
3497,Blue One M,North,3000,0,0.00046501564658979613,1.3950469397693883,1
3498,Blue One M,East,3000,0,0.32961860067784227,988.8558020335267,4
3499,Blue One M,North West,3000,0,0.44452828247710624,1333.5848474313186,4
3500,Blue One M,Adamawa,3000,1,0.9999994782028654,2999.998434608596,10
3501,Blue One M,Littoral,3000,0,0.0013173572346547673,3.952071703964302,1
3502,Blue One M,Far North,3000,1,0.44449519094768525,1333.4855728430557,4
3503,Blue One M,North,3000,0,0.405417746174059,1216.253238522177,4
3504,Blue One M,Far North,3000,0,0.0014487062087203601,4.34611862616108,2
3505,Blue One M,West,3000,1,0.9999990791734003,2999.9972375202005,9
3506,Blue One M,Adamawa,3000,1,0.9999991187820189,2999.9973563460567,9
3507,Blue One M,Centre,3000,0,0.0015947496418205493,4.784248925461648,2
3508,Blue One M,Far North,3000,0,0.0018662273379728277,5.598682013918483,2
3509,Blue One M,Centre,3000,0,0.001550941591805661,4.652824775416983,2
3510,Blue One M,Littoral,3000,1,0.27827795766144,834.8338729843199,3
3511,Blue One M,East,3000,0,0.0006025757141591867,1.80772714247756,1
3512,Blue One M,North West,3000,0,0.0014694434815084691,4.408330444525407,2
3514,Blue One M,Far North,3000,1,0.9999994387233166,2999.99831616995,10
3515,Blue One M,Far North,3000,0,0.43792384942913837,1313.771548287415,4
3516,Blue One M,West,3000,1,0.48429214546528593,1452.8764363958578,5
3517,Blue One M,Centre,3000,0,0.42919708483861363,1287.591254515841,4
3518,Blue One M,North,3000,1,0.9999991746243018,2999.9975238729053,9
3519,Blue One M,Adamawa,3000,1,0.499244991828588,1497.734975485764,5
3520,Blue One M,East,3000,0,0.49627191008525007,1488.8157302557502,5
3521,Blue One M,Centre,3000,1,0.4797513636545953,1439.254090963786,5
3522,Blue One M,Far North,3000,0,0.5012807348541023,1503.842204562307,5
3524,Blue One M,West,3000,1,0.4167574957614978,1250.2724872844933,4
3525,Blue One M,North West,3000,0,0.30546236049835657,916.3870814950697,4
3526,Blue One M,Far North,3000,1,0.9999989860267088,2999.996958080126,9
3527,Blue One M,Littoral,3000,1,0.9999992104712941,2999.9976314138826,9
3528,Blue One M,Littoral,3000,0,0.4701310137429437,1410.3930412288312,5
3529,Blue One M,Adamawa,3000,0,0.0013739189939652396,4.121756981895719,1
3530,Blue One M,South,3000,0,0.0005098965643705234,1.5296896931115702,1
3531,Blue One M,North West,3000,1,0.3344957519199524,1003.4872557598572,4
3533,Blue One M,South West,3000,0,0.0004892796120059068,1.4678388360177204,1
3534,Blue One M,Adamawa,3000,0,0.0005577715958362276,1.6733147875086827,1
3535,Blue One M,East,3000,1,0.34819410741991885,1044.5823222597567,4
3536,Blue One M,East,3000,1,0.9999991861438455,2999.9975584315366,9
3537,Blue One M,Littoral,3000,0,0.4067131505077002,1220.1394515231007,4
3538,Blue One M,East,3000,1,0.4636319930180684,1390.895979054205,5
3539,Blue One M,East,3000,0,0.0014863220666096733,4.45896619982902,2
3540,Blue One M,Adamawa,3000,0,0.0014369741982337163,4.3109225947011485,2
3541,Blue One M,South,3000,1,0.9999990616052385,2999.9971848157156,9
3542,Blue One M,South,3000,1,0.318655405266833,955.966215800499,4
3543,Blue One M,Far North,3000,0,0.4545354849914533,1363.6064549743598,4
3544,Blue One M,East,3000,0,0.44490508809019674,1334.7152642705903,4
3545,Blue One M,Far North,3000,0,0.0014045638104608564,4.2136914313825695,1
3546,Blue One M,Centre,3000,1,0.9999989970130777,2999.9969910392333,9
3547,Blue One M,West,3000,0,0.3047499903206026,914.2499709618079,4
3548,Blue One M,East,3000,0,0.3313601964818786,994.0805894456357,4
3549,Blue One M,West,3000,0,0.0005280444286735498,1.5841332860206492,1
3550,Blue One M,East,3000,1,0.44577878047245345,1337.3363414173602,4
3551,Blue One M,West,3000,0,0.0013991278273587661,4.197383482076298,1
3552,Blue One M,West,3000,0,0.43668618264788867,1310.058547943666,4
3553,Blue One M,East,3000,1,0.45229860932712984,1356.8958279813896,4
3554,Blue One M,Centre,3000,0,0.0004307313266302557,1.2921939798907671,1
3555,Blue One S,East,2000,0,0.00021064185490078392,0.4212837098015678,1
3556,Blue One M,South,3000,0,0.000410357945201332,1.231073835603996,1
3557,Blue One M,Far North,3000,0,0.0004023776728059035,1.2071330184177105,1
3558,Blue One M,South,3000,0,0.4291362015093586,1287.4086045280758,4
3559,Blue One M,South West,3000,0,0.3847563681677828,1154.2691045033484,4
3560,Blue One M,Adamawa,3000,0,0.4552584346381538,1365.7753039144613,4
3561,Blue One M,East,3000,0,0.0015477764798359174,4.6433294395077525,2
3562,Blue One M,North,3000,0,0.40275485858497534,1208.264575754926,4
3563,Blue One M,Adamawa,3000,0,0.3374221668384621,1012.2665005153863,4
3564,Blue One M,West,3000,1,0.3201423612668096,960.4270838004288,4
3565,Blue One M,West,3000,1,0.9999992733793286,2999.997820137986,9
3566,Blue One M,North West,3000,1,0.4468665643761514,1340.5996931284542,4
3567,Blue One M,Adamawa,3000,0,0.0014139994392774087,4.241998317832226,1
3568,Blue One M,North,3000,1,0.2987643939011817,896.2931817035451,3
3569,Blue One M,Centre,3000,0,0.4091121948658093,1227.3365845974279,4
3570,Blue One M,North West,3000,1,0.999999050663317,2999.997151989951,9
3571,Blue One M,Centre,3000,1,0.9999994417628396,2999.998325288519,10
3588,Blue One M,South,3000,0,0.0012771896669878115,3.8315690009634347,1
3589,Blue One M,Adamawa,3000,0,0.4547523463498467,1364.25703904954,4
3590,Blue One M,Centre,3000,1,0.41721681855626247,1251.6504556687873,4
3591,Blue One M,North West,3000,0,0.4686327013158773,1405.8981039476319,5
3592,Blue One M,North,3000,1,0.9999989902855814,2999.996970856744,9
3593,Blue One M,North,3000,0,0.0012250381506805923,3.6751144520417767,1
3594,Blue One M,North,3000,1,0.3692367026323314,1107.710107896994,4
3595,Blue One M,Centre,3000,1,0.4290297989739746,1287.0893969219237,4
3596,Blue One M,North,3000,1,0.9999990559835793,2999.997167950738,9
3597,Blue One M,North West,3000,0,0.0014695150629124526,4.4085451887373575,2
3598,Blue One M,Littoral,3000,0,0.4070016185602967,1221.0048556808902,4
3599,Blue One M,West,3000,0,0.42857898181054244,1285.7369454316274,4
3600,Blue One M,Adamawa,3000,1,0.999999166124197,2999.997498372591,9
3601,Blue One S,East,2000,0,0.18810329691551927,376.20659383103856,3
3602,Blue One M,South West,3000,0,0.0012293744487957836,3.688123346387351,1
3603,Blue One M,North,3000,0,0.40720855838989933,1221.625675169698,4
3604,Blue One M,Far North,3000,1,0.400904721244263,1202.714163732789,4
3605,Blue One M,North,3000,0,0.0012361213308151621,3.7083639924454865,1
3606,Blue One M,North West,3000,1,0.9999991295632897,2999.9973886898692,9
3607,Blue One M,South West,3000,1,0.9999988043277365,2999.996412983209,8
3608,Blue One M,East,3000,0,0.0012564672175076096,3.769401652522829,1
3609,Blue One M,Centre,3000,0,0.413007807392119,1239.023422176357,4
3610,Blue One M,East,3000,1,0.9999991332265256,2999.9973996795766,9
3611,Blue One M,Littoral,3000,1,0.4248687804474343,1274.606341342303,4
3612,Blue One M,North,3000,0,0.0013122689885598038,3.9368069656794114,1
3613,Blue One M,Centre,3000,0,0.41072694950642724,1232.1808485192817,4
3614,Blue One M,Far North,3000,0,0.00150860768268358,4.52582304805074,2
3615,Blue One M,North West,3000,1,0.4425855962584222,1327.7567887752666,4
3616,Blue One M,Far North,3000,1,0.9999990927412996,2999.997278223899,9
3617,Blue One M,Far North,3000,0,0.0012099238712266441,3.6297716136799325,1
3618,Blue One M,South,3000,0,0.4287577658623551,1286.2732975870654,4
3619,Blue One M,East,3000,0,0.001547085608551534,4.641256825654602,2
3620,Blue One M,Littoral,3000,0,0.41884202186399083,1256.5260655919724,4
3621,Blue One M,Littoral,3000,0,0.0012565112406625549,3.769533721987665,1
3622,Blue One M,South,3000,0,0.4135961799848129,1240.7885399544386,4
3623,Blue One M,North West,3000,0,0.511525062401428,1534.575187204284,5
3624,Blue One M,East,3000,0,0.0005487988103170425,1.6463964309511274,1
3625,Blue One M,Littoral,3000,0,0.0012182772793528918,3.6548318380586755,1
3626,Blue One M,East,3000,1,0.9999990535740826,2999.997160722248,9
3627,Blue One M,East,3000,1,0.9999992076273366,2999.99762288201,9
3628,Blue One M,North,3000,0,0.001258149376431494,3.774448129294482,1
3629,Blue One M,South West,3000,0,0.4221837630071919,1266.5512890215757,4
3630,Blue One M,North,3000,1,0.40653547798766176,1219.6064339629852,4
3631,Blue One M,Littoral,3000,1,0.9999990480406097,2999.997144121829,9
3632,Blue One M,West,3000,0,0.43967879259036186,1319.0363777710857,4
3633,Blue One M,Adamawa,3000,0,0.43977118501497303,1319.313555044919,4
3634,Blue One M,West,3000,1,0.4787948395111552,1436.3845185334656,5
3635,Blue One M,Adamawa,3000,0,0.001815749940942,5.4472498228260005,2
3636,Blue One M,West,3000,1,0.4745818709301189,1423.7456127903567,5
3637,Blue One M,East,3000,1,0.999999074186076,2999.9972225582283,9
3638,Blue One M,North West,3000,0,0.4523033322182885,1356.9099966548656,4
3639,Blue One M,Centre,3000,0,0.38176172695997734,1145.285180879932,4
3640,Blue One M,West,3000,0,0.0016732866888683334,5.019860066605,2
3641,Blue One M,Adamawa,3000,1,0.4454863735745851,1336.4591207237552,4
3642,Blue One M,South West,3000,1,0.9999992077222075,2999.9976231666224,9
3643,Blue One M,Littoral,3000,1,0.99999905804282,2999.99717412846,9
3644,Blue One M,Adamawa,3000,0,0.46100926912237716,1383.0278073671316,5
3645,Blue One M,Centre,3000,1,0.42170562166542624,1265.1168649962788,4
3646,Blue One M,Far North,3000,1,0.9999991142665039,2999.997342799512,9
3647,Blue One M,South,3000,1,0.9999991894923667,2999.9975684771,9
3648,Blue One M,East,3000,1,0.44878405924717674,1346.35217774153,4
3649,Blue One M,Far North,3000,0,0.0018227553848055593,5.4682661544166775,2
3650,Blue One M,Adamawa,3000,1,0.9999993213087691,2999.9979639263074,9
3651,Blue One M,Centre,3000,0,0.48240039560124576,1447.2011868037373,5
3652,Blue One M,South West,3000,0,0.41395054354590594,1241.8516306377178,4
3653,Blue One M,East,3000,1,0.9999992848010834,2999.99785440325,9
3654,Blue One M,North West,3000,0,0.0017368502536805324,5.210550761041597,2
3655,Blue One M,West,3000,0,0.0013504820273381587,4.051446082014476,1
3656,Blue One M,South,3000,0,0.42326012780515204,1269.780383415456,4
3657,Blue One M,North,3000,0,0.0015047251601144312,4.514175480343294,2
3658,Blue One M,North West,3000,1,0.5061215287006895,1518.3645861020684,5
3659,Blue One M,South,3000,0,0.0015280990154685561,4.584297046405668,2
3660,Blue One M,Adamawa,3000,1,0.4517519372926598,1355.2558118779793,4
3661,Blue One M,Centre,3000,1,0.9999990200290105,2999.9970600870315,9
3662,Blue One M,Littoral,3000,0,0.40927615730105715,1227.8284719031715,4
3663,Blue One M,South,3000,0,0.0013050681417293803,3.915204425188141,1
3664,Blue One M,North West,3000,1,0.46823585802095735,1404.707574062872,5
3665,Blue One M,Far North,3000,0,0.0014578865398644232,4.373659619593269,2
3666,Blue One M,North West,3000,0,0.0014903503086886511,4.471050926065954,2
3667,Blue One M,Far North,3000,1,0.9999991277106756,2999.9973831320267,9
3668,Blue One M,Far North,3000,0,0.44111471612246606,1323.3441483673982,4
3669,Blue One M,North West,3000,0,0.34572597176955605,1037.1779153086682,4
3670,Blue One M,East,3000,1,0.4643256437069303,1392.9769311207908,5
3671,Blue One M,South West,3000,1,0.9999989583548147,2999.996875064444,9
3672,Blue One M,Adamawa,3000,1,0.4373546417529332,1312.0639252587996,4
3673,Blue One M,Centre,3000,0,0.3858616284875127,1157.584885462538,4
3674,Blue One M,East,3000,0,0.44190496048582406,1325.714881457472,4
3675,Blue One M,Centre,3000,0,0.4000433737244828,1200.1301211734483,4
3676,Blue One M,East,3000,1,0.42946478888370293,1288.3943666511088,4
3677,Blue One M,West,3000,1,0.9999990243672576,2999.997073101773,9
3678,Blue One M,West,3000,0,0.43427345069810863,1302.820352094326,4
3679,Blue One M,Littoral,3000,1,0.9999993595782986,2999.9980787348954,9
3680,Blue One M,Littoral,3000,1,0.9999989956944112,2999.9969870832338,9
3681,Blue One M,Centre,3000,0,0.0012821736137657149,3.8465208412971443,1
3682,Blue One M,Far North,3000,1,0.436869335381001,1310.608006143003,4
3683,Blue One M,South West,3000,0,0.4243850948126043,1273.155284437813,4
3684,Blue One M,Centre,3000,0,0.0013147328703913075,3.9441986111739227,1
3685,Blue One M,Adamawa,3000,0,0.4428786461155706,1328.6359383467118,4
3689,Blue One M,East,3000,0,0.0005886080288994777,1.765824086698433,1
3690,Blue One M,Centre,3000,0,0.0005165223509950306,1.5495670529850918,1
3691,Blue One M,East,3000,0,0.0005434419521524737,1.630325856457421,1
3692,Blue One M,West,3000,0,0.0003374273692171601,1.0122821076514803,1
3693,Blue One M,North West,3000,0,0.2784970678547534,835.4912035642602,3
3694,Blue One M,West,3000,0,0.25714883913756853,771.4465174127056,3
3701,Blue One M,Adamawa,3000,0,0.0014414849549557747,4.324454864867324,2
3702,Blue One M,Centre,3000,0,0.0013065164524026403,3.919549357207921,1
3703,Blue One M,Centre,3000,1,0.41748376612161003,1252.45129836483,4
3704,Blue One M,South,3000,1,0.3968517920500104,1190.5553761500312,4
3705,Blue One M,Centre,3000,1,0.4118728137732775,1235.6184413198325,4
3706,Blue One M,Far North,3000,0,0.001453253739399818,4.359761218199454,2
3707,Blue One M,North West,3000,0,0.0014700997317374006,4.410299195212202,2
3708,Blue One M,South,3000,1,0.4146358805187046,1243.9076415561137,4
3709,Blue One M,North West,3000,1,0.4624843528685124,1387.4530586055373,5
3710,Blue One M,South West,3000,0,0.4221837630071919,1266.5512890215757,4
3711,Blue One M,South West,3000,1,0.39897424911693846,1196.9227473508154,4
3712,Blue One M,Littoral,3000,0,0.0012139218705651989,3.6417656116955968,1
3713,Blue One M,North West,3000,0,0.4438637863529892,1331.5913590589676,4
3714,Blue One M,North,3000,0,0.295476836307261,886.430508921783,3
3715,Blue One M,South,3000,0,0.31900152549600513,957.0045764880153,4
3716,Blue One M,South West,3000,1,0.29301503517459254,879.0451055237776,3
3717,Blue One M,Far North,3000,1,0.9999991026751746,2999.9973080255236,9
3718,Blue One M,Far North,3000,1,0.9999990959887389,2999.997287966217,9
3719,Blue One M,East,3000,0,0.0014534205599823636,4.360261679947091,2
3720,Blue One M,North West,3000,1,0.9999989893396946,2999.996968019084,9
3721,Blue One M,South,3000,1,0.4082778480863281,1224.8335442589844,4
3722,Blue One M,North,3000,0,0.4056941615966481,1217.0824847899444,4
3723,Blue One M,Far North,3000,0,0.0012118513561049382,3.6355540683148146,1
3724,Blue One M,North West,3000,0,0.3525068703629989,1057.5206110889967,4
3725,Blue One M,Far North,3000,1,0.9999994489748992,2999.9983469246977,10
3726,Blue One M,Adamawa,3000,0,0.30330869828146617,909.9260948443986,3
3727,Blue One M,East,3000,0,0.0005460184197540429,1.638055259262129,1
3728,Blue One M,Adamawa,3000,0,0.00044200482038316604,1.3260144611494982,1
3729,Blue One M,North,3000,1,0.9999989933515555,2999.9969800546664,9
3730,Blue One L,East,5000,1,0.9999998819455753,4999.999409727877,10
3731,Blue One L,West,5000,0,0.0015863190600571508,7.931595300285754,2
3732,Blue One L,Centre,5000,0,0.5978495241782353,2989.2476208911767,7
3733,Blue One M,Littoral,3000,1,0.40357968732892746,1210.7390619867824,4
3734,Blue One M,North,3000,0,0.408351408970532,1225.054226911596,4
3736,Blue One M,Centre,3000,1,0.3040533244133366,912.1599732400098,3
3737,Blue One M,Far North,3000,0,0.3379176028797083,1013.7528086391249,4
3738,Blue One M,North,3000,0,0.0015071215733429406,4.521364720028822,2
3741,Blue One M,West,3000,0,0.43427345069810863,1302.820352094326,4
3742,Blue One M,Far North,3000,0,0.44294574171021206,1328.8372251306362,4
3743,Blue One M,South West,3000,0,0.0012365539661118694,3.709661898335608,1
3744,Blue One M,North,3000,0,0.40238328905100795,1207.149867153024,4
3745,Blue One M,Littoral,3000,1,0.9999992116901267,2999.99763507038,9
3746,Blue One M,South West,3000,0,0.0016174638977713074,4.852391693313922,2
3747,Blue One L,North West,5000,1,0.6415094764099261,3207.5473820496304,8
3748,Blue One M,Far North,3000,0,0.5071835371057831,1521.5506113173494,5
3749,Blue One M,Adamawa,3000,0,0.505820899848003,1517.4626995440092,5
3750,Blue One M,North,3000,0,0.4061627925410098,1218.4883776230295,4
3751,Blue One M,East,3000,1,0.4919385791406583,1475.815737421975,5
3752,Blue One M,East,3000,0,0.001510337049098749,4.531011147296247,2
3753,Blue One M,West,3000,0,0.0014352368915237052,4.305710674571116,2
3754,Blue One M,West,3000,0,0.001416215601993123,4.248646805979369,1
3755,Blue One M,Littoral,3000,0,0.4124984172991958,1237.4952518975874,4
3756,Blue One M,North West,3000,1,0.5076905613186331,1523.0716839558993,5
3757,Blue One M,East,3000,0,0.4735088348530584,1420.5265045591752,5
3758,Blue One M,South West,3000,0,0.4684714601973229,1405.4143805919687,5
3759,Blue One M,Littoral,3000,0,0.0015111594888895085,4.533478466668526,2
3761,Blue One M,South,3000,1,0.478281016717885,1434.843050153655,5
3762,Blue One M,East,3000,0,0.49206253217883444,1476.1875965365034,5
3763,Blue One M,East,3000,1,0.4986258443972001,1495.8775331916004,5
3764,Blue One M,Adamawa,3000,1,0.460229470189163,1380.688410567489,5
3765,Blue One M,Adamawa,3000,1,0.44238717793134863,1327.161533794046,4
3766,Blue One M,Far North,3000,1,0.999999248144086,2999.997744432258,9
3767,Blue One M,Littoral,3000,0,0.0016358915015412601,4.90767450462378,2
3768,Blue One M,Littoral,3000,0,0.4170814874341609,1251.2444623024828,4
3769,Blue One M,South West,3000,1,0.999999217956577,2999.997653869731,9
3770,Blue One M,Adamawa,3000,0,0.0014809894199370847,4.442968259811254,2
3771,Blue One M,Far North,3000,1,0.9999990807764351,2999.997242329305,9
3772,Blue One M,Littoral,3000,0,0.4723658069413008,1417.0974208239024,5
3773,Blue One M,West,3000,1,0.9999991359809233,2999.9974079427698,9
3774,Blue One M,Littoral,3000,0,0.0016179297484388356,4.853789245316507,2
3775,Blue One M,Centre,3000,0,0.0013423079942070106,4.026923982621032,1
3776,Blue One M,West,3000,0,0.4850760756938589,1455.2282270815767,5
3777,Blue One M,Far North,3000,1,0.999999268829766,2999.997806489298,9
3778,Blue One M,East,3000,1,0.45229860932712984,1356.8958279813896,4
3779,Blue One M,South West,3000,1,0.42400773699752536,1272.0232109925762,4
3780,Blue One M,South West,3000,1,0.46993562380301485,1409.8068714090446,5
3781,Blue One M,North,3000,0,0.001236613255408781,3.7098397662263434,1
3782,Blue One M,West,3000,0,0.46017862751903454,1380.5358825571036,5
3783,Blue One M,Adamawa,3000,0,0.0018552719199636748,5.5658157598910245,2
3784,Blue One M,Far North,3000,0,0.44294574171021206,1328.8372251306362,4
3785,Blue One M,Far North,3000,0,0.44061163333574405,1321.8349000072321,4
3786,Blue One M,North,3000,0,0.4129089614550419,1238.7268843651257,4
3787,Blue One M,Adamawa,3000,0,0.00044182885108971776,1.3254865532691533,1
3788,Blue One M,South,3000,0,0.2590730020307634,777.2190060922902,3
3789,Blue One M,North,3000,0,0.0003785272315562938,1.1355816946688815,1
3790,Blue One M,North West,3000,0,0.00045270089814209986,1.3581026944262995,1
3791,Blue One M,West,3000,0,0.2586365581371082,775.9096744113245,3
3792,Blue One M,Littoral,3000,1,0.25186159463118996,755.5847838935699,3
3793,Blue One M,South,3000,0,0.0004221306323163702,1.2663918969491106,1
3794,Blue One M,East,3000,0,0.0004882241225231876,1.4646723675695628,1
3795,Blue One M,North,3000,0,0.304667940409769,914.003821229307,4
3796,Blue One M,East,3000,0,0.2837995160718197,851.3985482154591,3
3797,Blue One M,Littoral,3000,0,0.0004051579810652846,1.2154739431958537,1
3798,Blue One M,Centre,3000,0,0.2562077105774901,768.6231317324703,3
3799,Blue One M,North West,3000,0,0.00047369709197410864,1.421091275922326,1
3800,Blue One M,East,3000,0,0.29604848453403976,888.1454536021192,3
3801,Blue One M,Centre,3000,0,0.0003827383823623209,1.1482151470869626,1
3802,Blue One M,Littoral,3000,0,0.24987653906482804,749.6296171944841,3
3803,Blue One M,South,3000,1,0.9999992280181689,2999.9976840545064,9
3804,Blue One M,East,3000,1,0.3013182927172612,903.9548781517835,3
3805,Blue One M,South,3000,0,0.00039203108059547066,1.176093241786412,1
3806,Blue One M,Adamawa,3000,1,0.29360641226372985,880.8192367911896,3
3807,Blue One M,Adamawa,3000,0,0.2804719334082077,841.4158002246231,3
3808,Blue One M,South West,3000,0,0.00032513408247724913,0.9754022474317474,1
3809,Blue One M,West,3000,1,0.2730082861980485,819.0248585941455,3
3810,Blue One M,Far North,3000,0,0.2777698058843983,833.3094176531949,3
3811,Blue One M,Adamawa,3000,0,0.2906705461589202,872.0116384767606,3
3812,Blue One M,Littoral,3000,0,0.00032118721019077436,0.963561630572323,1
3813,Blue One M,North,3000,0,0.2624879028839585,787.4637086518755,3
3814,Blue One M,Centre,3000,0,0.0003851475871412462,1.1554427614237386,1
3815,Blue One M,South,3000,1,0.9999992231569437,2999.997669470831,9
3816,Blue One M,Far North,3000,0,0.00042129701316230453,1.2638910394869136,1
3818,Blue One M,Littoral,3000,0,0.0003715755423258001,1.1147266269774003,1
3819,Blue One M,Far North,3000,0,0.00042129701316230453,1.2638910394869136,1
3820,Blue One M,West,3000,0,0.0003860899257628313,1.158269777288494,1
3821,Blue One S,Adamawa,2000,0,0.16214904284651546,324.29808569303094,3
3831,Blue One S,West,2000,0,0.0001774832207717013,0.3549664415434026,1
3834,Blue One M,Centre,3000,0,0.2583207540142828,774.9622620428484,3
3836,Blue One S,South,2000,0,0.1457622203042852,291.5244406085704,3
3837,Blue One M,North,3000,1,0.9999994248476471,2999.9982745429415,10
3838,Blue One M,North West,3000,0,0.29922599314513615,897.6779794354085,3
3839,Blue One M,East,3000,0,0.0005931986733486411,1.7795960200459233,1
3840,Blue One M,West,3000,1,0.9999990591391675,2999.997177417503,9
3841,Blue One M,Adamawa,3000,1,0.3252983520725113,975.8950562175338,4
3842,Blue One M,South West,3000,1,0.29196337489598656,875.8901246879597,3
3843,Blue One M,Centre,3000,1,0.2991003571741501,897.3010715224503,3
3844,Blue One M,Centre,3000,0,0.00047484681172493376,1.4245404351748012,1
3845,Blue One M,South West,3000,0,0.0004921391229237574,1.476417368771272,1
3846,Blue One M,Centre,3000,0,0.2688426055429834,806.5278166289502,3
3847,Blue One M,Centre,3000,0,0.0004776453025635353,1.4329359076906059,1
3848,Blue One M,North,3000,0,0.0004515517365870549,1.3546552097611646,1
3849,Blue One M,North West,3000,0,0.00045627656117606214,1.3688296835281863,1
3850,Blue One M,South West,3000,0,0.00046812924468131646,1.4043877340439495,1
3851,Blue One M,North West,3000,0,0.0005842111468593615,1.7526334405780846,1
3852,Blue One M,West,3000,0,0.0005204226594503734,1.5612679783511203,1
3853,Blue One M,North,3000,0,0.2915616534554561,874.6849603663683,3
3854,Blue One M,North West,3000,0,0.0005453768722107226,1.6361306166321676,1
3855,Blue One M,East,3000,0,0.32589750056450273,977.6925016935082,4
3856,Blue One M,West,3000,0,0.2557529704021114,767.2589112063342,3
3857,Blue One M,Adamawa,3000,0,0.00043699323094996694,1.310979692849901,1
3858,Blue One M,West,3000,1,0.9999992864827112,2999.9978594481336,9
3859,Blue One M,South,3000,1,0.999999246897539,2999.9977406926173,9
3860,Blue One M,Adamawa,3000,0,0.0005645895602595766,1.6937686807787298,1
3861,Blue One M,East,3000,1,0.2987550589503987,896.2651768511962,3
3862,Blue One M,Adamawa,3000,1,0.9999991857574213,2999.9975572722637,9
3863,Blue One M,Far North,3000,0,0.0005224464257962508,1.5673392773887522,1
3864,Blue One M,North West,3000,0,0.00044306556761608995,1.3291967028482699,1
3865,Blue One M,East,3000,0,0.28253522422336846,847.6056726701054,3
3866,Blue One M,West,3000,0,0.0004288333737018204,1.2865001211054612,1
3867,Blue One M,North,3000,0,0.00045297059044389036,1.3589117713316712,1
3868,Blue One M,Littoral,3000,1,0.2999270042902317,899.7810128706951,3
3869,Blue One M,Adamawa,3000,0,0.0004149440581573012,1.2448321744719035,1
3870,Blue One M,North West,3000,0,0.00045412336122329104,1.362370083669873,1
3871,Blue One M,North West,3000,0,0.2687382808727056,806.2148426181169,3
3872,Blue One M,Far North,3000,0,0.00043591637072606145,1.3077491121781843,1
3873,Blue One M,Centre,3000,0,0.00039789807045541867,1.193694211366256,1
3874,Blue One M,Far North,3000,0,0.27934178628030826,838.0253588409248,3
3875,Blue One M,Far North,3000,1,0.9999994734096358,2999.9984202289074,10
3876,Blue One M,East,3000,0,0.33934922264215966,1018.047667926479,4
3877,Blue One M,North West,3000,1,0.3292815152124946,987.8445456374839,4
3878,Blue One M,Centre,3000,0,0.25598927520790543,767.9678256237163,3
3879,Blue One M,Littoral,3000,0,0.25187997946939245,755.6399384081774,3
3880,Blue One M,Adamawa,3000,0,0.2606408419455291,781.9225258365873,3
3881,Blue One M,North,3000,0,0.000404718412647535,1.214155237942605,1
3882,Blue One M,West,3000,0,0.0003648958069825942,1.0946874209477826,1
3883,Blue One M,South West,3000,0,0.0003779249655025352,1.1337748965076055,1
3884,Blue One M,South West,3000,0,0.2479694803185654,743.9084409556962,3
3888,Blue One M,South,3000,0,0.43647372378070676,1309.4211713421203,4
3889,Blue One M,South West,3000,0,0.0012482985643723383,3.744895693117015,1
3890,Blue One M,Far North,3000,1,0.43608533473726624,1308.2560042117987,4
3891,Blue One M,Littoral,3000,1,0.9999987453543041,2999.9962360629124,8
3892,Blue One M,East,3000,0,0.0016090072871066546,4.827021861319964,2
3893,Blue One M,Far North,3000,0,0.0005605682900807683,1.681704870242305,1
3894,Blue One M,Adamawa,3000,1,0.9999989820722962,2999.996946216889,9
3895,Blue One M,Far North,3000,0,0.4565865088002929,1369.7595264008787,4
3896,Blue One M,North,3000,1,0.4079664204266494,1223.8992612799482,4
3897,Blue One M,North,3000,1,0.9999990091225783,2999.997027367735,9
3898,Blue One M,Centre,3000,1,0.99999894327253,2999.99682981759,9
3899,Blue One M,Centre,3000,0,0.3212270711493192,963.6812134479576,4
3900,Blue One M,North West,3000,0,0.3957057256837843,1187.1171770513529,4
3901,Blue One M,South,3000,1,0.9999990974152295,2999.9972922456886,9
3902,Blue One M,Far North,3000,1,0.4391751532242308,1317.5254596726923,4
3903,Blue One M,Far North,3000,0,0.4387826563041855,1316.3479689125566,4
3904,Blue One M,West,3000,0,0.0013082112956246108,3.9246338868738326,1
3905,Blue One M,Centre,3000,0,0.4354731660210901,1306.4194980632703,4
3906,Blue One M,South West,3000,0,0.40321084617887176,1209.6325385366154,4
3907,Blue One M,South West,3000,0,0.29261262584720416,877.8378775416124,3
3908,Blue One M,Centre,3000,0,0.30506599138165164,915.1979741449549,4
3909,Blue One M,North West,3000,1,0.4631656394849661,1389.4969184548982,5
3910,Blue One M,Adamawa,3000,0,0.3239221209434347,971.766362830304,4
3911,Blue One M,North West,3000,1,0.39345637191838195,1180.369115755146,4
3912,Blue One M,Littoral,3000,0,0.39953293650421473,1198.5988095126443,4
3913,Blue One M,North,3000,1,0.37107175893055905,1113.215276791677,4
3914,Blue One M,East,3000,0,0.0015839933860673997,4.751980158202199,2
3915,Blue One M,North,3000,1,0.99999883542533,2999.9965062759898,8
3916,Blue One M,North West,3000,0,0.4631535097513824,1389.4605292541473,5
3917,Blue One M,South West,3000,1,0.41940331754515364,1258.209952635461,4
3918,Blue One M,Adamawa,3000,1,0.44005368776362186,1320.1610632908655,4
3919,Blue One M,North West,3000,0,0.0014786829976008256,4.436048992802477,2
3920,Blue One M,South West,3000,0,0.40171296660102357,1205.1388998030707,4
3921,Blue One M,Centre,3000,1,0.4290417492464699,1287.1252477394096,4
3922,Blue One M,South West,3000,0,0.0012312128971045725,3.6936386913137174,1
3923,Blue One M,Centre,3000,0,0.001390727515806521,4.172182547419563,1
3924,Blue One M,West,3000,0,0.0013021064324926909,3.9063192974780727,1
3925,Blue One M,West,3000,1,0.999999018566786,2999.997055700358,9
3926,Blue One M,Adamawa,3000,0,0.4595488053468309,1378.6464160404928,4
3927,Blue One M,Centre,3000,0,0.4374211359237603,1312.263407771281,4
3928,Blue One M,North West,3000,1,0.9999991467807919,2999.9974403423757,9
3929,Blue One M,West,3000,1,0.4346410628175294,1303.9231884525882,4
3930,Blue One M,Adamawa,3000,0,0.43930447853706417,1317.9134356111924,4
3931,Blue One M,North West,3000,0,0.0015422742700352448,4.626822810105734,2
3932,Blue One M,Adamawa,3000,1,0.9999991119051912,2999.9973357155736,9
3933,Blue One M,Adamawa,3000,0,0.3850574942384291,1155.1724827152873,4
3934,Blue One M,Littoral,3000,0,0.3668472597715537,1100.541779314661,4
3935,Blue One M,South,3000,0,0.001359645526289983,4.078936578869949,1
3936,Blue One M,Littoral,3000,1,0.999998968976269,2999.996906928807,9
3937,Blue One M,Far North,3000,1,0.437531598360842,1312.594795082526,4
3938,Blue One M,East,3000,1,0.43882297693511035,1316.468930805331,4
3939,Blue One M,Far North,3000,0,0.0014992544914980835,4.497763474494251,2
3940,Blue One M,East,3000,0,0.0015496248575647715,4.648874572694314,2
3941,Blue One M,West,3000,0,0.3809629959783197,1142.888987934959,4
3942,Blue One M,South,3000,0,0.30001723368642264,900.0517010592679,3
3943,Blue One M,North West,3000,1,0.9999991335882726,2999.997400764818,9
3944,Blue One M,South West,3000,0,0.26245651987074475,787.3695596122343,3
3945,Blue One M,Far North,3000,1,0.46313231731966875,1389.3969519590062,5
3946,Blue One M,North West,3000,0,0.00045412336122329104,1.362370083669873,1
3947,Blue One M,Adamawa,3000,0,0.4401638726664421,1320.4916179993263,4
3948,Blue One M,Centre,3000,1,0.999999089525052,2999.997268575156,9
3949,Blue One M,North,3000,0,0.37400644737626604,1122.0193421287981,4
3950,Blue One M,North West,3000,0,0.0014997941386791346,4.499382416037404,2
3951,Blue One M,Far North,3000,0,0.45259678451681123,1357.7903535504338,4
3952,Blue One M,Centre,3000,1,0.999999036777233,2999.997110331699,9
3953,Blue One M,East,3000,0,0.0016065273748185878,4.8195821244557635,2
3954,Blue One M,South West,3000,0,0.22615686552872336,678.47059658617,3
3955,Blue One M,Littoral,3000,0,0.0013276886380550457,3.9830659141651372,1
3956,Blue One M,Centre,3000,0,0.001302427494050683,3.9072824821520493,1
3957,Blue One M,North West,3000,0,0.44696503467875087,1340.8951040362526,4
3958,Blue One M,North West,3000,1,0.9999991440986167,2999.99743229585,9
3959,Blue One M,Adamawa,3000,1,0.4147158594251754,1244.1475782755263,4
3960,Blue One M,West,3000,1,0.9999989330120362,2999.9967990361088,9
3961,Blue One M,North,3000,0,0.0012517187011826278,3.7551561035478835,1
3962,Blue One M,West,3000,0,0.4280911888007652,1284.2735664022955,4
3963,Blue One M,West,3000,1,0.9999993951905334,2999.9981855716,10
3964,Blue One M,South,3000,1,0.9999990119269295,2999.997035780789,9
3965,Blue One M,Littoral,3000,1,0.9999993180994544,2999.9979542983633,9
3966,Blue One M,East,3000,0,0.0013146102422005729,3.9438307266017185,1
3967,Blue One M,South,3000,0,0.4097952391571727,1229.385717471518,4
3968,Blue One M,East,3000,1,0.999999229936266,2999.997689808798,9
3969,Blue One M,Far North,3000,1,0.4065774036124154,1219.7322108372462,4
3970,Blue One M,North West,3000,0,0.4523033322182885,1356.9099966548656,4
3971,Blue One M,Adamawa,3000,1,0.4083041230370271,1224.9123691110813,4
3972,Blue One M,East,3000,0,0.446172560255134,1338.517680765402,4
3973,Blue One M,East,3000,1,0.4480077509788952,1344.0232529366856,4
3974,Blue One M,West,3000,0,0.38468235525940203,1154.0470657782062,4
3975,Blue One M,Adamawa,3000,0,0.0014614131284596016,4.384239385378805,2
3976,Blue One M,Adamawa,3000,0,0.4377348507957189,1313.2045523871566,4
3977,Blue One M,Littoral,3000,1,0.40510332772568225,1215.3099831770467,4
3978,Blue One M,Far North,3000,0,0.0014533245332963057,4.359973599888917,2
3979,Blue One M,Adamawa,3000,0,0.0014637406644123138,4.391221993236941,2
3980,Blue One M,South West,3000,1,0.9999990473865707,2999.9971421597124,9
3981,Blue One M,West,3000,0,0.4300193344879485,1290.0580034638456,4
3982,Blue One M,South West,3000,0,0.4065238960438757,1219.571688131627,4
3983,Blue One M,West,3000,0,0.4152324619832934,1245.69738594988,4
3984,Blue One M,Adamawa,3000,1,0.9999991243818229,2999.997373145469,9
3985,Blue One M,East,3000,1,0.46168733349557983,1385.0620004867394,5
3986,Blue One M,North West,3000,0,0.3467751150971438,1040.3253452914314,4
3987,Blue One M,South,3000,0,0.0013746098970902783,4.123829691270835,1
3988,Blue One M,Littoral,3000,0,0.40216540866192907,1206.4962259857873,4
3989,Blue One M,Adamawa,3000,0,0.4390100651427186,1317.0301954281558,4
3991,Blue One M,South West,3000,1,0.40653566577930333,1219.6069973379101,4
3992,Blue One M,Adamawa,3000,1,0.4582747771944304,1374.824331583291,4
3993,Blue One M,South West,3000,1,0.9999988943652162,2999.9966830956487,8
3994,Blue One M,South West,3000,0,0.3097368444584558,929.2105333753674,4
3995,Blue One M,South West,3000,0,0.27600478776979476,828.0143633093843,3
3996,Blue One M,Far North,3000,1,0.9999994767303912,2999.9984301911736,10
3997,Blue One M,East,3000,1,0.44452357487947525,1333.5707246384256,4
3998,Blue One M,Littoral,3000,0,0.40548746493813725,1216.4623948144117,4
3999,Blue One M,Centre,3000,0,0.0013642749575013032,4.092824872503909,1
4000,Blue One M,Littoral,3000,0,0.4016982700124922,1205.0948100374767,4
4001,Blue One M,North,3000,1,0.999998890500887,2999.996671502661,8
4002,Blue One M,West,3000,0,0.0013854823625371023,4.156447087611307,1
4003,Blue One M,Centre,3000,1,0.42855382454942165,1285.661473648265,4
4004,Blue One M,South,3000,0,0.37606009376185173,1128.180281285555,4
4005,Blue One M,South,3000,0,0.42886728866314733,1286.6018659894419,4
4006,Blue One M,North West,3000,0,0.44763043664176794,1342.8913099253039,4
4007,Blue One M,Adamawa,3000,0,0.29219007932459085,876.5702379737726,3
4008,Blue One M,South West,3000,1,0.42133305385765174,1263.9991615729552,4
4009,Blue One M,South,3000,1,0.9999990616052385,2999.9971848157156,9
4010,Blue One M,Littoral,3000,0,0.00046242477754016817,1.3872743326205046,1
4011,Blue One M,Adamawa,3000,0,0.0005683690526047541,1.7051071578142623,1
4012,Blue One M,West,3000,1,0.4094260287963383,1228.278086389015,4
4013,Blue One M,East,3000,1,0.44646795422536045,1339.4038626760814,4
4014,Blue One M,Adamawa,3000,0,0.43541873123005664,1306.25619369017,4
4015,Blue One M,South West,3000,0,0.0012096558920047953,3.628967676014386,1
4016,Blue One M,Littoral,3000,1,0.4175817833588704,1252.7453500766112,4
4017,Blue One M,East,3000,0,0.0014313912665166132,4.2941737995498395,2
4018,Blue One M,Littoral,3000,0,0.36721751336655134,1101.652540099654,4
4019,Blue One M,South West,3000,1,0.2568713761814018,770.6141285442054,3
4020,Blue One M,Far North,3000,0,0.0014150840817827714,4.245252245348314,1
4021,Blue One M,Adamawa,3000,0,0.0005983666755961202,1.7951000267883606,1
4022,Blue One M,Centre,3000,1,0.31509922356829767,945.297670704893,4
4023,Blue One M,North West,3000,0,0.29300621497247314,879.0186449174195,3
4024,Blue One M,South West,3000,1,0.999998938975468,2999.996816926404,9
4025,Blue One M,Far North,3000,1,0.9999988541001973,2999.996562300592,8
4026,Blue One M,Centre,3000,1,0.9999990593714015,2999.9971781142044,9
4027,Blue One M,Centre,3000,1,0.9999994452831644,2999.9983358494933,10
4028,Blue One M,North,3000,1,0.2988478611161109,896.5435833483326,3
4029,Blue One M,East,3000,1,0.9999995070557756,2999.9985211673265,10
4030,Blue One M,West,3000,1,0.3076711055401811,923.0133166205434,4
4031,Blue One M,South West,3000,0,0.29074955950444625,872.2486785133387,3
4032,Blue One M,North West,3000,0,0.000552016497213864,1.6560494916415918,1
4034,Blue One M,Centre,3000,0,0.001301909422688772,3.905728268066316,1
4035,Blue One M,Centre,3000,0,0.37806472690970927,1134.1941807291278,4
4036,Blue One M,North,3000,0,0.0013221632943726043,3.966489883117813,1
4037,Blue One M,West,3000,1,0.39809659282206916,1194.2897784662075,4
4038,Blue One S,South West,2000,0,0.1418315782099932,283.6631564199864,3
4039,Blue One M,Far North,3000,0,0.0014222835601952722,4.266850680585817,2
4040,Blue One M,Centre,3000,1,0.41710809813189703,1251.3242943956911,4
4041,Blue One M,Littoral,3000,1,0.9999989733349088,2999.9969200047267,9
4042,Blue One M,South West,3000,0,0.4175966554619966,1252.7899663859898,4
4043,Blue One M,South,3000,1,0.4094098313307459,1228.2294939922376,4
4044,Blue One M,Adamawa,3000,1,0.34376624151074486,1031.2987245322347,4
4045,Blue One M,Adamawa,3000,0,0.0014871137371314917,4.461341211394475,2
4046,Blue One M,East,3000,1,0.999999504717443,2999.998514152329,10
4047,Blue One M,North West,3000,0,0.4460788345508517,1338.236503652555,4
4048,Blue One M,Centre,3000,0,0.4209403837524922,1262.8211512574767,4
4049,Blue One M,Far North,3000,0,0.0005202389369568204,1.5607168108704612,1
4050,Blue One M,North,3000,1,0.9999987982935853,2999.996394880756,8
4051,Blue One M,Littoral,3000,1,0.4183453266786989,1255.0359800360966,4
4052,Blue One M,Littoral,3000,0,0.00047569049002808194,1.4270714700842457,1
4053,Blue One M,North West,3000,0,0.0013587216539781783,4.076164961934535,1
4054,Blue One M,South West,3000,0,0.42286429107376067,1268.592873221282,4
4055,Blue One M,South,3000,0,0.001290796952280322,3.872390856840966,1
4056,Blue One M,East,3000,0,0.27976615322037657,839.2984596611298,3
4057,Blue One M,Far North,3000,1,0.9999990974283357,2999.997292285007,9
4058,Blue One M,Adamawa,3000,0,0.001505274478110862,4.515823434332586,2
4059,Blue One M,Littoral,3000,1,0.9999989753780869,2999.996926134261,9
4060,Blue One M,South West,3000,0,0.00032613993422394286,0.9784198026718286,1
4062,Blue One M,Littoral,3000,1,0.99999926487971,2999.99779463913,9
4063,Blue One M,Far North,3000,0,0.3446370388079447,1033.911116423834,4
4064,Blue One M,South,3000,1,0.9999994137352748,2999.9982412058243,10
4065,Blue One L,South West,5000,0,0.001086823191769939,5.434115958849694,1
4066,Blue One M,South West,3000,1,0.47121387147622795,1413.6416144286839,5
4067,Blue One L,South,5000,1,0.999999836145844,4999.99918072922,10
4068,Blue One M,East,3000,0,0.4492889785974685,1347.8669357924057,4
4069,Blue One L,West,5000,1,0.9999998694356069,4999.999347178034,10
4070,Blue One L,West,5000,0,0.0010694953559427598,5.347476779713799,1
4071,Blue One L,North West,5000,0,0.5799270865651028,2899.6354328255143,7
4072,Blue One M,North,3000,0,0.0016168194596560344,4.850458378968103,2
4073,Blue One S,South West,2000,0,0.000146596717306419,0.293193434612838,1
4074,Blue One M,Adamawa,3000,0,0.29752732467663484,892.5819740299045,3
4075,Blue One L,Centre,5000,1,0.9999998545761088,4999.999272880545,10
4076,Blue One M,East,3000,0,0.28198007273250697,845.940218197521,3
4078,Blue One L,Far North,5000,1,0.999999841984864,4999.99920992432,10
4079,Blue One M,Centre,3000,0,0.3028107423110695,908.4322269332085,3
4080,Blue One M,Centre,3000,0,0.000529623301895656,1.5888699056869682,1
4081,Blue One M,North West,3000,0,0.3432288280345727,1029.6864841037182,4
4082,Blue One L,Littoral,5000,0,0.0012634945311292254,6.317472655646127,1
4085,Blue One L,East,5000,0,0.5822145545528248,2911.072772764124,7
4087,Blue One L,East,5000,1,0.9999998727887667,4999.9993639438335,10
4088,Blue One M,Littoral,3000,1,0.5514983352764293,1654.495005829288,6
4090,Blue One S,Littoral,2000,0,0.1703525819970351,340.7051639940702,3
4092,Blue One L,North West,5000,1,0.9999997963753736,4999.998981876868,10
4093,Blue One L,Littoral,5000,1,0.9999997793251335,4999.998896625668,10
4094,Blue One L,Adamawa,5000,0,0.6070528682984535,3035.2643414922677,8
4095,Blue One L,South West,5000,0,0.00124590288396255,6.22951441981275,1
4096,Blue One L,West,5000,0,0.544319403568497,2721.5970178424845,6
4097,Blue One L,Adamawa,5000,1,0.5885467103715266,2942.7335518576333,7
4098,Blue One M,Adamawa,3000,1,0.6051142282712307,1815.3426848136921,8
4099,Blue One M,North West,3000,1,0.5925326842501735,1777.5980527505203,7
4100,Blue One L,Adamawa,5000,0,0.0014309368901613071,7.154684450806536,2
4101,Blue One M,Adamawa,3000,1,0.999999143493119,2999.9974304793573,9
4102,Blue One M,East,3000,0,0.5605408798612971,1681.6226395838912,6
4103,Blue One L,Adamawa,5000,0,0.6070528682984535,3035.2643414922677,8
4104,Blue One L,North West,5000,0,0.0015088009768610495,7.544004884305248,2
4105,Blue One L,Littoral,5000,0,0.001166659206580082,5.83329603290041,1
4106,Blue One M,Centre,3000,1,0.9999989551130264,2999.9968653390792,9
4107,Blue One M,North,3000,0,0.2503362465466062,751.0087396398186,3
4108,Blue One M,Far North,3000,0,0.32371992661131926,971.1597798339578,4
4112,Blue One M,South West,3000,1,0.9999992154981493,2999.997646494448,9
4113,Blue One M,Far North,3000,0,0.43608533473726624,1308.2560042117987,4
4114,Blue One M,North,3000,0,0.4554521340161668,1366.3564020485003,4
4115,Blue One M,East,3000,0,0.0028896985849988606,8.669095754996581,3
4116,Blue One M,Centre,3000,0,0.4805226151240895,1441.5678453722685,5
4117,Blue One M,Adamawa,3000,0,0.4351368917106352,1305.4106751319055,4
4118,Blue One M,West,3000,0,0.433881945355457,1301.645836066371,4
4119,Blue One M,West,3000,0,0.0012773373497590363,3.832012049277109,1
4120,Blue One M,East,3000,1,0.9999994096305765,2999.9982288917295,10
4121,Blue One L,Adamawa,5000,1,0.9999997942835951,4999.998971417976,10
4122,Blue One L,Centre,5000,0,0.5481836837787007,2740.9184188935037,6
4124,Blue One M,Far North,3000,1,0.5806975537296234,1742.0926611888701,7
4125,Blue One M,Centre,3000,0,0.27504701266415843,825.1410379924753,3
4126,Blue One M,Far North,3000,0,0.0014045638104608564,4.2136914313825695,1
4127,Blue One M,West,3000,0,0.2555630789145918,766.6892367437754,3
4129,Blue One M,Adamawa,3000,1,0.9999988438953643,2999.996531686093,8
4130,Blue One L,Adamawa,5000,1,0.999999806158365,4999.999030791825,10
4131,Blue One M,West,3000,0,0.4362941796600244,1308.8825389800732,4
4132,Blue One M,Centre,3000,0,0.0013946063616815801,4.183819085044741,1
4135,Blue One L,Far North,5000,1,0.9999997895195799,4999.998947597899,10
4136,Blue One L,East,5000,1,0.5833652153202655,2916.8260766013277,7
4137,Blue One M,East,3000,1,0.9999988664092264,2999.9965992276793,8
4138,Blue One M,South West,3000,1,0.9999986917162332,2999.9960751486997,8
4139,Blue One M,Far North,3000,0,0.002904186980458211,8.712560941374633,3
4140,Blue One M,South West,3000,0,0.5129239353948778,1538.7718061846333,5
4143,Blue One M,South,3000,0,0.5030174317417418,1509.0522952252256,5
4144,Blue One M,Far North,3000,0,0.45845330126573636,1375.359903797209,4
4145,Blue One M,Littoral,3000,1,0.999998980215539,2999.996940646617,9
4146,Blue One M,South,3000,0,0.000506707415760563,1.520122247281689,1
4147,Blue One M,South,3000,1,0.9999994253598059,2999.998276079418,10
4148,Blue One L,North,5000,1,0.9999998477167907,4999.999238583953,10
4149,Blue One M,West,3000,1,0.9999994398423839,2999.9983195271516,10
4150,Blue One L,West,5000,0,0.6180269146169426,3090.134573084713,8
4151,Blue One L,Centre,5000,1,0.999999832975664,4999.99916487832,10
4152,Blue One L,East,5000,1,0.6016720462056043,3008.3602310280216,8
4153,Blue One L,Centre,5000,1,0.9999997857741166,4999.998928870583,10
4154,Blue One L,West,5000,1,0.5997651202266161,2998.8256011330805,8
4155,Blue One L,South,5000,0,0.5972832566704271,2986.416283352136,7
4156,Blue One L,Adamawa,5000,0,0.6356093571876934,3178.046785938467,8
4157,Blue One L,North,5000,1,0.5835146587854984,2917.5732939274917,7
4158,Blue One M,Centre,3000,1,0.5625781628698551,1687.7344886095652,7
4164,Blue One L,East,5000,1,0.5680828641495277,2840.4143207476386,7
4165,Blue One L,South West,5000,1,0.9999997163101707,4999.9985815508535,10
4166,Blue One L,East,5000,0,0.5452660991211038,2726.330495605519,6
4167,Blue One L,South,5000,1,0.5643023260789366,2821.511630394683,7
4168,Blue One L,South,5000,0,0.001514848556160826,7.57424278080413,2
4169,Blue One L,North,5000,0,0.5710583869654727,2855.2919348273635,7
4170,Blue One L,East,5000,1,0.9999998817515106,4999.999408757552,10
4171,Blue One L,Far North,5000,0,0.6152350370151652,3076.175185075826,8
4172,Blue One L,West,5000,1,0.9999997820730095,4999.998910365048,10
4173,Blue One L,Far North,5000,1,0.5901317510145083,2950.6587550725417,7
4174,Blue One M,South West,3000,1,0.999998912295468,2999.996736886404,8
4180,Blue One M,West,3000,0,0.42743235636870586,1282.2970691061175,4
4181,Blue One L,Littoral,5000,0,0.001440970862594945,7.204854312974725,2
4182,Blue One L,North,5000,1,0.9999998465820481,4999.999232910241,10
4183,Blue One M,East,3000,1,0.44490508809019674,1334.7152642705903,4
4184,Blue One M,East,3000,1,0.6135196560224537,1840.558968067361,8
4185,Blue One L,North,5000,1,0.5559451397227655,2779.7256986138273,6
4186,Blue One M,East,3000,0,0.508370693211129,1525.112079633387,5
4187,Blue One M,Littoral,3000,1,0.999998997244805,2999.996991734415,9
4188,Blue One L,Littoral,5000,0,0.561543477013027,2807.7173850651347,6
4189,Blue One L,South West,5000,0,0.0016178909666762797,8.089454833381398,2
4191,Blue One L,Centre,5000,0,0.0016423568959034048,8.211784479517025,2
4192,Blue One L,East,5000,1,0.6314834489325261,3157.4172446626303,8
4193,Blue One L,Adamawa,5000,0,0.5756227907869268,2878.113953934634,7
4194,Blue One L,North West,5000,1,0.5682704816576652,2841.3524082883264,7
4195,Blue One L,North,5000,0,0.001302726414918007,6.513632074590035,1
4196,Blue One L,South,5000,1,0.5628563514797361,2814.2817573986804,7
4197,Blue One L,Adamawa,5000,0,0.626790614191388,3133.9530709569403,8
4198,Blue One L,Far North,5000,1,0.591055817468505,2955.279087342525,7
4199,Blue One L,Centre,5000,1,0.5306883702744046,2653.441851372023,6
4200,Blue One L,Centre,5000,0,0.0013304180328205005,6.6520901641025025,1
4201,Blue One L,East,5000,0,0.5815597247817186,2907.798623908593,7
4202,Blue One L,North West,5000,1,0.999999819007514,4999.99909503757,10
4203,Blue One L,Littoral,5000,1,0.9999998276553506,4999.999138276753,10
4204,Blue One M,North,3000,0,0.3049953278519909,914.9859835559727,4
4205,Blue One L,South West,5000,0,0.0011468132738232135,5.734066369116067,1
4207,Blue One M,Centre,3000,0,0.0034287255016577393,10.286176504973218,3
4208,Blue One L,South,5000,1,0.9999998568956663,4999.999284478331,10
4209,Blue One L,North West,5000,1,0.6436720241260062,3218.360120630031,8
4210,Blue One M,South,3000,0,0.0004948516561653308,1.4845549684959922,1
4211,Blue One L,Adamawa,5000,0,0.6348934096886623,3174.4670484433113,8
4212,Blue One L,Centre,5000,0,0.6087878326323387,3043.9391631616936,8
4213,Blue One L,North,5000,0,0.5328158355908609,2664.079177954304,6
4214,Blue One L,West,5000,1,0.5492702554726082,2746.351277363041,6
4215,Blue One M,Far North,3000,1,0.999999274526865,2999.997823580595,9
4216,Blue One L,West,5000,1,0.5516244313220104,2758.122156610052,6
4217,Blue One L,Adamawa,5000,0,0.5383836559995195,2691.918279997598,6
4218,Blue One L,North,5000,0,0.5583205217327952,2791.6026086639763,6
4219,Blue One L,Centre,5000,1,0.9999998400042446,4999.999200021223,10
4220,Blue One L,Littoral,5000,0,0.5556631847834755,2778.315923917378,6
4221,Blue One M,Adamawa,3000,0,0.003525836585971777,10.57750975791533,3
4222,Blue One L,West,5000,0,0.5462710168728573,2731.3550843642865,6
4223,Blue One L,Centre,5000,1,0.999999826231917,4999.999131159585,10
4224,Blue One L,Centre,5000,1,0.5686526577805814,2843.263288902907,7
4225,Blue One L,Centre,5000,1,0.9999998384906098,4999.999192453049,10
4226,Blue One L,Littoral,5000,1,0.9999998285777566,4999.999142888783,10
4227,Blue One L,North,5000,1,0.9999998487300026,4999.999243650013,10
4228,Blue One L,Centre,5000,1,0.6132636578428982,3066.318289214491,8
4229,Blue One L,Adamawa,5000,1,0.999999837850421,4999.999189252105,10
4230,Blue One L,South,5000,0,0.6112259812423678,3056.129906211839,8
4231,Blue One L,South,5000,1,0.6104798838755231,3052.3994193776157,8
4232,Blue One L,North West,5000,1,0.999999882873374,4999.99941436687,10
4233,Blue One L,South,5000,0,0.0014572667172318657,7.286333586159329,2
4234,Blue One L,West,5000,0,0.001229504426734719,6.147522133673594,1
4235,Blue One L,Littoral,5000,0,0.0012715646370563033,6.357823185281516,1
4236,Blue One L,North West,5000,0,0.6241427573226158,3120.7137866130793,8
4237,Blue One L,East,5000,1,0.6263560032192478,3131.780016096239,8
4238,Blue One M,North West,3000,1,0.9999994939513267,2999.99848185398,10
4240,Blue One L,North West,5000,1,0.6444828604643418,3222.414302321709,8
4241,Blue One L,East,5000,0,0.0017751791010653078,8.87589550532654,2
4242,Blue One L,Far North,5000,1,0.9999997369617942,4999.998684808971,10
4243,Blue One L,Far North,5000,0,0.588777950934313,2943.889754671565,7
4244,Blue One L,North West,5000,1,0.9999997639406364,4999.998819703182,10
4245,Blue One L,South West,5000,0,0.0014399128092764189,7.199564046382094,2
4246,Blue One L,West,5000,0,0.5447146764508428,2723.5733822542143,6
4247,Blue One L,West,5000,1,0.5809768166549907,2904.8840832749534,7
4248,Blue One M,South,3000,0,0.0003982488337661506,1.1947465012984517,1
4249,Blue One L,Far North,5000,1,0.9999998713144275,4999.999356572137,10
4250,Blue One M,South,3000,0,0.409687093147994,1229.0612794439821,4
4251,Blue One L,Far North,5000,1,0.9999998531098693,4999.999265549346,10
4252,Blue One M,South,3000,1,0.9999992365450088,2999.9977096350262,9
4253,Blue One M,South,3000,0,0.0005275887774768033,1.5827663324304098,1
4254,Blue One L,Centre,5000,1,0.9999998538862751,4999.999269431375,10
4256,Blue One L,West,5000,1,0.9999998624924364,4999.999312462182,10
4257,Blue One L,North West,5000,1,0.9999998758900682,4999.999379450341,10
4258,Blue One L,Far North,5000,1,0.999999789771028,4999.99894885514,10
4259,Blue One L,North West,5000,1,0.6473653351408039,3236.826675704019,8
4260,Blue One L,Centre,5000,0,0.5466284590697649,2733.1422953488245,6
4261,Blue One L,North West,5000,0,0.0019286819046061994,9.643409523030996,2
4262,Blue One M,South,3000,1,0.9999992899365459,2999.9978698096375,9
4263,Blue One M,South West,3000,0,0.30507994351240886,915.2398305372266,4
4264,Blue One L,East,5000,1,0.9999998745137102,4999.999372568551,10
4265,Blue One L,North West,5000,1,0.6422309704277849,3211.1548521389245,8
4266,Blue One L,Adamawa,5000,0,0.6077896836559968,3038.9484182799843,8
4267,Blue One L,Centre,5000,0,0.5867620655394061,2933.8103276970305,7
4268,Blue One L,Littoral,5000,0,0.5812020041111275,2906.0100205556378,7
4269,Blue One M,West,3000,0,0.46750083233266465,1402.502496997994,5
4270,Blue One L,Littoral,5000,1,0.5747620507363554,2873.8102536817773,7
4271,Blue One L,West,5000,1,0.5157957579887287,2578.9787899436433,5
4272,Blue One L,North,5000,1,0.589218082636653,2946.090413183265,7
4273,Blue One L,South West,5000,1,0.5029704563406845,2514.8522817034222,5
4274,Blue One L,East,5000,1,0.9999998134047456,4999.9990670237285,10
4275,Blue One L,West,5000,1,0.5706652414854037,2853.3262074270183,7
4276,Blue One L,Adamawa,5000,0,0.5935290371166558,2967.6451855832793,7
4277,Blue One M,Far North,3000,1,0.3257847395520173,977.3542186560519,4
4278,Blue One L,Littoral,5000,1,0.9999997092606411,4999.998546303205,10
4279,Blue One L,Far North,5000,1,0.9999998081130437,4999.999040565219,10
4280,Blue One L,Far North,5000,1,0.9999997904298321,4999.998952149161,10
4281,Blue One L,Adamawa,5000,1,0.9999997565943612,4999.998782971807,10
4282,Blue One M,North West,3000,1,0.5552248384896886,1665.674515469066,6
4283,Blue One M,West,3000,0,0.5327601434619607,1598.280430385882,6
4284,Blue One L,North West,5000,0,0.0016850273888372976,8.425136944186487,2
4285,Blue One M,East,3000,1,0.5169962576078734,1550.9887728236201,5
4286,Blue One L,East,5000,0,0.0018566256611895777,9.283128305947889,2
4288,Blue One L,North,5000,0,0.0012927575932302593,6.463787966151297,1
4290,Blue One L,South,5000,0,0.0015487128857749584,7.743564428874792,2
4292,Blue One M,Centre,3000,0,0.5261813224774525,1578.5439674323575,6
4294,Blue One M,West,3000,0,0.0004584291088500784,1.3752873265502352,1
4295,Blue One L,Littoral,5000,0,0.5719953748466277,2859.9768742331385,7
4296,Blue One L,Adamawa,5000,0,0.0018941686297019606,9.470843148509804,2
4297,Blue One L,Adamawa,5000,0,0.0017325501219133117,8.662750609566558,2
4298,Blue One M,North,3000,1,0.99999867946709,2999.9960384012697,8
4299,Blue One L,North West,5000,0,0.5993943856865768,2996.971928432884,8
4300,Blue One L,North,5000,0,0.5629192647027876,2814.5963235139384,7
4301,Blue One L,North West,5000,1,0.5978020814276142,2989.0104071380706,7
4302,Blue One M,South West,3000,0,0.00032563662010818645,0.9769098603245594,1
4303,Blue One L,North West,5000,1,0.9999998711201599,4999.999355600799,10
4304,Blue One M,North West,3000,1,0.5974547502307398,1792.3642506922195,7
4305,Blue One L,Littoral,5000,1,0.9999998504295733,4999.999252147866,10
4306,Blue One L,South,5000,1,0.9999998639347488,4999.999319673744,10
4307,Blue One L,Adamawa,5000,0,0.0018486329104307332,9.243164552153665,2
4308,Blue One L,Far North,5000,0,0.5370606447431191,2685.3032237155953,6
4309,Blue One L,Littoral,5000,0,0.0014991290068314847,7.495645034157423,2
4310,Blue One L,Centre,5000,1,0.9999997884468378,4999.998942234189,10
4311,Blue One L,North,5000,1,0.9999997275703492,4999.998637851746,10
4312,Blue One M,East,3000,1,0.5361968357344606,1608.590507203382,6
4313,Blue One M,West,3000,1,0.5136299355529425,1540.8898066588274,5
4314,Blue One M,North,3000,0,0.42710047309752636,1281.301419292579,4
4315,Blue One M,Littoral,3000,1,0.9999990417111065,2999.9971251333195,9
4319,Blue One M,West,3000,0,0.2980575550356314,894.1726651068942,3
4320,Blue One M,West,3000,0,0.2637122485712471,791.1367457137412,3
4321,Blue One L,West,5000,0,0.5863157028987291,2931.578514493646,7
4322,Blue One L,North,5000,0,0.5649528152226814,2824.7640761134066,7
4323,Blue One L,East,5000,0,0.0019315273446545485,9.657636723272743,2
4324,Blue One L,Littoral,5000,1,0.5612491445075554,2806.2457225377766,6
4325,Blue One M,South,3000,1,0.2992749571169488,897.8248713508464,3
4326,Blue One L,Littoral,5000,1,0.9999998539710917,4999.999269855459,10
4327,Blue One L,Centre,5000,1,0.6173555388632365,3086.7776943161825,8
4329,Blue One L,West,5000,1,0.5779055041437218,2889.5275207186087,7
4330,Blue One L,East,5000,1,0.6365289781658406,3182.644890829203,8
4331,Blue One L,Adamawa,5000,1,0.6081695327371631,3040.8476636858154,8
4332,Blue One M,Far North,3000,1,0.43597537571819894,1307.9261271545968,4
4333,Blue One L,South,5000,1,0.5789460168570957,2894.7300842854784,7
4334,Blue One L,Littoral,5000,1,0.5515599337709436,2757.7996688547178,6
4335,Blue One L,North West,5000,1,0.9999998808251833,4999.999404125917,10
4336,Blue One L,South,5000,1,0.9999997798090673,4999.998899045337,10
4337,Blue One L,South,5000,1,0.5996534068067831,2998.2670340339155,8
4338,Blue One L,Centre,5000,1,0.9999998680292091,4999.999340146046,10
4339,Blue One L,West,5000,1,0.6165554661970714,3082.777330985357,8
4340,Blue One L,North,5000,1,0.9999998529504618,4999.999264752309,10
4341,Blue One L,East,5000,1,0.9999998832324969,4999.9994161624845,10
4342,Blue One L,North West,5000,0,0.0018422209860414621,9.211104930207311,2
4343,Blue One L,Centre,5000,1,0.5971787759722154,2985.8938798610766,7
4344,Blue One M,South,3000,1,0.4560238511950508,1368.0715535851523,4
4345,Blue One M,East,3000,1,0.9999989318445422,2999.996795533627,9
4346,Blue One L,Adamawa,5000,0,0.5893065564417193,2946.5327822085965,7
4347,Blue One L,Adamawa,5000,0,0.0016189632123614173,8.094816061807085,2
4348,Blue One L,Littoral,5000,1,0.6054682370240845,3027.3411851204223,8
4349,Blue One M,South West,3000,1,0.5548999682419619,1664.6999047258855,6
4350,Blue One M,South,3000,0,0.5616182829742622,1684.8548489227867,6
4352,Blue One L,Far North,5000,1,0.6126255208180638,3063.127604090319,8
4353,Blue One L,South,5000,1,0.6063730025134273,3031.8650125671365,8
4354,Blue One M,South,3000,1,0.560464832985657,1681.394498956971,6
4355,Blue One M,Centre,3000,1,0.9999989081934962,2999.9967245804887,8
4356,Blue One M,East,3000,1,0.9999989408025206,2999.996822407562,9
4357,Blue One L,West,5000,1,0.9999997359383839,4999.998679691919,10
4358,Blue One L,North,5000,0,0.001495718031517268,7.47859015758634,2
4359,Blue One L,South West,5000,1,0.49983182470567517,2499.159123528376,5
4360,Blue One L,Littoral,5000,1,0.9999997783774606,4999.998891887303,10
4361,Blue One L,South West,5000,1,0.5557485720520403,2778.7428602602017,6
4362,Blue One L,Far North,5000,0,0.5678465490640074,2839.2327453200373,7
4363,Blue One L,Centre,5000,1,0.9999997850901929,4999.998925450965,10
4365,Blue One L,Adamawa,5000,1,0.6111687981103482,3055.8439905517407,8
4366,Blue One L,Centre,5000,1,0.5162554320498771,2581.2771602493854,5
4367,Blue One L,South,5000,1,0.5607504981635562,2803.7524908177807,6
4368,Blue One M,North West,3000,1,0.9999991670641483,2999.997501192445,9
4369,Blue One L,Far North,5000,0,0.0016354279982175603,8.177139991087802,2
4370,Blue One L,North West,5000,1,0.6234061755985634,3117.030877992817,8
4371,Blue One L,Adamawa,5000,0,0.001745096727121155,8.725483635605775,2
4372,Blue One L,North,5000,0,0.599002403764243,2995.012018821215,8
4373,Blue One L,North West,5000,1,0.6436720241260062,3218.360120630031,8
4374,Blue One L,Littoral,5000,0,0.0015315451975500397,7.657725987750199,2
4375,Blue One L,West,5000,1,0.9999998530840803,4999.999265420402,10
4376,Blue One L,South West,5000,1,0.9999998468040597,4999.999234020299,10
4377,Blue One L,North West,5000,0,0.6229383743766881,3114.6918718834404,8
4378,Blue One L,North,5000,0,0.5872269071723614,2936.134535861807,7
4379,Blue One L,North West,5000,1,0.6451216494902613,3225.6082474513064,8
4380,Blue One L,Centre,5000,0,0.5974780248270589,2987.3901241352946,7
4381,Blue One L,Far North,5000,0,0.0017539216918565663,8.769608459282832,2
4382,Blue One L,East,5000,0,0.6436788403296079,3218.394201648039,8
4383,Blue One L,North,5000,1,0.9999998591841551,4999.999295920776,10
4384,Blue One L,Centre,5000,1,0.6113005585364126,3056.502792682063,8
4385,Blue One L,West,5000,1,0.5962682012679011,2981.341006339506,7
4386,Blue One L,North West,5000,1,0.9999998812044423,4999.999406022212,10
4387,Blue One L,West,5000,1,0.6087174178334186,3043.587089167093,8
4388,Blue One L,West,5000,1,0.9999998679440297,4999.999339720149,10
4389,Blue One L,Littoral,5000,0,0.6040746918879318,3020.373459439659,8
4390,Blue One L,East,5000,1,0.5940459532072101,2970.2297660360505,7
4391,Blue One L,East,5000,0,0.0017797805274859199,8.898902637429599,2
4392,Blue One L,East,5000,0,0.001673803014545041,8.369015072725205,2
4393,Blue One L,East,5000,0,0.6415967027596498,3207.9835137982486,8
4394,Blue One L,Far North,5000,0,0.0017656487815392074,8.828243907696036,2
4395,Blue One L,Adamawa,5000,0,0.001764381830003562,8.82190915001781,2
4396,Blue One L,Far North,5000,1,0.9999998806307493,4999.999403153746,10
4397,Blue One L,East,5000,1,0.5721118038736663,2860.5590193683315,7
4398,Blue One L,Adamawa,5000,0,0.0016242025198634328,8.121012599317163,2
4399,Blue One L,Adamawa,5000,0,0.0017635944447239626,8.817972223619813,2
4400,Blue One L,Littoral,5000,0,0.6048251161913153,3024.1255809565764,8
4401,Blue One L,South,5000,0,0.5974025421038663,2987.012710519332,7
4402,Blue One L,Littoral,5000,1,0.5900475134478208,2950.237567239104,7
4403,Blue One L,Far North,5000,1,0.9999998721196995,4999.999360598497,10
4404,Blue One L,South,5000,1,0.999999857344119,4999.999286720595,10
4405,Blue One L,North West,5000,0,0.6443915784489155,3221.9578922445776,8
4406,Blue One L,East,5000,0,0.6267175016434169,3133.5875082170846,8
4407,Blue One L,North,5000,0,0.0014264363632946887,7.132181816473444,2
4408,Blue One L,South,5000,1,0.9999998645705349,4999.999322852675,10
4409,Blue One L,Centre,5000,1,0.6169905148338307,3084.9525741691536,8
4410,Blue One L,Centre,5000,0,0.001646936397997143,8.234681989985715,2
4411,Blue One L,Adamawa,5000,0,0.0017582487418334384,8.791243709167192,2
4412,Blue One L,East,5000,1,0.6412301424156669,3206.1507120783344,8
4413,Blue One L,East,5000,0,0.0018472316471170697,9.236158235585348,2
4414,Blue One L,North,5000,1,0.5553668651088165,2776.8343255440823,6
4415,Blue One L,Far North,5000,1,0.6354067571042514,3177.033785521257,8
4416,Blue One L,Centre,5000,1,0.6009714774766873,3004.8573873834366,8
4417,Blue One L,West,5000,0,0.6154360432637695,3077.1802163188477,8
4418,Blue One L,North West,5000,1,0.9999998814350751,4999.999407175375,10
4419,Blue One L,East,5000,0,0.625527846206874,3127.63923103437,8
4420,Blue One L,South,5000,1,0.6071219038212948,3035.609519106474,8
4421,Blue One L,Far North,5000,1,0.9999998448976485,4999.999224488242,10
4422,Blue One M,Far North,3000,0,0.0038085494207842855,11.425648262352857,3
4423,Blue One M,Littoral,3000,0,0.5661557143417345,1698.4671430252035,7
4424,Blue One M,East,3000,0,0.6031454007706952,1809.4362023120857,8
4425,Blue One M,North,3000,0,0.5540501152636752,1662.1503457910255,6
4426,Blue One M,Centre,3000,0,0.5537691199839434,1661.3073599518302,6
4427,Blue One M,Centre,3000,0,0.003432979308508269,10.298937925524807,3
4428,Blue One M,Centre,3000,0,0.003384748845646712,10.154246536940136,3
4429,Blue One M,West,3000,0,0.5798606918206005,1739.5820754618017,7
4430,Blue One L,South,5000,1,0.9999998199995948,4999.999099997974,10
4431,Blue One M,West,3000,1,0.9999990355277936,2999.9971065833806,9
4432,Blue One M,West,3000,1,0.9999989727171309,2999.9969181513925,9
4433,Blue One M,Adamawa,3000,0,0.003823992286831253,11.47197686049376,3
4434,Blue One M,North West,3000,0,0.0031589785244645905,9.47693557339377,3
4435,Blue One M,East,3000,1,0.9999990806284126,2999.9972418852376,9
4436,Blue One M,South West,3000,0,0.5284048092673463,1585.214427802039,6
4437,Blue One M,East,3000,1,0.9999991508753032,2999.99745262591,9
4438,Blue One M,North West,3000,0,0.4923294839699363,1476.9884519098089,5
4439,Blue One M,Littoral,3000,0,0.0030985871461948196,9.295761438584458,3
4440,Blue One L,East,5000,0,0.0014714147083363946,7.357073541681973,2
4441,Blue One M,Adamawa,3000,1,0.9999990938719048,2999.997281615714,9
4442,Blue One L,North West,5000,0,0.5762084805157881,2881.0424025789407,7
4443,Blue One M,South,3000,0,0.5573697573398096,1672.109272019429,6
4444,Blue One M,South West,3000,1,0.9999987844950158,2999.996353485047,8
4445,Blue One M,North West,3000,1,0.5894980289008694,1768.4940867026082,7
4446,Blue One M,Littoral,3000,0,0.003108146420041221,9.324439260123663,3
4447,Blue One M,Centre,3000,1,0.9999990507797714,2999.997152339314,9
4448,Blue One M,West,3000,0,0.5273866326504465,1582.1598979513394,6
4449,Blue One M,North West,3000,0,0.003959391399264121,11.878174197792363,3
4450,Blue One L,South,5000,1,0.546056924697787,2730.284623488935,6
4451,Blue One L,West,5000,1,0.9999998197875827,4999.999098937913,10
4452,Blue One L,South West,5000,0,0.531984587439817,2659.922937199085,6
4453,Blue One L,East,5000,1,0.9999998416561244,4999.999208280622,10
4454,Blue One L,Adamawa,5000,1,0.9999998494392377,4999.999247196189,10
4455,Blue One L,Centre,5000,0,0.001191794734040228,5.95897367020114,1
4456,Blue One L,East,5000,0,0.5742686973594215,2871.3434867971077,7
4457,Blue One M,Littoral,3000,1,0.5584868355455027,1675.4605066365082,6
4458,Blue One M,South,3000,0,0.5654902065501197,1696.4706196503591,7
4459,Blue One M,North West,3000,1,0.9999991706258358,2999.9975118775073,9
4460,Blue One M,East,3000,0,0.0037083568561870643,11.125070568561194,3
4461,Blue One L,Centre,5000,1,0.9999998638147539,4999.99931907377,10
4462,Blue One M,East,3000,1,0.9999991185065639,2999.9973555196916,9
4463,Blue One M,Adamawa,3000,0,0.0030315389103748327,9.094616731124498,3
4464,Blue One M,North,3000,1,0.9999989317879181,2999.9967953637542,9
4465,Blue One L,Centre,5000,1,0.9999998531860073,4999.999265930036,10
4466,Blue One L,West,5000,0,0.0015615812596306987,7.807906298153494,2
4467,Blue One L,Adamawa,5000,0,0.530177503984955,2650.887519924775,6
4468,Blue One L,Adamawa,5000,1,0.9999998529456348,4999.999264728174,10
4469,Blue One M,North West,3000,1,0.5400030934783354,1620.0092804350063,6
4470,Blue One L,East,5000,1,0.9999998798811602,4999.999399405801,10
4471,Blue One L,West,5000,0,0.0012930283134081596,6.4651415670407975,1
4472,Blue One L,West,5000,0,0.0012430988029351895,6.215494014675947,1
4474,Blue One S,Littoral,2000,0,0.16570465693643602,331.409313872872,3
4475,Blue One M,South,3000,1,0.519826896670079,1559.480690010237,6
4476,Blue One L,Adamawa,5000,0,0.0014270266565826447,7.135133282913223,2
4477,Blue One M,South West,3000,0,0.0032661783891871072,9.798535167561322,3
4478,Blue One L,West,5000,0,0.0013052450020532933,6.526225010266467,1
4479,Blue One M,Far North,3000,1,0.31730777474953564,951.923324248607,4
4480,Blue One L,South,5000,0,0.0015825087735917983,7.912543867958991,2
4481,Blue One L,East,5000,0,0.001190605702015778,5.95302851007889,1
4482,Blue One M,Littoral,3000,1,0.2548486741684292,764.5460225052876,3
4483,Blue One M,North,3000,0,0.2987643939011817,896.2931817035451,3
4484,Blue One M,North West,3000,1,0.4939107124546752,1481.7321373640257,5
4485,Blue One M,Littoral,3000,1,0.9999984653450756,2999.995396035227,8
4486,Blue One L,West,5000,0,0.0012768546400913673,6.384273200456836,1
4487,Blue One M,South West,3000,0,0.5625823529595886,1687.7470588787658,7
4488,Blue One L,South,5000,1,0.5931417422465669,2965.7087112328345,7
4489,Blue One L,North,5000,1,0.6045655296166728,3022.827648083364,8
4490,Blue One L,Adamawa,5000,0,0.5933877770567262,2966.938885283631,7
4491,Blue One M,West,3000,1,0.9999989337125802,2999.9968011377405,9
4492,Blue One L,North West,5000,1,0.9999998460693714,4999.999230346857,10
4493,Blue One L,Centre,5000,1,0.5948273897108481,2974.136948554241,7
4494,Blue One L,South,5000,1,0.5627742982910009,2813.8714914550046,7
4495,Blue One M,West,3000,0,0.00343196799548207,10.29590398644621,3
4496,Blue One M,Littoral,3000,0,0.003227769336189755,9.683308008569265,3
4497,Blue One M,Centre,3000,1,0.554544580868911,1663.633742606733,6
4498,Blue One M,South,3000,1,0.999998947784156,2999.9968433524677,9
4499,Blue One M,North,3000,0,0.0032598554875376546,9.779566462612964,3
4500,Blue One M,East,3000,1,0.5404810392385181,1621.4431177155543,6
4501,Blue One M,West,3000,1,0.9999988306582157,2999.996491974647,8
4502,Blue One M,South,3000,1,0.9999987167544175,2999.9961502632527,8
4503,Blue One M,South,3000,1,0.4673849855978049,1402.1549567934146,5
4504,Blue One M,East,3000,0,0.5640110842809885,1692.0332528429653,7
4505,Blue One M,Far North,3000,1,0.9999989164999183,2999.996749499755,8
4506,Blue One M,East,3000,0,0.0016616418498788495,4.984925549636548,2
4507,Blue One M,South,3000,0,0.002805866015744087,8.417598047232262,3
4508,Blue One M,West,3000,1,0.9999987052801697,2999.996115840509,8
4509,Blue One M,Adamawa,3000,1,0.5854999487615944,1756.4998462847832,7
4510,Blue One M,Littoral,3000,0,0.4014110163692778,1204.2330491078333,4
4511,Blue One M,Littoral,3000,1,0.9999990456999192,2999.9971370997573,9
4512,Blue One M,North,3000,0,0.4581840286071649,1374.5520858214948,4
4513,Blue One M,Far North,3000,1,0.5822489615927532,1746.7468847782595,7
4514,Blue One M,North West,3000,0,0.003761714173316966,11.285142519950899,3
4515,Blue One M,Far North,3000,0,0.0029121330161943583,8.736399048583074,3
4516,Blue One M,Far North,3000,0,0.002857821135197477,8.573463405592431,3
4517,Blue One M,Centre,3000,1,0.999998810561688,2999.996431685064,8
4518,Blue One M,South,3000,1,0.5543806891929106,1663.142067578732,6
4519,Blue One M,Littoral,3000,1,0.5115393304743551,1534.6179914230652,5
4520,Blue One M,Centre,3000,1,0.9999985141980738,2999.9955425942217,8
4521,Blue One M,Littoral,3000,1,0.999999351745637,2999.998055236911,9
4522,Blue One M,North,3000,0,0.29417176194847156,882.5152858454146,3
4523,Blue One M,West,3000,1,0.31308228809255195,939.2468642776558,4
4524,Blue One M,Littoral,3000,0,0.0004583201449767986,1.3749604349303959,1
4525,Blue One M,Adamawa,3000,0,0.3191187541044006,957.3562623132018,4
4526,Blue One M,Centre,3000,0,0.2688426055429834,806.5278166289502,3
4527,Blue One M,West,3000,0,0.27542765006159153,826.2829501847746,3
4528,Blue One M,Littoral,3000,0,0.0003715755423258001,1.1147266269774003,1
4532,Blue One M,Adamawa,3000,0,0.0004425116760446897,1.3275350281340692,1
4533,Blue One M,South West,3000,1,0.9999984181930682,2999.995254579205,8
4534,Blue One M,Adamawa,3000,1,0.2836498476632259,850.9495429896776,3
4535,Blue One M,Littoral,3000,1,0.9999992095269645,2999.9976285808934,9
4536,Blue One M,East,3000,1,0.9999992858703328,2999.9978576109984,9
4537,Blue One L,Far North,5000,0,0.5665496297759987,2832.748148879993,7
4538,Blue One M,Centre,3000,1,0.5668275280699756,1700.482584209927,7
4539,Blue One L,South West,5000,1,0.5567480921231543,2783.7404606157716,6
4540,Blue One L,South,5000,1,0.9999998640906675,4999.9993204533375,10
4541,Blue One L,South West,5000,0,0.0015064799465402338,7.532399732701169,2
4542,Blue One L,Littoral,5000,1,0.9999998175891112,4999.999087945555,10
4543,Blue One L,South West,5000,0,0.5805219567395956,2902.609783697978,7
4544,Blue One L,East,5000,1,0.9999998429052297,4999.9992145261485,10
4545,Blue One L,Far North,5000,0,0.5845169680935491,2922.584840467746,7
4546,Blue One L,North West,5000,1,0.9999998500914584,4999.999250457292,10
4547,Blue One L,East,5000,0,0.0016976951456659968,8.488475728329984,2
4548,Blue One L,North,5000,1,0.9999998097575917,4999.999048787959,10
4549,Blue One L,Far North,5000,0,0.0016348573070347028,8.174286535173513,2
4550,Blue One L,Far North,5000,0,0.001421249920959475,7.106249604797375,2
4551,Blue One L,South West,5000,0,0.5514061036092582,2757.030518046291,6
4552,Blue One L,North West,5000,1,0.6204541702438812,3102.270851219406,8
4553,Blue One L,Centre,5000,0,0.0015892368627916178,7.946184313958089,2
4554,Blue One L,South West,5000,1,0.9999998230437657,4999.999115218829,10
4555,Blue One L,Adamawa,5000,0,0.5802954053066655,2901.4770265333273,7
4556,Blue One L,North,5000,1,0.5858011700236023,2929.0058501180115,7
4557,Blue One L,East,5000,1,0.9999998821335717,4999.999410667859,10
4558,Blue One L,South,5000,0,0.0015806982229989125,7.903491114994562,2
4559,Blue One L,South,5000,0,0.6126336519312227,3063.168259656113,8
4560,Blue One M,South West,3000,0,0.0013121421479114213,3.936426443734264,1
4561,Blue One L,Centre,5000,1,0.6095350980453939,3047.6754902269695,8
4562,Blue One L,Far North,5000,0,0.6167314651545601,3083.6573257728005,8
4563,Blue One M,West,3000,1,0.5751567636631086,1725.4702909893258,7
4564,Blue One M,South,3000,1,0.4795736027443362,1438.7208082330085,5
4565,Blue One M,North West,3000,0,0.5572915820528913,1671.874746158674,6
4566,Blue One L,South,5000,0,0.5875275514557239,2937.6377572786196,7
4567,Blue One L,North West,5000,0,0.0014898597917903736,7.449298958951868,2
4568,Blue One L,Far North,5000,1,0.9999998676210311,4999.999338105155,10
4569,Blue One L,Littoral,5000,0,0.001168517848760266,5.8425892438013305,1
4570,Blue One L,South West,5000,1,0.9999998123835284,4999.999061917642,10
4571,Blue One L,West,5000,0,0.0014578730211584536,7.289365105792268,2
4572,Blue One L,North West,5000,1,0.9999998558625055,4999.9992793125275,10
4573,Blue One L,Adamawa,5000,1,0.5956576447026442,2978.2882235132206,7
4574,Blue One L,Adamawa,5000,1,0.5824411548392693,2912.2057741963463,7
4575,Blue One L,Centre,5000,1,0.9999998379828894,4999.999189914447,10
4576,Blue One L,Centre,5000,0,0.5672220234684747,2836.1101173423735,7
4577,Blue One L,East,5000,1,0.5962187451681742,2981.093725840871,7
4578,Blue One M,South,3000,1,0.5225865434947157,1567.759630484147,6
4580,Blue One M,North,3000,0,0.0016683660615113467,5.00509818453404,2
4581,Blue One M,South,3000,0,0.41273858961899335,1238.21576885698,4
4582,Blue One M,Littoral,3000,0,0.0026985333988442817,8.095600196532844,3
4583,Blue One M,Adamawa,3000,0,0.0022945470668869266,6.88364120066078,2
4584,Blue One L,Far North,5000,1,0.5287806189097098,2643.9030945485492,6
4585,Blue One M,North,3000,0,0.4180652069803089,1254.1956209409268,4
4586,Blue One M,South West,3000,1,0.9999987350746022,2999.9962052238066,8
4587,Blue One M,North West,3000,0,0.547122302184681,1641.3669065540432,6
4588,Blue One M,Littoral,3000,0,0.49510794110089945,1485.3238233026984,5
4590,Blue One M,South West,3000,0,0.0025493866214595594,7.648159864378679,2
4591,Blue One L,South West,5000,0,0.0011468132738232135,5.734066369116067,1
4592,Blue One L,East,5000,0,0.5715748184829157,2857.8740924145786,7
4595,Blue One M,Littoral,3000,1,0.5216289471767324,1564.886841530197,6
4596,Blue One M,Littoral,3000,1,0.9999992444498869,2999.9977333496604,9
4597,Blue One M,North,3000,0,0.5590911338134859,1677.2734014404575,6
4598,Blue One M,Adamawa,3000,0,0.5351217601954742,1605.3652805864226,6
4599,Blue One M,West,3000,1,0.9999990202726359,2999.997060817908,9
4600,Blue One M,East,3000,0,0.5514861466960238,1654.4584400880715,6
4601,Blue One M,Far North,3000,1,0.5803213323535522,1740.9639970606565,7
4602,Blue One M,South,3000,1,0.5755297811389496,1726.5893434168488,7
4603,Blue One M,West,3000,1,0.9999989420724381,2999.9968262173143,9
4604,Blue One M,North,3000,0,0.0030866402259725916,9.259920677917775,3
4605,Blue One M,West,3000,0,0.4155227405143526,1246.568221543058,4
4606,Blue One M,North West,3000,1,0.9999991208926816,2999.9973626780447,9
4607,Blue One M,North West,3000,0,0.5395950679421573,1618.7852038264718,6
4608,Blue One M,Far North,3000,1,0.9999988550973838,2999.9965652921514,8
4609,Blue One M,Littoral,3000,0,0.0004595548127313528,1.3786644381940585,1
4610,Blue One M,East,3000,0,0.003194890913592177,9.584672740776531,3
4611,Blue One M,East,3000,1,0.5428187007277715,1628.4561021833144,6
4612,Blue One M,Centre,3000,1,0.5814492977153527,1744.3478931460581,7
4613,Blue One M,Littoral,3000,0,0.003104746800167613,9.31424040050284,3
4614,Blue One M,West,3000,0,0.5866418180872947,1759.925454261884,7
4615,Blue One M,North West,3000,1,0.9999988923892571,2999.9966771677714,8
4616,Blue One M,West,3000,0,0.003442719578456589,10.328158735369767,3
4617,Blue One M,Far North,3000,0,0.5951012727349992,1785.3038182049977,7
4620,Blue One L,West,5000,1,0.5497875453136964,2748.937726568482,6
4623,Blue One M,South,3000,1,0.43106550633295204,1293.1965189988562,4
4624,Blue One L,Centre,5000,1,0.9999997764470894,4999.998882235447,10
4626,Blue One M,Far North,3000,0,0.3248548944438406,974.5646833315218,4
4627,Blue One M,East,3000,1,0.5084702578515051,1525.4107735545153,5
4628,Blue One M,East,3000,1,0.9999991222758865,2999.9973668276593,9
4629,Blue One L,Adamawa,5000,0,0.6198892908623073,3099.4464543115364,8
4630,Blue One L,Centre,5000,1,0.9999998592310866,4999.999296155433,10
4631,Blue One L,North West,5000,1,0.9999998806942831,4999.9994034714155,10
4632,Blue One M,West,3000,1,0.4311676737665277,1293.5030212995832,4
4633,Blue One L,Centre,5000,1,0.5649551178857531,2824.7755894287657,7
4634,Blue One L,Centre,5000,0,0.569043534700663,2845.2176735033154,7
4635,Blue One L,North,5000,0,0.5411516442562676,2705.758221281338,6
4636,Blue One L,Littoral,5000,1,0.9999998482983515,4999.999241491758,10
4637,Blue One L,Centre,5000,1,0.6102818498244962,3051.409249122481,8
4639,Blue One M,Centre,3000,0,0.4764623218420982,1429.3869655262945,5
4641,Blue One L,Littoral,5000,0,0.5476047296274529,2738.0236481372644,6
4642,Blue One L,East,5000,1,0.9999998093264256,4999.999046632128,10
4643,Blue One L,East,5000,1,0.6419743104016666,3209.8715520083333,8
4644,Blue One L,South,5000,0,0.6029381153602984,3014.690576801492,8
4645,Blue One M,North West,3000,0,0.5929291874868403,1778.787562460521,7
4646,Blue One M,North,3000,0,0.00046647678664289,1.39943035992867,1
4648,Blue One M,North,3000,1,0.9999986979554163,2999.996093866249,8
4649,Blue One L,Far North,5000,1,0.6248473505280533,3124.2367526402663,8
4650,Blue One L,South,5000,1,0.5962638188037238,2981.319094018619,7
4651,Blue One L,North West,5000,0,0.001799307229462767,8.996536147313835,2
4652,Blue One M,East,3000,0,0.5644029453577118,1693.2088360731354,7
4653,Blue One M,North West,3000,0,0.000487262259449148,1.461786778347444,1
4654,Blue One M,South,3000,0,0.2675617794716569,802.6853384149706,3
4655,Blue One L,West,5000,1,0.5682470392908866,2841.235196454433,7
4656,Blue One L,East,5000,0,0.001751730351659024,8.75865175829512,2
4657,Blue One L,South West,5000,1,0.9999998545464793,4999.999272732397,10
4658,Blue One L,North,5000,0,0.001437692024249342,7.1884601212467105,2
4659,Blue One L,South,5000,0,0.001312907113350204,6.564535566751021,1
4660,Blue One M,Adamawa,3000,0,0.5316996176494144,1595.0988529482433,6
4661,Blue One M,Littoral,3000,0,0.002735792344352986,8.20737703305896,3
4662,Blue One M,East,3000,1,0.5450556955776531,1635.1670867329592,6
4663,Blue One M,South,3000,0,0.0031334176748049327,9.400253024414798,3
4664,Blue One M,Centre,3000,0,0.5541629098029965,1662.4887294089897,6
4665,Blue One L,South West,5000,1,0.999999773469693,4999.998867348465,10
4666,Blue One L,Littoral,5000,0,0.529078788649353,2645.393943246765,6
4667,Blue One M,Littoral,3000,1,0.30281172637914205,908.4351791374262,3
4668,Blue One L,Adamawa,5000,1,0.9999998714269321,4999.99935713466,10
4669,Blue One M,Centre,3000,1,0.9999990507334635,2999.9971522003907,9
4670,Blue One L,South West,5000,0,0.0012434870635603245,6.217435317801622,1
4672,Blue One M,West,3000,1,0.300680616669327,902.041850007981,3
4673,Blue One M,East,3000,0,0.00047070232371086175,1.4121069711325853,1
4675,Blue One L,Adamawa,5000,1,0.9999998518426276,4999.999259213138,10
4676,Blue One L,North West,5000,0,0.0010822190856368604,5.411095428184302,1
4677,Blue One L,Adamawa,5000,0,0.5866965445970094,2933.482722985047,7
4678,Blue One L,West,5000,1,0.9999998671589109,4999.999335794554,10
4679,Blue One L,Adamawa,5000,0,0.0018349847464219145,9.174923732109573,2
4680,Blue One L,West,5000,1,0.9999997703404405,4999.998851702203,10
4681,Blue One L,South,5000,1,0.999999764743463,4999.998823717315,10
4682,Blue One L,Littoral,5000,0,0.0013877138018546726,6.938569009273363,1
4683,Blue One L,South West,5000,1,0.5994575682957195,2997.2878414785973,8
4684,Blue One L,Centre,5000,0,0.6024758533964945,3012.3792669824725,8
4685,Blue One L,Littoral,5000,0,0.605932353455577,3029.6617672778852,8
4686,Blue One L,North,5000,0,0.001589144594187753,7.945722970938765,2
4687,Blue One L,East,5000,0,0.5810629980599759,2905.3149902998794,7
4689,Blue One M,South,3000,0,0.573227877021453,1719.683631064359,7
4692,Blue One M,North,3000,0,0.26086818416513435,782.604552495403,3
4693,Blue One M,East,3000,0,0.0035121665512658305,10.536499653797492,3
4694,Blue One M,North,3000,0,0.00038271613432017587,1.1481484029605276,1
4696,Blue One M,Littoral,3000,0,0.0005050177049058383,1.515053114717515,1
4697,Blue One M,Far North,3000,1,0.9999990376864379,2999.997113059314,9
4698,Blue One L,West,5000,0,0.0012203621388130438,6.101810694065219,1
4699,Blue One L,Far North,5000,0,0.0014319647480062452,7.159823740031226,2
4700,Blue One L,South West,5000,0,0.5455704777743187,2727.852388871593,6
4701,Blue One L,Centre,5000,0,0.0013055668364795423,6.5278341823977115,1
4702,Blue One L,East,5000,1,0.6425926995445145,3212.9634977225724,8
4703,Blue One L,South West,5000,0,0.0014263679859456695,7.131839929728348,2
4704,Blue One L,Adamawa,5000,0,0.0014359298979842458,7.179649489921229,2
4705,Blue One L,Littoral,5000,0,0.0015411745919877097,7.7058729599385485,2
4706,Blue One L,South,5000,0,0.5414959788065213,2707.479894032607,6
4707,Blue One L,Centre,5000,0,0.001331703718349175,6.6585185917458745,1
4708,Blue One L,East,5000,1,0.9999998856445103,4999.999428222552,10
4709,Blue One L,North,5000,0,0.5978355427480512,2989.177713740256,7
4710,Blue One M,East,3000,0,0.30330430224902877,909.9129067470863,3
4711,Blue One M,Centre,3000,0,0.0004882742462450892,1.4648227387352675,1
4713,Blue One M,Centre,3000,0,0.2705627058951301,811.6881176853902,3
4714,Blue One S,Far North,2000,0,0.1777673849715196,355.5347699430392,3
4715,Blue One M,North,3000,0,0.251525330403503,754.575991210509,3
4718,Blue One M,Adamawa,3000,0,0.0014139994392774087,4.241998317832226,1
4720,Blue One M,North,3000,1,0.4616862831895656,1385.0588495686968,5
4721,Blue One M,South,3000,0,0.5176223217943808,1552.8669653831425,5
4722,Blue One M,West,3000,0,0.434135563321605,1302.406689964815,4
4723,Blue One L,North,5000,1,0.9999997792613015,4999.998896306507,10
4724,Blue One L,North West,5000,1,0.6011990892009766,3005.9954460048834,8
4725,Blue One L,Far North,5000,1,0.9999997921658509,4999.998960829254,10
4726,Blue One L,West,5000,0,0.6180269146169426,3090.134573084713,8
4727,Blue One L,Centre,5000,1,0.5968070748744335,2984.0353743721676,7
4728,Blue One L,North,5000,1,0.9999998481940076,4999.999240970038,10
4729,Blue One L,West,5000,1,0.5482212091396526,2741.1060456982627,6
4730,Blue One L,North West,5000,1,0.5925358544550833,2962.679272275416,7
4731,Blue One L,South,5000,1,0.9999998191457437,4999.999095728718,10
4732,Blue One M,Littoral,3000,1,0.999998653884857,2999.995961654571,8
4733,Blue One M,North,3000,0,0.5448129651552996,1634.438895465899,6
4734,Blue One M,North,3000,0,0.0027468500394330817,8.240550118299245,3
4735,Blue One M,North West,3000,1,0.5400030934783354,1620.0092804350063,6
4736,Blue One L,Far North,5000,0,0.0019185739316094912,9.592869658047455,2
4737,Blue One L,South,5000,1,0.5808635238669264,2904.317619334632,7
4738,Blue One M,West,3000,0,0.5560458057345437,1668.137417203631,6
4739,Blue One L,West,5000,1,0.9999997171107445,4999.9985855537225,10
4740,Blue One L,West,5000,1,0.5702986345631613,2851.4931728158067,7
4741,Blue One L,Centre,5000,0,0.0013186911078935074,6.593455539467537,1
4742,Blue One L,North,5000,1,0.999999699784234,4999.99849892117,10
4743,Blue One L,East,5000,0,0.0018412742252773024,9.206371126386513,2
4744,Blue One L,North West,5000,1,0.9999998845132256,4999.9994225661285,10
4745,Blue One L,Littoral,5000,0,0.6074302436546644,3037.151218273322,8
4746,Blue One L,South,5000,1,0.5800991873125089,2900.4959365625446,7
4747,Blue One L,Far North,5000,0,0.0017148429077883914,8.574214538941957,2
4748,Blue One L,East,5000,0,0.5966864945159601,2983.4324725798006,7
4749,Blue One L,North West,5000,1,0.5966910825498675,2983.4554127493375,7
4750,Blue One M,South West,3000,0,0.0005054017551711264,1.5162052655133793,1
4753,Blue One M,North,3000,1,0.5502559322216415,1650.7677966649244,6
4754,Blue One L,West,5000,1,0.9999998558389779,4999.99927919489,10
4755,Blue One L,Centre,5000,0,0.5326482385654844,2663.241192827422,6
4757,Blue One L,West,5000,0,0.001217995781822186,6.08997890911093,1
4758,Blue One L,Adamawa,5000,0,0.6378099398541953,3189.049699270977,8
4759,Blue One L,Centre,5000,0,0.0016527623442710326,8.263811721355163,2
4760,Blue One L,North West,5000,1,0.9999997443223984,4999.998721611992,10
4761,Blue One M,Far North,3000,0,0.549661024820731,1648.983074462193,6
4762,Blue One M,South,3000,1,0.9999990072399035,2999.9970217197106,9
4763,Blue One L,Centre,5000,1,0.5438985914740135,2719.492957370068,6
4764,Blue One L,West,5000,0,0.5600799113024949,2800.3995565124746,6
4765,Blue One L,Far North,5000,0,0.0012979893673964137,6.489946836982068,1
4766,Blue One M,West,3000,1,0.5115145483978377,1534.5436451935132,5
4767,Blue One M,East,3000,1,0.5571389663183403,1671.4168989550208,6
4768,Blue One L,West,5000,1,0.5481104576862494,2740.5522884312472,6
4769,Blue One L,East,5000,1,0.5795222540857986,2897.611270428993,7
4770,Blue One L,Centre,5000,1,0.9999998239664522,4999.9991198322605,10
4771,Blue One L,Centre,5000,0,0.0015910571780587512,7.955285890293756,2
4772,Blue One L,North,5000,0,0.5910137675077782,2955.0688375388913,7
4773,Blue One L,West,5000,1,0.9999998563409722,4999.9992817048615,10
4774,Blue One L,North West,5000,0,0.0013990978117893805,6.9954890589469025,1
4775,Blue One L,Centre,5000,1,0.9999998682329387,4999.999341164694,10
4776,Blue One L,North,5000,0,0.589218082636653,2946.090413183265,7
4777,Blue One L,South,5000,0,0.5954002949933208,2977.001474966604,7
4778,Blue One L,Centre,5000,0,0.0016624912870554082,8.31245643527704,2
4779,Blue One L,Adamawa,5000,0,0.6040540911540249,3020.2704557701245,8
4780,Blue One L,South West,5000,1,0.9999998520690997,4999.999260345498,10
4781,Blue One L,North West,5000,1,0.9999998739710726,4999.999369855363,10
4782,Blue One L,East,5000,1,0.5568688296442365,2784.3441482211824,6
4783,Blue One L,East,5000,1,0.6274400736013376,3137.2003680066878,8
4784,Blue One L,Littoral,5000,0,0.001481605105129483,7.408025525647415,2
4785,Blue One L,South,5000,1,0.9999998537679059,4999.99926883953,10
4786,Blue One L,Adamawa,5000,1,0.6246902105402705,3123.4510527013526,8
4787,Blue One L,North,5000,1,0.5963253722834161,2981.6268614170804,7
4788,Blue One L,South,5000,1,0.9999998222279688,4999.999111139844,10
4789,Blue One L,South West,5000,1,0.5843623341565968,2921.811670782984,7
4790,Blue One L,Centre,5000,0,0.6135471230584519,3067.73561529226,8
4791,Blue One L,Littoral,5000,1,0.9999998597287659,4999.999298643829,10
4792,Blue One L,Centre,5000,1,0.9999998360996296,4999.999180498148,10
4793,Blue One L,Far North,5000,0,0.6241227624550161,3120.6138122750804,8
4794,Blue One L,East,5000,1,0.9999998741130908,4999.999370565454,10
4795,Blue One L,Far North,5000,0,0.001643093052303416,8.21546526151708,2
4796,Blue One L,East,5000,1,0.6398072249741212,3199.0361248706063,8
4797,Blue One L,North,5000,1,0.5906402772447286,2953.2013862236427,7
4798,Blue One L,Littoral,5000,0,0.6092223475459534,3046.111737729767,8
4799,Blue One L,Far North,5000,1,0.999999871915731,4999.9993595786555,10
4800,Blue One L,Centre,5000,0,0.0012961200207325886,6.480600103662943,1
4801,Blue One L,South,5000,1,0.9999998632281641,4999.999316140821,10
4802,Blue One M,South,3000,0,0.0014245282089983236,4.273584626994971,2
4803,Blue One M,Littoral,3000,1,0.9999991686738982,2999.9975060216943,9
4806,Blue One M,West,3000,0,0.0016890900285603666,5.0672700856811,2
4807,Blue One M,South West,3000,0,0.4228523854342544,1268.5571563027631,4
4810,Blue One M,North,3000,0,0.26975278556823906,809.2583567047171,3
4811,Blue One M,Littoral,3000,1,0.9999991847726499,2999.99755431795,9
4812,Blue One M,South West,3000,0,0.00037571050961599585,1.1271315288479875,1
4813,Blue One M,Littoral,3000,0,0.25017538319515725,750.5261495854718,3
4814,Blue One M,Centre,3000,1,0.9999987769707378,2999.9963309122136,8
4815,Blue One M,Centre,3000,0,0.48630768318757456,1458.9230495627237,5
4816,Blue One M,East,3000,1,0.5142587060476723,1542.776118143017,5
4817,Blue One M,Far North,3000,1,0.9999992103416203,2999.9976310248608,9
4818,Blue One M,West,3000,0,0.4816545713685862,1444.9637141057585,5
4819,Blue One M,North West,3000,1,0.46979916431342394,1409.3974929402718,5
4820,Blue One M,North West,3000,1,0.5404857742606137,1621.4573227818412,6
4821,Blue One M,Adamawa,3000,0,0.003498630299246398,10.495890897739194,3
4822,Blue One M,Adamawa,3000,0,0.0015153415838683076,4.546024751604922,2
4823,Blue One M,East,3000,0,0.0005555071561614616,1.6665214684843848,1
4824,Blue One M,West,3000,0,0.0004306250543449767,1.29187516303493,1
4825,Blue One M,Adamawa,3000,0,0.32665614449037916,979.9684334711375,4
4826,Blue One M,Centre,3000,0,0.2795723155107155,838.7169465321465,3
4827,Blue One M,Far North,3000,1,0.9999994448689222,2999.9983346067665,10
4828,Blue One M,Far North,3000,1,0.9999991690039021,2999.997507011706,9
4829,Blue One M,Far North,3000,0,0.44294574171021206,1328.8372251306362,4
4831,Blue One M,Littoral,3000,0,0.002623569001022748,7.870707003068244,2
4832,Blue One M,South West,3000,0,0.0016585233085633971,4.975569925690191,2
4837,Blue One M,North West,3000,0,0.0031788076213445965,9.53642286403379,3
4838,Blue One M,South West,3000,0,0.0025373809680556796,7.6121429041670385,2
4839,Blue One M,North West,3000,1,0.9999994518683004,2999.9983556049015,10
4840,Blue One M,North,3000,0,0.21506409942826615,645.1922982847984,3
4841,Blue One M,North West,3000,1,0.9999993629091886,2999.9980887275656,9
4842,Blue One S,West,2000,0,0.0001844965647602123,0.36899312952042457,1
4843,Blue One M,East,3000,0,0.47704943751117274,1431.1483125335183,5
4844,Blue One M,North West,3000,0,0.0004442591593589949,1.3327774780769845,1
4845,Blue One M,Littoral,3000,0,0.00037508950296304946,1.1252685088891483,1
4846,Blue One M,West,3000,0,0.0032750728583605298,9.825218575081589,3
4847,Blue One L,South,5000,1,0.9999997749687448,4999.9988748437245,10
4848,Blue One M,West,3000,0,0.003411753543364108,10.235260630092323,3
4849,Blue One M,South West,3000,0,0.002997209051701093,8.991627155103279,3
4850,Blue One M,South West,3000,1,0.5087037638145575,1526.1112914436726,5
4851,Blue One M,South West,3000,1,0.9999992175686352,2999.9976527059057,9
4852,Blue One M,Far North,3000,0,0.45415247004693593,1362.4574101408077,4
4853,Blue One M,North,3000,0,0.0030257702315041025,9.077310694512308,3
4855,Blue One L,East,5000,1,0.9999998004982931,4999.999002491465,10
4856,Blue One L,Far North,5000,1,0.586496272953803,2932.4813647690153,7
4857,Blue One L,Littoral,5000,1,0.9999998143158492,4999.9990715792455,10
4858,Blue One L,Centre,5000,1,0.9999998676143462,4999.9993380717315,10
4859,Blue One M,North West,3000,0,0.0038194702547067185,11.458410764120156,3
4860,Blue One M,West,3000,1,0.9999993961242067,2999.99818837262,10
4861,Blue One M,Far North,3000,0,0.28188602822782505,845.6580846834752,3
4862,Blue One M,Littoral,3000,0,0.2527635671579991,758.2907014739973,3
4863,Blue One L,East,5000,1,0.6426953899607234,3213.476949803617,8
4864,Blue One L,East,5000,0,0.0014668104317187946,7.334052158593973,2
4865,Blue One M,North,3000,0,0.00136854501519691,4.10563504559073,1
4866,Blue One L,West,5000,0,0.6098439996592824,3049.219998296412,8
4867,Blue One L,Adamawa,5000,1,0.6428586247380277,3214.2931236901386,8
4868,Blue One L,West,5000,1,0.5710676199369177,2855.3380996845885,7
4869,Blue One L,Littoral,5000,1,0.5762102563393394,2881.051281696697,7
4870,Blue One L,Adamawa,5000,1,0.5375913932358335,2687.9569661791675,6
4871,Blue One L,South West,5000,0,0.5591286643150616,2795.6433215753077,6
4872,Blue One L,South,5000,1,0.583928808989997,2919.644044949985,7
4873,Blue One L,South West,5000,1,0.9999997537484078,4999.998768742039,10
4874,Blue One M,Far North,3000,0,0.0015300708732295279,4.590212619688583,2
4875,Blue One M,North West,3000,1,0.9999991305183179,2999.9973915549535,9
4876,Blue One M,Far North,3000,0,0.31960027861691775,958.8008358507533,4
4877,Blue One M,North West,3000,1,0.9999991199700131,2999.9973599100394,9
4878,Blue One M,West,3000,0,0.2870091305980362,861.0273917941086,3
4879,Blue One M,North,3000,1,0.9999993122382665,2999.9979367148,9
4880,Blue One M,East,3000,0,0.00047640215651680056,1.4292064695504016,1
4881,Blue One M,South,3000,1,0.42723292279668124,1281.6987683900436,4
4882,Blue One M,Far North,3000,1,0.9999990945468461,2999.997283640538,9
4883,Blue One M,North,3000,1,0.4205796988489914,1261.7390965469742,4
4884,Blue One M,Far North,3000,1,0.43337981031621814,1300.1394309486543,4
4888,Blue One M,East,3000,0,0.00378956649299793,11.36869947899379,3
4889,Blue One M,Adamawa,3000,1,0.58398754308151,1751.96262924453,7
4890,Blue One M,East,3000,1,0.9999988556849374,2999.996567054812,8
4891,Blue One M,Centre,3000,0,0.5760076396892756,1728.0229190678267,7
4892,Blue One M,Far North,3000,0,0.0029582022026432135,8.87460660792964,3
4893,Blue One M,South,3000,1,0.5104763659895872,1531.4290979687617,5
4894,Blue One M,North,3000,1,0.9999991667752196,2999.9975003256586,9
4895,Blue One M,Centre,3000,1,0.999998725816774,2999.9961774503217,8
4896,Blue One M,North West,3000,0,0.002913679295658199,8.741037886974597,3
4897,Blue One M,East,3000,0,0.002918257564756733,8.7547726942702,3
4898,Blue One M,Littoral,3000,1,0.4634298751341645,1390.2896254024936,5
4899,Blue One M,Centre,3000,1,0.4530877056418762,1359.2631169256288,4
4900,Blue One M,Centre,3000,0,0.5035816979571126,1510.7450938713378,5
4901,Blue One M,South West,3000,0,0.5117415577856962,1535.2246733570885,5
4902,Blue One M,Adamawa,3000,0,0.5289573203352471,1586.8719610057412,6
4903,Blue One M,Adamawa,3000,1,0.5063188505937286,1518.956551781186,5
4904,Blue One M,Far North,3000,1,0.5099107725088592,1529.7323175265776,5
4905,Blue One M,North,3000,0,0.4605224674203561,1381.5674022610683,5
4906,Blue One M,North,3000,0,0.4083396228370529,1225.0188685111586,4
4907,Blue One M,Littoral,3000,1,0.42219264699293246,1266.5779409787974,4
4910,Blue One L,Far North,5000,0,0.6207978576752673,3103.9892883763364,8
4913,Blue One L,South,5000,1,0.9999998684934861,4999.99934246743,10
4914,Blue One L,North,5000,0,0.5606993124213577,2803.4965621067886,6
4916,Blue One L,Centre,5000,0,0.5640275737101782,2820.137868550891,7
4917,Blue One M,Centre,3000,1,0.9999988091971335,2999.9964275914003,8
4918,Blue One L,Littoral,5000,1,0.6040630242884286,3020.315121442143,8
4919,Blue One L,North,5000,0,0.5733632835497006,2866.8164177485028,7
4920,Blue One L,South,5000,0,0.0016942160183417915,8.471080091708957,2
4921,Blue One L,North West,5000,0,0.6154593131385969,3077.2965656929846,8
4922,Blue One L,Adamawa,5000,0,0.0017978632015895964,8.989316007947982,2
4923,Blue One L,Centre,5000,1,0.9999997860943926,4999.998930471963,10
4924,Blue One L,South,5000,0,0.566028766188011,2830.143830940055,7
4925,Blue One L,South,5000,1,0.5872537304839958,2936.268652419979,7
4926,Blue One L,South,5000,0,0.0016495672646060508,8.247836323030254,2
4927,Blue One L,South West,5000,0,0.5339316567212407,2669.6582836062034,6
4928,Blue One L,North,5000,0,0.0015972571022195379,7.986285511097689,2
4929,Blue One M,Far North,3000,0,0.4861333903565556,1458.4001710696668,5
4930,Blue One L,Centre,5000,0,0.0015926345296044296,7.963172648022148,2
4931,Blue One M,Centre,3000,0,0.46521892826420314,1395.6567847926094,5
4932,Blue One M,North,3000,1,0.40379781640405804,1211.3934492121741,4
4933,Blue One M,Littoral,3000,0,0.30489804473328735,914.6941341998621,4
4934,Blue One M,South,3000,1,0.5217912504051501,1565.3737512154503,6
4935,Blue One M,Centre,3000,0,0.3038107591354918,911.4322774064755,3
4936,Blue One M,South,3000,0,0.4105545811553266,1231.66374346598,4
4937,Blue One M,West,3000,0,0.47811103811128913,1434.3331143338673,5
4938,Blue One M,West,3000,1,0.9999992271264606,2999.997681379382,9
4939,Blue One M,North,3000,0,0.0013541192389383207,4.0623577168149625,1
4940,Blue One M,East,3000,0,0.5772926546243801,1731.8779638731403,7
4942,Blue One L,Adamawa,5000,0,0.0018385808404811717,9.192904202405858,2
4943,Blue One L,West,5000,0,0.0016316146750526288,8.158073375263143,2
4944,Blue One L,Adamawa,5000,1,0.9999997916016109,4999.998958008055,10
4945,Blue One M,East,3000,0,0.2917035956055007,875.110786816502,3
4946,Blue One L,Centre,5000,0,0.00163217583073251,8.160879153662549,2
4948,Blue One L,South,5000,0,0.0012631223200732463,6.315611600366232,1
4949,Blue One M,Centre,3000,0,0.5679891220100576,1703.9673660301728,7
4950,Blue One M,Littoral,3000,0,0.25937302606190143,778.1190781857043,3
4951,Blue One M,Far North,3000,0,0.0004264474817244517,1.279342445173355,1
4952,Blue One L,West,5000,0,0.5839332319182314,2919.6661595911573,7
4953,Blue One L,East,5000,0,0.5747928950299902,2873.964475149951,7
4955,Blue One M,North,3000,1,0.4612902156567665,1383.8706469702995,5
4956,Blue One M,West,3000,1,0.4120789516250779,1236.2368548752338,4
4957,Blue One L,East,5000,1,0.6176693306083594,3088.346653041797,8
4958,Blue One L,West,5000,0,0.0016062498811536322,8.031249405768161,2
4959,Blue One L,West,5000,1,0.6187675835452632,3093.837917726316,8
4960,Blue One M,Littoral,3000,0,0.3092441438711542,927.7324316134625,4
4961,Blue One M,North West,3000,0,0.3088123208053079,926.4369624159237,4
4962,Blue One L,South,5000,1,0.6145827079074193,3072.9135395370968,8
4963,Blue One L,South West,5000,1,0.9999998599538734,4999.999299769367,10
4964,Blue One L,South,5000,1,0.5609187361949795,2804.5936809748973,6
4965,Blue One M,South West,3000,0,0.40956817861343375,1228.7045358403013,4
4966,Blue One M,North,3000,1,0.2288619230509715,686.5857691529145,3
4967,Blue One M,West,3000,0,0.4760032147952696,1428.0096443858088,5
4968,Blue One L,North,5000,0,0.0014125249395222428,7.062624697611215,1
4969,Blue One M,Littoral,3000,1,0.49629095096707976,1488.8728529012392,5
4971,Blue One M,East,3000,0,0.5213116529819484,1563.9349589458452,6
4972,Blue One L,East,5000,1,0.6259943636294393,3129.9718181471962,8
4973,Blue One L,Littoral,5000,1,0.999999833777307,4999.999168886535,10
4974,Blue One L,South West,5000,0,0.001290922027267043,6.454610136335215,1
4975,Blue One L,West,5000,0,0.0009569827594852324,4.784913797426162,1
4976,Blue One L,Adamawa,5000,0,0.645028707343292,3225.14353671646,8
4977,Blue One M,North,3000,0,0.2915616534554561,874.6849603663683,3
4978,Blue One L,Littoral,5000,0,0.5851944782251287,2925.9723911256438,7
4979,Blue One L,Centre,5000,1,0.5127213188726841,2563.6065943634208,5
4980,Blue One L,North,5000,1,0.999999779612818,4999.99889806409,10
4981,Blue One L,South West,5000,1,0.5619388773699784,2809.694386849892,7
4982,Blue One L,West,5000,0,0.5832791678634985,2916.3958393174926,7
4983,Blue One L,South,5000,0,0.5887744351857855,2943.872175928928,7
4984,Blue One L,Littoral,5000,1,0.999999757664484,4999.99878832242,10
4985,Blue One L,Adamawa,5000,0,0.0017699185192030697,8.849592596015349,2
4986,Blue One L,Centre,5000,0,0.5833273128670677,2916.636564335339,7
4987,Blue One L,East,5000,0,0.001752373452966448,8.76186726483224,2
4988,Blue One L,Littoral,5000,1,0.9999997762808078,4999.998881404039,10
4989,Blue One L,South West,5000,0,0.5503056823798028,2751.528411899014,6
4990,Blue One L,North West,5000,0,0.0017116340502828366,8.558170251414182,2
4991,Blue One M,Littoral,3000,1,0.4955185322381195,1486.5555967143584,5
4992,Blue One M,Far North,3000,1,0.9999994694857347,2999.9984084572043,10
4994,Blue One M,South,3000,0,0.00041684592044571736,1.250537761337152,1
4995,Blue One M,South West,3000,0,0.0004093403719139523,1.2280211157418568,1
4996,Blue One M,Centre,3000,0,0.24530748598123606,735.9224579437082,3
4997,Blue One M,Littoral,3000,1,0.9999992582691527,2999.997774807458,9
4998,Blue One M,North West,3000,0,0.30396165797617714,911.8849739285314,3
4999,Blue One L,North West,5000,0,0.0018220866360899484,9.110433180449743,2
5000,Blue One L,Centre,5000,0,0.5587037778068086,2793.518889034043,6
5001,Blue One L,North,5000,0,0.0013191630977476537,6.5958154887382685,1
5002,Blue One L,North West,5000,0,0.0017531892030125324,8.765946015062662,2
5003,Blue One L,Adamawa,5000,1,0.9999998706046737,4999.999353023369,10
5004,Blue One L,South West,5000,0,0.5135218863292237,2567.6094316461185,5
5005,Blue One L,Far North,5000,0,0.5925604546949533,2962.8022734747665,7
5006,Blue One M,East,3000,1,0.99999928814296,2999.99786442888,9
5010,Blue One M,East,3000,0,0.5174936893212272,1552.4810679636817,5
5011,Blue One L,South West,5000,0,0.0014986243103607007,7.493121551803504,2
5012,Blue One L,Littoral,5000,1,0.5534939176050896,2767.469588025448,6
5013,Blue One L,Far North,5000,0,0.0019095332345554564,9.547666172777282,2
5014,Blue One L,East,5000,0,0.5894965928034928,2947.482964017464,7
5015,Blue One L,North West,5000,1,0.5444218718643558,2722.109359321779,6
5016,Blue One L,Littoral,5000,1,0.5561549819768251,2780.7749098841255,6
5017,Blue One M,North,3000,0,0.00035872944031669187,1.0761883209500755,1
5018,Blue One L,Adamawa,5000,0,0.5648307186101584,2824.153593050792,7
5020,Blue One L,East,5000,0,0.6172103047992618,3086.051523996309,8
5021,Blue One L,South West,5000,1,0.999999856099505,4999.999280497525,10
5022,Blue One L,Littoral,5000,1,0.6062177418360646,3031.088709180323,8
5023,Blue One L,South,5000,0,0.5816274725373085,2908.1373626865425,7
5024,Blue One L,Littoral,5000,1,0.5553279123648418,2776.639561824209,6
5025,Blue One L,Centre,5000,1,0.9999997746805486,4999.998873402743,10
5026,Blue One L,North,5000,1,0.5582563975434809,2791.2819877174043,6
5029,Blue One M,West,3000,0,0.5587619505382974,1676.2858516148922,6
5030,Blue One L,North,5000,1,0.9999998143637225,4999.999071818613,10
5031,Blue One L,Centre,5000,0,0.0012853268204941507,6.426634102470754,1
5032,Blue One L,Centre,5000,1,0.9999998610427132,4999.999305213566,10
5033,Blue One L,Far North,5000,1,0.9999998748986748,4999.9993744933745,10
5034,Blue One L,Centre,5000,0,0.6032156414780698,3016.0782073903492,8
5035,Blue One L,West,5000,0,0.0015113378746009994,7.556689373004997,2
5036,Blue One L,North West,5000,1,0.5760992849242947,2880.4964246214736,7
5037,Blue One L,North,5000,1,0.99999984944418,4999.9992472209,10
5038,Blue One L,North West,5000,0,0.6415094764099261,3207.5473820496304,8
5039,Blue One L,North West,5000,0,0.0017630778698133885,8.815389349066942,2
5040,Blue One L,Centre,5000,1,0.9999998318231077,4999.9991591155385,10
5041,Blue One L,Adamawa,5000,1,0.5329068272350891,2664.5341361754454,6
5042,Blue One L,North,5000,1,0.5842653841664335,2921.326920832167,7
5043,Blue One L,North,5000,1,0.5491496357700199,2745.748178850099,6
5044,Blue One L,South West,5000,0,0.001426437471998771,7.132187359993855,2
5045,Blue One L,West,5000,0,0.607221263187768,3036.10631593884,8
5046,Blue One L,Adamawa,5000,1,0.9999998752224617,4999.999376112309,10
5047,Blue One L,East,5000,1,0.625527846206874,3127.63923103437,8
5048,Blue One L,South West,5000,1,0.5449529834030146,2724.764917015073,6
5049,Blue One L,North,5000,1,0.533459981818696,2667.29990909348,6
5050,Blue One L,North West,5000,1,0.9999998540415005,4999.999270207502,10
5051,Blue One L,Centre,5000,1,0.9999998356823318,4999.999178411659,10
5052,Blue One L,Littoral,5000,1,0.9999998582392889,4999.999291196445,10
5053,Blue One L,East,5000,1,0.5784776895449518,2892.3884477247593,7
5054,Blue One M,West,3000,0,0.002815968148475643,8.447904445426929,3
5055,Blue One M,South West,3000,1,0.5000303177958793,1500.0909533876377,5
5056,Blue One L,Adamawa,5000,1,0.5690749628966902,2845.3748144834512,7
5057,Blue One L,South West,5000,1,0.9999998292129478,4999.999146064739,10
5058,Blue One L,North West,5000,1,0.615082058220227,3075.410291101135,8
5059,Blue One L,South,5000,1,0.5835296967283005,2917.6484836415025,7
5060,Blue One L,Centre,5000,0,0.5734328893887977,2867.1644469439884,7
5061,Blue One L,Centre,5000,0,0.5871484463114052,2935.7422315570257,7
5062,Blue One L,South West,5000,0,0.5584650913533828,2792.325456766914,6
5063,Blue One L,North West,5000,1,0.5607425731888477,2803.7128659442383,6
5064,Blue One L,North,5000,0,0.001417522845621162,7.087614228105809,1
5065,Blue One L,South West,5000,0,0.0014915595410752132,7.457797705376066,2
5066,Blue One L,Centre,5000,1,0.9999997746805486,4999.998873402743,10
5067,Blue One L,East,5000,0,0.0018306792376042932,9.153396188021466,2
5068,Blue One L,North,5000,0,0.0015972571022195379,7.986285511097689,2
5069,Blue One L,North,5000,1,0.9999997616655485,4999.998808327742,10
5070,Blue One M,Adamawa,3000,0,0.2934900177079242,880.4700531237727,3
5073,Blue One L,East,5000,0,0.0013757403612701363,6.878701806350682,1
5074,Blue One M,South,3000,0,0.00036130919249392367,1.083927577481771,1
5075,Blue One L,North,5000,1,0.5397036296447686,2698.518148223843,6
5076,Blue One M,South West,3000,0,0.29261262584720416,877.8378775416124,3
5077,Blue One L,North,5000,1,0.5876860488666443,2938.4302443332217,7
5078,Blue One L,South West,5000,1,0.9999998497292594,4999.999248646297,10
5079,Blue One L,East,5000,1,0.6448435718539678,3224.2178592698388,8
5080,Blue One S,East,2000,0,0.18453829441087538,369.07658882175076,3
5081,Blue One M,North,3000,0,0.42355683280468276,1270.6704984140483,4
5082,Blue One M,North,3000,0,0.0012361815604040973,3.7085446812122917,1
5083,Blue One M,East,3000,0,0.0015813979092332993,4.744193727699898,2
5084,Blue One L,South West,5000,0,0.001523206306276758,7.61603153138379,2
5085,Blue One M,Far North,3000,1,0.49595654878729917,1487.8696463618976,5
5086,Blue One L,Centre,5000,0,0.001326254369876128,6.63127184938064,1
5087,Blue One M,South West,3000,0,0.000471826711157181,1.415480133471543,1
5088,Blue One M,Centre,3000,0,0.0031565795154860524,9.469738546458156,3
5089,Blue One L,Littoral,5000,0,0.0015648145970220345,7.824072985110173,2
5090,Blue One M,Far North,3000,1,0.9999993534449753,2999.998060334926,9
5091,Blue One L,Adamawa,5000,1,0.585560386694936,2927.80193347468,7
5092,Blue One L,Centre,5000,0,0.001585127283745047,7.925636418725235,2
5093,Blue One L,West,5000,0,0.00159621454060061,7.98107270300305,2
5094,Blue One M,East,3000,0,0.5466239304788658,1639.8717914365975,6
5095,Blue One L,South West,5000,1,0.5748625422866157,2874.3127114330787,7
5096,Blue One M,East,3000,1,0.6080357017116536,1824.1071051349606,8
5097,Blue One M,South West,3000,1,0.9999987402916105,2999.9962208748316,8
5098,Blue One M,West,3000,0,0.5105804638693378,1531.7413916080131,5
5099,Blue One M,South West,3000,1,0.9999991963938849,2999.997589181655,9
5100,Blue One L,South,5000,1,0.6156087995908979,3078.0439979544894,8
5101,Blue One L,Littoral,5000,1,0.9999998632681852,4999.999316340926,10
5102,Blue One L,Littoral,5000,0,0.0015062295747957782,7.531147873978891,2
5103,Blue One M,North,3000,0,0.4956210736895225,1486.8632210685676,5
5104,Blue One L,Far North,5000,1,0.6404925240679613,3202.4626203398066,8
5105,Blue One L,Littoral,5000,1,0.5600834642296887,2800.4173211484435,6
5106,Blue One L,South,5000,1,0.5820033663974453,2910.0168319872264,7
5107,Blue One L,South West,5000,1,0.9999998294169765,4999.999147084883,10
5108,Blue One L,North,5000,0,0.0011518438645888398,5.759219322944199,1
5109,Blue One L,North,5000,0,0.0011768748224220613,5.884374112110306,1
5110,Blue One L,Far North,5000,0,0.0016508743731471784,8.254371865735893,2
5111,Blue One L,Centre,5000,0,0.602082408502219,3010.4120425110946,8
5112,Blue One M,North West,3000,1,0.9999991427752785,2999.9974283258352,9
5113,Blue One M,Far North,3000,1,0.9999992782043495,2999.997834613049,9
5114,Blue One M,North,3000,1,0.9999984448876643,2999.995334662993,8
5115,Blue One L,Littoral,5000,1,0.9999998464429674,4999.999232214836,10
5116,Blue One M,West,3000,0,0.31308228809255195,939.2468642776558,4
5117,Blue One M,Far North,3000,1,0.31869033388954876,956.0710016686463,4
5118,Blue One L,Adamawa,5000,0,0.0017726502020411034,8.863251010205516,2
5119,Blue One L,Littoral,5000,0,0.0014935518769036793,7.467759384518397,2
5120,Blue One L,North,5000,1,0.9999997775169989,4999.998887584994,10
5121,Blue One L,North,5000,0,0.5614722670510038,2807.361335255019,6
5122,Blue One L,Far North,5000,1,0.592572232633562,2962.86116316781,7
5123,Blue One M,North West,3000,1,0.5918709063209106,1775.6127189627316,7
5124,Blue One M,West,3000,0,0.0015067888051526885,4.520366415458065,2
5125,Blue One M,East,3000,1,0.42792737245272694,1283.7821173581808,4
5127,Blue One M,Far North,3000,0,0.5060880295356688,1518.2640886070064,5
5128,Blue One L,Centre,5000,1,0.5637336132265666,2818.668066132833,7
5129,Blue One L,South,5000,1,0.9999998630779355,4999.999315389678,10
5130,Blue One L,Adamawa,5000,0,0.619513695197598,3097.56847598799,8
5131,Blue One L,Far North,5000,0,0.5845861059024449,2922.9305295122244,7
5132,Blue One L,Littoral,5000,1,0.9999997199439936,4999.998599719968,10
5133,Blue One M,North West,3000,0,0.002917012197884604,8.751036593653813,3
5134,Blue One M,Littoral,3000,0,0.4919698089307239,1475.9094267921716,5
5135,Blue One M,West,3000,0,0.47091121856768453,1412.7336557030535,5
5136,Blue One L,East,5000,1,0.5780156566212281,2890.0782831061406,7
5139,Blue One L,Adamawa,5000,1,0.5693680736172597,2846.8403680862984,7
5140,Blue One L,North,5000,0,0.5819764447592887,2909.882223796443,7
5141,Blue One M,North,3000,0,0.5736921852620515,1721.0765557861544,7
5142,Blue One L,Adamawa,5000,0,0.5693680736172597,2846.8403680862984,7
5143,Blue One L,Adamawa,5000,1,0.999999792998282,4999.9989649914105,10
5144,Blue One L,North West,5000,1,0.9999997701607244,4999.998850803622,10
5145,Blue One L,North,5000,1,0.999999767268978,4999.99883634489,10
5146,Blue One L,Littoral,5000,0,0.0015198528821746848,7.599264410873424,2
5147,Blue One L,South,5000,1,0.9999998328566633,4999.9991642833165,10
5148,Blue One L,North,5000,1,0.9999998463373473,4999.9992316867365,10
5149,Blue One L,South West,5000,0,0.600963862048248,3004.81931024124,8
5150,Blue One L,South West,5000,1,0.5889052962005438,2944.526481002719,7
5151,Blue One M,South West,3000,1,0.9999987442392118,2999.9962327176354,8
5152,Blue One L,South West,5000,0,0.001497067002271709,7.485335011358545,2
5153,Blue One L,West,5000,0,0.5914378162882248,2957.189081441124,7
5154,Blue One M,Adamawa,3000,0,0.0018934843693083118,5.680453107924936,2
5155,Blue One M,South,3000,1,0.3193584494366004,958.0753483098013,4
5156,Blue One L,South West,5000,1,0.9999998401798662,4999.999200899331,10
5157,Blue One L,South,5000,1,0.9999998544074099,4999.999272037049,10
5158,Blue One M,North West,3000,1,0.4450081825069922,1335.0245475209765,4
5159,Blue One L,South,5000,0,0.5731492727599061,2865.7463637995306,7
5160,Blue One L,South,5000,1,0.49054970051041924,2452.7485025520964,5
5161,Blue One L,North West,5000,1,0.5818433527277234,2909.2167636386166,7
5162,Blue One L,Littoral,5000,1,0.9999997190773152,4999.998595386576,10
5163,Blue One M,North,3000,0,0.0004515517365870549,1.3546552097611646,1
5164,Blue One M,East,3000,1,0.9999989513029752,2999.9968539089255,9
5165,Blue One M,Adamawa,3000,1,0.9999988325500295,2999.9964976500887,8
5166,Blue One L,West,5000,0,0.0016016153062504068,8.008076531252033,2
5167,Blue One L,Adamawa,5000,1,0.9999998820822106,4999.999410411053,10
5168,Blue One M,Adamawa,3000,0,0.440851270730907,1322.5538121927211,4
5169,Blue One M,East,3000,0,0.5432262877662649,1629.6788632987948,6
5170,Blue One L,Adamawa,5000,0,0.6145930440697448,3072.965220348724,8
5171,Blue One L,West,5000,1,0.5306147365979929,2653.0736829899643,6
5172,Blue One L,North West,5000,0,0.0018156649113857234,9.078324556928617,2
5173,Blue One L,East,5000,0,0.6214582968021326,3107.291484010663,8
5174,Blue One L,East,5000,0,0.6185943609098943,3092.9718045494715,8
5175,Blue One L,Centre,5000,1,0.999999755124318,4999.9987756215905,10
5176,Blue One L,Littoral,5000,1,0.5908065149064005,2954.0325745320024,7
5177,Blue One L,North West,5000,1,0.9999998525947664,4999.999262973832,10
5178,Blue One M,South West,3000,0,0.45368625593107,1361.0587677932099,4
5179,Blue One M,South,3000,1,0.9999987333927218,2999.9962001781655,8
5180,Blue One L,South,5000,1,0.5720030412795528,2860.015206397764,7
5181,Blue One L,West,5000,1,0.9999997826573755,4999.998913286878,10
5182,Blue One L,South West,5000,1,0.49512397939831876,2475.6198969915936,5
5183,Blue One L,Adamawa,5000,1,0.6254372182469767,3127.186091234884,8
5184,Blue One L,Far North,5000,0,0.0018083368069099378,9.04168403454969,2
5185,Blue One L,West,5000,1,0.5652741339827353,2826.3706699136765,7
5186,Blue One L,Adamawa,5000,1,0.5960982340310786,2980.4911701553933,7
5187,Blue One L,Littoral,5000,0,0.0014805254019977674,7.402627009988837,2
5188,Blue One L,South,5000,1,0.9999997878636079,4999.998939318039,10
5189,Blue One L,Adamawa,5000,0,0.6111572049980929,3055.7860249904643,8
5190,Blue One L,Far North,5000,0,0.0017502532891477917,8.751266445738958,2
5191,Blue One L,Littoral,5000,1,0.6013430213638505,3006.7151068192525,8
5192,Blue One L,Adamawa,5000,1,0.9999997890527984,4999.998945263992,10
5193,Blue One L,South,5000,0,0.6144883410126589,3072.4417050632946,8
5194,Blue One L,South,5000,0,0.5643882756175023,2821.941378087511,7
5195,Blue One L,North West,5000,0,0.613961027070411,3069.805135352055,8
5196,Blue One L,Littoral,5000,1,0.574579278957682,2872.89639478841,7
5197,Blue One L,West,5000,1,0.5660452690554141,2830.2263452770703,7
5198,Blue One L,Centre,5000,0,0.0016481964727439275,8.240982363719638,2
5199,Blue One L,North West,5000,1,0.620817921956156,3104.0896097807804,8
5200,Blue One L,South West,5000,1,0.6094982209705521,3047.49110485276,8
5201,Blue One L,Centre,5000,1,0.9999997921197724,4999.998960598862,10
5202,Blue One M,East,3000,1,0.563239123605119,1689.7173708153568,7
5203,Blue One L,East,5000,0,0.6434046312724041,3217.0231563620205,8
5204,Blue One L,West,5000,1,0.58136474735784,2906.8237367892,7
5205,Blue One L,Centre,5000,0,0.5087998229142531,2543.999114571265,5
5208,Blue One M,North West,3000,1,0.9999989318649065,2999.9967955947195,9
5209,Blue One L,Adamawa,5000,0,0.6059234349824782,3029.6171749123914,8
5210,Blue One L,Littoral,5000,1,0.9999998475787385,4999.999237893692,10
5211,Blue One L,East,5000,0,0.580795741565229,2903.9787078261447,7
5212,Blue One L,North,5000,1,0.5531672101823746,2765.836050911873,6
5213,Blue One L,Centre,5000,1,0.6102818498244962,3051.409249122481,8
5214,Blue One M,North West,3000,0,0.001767082791180653,5.301248373541959,2
5215,Blue One M,North,3000,0,0.002516780351144681,7.550341053434043,2
5216,Blue One M,West,3000,1,0.9999990445200225,2999.9971335600676,9
5217,Blue One M,Far North,3000,1,0.581582275786912,1744.746827360736,7
5218,Blue One M,East,3000,0,0.5982165191896353,1794.6495575689057,7
5219,Blue One M,North West,3000,1,0.9999991390936092,2999.9974172808274,9
5220,Blue One L,Adamawa,5000,1,0.9999998436957656,4999.999218478828,10
5221,Blue One L,Far North,5000,0,0.0016638170344745132,8.319085172372565,2
5222,Blue One L,South,5000,0,0.613461136389026,3067.30568194513,8
5223,Blue One M,West,3000,1,0.9999990354336878,2999.9971063010635,9
5224,Blue One M,West,3000,0,0.002540937496160701,7.622812488482103,2
5225,Blue One L,South West,5000,0,0.0014846003419242526,7.423001709621263,2
5226,Blue One L,Littoral,5000,0,0.5526196151411358,2763.098075705679,6
5227,Blue One L,Littoral,5000,1,0.9999997709352239,4999.99885467612,10
5228,Blue One L,Adamawa,5000,1,0.6330669388696846,3165.334694348423,8
5229,Blue One M,East,3000,0,0.5134746430791689,1540.4239292375066,5
5230,Blue One M,Far North,3000,1,0.4359873717272808,1307.9621151818424,4
5231,Blue One L,Adamawa,5000,0,0.6247016479414551,3123.5082397072756,8
5232,Blue One L,East,5000,1,0.9999998435693465,4999.999217846732,10
5233,Blue One L,West,5000,1,0.9999998237037904,4999.999118518952,10
5234,Blue One L,North,5000,1,0.9999998195518102,4999.9990977590505,10
5235,Blue One M,Centre,3000,1,0.5814611699809447,1744.383509942834,7
5236,Blue One M,South,3000,1,0.999998592252269,2999.9957767568067,8
5237,Blue One L,East,5000,1,0.6179515783315526,3089.7578916577627,8
5238,Blue One M,Littoral,3000,0,0.2773382824737451,832.0148474212352,3
5239,Blue One M,West,3000,1,0.9999994228744067,2999.99826862322,10
5240,Blue One L,West,5000,1,0.9999998580767616,4999.999290383808,10
5241,Blue One L,North West,5000,0,0.6135832251308458,3067.9161256542293,8
5242,Blue One L,North,5000,0,0.001516998117651118,7.58499058825559,2
5243,Blue One L,South,5000,1,0.5650618692531315,2825.3093462656575,7
5244,Blue One L,North West,5000,1,0.6124721580229632,3062.3607901148157,8
5245,Blue One L,Centre,5000,1,0.999999866088898,4999.99933044449,10
5246,Blue One L,West,5000,1,0.5647265461607526,2823.632730803763,7
5247,Blue One M,North West,3000,1,0.5446772981056034,1634.0318943168102,6
5249,Blue One M,Centre,3000,0,0.2735918679512736,820.7756038538208,3
5250,Blue One M,Centre,3000,1,0.3219011617622139,965.7034852866417,4
5252,Blue One M,Centre,3000,1,0.5066204459827313,1519.8613379481937,5
5253,Blue One M,North,3000,1,0.45934696659922075,1378.0408997976622,4
5254,Blue One M,Adamawa,3000,0,0.43977118501497303,1319.313555044919,4
5255,Blue One L,Adamawa,5000,1,0.5904514244355026,2952.257122177513,7
5256,Blue One L,Littoral,5000,1,0.5289294185838422,2644.647092919211,6
5257,Blue One M,East,3000,0,0.5358004697735105,1607.4014093205315,6
5258,Blue One M,East,3000,0,0.5567577414089532,1670.2732242268596,6
5259,Blue One M,South West,3000,0,0.5183989739804955,1555.1969219414866,5
5261,Blue One M,North,3000,0,0.2261040899771848,678.3122699315544,3
5262,Blue One S,South West,2000,0,0.0001774995329308837,0.35499906586176744,1
5263,Blue One M,North,3000,0,0.25560826476479326,766.8247942943798,3
5264,Blue One M,South West,3000,0,0.0013894867247548773,4.168460174264632,1
5265,Blue One M,Adamawa,3000,1,0.9999993118787366,2999.9979356362096,9
5266,Blue One M,Far North,3000,1,0.31113852501886147,933.4155750565844,4
5267,Blue One M,Far North,3000,0,0.3278563378564763,983.5690135694289,4
5268,Blue One M,South,3000,0,0.0016067494526829963,4.820248358048989,2
5269,Blue One M,East,3000,0,0.4411310286986446,1323.3930860959338,4
5270,Blue One M,West,3000,0,0.0005133945491100195,1.5401836473300585,1
5272,Blue One M,West,3000,1,0.5597941523728551,1679.3824571185653,6
5273,Blue One M,East,3000,1,0.999998955056678,2999.996865170034,9
5274,Blue One M,Littoral,3000,1,0.9999993618394918,2999.9980855184754,9
5275,Blue One M,Adamawa,3000,1,0.999999284239253,2999.997852717759,9
5276,Blue One L,North,5000,1,0.9999997806426114,4999.998903213057,10
5277,Blue One L,North,5000,0,0.0015235028366235106,7.617514183117553,2
5279,Blue One L,Littoral,5000,1,0.5663146788493258,2831.573394246629,7
5280,Blue One L,North West,5000,1,0.6241427573226158,3120.7137866130793,8
5281,Blue One L,Adamawa,5000,0,0.6245968067556948,3122.9840337784744,8
5282,Blue One L,Adamawa,5000,1,0.6363472833004612,3181.736416502306,8
5283,Blue One L,South,5000,0,0.6078703017077296,3039.351508538648,8
5284,Blue One L,South West,5000,1,0.5375876198331773,2687.9380991658863,6
5285,Blue One L,East,5000,1,0.9999998731245073,4999.999365622537,10
5286,Blue One L,West,5000,0,0.5251391996068603,2625.6959980343013,6
5287,Blue One L,Far North,5000,0,0.001804082219583709,9.020411097918544,2
5288,Blue One L,North West,5000,1,0.9999998747159299,4999.99937357965,10
5289,Blue One L,East,5000,0,0.0017191066265225137,8.59553313261257,2
5290,Blue One L,Far North,5000,0,0.0012340232609431858,6.170116304715929,1
5291,Blue One L,Centre,5000,0,0.0013071263425170688,6.535631712585344,1
5292,Blue One L,North West,5000,1,0.6393411580601469,3196.7057903007344,8
5293,Blue One M,West,3000,0,0.3201423612668096,960.4270838004288,4
5294,Blue One L,Littoral,5000,0,0.0014915411243176938,7.457705621588469,2
5295,Blue One M,East,3000,0,0.002522180228924775,7.566540686774325,2
5296,Blue One L,North West,5000,1,0.9999998535171798,4999.999267585899,10
5297,Blue One L,East,5000,0,0.0013665328456436377,6.832664228218189,1
5298,Blue One M,Adamawa,3000,1,0.5046501267647456,1513.950380294237,5
5299,Blue One L,Far North,5000,1,0.5303566158762935,2651.7830793814674,6
5300,Blue One M,South,3000,0,0.5322596928296259,1596.7790784888778,6
5301,Blue One M,North West,3000,1,0.9999990849417626,2999.9972548252877,9
5302,Blue One L,East,5000,1,0.5941988571019374,2970.994285509687,7
5303,Blue One L,Far North,5000,0,0.6222859333180938,3111.429666590469,8
5304,Blue One L,Centre,5000,1,0.5975738286798605,2987.8691433993026,7
5305,Blue One L,Littoral,5000,1,0.9999998523028468,4999.999261514234,10
5306,Blue One L,Far North,5000,0,0.001653503156997995,8.267515784989975,2
5307,Blue One L,North,5000,1,0.536880465130289,2684.4023256514447,6
5308,Blue One L,North West,5000,0,0.0018307140760719378,9.153570380359689,2
5309,Blue One L,South,5000,0,0.001194033989144566,5.970169945722829,1
5310,Blue One M,Far North,3000,1,0.999999034229562,2999.997102688686,9
5312,Blue One M,Centre,3000,0,0.4821019337633561,1446.3058012900683,5
5313,Blue One M,Adamawa,3000,1,0.23216715608569627,696.5014682570888,3
5314,Blue One M,North,3000,1,0.568310334185885,1704.931002557655,7
5315,Blue One L,Adamawa,5000,0,0.5870139276923524,2935.0696384617618,7
5316,Blue One L,South West,5000,0,0.0014069855627567528,7.034927813783764,1
5317,Blue One M,North West,3000,0,0.0004926538655900601,1.4779615967701805,1
5318,Blue One M,Far North,3000,0,0.0013864452835375563,4.159335850612669,1
5319,Blue One L,Adamawa,5000,1,0.5690869260356363,2845.434630178181,7
5320,Blue One L,Centre,5000,0,0.5440095164186082,2720.047582093041,6
5321,Blue One M,North West,3000,0,0.0006102252706417614,1.8306758119252844,1
5322,Blue One L,Littoral,5000,1,0.6081900582355076,3040.950291177538,8
5323,Blue One L,South West,5000,1,0.5560717383067976,2780.358691533988,6
5324,Blue One L,West,5000,0,0.5760934987868107,2880.4674939340534,7
5325,Blue One L,West,5000,0,0.6083493811380174,3041.746905690087,8
5326,Blue One L,North West,5000,1,0.9999997941311798,4999.998970655899,10
5327,Blue One L,North West,5000,0,0.5937466001101154,2968.733000550577,7
5328,Blue One L,West,5000,1,0.5682709765826609,2841.3548829133047,7
5329,Blue One L,Adamawa,5000,0,0.0017588624302518762,8.794312151259382,2
5330,Blue One L,West,5000,0,0.0016541669907325276,8.270834953662638,2
5331,Blue One L,Centre,5000,0,0.6205983902612029,3102.9919513060145,8
5332,Blue One L,Far North,5000,0,0.0017464349016366651,8.732174508183325,2
5333,Blue One L,South,5000,0,0.0016005585360188382,8.002792680094192,2
5334,Blue One L,East,5000,1,0.9999998721281608,4999.999360640804,10
5337,Blue One L,East,5000,0,0.6187862794511513,3093.9313972557566,8
5338,Blue One L,West,5000,1,0.9999998677796317,4999.999338898158,10
5339,Blue One L,Centre,5000,0,0.0016847474939760752,8.423737469880376,2
5340,Blue One L,Centre,5000,1,0.5960515936564987,2980.2579682824935,7
5341,Blue One L,South,5000,1,0.9999998537821727,4999.999268910864,10
5342,Blue One L,South,5000,1,0.9999997282463867,4999.998641231934,10
5343,Blue One L,Far North,5000,0,0.6045837939195132,3022.918969597566,8
5344,Blue One L,North West,5000,0,0.0016615559870414478,8.30777993520724,2
5345,Blue One M,North,3000,1,0.999998699447444,2999.996098342332,8
5346,Blue One L,Adamawa,5000,1,0.6088223493561356,3044.1117467806775,8
5347,Blue One L,Littoral,5000,1,0.9999997741533021,4999.998870766511,10
5348,Blue One L,North West,5000,1,0.6321253521300505,3160.6267606502524,8
5349,Blue One L,South West,5000,0,0.6043518392924133,3021.7591964620665,8
5350,Blue One L,East,5000,1,0.9999998484103257,4999.999242051629,10
5351,Blue One L,West,5000,0,0.0016783953029583549,8.391976514791775,2
5352,Blue One L,Centre,5000,0,0.0017006588907389983,8.503294453694991,2
5353,Blue One L,Adamawa,5000,0,0.0014114237103988617,7.057118551994308,1
5354,Blue One L,North,5000,0,0.5556500229016276,2778.250114508138,6
5355,Blue One L,South,5000,1,0.999999788275455,4999.998941377275,10
5356,Blue One L,South,5000,0,0.5712225253548492,2856.112626774246,7
5357,Blue One L,South West,5000,0,0.0012145606405004803,6.072803202502401,1
5358,Blue One M,South West,3000,0,0.4054904459415222,1216.4713378245667,4
5359,Blue One M,Adamawa,3000,0,0.5112997091242597,1533.899127372779,5
5360,Blue One M,North,3000,1,0.47454175545490973,1423.6252663647292,5
5361,Blue One M,West,3000,0,0.00173549671971791,5.20649015915373,2
5362,Blue One M,South,3000,0,0.5536051726660861,1660.8155179982584,6
5363,Blue One M,North,3000,0,0.002540529785726031,7.621589357178093,2
5364,Blue One M,Centre,3000,1,0.5097704515671706,1529.3113547015118,5
5365,Blue One L,South,5000,0,0.5928650171936811,2964.325085968406,7
5366,Blue One L,Littoral,5000,0,0.5804378389628714,2902.189194814357,7
5367,Blue One L,Littoral,5000,1,0.9999997783774606,4999.998891887303,10
5368,Blue One M,North,3000,0,0.5493925282872555,1648.1775848617665,6
5369,Blue One M,Centre,3000,0,0.50868731607419,1526.0619482225702,5
5370,Blue One L,West,5000,0,0.0016738915084881518,8.36945754244076,2
5371,Blue One L,North,5000,1,0.9999997063082416,4999.998531541209,10
5372,Blue One L,Littoral,5000,1,0.5889987433725632,2944.9937168628157,7
5373,Blue One L,North,5000,1,0.999999777771945,4999.998888859725,10
5374,Blue One L,Centre,5000,1,0.5924638576079837,2962.3192880399183,7
5375,Blue One M,Littoral,3000,0,0.0016384964664450867,4.91548939933526,2
5376,Blue One L,Centre,5000,1,0.5667908614798971,2833.9543073994855,7
5377,Blue One L,Centre,5000,0,0.0015164554509151057,7.582277254575528,2
5378,Blue One L,Centre,5000,1,0.9999997185158205,4999.9985925791025,10
5379,Blue One M,Centre,3000,0,0.3027266461525747,908.1799384577241,3
5380,Blue One L,South West,5000,0,0.5579617874176737,2789.808937088368,6
5381,Blue One L,North West,5000,0,0.5701885576963313,2850.9427884816564,7
5382,Blue One L,South West,5000,0,0.5715345275800827,2857.6726379004135,7
5383,Blue One L,North West,5000,0,0.5990350738186278,2995.1753690931387,8
5384,Blue One L,East,5000,1,0.9999998004885603,4999.999002442802,10
5385,Blue One L,Centre,5000,0,0.0016954210595304803,8.477105297652402,2
5386,Blue One L,North West,5000,1,0.9999998151570042,4999.999075785021,10
5387,Blue One L,East,5000,0,0.5386374312606313,2693.187156303157,6
5388,Blue One M,Centre,3000,1,0.9999989523480259,2999.996857044078,9
5389,Blue One L,South,5000,0,0.0016201024252962726,8.100512126481362,2
5390,Blue One L,North West,5000,0,0.0018278040733380727,9.139020366690364,2
5391,Blue One L,North,5000,1,0.5748861969662427,2874.430984831213,7
5392,Blue One L,Far North,5000,1,0.5895258628931089,2947.6293144655447,7
5393,Blue One L,East,5000,1,0.6245120823222867,3122.5604116114337,8
5394,Blue One L,Centre,5000,1,0.5645753628667496,2822.876814333748,7
5395,Blue One L,West,5000,1,0.5306147365979929,2653.0736829899643,6
5396,Blue One L,Centre,5000,0,0.5142895059154743,2571.4475295773714,5
5397,Blue One L,Littoral,5000,0,0.001496745283210294,7.4837264160514705,2
5398,Blue One L,Adamawa,5000,1,0.9999998816643922,4999.999408321961,10
5399,Blue One L,North,5000,1,0.5629192647027876,2814.5963235139384,7
5400,Blue One L,East,5000,1,0.999999767981914,4999.99883990957,10
5401,Blue One L,South West,5000,0,0.6109912587641194,3054.9562938205972,8
5402,Blue One L,Centre,5000,1,0.5707496268802297,2853.7481344011485,7
5403,Blue One L,Far North,5000,1,0.5887897623363851,2943.9488116819257,7
5404,Blue One L,Centre,5000,1,0.9999997372499452,4999.998686249726,10
5405,Blue One L,North West,5000,1,0.9999998111169827,4999.999055584914,10
5406,Blue One L,North,5000,0,0.0014535849375574214,7.267924687787107,2
5407,Blue One L,North West,5000,1,0.9999997959792827,4999.998979896413,10
5408,Blue One L,Centre,5000,0,0.0014975642049798042,7.487821024899021,2
5409,Blue One L,South,5000,0,0.5650738586548214,2825.369293274107,7
5410,Blue One L,South West,5000,0,0.001627494238780379,8.137471193901895,2
5411,Blue One L,Centre,5000,0,0.001689362720542573,8.446813602712865,2
5412,Blue One L,Littoral,5000,1,0.9999997737930778,4999.998868965389,10
5413,Blue One L,North West,5000,1,0.9999998125231856,4999.999062615928,10
5414,Blue One L,East,5000,0,0.6300214356352737,3150.1071781763685,8
5415,Blue One L,Centre,5000,0,0.5688201964600114,2844.100982300057,7
5416,Blue One L,Littoral,5000,1,0.5592638595665949,2796.3192978329744,6
5417,Blue One L,North West,5000,0,0.0017312696460348239,8.65634823017412,2
5419,Blue One L,East,5000,0,0.607608572629942,3038.04286314971,8
5420,Blue One L,North West,5000,0,0.0014661121399560998,7.330560699780499,2
5421,Blue One L,North,5000,0,0.0014259384966774135,7.129692483387068,2
5422,Blue One L,West,5000,1,0.6184145858861004,3092.072929430502,8
5423,Blue One L,North,5000,0,0.0014598892586243496,7.299446293121748,2
5424,Blue One L,North,5000,1,0.5570428689769426,2785.214344884713,6
5425,Blue One M,East,3000,0,0.5892159273866493,1767.6477821599478,7
5426,Blue One M,West,3000,0,0.43088648584512074,1292.6594575353622,4
5428,Blue One M,Adamawa,3000,1,0.9999990608735652,2999.9971826206956,9
5429,Blue One M,Far North,3000,0,0.0034898654860795746,10.469596458238724,3
5430,Blue One M,North,3000,0,0.5502559322216415,1650.7677966649244,6
5431,Blue One M,South,3000,0,0.0034517357127331325,10.355207138199397,3
5432,Blue One M,South,3000,0,0.5743851951354197,1723.1555854062592,7
5433,Blue One M,East,3000,1,0.999999097420506,2999.997292261518,9
5434,Blue One M,Adamawa,3000,0,0.5859833277454488,1757.9499832363465,7
5435,Blue One M,Far North,3000,1,0.5993554127207743,1798.0662381623229,8
5436,Blue One M,Adamawa,3000,0,0.00042884427517956767,1.286532825538703,1
5437,Blue One M,Far North,3000,0,0.0031584029383540757,9.475208815062228,3
5438,Blue One M,East,3000,0,0.0031947355564699536,9.58420666940986,3
5439,Blue One M,Far North,3000,1,0.5856626140846376,1756.9878422539127,7
5440,Blue One M,East,3000,0,0.5907344409507207,1772.203322852162,7
5441,Blue One M,Adamawa,3000,0,0.5240147126376896,1572.0441379130689,6
5442,Blue One M,Far North,3000,1,0.5822370956183478,1746.7112868550435,7
5443,Blue One M,Far North,3000,0,0.003549266818004339,10.647800454013016,3
5444,Blue One M,Centre,3000,0,0.5748514678222247,1724.554403466674,7
5445,Blue One M,West,3000,0,0.5820678584725031,1746.2035754175092,7
5446,Blue One M,Far North,3000,0,0.540749357523571,1622.248072570713,6
5447,Blue One M,Far North,3000,0,0.5317673256253976,1595.3019768761928,6
5448,Blue One M,Centre,3000,1,0.5730360858261967,1719.10825747859,7
5449,Blue One M,West,3000,1,0.9999990182710895,2999.9970548132683,9
5450,Blue One M,Littoral,3000,1,0.4536710997346821,1361.0132992040462,4
5451,Blue One M,South,3000,1,0.9999992108104707,2999.997632431412,9
5452,Blue One M,West,3000,1,0.501552274148746,1504.656822446238,5
5453,Blue One M,Littoral,3000,1,0.9999992141604879,2999.9976424814636,9
5454,Blue One M,Littoral,3000,0,0.5232072957607603,1569.621887282281,6
5455,Blue One M,Far North,3000,0,0.0028546945313753093,8.564083594125927,3
5456,Blue One M,Centre,3000,1,0.57071879307234,1712.15637921702,7
5457,Blue One M,Far North,3000,1,0.5551917428068232,1665.5752284204696,6
5458,Blue One M,East,3000,0,0.003577449066384245,10.732347199152734,3
5459,Blue One M,East,3000,0,0.0027919526655289825,8.375857996586948,3
5460,Blue One M,East,3000,1,0.5435975075085706,1630.7925225257118,6
5461,Blue One M,South West,3000,1,0.5203759550581487,1561.127865174446,6
5462,Blue One M,West,3000,0,0.5132317917676166,1539.6953753028497,5
5463,Blue One M,Adamawa,3000,0,0.002957400274895302,8.872200824685907,3
5464,Blue One M,South West,3000,0,0.5584340578182754,1675.302173454826,6
5465,Blue One M,Centre,3000,1,0.9999988203570962,2999.9964610712886,8
5466,Blue One M,South West,3000,0,0.0012178076806936564,3.653423042080969,1
5467,Blue One M,Far North,3000,0,0.4876021158426232,1462.8063475278695,5
5468,Blue One M,Far North,3000,0,0.0014335064994362625,4.3005194983087875,2
5469,Blue One M,South West,3000,1,0.46806248696316743,1404.1874608895023,5
5470,Blue One M,North,3000,1,0.4562306801586403,1368.692040475921,4
5471,Blue One M,Littoral,3000,1,0.999999087973032,2999.997263919096,9
5472,Blue One M,Far North,3000,1,0.49075149155038417,1472.2544746511526,5
5473,Blue One M,North,3000,0,0.45780051955426015,1373.4015586627804,4
5474,Blue One M,Adamawa,3000,0,0.0017622427129552773,5.286728138865832,2
5475,Blue One M,West,3000,1,0.9999991863110236,2999.9975589330706,9
5476,Blue One M,Adamawa,3000,1,0.4044981844487353,1213.494553346206,4
5477,Blue One M,West,3000,0,0.0013041170399082026,3.912351119724608,1
5478,Blue One M,Far North,3000,1,0.45309037877655073,1359.271136329652,4
5479,Blue One M,Adamawa,3000,1,0.4621732611766968,1386.5197835300905,5
5480,Blue One M,Centre,3000,0,0.0015847088496249542,4.754126548874862,2
5481,Blue One M,North,3000,1,0.4570094402394652,1371.0283207183957,4
5482,Blue One M,North West,3000,0,0.4403741037818783,1321.122311345635,4
5483,Blue One M,North,3000,1,0.498086759840259,1494.260279520777,5
5484,Blue One M,West,3000,1,0.5280574419077995,1584.1723257233984,6
5485,Blue One M,East,3000,1,0.9999989447507365,2999.9968342522093,9
5486,Blue One M,Centre,3000,0,0.44769767985352765,1343.093039560583,4
5487,Blue One M,Centre,3000,0,0.4882741738972218,1464.8225216916653,5
5488,Blue One M,Littoral,3000,1,0.9999992243495303,2999.997673048591,9
5489,Blue One M,Littoral,3000,1,0.9999986610382081,2999.9959831146243,8
5490,Blue One M,North,3000,1,0.9999987477968574,2999.996243390572,8
5491,Blue One M,East,3000,1,0.450065696814277,1350.197090442831,4
5492,Blue One M,North,3000,0,0.29579854877513023,887.3956463253907,3
5493,Blue One M,Far North,3000,1,0.9999992816120971,2999.9978448362913,9
5494,Blue One M,Littoral,3000,0,0.0011691225680385022,3.5073677041155067,1
5495,Blue One M,East,3000,1,0.9999989397967757,2999.996819390327,9
5496,Blue One M,West,3000,1,0.4515079740532497,1354.5239221597492,4
5497,Blue One M,East,3000,0,0.001831192587993782,5.493577763981346,2
5498,Blue One M,Adamawa,3000,1,0.4783586520461438,1435.0759561384314,5
5499,Blue One M,North,3000,0,0.49925765304676134,1497.772959140284,5
5500,Blue One M,South West,3000,0,0.4950114490945002,1485.0343472835004,5
5501,Blue One M,Far North,3000,0,0.0015211156774757421,4.5633470324272265,2
5502,Blue One M,North West,3000,0,0.00037922892411814936,1.1376867723544482,1
5503,Blue One M,South,3000,1,0.3819698007618784,1145.9094022856352,4
5504,Blue One M,Far North,3000,0,0.001939937284841362,5.819811854524086,2
5505,Blue One M,North West,3000,0,0.5163288881405067,1548.9866644215201,5
5506,Blue One M,North,3000,1,0.5011258223016659,1503.3774669049978,5
5507,Blue One M,Littoral,3000,0,0.002638997466222455,7.9169923986673645,2
5508,Blue One L,North West,5000,0,0.0017713401419829165,8.856700709914582,2
5509,Blue One L,North,5000,1,0.9999998512705571,4999.999256352786,10
5510,Blue One L,North,5000,0,0.5303219479302228,2651.609739651114,6
5511,Blue One L,South,5000,1,0.5465506776993465,2732.7533884967324,6
5512,Blue One L,Far North,5000,0,0.0013535879040061252,6.767939520030626,1
5513,Blue One L,South,5000,0,0.0016099022654173754,8.049511327086877,2
5514,Blue One L,North,5000,1,0.9999998517294044,4999.9992586470225,10
5515,Blue One L,East,5000,1,0.9999998741755075,4999.999370877537,10
5516,Blue One L,Far North,5000,0,0.6170850557470419,3085.4252787352093,8
5517,Blue One M,East,3000,0,0.003978022940750114,11.934068822250342,3
5518,Blue One L,South West,5000,0,0.5899659398699986,2949.829699349993,7
5519,Blue One L,Centre,5000,1,0.5911241123219039,2955.6205616095194,7
5520,Blue One L,East,5000,1,0.9999998825440035,4999.999412720018,10
5521,Blue One M,East,3000,0,0.3261601604277174,978.4804812831521,4
5522,Blue One M,East,3000,1,0.3525025188531047,1057.507556559314,4
5523,Blue One M,South,3000,0,0.002587915296719289,7.763745890157867,2
5524,Blue One L,North West,5000,1,0.5940505508432048,2970.252754216024,7
5525,Blue One L,Littoral,5000,1,0.9999998122693813,4999.999061346906,10
5526,Blue One L,West,5000,0,0.5611193908118342,2805.596954059171,6
5527,Blue One L,Centre,5000,1,0.9999998572252773,4999.999286126386,10
5528,Blue One L,North West,5000,0,0.5856565908081128,2928.282954040564,7
5529,Blue One L,Centre,5000,1,0.5663295790399888,2831.6478951999443,7
5530,Blue One L,North,5000,0,0.0012415688503104238,6.207844251552119,1
5531,Blue One M,South West,3000,0,0.0029703827540196715,8.911148262059015,3
5532,Blue One M,East,3000,0,0.003194890913592177,9.584672740776531,3
5534,Blue One L,Littoral,5000,1,0.9999998480563881,4999.999240281941,10
5535,Blue One L,North,5000,0,0.00114892620438532,5.7446310219266,1
5536,Blue One M,East,3000,0,0.29734818460531837,892.044553815955,3
5537,Blue One M,North,3000,0,0.0031799963612868768,9.53998908386063,3
5538,Blue One L,Littoral,5000,1,0.5486661093494982,2743.330546747491,6
5539,Blue One L,South West,5000,1,0.5574984434205502,2787.492217102751,6
5540,Blue One L,Littoral,5000,0,0.0011745788159575477,5.872894079787739,1
5541,Blue One L,South West,5000,0,0.53548129026886,2677.4064513443004,6
5542,Blue One M,North,3000,0,0.0015218890913313657,4.565667273994097,2
5543,Blue One L,Far North,5000,1,0.9999998398847657,4999.999199423829,10
5544,Blue One L,North West,5000,0,0.5637830097678818,2818.915048839409,7
5545,Blue One L,Centre,5000,0,0.0013755258683604116,6.877629341802058,1
5546,Blue One L,South,5000,0,0.0012236845297009696,6.118422648504848,1
5547,Blue One L,Adamawa,5000,1,0.9999998763978826,4999.9993819894125,10
5548,Blue One M,South,3000,0,0.4302959216586206,1290.8877649758617,4
5549,Blue One M,South West,3000,0,0.0016131233420230205,4.839370026069061,2
5550,Blue One M,South West,3000,1,0.47266682454537023,1418.0004736361107,5
5551,Blue One M,North,3000,1,0.2967954474872707,890.3863424618121,3
5552,Blue One M,South West,3000,0,0.5464560861932432,1639.3682585797294,6
5553,Blue One M,East,3000,1,0.9999989681439099,2999.9969044317295,9
5554,Blue One M,Littoral,3000,1,0.9999989909303847,2999.996972791154,9
5555,Blue One M,Centre,3000,1,0.9999990740177599,2999.9972220532795,9
5556,Blue One L,Centre,5000,0,0.6102934523933361,3051.4672619666803,8
5557,Blue One L,Centre,5000,1,0.5944432315888218,2972.216157944109,7
5559,Blue One M,North,3000,0,0.0031848974071708763,9.55469222151263,3
5560,Blue One M,Adamawa,3000,0,0.596175589799701,1788.526769399103,7
5561,Blue One L,North West,5000,1,0.9999998457699453,4999.999228849726,10
5562,Blue One M,Centre,3000,0,0.5160435192134617,1548.1305576403852,5
5563,Blue One M,South,3000,1,0.5608453844129927,1682.5361532389782,6
5564,Blue One M,East,3000,1,0.9999991693276752,2999.9975079830256,9
5565,Blue One L,West,5000,1,0.5693618380257082,2846.8091901285406,7
5566,Blue One M,North,3000,0,0.5528684860656559,1658.6054581969677,6
5567,Blue One L,Centre,5000,1,0.9999998360013422,4999.999180006711,10
5568,Blue One M,South West,3000,1,0.5554039804944476,1666.2119414833428,6
5569,Blue One L,Far North,5000,0,0.001326784386168136,6.63392193084068,1
5570,Blue One L,North West,5000,1,0.5753326121221711,2876.6630606108556,7
5571,Blue One L,Far North,5000,0,0.5857348824914603,2928.6744124573015,7
5572,Blue One L,East,5000,0,0.6448323992983024,3224.161996491512,8
5573,Blue One L,Littoral,5000,0,0.596490878494352,2982.45439247176,7
5574,Blue One L,North,5000,1,0.5382928069008311,2691.4640345041557,6
5575,Blue One L,East,5000,1,0.9999998093264256,4999.999046632128,10
5576,Blue One L,Centre,5000,0,0.6001951601256943,3000.9758006284715,8
5577,Blue One L,Far North,5000,1,0.9999998729199323,4999.999364599662,10
5578,Blue One L,Far North,5000,1,0.5760665565348629,2880.332782674315,7
5579,Blue One L,West,5000,0,0.5456415873776419,2728.2079368882096,6
5580,Blue One L,Adamawa,5000,1,0.9999998786978596,4999.999393489298,10
5581,Blue One L,West,5000,1,0.9999998262847085,4999.999131423542,10
5582,Blue One M,Adamawa,3000,1,0.5390113828010218,1617.0341484030653,6
5583,Blue One M,East,3000,1,0.9999989562540906,2999.996868762272,9
5584,Blue One L,South West,5000,1,0.5517882258942357,2758.9411294711786,6
5585,Blue One M,Littoral,3000,1,0.9999990114282925,2999.9970342848774,9
5586,Blue One M,East,3000,0,0.003633651764146989,10.900955292440967,3
5587,Blue One M,South,3000,0,0.0029157319525979007,8.747195857793702,3
5588,Blue One L,West,5000,1,0.9999998670994971,4999.999335497485,10
5589,Blue One L,South,5000,0,0.0014640979754027565,7.320489877013783,2
5590,Blue One L,West,5000,0,0.5956200996748854,2978.100498374427,7
5591,Blue One M,East,3000,0,0.0032135120680310846,9.640536204093253,3
5592,Blue One L,Littoral,5000,0,0.5580970576907125,2790.4852884535626,6
5593,Blue One L,Far North,5000,1,0.9999998435589954,4999.999217794977,10
5594,Blue One L,South,5000,1,0.6078586733508925,3039.2933667544626,8
5595,Blue One L,South West,5000,0,0.001402514285736171,7.012571428680855,1
5596,Blue One L,North West,5000,1,0.9999998846915081,4999.999423457541,10
5597,Blue One L,Far North,5000,0,0.6230233811687942,3115.116905843971,8
5598,Blue One L,South,5000,1,0.999999857344119,4999.999286720595,10
5599,Blue One L,Far North,5000,0,0.6244851261687164,3122.425630843582,8
5600,Blue One L,Centre,5000,1,0.9999998275087627,4999.999137543814,10
5601,Blue One M,Far North,3000,0,0.5909956211707519,1772.9868635122557,7
5602,Blue One L,Adamawa,5000,1,0.9999998783224705,4999.999391612352,10
5603,Blue One M,Centre,3000,1,0.5607384026458218,1682.2152079374653,6
5604,Blue One M,South,3000,0,0.5573697573398096,1672.109272019429,6
5605,Blue One M,Littoral,3000,0,0.47658365478079995,1429.7509643423998,5
5606,Blue One L,South,5000,0,0.6127281866984735,3063.6409334923674,8
5607,Blue One L,Littoral,5000,1,0.9999998520672705,4999.999260336353,10
5608,Blue One L,Littoral,5000,0,0.587103823684655,2935.519118423275,7
5609,Blue One L,Littoral,5000,0,0.5840571185698772,2920.285592849386,7
5610,Blue One M,North,3000,0,0.003405958473068119,10.217875419204358,3
5611,Blue One L,South West,5000,1,0.9999998475880588,4999.999237940294,10
5612,Blue One M,Far North,3000,0,0.00045847971243902187,1.3754391373170656,1
5613,Blue One M,North,3000,0,0.2646343132485461,793.9029397456383,3
5614,Blue One M,South,3000,1,0.9999992386342352,2999.9977159027057,9
5615,Blue One M,Adamawa,3000,1,0.44471116748839523,1334.1335024651858,4
5616,Blue One M,Far North,3000,1,0.437139425387798,1311.418276163394,4
5617,Blue One M,Littoral,3000,0,0.3128633470811094,938.5900412433282,4
5618,Blue One M,North West,3000,1,0.44839455616042173,1345.1836684812652,4
5619,Blue One M,West,3000,0,0.0013638722250323865,4.09161667509716,1
5620,Blue One M,Littoral,3000,0,0.29300236775106725,879.0071032532018,3
5621,Blue One M,Littoral,3000,0,0.40246457099486416,1207.3937129845924,4
5622,Blue One M,Centre,3000,1,0.3041582777537056,912.4748332611167,4
5623,Blue One M,North West,3000,1,0.4414184175464764,1324.2552526394293,4
5624,Blue One M,South,3000,0,0.0013111868724613813,3.933560617384144,1
5625,Blue One M,North West,3000,0,0.4442331419103814,1332.6994257311442,4
5626,Blue One M,West,3000,0,0.4204918068098187,1261.475420429456,4
5627,Blue One M,Adamawa,3000,1,0.46021735142998244,1380.6520542899473,5
5628,Blue One M,Adamawa,3000,1,0.9999991425105116,2999.997427531535,9
5629,Blue One M,South,3000,0,0.5258551884728576,1577.5655654185728,6
5630,Blue One M,Adamawa,3000,1,0.5862614660161491,1758.7843980484474,7
5631,Blue One M,East,3000,0,0.5907462352181868,1772.2387056545604,7
5632,Blue One M,Littoral,3000,0,0.002499804094041386,7.499412282124157,2
5633,Blue One M,South,3000,1,0.9999992409831336,2999.997722949401,9
5634,Blue One M,West,3000,1,0.9999987319627216,2999.996195888165,8
5635,Blue One M,South West,3000,0,0.5043397774003657,1513.019332201097,5
5636,Blue One M,East,3000,1,0.9999991002489586,2999.9973007468757,9
5637,Blue One M,Centre,3000,1,0.9999989686105106,2999.996905831532,9
5638,Blue One M,North,3000,0,0.5540380618057951,1662.1141854173852,6
5639,Blue One M,West,3000,0,0.0004236334432807321,1.2709003298421961,1
5640,Blue One M,South,3000,0,0.003207735930314803,9.623207790944408,3
5641,Blue One M,North West,3000,1,0.593025336542588,1779.076009627764,7
5642,Blue One M,North West,3000,0,0.496762480749093,1490.2874422472792,5
5643,Blue One M,East,3000,0,0.0005950913542931742,1.7852740628795225,1
5644,Blue One M,North West,3000,0,0.6031616410266485,1809.4849230799455,8
5645,Blue One M,South West,3000,1,0.9999988951450342,2999.9966854351023,8
5646,Blue One M,Centre,3000,1,0.5761168415183209,1728.3505245549627,7
5647,Blue One M,South West,3000,1,0.5188963054010134,1556.6889162030402,6
5648,Blue One M,Adamawa,3000,0,0.0036945206701036472,11.083562010310942,3
5649,Blue One M,South West,3000,0,0.0024233832126551664,7.270149637965499,2
5650,Blue One M,Far North,3000,0,0.5570123077563369,1671.0369232690107,6
5651,Blue One M,North West,3000,1,0.5466286552991467,1639.8859658974402,6
5652,Blue One M,East,3000,0,0.00198307616030076,5.9492284809022795,2
5653,Blue One L,South West,5000,1,0.9999998559344184,4999.999279672092,10
5654,Blue One M,Centre,3000,0,0.5855536865766143,1756.661059729843,7
5655,Blue One L,Littoral,5000,1,0.5371504671071123,2685.7523355355615,6
5656,Blue One M,South,3000,1,0.4324798822329233,1297.4396466987698,4
5657,Blue One L,Far North,5000,1,0.9999998393252677,4999.999196626339,10
5658,Blue One L,Far North,5000,0,0.0013825463314281231,6.912731657140616,1
5659,Blue One M,East,3000,0,0.0003876423857960301,1.1629271573880904,1
5660,Blue One L,West,5000,1,0.9999998214852074,4999.999107426037,10
5662,Blue One L,West,5000,1,0.9999997827559371,4999.998913779686,10
5663,Blue One L,West,5000,1,0.9999998183635234,4999.999091817617,10
5664,Blue One L,Centre,5000,0,0.0014853942876836886,7.426971438418443,2
5665,Blue One L,Far North,5000,0,0.0012825838593373672,6.4129192966868365,1
5666,Blue One L,South West,5000,0,0.5552968040074505,2776.484020037253,6
5667,Blue One M,East,3000,1,0.6083089278676568,1824.9267836029703,8
5668,Blue One L,Centre,5000,1,0.5490595812966542,2745.297906483271,6
5669,Blue One L,Far North,5000,0,0.5875626834605346,2937.8134173026733,7
5670,Blue One L,North,5000,0,0.0011936822025534848,5.968411012767424,1
5671,Blue One L,North West,5000,0,0.0014666954568652983,7.3334772843264915,2
5672,Blue One L,Far North,5000,0,0.001335193141908421,6.675965709542105,1
5673,Blue One L,North,5000,1,0.5415594623189659,2707.7973115948294,6
5675,Blue One M,North,3000,0,0.49573285416308627,1487.1985624892588,5
5676,Blue One M,North,3000,1,0.9999991887304112,2999.9975661912335,9
5677,Blue One M,North West,3000,1,0.999998948128987,2999.996844386961,9
5678,Blue One M,Far North,3000,1,0.999999341704262,2999.998025112786,9
5679,Blue One M,East,3000,1,0.4983392045805535,1495.0176137416604,5
5680,Blue One M,South West,3000,1,0.9999992393985936,2999.9977181957806,9
5681,Blue One M,North West,3000,1,0.5056923610788363,1517.077083236509,5
5682,Blue One M,Littoral,3000,1,0.9999991751111462,2999.9975253334387,9
5683,Blue One M,North,3000,0,0.0015532456452368888,4.659736935710667,2
5684,Blue One M,North West,3000,0,0.0016140879168914026,4.842263750674208,2
5685,Blue One M,West,3000,0,0.001306130747880711,3.9183922436421335,1
5686,Blue One M,Littoral,3000,0,0.0015199821196975086,4.5599463590925255,2
5687,Blue One M,Littoral,3000,0,0.47090079822013203,1412.702394660396,5
5688,Blue One M,South,3000,1,0.521691845826681,1565.075537480043,6
5689,Blue One M,North,3000,0,0.4628626453581638,1388.5879360744914,5
5690,Blue One M,Centre,3000,1,0.9999990351938326,2999.9971055814976,9
5691,Blue One M,North,3000,0,0.0012482975939543286,3.744892781862986,1
5692,Blue One M,West,3000,1,0.48007535975763144,1440.2260792728944,5
5693,Blue One M,Adamawa,3000,1,0.9999990594215499,2999.99717826465,9
5694,Blue One M,Adamawa,3000,0,0.5862614660161491,1758.7843980484474,7
5695,Blue One M,Littoral,3000,0,0.003293009781417974,9.879029344253922,3
5696,Blue One M,East,3000,1,0.6102775037397821,1830.8325112193463,8
5697,Blue One M,Far North,3000,0,0.5282429805247119,1584.7289415741357,6
5698,Blue One M,North,3000,0,0.003115901837404094,9.347705512212281,3
5699,Blue One M,North West,3000,1,0.9999990974377136,2999.997292313141,9
5700,Blue One M,Centre,3000,0,0.0028356119756672536,8.506835927001761,3
5701,Blue One M,Far North,3000,1,0.9999990448506976,2999.9971345520926,9
5702,Blue One M,Adamawa,3000,0,0.5809223801174956,1742.7671403524869,7
5703,Blue One M,South,3000,0,0.5620226328998927,1686.0678986996782,7
5704,Blue One M,West,3000,0,0.5116512430778285,1534.9537292334855,5
5705,Blue One M,North West,3000,0,0.6046631916016555,1813.9895748049664,8
5706,Blue One M,Adamawa,3000,0,0.003491691938236458,10.475075814709374,3
5707,Blue One M,Centre,3000,0,0.003422258039850629,10.266774119551886,3
5708,Blue One M,North West,3000,1,0.5511086928606828,1653.3260785820482,6
5709,Blue One M,South West,3000,0,0.003286678167406753,9.860034502220259,3
5710,Blue One M,Littoral,3000,0,0.003231460355631601,9.694381066894803,3
5711,Blue One M,North West,3000,0,0.0030951557811819933,9.28546734354598,3
5712,Blue One M,North,3000,1,0.516457770560034,1549.3733116801018,5
5713,Blue One M,Littoral,3000,0,0.493825408066922,1481.476224200766,5
5714,Blue One M,Far North,3000,0,0.32508500828482567,975.255024854477,4
5715,Blue One M,South West,3000,1,0.9999993673550077,2999.998102065023,9
5716,Blue One M,Adamawa,3000,1,0.4548753185203446,1364.6259555610338,4
5717,Blue One M,South West,3000,1,0.9999990533015249,2999.997159904575,9
5718,Blue One M,Littoral,3000,0,0.0011654631046681717,3.496389314004515,1
5722,Blue One M,South,3000,1,0.9999994298650758,2999.9982895952276,10
5723,Blue One M,Littoral,3000,1,0.9999993946784893,2999.998184035468,10
5725,Blue One M,South,3000,1,0.5666526449814414,1699.9579349443243,7
5726,Blue One M,South,3000,1,0.9999987268152589,2999.9961804457766,8
5727,Blue One M,South,3000,0,0.4739451247963621,1421.8353743890862,5
5728,Blue One M,Centre,3000,0,0.5075045288634464,1522.5135865903394,5
5729,Blue One M,North West,3000,1,0.9999989517917848,2999.9968553753542,9
5730,Blue One M,Far North,3000,1,0.9999988392462413,2999.996517738724,8
5731,Blue One M,Far North,3000,1,0.5838599774362204,1751.5799323086612,7
5732,Blue One M,North,3000,0,0.0031354613898461,9.406384169538299,3
5733,Blue One M,Centre,3000,1,0.999998940698274,2999.996822094822,9
5734,Blue One M,East,3000,1,0.5850254002661239,1755.0762007983717,7
5735,Blue One M,South West,3000,0,0.5680052704421932,1704.0158113265795,7
5736,Blue One M,Adamawa,3000,1,0.9999990824240677,2999.997247272203,9
5737,Blue One M,Far North,3000,1,0.5856744519995035,1757.0233559985106,7
5738,Blue One M,East,3000,0,0.0029181156200321317,8.754346860096396,3
5739,Blue One M,South,3000,1,0.5077248535451593,1523.1745606354777,5
5740,Blue One M,Centre,3000,0,0.0028612246163810724,8.583673849143217,3
5741,Blue One M,Centre,3000,1,0.5588228127460895,1676.4684382382684,6
5742,Blue One M,Far North,3000,0,0.0034940250192751713,10.482075057825513,3
5743,Blue One M,Far North,3000,0,0.5992714638175561,1797.8143914526684,8
5744,Blue One M,North,3000,1,0.9999987327805633,2999.9961983416897,8
5745,Blue One M,Adamawa,3000,1,0.5541283789718449,1662.3851369155345,6
5746,Blue One M,North,3000,0,0.4035335576744759,1210.6006730234278,4
5747,Blue One M,North West,3000,1,0.604674853089673,1814.024559269019,8
5748,Blue One M,Adamawa,3000,0,0.0036987434485663637,11.096230345699091,3
5749,Blue One M,East,3000,1,0.9999988840601607,2999.996652180482,8
5750,Blue One M,Littoral,3000,0,0.002701752308986616,8.105256926959848,3
5751,Blue One L,South,5000,0,0.0014710328646536203,7.355164323268101,2
5752,Blue One M,North,3000,1,0.514504079090205,1543.512237270615,5
5753,Blue One L,East,5000,0,0.0014267288970226245,7.133644485113122,2
5754,Blue One L,Littoral,5000,1,0.5999328241685987,2999.6641208429937,8
5755,Blue One L,East,5000,0,0.0013521282508626668,6.760641254313334,1
5756,Blue One L,North,5000,1,0.5346254554130041,2673.1272770650207,6
5757,Blue One L,East,5000,0,0.0016693115223847714,8.346557611923858,2
5758,Blue One L,North,5000,0,0.6012736855723974,3006.3684278619867,8
5759,Blue One L,North,5000,1,0.5357905510547897,2678.9527552739482,6
5760,Blue One M,Far North,3000,0,0.0038448152384263586,11.534445715279077,3
5761,Blue One L,North West,5000,0,0.6405233824060924,3202.616912030462,8
5762,Blue One M,South West,3000,0,0.0004983293162119436,1.4949879486358308,1
5763,Blue One L,Littoral,5000,0,0.0014119464613588139,7.05973230679407,1
5764,Blue One L,North West,5000,0,0.6429630195195787,3214.8150975978933,8
5765,Blue One L,Littoral,5000,0,0.601438518955821,3007.192594779105,8
5766,Blue One L,North,5000,1,0.5895073753033846,2947.536876516923,7
5767,Blue One L,Far North,5000,1,0.619964855989144,3099.82427994572,8
5768,Blue One L,Littoral,5000,0,0.0014008920791081178,7.004460395540589,1
5769,Blue One L,Far North,5000,1,0.9999997998936,4999.998999468,10
5770,Blue One L,South West,5000,0,0.6050185433892808,3025.0927169464044,8
5771,Blue One L,Littoral,5000,1,0.999999860446621,4999.9993022331055,10
5772,Blue One L,Centre,5000,1,0.9999998280576945,4999.9991402884725,10
5773,Blue One L,East,5000,1,0.9999998819983521,4999.99940999176,10
5774,Blue One L,East,5000,0,0.6422377988757788,3211.188994378894,8
5775,Blue One L,Far North,5000,1,0.5616746078813027,2808.3730394065137,6
5776,Blue One M,Far North,3000,1,0.5566310605824635,1669.8931817473904,6
5777,Blue One L,East,5000,1,0.99999987097614,4999.9993548807,10
5778,Blue One L,North,5000,1,0.531649800187236,2658.24900093618,6
5779,Blue One L,East,5000,1,0.6390723376150631,3195.3616880753157,8
5780,Blue One L,North,5000,1,0.9999998510333343,4999.999255166672,10
5781,Blue One L,Littoral,5000,0,0.5829070024509339,2914.5350122546693,7
5782,Blue One L,West,5000,1,0.9999998547505873,4999.9992737529365,10
5783,Blue One L,Adamawa,5000,0,0.0014450997777036778,7.225498888518389,2
5784,Blue One L,Far North,5000,1,0.6118804038294298,3059.4020191471486,8
5785,Blue One L,South West,5000,0,0.5949275000639882,2974.637500319941,7
5786,Blue One L,North,5000,1,0.5823522502222949,2911.7612511114744,7
5787,Blue One L,North,5000,0,0.001425869034896191,7.129345174480955,2
5788,Blue One L,Centre,5000,1,0.9999998554214891,4999.999277107445,10
5789,Blue One L,Littoral,5000,0,0.001514801191177475,7.574005955887375,2
5790,Blue One L,Adamawa,5000,1,0.6334370718026157,3167.185359013078,8
5791,Blue One L,North West,5000,1,0.5745536519362009,2872.7682596810046,7
5792,Blue One L,South West,5000,1,0.5971946070884213,2985.9730354421067,7
5793,Blue One L,West,5000,1,0.5910644453269206,2955.322226634603,7
5794,Blue One L,Centre,5000,1,0.9999998298004585,4999.999149002293,10
5795,Blue One L,North West,5000,1,0.6368907491281046,3184.4537456405233,8
5796,Blue One S,Centre,2000,0,0.16829901704324707,336.5980340864941,3
5797,Blue One L,Adamawa,5000,1,0.5893065564417193,2946.5327822085965,7
5798,Blue One L,Adamawa,5000,1,0.9999998339840905,4999.999169920453,10
5799,Blue One L,North West,5000,1,0.6215679679503714,3107.8398397518567,8
5800,Blue One L,Littoral,5000,0,0.001192602342105004,5.963011710525019,1
5801,Blue One L,South West,5000,1,0.5997445483433421,2998.7227417167105,8
5802,Blue One L,North West,5000,1,0.6361645867936458,3180.8229339682293,8
5803,Blue One M,North,3000,1,0.4762066317295158,1428.6198951885474,5
5804,Blue One L,West,5000,0,0.0013468715489412526,6.734357744706263,1
5805,Blue One L,North,5000,0,0.5997677824622164,2998.838912311082,8
5806,Blue One L,Centre,5000,1,0.9999998548006068,4999.999274003034,10
5807,Blue One L,Adamawa,5000,1,0.5900541763891375,2950.2708819456875,7
5808,Blue One L,North West,5000,0,0.0014056567742786446,7.0282838713932225,1
5809,Blue One L,Far North,5000,1,0.5178639333523213,2589.319666761606,5
5810,Blue One M,North West,3000,1,0.46042928324532706,1381.2878497359811,5
5811,Blue One M,East,3000,1,0.6101827513387429,1830.5482540162286,8
5812,Blue One L,Far North,5000,1,0.5155125601014863,2577.5628005074313,5
5813,Blue One L,Far North,5000,1,0.5706922494026636,2853.461247013318,7
5814,Blue One L,South West,5000,1,0.9999998206636387,4999.999103318193,10
5815,Blue One L,Adamawa,5000,0,0.0013155149516360634,6.577574758180317,1
5816,Blue One L,Far North,5000,1,0.9999998405849836,4999.999202924918,10
5817,Blue One L,North West,5000,0,0.5962350791254376,2981.175395627188,7
5818,Blue One L,South West,5000,0,0.5326546537146206,2663.273268573103,6
5819,Blue One M,Centre,3000,0,0.0035252149738189717,10.575644921456915,3
5820,Blue One M,North,3000,0,0.0027221260058146093,8.166378017443828,3
5821,Blue One M,Centre,3000,0,0.5287733829383844,1586.320148815153,6
5822,Blue One M,West,3000,1,0.5779419305119436,1733.8257915358308,7
5823,Blue One L,Littoral,5000,1,0.5397754770360319,2698.8773851801593,6
5824,Blue One L,North West,5000,0,0.0013909758680794445,6.954879340397222,1
5825,Blue One L,Littoral,5000,1,0.9999998175980096,4999.999087990048,10
5826,Blue One L,West,5000,0,0.5658774750509586,2829.3873752547934,7
5827,Blue One L,Centre,5000,0,0.0012752003688752097,6.376001844376049,1
5828,Blue One L,Centre,5000,1,0.505590659003068,2527.95329501534,5
5829,Blue One L,Centre,5000,0,0.0012126103524969492,6.063051762484746,1
5830,Blue One L,East,5000,1,0.9999998433274836,4999.999216637418,10
5831,Blue One L,North West,5000,0,0.001339498841278241,6.697494206391205,1
5832,Blue One L,South West,5000,1,0.5510239206236129,2755.119603118065,6
5833,Blue One L,Adamawa,5000,1,0.9999998520196222,4999.99926009811,10
5834,Blue One L,Littoral,5000,0,0.0010821147899212629,5.410573949606314,1
5835,Blue One L,South West,5000,0,0.532642509770955,2663.212548854775,6
5836,Blue One L,North,5000,1,0.5318852070301381,2659.4260351506905,6
5837,Blue One M,Adamawa,3000,0,0.003557661431397668,10.672984294193004,3
5838,Blue One M,Adamawa,3000,1,0.5851249578453663,1755.374873536099,7
5839,Blue One L,South West,5000,1,0.999999812084281,4999.999060421405,10
5840,Blue One L,Far North,5000,1,0.9999998525822023,4999.999262911011,10
5841,Blue One L,East,5000,0,0.5781128218215374,2890.5641091076873,7
5842,Blue One L,Far North,5000,0,0.0013991508373048024,6.995754186524012,1
5843,Blue One L,South,5000,1,0.9999998225197213,4999.999112598606,10
5844,Blue One L,West,5000,1,0.9999998228761516,4999.999114380758,10
5845,Blue One L,Adamawa,5000,0,0.5348655511318756,2674.327755659378,6
5846,Blue One L,Centre,5000,0,0.5621891654661695,2810.9458273308474,7
5847,Blue One M,Littoral,3000,0,0.003018385270907597,9.055155812722791,3
5848,Blue One M,South,3000,0,0.0014045434439224705,4.213630331767411,1
5849,Blue One L,Adamawa,5000,0,0.0014091792477306726,7.045896238653363,1
5850,Blue One L,North,5000,1,0.5547303261008719,2773.6516305043597,6
5851,Blue One L,South,5000,0,0.5627983055555347,2813.9915277776736,7
5852,Blue One M,Littoral,3000,0,0.5685647703225147,1705.6943109675442,7
5853,Blue One M,Far North,3000,1,0.5773578280870508,1732.0734842611525,7
5854,Blue One M,South West,3000,1,0.5421682933373597,1626.5048800120792,6
5855,Blue One L,North West,5000,0,0.0011906283741890927,5.953141870945464,1
5856,Blue One L,Littoral,5000,1,0.5366430254188731,2683.2151270943655,6
5857,Blue One L,South West,5000,0,0.0010113870854400844,5.056935427200422,1
5858,Blue One L,West,5000,0,0.0012198766710156208,6.099383355078104,1
5859,Blue One L,South West,5000,1,0.9999998262348757,4999.999131174379,10
5860,Blue One L,North,5000,1,0.5353071786615784,2676.535893307892,6
5861,Blue One M,North,3000,1,0.9999989317879181,2999.9967953637542,9
5862,Blue One M,South,3000,1,0.582718037011414,1748.154111034242,7
5863,Blue One L,Centre,5000,0,0.001224614974275409,6.123074871377045,1
5864,Blue One L,West,5000,1,0.550071329430574,2750.35664715287,6
5865,Blue One L,South,5000,1,0.9999998202687023,4999.999101343511,10
5866,Blue One L,Adamawa,5000,0,0.5899696118555776,2949.848059277888,7
5867,Blue One L,Adamawa,5000,0,0.5918605224549992,2959.302612274996,7
5868,Blue One L,South West,5000,1,0.5536235765263297,2768.117882631648,6
5869,Blue One L,West,5000,1,0.999999824536122,4999.9991226806105,10
5870,Blue One L,East,5000,0,0.0013821899757270868,6.910949878635434,1
5871,Blue One L,North West,5000,0,0.0014782683222153378,7.3913416110766885,2
5872,Blue One L,North West,5000,1,0.9999998549548607,4999.999274774304,10
5873,Blue One L,South,5000,0,0.5677078369771806,2838.539184885903,7
5874,Blue One L,East,5000,0,0.0013859100037868861,6.929550018934431,1
5875,Blue One L,Far North,5000,1,0.5727170860521063,2863.585430260531,7
5876,Blue One L,Centre,5000,0,0.5306382293309664,2653.1911466548318,6
5877,Blue One L,East,5000,0,0.5974650555422264,2987.325277711132,7
5878,Blue One L,Adamawa,5000,1,0.9999998429543198,4999.999214771598,10
5879,Blue One L,Adamawa,5000,1,0.5870139276923524,2935.0696384617618,7
5880,Blue One L,West,5000,0,0.0012242534187383077,6.1212670936915385,1
5881,Blue One L,West,5000,0,0.0013253354651845482,6.626677325922741,1
5882,Blue One L,North West,5000,0,0.5969787121209839,2984.8935606049195,7
5883,Blue One L,North West,5000,0,0.5225976392465091,2612.9881962325458,6
5884,Blue One L,East,5000,1,0.9999998551830779,4999.999275915389,10
5885,Blue One L,South West,5000,0,0.0011521908924656448,5.760954462328224,1
5886,Blue One M,West,3000,1,0.9999990104172513,2999.997031251754,9
5887,Blue One L,Far North,5000,0,0.5749223489079989,2874.6117445399946,7
5888,Blue One L,South,5000,1,0.9999998199820317,4999.999099910158,10
5889,Blue One L,North,5000,1,0.9999998180445437,4999.999090222719,10
5890,Blue One L,East,5000,1,0.999999846250332,4999.99923125166,10
5891,Blue One L,East,5000,0,0.5951984389000434,2975.992194500217,7
5892,Blue One L,West,5000,1,0.9999998382654007,4999.999191327003,10
5893,Blue One M,Centre,3000,1,0.5584178297531631,1675.2534892594895,6
5894,Blue One L,South West,5000,0,0.5354934247766385,2677.4671238831925,6
5895,Blue One L,Littoral,5000,0,0.558772774221484,2793.86387110742,6
5896,Blue One L,East,5000,1,0.9999998538059102,4999.999269029551,10
5897,Blue One M,Littoral,3000,1,0.9999989862422268,2999.9969587266805,9
5898,Blue One L,South West,5000,1,0.9999998294086547,4999.999147043273,10
5899,Blue One L,West,5000,0,0.0013253354651845482,6.626677325922741,1
5900,Blue One L,Centre,5000,1,0.9999998349605791,4999.999174802895,10
5901,Blue One M,West,3000,0,0.0031906278504810854,9.571883551443257,3
5902,Blue One M,Littoral,3000,0,0.4956561999571393,1486.9685998714178,5
5903,Blue One M,South,3000,1,0.5709227963484217,1712.7683890452652,7
5904,Blue One M,East,3000,1,0.999999076267279,2999.997228801837,9
5905,Blue One L,Far North,5000,1,0.9999998363359829,4999.999181679915,10
5906,Blue One L,North West,5000,1,0.589127295080111,2945.636475400555,7
5907,Blue One L,South West,5000,1,0.5483107312461062,2741.553656230531,6
5908,Blue One M,West,3000,0,0.5805162625966321,1741.5487877898963,7
5909,Blue One M,South,3000,0,0.0025854760473187494,7.756428141956248,2
5910,Blue One M,Littoral,3000,0,0.0031587143301888957,9.476142990566688,3
5911,Blue One M,South West,3000,0,0.0031023200143218375,9.306960042965512,3
5912,Blue One M,Adamawa,3000,1,0.5896890447430686,1769.0671342292057,7
5913,Blue One M,Littoral,3000,1,0.5171857950405923,1551.5573851217769,5
5915,Blue One L,Adamawa,5000,1,0.9999998395375069,4999.999197687534,10
5916,Blue One M,South West,3000,0,0.5684940153680537,1705.482046104161,7
5917,Blue One L,North,5000,1,0.5357036008336981,2678.5180041684903,6
5918,Blue One L,West,5000,1,0.9999998325757806,4999.999162878903,10
5919,Blue One M,North,3000,0,0.0024878127367356814,7.463438210207045,2
5920,Blue One M,Adamawa,3000,0,0.42349713601629024,1270.4914080488707,4
5921,Blue One L,North West,5000,1,0.5727379434465102,2863.6897172325507,7
5922,Blue One L,South,5000,1,0.9999998207692885,4999.999103846442,10
5923,Blue One L,West,5000,1,0.9999998183635234,4999.999091817617,10
5924,Blue One M,East,3000,0,0.6102659009993381,1830.7977029980143,8
5925,Blue One M,Adamawa,3000,1,0.6044592437791184,1813.3777313373553,8
5926,Blue One M,Centre,3000,0,0.003439466961687632,10.318400885062896,3
5927,Blue One M,Far North,3000,1,0.6060356664955036,1818.1069994865106,8
5928,Blue One M,South West,3000,0,0.5687632914279326,1706.2898742837976,7
5929,Blue One M,Littoral,3000,1,0.5526565345066154,1657.9696035198463,6
5930,Blue One L,Centre,5000,0,0.5436262473843282,2718.1312369216407,6
5931,Blue One L,East,5000,1,0.593577227357347,2967.886136786735,7
5932,Blue One L,Far North,5000,1,0.9999998380555974,4999.9991902779875,10
5933,Blue One L,North,5000,0,0.5357036008336981,2678.5180041684903,6
5934,Blue One L,North West,5000,1,0.588741469096307,2943.707345481535,7
5935,Blue One M,Centre,3000,0,0.5818371058343562,1745.5113175030685,7
5936,Blue One M,Far North,3000,0,0.5803213323535522,1740.9639970606565,7
5937,Blue One L,Adamawa,5000,0,0.5679260384332075,2839.630192166038,7
5938,Blue One M,Centre,3000,1,0.9999990507334635,2999.9971522003907,9
5939,Blue One M,Far North,3000,0,0.0034684400079923712,10.405320023977113,3
5940,Blue One L,Adamawa,5000,0,0.0010729333517318857,5.364666758659428,1
5941,Blue One L,Littoral,5000,1,0.5548881081739139,2774.4405408695693,6
5942,Blue One M,East,3000,1,0.6050278873368273,1815.083662010482,8
5943,Blue One M,Centre,3000,0,0.5646120729305297,1693.836218791589,7
5944,Blue One L,North West,5000,0,0.001469031393400392,7.3451569670019605,2
5945,Blue One L,North,5000,0,0.5393198062376888,2696.5990311884443,6
5946,Blue One L,South West,5000,1,0.5575225126077569,2787.612563038784,6
5947,Blue One L,North West,5000,1,0.5575982479388609,2787.9912396943046,6
5948,Blue One M,South,3000,0,0.0034682212084503595,10.404663625351079,3
5949,Blue One L,West,5000,1,0.559023799875003,2795.118999375015,6
5950,Blue One L,South,5000,0,0.0012980337834604834,6.490168917302417,1
5951,Blue One M,South,3000,1,0.9999986868078848,2999.9960604236544,8
5952,Blue One M,Adamawa,3000,1,0.6048402212644642,1814.5206637933927,8
5953,Blue One L,West,5000,0,0.0009721047561517722,4.860523780758861,1
5954,Blue One L,North West,5000,1,0.9999998564858485,4999.999282429243,10
5955,Blue One M,North West,3000,1,0.9999990627496291,2999.9971882488876,9
5956,Blue One L,Littoral,5000,1,0.5579988071418587,2789.9940357092933,6
5957,Blue One L,Centre,5000,0,0.5447758976955577,2723.8794884777885,6
5958,Blue One L,South,5000,0,0.4909479953877367,2454.7399769386834,5
5959,Blue One M,South,3000,1,0.5359808767375553,1607.942630212666,6
5960,Blue One M,North,3000,0,0.003326901275317281,9.980703825951842,3
5962,Blue One M,East,3000,0,0.5116076488590139,1534.8229465770416,5
5963,Blue One M,Adamawa,3000,0,0.5560602014835709,1668.1806044507127,6
5964,Blue One M,East,3000,1,0.9999989061871455,2999.9967185614364,8
5965,Blue One M,South,3000,0,0.003192795136230246,9.578385408690737,3
5966,Blue One M,West,3000,1,0.9999988020626154,2999.9964061878463,8
5967,Blue One L,West,5000,1,0.6087290371168383,3043.645185584192,8
5968,Blue One L,East,5000,1,0.9999998817630471,4999.999408815235,10
5969,Blue One L,South West,5000,1,0.9999998446906412,4999.999223453206,10
5970,Blue One L,South,5000,1,0.5920954157398093,2960.4770786990466,7
5971,Blue One M,Far North,3000,0,0.32544548602881,976.3364580864301,4
5972,Blue One L,South,5000,0,0.0012473830293833307,6.236915146916654,1
5973,Blue One L,South,5000,1,0.999999823542844,4999.99911771422,10
5974,Blue One L,Littoral,5000,1,0.9999998464504583,4999.999232252291,10
5975,Blue One L,East,5000,0,0.0013886697846037148,6.943348923018574,1
5976,Blue One L,East,5000,0,0.001364902559773546,6.82451279886773,1
5977,Blue One L,North West,5000,0,0.5764646182683474,2882.323091341737,7
5978,Blue One L,Littoral,5000,0,0.5362709745908394,2681.354872954197,6
5979,Blue One M,Adamawa,3000,1,0.9999990475384745,2999.9971426154234,9
5980,Blue One M,South West,3000,1,0.466499874985705,1399.499624957115,5
5981,Blue One M,East,3000,0,0.0005590032720228453,1.6770098160685358,1
5982,Blue One L,North West,5000,0,0.5989784091531115,2994.8920457655577,8
5983,Blue One L,Far North,5000,1,0.9999998533366308,4999.999266683154,10
5984,Blue One L,North,5000,0,0.5399884516846182,2699.942258423091,6
5985,Blue One L,Littoral,5000,0,0.0012601640698644849,6.300820349322424,1
5986,Blue One L,South,5000,1,0.9999998230758993,4999.999115379496,10
5987,Blue One L,South West,5000,1,0.9999998273222407,4999.9991366112035,10
5988,Blue One L,South,5000,0,0.001215493450300955,6.077467251504775,1
5989,Blue One L,Far North,5000,1,0.5707898487201728,2853.949243600864,7
5990,Blue One L,North,5000,1,0.5423386056239977,2711.6930281199884,6
5991,Blue One L,East,5000,0,0.5754133650689122,2877.066825344561,7
5992,Blue One L,South,5000,1,0.5430419865379089,2715.2099326895445,6
5993,Blue One L,Centre,5000,0,0.0012111634748223057,6.055817374111529,1
5994,Blue One L,Littoral,5000,0,0.0010006266175771258,5.0031330878856295,1
5995,Blue One L,Far North,5000,0,0.0014190589818746718,7.095294909373359,1
5996,Blue One L,North West,5000,1,0.9999998433928706,4999.999216964353,10
5997,Blue One L,South West,5000,1,0.5315756191167617,2657.8780955838083,6
5998,Blue One L,North,5000,1,0.9999998261739835,4999.999130869917,10
5999,Blue One L,Centre,5000,1,0.9999998223632027,4999.999111816013,10
6000,Blue One L,South,5000,0,0.5476245727413702,2738.122863706851,6
6001,Blue One L,North,5000,0,0.5334478404719996,2667.2392023599978,6
6002,Blue One L,Adamawa,5000,1,0.5679140675355293,2839.5703376776464,7
6003,Blue One L,West,5000,1,0.5482332916187966,2741.1664580939832,6
6004,Blue One L,West,5000,1,0.5482332916187966,2741.1664580939832,6
6005,Blue One L,North,5000,1,0.9999998166067107,4999.999083033554,10
6006,Blue One L,North West,5000,1,0.5803034057633981,2901.5170288169907,7
6007,Blue One L,Littoral,5000,0,0.5549864987324998,2774.9324936624994,6
6008,Blue One M,Littoral,3000,1,0.5662655429113329,1698.7966287339987,7
6009,Blue One L,West,5000,1,0.5474316375884224,2737.158187942112,6
6010,Blue One L,Far North,5000,1,0.5756892161316969,2878.4460806584843,7
6011,Blue One L,North,5000,1,0.9999998181170151,4999.9990905850755,10
6012,Blue One L,East,5000,1,0.9999998567116567,4999.999283558283,10
6013,Blue One L,Adamawa,5000,0,0.0014375748679665947,7.187874339832973,2
6014,Blue One L,West,5000,1,0.5470488500102431,2735.244250051215,6
6015,Blue One L,North,5000,0,0.0012592376301713874,6.296188150856937,1
6016,Blue One L,North West,5000,0,0.5898750142481336,2949.375071240668,7
6017,Blue One L,North West,5000,1,0.9999998428928969,4999.999214464485,10
6018,Blue One L,Centre,5000,0,0.5459613498524246,2729.806749262123,6
6019,Blue One M,South West,3000,0,0.003093856645248771,9.281569935746314,3
6020,Blue One L,West,5000,1,0.5497875453136964,2748.937726568482,6
6021,Blue One M,Littoral,3000,0,0.003167200533991114,9.501601601973343,3
6022,Blue One M,North West,3000,0,0.0036853066952210268,11.05592008566308,3
6023,Blue One L,South,5000,0,0.5507328647844183,2753.6643239220916,6
6024,Blue One L,Adamawa,5000,0,0.001357468579997201,6.787342899986005,1
6025,Blue One L,South,5000,0,0.568477950583667,2842.389752918335,7
6026,Blue One L,South West,5000,0,0.001243981915756594,6.2199095787829695,1
6027,Blue One L,Far North,5000,1,0.9999998391330899,4999.999195665449,10
6028,Blue One M,East,3000,1,0.9999990748841961,2999.9972246525886,9
6029,Blue One M,West,3000,1,0.5540898645054299,1662.2695935162897,6
6030,Blue One M,East,3000,1,0.6109174594101167,1832.75237823035,8
6031,Blue One L,North West,5000,0,0.5967145620406787,2983.5728102033936,7
6032,Blue One L,Centre,5000,1,0.6080400567397392,3040.200283698696,8
6033,Blue One L,North,5000,1,0.9999998491513186,4999.999245756593,10
6034,Blue One L,North West,5000,1,0.5701885576963313,2850.9427884816564,7
6035,Blue One L,Littoral,5000,0,0.5881540480852724,2940.770240426362,7
6036,Blue One L,North,5000,0,0.0014153376438955,7.0766882194775,1
6037,Blue One L,North West,5000,1,0.5799152022223167,2899.5760111115837,7
6038,Blue One M,South West,3000,1,0.5153755583044479,1546.1266749133438,5
6039,Blue One L,Littoral,5000,1,0.6032284332898343,3016.142166449172,8
6040,Blue One L,South,5000,1,0.999999837422556,4999.99918711278,10
6041,Blue One L,East,5000,1,0.6415050919069024,3207.5254595345123,8
6042,Blue One L,Centre,5000,1,0.9999998561040749,4999.999280520375,10
6043,Blue One L,North West,5000,1,0.9999998567644707,4999.999283822353,10
6044,Blue One L,South West,5000,1,0.9999998471163957,4999.999235581979,10
6045,Blue One L,Adamawa,5000,1,0.9999998350229634,4999.999175114817,10
6046,Blue One L,South,5000,0,0.5383652224398735,2691.8261121993673,6
6047,Blue One L,Centre,5000,1,0.999999853419802,4999.9992670990105,10
6048,Blue One L,Centre,5000,1,0.9999998548006068,4999.999274003034,10
6049,Blue One L,Centre,5000,1,0.9999998382974336,4999.999191487168,10
6050,Blue One L,South,5000,1,0.5518914345937955,2759.457172968978,6
6051,Blue One L,Far North,5000,0,0.5764438082596077,2882.2190412980385,7
6052,Blue One L,North West,5000,1,0.9999998591632174,4999.999295816087,10
6053,Blue One L,South West,5000,1,0.5433837967879911,2716.9189839399555,6
6054,Blue One L,Littoral,5000,1,0.999999857566832,4999.99928783416,10
6055,Blue One L,Littoral,5000,0,0.0014141953252498128,7.070976626249064,1
6056,Blue One L,South,5000,1,0.9999998519276617,4999.999259638309,10
6057,Blue One L,Adamawa,5000,1,0.9999998374944006,4999.999187472003,10
6058,Blue One L,West,5000,1,0.5469501371073586,2734.7506855367933,6
6059,Blue One L,North West,5000,0,0.6361645867936458,3180.8229339682293,8
6060,Blue One L,North,5000,0,0.0009276150362665276,4.6380751813326375,1
6061,Blue One L,Far North,5000,1,0.9999998691162566,4999.999345581283,10
6062,Blue One L,Centre,5000,1,0.6154117303998521,3077.0586519992603,8
6063,Blue One L,Adamawa,5000,1,0.5908131740664945,2954.0658703324725,7
6064,Blue One L,Adamawa,5000,0,0.6348010607013582,3174.0053035067913,8
6065,Blue One L,North West,5000,1,0.9999998741277724,4999.999370638861,10
6066,Blue One L,North West,5000,0,0.6245051133574515,3122.5255667872575,8
6067,Blue One L,Centre,5000,0,0.5956678072552075,2978.3390362760374,7
6068,Blue One L,Adamawa,5000,0,0.0017588624302518762,8.794312151259382,2
6069,Blue One L,South West,5000,1,0.6035174574986211,3017.587287493105,8
6070,Blue One L,North West,5000,0,0.0018385614971818212,9.192807485909105,2
6071,Blue One L,South,5000,1,0.5984327644999805,2992.1638224999024,7
6072,Blue One M,West,3000,0,0.5027353497897185,1508.2060493691554,5
6073,Blue One M,South West,3000,1,0.9999988776146774,2999.9966328440323,8
6074,Blue One L,East,5000,0,0.0017685768156611066,8.842884078305532,2
6075,Blue One M,East,3000,0,0.5929128111032512,1778.7384333097536,7
6076,Blue One M,Centre,3000,0,0.002633747148883376,7.901241446650128,2
6077,Blue One M,South West,3000,0,0.0030684558889089433,9.20536766672683,3
6078,Blue One M,Far North,3000,0,0.4490938867394594,1347.2816602183782,4
6079,Blue One M,Centre,3000,0,0.5653954668073481,1696.1864004220442,7
6080,Blue One M,South,3000,0,0.5519307161293107,1655.792148387932,6
6081,Blue One L,North,5000,0,0.5397036296447686,2698.518148223843,6
6082,Blue One L,North,5000,1,0.9999998503936074,4999.999251968037,10
6083,Blue One L,Far North,5000,1,0.6310443763244892,3155.221881622446,8
6084,Blue One L,Far North,5000,1,0.6371474376478198,3185.737188239099,8
6085,Blue One L,North,5000,0,0.0014264363632946887,7.132181816473444,2
6086,Blue One L,East,5000,0,0.6412301424156669,3206.1507120783344,8
6087,Blue One M,Littoral,3000,1,0.9999987925084987,2999.996377525496,8
6088,Blue One M,Adamawa,3000,0,0.0017759704489526914,5.327911346858074,2
6089,Blue One M,Far North,3000,0,0.0003827639539293281,1.1482918617879843,1
6090,Blue One L,Adamawa,5000,1,0.5344690352304021,2672.3451761520105,6
6091,Blue One L,Adamawa,5000,1,0.5889325914961067,2944.6629574805334,7
6092,Blue One L,West,5000,1,0.999999865902172,4999.999329510861,10
6093,Blue One L,Centre,5000,1,0.9999998234130735,4999.9991170653675,10
6094,Blue One L,North West,5000,1,0.6270015622552918,3135.007811276459,8
6095,Blue One L,North,5000,0,0.5854262586616594,2927.1312933082972,7
6096,Blue One L,Adamawa,5000,1,0.9999998504482853,4999.999252241427,10
6097,Blue One L,North West,5000,0,0.596606951117585,2983.034755587925,7
6098,Blue One L,Littoral,5000,1,0.6040746918879318,3020.373459439659,8
6099,Blue One L,Littoral,5000,1,0.5538174072110881,2769.0870360554404,6
6100,Blue One L,Centre,5000,0,0.6114183932027638,3057.0919660138193,8
6101,Blue One L,South,5000,1,0.9999998617825887,4999.999308912944,10
6102,Blue One M,Adamawa,3000,0,0.003444173897609273,10.332521692827818,3
6103,Blue One L,West,5000,0,0.5545244756168416,2772.622378084208,6
6104,Blue One L,Adamawa,5000,1,0.5340932217446631,2670.4661087233158,6
6105,Blue One M,Littoral,3000,1,0.4198854670567458,1259.6564011702374,4
6106,Blue One L,North West,5000,1,0.638352462073372,3191.76231036686,8
6107,Blue One L,North West,5000,1,0.9999998443652742,4999.9992218263715,10
6108,Blue One M,East,3000,0,0.0014291150966469776,4.287345289940933,2
6109,Blue One L,Far North,5000,0,0.6130036685384989,3065.018342692494,8
6110,Blue One M,North West,3000,0,0.0005487825099207364,1.6463475297622092,1
6111,Blue One L,Adamawa,5000,1,0.6308769384503647,3154.3846922518237,8
6112,Blue One L,North,5000,1,0.9999998302222028,4999.999151111014,10
6113,Blue One L,Littoral,5000,0,0.5972874585159617,2986.4372925798084,7
6115,Blue One L,East,5000,0,0.0014783121901391105,7.391560950695553,2
6116,Blue One L,Far North,5000,0,0.0013144303979230269,6.572151989615135,1
6117,Blue One L,Littoral,5000,0,0.0011649170374787893,5.8245851873939465,1
6118,Blue One M,Centre,3000,1,0.999999071037324,2999.997213111972,9
6119,Blue One L,Adamawa,5000,1,0.5816776233366263,2908.3881166831316,7
6120,Blue One L,Far North,5000,1,0.5684815126786642,2842.407563393321,7
6121,Blue One M,North West,3000,1,0.33308898307938567,999.266949238157,4
6122,Blue One M,North West,3000,0,0.003658148355425761,10.974445066277282,3
6123,Blue One M,West,3000,0,0.0016067786563067968,4.82033596892039,2
6124,Blue One L,South West,5000,0,0.535109114718825,2675.5455735941255,6
6125,Blue One L,South West,5000,1,0.9999998313519458,4999.999156759729,10
6126,Blue One M,Littoral,3000,0,0.5209451152550455,1562.8353457651365,6
6127,Blue One M,South,3000,0,0.5562139620021165,1668.6418860063495,6
6128,Blue One L,North West,5000,1,0.999999845045898,4999.99922522949,10
6129,Blue One L,North West,5000,0,0.5746629517216604,2873.314758608302,7
6130,Blue One L,South,5000,0,0.0013041195771079492,6.520597885539746,1
6131,Blue One L,East,5000,0,0.0013735525646343877,6.8677628231719385,1
6132,Blue One L,Adamawa,5000,0,0.5877864418335549,2938.9322091677745,7
6133,Blue One M,Littoral,3000,1,0.5465396625856099,1639.6189877568297,6
6134,Blue One L,North,5000,1,0.9999998307542433,4999.999153771217,10
6135,Blue One L,Far North,5000,1,0.5676994282773359,2838.4971413866792,7
6136,Blue One L,South West,5000,1,0.5532417520785904,2766.2087603929517,6
6137,Blue One L,Adamawa,5000,1,0.9999998405260696,4999.999202630348,10
6138,Blue One L,West,5000,1,0.5447267748298085,2723.633874149042,6
6139,Blue One M,Littoral,3000,0,0.5573196048515278,1671.9588145545833,6
6140,Blue One L,West,5000,0,0.5674308973756907,2837.1544868784536,7
6141,Blue One M,North West,3000,0,0.0038631233383712746,11.589370015113824,3
6142,Blue One L,Adamawa,5000,1,0.5705160633519037,2852.5803167595186,7
6143,Blue One L,South,5000,0,0.0013102977023477728,6.551488511738864,1
6144,Blue One L,East,5000,1,0.9999998155632517,4999.999077816258,10
6145,Blue One M,Littoral,3000,1,0.9999988938098747,2999.996681429624,8
6146,Blue One M,East,3000,1,0.6146411644047087,1843.9234932141262,8
6147,Blue One M,Far North,3000,1,0.5899593922076909,1769.8781766230727,7
6148,Blue One M,Littoral,3000,1,0.9999992169351203,2999.997650805361,9
6149,Blue One M,South West,3000,0,0.0030019752366102826,9.005925709830848,3
6150,Blue One M,Adamawa,3000,0,0.5896890447430686,1769.0671342292057,7
6151,Blue One L,East,5000,0,0.6440331038065364,3220.1655190326824,8
6152,Blue One M,Far North,3000,0,0.5581917371518141,1674.5752114554425,6
6153,Blue One L,Adamawa,5000,0,0.5802954053066655,2901.4770265333273,7
6154,Blue One L,North West,5000,0,0.620829405736906,3104.14702868453,8
6155,Blue One L,East,5000,1,0.5413015490432103,2706.5077452160513,6
6156,Blue One L,West,5000,0,0.0012769168518594067,6.384584259297034,1
6157,Blue One M,North,3000,1,0.5502559322216415,1650.7677966649244,6
6158,Blue One M,Centre,3000,1,0.9999990142984886,2999.9970428954657,9
6159,Blue One M,East,3000,0,0.5594729813190111,1678.4189439570334,6
6160,Blue One L,Far North,5000,0,0.6371248806474913,3185.6244032374566,8
6161,Blue One L,Littoral,5000,1,0.6069783847767392,3034.8919238836957,8
6162,Blue One L,South,5000,0,0.5923723042290264,2961.861521145132,7
6163,Blue One L,North West,5000,0,0.0013416324699624367,6.708162349812183,1
6164,Blue One L,Far North,5000,1,0.9999998760984548,4999.999380492274,10
6165,Blue One L,Centre,5000,0,0.0015023380494265108,7.511690247132554,2
6166,Blue One M,South,3000,1,0.9999989432139397,2999.996829641819,9
6167,Blue One M,South West,3000,0,0.0032673166734954544,9.801950020486363,3
6168,Blue One L,Littoral,5000,1,0.5592638595665949,2796.3192978329744,6
6169,Blue One L,South West,5000,0,0.49937441661078513,2496.8720830539255,5
6170,Blue One M,Centre,3000,0,0.003191413078435969,9.574239235307907,3
6171,Blue One M,West,3000,0,0.540380948051989,1621.142844155967,6
6172,Blue One M,Centre,3000,0,0.5560947025551575,1668.2841076654724,6
6173,Blue One L,Far North,5000,1,0.9999998461189984,4999.999230594992,10
6174,Blue One L,Centre,5000,0,0.0013340639002055355,6.670319501027677,1
6175,Blue One L,North,5000,0,0.538812700891273,2694.063504456365,6
6176,Blue One M,South West,3000,0,0.5441214035485886,1632.364210645766,6
6177,Blue One L,West,5000,0,0.0014919893917573566,7.459946958786783,2
6178,Blue One M,North,3000,0,0.49194779199509714,1475.8433759852915,5
6179,Blue One M,Centre,3000,1,0.9999988147613402,2999.9964442840205,8
6180,Blue One S,Far North,2000,0,0.00020124412268987372,0.4024882453797474,1
6181,Blue One M,Centre,3000,1,0.9999992875457715,2999.9978626373145,9
6183,Blue One M,South,3000,0,0.00038109751170040964,1.1432925351012289,1
6184,Blue One L,South,5000,0,0.6207944393682491,3103.9721968412455,8
6185,Blue One M,West,3000,1,0.5113769421019889,1534.1308263059668,5
6186,Blue One M,North West,3000,0,0.0004729431070170763,1.4188293210512288,1
6188,Blue One L,South West,5000,1,0.581297952762142,2906.48976381071,7
6189,Blue One M,North West,3000,0,0.0037734948652978274,11.320484595893483,3
6190,Blue One M,West,3000,1,0.5285538699607262,1585.6616098821785,6
6191,Blue One M,East,3000,0,0.0035452754987481227,10.635826496244368,3
6192,Blue One M,Far North,3000,1,0.5810974317019022,1743.2922951057067,7
6193,Blue One L,Adamawa,5000,0,0.569844486398587,2849.222431992935,7
6194,Blue One M,East,3000,0,0.004015505787076771,12.046517361230313,3
6195,Blue One L,North,5000,1,0.9999998144840281,4999.999072420141,10
6196,Blue One L,South West,5000,0,0.001395969965975745,6.9798498298787255,1
6197,Blue One M,East,3000,0,0.0031600195111838687,9.480058533551606,3
6199,Blue One L,Littoral,5000,1,0.9999997803562714,4999.998901781357,10
6200,Blue One L,North,5000,1,0.5350340900798652,2675.170450399326,6
6203,Blue One L,South West,5000,0,0.0011882561977635672,5.9412809888178355,1
6204,Blue One M,North West,3000,1,0.44345837258231846,1330.3751177469553,4
6205,Blue One M,East,3000,1,0.6035384867164337,1810.6154601493013,8
6206,Blue One L,North West,5000,1,0.6329474801409719,3164.7374007048597,8
6207,Blue One M,Far North,3000,0,0.0005265983597386272,1.5797950792158817,1
6208,Blue One M,South,3000,0,0.5590281012209382,1677.0843036628144,6
6209,Blue One L,North,5000,1,0.5390606553255023,2695.3032766275114,6
6210,Blue One L,Adamawa,5000,1,0.9999998268918409,4999.9991344592045,10
6211,Blue One L,East,5000,0,0.5979772735741766,2989.886367870883,7
6213,Blue One M,South,3000,0,0.0003410029311539865,1.0230087934619596,1
6215,Blue One L,West,5000,1,0.6053013268753008,3026.506634376504,8
6216,Blue One M,South West,3000,0,0.24768149088394809,743.0444726518442,3
6218,Blue One L,North West,5000,0,0.5386421690637885,2693.2108453189426,6
6219,Blue One L,West,5000,0,0.0014831844983430975,7.415922491715487,2
6220,Blue One M,Far North,3000,1,0.5777466741368029,1733.2400224104088,7
6221,Blue One M,North West,3000,0,0.0004734314211334728,1.4202942634004183,1
6222,Blue One L,North West,5000,1,0.9999998723912987,4999.999361956494,10
6225,Blue One M,Littoral,3000,0,0.2626304805701387,787.8914417104162,3
6226,Blue One M,North West,3000,1,0.9999988940991278,2999.9966822973834,8
6227,Blue One M,South West,3000,1,0.9999990157156784,2999.997047147035,9
6229,Blue One L,East,5000,1,0.9999998758877019,4999.999379438509,10
6230,Blue One M,South,3000,0,0.2976371321035496,892.9113963106488,3
6232,Blue One M,Littoral,3000,1,0.9999993870010752,2999.9981610032255,10
6235,Blue One M,Far North,3000,0,0.4883863299253652,1465.1589897760955,5
6237,Blue One L,East,5000,1,0.6236822938280544,3118.411469140272,8
6239,Blue One M,Adamawa,3000,1,0.5537466382680051,1661.2399148040151,6
6240,Blue One M,West,3000,0,0.0004066329492089755,1.2198988476269266,1
6241,Blue One M,Adamawa,3000,0,0.551529281465482,1654.587844396446,6
6242,Blue One L,West,5000,1,0.9999998673176081,4999.999336588041,10
6243,Blue One L,Far North,5000,1,0.9999998355596253,4999.999177798127,10
6244,Blue One M,West,3000,0,0.0033960308305772823,10.188092491731847,3
6245,Blue One M,Adamawa,3000,0,0.5810312368414208,1743.0937105242624,7
6248,Blue One M,Littoral,3000,0,0.5504260867407837,1651.2782602223513,6
6250,Blue One M,Adamawa,3000,0,0.5988116339490775,1796.4349018472326,7
6251,Blue One L,Far North,5000,0,0.0016580329344373867,8.290164672186933,2
6252,Blue One L,South,5000,1,0.5273706859199329,2636.853429599664,6
6253,Blue One M,Centre,3000,0,0.00043301652782155013,1.2990495834646505,1
6254,Blue One M,South,3000,0,0.00038410783193176465,1.152323495795294,1
6256,Blue One M,Far North,3000,1,0.5342223717344093,1602.667115203228,6
6258,Blue One M,Centre,3000,0,0.003514377504893857,10.543132514681572,3
6259,Blue One M,South West,3000,1,0.4753874958763192,1426.1624876289575,5
6260,Blue One L,East,5000,1,0.9999998401581172,4999.999200790586,10
6261,Blue One L,West,5000,1,0.9999998556665517,4999.999278332759,10
6262,Blue One L,Littoral,5000,1,0.5548881081739139,2774.4405408695693,6
6263,Blue One L,North,5000,1,0.5595333177744725,2797.6665888723624,6
6264,Blue One M,Far North,3000,1,0.589477403234159,1768.432209702477,7
6265,Blue One M,South,3000,0,0.25636643023189487,769.0992906956847,3
6271,Blue One M,North,3000,0,0.001225157534039797,3.675472602119391,1
6272,Blue One L,Centre,5000,1,0.9999998567764511,4999.999283882255,10
6273,Blue One M,North West,3000,0,0.0015092242041469972,4.527672612440992,2
6274,Blue One L,Far North,5000,1,0.6339512862889012,3169.756431444506,8
6276,Blue One M,Adamawa,3000,0,0.0017292551121729925,5.187765336518978,2
6277,Blue One L,Far North,5000,0,0.5366643790940867,2683.3218954704334,6
6279,Blue One L,East,5000,1,0.9999998536726878,4999.999268363439,10
6280,Blue One L,Adamawa,5000,0,0.001629141339582567,8.145706697912834,2
6281,Blue One M,North,3000,1,0.50199787716193,1505.99363148579,5
6282,Blue One L,South West,5000,1,0.5575225126077569,2787.612563038784,6
6283,Blue One M,Littoral,3000,1,0.9999989850792173,2999.996955237652,9
6286,Blue One M,West,3000,0,0.2766821646308624,830.0464938925873,3
6287,Blue One L,Far North,5000,1,0.6181086250969414,3090.543125484707,8
6288,Blue One M,East,3000,0,0.00394714948494203,11.84144845482609,3
6289,Blue One L,Adamawa,5000,1,0.9999997932254009,4999.998966127005,10
6290,Blue One L,Centre,5000,0,0.0014742802587297892,7.371401293648947,2
6291,Blue One M,North West,3000,0,0.0036566966712887504,10.970090013866251,3
6292,Blue One L,Adamawa,5000,1,0.6129315626345342,3064.657813172671,8
6293,Blue One M,North West,3000,0,0.003918143526837253,11.75443058051176,3
6294,Blue One M,South,3000,1,0.5770625720618432,1731.1877161855296,7
6295,Blue One M,Centre,3000,0,0.0004952040513418338,1.4856121540255016,1
6297,Blue One L,South West,5000,0,0.6006050198854725,3003.025099427363,8
6298,Blue One L,North,5000,1,0.9999997826118023,4999.998913059012,10
6299,Blue One M,Centre,3000,0,0.0032415707756761323,9.724712327028397,3
6302,Blue One M,Littoral,3000,0,0.0013529603478866631,4.058881043659989,1
6303,Blue One M,North,3000,0,0.2944926474256664,883.4779422769992,3
6304,Blue One M,North,3000,0,0.2929525641095732,878.8576923287196,3
6309,Blue One M,Centre,3000,1,0.5286153837516665,1585.8461512549995,6
6311,Blue One M,Littoral,3000,0,0.0015247530458836834,4.57425913765105,2
6312,Blue One M,Far North,3000,1,0.4911254080888896,1473.3762242666687,5
6313,Blue One M,West,3000,0,0.002789651056385376,8.368953169156129,3
6314,Blue One L,Centre,5000,1,0.999999870645944,4999.99935322972,10
6315,Blue One L,North,5000,0,0.58025849989313,2901.29249946565,7
6316,Blue One M,Centre,3000,1,0.5661665518346476,1698.4996555039427,7
6317,Blue One L,Centre,5000,0,0.5502430877858048,2751.215438929024,6
6318,Blue One M,Littoral,3000,0,0.47198076789707694,1415.9423036912308,5
6319,Blue One L,Adamawa,5000,0,0.0013134867947330268,6.567433973665134,1
6320,Blue One M,South West,3000,0,0.26692886911082625,800.7866073324788,3
6323,Blue One L,North West,5000,1,0.9999998693421945,4999.9993467109725,10
6324,Blue One L,West,5000,1,0.9999998613819999,4999.999306909999,10
6325,Blue One M,Littoral,3000,0,0.4180663551007274,1254.1990653021824,4
6326,Blue One M,East,3000,1,0.9999991418588375,2999.997425576513,9
6327,Blue One M,Littoral,3000,1,0.5052086700862168,1515.6260102586505,5
6328,Blue One M,North West,3000,0,0.0031255869303500753,9.376760791050225,3
6330,Blue One L,North West,5000,0,0.0012019202608615975,6.009601304307988,1
6331,Blue One M,South West,3000,0,0.5688609979809933,1706.58299394298,7
6332,Blue One M,Centre,3000,1,0.999999071037324,2999.997213111972,9
6334,Blue One L,Adamawa,5000,1,0.5712969001305297,2856.4845006526484,7
6336,Blue One M,West,3000,0,0.000514777505285744,1.544332515857232,1
6339,Blue One L,East,5000,0,0.001716972821576799,8.584864107883995,2
6341,Blue One M,Far North,3000,1,0.5884400064231498,1765.3200192694492,7
6342,Blue One L,Centre,5000,1,0.6179911471692157,3089.9557358460784,8
6343,Blue One L,West,5000,0,0.0013316139643835322,6.658069821917661,1
6344,Blue One L,Far North,5000,1,0.5147286112155477,2573.6430560777385,5
6345,Blue One M,Adamawa,3000,0,0.5511229812290049,1653.3689436870147,6
6346,Blue One L,South,5000,1,0.6093539620136681,3046.7698100683406,8
6347,Blue One L,North West,5000,0,0.620078790654676,3100.39395327338,8
6348,Blue One L,South West,5000,1,0.5900505046346396,2950.252523173198,7
6349,Blue One L,South,5000,1,0.9999998546900672,4999.999273450337,10
6350,Blue One M,North,3000,0,0.2574039913179019,772.2119739537058,3
6352,Blue One M,East,3000,0,0.003628239023473287,10.88471707041986,3
6353,Blue One M,West,3000,1,0.9999990140070273,2999.997042021082,9
6354,Blue One L,Far North,5000,1,0.5959835593190895,2979.9177965954477,7
6355,Blue One M,North,3000,0,0.002648182150123892,7.944546450371676,3
6356,Blue One M,Littoral,3000,0,0.003036128470779264,9.108385412337793,3
6357,Blue One M,West,3000,0,0.0013947494312472723,4.184248293741817,1
6358,Blue One M,Littoral,3000,1,0.9999992444498869,2999.9977333496604,9
6359,Blue One M,Littoral,3000,0,0.001548832894250407,4.646498682751221,2
6360,Blue One M,North,3000,0,0.47071733273035976,1412.1519981910792,5
6361,Blue One M,Centre,3000,0,0.0033916403145169485,10.174920943550845,3
6362,Blue One M,South,3000,1,0.9999987328880418,2999.996198664125,8
6364,Blue One M,Far North,3000,1,0.32751597502169405,982.5479250650822,4
6365,Blue One M,North,3000,0,0.314742837958356,944.228513875068,4
6366,Blue One M,South West,3000,0,0.0013086198663756694,3.925859599127008,1
6368,Blue One M,East,3000,1,0.4821351420540615,1446.4054261621845,5
6369,Blue One M,South,3000,1,0.5256935488087622,1577.0806464262866,6
6370,Blue One M,Far North,3000,1,0.4526954840996644,1358.0864522989932,4
6371,Blue One M,South West,3000,0,0.551797043562616,1655.391130687848,6
6372,Blue One L,North West,5000,1,0.9999998131106901,4999.99906555345,10
6373,Blue One L,North,5000,1,0.9999997623177611,4999.998811588805,10
6374,Blue One L,South West,5000,0,0.5569166518312832,2784.5832591564163,6
6375,Blue One L,Littoral,5000,1,0.576988416521798,2884.94208260899,7
6376,Blue One L,Adamawa,5000,1,0.9999998718808967,4999.999359404484,10
6377,Blue One L,South,5000,1,0.613461136389026,3067.30568194513,8
6378,Blue One L,North,5000,1,0.610279621575827,3051.3981078791353,8
6379,Blue One L,South,5000,1,0.5638524300087072,2819.262150043536,7
6380,Blue One L,Adamawa,5000,0,0.5368318002452609,2684.1590012263046,6
6381,Blue One L,West,5000,0,0.5993824906476827,2996.9124532384135,8
6382,Blue One L,Far North,5000,1,0.5853481130597493,2926.740565298747,7
6383,Blue One L,South,5000,1,0.9999997839169011,4999.9989195845055,10
6384,Blue One L,Littoral,5000,1,0.6051943153909453,3025.9715769547265,8
6385,Blue One L,Adamawa,5000,0,0.0013933501267005687,6.966750633502843,1
6386,Blue One M,East,3000,1,0.9999989234038624,2999.9967702115873,8
6387,Blue One S,North West,2000,0,0.00019566942797855777,0.39133885595711554,1
6388,Blue One L,Far North,5000,1,0.9999998725204438,4999.999362602219,10
6389,Blue One L,Far North,5000,1,0.9999998676145729,4999.999338072865,10
6390,Blue One L,South West,5000,0,0.5834911363743601,2917.4556818718006,7
6391,Blue One L,North West,5000,1,0.5940505508432048,2970.252754216024,7
6392,Blue One L,Adamawa,5000,1,0.531749431378422,2658.74715689211,6
6393,Blue One L,Centre,5000,1,0.5886574547722007,2943.287273861003,7
6394,Blue One L,South,5000,1,0.5289350426055903,2644.6752130279515,6
6395,Blue One L,Littoral,5000,0,0.5737999605870746,2868.999802935373,7
6396,Blue One L,West,5000,0,0.5274866758142552,2637.4333790712762,6
6397,Blue One L,North West,5000,1,0.9999997498785446,4999.998749392723,10
6398,Blue One L,Littoral,5000,0,0.5576759278475947,2788.3796392379736,6
6399,Blue One L,Littoral,5000,1,0.9999997208216178,4999.998604108089,10
6400,Blue One L,North West,5000,1,0.6186852921851504,3093.426460925752,8
6401,Blue One L,West,5000,0,0.0015841836141721986,7.920918070860993,2
6402,Blue One L,Centre,5000,0,0.0012767214131077266,6.383607065538633,1
6403,Blue One L,North,5000,1,0.5599260632170788,2799.630316085394,6
6404,Blue One L,South,5000,1,0.9999997835722496,4999.998917861248,10
6409,Blue One L,Littoral,5000,1,0.6063128361870398,3031.564180935199,8
6410,Blue One M,Littoral,3000,1,0.9999987811445376,2999.9963434336128,8
6411,Blue One M,West,3000,1,0.9999987339820126,2999.9962019460377,8
6412,Blue One M,South,3000,1,0.9999987051934355,2999.9961155803067,8
6413,Blue One M,South West,3000,0,0.565693353506883,1697.0800605206489,7
6414,Blue One M,Littoral,3000,0,0.0015319747949311172,4.595924384793352,2
6415,Blue One M,East,3000,0,0.0019340916545732751,5.802274963719825,2
6416,Blue One M,South,3000,1,0.5249108917051102,1574.7326751153305,6
6417,Blue One L,Far North,5000,0,0.574910426761487,2874.552133807435,7
6418,Blue One M,West,3000,0,0.0017190924934598999,5.157277480379699,2
6419,Blue One L,Adamawa,5000,0,0.0014857779032163114,7.428889516081557,2
6420,Blue One L,North West,5000,0,0.5265114903273724,2632.557451636862,6
6421,Blue One L,South West,5000,1,0.9999998212256331,4999.999106128165,10
6422,Blue One L,West,5000,1,0.5547275866966703,2773.637933483352,6
6423,Blue One L,Littoral,5000,0,0.0012916511491746544,6.458255745873272,1
6424,Blue One L,South,5000,0,0.6067416958555454,3033.708479277727,8
6425,Blue One L,Centre,5000,0,0.0015945363919325768,7.972681959662884,2
6426,Blue One L,East,5000,1,0.5974259824638002,2987.129912319001,7
6427,Blue One L,South,5000,1,0.9999997618661626,4999.998809330813,10
6428,Blue One L,East,5000,0,0.6291738296822469,3145.8691484112346,8
6429,Blue One L,Littoral,5000,1,0.9999998599453094,4999.999299726547,10
6430,Blue One L,South West,5000,1,0.5835760939411426,2917.880469705713,7
6431,Blue One L,Adamawa,5000,1,0.5710041130830544,2855.0205654152724,7
6432,Blue One L,Centre,5000,0,0.0016162611655706081,8.08130582785304,2
6433,Blue One L,West,5000,1,0.9999998327594759,4999.99916379738,10
6434,Blue One L,South,5000,1,0.5418674188264002,2709.337094132001,6
6435,Blue One L,Centre,5000,1,0.5478876035658115,2739.438017829057,6
6436,Blue One M,West,3000,1,0.48976887368043437,1469.306621041303,5
6437,Blue One M,Centre,3000,1,0.5067444086105224,1520.233225831567,5
6438,Blue One M,North,3000,1,0.9999992746733278,2999.9978240199835,9
6440,Blue One M,South West,3000,1,0.472269601313657,1416.8088039409708,5
6441,Blue One L,Littoral,5000,0,0.0010085257112739852,5.042628556369926,1
6442,Blue One M,South,3000,0,0.55862315783322,1675.86947349966,6
6443,Blue One M,South West,3000,0,0.0030684558889089433,9.20536766672683,3
6445,Blue One L,North West,5000,0,0.0011963108184066724,5.981554092033362,1
6446,Blue One L,South,5000,0,0.5642323288772129,2821.1616443860644,7
6447,Blue One L,North,5000,1,0.5345263387765937,2672.6316938829686,6
6448,Blue One L,East,5000,1,0.9999998399031701,4999.999199515851,10
6449,Blue One L,Littoral,5000,0,0.00121739172016698,6.0869586008349,1
6450,Blue One M,North West,3000,1,0.9999991521609409,2999.9974564828226,9
6451,Blue One M,Centre,3000,1,0.9999989873991837,2999.996962197551,9
6452,Blue One M,South West,3000,0,0.0016662964269240413,4.998889280772124,2
6453,Blue One M,South West,3000,1,0.4613894065610252,1384.1682196830754,5
6454,Blue One M,West,3000,1,0.9999992728640248,2999.9978185920745,9
6455,Blue One M,Littoral,3000,1,0.4900026863878218,1470.0080591634653,5
6456,Blue One M,Centre,3000,1,0.9999992175553125,2999.9976526659375,9
6457,Blue One M,Far North,3000,1,0.5887176526527749,1766.1529579583246,7
6458,Blue One M,Centre,3000,1,0.999998960460359,2999.996881381077,9
6459,Blue One M,North West,3000,0,0.0029016970870113386,8.705091261034015,3
6460,Blue One M,South West,3000,1,0.5687632914279326,1706.2898742837976,7
6461,Blue One M,Far North,3000,1,0.5997497614927918,1799.2492844783753,8
6462,Blue One M,Far North,3000,1,0.9999989086834634,2999.9967260503904,8
6463,Blue One M,South,3000,0,0.5256063818667718,1576.8191456003153,6
6464,Blue One M,Littoral,3000,1,0.99999865515693,2999.99596547079,8
6465,Blue One M,South West,3000,1,0.9999985396873097,2999.995619061929,8
6466,Blue One M,South West,3000,1,0.9999987806739621,2999.9963420218864,8
6467,Blue One M,North West,3000,1,0.5944434224772343,1783.3302674317029,7
6468,Blue One M,Littoral,3000,1,0.5723245445118462,1716.9736335355387,7
6470,Blue One L,Far North,5000,0,0.001311754053432688,6.55877026716344,1
6471,Blue One M,Far North,3000,1,0.5452305828874955,1635.6917486624864,6
6472,Blue One M,South West,3000,1,0.4099418316961721,1229.8254950885164,4
6473,Blue One M,Littoral,3000,1,0.5013851146227277,1504.155343868183,5
6474,Blue One M,Adamawa,3000,1,0.9999994861230049,2999.9984583690148,10
6475,Blue One M,South,3000,1,0.9999987799942671,2999.996339982801,8
6476,Blue One M,North,3000,1,0.5000423191484437,1500.126957445331,5
6477,Blue One M,Far North,3000,1,0.5787917311693512,1736.3751935080536,7
6478,Blue One M,North,3000,0,0.549787040357222,1649.361121071666,6
6479,Blue One M,East,3000,0,0.5458459734312474,1637.5379202937422,6
6480,Blue One M,East,3000,1,0.5087327490447687,1526.1982471343063,5
6481,Blue One L,Littoral,5000,1,0.5541248175288861,2770.6240876444303,6
6482,Blue One M,South West,3000,0,0.5726201311377913,1717.860393413374,7
6483,Blue One M,North West,3000,0,0.5563811553047927,1669.143465914378,6
6485,Blue One L,Centre,5000,0,0.5651909164018329,2825.954582009165,7
6486,Blue One M,South,3000,1,0.4173105702789357,1251.931710836807,4
6487,Blue One M,Littoral,3000,1,0.4778448017333715,1433.5344052001146,5
6488,Blue One M,South West,3000,0,0.5622021317630395,1686.6063952891184,7
6489,Blue One M,Adamawa,3000,1,0.6051258851432257,1815.3776554296771,8
6490,Blue One M,North West,3000,0,0.5879781274964471,1763.9343824893413,7
6491,Blue One M,Far North,3000,0,0.002904186980458211,8.712560941374633,3
6492,Blue One M,East,3000,1,0.9999989268299923,2999.9967804899766,8
6493,Blue One M,Far North,3000,0,0.48995492575417626,1469.8647772625288,5
6494,Blue One M,South West,3000,1,0.9999989068070434,2999.9967204211302,8
6495,Blue One M,Centre,3000,0,0.5602717059963757,1680.815117989127,6
6496,Blue One M,Adamawa,3000,0,0.4925389843702041,1477.6169531106123,5
6497,Blue One M,Littoral,3000,1,0.9999986509951017,2999.995952985305,8
6498,Blue One M,West,3000,0,0.48780210153872394,1463.4063046161718,5
6499,Blue One M,West,3000,0,0.003199355091504909,9.598065274514727,3
6501,Blue One M,South,3000,0,0.0004299808169037993,1.289942450711398,1
6502,Blue One M,Centre,3000,0,0.31507816772905706,945.2345031871712,4
6503,Blue One M,South West,3000,0,0.0003791125590240972,1.1373376770722916,1
6504,Blue One L,Centre,5000,0,0.0013551363541914959,6.77568177095748,1
6505,Blue One L,Adamawa,5000,1,0.5900541763891375,2950.2708819456875,7
6506,Blue One L,Far North,5000,0,0.001353521961864126,6.76760980932063,1
6507,Blue One L,South West,5000,1,0.9999998331239274,4999.999165619637,10
6508,Blue One L,Far North,5000,0,0.0017338786921557972,8.669393460778986,2
6509,Blue One L,East,5000,0,0.6128574120222897,3064.2870601114487,8
6510,Blue One L,North West,5000,1,0.6329474801409719,3164.7374007048597,8
6511,Blue One L,Littoral,5000,0,0.001464267034828379,7.321335174141894,2
6512,Blue One L,North West,5000,0,0.0017476196465614866,8.738098232807433,2
6513,Blue One L,South,5000,0,0.6160570124523878,3080.285062261939,8
6514,Blue One L,West,5000,1,0.999999866528765,4999.999332643825,10
6515,Blue One L,North West,5000,0,0.6121767744229157,3060.8838721145785,8
6516,Blue One L,South,5000,1,0.5961679138388618,2980.839569194309,7
6517,Blue One L,Centre,5000,1,0.6203283861709863,3101.6419308549316,8
6518,Blue One L,South,5000,1,0.9999998689705928,4999.999344852964,10
6519,Blue One L,South,5000,0,0.615231599642509,3076.157998212545,8
6520,Blue One L,East,5000,1,0.5751823645562995,2875.9118227814974,7
6521,Blue One L,Far North,5000,1,0.9999998797412659,4999.99939870633,10
6522,Blue One L,Littoral,5000,1,0.5825194746163138,2912.597373081569,7
6523,Blue One L,Adamawa,5000,1,0.6333332385808633,3166.6661929043166,8
6524,Blue One L,North West,5000,1,0.6394330110818404,3197.1650554092016,8
6525,Blue One L,South West,5000,1,0.5362740497803816,2681.3702489019083,6
6526,Blue One L,South West,5000,0,0.5541278727603868,2770.639363801934,6
6527,Blue One L,South,5000,1,0.5777919844242619,2888.95992212131,7
6528,Blue One L,West,5000,0,0.5924042513131024,2962.021256565512,7
6529,Blue One L,South West,5000,0,0.5761159940621443,2880.5799703107214,7
6530,Blue One L,North,5000,0,0.0014354757751458514,7.177378875729257,2
6531,Blue One L,Adamawa,5000,0,0.0017029073865571067,8.514536932785534,2
6532,Blue One L,East,5000,0,0.0014142155190336179,7.07107759516809,1
6533,Blue One L,North West,5000,1,0.6109927801587285,3054.9639007936426,8
6534,Blue One M,North,3000,1,0.9999986746587469,2999.996023976241,8
6535,Blue One L,Adamawa,5000,1,0.9999998079750114,4999.999039875057,10
6536,Blue One L,West,5000,1,0.5881152062210275,2940.5760311051376,7
6537,Blue One L,East,5000,0,0.598659353770517,2993.296768852585,7
6538,Blue One L,North West,5000,1,0.5982692324639298,2991.346162319649,7
6539,Blue One L,Centre,5000,1,0.5821884888543242,2910.942444271621,7
6540,Blue One L,Far North,5000,0,0.0017474709585653403,8.737354792826702,2
6541,Blue One L,North,5000,1,0.563789327153049,2818.946635765245,7
6542,Blue One L,East,5000,1,0.9999998113298291,4999.999056649145,10
6543,Blue One M,Adamawa,3000,0,0.5900628005298515,1770.1884015895546,7
6544,Blue One M,Adamawa,3000,0,0.0016344494992046625,4.903348497613988,2
6545,Blue One L,Centre,5000,1,0.999999738073337,4999.998690366685,10
6546,Blue One L,East,5000,0,0.001918794064163854,9.59397032081927,2
6547,Blue One L,East,5000,1,0.9999998753486294,4999.999376743147,10
6548,Blue One L,South,5000,1,0.9999997832270483,4999.998916135241,10
6549,Blue One L,West,5000,1,0.5847804725836678,2923.9023629183393,7
6550,Blue One M,Adamawa,3000,0,0.001447666351351819,4.342999054055457,2
6551,Blue One L,South West,5000,1,0.5641574347836488,2820.7871739182438,7
6552,Blue One L,Littoral,5000,0,0.515572216508727,2577.861082543635,5
6553,Blue One L,South,5000,1,0.580487343826087,2902.436719130435,7
6554,Blue One L,Far North,5000,0,0.5895258628931089,2947.6293144655447,7
6555,Blue One L,Centre,5000,0,0.5684292706025155,2842.1463530125775,7
6556,Blue One L,North,5000,1,0.9999997627907756,4999.998813953878,10
6557,Blue One L,South,5000,0,0.0013391255056266417,6.695627528133208,1
6558,Blue One L,East,5000,1,0.9999998151354443,4999.999075677221,10
6559,Blue One L,Adamawa,5000,1,0.5407815058957396,2703.907529478698,6
6560,Blue One L,South,5000,0,0.0017068189695968075,8.534094847984038,2
6561,Blue One L,Centre,5000,0,0.587909066574566,2939.54533287283,7
6562,Blue One L,South,5000,0,0.0015766874826271496,7.8834374131357485,2
6563,Blue One L,Far North,5000,0,0.0017284545481437484,8.642272740718742,2
6564,Blue One M,East,3000,1,0.6146527191383611,1843.9581574150832,8
6565,Blue One L,Adamawa,5000,0,0.6341542294873509,3170.7711474367543,8
6566,Blue One L,East,5000,0,0.6383480607260402,3191.740303630201,8
6567,Blue One L,East,5000,1,0.627451477178248,3137.25738589124,8
6568,Blue One L,South,5000,0,0.0015471679256331386,7.735839628165693,2
6569,Blue One L,West,5000,0,0.0015966042639377666,7.983021319688833,2
6570,Blue One L,East,5000,1,0.9999997988318744,4999.998994159372,10
6571,Blue One L,North,5000,1,0.5056472867799507,2528.2364338997536,5
6572,Blue One L,Adamawa,5000,1,0.9999997893887225,4999.998946943612,10
6573,Blue One L,South,5000,0,0.0016444064400552966,8.222032200276484,2
6574,Blue One L,Adamawa,5000,1,0.626429144366891,3132.145721834455,8
6575,Blue One L,South West,5000,1,0.9999997737278216,4999.998868639108,10
6576,Blue One L,Littoral,5000,1,0.9999997621970435,4999.9988109852175,10
6577,Blue One L,West,5000,0,0.5710676199369177,2855.3380996845885,7
6578,Blue One L,South,5000,1,0.5246378695567219,2623.1893477836093,6
6579,Blue One L,North,5000,0,0.5594351344749986,2797.175672374993,6
6580,Blue One L,Adamawa,5000,0,0.597608680843242,2988.04340421621,7
6581,Blue One L,North West,5000,0,0.6180616410496367,3090.308205248183,8
6582,Blue One L,Littoral,5000,1,0.6036934599399717,3018.4672996998584,8
6583,Blue One L,Adamawa,5000,1,0.6391444236236942,3195.722118118471,8
6584,Blue One L,Far North,5000,1,0.9999998700843269,4999.9993504216345,10
6585,Blue One M,Adamawa,3000,0,0.6037085799271312,1811.1257397813936,8
6586,Blue One L,East,5000,1,0.9999998092504518,4999.999046252259,10
6587,Blue One L,North West,5000,1,0.9999998116430582,4999.9990582152905,10
6588,Blue One L,Adamawa,5000,0,0.0018501371051617532,9.250685525808766,2
6589,Blue One L,Adamawa,5000,1,0.535320706270145,2676.6035313507255,6
6590,Blue One L,Adamawa,5000,1,0.9999998105880489,4999.999052940244,10
6591,Blue One L,Adamawa,5000,0,0.5935290371166558,2967.6451855832793,7
6592,Blue One L,Centre,5000,0,0.001684077602228538,8.42038801114269,2
6593,Blue One L,North,5000,1,0.5552685393950684,2776.342696975342,6
6594,Blue One L,North West,5000,1,0.999999873379418,4999.99936689709,10
6595,Blue One L,Centre,5000,1,0.9999997876868842,4999.998938434421,10
6596,Blue One L,Centre,5000,1,0.9999998722597888,4999.999361298944,10
6597,Blue One L,South,5000,0,0.5835415522490842,2917.707761245421,7
6598,Blue One L,West,5000,1,0.5698103869059935,2849.0519345299676,7
6599,Blue One L,West,5000,0,0.5675985497569088,2837.992748784544,7
6600,Blue One L,South West,5000,1,0.9999997751327888,4999.998875663944,10
6601,Blue One L,West,5000,1,0.9999997853794521,4999.99892689726,10
6602,Blue One L,South West,5000,1,0.5490879539860966,2745.4397699304827,6
6603,Blue One L,Centre,5000,1,0.6084081970036441,3042.0409850182205,8
6604,Blue One L,North West,5000,1,0.999999808138758,4999.9990406937895,10
6605,Blue One L,South,5000,0,0.0016156761070220949,8.078380535110474,2
6606,Blue One L,North West,5000,0,0.0018661366065457388,9.330683032728693,2
6608,Blue One M,West,3000,1,0.9999992508014897,2999.997752404469,9
6609,Blue One L,East,5000,1,0.9999998739686699,4999.999369843349,10
6610,Blue One M,East,3000,1,0.5534322477953999,1660.2967433861998,6
6611,Blue One L,Far North,5000,1,0.6241113180272562,3120.5565901362806,8
6612,Blue One L,East,5000,1,0.9999998139894877,4999.999069947438,10
6613,Blue One L,Centre,5000,0,0.6028458062100099,3014.22903105005,8
6614,Blue One L,North,5000,0,0.5771004375234403,2885.5021876172013,7
6615,Blue One L,Centre,5000,1,0.9999997890154698,4999.998945077349,10
6616,Blue One L,East,5000,1,0.9999997657869144,4999.998828934572,10
6617,Blue One L,Adamawa,5000,1,0.9999998365690964,4999.999182845482,10
6618,Blue One L,North West,5000,0,0.001679837619822588,8.39918809911294,2
6619,Blue One L,Far North,5000,1,0.6182141706927139,3091.0708534635696,8
6620,Blue One L,North,5000,0,0.0011410057221715741,5.7050286108578705,1
6621,Blue One L,Littoral,5000,0,0.58472267678168,2923.6133839084,7
6622,Blue One L,North West,5000,0,0.0013866229470851782,6.933114735425891,1
6623,Blue One L,West,5000,0,0.5956200996748854,2978.100498374427,7
6624,Blue One L,North West,5000,1,0.9999998453467299,4999.999226733649,10
6625,Blue One L,South,5000,0,0.5620258650229872,2810.1293251149364,7
6626,Blue One M,North West,3000,0,0.0032049630823998403,9.614889247199521,3
6627,Blue One L,Centre,5000,0,0.6120460829146601,3060.2304145733005,8
6628,Blue One L,South,5000,0,0.0016006364942281108,8.003182471140555,2
6629,Blue One L,North,5000,1,0.999999852943288,4999.99926471644,10
6630,Blue One L,South,5000,1,0.6215330281703466,3107.665140851733,8
6631,Blue One L,South West,5000,1,0.9999998298501859,4999.99914925093,10
6632,Blue One L,Far North,5000,1,0.6196831802332899,3098.4159011664497,8
6633,Blue One L,East,5000,1,0.5778584123166429,2889.2920615832145,7
6634,Blue One L,North,5000,0,0.6076579295129259,3038.2896475646294,8
6636,Blue One L,West,5000,0,0.6176621344005321,3088.3106720026603,8
6637,Blue One L,North West,5000,1,0.9999998828676602,4999.999414338301,10
6638,Blue One L,Littoral,5000,0,0.0015452465810173715,7.7262329050868574,2
6639,Blue One L,Adamawa,5000,1,0.9999998702559356,4999.999351279678,10
6640,Blue One L,Adamawa,5000,1,0.9999998720277101,4999.99936013855,10
6641,Blue One L,East,5000,0,0.6241382848639796,3120.691424319898,8
6642,Blue One L,West,5000,1,0.9999998224171698,4999.9991120858485,10
6643,Blue One L,Littoral,5000,1,0.6033121019672836,3016.560509836418,8
6644,Blue One L,East,5000,1,0.9999998576083079,4999.999288041539,10
6645,Blue One L,West,5000,0,0.5956200996748854,2978.100498374427,7
6646,Blue One L,West,5000,0,0.0015107368298951998,7.553684149475999,2
6647,Blue One L,Centre,5000,1,0.9999998566051459,4999.99928302573,10
6648,Blue One L,North,5000,1,0.9999998240833928,4999.999120416964,10
6649,Blue One L,Far North,5000,0,0.6203402792254132,3101.7013961270663,8
6650,Blue One L,North,5000,0,0.0015595440891955038,7.797720445977519,2
6651,Blue One L,South West,5000,1,0.6017279861665661,3008.6399308328305,8
6652,Blue One L,Far North,5000,1,0.9999998787850544,4999.999393925272,10
6653,Blue One L,Centre,5000,0,0.0016068023272463594,8.034011636231797,2
6654,Blue One L,South West,5000,1,0.9999998478307682,4999.999239153841,10
6655,Blue One L,North,5000,1,0.9999998501622955,4999.999250811477,10
6656,Blue One L,Littoral,5000,1,0.607346878263784,3036.7343913189197,8
6657,Blue One L,Far North,5000,1,0.9999998669930773,4999.999334965387,10
6658,Blue One L,North,5000,1,0.5932995756855253,2966.4978784276263,7
6659,Blue One L,West,5000,0,0.5944915174875897,2972.4575874379484,7
6660,Blue One L,South,5000,0,0.6159743208331709,3079.8716041658545,8
6662,Blue One L,Far North,5000,1,0.6148692520676668,3074.346260338334,8
6663,Blue One L,Centre,5000,1,0.9999998561543701,4999.999280771851,10
6664,Blue One L,South West,5000,0,0.0015545142384080302,7.772571192040151,2
6665,Blue One L,Centre,5000,1,0.9999998384906098,4999.999192453049,10
6666,Blue One L,Far North,5000,0,0.5823742370898071,2911.8711854490352,7
6667,Blue One L,Centre,5000,1,0.9999998199400426,4999.999099700213,10
6668,Blue One L,Far North,5000,1,0.9999998485098142,4999.999242549071,10
6669,Blue One L,Littoral,5000,0,0.0015314705992364721,7.657352996182361,2
6670,Blue One L,Far North,5000,1,0.999999846113676,4999.99923056838,10
6671,Blue One L,North West,5000,1,0.6255208847898582,3127.6044239492912,8
6672,Blue One L,Far North,5000,0,0.6221808254351047,3110.904127175523,8
6673,Blue One M,Centre,3000,0,0.00042043771419227743,1.2613131425768322,1
6674,Blue One L,North,5000,0,0.5842772336647165,2921.3861683235828,7
6675,Blue One L,Littoral,5000,1,0.5892880828364707,2946.4404141823534,7
6676,Blue One L,North West,5000,1,0.9999998727280885,4999.999363640442,10
6677,Blue One L,South West,5000,1,0.6013459858171597,3006.7299290857986,8
6678,Blue One L,South,5000,1,0.9999998564458041,4999.9992822290205,10
6679,Blue One L,North West,5000,1,0.638352462073372,3191.76231036686,8
6680,Blue One L,Adamawa,5000,1,0.5763893254374209,2881.9466271871047,7
6681,Blue One L,North,5000,0,0.6016440174333457,3008.2200871667287,8
6682,Blue One L,Centre,5000,1,0.5944314707189395,2972.1573535946977,7
6683,Blue One L,West,5000,1,0.5948521471814073,2974.2607359070366,7
6684,Blue One L,Adamawa,5000,0,0.6220232441616744,3110.116220808372,8
6685,Blue One L,East,5000,0,0.6405189926009326,3202.594963004663,8
6686,Blue One L,South,5000,0,0.5938871918983556,2969.435959491778,7
6687,Blue One M,North West,3000,1,0.6094288574146727,1828.286572244018,8
6688,Blue One L,South West,5000,1,0.999999859457648,4999.99929728824,10
6689,Blue One L,North,5000,1,0.9999998629012957,4999.999314506478,10
6690,Blue One L,East,5000,1,0.6230274640614252,3115.1373203071257,8
6691,Blue One L,Far North,5000,1,0.5772218542496457,2886.109271248228,7
6692,Blue One M,North,3000,0,0.5479367117807388,1643.8101353422164,6
6693,Blue One M,Centre,3000,1,0.5576557667668156,1672.9673003004468,6
6694,Blue One M,South West,3000,0,0.0030269745519775795,9.080923655932738,3
6695,Blue One M,North West,3000,0,0.003000481987065112,9.001445961195337,3
6696,Blue One M,East,3000,0,0.0038797637452322024,11.639291235696607,3
6697,Blue One M,North,3000,0,0.5494911473565366,1648.4734420696097,6
6698,Blue One M,Far North,3000,0,0.0034844967837626547,10.453490351287964,3
6699,Blue One M,Centre,3000,1,0.5129948319624353,1538.984495887306,5
6700,Blue One M,North,3000,1,0.9999984975887931,2999.9954927663794,8
6701,Blue One M,Far North,3000,1,0.9999990452311257,2999.997135693377,9
6702,Blue One M,South West,3000,1,0.5173412140791858,1552.0236422375574,5
6703,Blue One M,Adamawa,3000,0,0.003098672234216603,9.296016702649808,3
6704,Blue One M,Adamawa,3000,1,0.9999986723038456,2999.996016911537,8
6705,Blue One M,West,3000,1,0.5082273009639185,1524.6819028917557,5
6706,Blue One M,South West,3000,1,0.5429472751781758,1628.8418255345273,6
6707,Blue One M,West,3000,1,0.9999989597893975,2999.9968793681924,9
6708,Blue One M,South West,3000,1,0.9999988876904218,2999.996663071265,8
6709,Blue One M,Littoral,3000,0,0.003313516289677449,9.940548869032346,3
6710,Blue One M,Centre,3000,0,0.0031319089273147745,9.395726781944324,3
6711,Blue One M,Centre,3000,1,0.561425266206952,1684.275798620856,6
6712,Blue One M,Littoral,3000,1,0.5646012264685519,1693.8036794056559,7
6713,Blue One M,Far North,3000,0,0.002904328249631119,8.712984748893357,3
6714,Blue One M,Adamawa,3000,1,0.2741720204163058,822.5160612489174,3
6715,Blue One M,Centre,3000,0,0.0033597979546676755,10.079393864003027,3
6716,Blue One M,South,3000,0,0.002758044493924628,8.274133481773884,3
6717,Blue One M,South,3000,1,0.9999990053087862,2999.9970159263585,9
6718,Blue One M,Littoral,3000,1,0.4251210862483596,1275.3632587450788,4
6719,Blue One M,North,3000,1,0.5101849758270005,1530.5549274810014,5
6720,Blue One M,Far North,3000,0,0.0017223409135073214,5.167022740521964,2
6721,Blue One M,East,3000,1,0.9999991226682773,2999.997368004832,9
6722,Blue One M,Adamawa,3000,0,0.0005541879204429249,1.6625637613287747,1
6723,Blue One M,Centre,3000,0,0.4680461014085208,1404.1383042255625,5
6724,Blue One M,Littoral,3000,1,0.9999986381664655,2999.9959144993963,8
6725,Blue One M,South,3000,1,0.4772118301593209,1431.6354904779628,5
6726,Blue One M,South,3000,0,0.5041882724097891,1512.5648172293675,5
6727,Blue One M,Adamawa,3000,1,0.9999992651257397,2999.997795377219,9
6728,Blue One M,East,3000,0,0.4820862037905155,1446.2586113715465,5
6729,Blue One M,Far North,3000,1,0.5489826173266275,1646.9478519798824,6
6730,Blue One M,Littoral,3000,1,0.9999986777433214,2999.9960332299643,8
6731,Blue One M,East,3000,0,0.0018572367063638693,5.571710119091608,2
6732,Blue One M,West,3000,1,0.501552274148746,1504.656822446238,5
6733,Blue One M,North West,3000,1,0.4575560008711356,1372.6680026134068,4
6734,Blue One M,West,3000,1,0.9999993925932223,2999.998177779667,10
6735,Blue One M,Far North,3000,1,0.9999988993620864,2999.996698086259,8
6736,Blue One M,South,3000,1,0.9999985013901503,2999.995504170451,8
6737,Blue One M,Far North,3000,0,0.5295213906628589,1588.5641719885766,6
6738,Blue One M,Far North,3000,1,0.9999989279888201,2999.99678396646,8
6739,Blue One M,South,3000,0,0.0016034788657240523,4.810436597172157,2
6740,Blue One M,Littoral,3000,0,0.4251210862483596,1275.3632587450788,4
6741,Blue One M,South West,3000,1,0.4227273193736622,1268.1819581209866,4
6742,Blue One M,North,3000,0,0.5196045249759648,1558.8135749278943,6
6743,Blue One M,South,3000,1,0.5022327868847268,1506.6983606541805,5
6744,Blue One M,East,3000,1,0.9999988610319231,2999.9965830957694,8
6745,Blue One M,South,3000,0,0.4895719435247131,1468.7158305741393,5
6746,Blue One M,Centre,3000,1,0.5302035938084464,1590.6107814253392,6
6747,Blue One M,East,3000,0,0.002941107089995196,8.823321269985588,3
6748,Blue One M,North,3000,0,0.4983612028916751,1495.0836086750253,5
6749,Blue One M,North,3000,1,0.49953209915887914,1498.5962974766373,5
6750,Blue One M,Littoral,3000,0,0.5184953440511395,1555.4860321534186,5
6751,Blue One M,East,3000,1,0.9999994824688418,2999.9984474065254,10
6752,Blue One M,South West,3000,1,0.9999993703418567,2999.9981110255703,9
6753,Blue One M,West,3000,0,0.0013789502269965408,4.136850680989623,1
6754,Blue One M,Adamawa,3000,0,0.0015153415838683076,4.546024751604922,2
6755,Blue One M,Littoral,3000,0,0.38892515683066914,1166.7754704920073,4
6756,Blue One M,South,3000,1,0.9999992326178389,2999.9976978535165,9
6757,Blue One M,North West,3000,1,0.49549206276642965,1486.4761882992889,5
6758,Blue One M,North,3000,0,0.00038863141623495846,1.1658942487048753,1
6760,Blue One M,North,3000,0,0.0014859074445932477,4.457722333779743,2
6761,Blue One M,East,3000,1,0.49978454700598973,1499.3536410179693,5
6762,Blue One M,East,3000,1,0.500967643727336,1502.9029311820082,5
6763,Blue One M,Adamawa,3000,0,0.0018845616759636077,5.653685027890823,2
6764,Blue One M,Littoral,3000,0,0.46186930035660057,1385.6079010698018,5
6765,Blue One M,South West,3000,1,0.42004293879833493,1260.1288163950048,4
6766,Blue One M,Littoral,3000,0,0.001548832894250407,4.646498682751221,2
6767,Blue One M,Far North,3000,0,0.49387721329171314,1481.6316398751394,5
6768,Blue One M,West,3000,0,0.46984558733356446,1409.5367620006934,5
6769,Blue One M,South West,3000,0,0.40803926358171044,1224.1177907451313,4
6770,Blue One M,East,3000,1,0.9999993396785402,2999.9980190356205,9
6771,Blue One M,North West,3000,1,0.9999993014705989,2999.9979044117968,9
6772,Blue One M,North,3000,1,0.999999182359558,2999.997547078674,9
6773,Blue One M,North,3000,1,0.9999992319338955,2999.9976958016864,9
6774,Blue One M,South,3000,1,0.9999992021126365,2999.9976063379095,9
6775,Blue One M,South,3000,1,0.9999992575135914,2999.9977725407743,9
6776,Blue One M,South West,3000,1,0.9999992212246659,2999.9976636739975,9
6777,Blue One M,East,3000,0,0.0018262795283957973,5.4788385851873915,2
6778,Blue One M,South,3000,0,0.0015861041747653349,4.758312524296005,2
6779,Blue One M,East,3000,0,0.49625971482174897,1488.7791444652469,5
6780,Blue One M,Far North,3000,1,0.4884980590233631,1465.494177070089,5
6781,Blue One M,North West,3000,1,0.4940102908105327,1482.0308724315983,5
6782,Blue One M,Adamawa,3000,1,0.9999992682681097,2999.997804804329,9
6783,Blue One M,South West,3000,0,0.0015928746041361601,4.7786238124084806,2
6784,Blue One M,South West,3000,0,0.46561969013395227,1396.8590704018568,5
6785,Blue One M,Centre,3000,0,0.48513773643597624,1455.4132093079288,5
6786,Blue One M,North,3000,1,0.9999991628635714,2999.997488590714,9
6787,Blue One M,Littoral,3000,1,0.3745407146004982,1123.6221438014945,4
6788,Blue One M,Centre,3000,1,0.4170962374327169,1251.2887122981506,4
6789,Blue One M,South West,3000,0,0.4486285975179791,1345.8857925539373,4
6790,Blue One M,Adamawa,3000,0,0.45152635350360004,1354.5790605108002,4
6791,Blue One M,Littoral,3000,0,0.43160427382839806,1294.8128214851943,4
6792,Blue One M,Far North,3000,1,0.4482027945107684,1344.6083835323052,4
6793,Blue One M,West,3000,0,0.0015425612885684211,4.627683865705263,2
6794,Blue One M,Littoral,3000,0,0.001585977336228755,4.757932008686265,2
6795,Blue One M,East,3000,1,0.9999992768481629,2999.997830544489,9
6796,Blue One M,South West,3000,1,0.9999991462281319,2999.9974386843955,9
6797,Blue One M,Centre,3000,1,0.46639649295070684,1399.1894788521206,5
6798,Blue One M,Littoral,3000,0,0.0013480584132548267,4.04417523976448,1
6799,Blue One M,Littoral,3000,0,0.46541831542148665,1396.25494626446,5
6800,Blue One M,East,3000,1,0.43998869861192896,1319.966095835787,4
6801,Blue One M,North,3000,0,0.45584743052555243,1367.5422915766574,4
6802,Blue One M,Centre,3000,1,0.9999991967394641,2999.9975902183924,9
6803,Blue One M,East,3000,1,0.9999992937240313,2999.997881172094,9
6804,Blue One M,Littoral,3000,0,0.4263914671359096,1279.1744014077287,4
6805,Blue One M,South,3000,0,0.42731847083140395,1281.955412494212,4
6806,Blue One M,North West,3000,1,0.9999991998276722,2999.9975994830165,9
6807,Blue One M,West,3000,0,0.41743559605607417,1252.3067881682225,4
6808,Blue One M,East,3000,1,0.3084785877505466,925.4357632516397,4
6809,Blue One M,Littoral,3000,0,0.3084786929529747,925.4360788589241,4
6810,Blue One M,Littoral,3000,1,0.4256239844061644,1276.8719532184932,4
6811,Blue One M,Littoral,3000,1,0.4115545854108821,1234.6637562326462,4
6812,Blue One M,North West,3000,1,0.44839455616042173,1345.1836684812652,4
6813,Blue One M,Littoral,3000,1,0.9999987414102081,2999.996224230624,8
6814,Blue One M,North West,3000,0,0.4893036365557936,1467.9109096673808,5
6815,Blue One M,South West,3000,0,0.2945654470927074,883.6963412781221,3
6816,Blue One M,North West,3000,1,0.4275419307632615,1282.6257922897846,4
6817,Blue One M,South,3000,1,0.9999992401865061,2999.9977205595183,9
6818,Blue One M,North West,3000,1,0.9999993431023858,2999.9980293071576,9
6819,Blue One M,Adamawa,3000,1,0.9999992648687921,2999.9977946063764,9
6820,Blue One M,Far North,3000,1,0.9999988370450774,2999.996511135232,8
6821,Blue One M,East,3000,1,0.5228900909138553,1568.670272741566,6
6822,Blue One M,Adamawa,3000,1,0.5297514361957038,1589.2543085871112,6
6823,Blue One M,North,3000,0,0.49415148807611875,1482.4544642283563,5
6824,Blue One M,Adamawa,3000,0,0.5451879318921089,1635.5637956763267,6
6825,Blue One M,South,3000,1,0.9999992033055082,2999.9976099165247,9
6826,Blue One M,North West,3000,1,0.4615809410561161,1384.7428231683482,5
6827,Blue One M,South West,3000,1,0.9999991621150293,2999.997486345088,9
6828,Blue One M,Centre,3000,1,0.9999992821481625,2999.9978464444875,9
6829,Blue One M,Littoral,3000,0,0.4009324490923577,1202.7973472770732,4
6830,Blue One M,South,3000,1,0.5038142569729023,1511.4427709187069,5
6831,Blue One M,Far North,3000,0,0.001766932450185446,5.300797350556338,2
6832,Blue One M,Centre,3000,1,0.5027970633979106,1508.391190193732,5
6833,Blue One M,North,3000,0,0.4925824322556058,1477.7472967668173,5
6834,Blue One M,South West,3000,0,0.0013286974723169646,3.986092416950894,1
6835,Blue One M,Far North,3000,1,0.9999990720801564,2999.9972162404692,9
6836,Blue One M,Adamawa,3000,1,0.4889909162784656,1466.9727488353967,5
6837,Blue One M,East,3000,1,0.45190383452553456,1355.7115035766037,4
6838,Blue One M,Centre,3000,1,0.4624930191714557,1387.479057514367,5
6839,Blue One M,East,3000,0,0.001892801634793329,5.6784049043799865,2
6840,Blue One M,North,3000,1,0.9999991723190524,2999.997516957157,9
6841,Blue One M,South West,3000,0,0.47236888895841345,1417.1066668752403,5
6842,Blue One M,North West,3000,0,0.0017921294734641615,5.376388420392485,2
6843,Blue One M,South,3000,0,0.0017475941850109008,5.2427825550327025,2
6844,Blue One M,Centre,3000,1,0.4827739813477759,1448.3219440433277,5
6845,Blue One M,Littoral,3000,0,0.001548832894250407,4.646498682751221,2
6846,Blue One M,West,3000,1,0.9999991345605992,2999.9974036817976,9
6847,Blue One M,South,3000,0,0.0015761177298470412,4.7283531895411235,2
6848,Blue One M,North,3000,1,0.999999227097328,2999.997681291984,9
6849,Blue One M,Far North,3000,0,0.0019105480339958573,5.731644101987572,2
6850,Blue One M,Centre,3000,1,0.46531804060397175,1395.9541218119152,5
6851,Blue One M,North West,3000,1,0.4674422924598778,1402.3268773796333,5
6852,Blue One M,South,3000,0,0.001621280450141157,4.863841350423471,2
6853,Blue One M,North West,3000,1,0.5193640807189321,1558.0922421567964,6
6854,Blue One M,Far North,3000,0,0.49083885887326334,1472.51657661979,5
6855,Blue One M,North,3000,1,0.9999991771305362,2999.997531391609,9
6856,Blue One M,North West,3000,1,0.9999992947933855,2999.9978843801564,9
6857,Blue One M,North,3000,0,0.46325890198407,1389.77670595221,5
6858,Blue One M,South,3000,0,0.4309398248935921,1292.8194746807762,4
6859,Blue One L,North West,5000,1,0.9999998458388948,4999.999229194474,10
6860,Blue One L,West,5000,1,0.9999998579139435,4999.999289569718,10
6861,Blue One M,West,3000,1,0.9999990305666032,2999.9970916998095,9
6862,Blue One L,South West,5000,1,0.5564250254768882,2782.125127384441,6
6863,Blue One M,West,3000,0,0.25917170630302344,777.5151189090703,3
6865,Blue One L,Far North,5000,1,0.9999997881941687,4999.998940970843,10
6866,Blue One L,Adamawa,5000,0,0.5137771439296133,2568.8857196480662,5
6867,Blue One L,South,5000,0,0.0016862307536837254,8.431153768418627,2
6870,Blue One M,Littoral,3000,0,0.3085636798909398,925.6910396728194,4
6871,Blue One L,West,5000,1,0.9999998374902677,4999.999187451338,10
6872,Blue One L,North,5000,0,0.5541116466446677,2770.5582332233384,6
6873,Blue One L,North,5000,1,0.9999997049150835,4999.998524575418,10
6874,Blue One L,East,5000,1,0.9999998848729369,4999.999424364684,10
6875,Blue One L,South,5000,1,0.6222710537159196,3111.355268579598,8
6876,Blue One L,East,5000,1,0.6291965932825729,3145.9829664128647,8
6877,Blue One L,Far North,5000,1,0.9999997901894077,4999.998950947038,10
6879,Blue One M,North,3000,1,0.9999990858458482,2999.9972575375446,9
6880,Blue One M,West,3000,0,0.27353311543515185,820.5993463054556,3
6881,Blue One L,South,5000,1,0.9999998523916829,4999.9992619584145,10
6882,Blue One M,Far North,3000,1,0.3289000470607812,986.7001411823436,4
6883,Blue One S,South West,2000,0,0.00017364294812742385,0.3472858962548477,1
6884,Blue One S,Littoral,2000,0,0.00018843465869546245,0.3768693173909249,1
6886,Blue One M,South,3000,1,0.9999991673020382,2999.9975019061144,9
6887,Blue One M,North West,3000,1,0.4429667725793019,1328.9003177379057,4
6888,Blue One M,South West,3000,0,0.0013188828372639955,3.9566485117919865,1
6889,Blue One M,South West,3000,1,0.45593434038244374,1367.8030211473313,4
6890,Blue One L,West,5000,0,0.0015018946221794598,7.509473110897299,2
6891,Blue One L,Centre,5000,1,0.9999998205130609,4999.999102565304,10
6892,Blue One M,Littoral,3000,0,0.5719224612991632,1715.7673838974897,7
6893,Blue One L,South,5000,0,0.0014634444004219065,7.317222002109532,2
6894,Blue One L,Far North,5000,1,0.999999877400286,4999.99938700143,10
6895,Blue One L,South West,5000,1,0.999999825341037,4999.9991267051855,10
6896,Blue One L,Littoral,5000,1,0.9999998464429674,4999.999232214836,10
6897,Blue One L,Centre,5000,1,0.5975620971336173,2987.8104856680866,7
6898,Blue One M,Centre,3000,1,0.9999989750145996,2999.9969250437985,9
6899,Blue One L,South,5000,0,0.5868673789148644,2934.336894574322,7
6900,Blue One L,West,5000,0,0.5396446301606735,2698.223150803368,6
6901,Blue One M,North,3000,1,0.999999158851495,2999.9974765544853,9
6902,Blue One M,North,3000,0,0.5571379236060984,1671.413770818295,6
6903,Blue One L,Far North,5000,1,0.9999998685018108,4999.999342509054,10
6904,Blue One L,South West,5000,1,0.9999997594833397,4999.998797416699,10
6905,Blue One L,Littoral,5000,1,0.5851944782251287,2925.9723911256438,7
6906,Blue One L,North West,5000,0,0.001788242041833957,8.941210209169785,2
6908,Blue One L,Adamawa,5000,1,0.9999998142624656,4999.999071312328,10
6909,Blue One L,Littoral,5000,1,0.9999998632615148,4999.999316307574,10
6910,Blue One L,North,5000,0,0.0009203939347168559,4.601969673584279,1
6911,Blue One L,West,5000,1,0.9999998228055765,4999.999114027883,10
6912,Blue One L,North West,5000,1,0.5769747347153696,2884.8736735768484,7
6913,Blue One M,South West,3000,0,0.003136556695516212,9.409670086548635,3
6914,Blue One M,Littoral,3000,0,0.49942954976723114,1498.2886493016933,5
6915,Blue One M,Littoral,3000,1,0.9999987622985387,2999.996286895616,8
6916,Blue One L,Centre,5000,1,0.5936863366116791,2968.4316830583957,7
6917,Blue One M,South,3000,0,0.5051227321518366,1515.3681964555096,5
6918,Blue One L,Far North,5000,0,0.0014483704806272616,7.241852403136308,2
6919,Blue One L,East,5000,0,0.0017976535933212298,8.988267966606148,2
6920,Blue One L,North,5000,1,0.999999779612818,4999.99889806409,10
6921,Blue One L,North,5000,1,0.9999997764725319,4999.99888236266,10
6922,Blue One L,North,5000,0,0.5599260632170788,2799.630316085394,6
6923,Blue One L,North West,5000,1,0.6001595156257934,3000.797578128967,8
6924,Blue One L,South West,5000,1,0.999999811793738,4999.9990589686895,10
6925,Blue One M,Far North,3000,0,0.0035786334521219518,10.735900356365855,3
6926,Blue One M,South West,3000,0,0.003088945033760968,9.266835101282904,3
6927,Blue One M,West,3000,0,0.41057079242579225,1231.7123772773768,4
6928,Blue One L,North,5000,1,0.9999998477848696,4999.999238924348,10
6929,Blue One M,Far North,3000,1,0.45376950935780025,1361.3085280734008,4
6930,Blue One L,Centre,5000,1,0.5259955325066632,2629.977662533316,6
6931,Blue One M,West,3000,1,0.9999988237060787,2999.996471118236,8
6932,Blue One M,Centre,3000,1,0.999999222451591,2999.997667354773,9
6933,Blue One M,West,3000,0,0.0031955452292076626,9.586635687622987,3
6934,Blue One L,Adamawa,5000,1,0.9999998394657392,4999.999197328696,10
6935,Blue One L,North,5000,1,0.9999997016628852,4999.998508314426,10
6936,Blue One L,East,5000,0,0.0017880338595422814,8.940169297711407,2
6937,Blue One L,North West,5000,1,0.9999997986049284,4999.998993024642,10
6938,Blue One L,Far North,5000,1,0.9999998717114371,4999.999358557186,10
6939,Blue One L,Centre,5000,1,0.5710305073627905,2855.1525368139523,7
6940,Blue One L,North,5000,1,0.5083869754938648,2541.934877469324,5
6941,Blue One L,Centre,5000,0,0.5890551136572998,2945.275568286499,7
6942,Blue One M,Centre,3000,1,0.5646120729305297,1693.836218791589,7
6943,Blue One L,South West,5000,1,0.5480523997123123,2740.2619985615615,6
6944,Blue One L,Adamawa,5000,1,0.5927833808249191,2963.9169041245955,7
6945,Blue One M,Centre,3000,0,0.5029469328386831,1508.8407985160493,5
6946,Blue One L,East,5000,1,0.9999998108121082,4999.999054060541,10
6947,Blue One L,West,5000,0,0.5514770507763987,2757.385253881994,6
6948,Blue One L,Adamawa,5000,1,0.6392362984772385,3196.1814923861925,8
6949,Blue One L,Adamawa,5000,1,0.9999998714781418,4999.9993573907095,10
6950,Blue One L,Littoral,5000,0,0.5809921004264403,2904.960502132202,7
6951,Blue One L,Centre,5000,0,0.5493434481496333,2746.7172407481667,6
6952,Blue One L,North,5000,1,0.5517257034401039,2758.628517200519,6
6953,Blue One L,North West,5000,1,0.5773398671060679,2886.6993355303393,7
6954,Blue One L,South West,5000,1,0.5502593743175987,2751.296871587994,6
6955,Blue One M,Adamawa,3000,1,0.9999992122883824,2999.9976368651473,9
6956,Blue One L,Littoral,5000,1,0.579187832288677,2895.939161443385,7
6957,Blue One L,Littoral,5000,0,0.5050223924361271,2525.1119621806356,5
6958,Blue One L,East,5000,1,0.9999997966858427,4999.998983429214,10
6959,Blue One L,Far North,5000,1,0.9999997937751842,4999.9989688759215,10
6960,Blue One L,Adamawa,5000,0,0.5897492998518106,2948.746499259053,7
6961,Blue One L,Adamawa,5000,0,0.001861765870413829,9.308829352069145,2
6962,Blue One L,North,5000,0,0.5760542578528278,2880.271289264139,7
6963,Blue One L,South,5000,1,0.578192620587094,2890.96310293547,7
6964,Blue One L,North,5000,1,0.9999997820152777,4999.998910076389,10
6965,Blue One L,Far North,5000,1,0.9999997422674665,4999.998711337333,10
6966,Blue One L,North,5000,0,0.503679695911176,2518.39847955588,5
6967,Blue One L,Far North,5000,1,0.5761757543547759,2880.878771773879,7
6972,Blue One L,Adamawa,5000,1,0.999999797718833,4999.998988594165,10
6973,Blue One M,East,3000,1,0.9999986899428807,2999.996069828642,8
6974,Blue One M,South West,3000,1,0.999998660989445,2999.995982968335,8
6975,Blue One M,North,3000,1,0.49846079477249217,1495.3823843174764,5
6976,Blue One M,Adamawa,3000,1,0.9999989355246048,2999.9968065738144,9
6977,Blue One M,North,3000,1,0.999998685573358,2999.996056720074,8
6978,Blue One M,South,3000,1,0.48417592113802943,1452.5277634140882,5
6979,Blue One L,West,5000,1,0.5929655648426001,2964.8278242130004,7
6980,Blue One M,Far North,3000,0,0.0017442325613287342,5.232697683986203,2
6981,Blue One L,East,5000,1,0.5810511226376792,2905.255613188396,7
6982,Blue One L,Far North,5000,1,0.9999998408867141,4999.99920443357,10
6983,Blue One L,West,5000,0,0.4973407044996931,2486.7035224984656,5
6984,Blue One L,East,5000,0,0.001518258685333463,7.591293426667314,2
6985,Blue One L,South West,5000,0,0.5397906676579417,2698.9533382897084,6
6986,Blue One L,Far North,5000,0,0.001377158376975311,6.885791884876555,1
6987,Blue One L,West,5000,1,0.6116205416275529,3058.1027081377642,8
6988,Blue One L,East,5000,1,0.9999998174596592,4999.999087298296,10
6989,Blue One L,East,5000,1,0.9999998768607624,4999.999384303812,10
6990,Blue One L,South West,5000,1,0.9999998461536758,4999.999230768379,10
6991,Blue One M,East,3000,1,0.6095191382136274,1828.5574146408821,8
6992,Blue One L,West,5000,1,0.9999998381851702,4999.9991909258515,10
6993,Blue One L,West,5000,1,0.5925808505519407,2962.9042527597035,7
6994,Blue One M,South West,3000,1,0.9999987626659117,2999.996287997735,8
6995,Blue One L,Far North,5000,1,0.9999998809932116,4999.999404966058,10
6996,Blue One L,South,5000,0,0.0009747044305177935,4.873522152588968,1
6997,Blue One M,Adamawa,3000,0,0.27426101408143383,822.7830422443014,3
6998,Blue One M,South West,3000,0,0.40134171235794347,1204.0251370738304,4
7000,Blue One L,East,5000,0,0.5758026856952477,2879.0134284762385,7
7001,Blue One M,Littoral,3000,0,0.0030468536095371516,9.140560828611456,3
7002,Blue One M,West,3000,0,0.003275232109377161,9.825696328131482,3
7003,Blue One L,West,5000,0,0.4902677130243235,2451.338565121617,5
7004,Blue One L,Far North,5000,0,0.0013020644104591557,6.510322052295779,1
7005,Blue One L,North West,5000,1,0.9999998401611645,4999.9992008058225,10
7006,Blue One L,West,5000,0,0.5442326919462938,2721.1634597314687,6
7007,Blue One M,South West,3000,1,0.9999989985523913,2999.996995657174,9
7008,Blue One M,West,3000,1,0.9999987492178996,2999.9962476536984,8
7009,Blue One M,Centre,3000,0,0.0026307370439980857,7.892211131994257,2
7010,Blue One M,East,3000,1,0.9999993471368921,2999.9980414106763,9
7011,Blue One M,Centre,3000,1,0.4890462471163237,1467.138741348971,5
7012,Blue One M,North West,3000,0,0.5509397534749599,1652.8192604248798,6
7013,Blue One M,Littoral,3000,0,0.4693370711162295,1408.0112133486887,5
7014,Blue One M,South West,3000,1,0.9999990890738388,2999.9972672215163,9
7015,Blue One M,Adamawa,3000,1,0.9999991813147951,2999.9975439443856,9
7016,Blue One M,Far North,3000,0,0.0019037224361779586,5.711167308533875,2
7017,Blue One M,North West,3000,0,0.001834053569054589,5.5021607071637675,2
7018,Blue One M,South,3000,0,0.0015835823736654539,4.750747120996362,2
7019,Blue One M,Adamawa,3000,1,0.9999990901873224,2999.997270561967,9
7020,Blue One M,South,3000,1,0.5613479862848026,1684.043958854408,6
7021,Blue One M,South,3000,1,0.9999985293478527,2999.995588043558,8
7022,Blue One M,Littoral,3000,1,0.5705064341512367,1711.51930245371,7
7023,Blue One M,Centre,3000,0,0.554544580868911,1663.633742606733,6
7024,Blue One M,South,3000,1,0.9999987128460056,2999.996138538017,8
7025,Blue One M,North,3000,0,0.002478673868506434,7.4360216055193025,2
7026,Blue One M,West,3000,1,0.9999990806397748,2999.9972419193246,9
7028,Blue One M,Adamawa,3000,1,0.9999988195681412,2999.9964587044237,8
7029,Blue One M,Adamawa,3000,1,0.9999993244144446,2999.997973243334,9
7030,Blue One M,East,3000,1,0.2917035956055007,875.110786816502,3
7031,Blue One M,Far North,3000,1,0.4869174869742789,1460.7524609228367,5
7032,Blue One M,Centre,3000,1,0.9999994365091467,2999.99830952744,10
7034,Blue One M,North,3000,1,0.9999992001876068,2999.9976005628205,9
7035,Blue One M,South West,3000,1,0.42372774019888376,1271.1832205966514,4
7036,Blue One L,North,5000,1,0.9999998200368354,4999.999100184177,10
7038,Blue One M,Littoral,3000,0,0.002460975849979072,7.382927549937216,2
7039,Blue One M,North West,3000,0,0.003014672186933142,9.044016560799426,3
7040,Blue One M,South West,3000,0,0.0025215429078179336,7.564628723453801,2
7041,Blue One M,South West,3000,0,0.5424528832209656,1627.3586496628968,6
7042,Blue One M,North West,3000,1,0.5355579205244145,1606.6737615732436,6
7043,Blue One M,Centre,3000,1,0.9999988147613402,2999.9964442840205,8
7044,Blue One M,Adamawa,3000,0,0.550654255140403,1651.962765421209,6
7045,Blue One M,West,3000,1,0.9999988306011695,2999.9964918035084,8
7046,Blue One M,Far North,3000,1,0.5317794723195417,1595.3384169586252,6
7047,Blue One M,South,3000,0,0.30125330583222626,903.7599174966788,3
7048,Blue One M,Littoral,3000,1,0.5689437024922636,1706.8311074767907,7
7049,Blue One M,Far North,3000,0,0.5784031452245609,1735.2094356736827,7
7050,Blue One L,Littoral,5000,0,0.5476047296274529,2738.0236481372644,6
7051,Blue One M,North,3000,1,0.9999989986004649,2999.996995801395,9
7052,Blue One M,Littoral,3000,0,0.4267813089344652,1280.3439268033956,4
7053,Blue One M,Adamawa,3000,0,0.003059064603253897,9.177193809761691,3
7054,Blue One M,Littoral,3000,1,0.9999989174173587,2999.996752252076,8
7055,Blue One M,Littoral,3000,0,0.5446003404043834,1633.8010212131503,6
7056,Blue One M,Centre,3000,1,0.9999990414179153,2999.997124253746,9
7057,Blue One M,Adamawa,3000,1,0.9999990653529722,2999.997196058917,9
7058,Blue One M,South,3000,0,0.0004252540758724448,1.2757622276173344,1
7059,Blue One M,Far North,3000,0,0.0005307056380636279,1.5921169141908837,1
7061,Blue One M,West,3000,0,0.0015992827380548048,4.797848214164414,2
7062,Blue One M,East,3000,1,0.544388201028592,1633.164603085776,6
7063,Blue One M,Centre,3000,1,0.5806001347631561,1741.8004042894684,7
7064,Blue One M,Adamawa,3000,0,0.6024804220523463,1807.4412661570389,8
7065,Blue One M,Adamawa,3000,0,0.0015004913168608172,4.501473950582452,2
7066,Blue One M,South,3000,0,0.0012732544081892542,3.8197632245677626,1
7067,Blue One M,North West,3000,0,0.4419096624137338,1325.7289872412014,4
7068,Blue One M,East,3000,1,0.590649919392147,1771.9497581764408,7
7069,Blue One M,West,3000,1,0.4764093711008268,1429.2281133024806,5
7070,Blue One M,Centre,3000,1,0.4087269845649088,1226.1809536947264,4
7071,Blue One M,West,3000,1,0.26280384828071807,788.4115448421542,3
7072,Blue One M,South West,3000,0,0.0003796984958249581,1.1390954874748744,1
7073,Blue One M,North,3000,1,0.9999988999222746,2999.996699766824,8
7074,Blue One L,Centre,5000,0,0.0012458816964714772,6.229408482357386,1
7075,Blue One L,North,5000,0,0.0011773431971764206,5.886715985882103,1
7076,Blue One L,North West,5000,1,0.5825949356998531,2912.9746784992653,7
7077,Blue One L,Centre,5000,1,0.9999997820279538,4999.998910139769,10
7078,Blue One L,Far North,5000,1,0.9999997875283367,4999.998937641683,10
7079,Blue One L,North,5000,0,0.568738438590439,2843.692192952195,7
7080,Blue One L,Littoral,5000,1,0.5696886344610216,2848.443172305108,7
7081,Blue One L,Centre,5000,0,0.0016501347362375526,8.250673681187763,2
7082,Blue One L,East,5000,1,0.607608572629942,3038.04286314971,8
7083,Blue One L,Adamawa,5000,1,0.624211599677233,3121.0579983861653,8
7084,Blue One L,Far North,5000,1,0.6200587111988181,3100.29355599409,8
7085,Blue One L,Far North,5000,1,0.9999998699416288,4999.999349708144,10
7086,Blue One L,Littoral,5000,0,0.0014387495663378393,7.193747831689197,2
7087,Blue One L,South,5000,0,0.6063613585081904,3031.806792540952,8
7088,Blue One L,South West,5000,0,0.6008683262005697,3004.3416310028488,8
7089,Blue One L,North,5000,1,0.9999998206007943,4999.999103003972,10
7090,Blue One L,North,5000,0,0.5381438081647084,2690.719040823542,6
7091,Blue One L,West,5000,1,0.9999998261027938,4999.999130513969,10
7092,Blue One L,Littoral,5000,0,0.5839603371770182,2919.801685885091,7
7093,Blue One L,Adamawa,5000,0,0.0018442601322361187,9.221300661180594,2
7094,Blue One L,East,5000,0,0.001918794064163854,9.59397032081927,2
7095,Blue One L,East,5000,0,0.6175867706870348,3087.933853435174,8
7096,Blue One M,Littoral,3000,1,0.999999362601863,2999.998087805589,9
7097,Blue One L,Centre,5000,0,0.0016372185926675923,8.18609296333796,2
7098,Blue One L,Adamawa,5000,1,0.605447661439726,3027.2383071986296,8
7099,Blue One L,North West,5000,1,0.9999997976495895,4999.998988247948,10
7100,Blue One M,Far North,3000,1,0.578123525680042,1734.370577040126,7
7101,Blue One L,South,5000,1,0.589256674410318,2946.28337205159,7
7102,Blue One L,South,5000,1,0.9999997842610039,4999.998921305019,10
7103,Blue One L,South,5000,1,0.9999998505195361,4999.99925259768,10
7104,Blue One L,West,5000,1,0.9999997710601352,4999.998855300676,10
7105,Blue One M,Littoral,3000,0,0.5320129774488066,1596.0389323464199,6
7106,Blue One L,North West,5000,1,0.9999998084255978,4999.999042127989,10
7108,Blue One L,Centre,5000,0,0.5668886746199219,2834.4433730996093,7
7109,Blue One L,South West,5000,1,0.5568063087560903,2784.0315437804516,6
7110,Blue One L,Far North,5000,0,0.5864844419410793,2932.4222097053967,7
7111,Blue One L,Adamawa,5000,1,0.9999998099833444,4999.999049916722,10
7112,Blue One L,Far North,5000,0,0.0013812341930048105,6.906170965024053,1
7113,Blue One L,Far North,5000,1,0.9999997937751842,4999.9989688759215,10
7114,Blue One L,North West,5000,1,0.9999998014342816,4999.999007171408,10
7115,Blue One L,East,5000,1,0.9999998828597125,4999.999414298562,10
7116,Blue One L,Adamawa,5000,1,0.596853687018416,2984.26843509208,7
7117,Blue One L,East,5000,1,0.9999998099239481,4999.999049619741,10
7118,Blue One L,Centre,5000,1,0.531085281141204,2655.42640570602,6
7119,Blue One L,South West,5000,1,0.9999997809707297,4999.998904853649,10
7120,Blue One L,South West,5000,0,0.0016274149746101569,8.137074873050784,2
7121,Blue One L,South,5000,0,0.0017148180498489111,8.574090249244556,2
7122,Blue One L,North West,5000,1,0.6015577517042423,3007.7887585212115,8
7123,Blue One L,East,5000,1,0.9999997628163418,4999.9988140817095,10
7124,Blue One L,Centre,5000,1,0.9999997679590787,4999.998839795394,10
7125,Blue One L,North,5000,1,0.9999997623177611,4999.998811588805,10
7126,Blue One L,Centre,5000,0,0.0016839955869160047,8.419977934580023,2
7127,Blue One L,West,5000,0,0.5885976783378463,2942.9883916892313,7
7128,Blue One L,Adamawa,5000,1,0.6228430190215934,3114.215095107967,8
7129,Blue One L,North West,5000,1,0.5963760228503483,2981.8801142517414,7
7130,Blue One L,North West,5000,1,0.9999997654178181,4999.998827089091,10
7131,Blue One L,North,5000,0,0.5525601719176617,2762.8008595883084,6
7132,Blue One L,East,5000,0,0.5959153135716356,2979.5765678581784,7
7133,Blue One L,Littoral,5000,1,0.6136963559919928,3068.481779959964,8
7134,Blue One L,South,5000,1,0.5854412766193128,2927.206383096564,7
7136,Blue One L,East,5000,1,0.5649793064303358,2824.896532151679,7
7137,Blue One L,Centre,5000,0,0.5680382594689819,2840.1912973449093,7
7138,Blue One L,Littoral,5000,0,0.6136963559919928,3068.481779959964,8
7139,Blue One L,Adamawa,5000,1,0.5707605514825583,2853.802757412792,7
7140,Blue One L,West,5000,0,0.5584183185142639,2792.09159257132,6
7141,Blue One L,North,5000,1,0.9999998596813461,4999.99929840673,10
7142,Blue One L,North,5000,0,0.0016224801191112234,8.112400595556117,2
7143,Blue One L,Littoral,5000,0,0.5739093104054223,2869.5465520271114,7
7144,Blue One L,West,5000,0,0.5863157028987291,2931.578514493646,7
7145,Blue One L,South West,5000,1,0.5526467939444143,2763.2339697220714,6
7146,Blue One M,East,3000,0,0.5353049636342299,1605.9148909026896,6
7147,Blue One L,West,5000,0,0.5665140174795821,2832.5700873979104,7
7148,Blue One L,South West,5000,0,0.001571696525939843,7.858482629699215,2
7149,Blue One L,Far North,5000,0,0.6375853210422895,3187.9266052114476,8
7150,Blue One L,Centre,5000,1,0.5165909747524208,2582.954873762104,5
7151,Blue One L,East,5000,1,0.9999997979778275,4999.998989889137,10
7152,Blue One L,Adamawa,5000,0,0.6261607901802937,3130.8039509014684,8
7153,Blue One L,Littoral,5000,1,0.5634684814835125,2817.3424074175623,7
7154,Blue One L,North West,5000,1,0.999999812597856,4999.99906298928,10
7155,Blue One L,Centre,5000,1,0.5672799336460053,2836.3996682300262,7
7156,Blue One L,West,5000,0,0.5904059871938008,2952.029935969004,7
7157,Blue One L,Adamawa,5000,0,0.0018384913146504956,9.192456573252478,2
7158,Blue One L,North West,5000,1,0.999999799555757,4999.998997778785,10
7159,Blue One L,West,5000,0,0.5645026828749106,2822.5134143745527,7
7160,Blue One L,Far North,5000,1,0.9999997943495601,4999.9989717478,10
7161,Blue One L,Littoral,5000,1,0.5708483648793621,2854.2418243968104,7
7162,Blue One L,East,5000,1,0.6314720962848533,3157.3604814242667,8
7163,Blue One L,West,5000,1,0.6026796308290822,3013.398154145411,8
7164,Blue One L,North West,5000,1,0.9999998843750955,4999.999421875477,10
7165,Blue One L,South,5000,0,0.6160800899187696,3080.400449593848,8
7166,Blue One L,Littoral,5000,1,0.9999997730930441,4999.998865465221,10
7167,Blue One L,Centre,5000,1,0.5688082315267571,2844.0411576337856,7
7168,Blue One L,Centre,5000,1,0.5734328893887977,2867.1644469439884,7
7169,Blue One L,South West,5000,1,0.5580600396780784,2790.300198390392,6
7170,Blue One L,North,5000,1,0.9999997612854062,4999.998806427031,10
7171,Blue One L,West,5000,1,0.9999998720244554,4999.999360122277,10
7172,Blue One L,South,5000,1,0.5850662702400665,2925.3313512003324,7
7173,Blue One L,Adamawa,5000,0,0.0017183901965482993,8.591950982741496,2
7174,Blue One L,South,5000,1,0.9999997815247419,4999.99890762371,10
7175,Blue One L,North,5000,1,0.9999997616655485,4999.998808327742,10
7176,Blue One L,Adamawa,5000,1,0.6424926358711018,3212.463179355509,8
7177,Blue One L,Adamawa,5000,1,0.999999794529352,4999.99897264676,10
7178,Blue One L,North West,5000,1,0.999999813408303,4999.999067041515,10
7179,Blue One L,North West,5000,1,0.9999997646803863,4999.998823401932,10
7180,Blue One L,Littoral,5000,0,0.0014769689884026407,7.384844942013204,2
7181,Blue One L,Centre,5000,1,0.9999997826138391,4999.998913069196,10
7182,Blue One L,Adamawa,5000,0,0.001879345948872338,9.396729744361691,2
7183,Blue One L,Far North,5000,1,0.9999998059982133,4999.999029991066,10
7184,Blue One L,Centre,5000,1,0.999999731400167,4999.998657000835,10
7185,Blue One L,Adamawa,5000,1,0.9999998063710449,4999.9990318552245,10
7186,Blue One L,South,5000,1,0.5804754638673546,2902.377319336773,7
7187,Blue One L,Far North,5000,0,0.0017148429077883914,8.574214538941957,2
7188,Blue One L,South West,5000,0,0.6066010788588183,3033.0053942940917,8
7189,Blue One L,North,5000,1,0.5913989412200302,2956.9947061001512,7
7190,Blue One L,South West,5000,0,0.49944558957480145,2497.2279478740074,5
7191,Blue One L,Adamawa,5000,0,0.0017029903213561775,8.514951606780887,2
7192,Blue One M,East,3000,1,0.9999989533899993,2999.996860169998,9
7193,Blue One L,Far North,5000,1,0.9999998800645085,4999.999400322542,10
7194,Blue One L,Littoral,5000,1,0.9999998548919717,4999.9992744598585,10
7195,Blue One L,North West,5000,0,0.5933621177861969,2966.810588930984,7
7196,Blue One L,North West,5000,1,0.9999998438836377,4999.999219418189,10
7197,Blue One L,North West,5000,1,0.6441176146289274,3220.588073144637,8
7198,Blue One L,North,5000,0,0.5963253722834161,2981.6268614170804,7
7199,Blue One L,Centre,5000,0,0.0011960708483374776,5.980354241687388,1
7200,Blue One L,East,5000,0,0.0017298290026207476,8.649145013103738,2
7201,Blue One L,East,5000,1,0.9999998758877019,4999.999379438509,10
7202,Blue One L,West,5000,1,0.6023933600590146,3011.966800295073,8
7203,Blue One M,Centre,3000,1,0.9999992054571116,2999.997616371335,9
7204,Blue One M,Adamawa,3000,0,0.3154604095677058,946.3812287031175,4
7205,Blue One L,South West,5000,1,0.9999997610000734,4999.998805000367,10
7206,Blue One M,South,3000,0,0.5554270314492932,1666.2810943478796,6
7207,Blue One L,Adamawa,5000,1,0.9999997951732447,4999.998975866223,10
7208,Blue One L,Centre,5000,1,0.5675493910111598,2837.746955055799,7
7209,Blue One L,South,5000,1,0.9999997648371639,4999.998824185819,10
7210,Blue One M,Far North,3000,1,0.9999992850037561,2999.9978550112683,9
7211,Blue One L,South,5000,1,0.5823910298588066,2911.955149294033,7
7212,Blue One L,North,5000,1,0.58836170810159,2941.80854050795,7
7214,Blue One L,North West,5000,1,0.5781055734609454,2890.527867304727,7
7215,Blue One L,Far North,5000,0,0.0016535836897034152,8.267918448517076,2
7216,Blue One L,Adamawa,5000,0,0.621003733672503,3105.018668362515,8
7217,Blue One L,Adamawa,5000,1,0.5885348968669082,2942.674484334541,7
7218,Blue One L,South West,5000,1,0.5560717383067976,2780.358691533988,6
7219,Blue One L,South West,5000,1,0.9999998478381914,4999.999239190957,10
7220,Blue One M,South,3000,1,0.9999987427610618,2999.9962282831852,8
7221,Blue One L,East,5000,0,0.001690365632622642,8.45182816311321,2
7222,Blue One L,Adamawa,5000,1,0.9999998786554464,4999.999393277232,10
7223,Blue One L,South,5000,0,0.0015880298243091304,7.940149121545652,2
7224,Blue One L,South West,5000,0,0.5903396186535902,2951.6980932679508,7
7225,Blue One L,South West,5000,0,0.5534883775853885,2767.4418879269424,6
7226,Blue One L,North,5000,0,0.0015959581747467656,7.979790873733828,2
7227,Blue One L,East,5000,1,0.9999998752989621,4999.99937649481,10
7228,Blue One L,North West,5000,0,0.0017353749872647225,8.676874936323612,2
7229,Blue One L,North,5000,1,0.5910137675077782,2955.0688375388913,7
7230,Blue One L,Littoral,5000,0,0.001465477665198941,7.327388325994705,2
7231,Blue One L,Adamawa,5000,0,0.621003733672503,3105.018668362515,8
7232,Blue One L,South,5000,1,0.5412491237104982,2706.2456185524907,6
7233,Blue One L,East,5000,0,0.00121900227763405,6.095011388170249,1
7234,Blue One L,Littoral,5000,1,0.6025723752406763,3012.8618762033816,8
7235,Blue One L,South West,5000,0,0.001429208215971177,7.146041079855886,2
7236,Blue One L,West,5000,1,0.9999998556595102,4999.999278297551,10
7237,Blue One L,Far North,5000,0,0.0016303907424474726,8.151953712237363,2
7238,Blue One L,North,5000,1,0.9999998520244796,4999.9992601223985,10
7239,Blue One L,Centre,5000,1,0.9999998563764319,4999.999281882159,10
7240,Blue One L,Centre,5000,1,0.5971787759722154,2985.8938798610766,7
7241,Blue One L,South West,5000,1,0.5870102477664688,2935.051238832344,7
7242,Blue One L,South West,5000,1,0.9999998187505048,4999.9990937525245,10
7243,Blue One L,South West,5000,1,0.6035057842562221,3017.528921281111,8
7244,Blue One L,Centre,5000,0,0.0016016970685412797,8.008485342706399,2
7245,Blue One L,Centre,5000,0,0.5975738286798605,2987.8691433993026,7
7246,Blue One L,North,5000,0,0.001433262937558893,7.166314687794465,2
7247,Blue One L,West,5000,0,0.0015988342963595393,7.9941714817976965,2
7248,Blue One L,West,5000,0,0.6023096253374016,3011.5481266870083,8
7249,Blue One L,West,5000,0,0.0012021024869798614,6.010512434899307,1
7251,Blue One L,East,5000,0,0.5381948469969673,2690.9742349848366,6
7252,Blue One L,Adamawa,5000,0,0.5729191716597223,2864.5958582986113,7
7253,Blue One L,Far North,5000,1,0.614114171883347,3070.5708594167354,8
7254,Blue One L,South,5000,0,0.0014849288613320594,7.424644306660297,2
7255,Blue One L,West,5000,0,0.6109578155725616,3054.789077862808,8
7257,Blue One M,South West,3000,0,0.5657792397900034,1697.3377193700103,7
7258,Blue One L,Littoral,5000,0,0.6003035735419749,3001.5178677098747,8
7259,Blue One L,Centre,5000,1,0.9999998551908872,4999.999275954436,10
7261,Blue One L,North West,5000,0,0.5740421968517857,2870.2109842589284,7
7262,Blue One L,North,5000,1,0.5857893331686929,2928.9466658434644,7
7263,Blue One L,Adamawa,5000,0,0.0017916139392145946,8.958069696072974,2
7264,Blue One L,South,5000,1,0.5920836335059144,2960.418167529572,7
7265,Blue One L,North West,5000,1,0.6465574675957634,3232.787337978817,8
7266,Blue One L,West,5000,0,0.0014832567481227004,7.416283740613502,2
7267,Blue One L,Far North,5000,1,0.5924073098572319,2962.0365492861592,7
7268,Blue One L,Littoral,5000,1,0.9999998606065371,4999.999303032686,10
7269,Blue One L,South,5000,1,0.9999998655787851,4999.9993278939255,10
7270,Blue One L,Centre,5000,1,0.9999998226460814,4999.999113230408,10
7271,Blue One M,Centre,3000,0,0.5119744412800511,1535.9233238401532,5
7272,Blue One L,North West,5000,1,0.6436720241260062,3218.360120630031,8
7273,Blue One L,North West,5000,0,0.0018071082638388824,9.035541319194412,2
7274,Blue One L,North West,5000,0,0.5818433527277234,2909.2167636386166,7
7275,Blue One L,South West,5000,0,0.531984587439817,2659.922937199085,6
7276,Blue One L,Littoral,5000,0,0.5867292595902339,2933.64629795117,7
7277,Blue One L,Adamawa,5000,1,0.9999998704109329,4999.999352054664,10
7278,Blue One L,East,5000,1,0.6372548279235318,3186.2741396176593,8
7279,Blue One L,North West,5000,0,0.6263604650865815,3131.8023254329073,8
7280,Blue One L,East,5000,1,0.6226645436590861,3113.3227182954306,8
7281,Blue One L,North West,5000,1,0.99999987138292,4999.9993569146,10
7282,Blue One L,Littoral,5000,1,0.5583798113089143,2791.8990565445715,6
7283,Blue One L,North West,5000,1,0.6394330110818404,3197.1650554092016,8
7284,Blue One L,East,5000,0,0.6394286154570206,3197.1430772851027,8
7285,Blue One L,Littoral,5000,1,0.9999998597287659,4999.999298643829,10
7286,Blue One L,North West,5000,0,0.0018156649113857234,9.078324556928617,2
7287,Blue One L,Centre,5000,1,0.999999856097055,4999.9992804852745,10
7288,Blue One L,South West,5000,1,0.9999998475954938,4999.9992379774685,10
7289,Blue One L,North,5000,1,0.6001385828418679,3000.6929142093395,8
7290,Blue One L,East,5000,0,0.5974650555422264,2987.325277711132,7
7291,Blue One M,South West,3000,1,0.9999990110948684,2999.997033284605,9
7292,Blue One L,South West,5000,0,0.0011833931427954792,5.916965713977397,1
7293,Blue One M,North West,3000,1,0.5926288626147704,1777.8865878443114,7
7294,Blue One L,South West,5000,1,0.9999998161678896,4999.999080839448,10
7295,Blue One L,North West,5000,0,0.0014222913270854436,7.111456635427218,2
7296,Blue One L,South West,5000,1,0.5390108737048015,2695.0543685240073,6
7297,Blue One M,Littoral,3000,1,0.9999989076108926,2999.9967228326777,8
7298,Blue One L,South,5000,1,0.6078703017077296,3039.351508538648,8
7299,Blue One M,Centre,3000,0,0.003117320211031043,9.35196063309313,3
7300,Blue One L,North West,5000,0,0.6000072990061226,3000.036495030613,8
7301,Blue One L,East,5000,0,0.5723432326289218,2861.7161631446093,7
7302,Blue One L,North,5000,0,0.0014304146612283404,7.152073306141702,2
7303,Blue One L,Centre,5000,1,0.9999998531931691,4999.999265965846,10
7304,Blue One L,East,5000,0,0.5233758910964699,2616.8794554823494,6
7305,Blue One L,Far North,5000,0,0.001366442551724774,6.83221275862387,1
7306,Blue One L,West,5000,0,0.4926210193748817,2463.1050968744084,5
7307,Blue One L,West,5000,1,0.9999997841259103,4999.998920629551,10
7308,Blue One L,Littoral,5000,0,0.5592638595665949,2796.3192978329744,6
7309,Blue One L,East,5000,1,0.9999998551830779,4999.999275915389,10
7310,Blue One L,Littoral,5000,0,0.5010402495057196,2505.201247528598,5
7311,Blue One L,South West,5000,1,0.5319724413835941,2659.8622069179705,6
7312,Blue One L,West,5000,1,0.9999998200657854,4999.999100328927,10
7313,Blue One M,South,3000,1,0.9999989416316394,2999.996824894918,9
7314,Blue One M,Far North,3000,1,0.5898630197665743,1769.589059299723,7
7315,Blue One M,South,3000,1,0.9999990135480793,2999.997040644238,9
7316,Blue One M,Centre,3000,1,0.577916872918758,1733.7506187562742,7
7317,Blue One L,Far North,5000,1,0.9999998486603547,4999.999243301773,10
7318,Blue One L,South,5000,1,0.5680869500425576,2840.434750212788,7
7319,Blue One L,North West,5000,0,0.0014759177195628021,7.379588597814011,2
7320,Blue One M,West,3000,0,0.564441458286636,1693.3243748599082,7
7321,Blue One L,West,5000,1,0.4910521057016337,2455.2605285081686,5
7322,Blue One M,Adamawa,3000,0,0.0028304841234855693,8.491452370456708,3
7323,Blue One L,South,5000,1,0.5403086844070109,2701.5434220350544,6
7324,Blue One L,North West,5000,0,0.0013778907445148396,6.889453722574198,1
7325,Blue One L,Littoral,5000,0,0.0011758101488122457,5.879050744061229,1
7326,Blue One L,South,5000,0,0.5503385036540601,2751.6925182703008,6
7327,Blue One L,North West,5000,0,0.5993494523258306,2996.747261629153,8
7328,Blue One L,Littoral,5000,0,0.5386986448371005,2693.4932241855026,6
7329,Blue One L,Adamawa,5000,1,0.5122088716536032,2561.044358268016,5
7330,Blue One M,South,3000,1,0.9999989641680176,2999.996892504053,9
7331,Blue One L,Adamawa,5000,1,0.9999998119158938,4999.999059579469,10
7332,Blue One M,South West,3000,0,0.5703022736859806,1710.906821057942,7
7333,Blue One L,South West,5000,0,0.49349588130234745,2467.479406511737,5
7334,Blue One L,North,5000,1,0.5318973533581662,2659.486766790831,6
7335,Blue One M,South,3000,0,0.003382511611801355,10.147534835404066,3
7336,Blue One L,North West,5000,1,0.999999854448023,4999.999272240115,10
7337,Blue One L,Far North,5000,0,0.0014146183020561523,7.073091510280761,1
7338,Blue One M,West,3000,1,0.9999989601529783,2999.996880458935,9
7339,Blue One L,North,5000,0,0.5404953667411616,2702.476833705808,6
7340,Blue One L,North West,5000,1,0.9999998576110226,4999.999288055113,10
7341,Blue One L,North West,5000,0,0.0014940147115466154,7.470073557733077,2
7342,Blue One L,Far North,5000,0,0.5845169680935491,2922.584840467746,7
7343,Blue One L,South West,5000,0,0.5545216006691778,2772.608003345889,6
7344,Blue One L,West,5000,0,0.0013190865297225875,6.595432648612937,1
7345,Blue One L,Centre,5000,1,0.999999825963248,4999.99912981624,10
7346,Blue One M,Centre,3000,0,0.003317450921677592,9.952352765032776,3
7347,Blue One L,East,5000,1,0.5818387141567515,2909.1935707837574,7
7348,Blue One M,Adamawa,3000,1,0.9999991257758194,2999.9973773274583,9
7349,Blue One M,South,3000,1,0.5717034487893962,1715.1103463681884,7
7350,Blue One M,West,3000,0,0.5128336311899553,1538.5008935698659,5
7351,Blue One M,Littoral,3000,0,0.4055717419305982,1216.7152257917946,4
7352,Blue One M,Centre,3000,0,0.003195062657024663,9.585187971073989,3
7353,Blue One M,South,3000,1,0.5512650041323757,1653.795012397127,6
7354,Blue One L,Littoral,5000,0,0.5316838815065972,2658.419407532986,6
7355,Blue One M,South West,3000,1,0.9999986491318772,2999.9959473956314,8
7356,Blue One M,Far North,3000,0,0.0005376470963085732,1.6129412889257198,1
7357,Blue One L,North,5000,1,0.5345263387765937,2672.6316938829686,6
7358,Blue One L,West,5000,1,0.5473450256985669,2736.7251284928348,6
7359,Blue One L,North West,5000,0,0.0013736456337337824,6.868228168668912,1
7360,Blue One M,West,3000,0,0.5843566548196661,1753.0699644589984,7
7361,Blue One M,Far North,3000,1,0.999999133211075,2999.997399633225,9
7362,Blue One M,West,3000,1,0.9999989731763826,2999.996919529148,9
7363,Blue One M,Far North,3000,0,0.5902367271993989,1770.7101815981966,7
7364,Blue One L,Centre,5000,1,0.9999998229285096,4999.999114642548,10
7365,Blue One M,South,3000,0,0.0034423224021421206,10.326967206426362,3
7366,Blue One M,South,3000,1,0.9999990466446979,2999.9971399340934,9
7367,Blue One L,Littoral,5000,0,0.0011630641160727342,5.815320580363671,1
7368,Blue One M,North West,3000,0,0.5974664827983013,1792.3994483949039,7
7369,Blue One L,North West,5000,1,0.9999998411613834,4999.999205806917,10
7370,Blue One L,Centre,5000,0,0.5625933989328519,2812.9669946642593,7
7371,Blue One L,West,5000,0,0.0012065359424181087,6.032679712090544,1
7372,Blue One M,Adamawa,3000,0,0.0035425025208580133,10.62750756257404,3
7373,Blue One M,Far North,3000,1,0.999999069973187,2999.997209919561,9
7374,Blue One M,Far North,3000,1,0.5811825270652108,1743.5475811956323,7
7375,Blue One M,Centre,3000,1,0.9999989847196195,2999.9969541588584,9
7376,Blue One L,South,5000,0,0.001280330632575433,6.401653162877166,1
7377,Blue One L,Far North,5000,0,0.5853026942313223,2926.5134711566116,7
7378,Blue One L,West,5000,0,0.5451219896475311,2725.6099482376558,6
7379,Blue One L,Adamawa,5000,0,0.567155689822559,2835.778449112795,7
7380,Blue One L,South,5000,0,0.5612531236769809,2806.2656183849044,6
7381,Blue One L,South,5000,0,0.5418916395906609,2709.4581979533045,6
7382,Blue One M,Far North,3000,0,0.0038189603711308137,11.456881113392441,3
7383,Blue One L,South West,5000,0,0.49192333464180343,2459.6166732090173,5
7384,Blue One M,Littoral,3000,1,0.5739577565433946,1721.873269630184,7
7385,Blue One M,Centre,3000,0,0.5560947025551575,1668.2841076654724,6
7386,Blue One M,South West,3000,0,0.5511312944807442,1653.3938834422324,6
7387,Blue One M,North West,3000,0,0.5594776801478076,1678.433040443423,6
7388,Blue One M,East,3000,1,0.9999991591681603,2999.9974775044807,9
7389,Blue One L,West,5000,0,0.0011808173297824236,5.904086648912118,1
7390,Blue One M,Littoral,3000,0,0.5526565345066154,1657.9696035198463,6
7391,Blue One M,South West,3000,0,0.5722300595814415,1716.6901787443244,7
7392,Blue One L,North West,5000,1,0.9999998424143917,4999.999212071958,10
7393,Blue One M,South West,3000,1,0.9999986441388125,2999.9959324164374,8
7394,Blue One M,South,3000,0,0.5585369605437538,1675.6108816312615,6
7395,Blue One M,South,3000,0,0.002765142559526904,8.295427678580712,3
7396,Blue One M,Far North,3000,1,0.6019962460607224,1805.9887381821673,8
7397,Blue One M,South West,3000,0,0.002710387796811482,8.131163390434446,3
7398,Blue One M,South,3000,1,0.9999989942970133,2999.99698289104,9
7399,Blue One M,East,3000,1,0.9999991471455919,2999.9974414367757,9
7400,Blue One M,East,3000,0,0.00159141775658805,4.7742532697641495,2
7401,Blue One M,Far North,3000,1,0.9999990552628552,2999.9971657885653,9
7402,Blue One M,East,3000,1,0.9999991719307892,2999.9975157923677,9
7403,Blue One M,Centre,3000,1,0.9999987632788057,2999.996289836417,8
7404,Blue One M,Adamawa,3000,0,0.6081218110075955,1824.3654330227866,8
7405,Blue One M,Adamawa,3000,1,0.5862496330246525,1758.7488990739575,7
7406,Blue One M,Littoral,3000,1,0.5539367078821837,1661.8101236465511,6
7407,Blue One M,North,3000,1,0.9999989534366329,2999.9968603098987,9
7408,Blue One M,Littoral,3000,0,0.0033870374483947244,10.161112345184174,3
7409,Blue One M,Centre,3000,1,0.5837509128424748,1751.2527385274245,7
7410,Blue One M,Littoral,3000,0,0.572812077951784,1718.4362338553522,7
7411,Blue One L,Littoral,5000,0,0.0011526913842953154,5.7634569214765765,1
7412,Blue One M,South,3000,1,0.999999036568457,2999.9971097053713,9
7413,Blue One M,Centre,3000,0,0.586701679159157,1760.1050374774711,7
7414,Blue One M,North West,3000,0,0.003855652287762026,11.566956863286077,3
7415,Blue One M,North,3000,0,0.0031551433355008324,9.465430006502498,3
7416,Blue One M,South,3000,1,0.5782290402609965,1734.6871207829895,7
7417,Blue One M,South West,3000,1,0.9999989020052834,2999.99670601585,8
7418,Blue One M,North West,3000,1,0.5495346251202387,1648.6038753607158,6
7419,Blue One M,Littoral,3000,1,0.9999989178485424,2999.996753545627,8
7420,Blue One M,West,3000,1,0.9999989387467434,2999.99681624023,9
7421,Blue One M,North West,3000,1,0.9999990974377136,2999.997292313141,9
7422,Blue One M,Far North,3000,0,0.5869189326801816,1760.7567980405447,7
7423,Blue One M,South West,3000,0,0.0033086196221640495,9.925858866492149,3
7424,Blue One L,North West,5000,1,0.6324732041232741,3162.3660206163704,8
7425,Blue One M,Far North,3000,1,0.5676566243587385,1702.9698730762157,7
7426,Blue One M,Adamawa,3000,1,0.9999990634435235,2999.9971903305704,9
7427,Blue One M,Littoral,3000,0,0.003222802530585942,9.668407591757825,3
7428,Blue One M,South,3000,1,0.5142977408354202,1542.8932225062606,5
7429,Blue One M,Far North,3000,1,0.999999072932879,2999.9972187986373,9
7430,Blue One M,West,3000,1,0.9999990259204783,2999.997077761435,9
7431,Blue One M,Centre,3000,0,0.000491519150629007,1.474557451887021,1
7432,Blue One M,South,3000,1,0.9999989366111609,2999.9968098334825,9
7433,Blue One M,Littoral,3000,1,0.5165299960104885,1549.5899880314657,5
7434,Blue One M,South West,3000,1,0.9999989118620717,2999.996735586215,8
7435,Blue One M,Centre,3000,1,0.9999990173874239,2999.9970521622718,9
7436,Blue One M,Centre,3000,1,0.9999989670158443,2999.996901047533,9
7437,Blue One M,East,3000,1,0.9999990645970288,2999.9971937910864,9
7438,Blue One M,West,3000,0,0.5556403005953932,1666.9209017861795,6
7439,Blue One M,West,3000,1,0.5790106394340485,1737.0319183021456,7
7440,Blue One M,South West,3000,0,0.5421682933373597,1626.5048800120792,6
7441,Blue One M,Centre,3000,0,0.0017432813710031394,5.229844113009419,2
7442,Blue One M,North West,3000,1,0.9999991360431614,2999.997408129484,9
7443,Blue One M,South West,3000,1,0.9999985556767463,2999.995667030239,8
7444,Blue One M,East,3000,0,0.5914085778595871,1774.2257335787613,7
7445,Blue One M,Adamawa,3000,1,0.5847380226824711,1754.2140680474133,7
7446,Blue One M,Littoral,3000,0,0.003236597839483979,9.709793518451937,3
7447,Blue One M,East,3000,0,0.0035454478416820897,10.63634352504627,3
7448,Blue One M,Centre,3000,1,0.4760647885025316,1428.1943655075947,5
7449,Blue One M,North,3000,0,0.5012132187665389,1503.6396562996167,5
7450,Blue One M,Littoral,3000,0,0.0024842000004732137,7.452600001419641,2
7451,Blue One M,West,3000,1,0.5590325889548153,1677.097766864446,6
7452,Blue One M,South,3000,1,0.5542702200320236,1662.810660096071,6
7453,Blue One M,South,3000,1,0.9999989448968231,2999.9968346904693,9
7454,Blue One M,North West,3000,1,0.6064481003159444,1819.3443009478333,8
7455,Blue One M,Centre,3000,0,0.0025312306034831946,7.593691810449584,2
7456,Blue One M,North,3000,1,0.9999986918428547,2999.9960755285642,8
7457,Blue One M,Adamawa,3000,1,0.9999988177430359,2999.996453229108,8
7458,Blue One M,North,3000,1,0.9999991043719852,2999.997313115956,9
7459,Blue One M,North,3000,0,0.0013069089275514812,3.9207267826544436,1
7460,Blue One M,South West,3000,1,0.4598176972979689,1379.4530918939067,4
7461,Blue One M,South,3000,0,0.47169068160963495,1415.0720448289048,5
7462,Blue One M,Centre,3000,1,0.999999251022954,2999.997753068862,9
7463,Blue One M,Centre,3000,0,0.46913747843660897,1407.4124353098268,5
7464,Blue One M,North West,3000,0,0.5384312950687972,1615.2938852063915,6
7465,Blue One M,North,3000,1,0.999998307515788,2999.994922547364,8
7466,Blue One M,North West,3000,0,0.001898021841810283,5.694065525430848,2
7467,Blue One M,Littoral,3000,1,0.41592297799348055,1247.7689339804417,4
7468,Blue One M,Far North,3000,0,0.5454649996162777,1636.3949988488332,6
7469,Blue One M,North West,3000,1,0.507702754372503,1523.108263117509,5
7470,Blue One M,Littoral,3000,0,0.0026848910221178948,8.054673066353685,3
7471,Blue One M,Adamawa,3000,0,0.003102517839249559,9.307553517748678,3
7472,Blue One M,West,3000,0,0.5277838511866108,1583.3515535598322,6
7473,Blue One M,Adamawa,3000,1,0.5320964273340393,1596.289282002118,6
7474,Blue One M,North,3000,1,0.9999986684368172,2999.9960053104514,8
7475,Blue One M,North West,3000,1,0.5547328358054124,1664.1985074162374,6
7476,Blue One M,North,3000,0,0.4664248186072786,1399.2744558218358,5
7477,Blue One M,South,3000,1,0.9999991463634206,2999.9974390902617,9
7478,Blue One M,East,3000,0,0.5536694058616914,1661.0082175850744,6
7479,Blue One M,East,3000,0,0.0018112667512265273,5.433800253679582,2
7480,Blue One M,South West,3000,1,0.9999990111688778,2999.997033506633,9
7481,Blue One M,South West,3000,1,0.4984609893617703,1495.382968085311,5
7482,Blue One M,North,3000,0,0.4060784766322361,1218.2354298967084,4
7483,Blue One M,North West,3000,0,0.003163847280237114,9.491541840711342,3
7484,Blue One M,South West,3000,1,0.99999853276017,2999.99559828051,8
7485,Blue One M,West,3000,1,0.5292488098684309,1587.7464296052929,6
7486,Blue One M,North West,3000,0,0.0031207768680284603,9.36233060408538,3
7487,Blue One M,Littoral,3000,0,0.5165421786146963,1549.626535844089,5
7488,Blue One M,Littoral,3000,0,0.5123235501420939,1536.9706504262815,5
7489,Blue One M,Littoral,3000,0,0.5161441730233628,1548.4325190700883,5
7490,Blue One M,South West,3000,0,0.002452457563657322,7.3573726909719666,2
7491,Blue One M,South,3000,0,0.001712320897655299,5.136962692965898,2
7492,Blue One M,Far North,3000,1,0.5364655101634969,1609.3965304904905,6
7493,Blue One M,Far North,3000,1,0.5515965402936489,1654.7896208809468,6
7494,Blue One M,Littoral,3000,0,0.0027018837577568143,8.105651273270443,3
7495,Blue One M,West,3000,0,0.5058859676992111,1517.6579030976334,5
7496,Blue One M,Littoral,3000,1,0.9999984410712925,2999.995323213878,8
7497,Blue One M,North West,3000,1,0.5566641346893253,1669.992404067976,6
7498,Blue One M,Littoral,3000,0,0.45610471432438476,1368.3141429731543,4
7499,Blue One M,Littoral,3000,0,0.001690650654186693,5.071951962560079,2
7500,Blue One M,East,3000,1,0.9999993590925442,2999.9980772776325,9
7501,Blue One M,South,3000,0,0.0022473452519705932,6.74203575591178,2
7502,Blue One M,South,3000,1,0.5228604231595932,1568.5812694787796,6
7503,Blue One M,North,3000,1,0.5140064597683152,1542.0193793049455,5
7504,Blue One M,North West,3000,1,0.5354088009474844,1606.2264028424534,6
7505,Blue One M,West,3000,0,0.5253250223261751,1575.975066978525,6
7506,Blue One M,West,3000,0,0.5031215718730195,1509.3647156190586,5
7507,Blue One M,South West,3000,0,0.46845931276571284,1405.3779382971386,5
7508,Blue One M,Far North,3000,0,0.0014898140544614088,4.469442163384226,2
7509,Blue One M,West,3000,0,0.0004797681825894698,1.4393045477684094,1
7510,Blue One M,East,3000,1,0.9999993793665097,2999.998138099529,9
7511,Blue One M,South West,3000,0,0.30307706101086657,909.2311830325997,3
7512,Blue One M,West,3000,0,0.00032144793190942033,0.964343795728261,1
7513,Blue One M,Far North,3000,0,0.0014305880484361646,4.291764145308494,2
7514,Blue One M,Centre,3000,0,0.4405130255573794,1321.5390766721382,4
7516,Blue One M,North West,3000,0,0.2696789062715424,809.0367188146272,3
7517,Blue One M,East,3000,1,0.49048148616982123,1471.4444585094636,5
7518,Blue One M,Adamawa,3000,0,0.0018875618702292637,5.662685610687791,2
7519,Blue One M,South West,3000,0,0.001663728363828503,4.99118509148551,2
7520,Blue One M,North West,3000,1,0.49518105548132385,1485.5431664439716,5
7521,Blue One M,Far North,3000,0,0.0017856612085801527,5.356983625740458,2
7522,Blue One M,West,3000,0,0.0015873952409821796,4.762185722946539,2
7523,Blue One M,North,3000,0,0.0015648778077011051,4.6946334231033156,2
7524,Blue One M,West,3000,1,0.9999992694147799,2999.99780824434,9
7525,Blue One M,Centre,3000,0,0.469510109898405,1408.5303296952152,5
7526,Blue One M,North West,3000,0,0.0017921294734641615,5.376388420392485,2
7527,Blue One M,North West,3000,1,0.4432250466496888,1329.6751399490665,4
7528,Blue One M,West,3000,1,0.9999990859244947,2999.9972577734843,9
7529,Blue One M,East,3000,0,0.0018868812671554134,5.66064380146624,2
7530,Blue One M,West,3000,0,0.001705042367827081,5.115127103481243,2
7531,Blue One M,North,3000,0,0.24681872483906772,740.4561745172032,3
7532,Blue One M,Centre,3000,1,0.48788815803692537,1463.6644741107762,5
7533,Blue One M,North,3000,1,0.9999991552392438,2999.9974657177313,9
7534,Blue One M,South,3000,0,0.4806310382289185,1441.8931146867556,5
7535,Blue One M,Littoral,3000,0,0.001653971774589445,4.961915323768335,2
7536,Blue One M,East,3000,1,0.9999993417478185,2999.9980252434552,9
7537,Blue One M,West,3000,0,0.00169506483778874,5.08519451336622,2
7538,Blue One M,Far North,3000,1,0.45012958978523426,1350.3887693557028,4
7539,Blue One M,South West,3000,1,0.47266682454537023,1418.0004736361107,5
7541,Blue One M,South,3000,1,0.9999989895756516,2999.996968726955,9
7542,Blue One M,Far North,3000,1,0.9999992493413824,2999.9977480241473,9
7543,Blue One M,South West,3000,0,0.4065121264157902,1219.5363792473706,4
7544,Blue One M,Littoral,3000,1,0.4513383448439459,1354.0150345318377,4
7545,Blue One M,North,3000,1,0.29320022059683926,879.6006617905177,3
7546,Blue One M,South West,3000,1,0.44813588110653574,1344.4076433196071,4
7547,Blue One M,East,3000,0,0.0019099146601786322,5.729743980535897,2
7548,Blue One M,South West,3000,0,0.3674868552943988,1102.4605658831963,4
7549,Blue One M,South West,3000,1,0.45164951429520145,1354.9485428856044,4
7550,Blue One M,North,3000,1,0.9999991681020922,2999.997504306277,9
7551,Blue One M,Centre,3000,1,0.4197754168095184,1259.3262504285553,4
7552,Blue One M,North West,3000,1,0.45584110706295944,1367.5233211888783,4
7553,Blue One M,Centre,3000,0,0.44459543476518776,1333.7863042955632,4
7554,Blue One M,West,3000,1,0.9999989951652949,2999.9969854958845,9
7555,Blue One M,South,3000,1,0.4124488835482164,1237.3466506446491,4
7556,Blue One M,Adamawa,3000,0,0.4878328331280858,1463.4984993842575,5
7557,Blue One M,North West,3000,0,0.0017718368823213448,5.315510646964034,2
7558,Blue One M,Far North,3000,0,0.5079680234561534,1523.9040703684602,5
7559,Blue One M,North,3000,0,0.4542786771392048,1362.8360314176143,4
7560,Blue One M,North,3000,0,0.4528337095772832,1358.5011287318496,4
7561,Blue One M,Far North,3000,1,0.46155975871539257,1384.6792761461777,5
7562,Blue One M,Littoral,3000,0,0.31489115569246573,944.6734670773972,4
7563,Blue One M,North,3000,0,0.4110022145707023,1233.0066437121068,4
7564,Blue One M,Adamawa,3000,1,0.4594498659105299,1378.3495977315897,4
7565,Blue One M,East,3000,1,0.9999992134880482,2999.9976404641448,9
7566,Blue One M,East,3000,0,0.446172560255134,1338.517680765402,4
7567,Blue One M,West,3000,1,0.99999902742464,2999.99708227392,9
7568,Blue One M,Littoral,3000,0,0.0010879803057851306,3.263940917355392,1
7569,Blue One M,South West,3000,0,0.001330813918903863,3.9924417567115893,1
7570,Blue One M,Adamawa,3000,0,0.0017104365914370901,5.13130977431127,2
7571,Blue One M,East,3000,0,0.0017477349550820728,5.243204865246218,2
7572,Blue One M,Far North,3000,0,0.5024638156558244,1507.3914469674733,5
7573,Blue One M,Littoral,3000,0,0.0015985677384362889,4.795703215308866,2
7574,Blue One M,South West,3000,0,0.0013065386697007604,3.919616009102281,1
7575,Blue One M,Centre,3000,1,0.5250013244079111,1575.0039732237335,6
7576,Blue One M,Littoral,3000,0,0.4744151447983687,1423.2454343951063,5
7577,Blue One M,Centre,3000,0,0.0025297174293242384,7.589152287972715,2
7579,Blue One M,Littoral,3000,0,0.0015610528465168417,4.683158539550525,2
7580,Blue One M,Littoral,3000,0,0.49275429231246737,1478.262876937402,5
7581,Blue One M,Adamawa,3000,1,0.41853007565241207,1255.5902269572362,4
7582,Blue One M,Littoral,3000,1,0.4759806153271307,1427.9418459813921,5
7583,Blue One M,Littoral,3000,0,0.0016781668871875507,5.034500661562652,2
7584,Blue One M,Far North,3000,1,0.4935906158535459,1480.7718475606378,5
7585,Blue One M,North,3000,1,0.9999991693863324,2999.9975081589973,9
7586,Blue One M,Adamawa,3000,1,0.999999281989191,2999.997845967573,9
7587,Blue One M,East,3000,1,0.9999993305364047,2999.997991609214,9
7588,Blue One M,South West,3000,1,0.9999992213006452,2999.9976639019355,9
7589,Blue One M,East,3000,1,0.9999991699163526,2999.997509749058,9
7590,Blue One M,West,3000,0,0.0012813476389126272,3.8440429167378816,1
7591,Blue One M,South West,3000,1,0.454464302715754,1363.392908147262,4
7592,Blue One M,Littoral,3000,0,0.47599278314027205,1427.9783494208161,5
7593,Blue One M,North West,3000,0,0.4959656604648254,1487.8969813944761,5
7594,Blue One M,South,3000,0,0.4658105158034355,1397.4315474103066,5
7595,Blue One M,East,3000,1,0.9999993101724236,2999.997930517271,9
7596,Blue One M,West,3000,0,0.48477750888052745,1454.3325266415823,5
7597,Blue One M,Far North,3000,1,0.9999993291243263,2999.997987372979,9
7598,Blue One M,Adamawa,3000,1,0.49566500979060946,1486.9950293718284,5
7599,Blue One M,South,3000,1,0.9999992070668685,2999.9976212006054,9
7600,Blue One M,South,3000,1,0.4631831934334391,1389.5495803003173,5
7601,Blue One M,Adamawa,3000,0,0.0018735356102461197,5.6206068307383585,2
7602,Blue One M,West,3000,0,0.4613423174353701,1384.0269523061102,5
7603,Blue One M,Far North,3000,0,0.0017304968839553384,5.191490651866015,2
7604,Blue One M,Littoral,3000,1,0.9999991007858807,2999.997302357642,9
7605,Blue One M,South,3000,1,0.9999992033055082,2999.9976099165247,9
7606,Blue One M,Centre,3000,1,0.48786378049109075,1463.5913414732722,5
7607,Blue One M,North West,3000,1,0.9999992802760351,2999.9978408281054,9
7608,Blue One M,Littoral,3000,0,0.4712978983391588,1413.8936950174764,5
7609,Blue One M,South West,3000,1,0.9999992225027604,2999.997667508281,9
7610,Blue One M,East,3000,0,0.5186874179105948,1556.0622537317845,5
7611,Blue One M,West,3000,0,0.0016201781827737728,4.8605345483213185,2
7612,Blue One M,Centre,3000,1,0.45196383330682743,1355.8914999204824,4
7613,Blue One M,Littoral,3000,1,0.9999991133754732,2999.9973401264197,9
7614,Blue One M,Far North,3000,0,0.0017780391763754786,5.334117529126436,2
7615,Blue One M,South,3000,1,0.4627869457302148,1388.3608371906444,5
7616,Blue One M,Littoral,3000,0,0.45716796503165114,1371.5038950949534,4
7617,Blue One M,South West,3000,1,0.999999040849707,2999.9971225491213,9
7618,Blue One M,Far North,3000,1,0.9999992869603732,2999.99786088112,9
7620,Blue One L,Far North,5000,1,0.9999998717114371,4999.999358557186,10
7621,Blue One L,South,5000,0,0.0016208258502622866,8.104129251311432,2
7623,Blue One L,North West,5000,1,0.9999998207124872,4999.999103562436,10
7624,Blue One M,North,3000,1,0.9999986415003342,2999.9959245010027,8
7625,Blue One M,Littoral,3000,0,0.0032980844285615987,9.894253285684796,3
7627,Blue One M,North,3000,0,0.0005084542029367832,1.5253626088103498,1
7629,Blue One L,West,5000,1,0.9999998656413246,4999.9993282066225,10
7630,Blue One L,East,5000,0,0.0016407489774471276,8.203744887235638,2
7632,Blue One L,Adamawa,5000,1,0.5897492998518106,2948.746499259053,7
7633,Blue One M,North,3000,0,0.46823675431099876,1404.7102629329963,5
7634,Blue One M,North,3000,1,0.9999989812381374,2999.9969437144123,9
7635,Blue One L,Far North,5000,1,0.9999997901894077,4999.998950947038,10
7636,Blue One M,Littoral,3000,0,0.5662655429113329,1698.7966287339987,7
7637,Blue One L,Adamawa,5000,1,0.6191609631853795,3095.8048159268974,8
7638,Blue One L,South West,5000,0,0.5552968040074505,2776.484020037253,6
7639,Blue One L,Centre,5000,1,0.9999998690574938,4999.999345287469,10
7642,Blue One L,South,5000,0,0.5152814839019965,2576.4074195099824,5
7643,Blue One L,North West,5000,0,0.001782822823427699,8.914114117138494,2
7644,Blue One L,Littoral,5000,0,0.5376714478168861,2688.3572390844306,6
7645,Blue One L,Centre,5000,1,0.5648572032626027,2824.2860163130135,7
7646,Blue One L,Far North,5000,0,0.574252520302944,2871.2626015147202,7
7647,Blue One L,North West,5000,1,0.9999998719266476,4999.999359633238,10
7648,Blue One L,North West,5000,0,0.0016871215600039943,8.435607800019971,2
7649,Blue One M,Adamawa,3000,1,0.999999495709779,2999.998487129337,10
7651,Blue One M,Centre,3000,0,0.3008265691111456,902.4797073334367,3
7652,Blue One M,East,3000,0,0.0004731685883437553,1.419505765031266,1
7653,Blue One M,Far North,3000,0,0.0013914866095619451,4.174459828685835,1
7654,Blue One M,North,3000,0,0.26893192130857907,806.7957639257372,3
7655,Blue One M,Far North,3000,0,0.0004679363613838915,1.4038090841516746,1
7659,Blue One L,East,5000,1,0.6390610851275795,3195.3054256378978,8
7660,Blue One M,Littoral,3000,0,0.25275435327527523,758.2630598258257,3
7661,Blue One M,South,3000,0,0.32003046759118736,960.0914027735621,4
7662,Blue One L,North West,5000,1,0.5903175708672155,2951.5878543360773,7
7663,Blue One M,West,3000,0,0.3046552564708015,913.9657694124045,4
7664,Blue One L,West,5000,1,0.9999997704319122,4999.9988521595615,10
7665,Blue One L,Adamawa,5000,1,0.9999998072852082,4999.999036426041,10
7666,Blue One S,Adamawa,2000,0,0.000207530346093837,0.415060692187674,1
7667,Blue One L,North West,5000,0,0.0013692134572425101,6.84606728621255,1
7668,Blue One M,Far North,3000,0,0.0005441926673258873,1.6325780019776621,1
7669,Blue One L,Far North,5000,1,0.9999998685018108,4999.999342509054,10
7670,Blue One M,Far North,3000,1,0.999999272281773,2999.997816845319,9
7671,Blue One L,Littoral,5000,1,0.9999998628249723,4999.9993141248615,10
7672,Blue One M,West,3000,1,0.5097961231810222,1529.3883695430666,5
7673,Blue One M,Adamawa,3000,0,0.0004615626414397801,1.3846879243193402,1
7675,Blue One L,East,5000,1,0.6187862794511513,3093.9313972557566,8
7679,Blue One M,Centre,3000,0,0.002588977473596064,7.766932420788192,2
7680,Blue One M,Far North,3000,1,0.9999988676332974,2999.996602899892,8
7681,Blue One L,South West,5000,1,0.560282869738375,2801.414348691875,6
7682,Blue One M,East,3000,0,0.330643566182455,991.930698547365,4
7684,Blue One M,Littoral,3000,1,0.9999987642695212,2999.9962928085633,8
7685,Blue One M,North West,3000,0,0.6109219911169627,1832.765973350888,8
7689,Blue One M,West,3000,0,0.2749977920667074,824.9933762001222,3
7690,Blue One M,North,3000,0,0.0003777742038626251,1.1333226115878754,1
7692,Blue One M,West,3000,1,0.5023369287661521,1507.0107862984562,5
7693,Blue One L,North,5000,1,0.5517719835065541,2758.8599175327704,6
7694,Blue One M,West,3000,1,0.5293480607936392,1588.0441823809174,6
7695,Blue One M,Littoral,3000,0,0.0015708674746381843,4.712602423914553,2
7696,Blue One M,South West,3000,0,0.5093764215703067,1528.12926471092,5
7698,Blue One M,North West,3000,0,0.2826198500938235,847.8595502814705,3
7699,Blue One S,Adamawa,2000,0,0.00019923463628214582,0.39846927256429165,1
7701,Blue One L,Centre,5000,0,0.5856259605400844,2928.1298027004223,7
7702,Blue One L,Far North,5000,1,0.5922835589721462,2961.417794860731,7
7703,Blue One L,East,5000,1,0.6277194557112918,3138.597278556459,8
7704,Blue One L,North,5000,0,0.0013081030304824424,6.540515152412212,1
7705,Blue One M,North West,3000,0,0.0036409403450890577,10.922821035267173,3
7706,Blue One M,North,3000,0,0.0004733550340800256,1.4200651022400768,1
7708,Blue One M,South West,3000,0,0.001234647394512198,3.703942183536594,1
7709,Blue One L,East,5000,1,0.9999998795035548,4999.999397517774,10
7710,Blue One M,Littoral,3000,1,0.9999990390815136,2999.9971172445407,9
7711,Blue One M,Far North,3000,1,0.5810855565519841,1743.2566696559525,7
7712,Blue One M,Far North,3000,0,0.0005274121227123201,1.5822363681369604,1
7713,Blue One L,South West,5000,1,0.9999997793278624,4999.998896639312,10
7714,Blue One L,East,5000,0,0.6034382555153159,3017.1912775765795,8
7715,Blue One L,West,5000,0,0.5656537484255958,2828.268742127979,7
7716,Blue One L,North,5000,0,0.5860675097045976,2930.337548522988,7
7717,Blue One L,Adamawa,5000,1,0.9999998159967977,4999.999079983988,10
7718,Blue One M,West,3000,1,0.9999990384563908,2999.9971153691727,9
7719,Blue One M,Littoral,3000,0,0.00047123451086408265,1.413703532592248,1
7724,Blue One M,East,3000,1,0.9999994133535322,2999.9982400605963,10
7725,Blue One M,South West,3000,0,0.25299174224556936,758.9752267367081,3
7726,Blue One M,East,3000,0,0.0032186211092354046,9.655863327706214,3
7727,Blue One M,Far North,3000,0,0.0034684400079923712,10.405320023977113,3
7728,Blue One L,Centre,5000,0,0.0015703715891252597,7.851857945626299,2
7729,Blue One L,Adamawa,5000,0,0.0017702643685935761,8.85132184296788,2
7730,Blue One L,East,5000,0,0.0014231082695629527,7.115541347814763,2
7731,Blue One M,Littoral,3000,0,0.481668967340938,1445.006902022814,5
7732,Blue One M,Adamawa,3000,1,0.3216026263994755,964.8078791984266,4
7733,Blue One M,South,3000,1,0.9999990100527868,2999.9970301583603,9
7734,Blue One M,North,3000,0,0.0010719753731686398,3.2159261195059194,1
7735,Blue One L,Adamawa,5000,1,0.6363359942003765,3181.679971001882,8
7736,Blue One M,Centre,3000,1,0.577916872918758,1733.7506187562742,7
7737,Blue One M,West,3000,1,0.9999994354710381,2999.9983064131143,10
7740,Blue One L,Centre,5000,0,0.5856141222200173,2928.0706111000864,7
7743,Blue One M,West,3000,0,0.4289693279234118,1286.9079837702354,4
7744,Blue One L,West,5000,1,0.9999997704207128,4999.998852103564,10
7745,Blue One M,Centre,3000,1,0.4809204540757676,1442.761362227303,5
7746,Blue One M,North West,3000,0,0.00048269793533598437,1.4480938060079531,1
7750,Blue One L,South,5000,1,0.5839169566328266,2919.584783164133,7
7751,Blue One L,Far North,5000,1,0.9999998798732119,4999.99939936606,10
7752,Blue One M,Far North,3000,1,0.9999991237007514,2999.997371102254,9
7753,Blue One M,East,3000,0,0.6157614565521349,1847.2843696564046,8
7754,Blue One M,Centre,3000,0,0.5307341768217532,1592.2025304652595,6
7755,Blue One M,East,3000,0,0.32720109853399953,981.6032956019986,4
7756,Blue One M,Centre,3000,1,0.5160435192134617,1548.1305576403852,5
7757,Blue One M,Far North,3000,0,0.0017745069551275573,5.3235208653826716,2
7758,Blue One M,Adamawa,3000,0,0.3225382690357447,967.614807107234,4
7759,Blue One M,Centre,3000,1,0.4273952772455478,1282.1858317366434,4
7760,Blue One L,Centre,5000,0,0.611667592255361,3058.3379612768053,8
7761,Blue One M,Littoral,3000,0,0.2952983921285233,885.8951763855699,3
7762,Blue One L,East,5000,1,0.6034382555153159,3017.1912775765795,8
7763,Blue One L,Littoral,5000,1,0.9999998153671456,4999.9990768357275,10
7764,Blue One L,South West,5000,0,0.538899763440253,2694.498817201265,6
7765,Blue One L,North West,5000,1,0.9999998102209959,4999.99905110498,10
7766,Blue One M,West,3000,1,0.9999993932596589,2999.998179778977,10
7767,Blue One M,East,3000,0,0.0005351715912289807,1.605514773686942,1
7768,Blue One L,West,5000,0,0.001454905035057359,7.2745251752867945,2
7769,Blue One L,North West,5000,1,0.9999998838266164,4999.9994191330825,10
7770,Blue One L,Far North,5000,1,0.9999997624223154,4999.998812111577,10
7771,Blue One L,South West,5000,1,0.9999997572197837,4999.998786098919,10
7772,Blue One L,Littoral,5000,0,0.0014660607300425175,7.330303650212588,2
7773,Blue One M,Littoral,3000,1,0.9999990067389011,2999.9970202167033,9
7775,Blue One L,Centre,5000,0,0.5710185575080234,2855.092787540117,7
7776,Blue One L,Centre,5000,1,0.5076170443847228,2538.085221923614,5
7777,Blue One L,West,5000,1,0.9999998669535207,4999.999334767604,10
7778,Blue One M,West,3000,0,0.5293359068503788,1588.0077205511363,6
7779,Blue One L,West,5000,0,0.0012032381766712008,6.016190883356004,1
7780,Blue One M,East,3000,1,0.5903490747337193,1771.047224201158,7
7781,Blue One M,West,3000,1,0.526762323285466,1580.286969856398,6
7782,Blue One M,West,3000,0,0.5579759475541733,1673.92784266252,6
7783,Blue One M,Centre,3000,1,0.9999987574122934,2999.99627223688,8
7787,Blue One M,North West,3000,0,0.49744753143576226,1492.3425943072868,5
7788,Blue One M,Far North,3000,1,0.5349041717758647,1604.712515327594,6
7789,Blue One M,Adamawa,3000,1,0.4547644424428253,1364.293327328476,4
7790,Blue One L,Far North,5000,1,0.9999998534295984,4999.999267147992,10
7791,Blue One M,Adamawa,3000,0,0.4582747771944304,1374.824331583291,4
7792,Blue One L,Adamawa,5000,1,0.9999998103707504,4999.999051853752,10
7793,Blue One M,Centre,3000,0,0.0031615983288743707,9.484794986623113,3
7794,Blue One M,South,3000,0,0.2587859118563452,776.3577355690356,3
7795,Blue One L,Littoral,5000,0,0.001610885550794712,8.05442775397356,2
7796,Blue One L,Centre,5000,1,0.5688201964600114,2844.100982300057,7
7797,Blue One L,Littoral,5000,1,0.9999998599453094,4999.999299726547,10
7798,Blue One L,Far North,5000,1,0.6230233811687942,3115.116905843971,8
7799,Blue One M,South,3000,0,0.0025136444307347415,7.540933292204224,2
7800,Blue One M,North,3000,0,0.45780051955426015,1373.4015586627804,4
7801,Blue One L,South,5000,1,0.5686455056469638,2843.227528234819,7
7802,Blue One L,Littoral,5000,1,0.601438518955821,3007.192594779105,8
7803,Blue One L,South,5000,1,0.9999997825456015,4999.998912728008,10
7804,Blue One L,Adamawa,5000,1,0.9999998692306831,4999.999346153415,10
7805,Blue One L,West,5000,0,0.0016310453123749478,8.15522656187474,2
7806,Blue One L,South West,5000,0,0.0014678297892553125,7.339148946276563,2
7807,Blue One L,North,5000,1,0.9999998547850788,4999.999273925394,10
7808,Blue One L,South,5000,0,0.5868673789148644,2934.336894574322,7
7809,Blue One L,South West,5000,1,0.5332875919773366,2666.4379598866826,6
7810,Blue One L,Littoral,5000,0,0.0011745215842654127,5.872607921327064,1
7811,Blue One M,Adamawa,3000,0,0.003570569401400099,10.711708204200297,3
7812,Blue One L,Littoral,5000,0,0.49909333024059394,2495.46665120297,5
7813,Blue One L,Adamawa,5000,1,0.9999998524833551,4999.999262416775,10
7814,Blue One L,Adamawa,5000,1,0.6356093571876934,3178.046785938467,8
7815,Blue One L,South West,5000,1,0.6065176514494158,3032.588257247079,8
7816,Blue One L,Adamawa,5000,0,0.0014203681214993373,7.101840607496686,2
7817,Blue One L,Littoral,5000,0,0.586632659903572,2933.16329951786,7
7818,Blue One L,Adamawa,5000,0,0.0017396375505547995,8.698187752773997,2
7819,Blue One L,South West,5000,1,0.530173722956116,2650.8686147805797,6
7820,Blue One L,Littoral,5000,1,0.9999998488413524,4999.999244206762,10
7821,Blue One L,South West,5000,1,0.585124460477518,2925.62230238759,7
7822,Blue One L,Centre,5000,1,0.5467271839769275,2733.6359198846376,6
7823,Blue One L,West,5000,0,0.0012411216798411567,6.205608399205783,1
7824,Blue One L,North West,5000,0,0.001116740899233656,5.58370449616828,1
7825,Blue One L,Littoral,5000,0,0.5370514225709523,2685.2571128547615,6
7826,Blue One L,South West,5000,1,0.5346135115952755,2673.0675579763774,6
7827,Blue One L,North,5000,1,0.5423264971029634,2711.6324855148173,6
7828,Blue One L,South,5000,1,0.5631664100212751,2815.8320501063754,7
7829,Blue One L,North West,5000,1,0.5992537877060167,2996.2689385300832,8
7830,Blue One M,North,3000,1,0.9999993571231899,2999.9980713695695,9
7831,Blue One L,Adamawa,5000,1,0.9999998699972152,4999.999349986077,10
7832,Blue One L,South West,5000,1,0.9999998477627096,4999.999238813548,10
7833,Blue One L,Littoral,5000,1,0.9999998504222767,4999.999252111384,10
7834,Blue One L,West,5000,1,0.99999983465653,4999.99917328265,10
7835,Blue One L,West,5000,1,0.6004227394179318,3002.113697089659,8
7836,Blue One L,West,5000,0,0.5992985436250106,2996.4927181250528,8
7837,Blue One L,East,5000,1,0.9999998817630471,4999.999408815235,10
7838,Blue One L,Centre,5000,1,0.5482944320755444,2741.472160377722,6
7839,Blue One L,Littoral,5000,1,0.5389956793260269,2694.9783966301343,6
7840,Blue One L,North West,5000,1,0.5799270865651028,2899.6354328255143,7
7841,Blue One L,South,5000,0,0.0015757525215700523,7.878762607850262,2
7842,Blue One L,Adamawa,5000,1,0.9999998111908287,4999.999055954144,10
7843,Blue One L,South West,5000,0,0.5676633150131666,2838.3165750658327,7
7844,Blue One L,Adamawa,5000,0,0.5923416484141523,2961.708242070761,7
7845,Blue One M,Littoral,3000,0,0.36940822085065755,1108.2246625519726,4
7846,Blue One L,South West,5000,0,0.001528894000404771,7.644470002023856,2
7847,Blue One L,South,5000,0,0.5973790756416217,2986.8953782081085,7
7848,Blue One L,South,5000,1,0.5464519462401641,2732.2597312008206,6
7849,Blue One L,South,5000,1,0.5841954980580204,2920.977490290102,7
7850,Blue One L,East,5000,1,0.5977974975132304,2988.987487566152,7
7851,Blue One L,Littoral,5000,1,0.5890105528596681,2945.05276429834,7
7852,Blue One L,Far North,5000,0,0.0017365548480810923,8.682774240405461,2
7853,Blue One M,South,3000,0,0.5712036486483224,1713.6109459449672,7
7854,Blue One L,North,5000,0,0.554099593511425,2770.497967557125,6
7855,Blue One L,East,5000,0,0.0017733349191269528,8.866674595634764,2
7856,Blue One L,Adamawa,5000,1,0.5337001543830097,2668.5007719150485,6
7857,Blue One L,North,5000,1,0.5918684519354788,2959.342259677394,7
7858,Blue One L,Centre,5000,1,0.9999998669268697,4999.999334634348,10
7859,Blue One M,East,3000,0,0.0005687452605492462,1.7062357816477385,1
7860,Blue One L,South,5000,1,0.5593139659576701,2796.5698297883505,6
7861,Blue One M,South West,3000,0,0.29196337489598656,875.8901246879597,3
7862,Blue One M,South,3000,0,0.42692850381014863,1280.785511430446,4
7863,Blue One L,West,5000,1,0.9999998369794026,4999.999184897013,10
7864,Blue One M,Littoral,3000,1,0.9999991528700367,2999.9974586101102,9
7865,Blue One L,South West,5000,1,0.5611661023829337,2805.8305119146685,6
7866,Blue One L,North,5000,1,0.5572114057400575,2786.0570287002874,6
7867,Blue One L,Littoral,5000,1,0.999999780454464,4999.99890227232,10
7868,Blue One L,Far North,5000,1,0.9999998717625334,4999.999358812667,10
7869,Blue One L,Adamawa,5000,0,0.0013998821818480493,6.999410909240247,1
7870,Blue One L,North West,5000,1,0.9999998842019729,4999.999421009865,10
7871,Blue One L,South,5000,0,0.0012167054825283471,6.083527412641736,1
7872,Blue One L,East,5000,1,0.5944871031371576,2972.435515685788,7
7873,Blue One L,North West,5000,0,0.573127897359728,2865.63948679864,7
7874,Blue One L,East,5000,1,0.9999997986109136,4999.998993054568,10
7875,Blue One L,North West,5000,1,0.5956320310602934,2978.160155301467,7
7876,Blue One L,South West,5000,0,0.5576669444889222,2788.334722444611,6
7877,Blue One L,North West,5000,0,0.0018941487026856547,9.470743513428273,2
7878,Blue One L,West,5000,1,0.5893574959563752,2946.787479781876,7
7879,Blue One L,North West,5000,0,0.6195423751623776,3097.711875811888,8
7880,Blue One L,Centre,5000,1,0.5871366208229183,2935.6831041145915,7
7881,Blue One L,Far North,5000,0,0.0016988817659732184,8.494408829866092,2
7882,Blue One L,South,5000,1,0.5822941380512068,2911.470690256034,7
7883,Blue One L,North West,5000,0,0.6372592350152108,3186.2961750760537,8
7884,Blue One M,South,3000,0,0.00048506807995092957,1.4552042398527887,1
7885,Blue One M,South West,3000,0,0.23901636433642323,717.0490930092697,3
7886,Blue One M,Centre,3000,1,0.9999994391421446,2999.998317426434,10
7887,Blue One L,North West,5000,1,0.597143043052457,2985.7152152622853,7
7888,Blue One M,South West,3000,1,0.5135678326041637,1540.7034978124912,5
7889,Blue One L,South West,5000,0,0.5888206598224233,2944.1032991121165,7
7890,Blue One L,Adamawa,5000,0,0.0018006379363033126,9.003189681516563,2
7891,Blue One L,Adamawa,5000,1,0.999999788379342,4999.99894189671,10
7892,Blue One L,South West,5000,1,0.9999998297481508,4999.999148740754,10
7893,Blue One L,South,5000,1,0.999999785269078,4999.99892634539,10
7894,Blue One M,Centre,3000,1,0.9999991306279026,2999.9973918837077,9
7895,Blue One L,Adamawa,5000,0,0.5558882821932514,2779.4414109662566,6
7896,Blue One L,West,5000,1,0.9999998673176081,4999.999336588041,10
7897,Blue One L,East,5000,0,0.6306485920550187,3153.2429602750935,8
7898,Blue One L,West,5000,0,0.5134437749554358,2567.218874777179,5
7899,Blue One L,Far North,5000,1,0.9999997898547606,4999.998949273803,10
7900,Blue One L,West,5000,0,0.5146137546551839,2573.0687732759193,5
7901,Blue One M,East,3000,1,0.6075608266657353,1822.682479997206,8
7902,Blue One L,North,5000,1,0.5583786956600816,2791.893478300408,6
7903,Blue One L,North West,5000,1,0.5978978600593596,2989.4893002967983,7
7904,Blue One L,North,5000,0,0.6101732656241184,3050.8663281205922,8
7905,Blue One M,Adamawa,3000,0,0.4470496371596726,1341.148911479018,4
7906,Blue One M,North West,3000,1,0.5857917985277038,1757.3753955831114,7
7907,Blue One M,Far North,3000,0,0.43522771303727753,1305.6831391118326,4
7908,Blue One M,North,3000,0,0.00047683406694318134,1.430502200829544,1
7909,Blue One M,North West,3000,1,0.9999991628422303,2999.997488526691,9
7910,Blue One M,South,3000,0,0.0005129265225857288,1.5387795677571865,1
7914,Blue One L,West,5000,0,0.0015897104987634319,7.948552493817159,2
7915,Blue One L,East,5000,0,0.5673040919300816,2836.5204596504077,7
7916,Blue One L,Far North,5000,0,0.0018865044327953016,9.432522163976508,2
7917,Blue One L,Far North,5000,0,0.001674358219393197,8.371791096965984,2
7918,Blue One L,South West,5000,0,0.001485755383674461,7.4287769183723045,2
7919,Blue One L,South,5000,1,0.9999998160934341,4999.999080467171,10
7920,Blue One L,South,5000,0,0.0015682483409488223,7.841241704744111,2
7921,Blue One L,Adamawa,5000,0,0.5874692352037657,2937.3461760188284,7
7922,Blue One L,Littoral,5000,0,0.0015080284115299505,7.540142057649753,2
7923,Blue One L,West,5000,0,0.0012326309431947957,6.163154715973978,1
7924,Blue One L,North West,5000,1,0.6472743881683095,3236.3719408415477,8
7925,Blue One L,South,5000,0,0.6018046129874854,3009.023064937427,8
7926,Blue One L,West,5000,1,0.999999870052029,4999.999350260145,10
7927,Blue One L,East,5000,1,0.9999998836447783,4999.999418223892,10
7928,Blue One L,West,5000,0,0.5665140174795821,2832.5700873979104,7
7929,Blue One L,South West,5000,0,0.0014291385951399839,7.1456929756999195,2
7930,Blue One L,East,5000,1,0.9999998752928785,4999.999376464392,10
7931,Blue One L,West,5000,1,0.6160728571596191,3080.364285798096,8
7932,Blue One L,East,5000,1,0.9999998729789522,4999.999364894761,10
7933,Blue One L,Adamawa,5000,1,0.6254372182469767,3127.186091234884,8
7934,Blue One L,East,5000,0,0.0018298623202181237,9.149311601090618,2
7935,Blue One L,Far North,5000,1,0.6252208662524029,3126.1043312620145,8
7936,Blue One L,South West,5000,1,0.9999998178270543,4999.999089135272,10
7937,Blue One M,South West,3000,0,0.5039535686329379,1511.8607058988139,5
7938,Blue One L,East,5000,1,0.6237757880942308,3118.8789404711542,8
7939,Blue One L,Littoral,5000,1,0.5873935626520735,2936.9678132603676,7
7940,Blue One L,Adamawa,5000,0,0.001659400528019934,8.29700264009967,2
7941,Blue One L,Littoral,5000,1,0.5366551558384102,2683.275779192051,6
7942,Blue One L,Far North,5000,1,0.5669289837301759,2834.6449186508794,7
7943,Blue One L,Littoral,5000,1,0.9999998516022295,4999.9992580111475,10
7944,Blue One L,Littoral,5000,0,0.5851944782251287,2925.9723911256438,7
7945,Blue One L,Far North,5000,0,0.0016639791068112895,8.319895534056448,2
7946,Blue One M,East,3000,0,0.33733048679901584,1011.9914603970475,4
7947,Blue One M,Far North,3000,0,0.0005274121227123201,1.5822363681369604,1
7948,Blue One L,Far North,5000,0,0.0013346620546523203,6.673310273261602,1
7949,Blue One L,North West,5000,1,0.9999998753074226,4999.999376537113,10
7950,Blue One L,Far North,5000,1,0.6182141706927139,3091.0708534635696,8
7951,Blue One M,North,3000,1,0.9999989171570395,2999.9967514711184,8
7952,Blue One M,Far North,3000,0,0.5799331333910231,1739.7994001730694,7
7953,Blue One M,Far North,3000,0,0.5443035337453896,1632.910601236169,6
7954,Blue One M,East,3000,1,0.4496712708408672,1349.0138125226017,4
7955,Blue One L,North,5000,0,0.0015331564200579998,7.6657821002899995,2
7956,Blue One M,Centre,3000,1,0.41072694950642724,1232.1808485192817,4
7957,Blue One L,Littoral,5000,0,0.0012913568656441109,6.456784328220555,1
7958,Blue One M,North West,3000,1,0.34474627504217564,1034.238825126527,4
7959,Blue One L,South West,5000,1,0.9999997537484078,4999.998768742039,10
7960,Blue One L,North West,5000,1,0.5937466001101154,2968.733000550577,7
7961,Blue One L,South,5000,0,0.5470820872607818,2735.4104363039087,6
7962,Blue One L,South,5000,0,0.0015424020983226018,7.712010491613009,2
7963,Blue One L,Centre,5000,1,0.9999997347642069,4999.998673821035,10
7964,Blue One L,North,5000,0,0.0014598892586243496,7.299446293121748,2
7965,Blue One L,Far North,5000,1,0.6159892954079822,3079.946477039911,8
7966,Blue One L,Far North,5000,1,0.9999998702975392,4999.999351487696,10
7967,Blue One L,Far North,5000,1,0.637239532364328,3186.19766182164,8
7968,Blue One L,South,5000,0,0.6093539620136681,3046.7698100683406,8
7969,Blue One L,North,5000,1,0.6027893557837025,3013.946778918513,8
7970,Blue One L,East,5000,1,0.6233081685736845,3116.5408428684227,8
7971,Blue One L,Littoral,5000,0,0.586632659903572,2933.16329951786,7
7972,Blue One L,Adamawa,5000,1,0.6334257444023017,3167.1287220115087,8
7973,Blue One L,North West,5000,0,0.0018051291131236235,9.025645565618117,2
7974,Blue One L,North West,5000,0,0.6039488462833661,3019.7442314168306,8
7975,Blue One L,Centre,5000,1,0.6139249380857327,3069.6246904286636,8
7976,Blue One L,South West,5000,1,0.9999998570639159,4999.99928531958,10
7977,Blue One L,South West,5000,1,0.9999998601211779,4999.999300605889,10
7978,Blue One L,Far North,5000,1,0.6144917808646418,3072.458904323209,8
7979,Blue One L,Centre,5000,1,0.9999998569975521,4999.999284987761,10
7980,Blue One L,South West,5000,1,0.9999998499087787,4999.999249543894,10
7981,Blue One L,East,5000,1,0.9999998538130419,4999.99926906521,10
7982,Blue One L,Littoral,5000,1,0.9999998600010921,4999.99930000546,10
7983,Blue One L,North West,5000,1,0.9999998843346675,4999.999421673338,10
7984,Blue One L,Littoral,5000,1,0.9999998583948265,4999.999291974133,10
7985,Blue One L,Adamawa,5000,1,0.9999998493494986,4999.999246747493,10
7986,Blue One L,North,5000,1,0.5879874843179423,2939.937421589712,7
7987,Blue One L,North,5000,0,0.5915069902019361,2957.5349510096803,7
7988,Blue One L,Far North,5000,1,0.639677675049318,3198.3883752465904,8
7989,Blue One L,Far North,5000,1,0.636144858633862,3180.7242931693104,8
7990,Blue One L,Centre,5000,1,0.6180026638833083,3090.0133194165414,8
7991,Blue One L,Far North,5000,1,0.9999998721196995,4999.999360598497,10
7992,Blue One L,West,5000,1,0.59598040779536,2979.9020389767998,7
7993,Blue One L,Littoral,5000,1,0.5896619497090816,2948.3097485454077,7
7994,Blue One L,West,5000,1,0.599286828642329,2996.434143211645,8
7995,Blue One L,Centre,5000,1,0.5956678072552075,2978.3390362760374,7
7996,Blue One L,South West,5000,0,0.001407054105918285,7.0352705295914255,1
7997,Blue One M,Far North,3000,1,0.999999083038911,2999.997249116733,9
7998,Blue One M,West,3000,1,0.9999989871491806,2999.9969614475417,9
7999,Blue One M,South,3000,1,0.5573697573398096,1672.109272019429,6
8000,Blue One M,Centre,3000,0,0.577916872918758,1733.7506187562742,7
8001,Blue One M,West,3000,0,0.5797636365533533,1739.29090966006,7
8002,Blue One M,West,3000,1,0.9999990530974454,2999.997159292336,9
8003,Blue One M,Littoral,3000,0,0.0029668081670107564,8.90042450103227,3
8004,Blue One M,North,3000,1,0.5579242361206649,1673.7727083619945,6
8005,Blue One M,Far North,3000,0,0.0036107576102020777,10.832272830606232,3
8006,Blue One M,South West,3000,1,0.5630965173255537,1689.289551976661,7
8007,Blue One M,East,3000,1,0.5358004697735105,1607.4014093205315,6
8008,Blue One M,Littoral,3000,0,0.003108297579541691,9.324892738625072,3
8009,Blue One M,South,3000,1,0.5755297811389496,1726.5893434168488,7
8010,Blue One M,Littoral,3000,1,0.9999990098998282,2999.9970296994843,9
8011,Blue One M,North West,3000,1,0.9999991601476913,2999.997480443074,9
8012,Blue One M,Far North,3000,0,0.0035939464148123604,10.781839244437082,3
8013,Blue One M,South,3000,1,0.9999987664279666,2999.9962992838996,8
8014,Blue One M,West,3000,0,0.003491603449311637,10.47481034793491,3
8015,Blue One M,South West,3000,1,0.9999988377433552,2999.9965132300654,8
8016,Blue One M,West,3000,1,0.5040682596275822,1512.2047788827465,5
8017,Blue One M,North,3000,1,0.5671369697172954,1701.4109091518862,7
8018,Blue One M,Centre,3000,1,0.5790708126766306,1737.212438029892,7
8019,Blue One M,West,3000,1,0.5548772651086282,1664.6317953258847,6
8020,Blue One M,Centre,3000,0,0.0031467187237497556,9.440156171249267,3
8021,Blue One L,South,5000,0,0.558429938850812,2792.1496942540603,6
8022,Blue One M,Far North,3000,0,0.0035768654544858372,10.730596363457511,3
8023,Blue One L,Littoral,5000,0,0.5503428265622546,2751.714132811273,6
8024,Blue One M,South West,3000,0,0.0033188246980331297,9.95647409409939,3
8025,Blue One M,West,3000,1,0.9999989699987146,2999.996909996144,9
8026,Blue One M,Centre,3000,0,0.0026545040798696485,7.963512239608946,3
8027,Blue One M,Adamawa,3000,0,0.598715926891772,1796.147780675316,7
8028,Blue One M,Far North,3000,0,0.0035103704647821087,10.531111394346325,3
8029,Blue One M,South West,3000,0,0.5619319142673254,1685.795742801976,7
8030,Blue One M,West,3000,1,0.5613524689346814,1684.0574068040441,6
8031,Blue One M,Far North,3000,1,0.9999990684897995,2999.9972054693985,9
8032,Blue One M,East,3000,1,0.6112962165764131,1833.8886497292392,8
8033,Blue One M,Far North,3000,1,0.999999126404232,2999.997379212696,9
8034,Blue One L,South,5000,0,0.0012924275072412072,6.462137536206036,1
8035,Blue One L,West,5000,0,0.0012688746411932215,6.344373205966107,1
8036,Blue One L,Littoral,5000,0,0.0011472555277843026,5.736277638921513,1
8037,Blue One M,South,3000,0,0.5250603918350522,1575.1811755051565,6
8038,Blue One M,East,3000,0,0.5989706756357318,1796.9120269071955,8
8039,Blue One L,South,5000,0,0.5593139659576701,2796.5698297883505,6
8040,Blue One L,South,5000,1,0.566643890045437,2833.219450227185,7
8041,Blue One L,North West,5000,0,0.5784823383889882,2892.411691944941,7
8042,Blue One M,Centre,3000,0,0.5730241500657413,1719.0724501972238,7
8043,Blue One M,Littoral,3000,1,0.5158456404395233,1547.53692131857,5
8044,Blue One M,South West,3000,1,0.9999989735474675,2999.9969206424025,9
8045,Blue One L,Far North,5000,0,0.001617628891160039,8.088144455800196,2
8046,Blue One M,West,3000,1,0.9999989998344754,2999.996999503426,9
8047,Blue One M,Far North,3000,0,0.00281470245826428,8.44410737479284,3
8048,Blue One L,South West,5000,1,0.5578915696394392,2789.457848197196,6
8049,Blue One L,Centre,5000,0,0.5532375435684633,2766.1877178423165,6
8050,Blue One M,North West,3000,1,0.5353097061355212,1605.9291184065637,6
8051,Blue One M,North West,3000,1,0.5580778381475581,1674.2335144426743,6
8052,Blue One L,East,5000,1,0.5781128218215374,2890.5641091076873,7
8053,Blue One M,Centre,3000,1,0.9999990281937816,2999.997084581345,9
8054,Blue One L,South West,5000,1,0.5502352287678057,2751.1761438390286,6
8055,Blue One M,East,3000,0,0.34501204275830977,1035.0361282749293,4
8056,Blue One M,Adamawa,3000,0,0.0004718338698799409,1.4155016096398227,1
8058,Blue One M,South West,3000,1,0.9999992381854385,2999.9977145563153,9
8059,Blue One L,Far North,5000,1,0.5115921293571711,2557.9606467858557,5
8060,Blue One L,Adamawa,5000,1,0.9999998402795014,4999.999201397507,10
8061,Blue One L,South West,5000,1,0.53548129026886,2677.4064513443004,6
8062,Blue One L,Adamawa,5000,1,0.9999998478330779,4999.99923916539,10
8063,Blue One M,South,3000,0,0.001376251761753878,4.128755285261634,1
8064,Blue One M,Far North,3000,1,0.5850211799303339,1755.0635397910016,7
8065,Blue One M,Littoral,3000,1,0.4958925440359265,1487.6776321077793,5
8066,Blue One L,West,5000,1,0.5636728995212541,2818.3644976062706,7
8067,Blue One L,South,5000,1,0.54264648075094,2713.2324037547,6
8068,Blue One L,Littoral,5000,1,0.5839603371770182,2919.801685885091,7
8069,Blue One M,Littoral,3000,0,0.5165421786146963,1549.626535844089,5
8070,Blue One L,North,5000,1,0.5835146587854984,2917.5732939274917,7
8071,Blue One M,Adamawa,3000,0,0.0037337861170601856,11.201358351180557,3
8072,Blue One M,South,3000,1,0.426550560327503,1279.6516809825089,4
8073,Blue One L,West,5000,0,0.5586429121472125,2793.2145607360626,6
8074,Blue One M,Adamawa,3000,1,0.5476324712652484,1642.8974137957453,6
8075,Blue One L,South West,5000,0,0.0010225224197422495,5.1126120987112476,1
8076,Blue One M,West,3000,1,0.39621208496783555,1188.6362549035066,4
8077,Blue One M,North West,3000,0,0.001857272049289068,5.571816147867204,2
8078,Blue One M,Littoral,3000,0,0.5680880144719354,1704.264043415806,7
8079,Blue One M,Adamawa,3000,1,0.9999988721687229,2999.9966165061687,8
8080,Blue One M,South West,3000,0,0.4907027867068345,1472.1083601205034,5
8081,Blue One M,Far North,3000,0,0.5041326676667073,1512.398003000122,5
8082,Blue One M,North West,3000,1,0.6057938869574347,1817.3816608723043,8
8083,Blue One M,West,3000,1,0.9999991104660627,2999.997331398188,9
8084,Blue One M,West,3000,0,0.3791118514951839,1137.3355544855517,4
8085,Blue One M,West,3000,1,0.4605624365289933,1381.6873095869798,5
8086,Blue One M,South,3000,1,0.5728618204553669,1718.5854613661008,7
8087,Blue One M,Centre,3000,1,0.99999894191214,2999.99682573642,9
8088,Blue One M,West,3000,1,0.5308003310710903,1592.4009932132708,6
8089,Blue One M,Adamawa,3000,1,0.9999989055161251,2999.9967165483754,8
8090,Blue One M,West,3000,1,0.9999990991839286,2999.997297551786,9
8091,Blue One M,East,3000,1,0.4476377848233352,1342.9133544700057,4
8092,Blue One M,Far North,3000,1,0.4336613854948451,1300.9841564845353,4
8093,Blue One M,Centre,3000,1,0.9999993480114427,2999.9980440343284,9
8094,Blue One M,North,3000,1,0.2522205309133425,756.6615927400276,3
8095,Blue One M,South,3000,0,0.0005161296268381096,1.5483888805143287,1
8096,Blue One M,South West,3000,1,0.30473183300525974,914.1954990157792,4
8097,Blue One M,South West,3000,1,0.2665201673046072,799.5605019138216,3
8098,Blue One S,Adamawa,2000,0,0.00019405369881744488,0.3881073976348898,1
8100,Blue One M,East,3000,0,0.0017829404505169868,5.34882135155096,2
8101,Blue One M,Adamawa,3000,1,0.9999993191420246,2999.9979574260738,9
8102,Blue One M,South West,3000,0,0.4084242734442818,1225.2728203328454,4
8103,Blue One M,Adamawa,3000,1,0.9999993172737156,2999.9979518211467,9
8104,Blue One M,South,3000,0,0.42709558321779906,1281.2867496533972,4
8105,Blue One M,Far North,3000,0,0.4869296745763573,1460.789023729072,5
8106,Blue One L,South,5000,0,0.5943793275911384,2971.8966379556923,7
8107,Blue One L,Far North,5000,1,0.9999998518901356,4999.999259450678,10
8108,Blue One M,Littoral,3000,1,0.9999988508568647,2999.996552570594,8
8109,Blue One M,Centre,3000,0,0.003181598530759527,9.54479559227858,3
8110,Blue One M,North West,3000,0,0.5955720474588845,1786.7161423766534,7
8111,Blue One L,Adamawa,5000,1,0.5857695312168679,2928.8476560843396,7
8112,Blue One L,Far North,5000,0,0.001622705813330919,8.113529066654595,2
8113,Blue One L,South West,5000,1,0.9999998461461704,4999.999230730852,10
8114,Blue One M,Adamawa,3000,1,0.9999991080913325,2999.9973242739975,9
8115,Blue One L,Littoral,5000,1,0.6020952127487041,3010.4760637435206,8
8116,Blue One L,Adamawa,5000,0,0.0016215412647371747,8.107706323685873,2
8117,Blue One L,North West,5000,1,0.9999998727911918,4999.999363955959,10
8118,Blue One L,North West,5000,0,0.6266287614076049,3133.1438070380245,8
8119,Blue One L,South,5000,0,0.546056924697787,2730.284623488935,6
8120,Blue One L,North,5000,1,0.9999998310320027,4999.999155160013,10
8121,Blue One M,West,3000,0,0.00313596427618776,9.40789282856328,3
8122,Blue One L,Far North,5000,1,0.6159777557122672,3079.888778561336,8
8123,Blue One L,Centre,5000,0,0.6084081970036441,3042.0409850182205,8
8124,Blue One L,East,5000,0,0.6372548279235318,3186.2741396176593,8
8125,Blue One L,North,5000,1,0.9999998480198515,4999.999240099258,10
8126,Blue One L,West,5000,1,0.9999998666947183,4999.999333473592,10
8127,Blue One M,West,3000,0,0.46329890462926565,1389.896713887797,5
8128,Blue One M,Centre,3000,0,0.27193855270256934,815.815658107708,3
8129,Blue One M,Littoral,3000,1,0.9999986803103814,2999.9960409311443,8
8130,Blue One L,Littoral,5000,1,0.6003152786243093,3001.5763931215465,8
8131,Blue One M,West,3000,1,0.999999033942339,2999.997101827017,9
8132,Blue One M,South West,3000,1,0.9999989003612826,2999.9967010838477,8
8133,Blue One L,Centre,5000,0,0.498585496637948,2492.92748318974,5
8134,Blue One L,Far North,5000,0,0.5609017309839187,2804.5086549195935,6
8135,Blue One L,North,5000,1,0.9999998485035094,4999.999242517547,10
8136,Blue One L,Centre,5000,1,0.999999852959013,4999.999264795065,10
8137,Blue One M,North West,3000,1,0.9999994387985319,2999.998316395596,10
8138,Blue One L,West,5000,0,0.001237729499733588,6.18864749866794,1
8139,Blue One L,South West,5000,0,0.5564530831903894,2782.265415951947,6
8140,Blue One M,Centre,3000,1,0.999999038404522,2999.997115213566,9
8141,Blue One M,Adamawa,3000,0,0.5867445837468703,1760.233751240611,7
8142,Blue One L,Far North,5000,1,0.9999998388843678,4999.999194421839,10
8143,Blue One L,South,5000,0,0.4889810260421093,2444.9051302105463,5
8144,Blue One L,North,5000,0,0.5326666038590767,2663.3330192953836,6
8145,Blue One L,Littoral,5000,1,0.55459285167577,2772.96425837885,6
8146,Blue One M,Adamawa,3000,1,0.5976859425696455,1793.0578277089364,7
8147,Blue One L,South West,5000,0,0.0011468132738232135,5.734066369116067,1
8149,Blue One L,West,5000,1,0.5478385377845075,2739.192688922538,6
8150,Blue One M,North West,3000,0,0.0019099510036388882,5.729853010916664,2
8151,Blue One M,Littoral,3000,0,0.41616452693269596,1248.4935807980878,4
8152,Blue One M,East,3000,0,0.002935413909425905,8.806241728277714,3
8153,Blue One L,Littoral,5000,1,0.9999998254779816,4999.999127389908,10
8154,Blue One L,South,5000,0,0.543734005635567,2718.670028177835,6
8155,Blue One M,Far North,3000,0,0.003457272211366752,10.371816634100256,3
8156,Blue One M,East,3000,1,0.5624668564210804,1687.4005692632413,7
8157,Blue One M,Adamawa,3000,1,0.9999992796617776,2999.9978389853327,9
8158,Blue One L,South,5000,0,0.0011747600893221972,5.873800446610986,1
8159,Blue One M,South,3000,1,0.9999987268152589,2999.9961804457766,8
8160,Blue One M,North West,3000,1,0.9999988805734411,2999.996641720323,8
8161,Blue One M,West,3000,0,0.533937977671737,1601.813933015211,6
8162,Blue One M,West,3000,1,0.29970694514530105,899.1208354359031,3
8163,Blue One M,South West,3000,1,0.5491712561798489,1647.5137685395466,6
8164,Blue One M,North,3000,1,0.5571379236060984,1671.413770818295,6
8166,Blue One M,Littoral,3000,0,0.4579469776212452,1373.8409328637356,4
8167,Blue One M,South,3000,1,0.9999986950253995,2999.9960850761986,8
8168,Blue One M,Centre,3000,0,0.5075045288634464,1522.5135865903394,5
8170,Blue One M,Centre,3000,1,0.5786941906642329,1736.0825719926986,7
8171,Blue One M,Centre,3000,0,0.003530817824285661,10.592453472856983,3
8172,Blue One M,South West,3000,1,0.5455672224037589,1636.7016672112766,6
8173,Blue One M,North,3000,1,0.9999988224921309,2999.996467476393,8
8174,Blue One M,North,3000,0,0.0031061677221024915,9.318503166307474,3
8175,Blue One M,Centre,3000,1,0.9999990311919118,2999.9970935757356,9
8176,Blue One M,Adamawa,3000,1,0.9999990712016813,2999.9972136050437,9
8177,Blue One M,North,3000,0,0.5526091531718482,1657.8274595155447,6
8178,Blue One M,East,3000,1,0.9999988876114967,2999.99666283449,8
8179,Blue One M,Adamawa,3000,0,0.5515172150253421,1654.5516450760263,6
8180,Blue One M,South,3000,1,0.5784967455525761,1735.4902366577285,7
8181,Blue One M,South West,3000,0,0.5653017592024684,1695.9052776074052,7
8182,Blue One M,Littoral,3000,1,0.4588372250191214,1376.511675057364,4
8183,Blue One M,Centre,3000,1,0.9999986174314536,2999.9958522943607,8
8184,Blue One M,South,3000,1,0.9999994079242478,2999.9982237727436,10
8185,Blue One M,Littoral,3000,1,0.9999989802648366,2999.9969407945096,9
8186,Blue One M,Littoral,3000,1,0.9999987525180897,2999.996257554269,8
8187,Blue One M,Far North,3000,1,0.9999988179463785,2999.9964538391355,8
8188,Blue One M,East,3000,0,0.001472413051511201,4.417239154533603,2
8189,Blue One M,Centre,3000,1,0.9999992753569518,2999.9978260708554,9
8190,Blue One M,North West,3000,0,0.520545293718999,1561.6358811569971,6
8192,Blue One L,Adamawa,5000,1,0.9999997942016271,4999.998971008135,10
8193,Blue One L,North West,5000,1,0.9999997687021258,4999.998843510629,10
8194,Blue One L,East,5000,0,0.0016563261909130628,8.281630954565314,2
8195,Blue One L,South West,5000,0,0.001602037333622517,8.010186668112585,2
8196,Blue One L,North West,5000,1,0.9999997643050524,4999.998821525262,10
8197,Blue One L,East,5000,0,0.6242356683146242,3121.178341573121,8
8198,Blue One L,Far North,5000,0,0.6057145682835483,3028.5728414177415,8
8199,Blue One L,Centre,5000,1,0.9999998663553963,4999.999331776981,10
8200,Blue One L,East,5000,1,0.9999997981994829,4999.998990997415,10
8202,Blue One L,Adamawa,5000,0,0.0017271301269160843,8.635650634580422,2
8203,Blue One L,East,5000,0,0.0018888813021933576,9.444406510966788,2
8205,Blue One L,Centre,5000,1,0.6191077356108873,3095.5386780544363,8
8206,Blue One L,South West,5000,1,0.9999998273306642,4999.99913665332,10
8208,Blue One L,East,5000,0,0.0017938193323543095,8.969096661771548,2
8209,Blue One L,Far North,5000,0,0.0017042132646863826,8.521066323431914,2
8210,Blue One M,Littoral,3000,1,0.5449834760974296,1634.9504282922887,6
8211,Blue One L,Adamawa,5000,0,0.0017056188840663352,8.528094420331676,2
8212,Blue One M,Centre,3000,1,0.9999984354098191,2999.9953062294576,8
8213,Blue One L,East,5000,1,0.593433473055845,2967.167365279225,7
8214,Blue One L,West,5000,0,0.001217995781822186,6.08997890911093,1
8215,Blue One L,Adamawa,5000,1,0.5927264333376756,2963.632166688378,7
8216,Blue One L,Far North,5000,1,0.9999998375465096,4999.999187732547,10
8217,Blue One M,Centre,3000,0,0.002602007160724158,7.806021482172474,2
8218,Blue One L,Adamawa,5000,1,0.9999998712155763,4999.999356077881,10
8219,Blue One L,Centre,5000,1,0.9999998676143462,4999.9993380717315,10
8220,Blue One L,Littoral,5000,1,0.5995619602973112,2997.8098014865564,8
8221,Blue One M,North,3000,1,0.45583532970936924,1367.5059891281078,4
8222,Blue One M,South West,3000,0,0.0030505243449793166,9.15157303493795,3
8223,Blue One M,Littoral,3000,1,0.9999990993516392,2999.997298054918,9
8224,Blue One M,North West,3000,1,0.5163167051943981,1548.9501155831942,5
8225,Blue One M,North West,3000,1,0.9999990828801035,2999.9972486403108,9
8227,Blue One L,North West,5000,0,0.001816475502064314,9.082377510321571,2
8228,Blue One M,South West,3000,1,0.9999992203312341,2999.9976609937025,9
8229,Blue One L,North West,5000,1,0.9999998830950637,4999.9994154753185,10
8230,Blue One L,Centre,5000,1,0.9999998709033731,4999.999354516865,10
8231,Blue One L,South,5000,1,0.562476183227032,2812.3809161351596,7
8232,Blue One L,South,5000,0,0.001652274439563945,8.261372197819725,2
8233,Blue One L,North,5000,1,0.9999998631674628,4999.9993158373145,10
8234,Blue One L,Adamawa,5000,0,0.6125649668634651,3062.8248343173254,8
8235,Blue One L,Far North,5000,1,0.9999997937030779,4999.99896851539,10
8236,Blue One L,South West,5000,1,0.9999998530019741,4999.999265009871,10
8237,Blue One L,South,5000,1,0.557360961359554,2786.80480679777,6
8238,Blue One L,South,5000,1,0.6074903497623735,3037.451748811867,8
8239,Blue One M,North,3000,0,0.3117952860325383,935.3858580976149,4
8240,Blue One M,Centre,3000,1,0.4821019337633561,1446.3058012900683,5
8241,Blue One L,Centre,5000,1,0.9999997975973495,4999.998987986747,10
8242,Blue One L,South,5000,1,0.6088912742931869,3044.4563714659344,8
8243,Blue One L,Far North,5000,0,0.001674358219393197,8.371791096965984,2
8244,Blue One L,Far North,5000,0,0.6327711762875036,3163.855881437518,8
8245,Blue One M,Adamawa,3000,1,0.9999992909126295,2999.9978727378884,9
8246,Blue One L,South West,5000,0,0.5330513648490391,2665.2568242451957,6
8247,Blue One L,South,5000,1,0.9999998565029805,4999.999282514903,10
8248,Blue One L,South West,5000,0,0.0014069855627567528,7.034927813783764,1
8249,Blue One M,Littoral,3000,0,0.3098298101099418,929.4894303298255,4
8250,Blue One M,North,3000,0,0.0003819547765666181,1.1458643296998543,1
8251,Blue One L,West,5000,1,0.5450977963004814,2725.488981502407,6
8252,Blue One L,East,5000,1,0.6226645436590861,3113.3227182954306,8
8253,Blue One L,Far North,5000,1,0.9999998406484775,4999.999203242387,10
8254,Blue One L,Far North,5000,1,0.5822284234062205,2911.1421170311023,7
8255,Blue One M,Littoral,3000,1,0.9999992228028206,2999.997668408462,9
8256,Blue One L,North,5000,0,0.0014355457042504844,7.177728521252422,2
8257,Blue One L,West,5000,1,0.9999998519893324,4999.999259946662,10
8258,Blue One M,West,3000,0,0.0034372560437735127,10.311768131320537,3
8259,Blue One L,West,5000,1,0.9999997860520182,4999.998930260091,10
8260,Blue One L,Littoral,5000,0,0.6040630242884286,3020.315121442143,8
8261,Blue One L,North,5000,1,0.5940566984993085,2970.2834924965427,7
8262,Blue One M,South,3000,0,0.0004894360091724136,1.4683080275172407,1
8263,Blue One L,Littoral,5000,1,0.9999997787303846,4999.998893651923,10
8264,Blue One L,Centre,5000,1,0.6158600296620512,3079.300148310256,8
8265,Blue One L,North,5000,0,0.001467387833896922,7.33693916948461,2
8266,Blue One L,Littoral,5000,0,0.0014780992132343274,7.390496066171637,2
8267,Blue One L,East,5000,0,0.0018624512745509198,9.312256372754598,2
8268,Blue One L,Adamawa,5000,1,0.596086488544116,2980.43244272058,7
8269,Blue One L,Far North,5000,0,0.5918142435467924,2959.071217733962,7
8270,Blue One L,East,5000,0,0.0016929747421927694,8.464873710963847,2
8271,Blue One L,Far North,5000,0,0.0017439144290737913,8.719572145368957,2
8272,Blue One M,North West,3000,0,0.0016115216953001311,4.834565085900393,2
8273,Blue One L,Adamawa,5000,1,0.9999998079750114,4999.999039875057,10
8274,Blue One L,Adamawa,5000,0,0.6078013127386505,3039.0065636932522,8
8275,Blue One L,West,5000,1,0.9999997080767462,4999.998540383731,10
8276,Blue One M,South West,3000,1,0.5189084839142947,1556.725451742884,6
8277,Blue One M,East,3000,1,0.9999991002489586,2999.9973007468757,9
8278,Blue One L,Far North,5000,1,0.9999997901894077,4999.998950947038,10
8279,Blue One L,East,5000,0,0.6322135527333994,3161.067763666997,8
8280,Blue One L,South,5000,1,0.9999997759200623,4999.998879600312,10
8281,Blue One L,Centre,5000,0,0.001713393127585903,8.566965637929515,2
8282,Blue One L,East,5000,1,0.9999998747634421,4999.999373817211,10
8283,Blue One L,Littoral,5000,1,0.9999997650703459,4999.9988253517295,10
8284,Blue One L,West,5000,1,0.9999998602866245,4999.999301433122,10
8285,Blue One L,West,5000,1,0.999999721515565,4999.998607577825,10
8286,Blue One L,Adamawa,5000,1,0.9999998018427403,4999.999009213701,10
8287,Blue One L,North,5000,1,0.999999759399056,4999.99879699528,10
8288,Blue One L,North,5000,1,0.5667765827102285,2833.8829135511423,7
8289,Blue One L,Far North,5000,0,0.001324211943513652,6.62105971756826,1
8290,Blue One L,North West,5000,1,0.9999998180351632,4999.9990901758165,10
8291,Blue One L,Far North,5000,1,0.999999791824201,4999.998959121005,10
8292,Blue One L,Centre,5000,1,0.6012463985294201,3006.2319926471005,8
8293,Blue One L,Littoral,5000,1,0.5558197840088384,2779.098920044192,6
8294,Blue One L,Littoral,5000,1,0.5588189085162631,2794.0945425813156,6
8295,Blue One L,Centre,5000,1,0.5860008190190151,2930.0040950950756,7
8296,Blue One L,South,5000,1,0.6171872782599793,3085.9363912998965,8
8297,Blue One L,North West,5000,0,0.001744286095667919,8.721430478339595,2
8298,Blue One L,North,5000,0,0.5599260632170788,2799.630316085394,6
8299,Blue One M,Littoral,3000,0,0.0013091244372109422,3.9273733116328264,1
8300,Blue One L,North,5000,1,0.9999998289974114,4999.999144987057,10
8301,Blue One L,Centre,5000,1,0.5657383692618129,2828.691846309064,7
8302,Blue One L,Adamawa,5000,0,0.0013134867947330268,6.567433973665134,1
8303,Blue One L,South West,5000,1,0.9999997198495366,4999.998599247683,10
8304,Blue One L,Centre,5000,0,0.5687105220817735,2843.5526104088676,7
8305,Blue One L,Centre,5000,0,0.0016467759828899587,8.233879914449794,2
8306,Blue One L,South,5000,1,0.9999997818620127,4999.998909310063,10
8307,Blue One L,East,5000,1,0.6519082467470586,3259.541233735293,8
8308,Blue One L,Adamawa,5000,1,0.5566750479612969,2783.3752398064844,6
8309,Blue One M,South,3000,1,0.5770744782515528,1731.2234347546582,7
8310,Blue One M,East,3000,0,0.0038328791187628468,11.49863735628854,3
8311,Blue One M,North West,3000,1,0.6094404691265904,1828.3214073797712,8
8312,Blue One M,West,3000,0,0.5109787099536702,1532.9361298610106,5
8313,Blue One M,Adamawa,3000,1,0.5866361553873132,1759.9084661619395,7
8314,Blue One M,North West,3000,0,0.604674853089673,1814.024559269019,8
8315,Blue One M,Adamawa,3000,1,0.9999990486763217,2999.9971460289653,9
8316,Blue One M,North West,3000,0,0.002976882957736932,8.930648873210796,3
8317,Blue One M,South West,3000,1,0.563084515561389,1689.253546684167,7
8318,Blue One M,Far North,3000,0,0.0034197130617670754,10.259139185301226,3
8319,Blue One M,Littoral,3000,0,0.47626660414513267,1428.799812435398,5
8320,Blue One M,South West,3000,0,0.45914923794070983,1377.4477138221296,4
8321,Blue One M,Far North,3000,0,0.0030719226115118355,9.215767834535507,3
8322,Blue One M,East,3000,0,0.34218050202721484,1026.5415060816445,4
8323,Blue One M,Far North,3000,1,0.48285338413457696,1448.5601524037309,5
8324,Blue One M,South,3000,1,0.9999988101883243,2999.996430564973,8
8325,Blue One M,West,3000,1,0.9999987629131206,2999.9962887393617,8
8326,Blue One M,Far North,3000,0,0.536837539714026,1610.5126191420782,6
8327,Blue One M,South,3000,0,0.0012947863596855687,3.884359079056706,1
8328,Blue One M,East,3000,1,0.9999991703416486,2999.997511024946,9
8329,Blue One M,South West,3000,1,0.3700382997304869,1110.1148991914608,4
8330,Blue One M,North,3000,0,0.001510122359347908,4.530367078043724,2
8331,Blue One M,South West,3000,0,0.4038821681911351,1211.6465045734053,4
8332,Blue One M,North,3000,0,0.0012483584160859727,3.745075248257918,1
8333,Blue One M,North,3000,1,0.47100300160049546,1413.0090048014863,5
8334,Blue One M,North West,3000,1,0.5554959205399873,1666.487761619962,6
8335,Blue One M,North West,3000,0,0.001495028365685391,4.4850850970561735,2
8336,Blue One M,Adamawa,3000,0,0.5499761188698494,1649.9283566095482,6
8337,Blue One M,Littoral,3000,1,0.5149744054221161,1544.9232162663484,5
8339,Blue One M,North,3000,1,0.9999986626532792,2999.9959879598377,8
8340,Blue One M,South West,3000,1,0.2607366876733668,782.2100630201003,3
8341,Blue One M,North,3000,1,0.5155744185610794,1546.7232556832382,5
8342,Blue One M,North West,3000,1,0.9999989267980987,2999.996780394296,8
8343,Blue One L,Adamawa,5000,1,0.6245968067556948,3122.9840337784744,8
8344,Blue One L,West,5000,0,0.5971311260957765,2985.6556304788824,7
8345,Blue One L,North,5000,0,0.5624690478004922,2812.3452390024613,7
8346,Blue One L,North,5000,1,0.5389359361957003,2694.679680978502,6
8347,Blue One L,West,5000,0,0.614976007548819,3074.880037744095,8
8348,Blue One L,Centre,5000,1,0.9999998229285096,4999.999114642548,10
8349,Blue One L,North West,5000,0,0.6215564929028012,3107.7824645140063,8
8350,Blue One L,South,5000,0,0.5627863019600344,2813.931509800172,7
8351,Blue One L,Littoral,5000,1,0.9999998221296565,4999.999110648283,10
8352,Blue One L,Littoral,5000,1,0.5340155729813268,2670.077864906634,6
8353,Blue One L,North West,5000,0,0.0014946091133376167,7.473045566688083,2
8354,Blue One L,Adamawa,5000,1,0.5824411548392693,2912.2057741963463,7
8355,Blue One M,Adamawa,3000,0,0.4369865084999764,1310.9595254999292,4
8356,Blue One M,South,3000,0,0.0012928531062991273,3.878559318897382,1
8357,Blue One M,Far North,3000,0,0.00277526908399689,8.32580725199067,3
8358,Blue One M,Littoral,3000,0,0.4970877784539571,1491.2633353618712,5
8359,Blue One M,South,3000,0,0.5146836517606989,1544.0509552820965,5
8360,Blue One L,South West,5000,1,0.9999998143548108,4999.999071774054,10
8361,Blue One L,Far North,5000,1,0.53192847307007,2659.64236535035,6
8362,Blue One L,Littoral,5000,0,0.5491593674863128,2745.7968374315637,6
8363,Blue One L,South West,5000,0,0.0011485843658854229,5.7429218294271145,1
8364,Blue One L,Littoral,5000,1,0.5297113868011707,2648.5569340058532,6
8365,Blue One M,Centre,3000,1,0.9999989717924614,2999.9969153773845,9
8366,Blue One M,South,3000,1,0.9999989755096823,2999.996926529047,9
8367,Blue One M,Adamawa,3000,1,0.9999990579672896,2999.997173901869,9
8368,Blue One L,Littoral,5000,1,0.9999998268462624,4999.999134231312,10
8369,Blue One L,South West,5000,0,0.0012512466334578232,6.256233167289116,1
8370,Blue One L,South,5000,0,0.0015447831769343095,7.723915884671547,2
8371,Blue One L,North West,5000,1,0.5787618933960317,2893.8094669801585,7
8372,Blue One L,North,5000,1,0.5545053773624683,2772.5268868123417,6
8373,Blue One L,North West,5000,1,0.5922197670771078,2961.0988353855387,7
8374,Blue One L,North,5000,0,0.5884463729202429,2942.2318646012145,7
8375,Blue One L,West,5000,0,0.001681067836204286,8.40533918102143,2
8376,Blue One L,South,5000,1,0.6022935792996394,3011.467896498197,8
8377,Blue One M,North West,3000,0,0.5442820199212756,1632.8460597638266,6
8378,Blue One L,North,5000,0,0.0010000228092543965,5.000114046271983,1
8379,Blue One M,Centre,3000,1,0.5571643084029002,1671.4929252087006,6
8380,Blue One L,North,5000,0,0.5359396543033839,2679.6982715169192,6
8381,Blue One L,Centre,5000,1,0.9999998185260414,4999.999092630207,10
8382,Blue One L,South,5000,0,0.0015029165379892738,7.514582689946369,2
8383,Blue One L,South West,5000,1,0.5441710287321634,2720.855143660817,6
8384,Blue One M,Centre,3000,0,0.0021897380906971743,6.569214272091523,2
8385,Blue One L,Centre,5000,1,0.6151287749411688,3075.643874705844,8
8386,Blue One L,South,5000,1,0.9999998549143891,4999.9992745719455,10
8387,Blue One L,South,5000,0,0.6138389825714543,3069.1949128572714,8
8388,Blue One L,North,5000,1,0.5913989412200302,2956.9947061001512,7
8389,Blue One L,Far North,5000,1,0.6450909671636588,3225.4548358182938,8
8390,Blue One L,East,5000,1,0.9999998476912441,4999.99923845622,10
8391,Blue One M,South,3000,1,0.9999987120159883,2999.996136047965,8
8392,Blue One L,West,5000,1,0.9999998561118366,4999.999280559183,10
8393,Blue One L,Adamawa,5000,1,0.9999998543237997,4999.999271618998,10
8394,Blue One M,Far North,3000,0,0.0028534219664282114,8.560265899284634,3
8395,Blue One L,North West,5000,1,0.999999879367618,4999.99939683809,10
8396,Blue One L,Littoral,5000,0,0.001533909541602261,7.669547708011305,2
8397,Blue One M,East,3000,1,0.9999992892765603,2999.997867829681,9
8398,Blue One M,East,3000,0,0.00043871057097209787,1.3161317129162935,1
8399,Blue One M,Adamawa,3000,1,0.9999993129745385,2999.9979389236155,9
8400,Blue One M,West,3000,0,0.48350829253105343,1450.5248775931602,5
8401,Blue One M,Littoral,3000,1,0.9999990115022769,2999.9970345068305,9
8402,Blue One M,Adamawa,3000,0,0.0004903538438964004,1.471061531689201,1
8403,Blue One M,North,3000,1,0.4034259346144874,1210.2778038434622,4
8404,Blue One M,Adamawa,3000,0,0.0014257241491001215,4.277172447300365,2
8405,Blue One M,North,3000,1,0.9999990647850896,2999.9971943552687,9
8406,Blue One M,Littoral,3000,1,0.9999989925372819,2999.9969776118455,9
8407,Blue One M,South West,3000,0,0.0013286974723169646,3.986092416950894,1
8408,Blue One M,West,3000,1,0.4334905225130692,1300.4715675392076,4
8409,Blue One M,North West,3000,0,0.0036124979012178726,10.837493703653617,3
8410,Blue One M,South West,3000,1,0.5710832069348072,1713.2496208044215,7
8411,Blue One M,West,3000,1,0.9999989629985624,2999.996888995687,9
8412,Blue One M,East,3000,1,0.49784118770510544,1493.5235631153164,5
8413,Blue One M,North West,3000,1,0.9999990777558639,2999.997233267592,9
8414,Blue One M,North,3000,0,0.5475419126732238,1642.6257380196714,6
8415,Blue One M,North West,3000,0,0.5888583640830697,1766.575092249209,7
8416,Blue One M,Centre,3000,0,0.5625901677384004,1687.7705032152012,7
8417,Blue One M,Far North,3000,0,0.5536409989019021,1660.9229967057063,6
8418,Blue One M,South,3000,0,0.5785938807392653,1735.781642217796,7
8419,Blue One L,West,5000,0,0.5951401983830575,2975.700991915288,7
8420,Blue One L,Far North,5000,1,0.5925152759160851,2962.5763795804255,7
8421,Blue One L,North West,5000,0,0.5854570450145239,2927.2852250726196,7
8422,Blue One M,North West,3000,1,0.4943090884375386,1482.9272653126159,5
8423,Blue One L,East,5000,0,0.6197102711786435,3098.5513558932175,8
8424,Blue One L,North West,5000,0,0.5784823383889882,2892.411691944941,7
8425,Blue One M,South,3000,1,0.9999990350788628,2999.997105236588,9
8426,Blue One L,Adamawa,5000,1,0.9999998511470891,4999.999255735445,10
8427,Blue One L,South West,5000,0,0.5373395530941739,2686.6977654708694,6
8428,Blue One L,South,5000,0,0.5452908999743827,2726.454499871914,6
8429,Blue One L,Littoral,5000,1,0.5312748819372843,2656.3744096864216,6
8430,Blue One M,Adamawa,3000,0,0.002842604890054403,8.527814670163208,3
8431,Blue One M,West,3000,1,0.503408202108062,1510.2246063241862,5
8432,Blue One M,North,3000,0,0.4094834550285803,1228.450365085741,4
8433,Blue One M,West,3000,1,0.9999992779615035,2999.9978338845103,9
8434,Blue One M,South West,3000,1,0.5105590487702938,1531.6771463108814,5
8435,Blue One M,Adamawa,3000,0,0.5319972435748122,1595.9917307244364,6
8436,Blue One M,Littoral,3000,0,0.0016111009836559328,4.8333029509677985,2
8437,Blue One M,North West,3000,0,0.45990607254951155,1379.7182176485346,5
8438,Blue One M,Adamawa,3000,1,0.9999992674286475,2999.9978022859427,9
8439,Blue One M,Centre,3000,1,0.48014915426398147,1440.4474627919444,5
8440,Blue One M,Far North,3000,1,0.9999985629264276,2999.995688779283,8
8441,Blue One M,South West,3000,1,0.9999990110948684,2999.997033284605,9
8442,Blue One M,Littoral,3000,0,0.5099707245723891,1529.9121737171674,5
8443,Blue One M,North West,3000,0,0.0028943493229870772,8.683047968961231,3
8444,Blue One M,Littoral,3000,1,0.5499572271844154,1649.8716815532462,6
8445,Blue One M,West,3000,1,0.5132317917676166,1539.6953753028497,5
8446,Blue One M,North,3000,1,0.9999989102319807,2999.996730695942,8
8447,Blue One M,Centre,3000,1,0.5776252644237273,1732.875793271182,7
8448,Blue One M,North West,3000,0,0.5838925387583873,1751.6776162751619,7
8449,Blue One M,West,3000,0,0.5362803665533595,1608.8410996600785,6
8450,Blue One M,Littoral,3000,0,0.0025909216743854385,7.772765023156316,2
8451,Blue One M,North West,3000,1,0.5566761739636698,1670.0285218910092,6
8455,Blue One M,South West,3000,0,0.0033032075817532626,9.909622745259787,3
8456,Blue One M,East,3000,1,0.9999990776932888,2999.9972330798664,9
8457,Blue One M,Adamawa,3000,0,0.0035370531307534836,10.61115939226045,3
8458,Blue One M,Littoral,3000,1,0.9999987642092363,2999.996292627709,8
8459,Blue One M,Far North,3000,1,0.540749357523571,1622.248072570713,6
8460,Blue One M,South,3000,1,0.9999990162955354,2999.9970488866065,9
8461,Blue One M,West,3000,0,0.5263563937371833,1579.0691812115501,6
8462,Blue One M,North,3000,0,0.0024553817616545888,7.366145284963766,2
8463,Blue One M,South,3000,0,0.5069403558160023,1520.8210674480067,5
8464,Blue One M,South West,3000,0,0.566464315275034,1699.392945825102,7
8465,Blue One M,North West,3000,1,0.6012761215004723,1803.828364501417,8
8466,Blue One M,West,3000,1,0.9999992546356025,2999.9977639068074,9
8467,Blue One M,Adamawa,3000,0,0.4536900182251713,1361.0700546755138,4
8468,Blue One L,South,5000,1,0.5381302445588898,2690.651222794449,6
8469,Blue One L,East,5000,1,0.9999998797492229,4999.999398746115,10
8470,Blue One M,Centre,3000,1,0.5240699421841002,1572.2098265523007,6
8471,Blue One L,South,5000,1,0.5917104453065262,2958.552226532631,7
8472,Blue One L,Littoral,5000,0,0.0014313971271863346,7.156985635931673,2
8473,Blue One L,Littoral,5000,1,0.9999998590633744,4999.999295316872,10
8474,Blue One L,Adamawa,5000,1,0.9999998787096941,4999.999393548471,10
8475,Blue One L,Littoral,5000,1,0.999999859567843,4999.999297839215,10
8476,Blue One L,Littoral,5000,0,0.6010564250404926,3005.2821252024632,8
8477,Blue One L,Far North,5000,1,0.9999998709098918,4999.999354549459,10
8478,Blue One L,Far North,5000,1,0.9999998680948684,4999.999340474342,10
8479,Blue One L,North,5000,1,0.5307188946556614,2653.594473278307,6
8480,Blue One L,North,5000,1,0.9999998505650433,4999.999252825216,10
8481,Blue One L,East,5000,0,0.001494653465451948,7.473267327259739,2
8482,Blue One L,Littoral,5000,0,0.6013430213638505,3006.7151068192525,8
8483,Blue One L,North,5000,0,0.5475829065359662,2737.914532679831,6
8484,Blue One L,North West,5000,0,0.0013821489562174,6.910744781087,1
8485,Blue One L,East,5000,1,0.6008513095932372,3004.2565479661857,8
8486,Blue One L,Adamawa,5000,1,0.9999998762007378,4999.999381003689,10
8487,Blue One M,South,3000,0,0.5654902065501197,1696.4706196503591,7
8488,Blue One L,South West,5000,1,0.9999998557116736,4999.999278558368,10
8489,Blue One L,South,5000,1,0.9999998358191052,4999.999179095526,10
8490,Blue One L,South West,5000,0,0.001263633263468872,6.31816631734436,1
8491,Blue One L,Far North,5000,0,0.5202145157081297,2601.0725785406485,6
8492,Blue One L,North West,5000,1,0.5950952918070452,2975.476459035226,7
8493,Blue One L,North,5000,1,0.555222329334817,2776.111646674085,6
8494,Blue One M,West,3000,1,0.5821528984548167,1746.45869536445,7
8495,Blue One M,Centre,3000,1,0.5855655254013649,1756.6965762040945,7
8496,Blue One M,East,3000,1,0.9999988875572289,2999.9966626716864,8
8497,Blue One L,North,5000,0,0.49890059117004276,2494.5029558502138,5
8498,Blue One M,West,3000,1,0.999998969898215,2999.996909694645,9
8499,Blue One L,East,5000,1,0.9999998514935412,4999.999257467706,10
8500,Blue One L,South,5000,1,0.9999998201970882,4999.999100985441,10
8501,Blue One L,Littoral,5000,1,0.5339164396917611,2669.582198458805,6
8502,Blue One L,Far North,5000,0,0.5650074586844386,2825.0372934221928,7
8503,Blue One L,North,5000,1,0.9999998120184301,4999.999060092151,10
8504,Blue One L,Adamawa,5000,0,0.0014181094555218898,7.090547277609449,1
8505,Blue One M,West,3000,0,0.5759354346195367,1727.80630385861,7
8506,Blue One L,South West,5000,1,0.5315877664034123,2657.9388320170615,6
8507,Blue One L,Adamawa,5000,1,0.9999998016360399,4999.999008180199,10
8508,Blue One L,North,5000,0,0.0012726538966878174,6.363269483439087,1
8509,Blue One L,Far North,5000,1,0.5729976422916915,2864.9882114584575,7
8510,Blue One L,North,5000,1,0.537363615356002,2686.81807678001,6
8511,Blue One L,Far North,5000,0,0.0013248034197102538,6.624017098551269,1
8512,Blue One M,North,3000,1,0.5189706774012532,1556.9120322037597,6
8513,Blue One L,Far North,5000,1,0.587200067989816,2936.00033994908,7
8514,Blue One M,Far North,3000,0,0.003697168465240417,11.091505395721251,3
8515,Blue One L,North,5000,0,0.001004663829494226,5.023319147471129,1
8516,Blue One L,South West,5000,1,0.9999998123743755,4999.9990618718775,10
8517,Blue One L,West,5000,0,0.001284947363441435,6.424736817207175,1
8518,Blue One L,Littoral,5000,1,0.9999998141304681,4999.99907065234,10
8519,Blue One M,Littoral,3000,1,0.9999990024247498,2999.9970072742494,9
8520,Blue One M,East,3000,0,0.5933817783047675,1780.1453349143023,7
8521,Blue One M,South West,3000,0,0.5135556456327633,1540.66693689829,5
8522,Blue One M,South,3000,0,0.0032344431840879186,9.703329552263755,3
8523,Blue One L,Centre,5000,0,0.0012994742978512553,6.497371489256277,1
8524,Blue One L,South West,5000,0,0.5339195169249545,2669.5975846247725,6
8525,Blue One L,East,5000,1,0.5970817042730007,2985.4085213650033,7
8526,Blue One L,Centre,5000,1,0.5498486481382098,2749.243240691049,6
8527,Blue One L,Littoral,5000,1,0.9999998133322645,4999.999066661322,10
8528,Blue One L,Littoral,5000,1,0.5389956793260269,2694.9783966301343,6
8529,Blue One L,Littoral,5000,1,0.999999818459168,4999.99909229584,10
8530,Blue One L,North,5000,0,0.0012706298266272219,6.353149133136109,1
8531,Blue One M,South West,3000,1,0.547233865024296,1641.7015950728883,6
8532,Blue One L,North,5000,1,0.5004699225543482,2502.349612771741,5
8533,Blue One L,Littoral,5000,0,0.0011472555277843026,5.736277638921513,1
8534,Blue One M,West,3000,0,0.0035133422975072155,10.540026892521647,3
8535,Blue One M,Far North,3000,1,0.5846223701296872,1753.8671103890617,7
8536,Blue One M,North,3000,0,0.5563754065584521,1669.1262196753562,6
8537,Blue One M,North,3000,1,0.5509460604832822,1652.8381814498466,6
8538,Blue One M,Littoral,3000,0,0.4995672280708179,1498.7016842124538,5
8539,Blue One M,North,3000,0,0.5782913986744241,1734.8741960232724,7
8540,Blue One M,North,3000,1,0.9999989051159688,2999.9967153479065,8
8541,Blue One L,Littoral,5000,1,0.5335198203432892,2667.5991017164456,6
8542,Blue One M,Far North,3000,0,0.5795567227335535,1738.6701682006606,7
8543,Blue One L,North West,5000,1,0.5730184962011985,2865.0924810059923,7
8545,Blue One L,Littoral,5000,1,0.5525733516253535,2762.8667581267673,6
8546,Blue One M,West,3000,0,0.0035410068294964934,10.62302048848948,3
8547,Blue One M,West,3000,0,0.2760544664534879,828.1633993604637,3
8548,Blue One M,West,3000,0,0.002774867769106672,8.324603307320016,3
8549,Blue One L,Centre,5000,1,0.5428353419956138,2714.176709978069,6
8550,Blue One L,Adamawa,5000,1,0.5118106702495272,2559.053351247636,5
8551,Blue One M,South West,3000,0,0.003097395008669082,9.292185026007246,3
8552,Blue One M,Littoral,3000,1,0.5746157810844198,1723.8473432532594,7
8553,Blue One M,Centre,3000,1,0.9999990477493548,2999.9971432480643,9
8554,Blue One L,East,5000,1,0.5902677044394008,2951.338522197004,7
8555,Blue One M,Adamawa,3000,1,0.9999990895735928,2999.9972687207787,9
8556,Blue One L,Littoral,5000,0,0.49358017270477966,2467.9008635238984,5
8557,Blue One L,South,5000,1,0.5434495419398476,2717.247709699238,6
8558,Blue One M,Far North,3000,1,0.6027480191403944,1808.2440574211832,8
8559,Blue One M,North,3000,0,0.26677284083842523,800.3185225152757,3
8560,Blue One M,North West,3000,0,0.0029643355155538056,8.893006546661416,3
8561,Blue One M,Adamawa,3000,0,0.0031811553087047464,9.543465926114239,3
8562,Blue One L,West,5000,0,0.001482666854431072,7.41333427215536,2
8563,Blue One L,South,5000,1,0.9999998523916829,4999.9992619584145,10
8564,Blue One L,Far North,5000,0,0.6156122356991716,3078.061178495858,8
8565,Blue One L,Centre,5000,1,0.6142910572980586,3071.4552864902926,8
8566,Blue One L,North West,5000,1,0.620829405736906,3104.14702868453,8
8567,Blue One L,South West,5000,1,0.9999998458393733,4999.9992291968665,10
8568,Blue One L,Adamawa,5000,0,0.0014580999657517115,7.290499828758557,2
8569,Blue One L,North West,5000,0,0.5959590248328752,2979.795124164376,7
8570,Blue One L,North,5000,0,0.0011714392105150225,5.857196052575112,1
8571,Blue One L,South,5000,1,0.9999998230758993,4999.999115379496,10
8572,Blue One L,East,5000,1,0.9999998569328576,4999.999284664288,10
8573,Blue One L,Littoral,5000,0,0.5397754770360319,2698.8773851801593,6
8574,Blue One L,Centre,5000,0,0.0013298888423854667,6.649444211927333,1
8575,Blue One L,East,5000,1,0.5958467577336598,2979.233788668299,7
8576,Blue One L,Far North,5000,0,0.0013536538493563992,6.768269246781996,1
8577,Blue One L,Adamawa,5000,0,0.553130890453029,2765.6544522651448,6
8578,Blue One L,South West,5000,1,0.9999998294169765,4999.999147084883,10
8579,Blue One L,South,5000,0,0.5653955461984589,2826.9777309922943,7
8580,Blue One L,West,5000,0,0.0013237542630066804,6.618771315033402,1
8581,Blue One L,Centre,5000,0,0.5705822719312987,2852.9113596564935,7
8582,Blue One L,South West,5000,1,0.5533522707322361,2766.7613536611807,6
8583,Blue One L,South,5000,0,0.5631784112810055,2815.8920564050277,7
8584,Blue One L,South West,5000,1,0.49466661869178624,2473.333093458931,5
8585,Blue One L,Littoral,5000,1,0.556044600427776,2780.22300213888,6
8586,Blue One L,Far North,5000,0,0.5738747596279846,2869.373798139923,7
8587,Blue One L,Far North,5000,0,0.001339319578586832,6.69659789293416,1
8588,Blue One L,Littoral,5000,0,0.0011907634561984276,5.953817280992138,1
8589,Blue One L,Centre,5000,0,0.5489488662714038,2744.7443313570193,6
8590,Blue One M,Adamawa,3000,1,0.9999990579213325,2999.9971737639976,9
8591,Blue One M,Centre,3000,1,0.32087967398045675,962.6390219413703,4
8592,Blue One L,North West,5000,1,0.5810795143318429,2905.3975716592145,7
8593,Blue One L,South,5000,1,0.5635584428118168,2817.792214059084,7
8594,Blue One M,South,3000,1,0.47907643013475043,1437.2292904042513,5
8595,Blue One L,Far North,5000,1,0.614857699758414,3074.2884987920697,8
8596,Blue One L,Centre,5000,1,0.9999998660954306,4999.999330477152,10
8597,Blue One L,Adamawa,5000,1,0.6337957247655659,3168.9786238278293,8
8598,Blue One L,Littoral,5000,1,0.5370514225709523,2685.2571128547615,6
8599,Blue One M,North West,3000,1,0.9999988521095604,2999.9965563286814,8
8600,Blue One M,South West,3000,1,0.46294975480602923,1388.8492644180876,5
8601,Blue One L,North,5000,0,0.5075521909445446,2537.760954722723,5
8602,Blue One L,North West,5000,0,0.0015295838455958756,7.647919227979378,2
8603,Blue One L,Centre,5000,0,0.0015811166063833212,7.905583031916606,2
8604,Blue One L,South West,5000,0,0.0012439213065898692,6.219606532949346,1
8605,Blue One L,West,5000,1,0.5640528338625798,2820.264169312899,7
8606,Blue One L,South West,5000,0,0.0014108409587900797,7.054204793950398,1
8607,Blue One L,Far North,5000,0,0.0016354279982175603,8.177139991087802,2
8608,Blue One L,Far North,5000,1,0.9999998784040035,4999.999392020018,10
8609,Blue One L,Littoral,5000,0,0.5863309305911611,2931.654652955806,7
8610,Blue One L,North West,5000,1,0.6412345284007883,3206.1726420039417,8
8611,Blue One L,West,5000,1,0.5666603395622516,2833.301697811258,7
8612,Blue One M,Centre,3000,0,0.0026669326619291173,8.000797985787353,3
8613,Blue One M,West,3000,0,0.5640496050950126,1692.1488152850377,7
8614,Blue One M,Littoral,3000,1,0.9999989782812474,2999.996934843742,9
8615,Blue One M,Adamawa,3000,0,0.43813915136918125,1314.4174541075438,4
8616,Blue One L,North,5000,1,0.9999998625250897,4999.9993126254485,10
8617,Blue One L,Centre,5000,1,0.9999998690117099,4999.99934505855,10
8618,Blue One L,Adamawa,5000,1,0.6359784002028562,3179.892001014281,8
8619,Blue One M,South,3000,0,0.5820515624457736,1746.1546873373209,7
8620,Blue One L,Adamawa,5000,1,0.6416910006845031,3208.455003422516,8
8621,Blue One M,East,3000,1,0.9999986587246668,2999.995976174,8
8622,Blue One M,South,3000,1,0.9999987625501175,2999.9962876503528,8
8623,Blue One M,West,3000,0,0.00270846649365882,8.12539948097646,3
8624,Blue One M,East,3000,0,0.003930146564485045,11.790439693455136,3
8625,Blue One L,South West,5000,1,0.9999998270552574,4999.999135276287,10
8626,Blue One L,Adamawa,5000,1,0.5657493243659345,2828.7466218296727,7
8627,Blue One L,West,5000,0,0.001303169165675479,6.515845828377396,1
8628,Blue One L,Far North,5000,1,0.9999998413930723,4999.999206965362,10
8629,Blue One L,North West,5000,0,0.6234176285411462,3117.088142705731,8
8630,Blue One L,West,5000,0,0.0015665588535992744,7.832794267996372,2
8631,Blue One L,Centre,5000,1,0.9999998231227898,4999.999115613949,10
8632,Blue One L,North,5000,0,0.5304834190378754,2652.417095189377,6
8633,Blue One L,North West,5000,1,0.9999998687224053,4999.999343612027,10
8634,Blue One L,North,5000,0,0.5358148178770566,2679.074089385283,6
8635,Blue One L,West,5000,1,0.6087290371168383,3043.645185584192,8
8636,Blue One L,Adamawa,5000,1,0.999999837502328,4999.99918751164,10
8637,Blue One M,Littoral,3000,0,0.566914506219472,1700.7435186584162,7
8638,Blue One L,South West,5000,0,0.5533402136184048,2766.701068092024,6
8639,Blue One L,Far North,5000,0,0.5718513078000597,2859.2565390002983,7
8640,Blue One M,South West,3000,0,0.0013163898267433247,3.949169480229974,1
8641,Blue One M,Centre,3000,0,0.002585892576777975,7.757677730333925,2
8642,Blue One M,Adamawa,3000,1,0.9999991325875585,2999.9973977626755,9
8643,Blue One M,East,3000,1,0.9999990920543605,2999.9972761630816,9
8644,Blue One L,East,5000,0,0.001499271977069101,7.4963598853455045,2
8645,Blue One L,South,5000,1,0.9999998368464953,4999.999184232476,10
8646,Blue One L,Centre,5000,0,0.4946501678530662,2473.250839265331,5
8647,Blue One L,East,5000,0,0.0013416069262025606,6.7080346310128025,1
8648,Blue One M,North West,3000,0,0.5940591487508635,1782.1774462525905,7
8649,Blue One L,North,5000,1,0.5411516442562676,2705.758221281338,6
8650,Blue One L,West,5000,0,0.5662569669025684,2831.2848345128423,7
8651,Blue One M,Centre,3000,0,0.0035103644715659427,10.531093414697828,3
8652,Blue One L,South West,5000,1,0.5326546537146206,2663.273268573103,6
8653,Blue One M,North,3000,1,0.5590911338134859,1677.2734014404575,6
8654,Blue One M,Far North,3000,1,0.9999990463252066,2999.99713897562,9
8655,Blue One M,Centre,3000,0,0.41605475248990104,1248.1642574697032,4
8656,Blue One L,Adamawa,5000,1,0.9999998513249145,4999.999256624573,10
8657,Blue One M,South West,3000,1,0.5538413274254071,1661.5239822762214,6
8658,Blue One M,South West,3000,1,0.5715710961577924,1714.7132884733774,7
8659,Blue One L,North West,5000,1,0.6470125703299296,3235.062851649648,8
8660,Blue One L,Littoral,5000,0,0.6062293873307393,3031.1469366536962,8
8661,Blue One L,East,5000,1,0.6241497289651432,3120.748644825716,8
8662,Blue One L,South West,5000,0,0.0011759965653893648,5.879982826946824,1
8663,Blue One L,West,5000,1,0.5582499250128398,2791.249625064199,6
8664,Blue One M,Far North,3000,0,0.6016260248311106,1804.8780744933317,8
8665,Blue One L,Far North,5000,1,0.9999998428871704,4999.999214435852,10
8666,Blue One M,Adamawa,3000,1,0.9999991272105605,2999.9973816316815,9
8667,Blue One L,Adamawa,5000,1,0.9999998788486821,4999.99939424341,10
8668,Blue One L,West,5000,1,0.5697405999011298,2848.702999505649,7
8669,Blue One M,South,3000,0,0.0004886331584823768,1.4658994754471304,1
8670,Blue One M,South,3000,0,0.4313187322960076,1293.9561968880228,4
8671,Blue One M,Centre,3000,1,0.9999993782635892,2999.9981347907674,9
8672,Blue One M,West,3000,0,0.5147998906285419,1544.3996718856258,5
8673,Blue One M,Centre,3000,0,0.5168273378723016,1550.4820136169049,5
8674,Blue One M,Far North,3000,1,0.5380261339171201,1614.0784017513602,6
8675,Blue One M,Littoral,3000,0,0.4974618067329104,1492.3854201987313,5
8676,Blue One M,Far North,3000,0,0.002862505541454075,8.587516624362225,3
8677,Blue One M,Centre,3000,0,0.0027947760173072985,8.384328051921896,3
8678,Blue One M,South,3000,0,0.4829940989004202,1448.9822967012606,5
8679,Blue One M,North West,3000,0,0.49744753143576226,1492.3425943072868,5
8680,Blue One M,South West,3000,0,0.00158789086573772,4.76367259721316,2
8681,Blue One M,North West,3000,0,0.0015642156898713927,4.692647069614178,2
8682,Blue One M,East,3000,1,0.9999990267732072,2999.9970803196215,9
8684,Blue One M,Littoral,3000,0,0.4220353975597112,1266.1061926791335,4
8685,Blue One M,Centre,3000,0,0.0017162671906921446,5.148801572076434,2
8686,Blue One M,West,3000,0,0.0022134571676203823,6.6403715028611465,2
8687,Blue One M,South,3000,1,0.9999991002436985,2999.9973007310955,9
8688,Blue One M,East,3000,0,0.003990478341027313,11.971435023081938,3
8689,Blue One M,Adamawa,3000,1,0.5144484722923148,1543.3454168769445,5
8690,Blue One M,Adamawa,3000,1,0.5875054253387997,1762.516276016399,7
8691,Blue One M,West,3000,0,0.5832067758950321,1749.6203276850963,7
8692,Blue One M,Littoral,3000,0,0.4926425273214682,1477.9275819644045,5
8693,Blue One M,Far North,3000,1,0.6016377168854348,1804.9131506563044,8
8694,Blue One M,South,3000,1,0.5701657025789375,1710.4971077368125,7
8695,Blue One M,Centre,3000,0,0.0031418762435535476,9.425628730660643,3
8696,Blue One M,Centre,3000,1,0.5576437329556329,1672.9311988668985,6
8697,Blue One M,North,3000,1,0.5498856438240162,1649.6569314720484,6
8698,Blue One M,West,3000,0,0.0034159863663343853,10.247959099003156,3
8699,Blue One M,South,3000,0,0.002705215610975523,8.11564683292657,3
8700,Blue One M,South,3000,0,0.5038142569729023,1511.4427709187069,5
8701,Blue One M,West,3000,1,0.9999990320631632,2999.9970961894896,9
8702,Blue One M,Adamawa,3000,0,0.596559220661975,1789.677661985925,7
8703,Blue One M,East,3000,1,0.4987132407214204,1496.1397221642612,5
8704,Blue One M,East,3000,1,0.9999990715609439,2999.997214682832,9
8705,Blue One M,North,3000,0,0.003048248117025157,9.14474435107547,3
8706,Blue One M,Far North,3000,1,0.5489826173266275,1646.9478519798824,6
8707,Blue One M,North,3000,1,0.9999990142892536,2999.997042867761,9
8708,Blue One L,East,5000,1,0.5746463676531652,2873.2318382658264,7
8709,Blue One L,Adamawa,5000,1,0.5869291750489894,2934.645875244947,7
8710,Blue One L,North,5000,0,0.558591217014327,2792.9560850716352,6
8711,Blue One M,North,3000,0,0.003106016665856328,9.318049997568984,3
8712,Blue One M,Adamawa,3000,0,0.40262369464565906,1207.8710839369771,4
8713,Blue One M,Littoral,3000,0,0.5052208647033504,1515.662594110051,5
8714,Blue One M,Adamawa,3000,0,0.0018816578608033003,5.644973582409901,2
8715,Blue One M,East,3000,1,0.9999988975974989,2999.996692792497,8
8716,Blue One M,North,3000,0,0.500814789130802,1502.444367392406,5
8717,Blue One M,South,3000,1,0.5190434157381333,1557.1302472143998,6
8718,Blue One M,North West,3000,0,0.5356939942525051,1607.0819827575153,6
8719,Blue One M,North,3000,0,0.5191194252965314,1557.3582758895943,6
8720,Blue One M,West,3000,0,0.001724487308722826,5.1734619261684776,2
8721,Blue One M,Adamawa,3000,1,0.9999990580132443,2999.9971740397327,9
8722,Blue One L,Far North,5000,0,0.5700087835114126,2850.043917557063,7
8723,Blue One L,Adamawa,5000,1,0.9999998409624771,4999.999204812385,10
8724,Blue One L,Littoral,5000,1,0.9999998156611651,4999.999078305826,10
8725,Blue One M,Centre,3000,0,0.5029469328386831,1508.8407985160493,5
8726,Blue One M,Far North,3000,1,0.9999992947676808,2999.997884303042,9
8727,Blue One M,West,3000,1,0.5108791646491585,1532.6374939474756,5
8728,Blue One M,North West,3000,0,0.0014903503086886511,4.471050926065954,2
8729,Blue One M,West,3000,0,0.0030382025567262253,9.114607670178676,3
8730,Blue One M,Far North,3000,1,0.6004073891065524,1801.2221673196573,8
8731,Blue One M,Far North,3000,0,0.4841795476925565,1452.5386430776696,5
8732,Blue One M,Far North,3000,0,0.0017170364190510147,5.151109257153045,2
8733,Blue One M,Littoral,3000,1,0.47480038400569136,1424.401152017074,5
8734,Blue One L,North West,5000,0,0.0014552839487507766,7.276419743753883,2
8735,Blue One L,Littoral,5000,1,0.9999998145094189,4999.999072547094,10
8736,Blue One M,West,3000,1,0.9999989027435636,2999.9967082306907,8
8737,Blue One M,Adamawa,3000,1,0.5348122470493993,1604.436741148198,6
8738,Blue One M,East,3000,1,0.5903490747337193,1771.047224201158,7
8739,Blue One M,South West,3000,0,0.000332354145067235,0.997062435201705,1
8740,Blue One M,Littoral,3000,0,0.001260456227323341,3.781368681970023,1
8741,Blue One M,West,3000,1,0.9999992496431279,2999.9977489293838,9
8742,Blue One M,Far North,3000,0,0.0005257345815221433,1.57720374456643,1
8745,Blue One M,South West,3000,0,0.2750601352919537,825.1804058758612,3
8746,Blue One M,Adamawa,3000,1,0.49214064661308854,1476.4219398392656,5
8747,Blue One M,Littoral,3000,1,0.9999991505040284,2999.9974515120853,9
8748,Blue One M,West,3000,0,0.002378338356840315,7.135015070520945,2
8749,Blue One M,East,3000,1,0.9999993621184019,2999.9980863552055,9
8750,Blue One L,South West,5000,0,0.5564651236294968,2782.3256181474844,6
8751,Blue One M,North,3000,0,0.2529255333587744,758.7766000763231,3
8752,Blue One M,East,3000,1,0.9999993950957813,2999.998185287344,10
8753,Blue One M,Far North,3000,1,0.9999992708971273,2999.9978126913816,9
8757,Blue One M,Adamawa,3000,0,0.28110577585301283,843.3173275590385,3
8760,Blue One M,Littoral,3000,0,0.553050513717219,1659.151541151657,6
8761,Blue One M,East,3000,0,0.0030788497376465405,9.236549212939622,3
8762,Blue One M,East,3000,0,0.0017773630984205915,5.332089295261774,2
8764,Blue One M,West,3000,1,0.9999988181838637,2999.9964545515913,8
8765,Blue One M,Adamawa,3000,0,0.33785676747089155,1013.5703024126747,4
8766,Blue One M,Adamawa,3000,1,0.9999992785832321,2999.997835749696,9
8767,Blue One M,Adamawa,3000,1,0.4875341760589374,1462.6025281768123,5
8768,Blue One M,West,3000,0,0.4858357070198529,1457.5071210595588,5
8770,Blue One M,South West,3000,0,0.4938406931442879,1481.5220794328638,5
8771,Blue One M,West,3000,1,0.5112774003282989,1533.8322009848969,5
8772,Blue One M,North,3000,0,0.0024324263685425924,7.297279105627777,2
8773,Blue One M,East,3000,1,0.6035268136864395,1810.5804410593184,8
8774,Blue One M,Far North,3000,0,0.002249872620707586,6.749617862122758,2
8775,Blue One M,Centre,3000,1,0.4764623218420982,1429.3869655262945,5
8776,Blue One M,Littoral,3000,0,0.2515705970586202,754.7117911758606,3
8777,Blue One M,Centre,3000,0,0.0027992211954544796,8.39766358636344,3
8778,Blue One M,East,3000,1,0.9999991653872953,2999.997496161886,9
8779,Blue One M,South West,3000,1,0.548394058931199,1645.182176793597,6
8780,Blue One M,South West,3000,1,0.99999892259434,2999.99676778302,8
8781,Blue One L,Far North,5000,0,0.001427982145105207,7.139910725526035,2
8782,Blue One M,West,3000,1,0.999998810268025,2999.996430804075,8
8784,Blue One M,Littoral,3000,0,0.0026722489566142803,8.01674686984284,3
8785,Blue One M,Centre,3000,1,0.5298065973741491,1589.4197921224475,6
8786,Blue One M,Far North,3000,0,0.0028998576986284004,8.699573095885201,3
8787,Blue One M,Adamawa,3000,1,0.5366708705057845,1610.0126115173537,6
8788,Blue One M,North,3000,0,0.0027297080738142372,8.189124221442711,3
8789,Blue One M,North West,3000,1,0.9999988664308381,2999.9965992925145,8
8790,Blue One M,Far North,3000,0,0.5337266470055501,1601.1799410166502,6
8791,Blue One M,Far North,3000,1,0.9999989246188521,2999.9967738565565,8
8792,Blue One M,North West,3000,0,0.0029585975045151535,8.875792513545461,3
8793,Blue One M,South West,3000,1,0.999998744300471,2999.996232901413,8
8794,Blue One M,North,3000,1,0.5011258223016659,1503.3774669049978,5
8795,Blue One M,Littoral,3000,0,0.002113622264740392,6.340866794221175,2
8796,Blue One M,North West,3000,0,0.002329034042625683,6.9871021278770495,2
8797,Blue One M,South,3000,0,0.003099064431476782,9.297193294430347,3
8798,Blue One M,Littoral,3000,1,0.9999988797798506,2999.9966393395516,8
8799,Blue One M,South,3000,1,0.4731626534843642,1419.4879604530927,5
8800,Blue One M,South,3000,1,0.9999987947352194,2999.996384205658,8
8801,Blue One M,East,3000,1,0.4989105609390431,1496.7316828171295,5
8802,Blue One M,North West,3000,1,0.9999989632689607,2999.996889806882,9
8803,Blue One M,West,3000,0,0.5328714507611687,1598.6143522835062,6
8804,Blue One M,South West,3000,1,0.9999986569111887,2999.995970733566,8
8805,Blue One M,Far North,3000,0,0.4399483548423397,1319.845064527019,4
8806,Blue One M,South,3000,1,0.9999987894411937,2999.996368323581,8
8807,Blue One M,West,3000,0,0.003374851303730108,10.124553911190324,3
8808,Blue One M,North West,3000,0,0.003761714173316966,11.285142519950899,3
8809,Blue One M,North,3000,1,0.5007273923956287,1502.182177186886,5
8810,Blue One M,North West,3000,1,0.9999992926110112,2999.9978778330337,9
8811,Blue One M,Adamawa,3000,0,0.53522086028815,1605.6625808644499,6
8812,Blue One M,North,3000,0,0.5452081676201098,1635.6245028603294,6
8813,Blue One M,Littoral,3000,1,0.5612301659906324,1683.690497971897,6
8814,Blue One M,South,3000,1,0.5542702200320236,1662.810660096071,6
8815,Blue One M,South,3000,0,0.5546518730592642,1663.9556191777926,6
8816,Blue One M,South West,3000,1,0.9999987773877159,2999.9963321631476,8
8817,Blue One M,South West,3000,1,0.5445167044618592,1633.5501133855776,6
8818,Blue One M,North West,3000,0,0.0029490664574046313,8.847199372213893,3
8819,Blue One M,Far North,3000,1,0.9999988835416428,2999.9966506249284,8
8821,Blue One M,South West,3000,0,0.4209564252066922,1262.8692756200765,4
8822,Blue One M,Far North,3000,1,0.4695817401913598,1408.7452205740794,5
8823,Blue One M,North West,3000,1,0.3489332783838616,1046.7998351515848,4
8824,Blue One M,Adamawa,3000,1,0.4578912563759382,1373.6737691278147,4
8825,Blue One M,North,3000,0,0.0016404719829631411,4.921415948889424,2
8826,Blue One M,Adamawa,3000,1,0.3410181597535168,1023.0544792605504,4
8827,Blue One M,Far North,3000,1,0.493889407410272,1481.668222230816,5
8828,Blue One M,North,3000,1,0.9999991706685899,2999.9975120057697,9
8829,Blue One M,Adamawa,3000,0,0.2528977695817577,758.693308745273,3
8830,Blue One M,Far North,3000,0,0.0017633363817791427,5.290009145337428,2
8831,Blue One M,Centre,3000,0,0.4667931457772899,1400.3794373318697,5
8832,Blue One M,West,3000,1,0.9999989413257419,2999.9968239772256,9
8833,Blue One M,West,3000,0,0.0015676216499735625,4.702864949920688,2
8834,Blue One M,Littoral,3000,0,0.4719686102689848,1415.9058308069543,5
8835,Blue One M,West,3000,1,0.31885355802135684,956.5606740640706,4
8836,Blue One M,North,3000,0,0.45750382482850854,1372.5114744855257,4
8837,Blue One M,Far North,3000,0,0.48877236374913896,1466.3170912474168,5
8838,Blue One M,South,3000,1,0.999999382452638,2999.998147357914,9
8839,Blue One M,North West,3000,1,0.34227447028004837,1026.823410840145,4
8840,Blue One M,Littoral,3000,0,0.001062669346302237,3.1880080389067107,1
8841,Blue One M,Far North,3000,0,0.0005467726921338436,1.6403180764015306,1
8842,Blue One M,North West,3000,0,0.49706130774932006,1491.1839232479601,5
8847,Blue One M,Littoral,3000,0,0.45262128716570976,1357.8638614971294,4
8848,Blue One M,North West,3000,1,0.9999993428085849,2999.998028425755,9
8849,Blue One M,North West,3000,1,0.9999992892901102,2999.9978678703305,9
8850,Blue One M,Centre,3000,0,0.0016639046972976893,4.991714091893068,2
8851,Blue One M,West,3000,0,0.0030969605729368804,9.290881718810642,3
8852,Blue One M,East,3000,0,0.003959508603076004,11.87852580922801,3
8853,Blue One M,Centre,3000,0,0.42865138670209163,1285.954160106275,4
8854,Blue One M,Littoral,3000,0,0.47658365478079995,1429.7509643423998,5
8855,Blue One M,North West,3000,0,0.0030112280379318568,9.03368411379557,3
8856,Blue One M,South West,3000,0,0.26837449494960103,805.1234848488031,3
8857,Blue One M,Littoral,3000,0,0.47314814396348914,1419.4444318904675,5
8858,Blue One M,Littoral,3000,1,0.5514983352764293,1654.495005829288,6
8859,Blue One M,North,3000,1,0.9999986663780429,2999.995999134129,8
8860,Blue One M,North West,3000,1,0.5362015770198838,1608.6047310596514,6
8861,Blue One M,East,3000,1,0.5314983062033451,1594.4949186100355,6
8862,Blue One M,East,3000,1,0.9999988853933048,2999.9966561799147,8
8863,Blue One M,West,3000,0,0.002633098768824593,7.8992963064737785,2
8864,Blue One M,Adamawa,3000,0,0.45680352921508127,1370.4105876452438,4
8865,Blue One M,North,3000,1,0.9999994113394174,2999.9982340182523,10
8866,Blue One M,East,3000,1,0.5566594296308754,1669.9782888926263,6
8867,Blue One M,West,3000,1,0.9999992751426826,2999.9978254280477,9
8868,Blue One M,Adamawa,3000,0,0.47292795831853734,1418.783874955612,5
8871,Blue One M,South,3000,1,0.3152684305720333,945.8052917160999,4
8872,Blue One M,Adamawa,3000,0,0.4951772983079206,1485.531894923762,5
8873,Blue One M,West,3000,1,0.9999990410876947,2999.997123263084,9
8874,Blue One M,North West,3000,0,0.0036012180180545815,10.803654054163744,3
8875,Blue One M,North West,3000,1,0.6116677803327671,1835.0033409983014,8
8876,Blue One M,Littoral,3000,0,0.5674035453362578,1702.2106360087735,7
8877,Blue One M,Littoral,3000,0,0.5523851161665208,1657.1553484995623,6
8878,Blue One M,Adamawa,3000,1,0.6040898068689445,1812.2694206068336,8
8879,Blue One M,Far North,3000,1,0.6031295626721035,1809.3886880163104,8
8880,Blue One M,West,3000,1,0.999999015577176,2999.997046731528,9
8881,Blue One M,North West,3000,1,0.6127912709903961,1838.3738129711883,8
8882,Blue One M,North,3000,1,0.9999989187759302,2999.9967563277905,8
8883,Blue One M,East,3000,0,0.609151371418187,1827.4541142545609,8
8884,Blue One M,Centre,3000,0,0.5599651682488193,1679.8955047464578,6
8885,Blue One M,South,3000,1,0.5227239392775361,1568.1718178326084,6
8886,Blue One M,South,3000,0,0.5555253983035344,1666.5761949106034,6
8887,Blue One M,South,3000,0,0.5608573997156964,1682.5721991470891,6
8888,Blue One M,Adamawa,3000,1,0.9999990516112608,2999.9971548337826,9
8889,Blue One M,Littoral,3000,0,0.0032633859229585635,9.790157768875691,3
8890,Blue One M,Far North,3000,0,0.0004704301574922565,1.4112904724767696,1
8891,Blue One M,Adamawa,3000,1,0.5862732989080559,1758.8198967241676,7
8892,Blue One M,South West,3000,0,0.003226684556644996,9.680053669934987,3
8893,Blue One M,Littoral,3000,1,0.9999986474994241,2999.9959424982726,8
8894,Blue One M,Far North,3000,1,0.9999990346613146,2999.997103983944,9
8895,Blue One M,Adamawa,3000,0,0.00374547967459832,11.23643902379496,3
8896,Blue One M,South,3000,1,0.9999993875084635,2999.9981625253904,10
8897,Blue One M,South West,3000,1,0.9999986916524086,2999.996074957226,8
8898,Blue One M,North West,3000,1,0.5598584150621452,1679.5752451864355,6
8899,Blue One M,South West,3000,0,0.002654807481624313,7.964422444872938,3
8900,Blue One M,North,3000,1,0.5039777644071558,1511.9332932214675,5
8901,Blue One M,Littoral,3000,1,0.9999986761618143,2999.996028485443,8
8902,Blue One M,Littoral,3000,0,0.46567963777645427,1397.038913329363,5
8903,Blue One M,North West,3000,0,0.3078135136644565,923.4405409933694,4
8904,Blue One M,North West,3000,0,0.003200031257788315,9.600093773364945,3
8905,Blue One M,South West,3000,0,0.501599645632657,1504.798936897971,5
8906,Blue One M,North,3000,0,0.0003322377585069277,0.9967132755207831,1
8907,Blue One M,Far North,3000,1,0.5118776003934676,1535.6328011804028,5
8908,Blue One M,North West,3000,0,0.5616989800496774,1685.0969401490324,6
8909,Blue One M,Centre,3000,0,0.5109408507627586,1532.8225522882758,5
8910,Blue One M,Littoral,3000,1,0.5192910687022247,1557.8732061066742,6
8911,Blue One M,East,3000,0,0.5524996442060782,1657.4989326182347,6
8912,Blue One M,North West,3000,1,0.49282739838748074,1478.4821951624422,5
8913,Blue One M,South,3000,1,0.4854574284508758,1456.3722853526274,5
8914,Blue One M,South West,3000,0,0.0024525769132798035,7.35773073983941,2
8915,Blue One M,East,3000,1,0.9999993101387706,2999.997930416312,9
8916,Blue One M,South West,3000,1,0.9999987243767182,2999.9961731301546,8
8917,Blue One M,East,3000,1,0.9999988677634571,2999.9966032903712,8
8918,Blue One M,North,3000,0,0.45048963354561133,1351.468900636834,4
8919,Blue One M,South West,3000,1,0.4727539611424648,1418.2618834273944,5
8920,Blue One M,East,3000,1,0.5193471439260965,1558.0414317782895,6
8921,Blue One M,South,3000,1,0.48336771505503295,1450.1031451650988,5
8922,Blue One M,North West,3000,0,0.0018006153244610721,5.4018459733832165,2
8923,Blue One M,Centre,3000,0,0.0016848907293080093,5.0546721879240275,2
8924,Blue One M,South,3000,0,0.0017015411200887055,5.104623360266117,2
8925,Blue One M,North West,3000,1,0.5065198963035318,1519.5596889105952,5
8926,Blue One M,North West,3000,0,0.5154333372823515,1546.3000118470545,5
8927,Blue One M,Centre,3000,0,0.001436790315434865,4.3103709463045945,2
8928,Blue One M,Adamawa,3000,0,0.49057178361875486,1471.7153508562646,5
8929,Blue One M,Centre,3000,0,0.0004521031960467639,1.3563095881402918,1
8930,Blue One M,Far North,3000,1,0.43723744658215286,1311.7123397464586,4
8931,Blue One M,Far North,3000,0,0.5013803270355353,1504.1409811066058,5
8932,Blue One M,South West,3000,1,0.42286429107376067,1268.592873221282,4
8933,Blue One M,Centre,3000,1,0.9999990306644645,2999.9970919933935,9
8934,Blue One M,Centre,3000,1,0.9999990951783608,2999.9972855350825,9
8935,Blue One M,East,3000,0,0.5330610973485637,1599.183292045691,6
8936,Blue One L,South,5000,1,0.9999998188572818,4999.999094286409,10
8937,Blue One M,Littoral,3000,1,0.5643193481571759,1692.9580444715277,7
8938,Blue One M,West,3000,0,0.5610821364379678,1683.2464093139033,6
8939,Blue One L,Adamawa,5000,1,0.5899578107418157,2949.789053709079,7
8940,Blue One M,Adamawa,3000,1,0.9999986806764847,2999.996042029454,8
8941,Blue One L,Adamawa,5000,0,0.568684092875855,2843.420464379275,7
8942,Blue One L,South West,5000,0,0.5486933321853863,2743.4666609269316,6
8943,Blue One M,Adamawa,3000,0,0.003602621433002419,10.807864299007257,3
8944,Blue One L,North,5000,1,0.49968525608704356,2498.426280435218,5
8945,Blue One M,Far North,3000,0,0.4912249699514684,1473.6749098544053,5
8946,Blue One L,South West,5000,1,0.9999998226491013,4999.999113245506,10
8947,Blue One M,Far North,3000,0,0.003548921770537309,10.646765311611926,3
8948,Blue One M,South,3000,1,0.9999990376724645,2999.9971130173935,9
8949,Blue One M,Far North,3000,0,0.003462767451291882,10.388302353875646,3
8950,Blue One M,Far North,3000,0,0.0035175168009997045,10.552550402999113,3
8951,Blue One M,South West,3000,0,0.5027583291632316,1508.2749874896947,5
8952,Blue One M,Littoral,3000,0,0.0031522946462755304,9.456883938826591,3
8953,Blue One M,South,3000,1,0.9999990361375575,2999.9971084126723,9
8954,Blue One M,North,3000,1,0.559471939756977,1678.4158192709308,6
8955,Blue One M,Far North,3000,1,0.5376299832031446,1612.8899496094339,6
8956,Blue One M,Littoral,3000,1,0.9999989195718191,2999.9967587154574,8
8957,Blue One M,North,3000,1,0.5552070395104642,1665.6211185313928,6
8958,Blue One M,West,3000,1,0.999998935410594,2999.996806231782,9
8959,Blue One M,East,3000,0,0.0035342047703861125,10.602614311158337,3
8960,Blue One M,East,3000,0,0.5355653126170831,1606.6959378512493,6
8961,Blue One M,South West,3000,1,0.4977759254099119,1493.3277762297357,5
8962,Blue One M,East,3000,0,0.0024258668596655176,7.2776005789965525,2
8963,Blue One M,Far North,3000,1,0.5607111152893339,1682.1333458680017,6
8964,Blue One M,Far North,3000,1,0.9999988496664217,2999.996548999265,8
8965,Blue One M,North West,3000,1,0.5633538108179637,1690.061432453891,7
8966,Blue One M,Adamawa,3000,1,0.5569572464956601,1670.8717394869805,6
8967,Blue One M,Centre,3000,1,0.5160435192134617,1548.1305576403852,5
8968,Blue One M,Centre,3000,0,0.4657024381611855,1397.1073144835566,5
8969,Blue One M,North,3000,1,0.9999987239297051,2999.9961717891156,8
8970,Blue One M,Centre,3000,1,0.9999987462176049,2999.9962386528146,8
8971,Blue One M,South West,3000,1,0.9999986730098492,2999.996019029548,8
8972,Blue One M,Littoral,3000,0,0.4770617308053124,1431.185192415937,5
8973,Blue One M,North,3000,1,0.9999986500672244,2999.995950201673,8
8974,Blue One M,Littoral,3000,0,0.4506719280947184,1352.0157842841552,4
8975,Blue One M,South West,3000,1,0.9999990133693517,2999.997040108055,9
8976,Blue One M,Littoral,3000,1,0.9999986425003257,2999.995927500977,8
8977,Blue One M,North West,3000,1,0.46497151453519425,1394.9145436055828,5
8978,Blue One M,Adamawa,3000,0,0.3335574088815518,1000.6722266446553,4
8979,Blue One M,Centre,3000,0,0.3243090705250109,972.9272115750327,4
8981,Blue One M,South,3000,0,0.4242489667984051,1272.7469003952153,4
8983,Blue One M,South,3000,0,0.00042196257191963666,1.26588771575891,1
8984,Blue One M,South,3000,0,0.43375566133655846,1301.2669840096753,4
8985,Blue One M,Centre,3000,0,0.3832559279165871,1149.7677837497613,4
8986,Blue One M,East,3000,1,0.4974427652922447,1492.328295876734,5
8987,Blue One M,West,3000,0,0.0015603081208777764,4.680924362633329,2
8988,Blue One M,Centre,3000,1,0.9999991801235925,2999.997540370777,9
8989,Blue One M,West,3000,1,0.4779994646184818,1433.9983938554453,5
8990,Blue One M,Adamawa,3000,0,0.001815749940942,5.4472498228260005,2
8991,Blue One M,Littoral,3000,1,0.9999992042323511,2999.9976126970532,9
8992,Blue One M,Adamawa,3000,1,0.5047375160056736,1514.212548017021,5
8993,Blue One M,North,3000,1,0.9999991874364406,2999.997562309322,9
8994,Blue One M,Centre,3000,1,0.4863198699935031,1458.9596099805092,5
8995,Blue One S,South West,2000,0,0.00015729022870542006,0.3145804574108401,1
8996,Blue One M,West,3000,0,0.001313821937950042,3.941465813850126,1
8997,Blue One M,South West,3000,0,0.2906674164616775,872.0022493850324,3
8998,Blue One M,Far North,3000,0,0.45688310964510087,1370.6493289353027,4
8999,Blue One M,North West,3000,1,0.484105422255458,1452.316266766374,5
9000,Blue One L,Centre,5000,1,0.563365616149247,2816.8280807462347,7
9001,Blue One L,North,5000,1,0.9999998172720631,4999.999086360315,10
9002,Blue One M,South,3000,0,0.003399521349377167,10.198564048131502,3
9003,Blue One M,North,3000,0,0.4990090968898628,1497.0272906695884,5
9004,Blue One L,Centre,5000,1,0.9999998220798728,4999.999110399364,10
9005,Blue One M,South,3000,1,0.5259794259026213,1577.9382777078638,6
9006,Blue One M,Adamawa,3000,0,0.0036652113333516425,10.995634000054928,3
9007,Blue One M,West,3000,0,0.5316932852431687,1595.079855729506,6
9008,Blue One L,North,5000,1,0.9999998163963171,4999.999081981586,10
9009,Blue One M,North West,3000,0,0.34822057824187425,1044.6617347256226,4
9010,Blue One M,North,3000,0,0.2958087106229069,887.4261318687207,3
9011,Blue One M,Littoral,3000,1,0.3084786929529747,925.4360788589241,4
9012,Blue One M,Centre,3000,0,0.0014300166246237673,4.290049873871302,2
9013,Blue One M,North West,3000,1,0.517411159319078,1552.233477957234,5
9014,Blue One M,Adamawa,3000,0,0.0004949663903925482,1.4848991711776445,1
9015,Blue One M,Centre,3000,0,0.0012562825121051658,3.7688475363154974,1
9016,Blue One M,East,3000,0,0.0019047907936046023,5.714372380813807,2
9017,Blue One M,Centre,3000,1,0.9999992837642834,2999.99785129285,9
9018,Blue One M,East,3000,0,0.0014793872678427848,4.438161803528354,2
9019,Blue One M,Littoral,3000,0,0.4237247206802497,1271.174162040749,4
9020,Blue One M,Far North,3000,1,0.4564876684473029,1369.4630053419087,4
9021,Blue One M,South West,3000,1,0.999999043248969,2999.997129746907,9
9022,Blue One M,North West,3000,0,0.0015691252383814272,4.707375715144281,2
9023,Blue One M,North West,3000,0,0.0014718554834815378,4.415566450444613,2
9024,Blue One M,Littoral,3000,0,0.24694656919138083,740.8397075741425,3
9025,Blue One M,South,3000,0,0.3102037666167757,930.611299850327,4
9026,Blue One S,West,2000,0,0.0001982698101910027,0.39653962038200535,1
9028,Blue One M,Centre,3000,0,0.2455936161773429,736.7808485320287,3
9029,Blue One M,West,3000,0,0.2726034106302108,817.8102318906325,3
9030,Blue One M,South,3000,0,0.00039328216158867983,1.1798464847660395,1
9032,Blue One M,Centre,3000,1,0.4273952772455478,1282.1858317366434,4
9033,Blue One M,West,3000,0,0.3208046219354872,962.4138658064616,4
9034,Blue One M,West,3000,0,0.28829540752687643,864.8862225806294,3
9035,Blue One S,North,2000,0,0.15218858200637536,304.3771640127507,3
9036,Blue One M,Littoral,3000,1,0.36576007650670234,1097.280229520107,4
9037,Blue One M,Adamawa,3000,0,0.0005262200273444909,1.5786600820334729,1
9038,Blue One M,East,3000,0,0.0005651882508403104,1.6955647525209312,1
9039,Blue One M,South,3000,1,0.9999989990939744,2999.996997281923,9
9040,Blue One M,East,3000,1,0.5029353758013824,1508.806127404147,5
9041,Blue One M,South,3000,0,0.001709598763905719,5.128796291717157,2
9042,Blue One M,Adamawa,3000,1,0.9999991582764105,2999.9974748292316,9
9043,Blue One M,North West,3000,1,0.5163288881405067,1548.9866644215201,5
9044,Blue One M,South West,3000,1,0.4233386277138005,1270.0158831414014,4
9045,Blue One M,South,3000,0,0.0015693122817159778,4.707936845147933,2
9046,Blue One M,North West,3000,1,0.4943964742318389,1483.1894226955167,5
9047,Blue One M,West,3000,1,0.9999992002954299,2999.9976008862895,9
9048,Blue One M,Adamawa,3000,0,0.4933234940253955,1479.9704820761865,5
9049,Blue One M,South,3000,1,0.9999990497497514,2999.997149249254,9
9050,Blue One M,Adamawa,3000,1,0.3119993542902858,935.9980628708574,4
9051,Blue One M,Littoral,3000,1,0.4202618329605475,1260.7854988816425,4
9053,Blue One M,South,3000,1,0.99999942263394,2999.9982679018203,10
9055,Blue One M,North,3000,0,0.2990881662578669,897.2644987736006,3
9056,Blue One M,Centre,3000,1,0.9999990028922948,2999.9970086768844,9
9057,Blue One M,Far North,3000,0,0.0014173379359949186,4.252013807984755,1
9058,Blue One M,Adamawa,3000,1,0.45058012551429094,1351.7403765428728,4
9059,Blue One M,North West,3000,1,0.9999993730790149,2999.9981192370446,9
9060,Blue One M,North,3000,0,0.0004919428214512796,1.4758284643538389,1
9061,Blue One M,South,3000,0,0.00047208168474643355,1.4162450542393006,1
9062,Blue One M,North,3000,0,0.00038034068011014155,1.1410220403304248,1
9063,Blue One M,Far North,3000,0,0.00047088160513302624,1.4126448153990787,1
9064,Blue One M,North,3000,1,0.301101998525046,903.305995575138,3
9065,Blue One M,East,3000,1,0.3453722796610829,1036.1168389832487,4
9066,Blue One M,West,3000,0,0.25616067007494714,768.4820102248414,3
9074,Blue One M,Centre,3000,0,0.0003348817279977498,1.0046451839932493,1
9078,Blue One M,Littoral,3000,0,0.0016461758783586859,4.938527635076057,2
9080,Blue One M,Littoral,3000,0,0.0003774505788909489,1.1323517366728466,1
9081,Blue One M,Littoral,3000,0,0.2501098105700539,750.3294317101617,3
9086,Blue One M,Adamawa,3000,0,0.5793814933446733,1738.1444800340198,7
9087,Blue One M,Littoral,3000,1,0.9999988915499699,2999.99667464991,8
9088,Blue One M,Littoral,3000,0,0.002741366149201458,8.224098447604375,3
9089,Blue One M,North,3000,0,0.5188088383938079,1556.4265151814236,5
9090,Blue One M,North,3000,0,0.002533471846586188,7.600415539758564,2
9091,Blue One M,Centre,3000,1,0.5561067449621611,1668.3202348864831,6
9092,Blue One M,Littoral,3000,0,0.5461688380139765,1638.5065140419297,6
9093,Blue One M,Littoral,3000,1,0.5197639785319161,1559.2919355957483,6
9094,Blue One M,East,3000,1,0.9999993316351015,2999.9979949053045,9
9095,Blue One M,East,3000,1,0.5579252784505533,1673.77583535166,6
9096,Blue One M,North,3000,1,0.9999986768338422,2999.9960305015265,8
9097,Blue One M,Littoral,3000,0,0.0015464455832039786,4.639336749611936,2
9098,Blue One M,East,3000,1,0.9999988801606857,2999.996640482057,8
9099,Blue One M,North West,3000,0,0.003130556621733725,9.391669865201175,3
9100,Blue One M,West,3000,1,0.9999987274696898,2999.996182409069,8
9101,Blue One M,Centre,3000,0,0.0028298470919228,8.4895412757684,3
9102,Blue One M,Littoral,3000,1,0.9999986776788153,2999.996033036446,8
9103,Blue One M,North,3000,1,0.9999986974366162,2999.9960923098483,8
9104,Blue One M,North West,3000,0,0.5524922964298902,1657.4768892896705,6
9105,Blue One M,East,3000,1,0.999999354316807,2999.9980629504207,9
9106,Blue One M,Far North,3000,0,0.4856479490176226,1456.9438470528678,5
9107,Blue One M,South West,3000,1,0.999999211424247,2999.997634272741,9
9108,Blue One M,Far North,3000,1,0.5519665679924618,1655.8997039773853,6
9109,Blue One M,Centre,3000,0,0.00287461828940432,8.62385486821296,3
9110,Blue One M,North,3000,1,0.4757219262119303,1427.165778635791,5
9111,Blue One M,Far North,3000,1,0.5403656634834141,1621.0969904502422,6
9112,Blue One M,Centre,3000,0,0.0017487519622529436,5.2462558867588305,2
9113,Blue One M,Adamawa,3000,1,0.552687465598666,1658.062396795998,6
9114,Blue One M,Littoral,3000,0,0.0025037812881449567,7.5113438644348705,2
9115,Blue One M,Centre,3000,1,0.5035816979571126,1510.7450938713378,5
9116,Blue One M,North West,3000,0,0.5540438165632787,1662.1314496898362,6
9117,Blue One M,North,3000,1,0.9999986933418868,2999.9960800256604,8
9118,Blue One M,Far North,3000,1,0.9999988297218696,2999.9964891656086,8
9119,Blue One M,West,3000,1,0.9999987975761538,2999.9963927284616,8
9120,Blue One M,North,3000,1,0.9999987589774453,2999.996276932336,8
9121,Blue One M,West,3000,1,0.9999988158849947,2999.996447654984,8
9122,Blue One M,Centre,3000,1,0.9999991784886927,2999.9975354660783,9
9123,Blue One M,South West,3000,1,0.5476407961016029,1642.9223883048087,6
9124,Blue One M,Adamawa,3000,0,0.0031712179892455722,9.513653967736717,3
9125,Blue One M,West,3000,1,0.5117629706226402,1535.2889118679207,5
9126,Blue One M,South,3000,0,0.00259512451396649,7.78537354189947,2
9127,Blue One M,North,3000,0,0.0025127825603697743,7.538347681109323,2
9128,Blue One M,Adamawa,3000,0,0.0030220675469272507,9.066202640781752,3
9129,Blue One M,South West,3000,0,0.5173412140791858,1552.0236422375574,5
9130,Blue One M,West,3000,1,0.5187617276234833,1556.2851828704497,5
9131,Blue One M,Far North,3000,1,0.5290372284219735,1587.1116852659206,6
9132,Blue One M,North,3000,0,0.0019656393981983926,5.896918194595178,2
9133,Blue One M,Littoral,3000,0,0.0016564441270956458,4.969332381286938,2
9134,Blue One M,West,3000,0,0.488903926605217,1466.711779815651,5
9135,Blue One M,West,3000,1,0.45224890826607816,1356.7467247982345,4
9136,Blue One M,South West,3000,0,0.0030351079012393618,9.105323703718085,3
9137,Blue One M,Centre,3000,0,0.003140476062015436,9.421428186046308,3
9138,Blue One M,South,3000,0,0.002785170470849792,8.355511412549376,3
9139,Blue One M,North West,3000,0,0.00315867129920337,9.47601389761011,3
9140,Blue One M,South,3000,1,0.9999990474132635,2999.9971422397907,9
9141,Blue One M,South West,3000,0,0.5455793170273686,1636.7379510821058,6
9142,Blue One M,North West,3000,0,0.0038375187929692587,11.512556378907776,3
9143,Blue One M,Centre,3000,1,0.5557132955622076,1667.1398866866227,6
9144,Blue One M,Adamawa,3000,0,0.0035246085556713685,10.573825667014106,3
9145,Blue One M,Adamawa,3000,1,0.6006055113624397,1801.816534087319,8
9146,Blue One M,South,3000,1,0.5735202799291046,1720.5608397873139,7
9147,Blue One M,North,3000,0,0.5626061710319037,1687.818513095711,7
9148,Blue One M,East,3000,1,0.9999991364129334,2999.9974092388,9
9149,Blue One M,East,3000,1,0.9999989501510993,2999.996850453298,9
9150,Blue One M,Adamawa,3000,0,0.003723606494168452,11.170819482505355,3
9151,Blue One L,Far North,5000,1,0.5905053835734655,2952.5269178673275,7
9152,Blue One L,West,5000,0,0.0012392080742839777,6.196040371419889,1
9153,Blue One L,Littoral,5000,0,0.6032284332898343,3016.142166449172,8
9154,Blue One L,Littoral,5000,1,0.5812711957653313,2906.355978826656,7
9155,Blue One L,North West,5000,1,0.5792474833839651,2896.2374169198256,7
9156,Blue One M,Centre,3000,0,0.0035159438024559408,10.547831407367822,3
9157,Blue One M,Centre,3000,0,0.2554012237772899,766.2036713318697,3
9158,Blue One L,Far North,5000,0,0.001761169589835511,8.805847949177556,2
9159,Blue One M,North,3000,1,0.9999989272528936,2999.9967817586808,8
9160,Blue One M,Littoral,3000,1,0.9999994152207488,2999.998245662246,10
9161,Blue One M,West,3000,0,0.2990486077580689,897.1458232742067,3
9163,Blue One M,East,3000,0,0.30032294092558975,900.9688227767692,3
9164,Blue One M,South,3000,0,0.2725111437928507,817.5334313785521,3
9169,Blue One M,West,3000,0,0.2665021984573584,799.5065953720751,3
9170,Blue One M,Adamawa,3000,0,0.5198540435281493,1559.5621305844481,6
9171,Blue One M,North,3000,0,0.0033424675193699186,10.027402558109756,3
9172,Blue One M,South,3000,0,0.5766854667388748,1730.0564002166243,7
9173,Blue One L,North,5000,1,0.561696478586003,2808.482392930015,6
9174,Blue One L,Far North,5000,0,0.5928607953520141,2964.3039767600703,7
9175,Blue One L,Far North,5000,1,0.9999997540766291,4999.998770383146,10
9176,Blue One L,Far North,5000,1,0.9999998725142247,4999.999362571124,10
9177,Blue One L,South,5000,1,0.6086181929975819,3043.0909649879095,8
9178,Blue One L,South,5000,0,0.0014588650276513055,7.294325138256527,2
9179,Blue One M,South West,3000,0,0.5537428872629908,1661.2286617889724,6
9180,Blue One M,West,3000,0,0.0034860626081712072,10.458187824513622,3
9181,Blue One M,South West,3000,0,0.002997209051701093,8.991627155103279,3
9182,Blue One M,Centre,3000,0,0.5254859142508799,1576.4577427526397,6
9183,Blue One M,East,3000,0,0.0016127883978345576,4.838365193503673,2
9184,Blue One L,Centre,5000,1,0.9999997708428846,4999.998854214423,10
9185,Blue One L,Adamawa,5000,1,0.9999998036998318,4999.999018499158,10
9186,Blue One L,Littoral,5000,1,0.9999998610987062,4999.999305493531,10
9187,Blue One L,Centre,5000,0,0.5829398961411915,2914.6994807059573,7
9188,Blue One L,South,5000,0,0.001613107364463613,8.065536822318066,2
9189,Blue One L,Far North,5000,0,0.6193075059813331,3096.5375299066654,8
9190,Blue One L,East,5000,0,0.5483772320272374,2741.8861601361873,6
9191,Blue One M,Centre,3000,0,0.0003369897933637066,1.0109693800911197,1
9192,Blue One L,Littoral,5000,0,0.5889023024794889,2944.5115123974447,7
9193,Blue One L,Far North,5000,1,0.9999997957178492,4999.998978589247,10
9194,Blue One L,North West,5000,0,0.5990233562868923,2995.1167814344617,8
9195,Blue One M,East,3000,0,0.32614943883471353,978.4483165041406,4
9196,Blue One L,Littoral,5000,0,0.5573930807884552,2786.9654039422758,6
9197,Blue One L,North West,5000,0,0.001717172744404648,8.585863722023241,2
9198,Blue One L,North West,5000,1,0.9999998145759323,4999.999072879662,10
9199,Blue One L,South,5000,0,0.5793344663462466,2896.672331731233,7
9200,Blue One M,North West,3000,0,0.3335425000598279,1000.6275001794836,4
9201,Blue One L,South,5000,1,0.5631384435765783,2815.6922178828913,7
9202,Blue One M,Far North,3000,0,0.0005545863495421445,1.6637590486264335,1
9204,Blue One L,West,5000,1,0.6008888787617471,3004.4443938087356,8
9206,Blue One L,Littoral,5000,0,0.0015803004599005356,7.901502299502678,2
9207,Blue One L,West,5000,0,0.526319164194861,2631.5958209743053,6
9208,Blue One L,South,5000,0,0.001495904429655145,7.479522148275724,2
9209,Blue One M,South West,3000,1,0.5646162586153253,1693.8487758459758,7
9210,Blue One L,North West,5000,0,0.0013843504262177975,6.921752131088987,1
9211,Blue One M,Adamawa,3000,1,0.605959092072324,1817.877276216972,8
9212,Blue One L,West,5000,1,0.6221109221507927,3110.5546107539635,8
9213,Blue One M,Centre,3000,1,0.516541014576606,1549.623043729818,5
9214,Blue One L,East,5000,1,0.577335214868118,2886.67607434059,7
9215,Blue One L,Adamawa,5000,1,0.6421376911754894,3210.688455877447,8
9216,Blue One M,North West,3000,0,0.4507487502406913,1352.246250722074,4
9217,Blue One L,Littoral,5000,1,0.9999998304464454,4999.999152232227,10
9218,Blue One M,South West,3000,0,0.5653876634297196,1696.1629902891586,7
9219,Blue One M,Littoral,3000,0,0.4206501803412506,1261.9505410237518,4
9220,Blue One M,North West,3000,1,0.5371189634093139,1611.3568902279417,6
9221,Blue One L,South,5000,1,0.541112379198669,2705.561895993345,6
9222,Blue One M,North West,3000,0,0.33519480785084194,1005.5844235525258,4
9223,Blue One L,Far North,5000,1,0.5650074586844386,2825.0372934221928,7
9224,Blue One L,Littoral,5000,1,0.5414455074491977,2707.2275372459885,6
9225,Blue One L,South West,5000,1,0.999999831276517,4999.999156382585,10
9226,Blue One L,South West,5000,1,0.999999827871766,4999.99913935883,10
9227,Blue One L,North,5000,1,0.9999998605594141,4999.99930279707,10
9228,Blue One L,Far North,5000,1,0.6237602597392208,3118.801298696104,8
9229,Blue One L,South,5000,0,0.5085506693862887,2542.7533469314435,5
9230,Blue One L,East,5000,0,0.6292895318628052,3146.447659314026,8
9231,Blue One L,Far North,5000,1,0.9999998737151576,4999.999368575788,10
9232,Blue One L,Far North,5000,0,0.6244851261687164,3122.425630843582,8
9233,Blue One L,East,5000,0,0.0017476714935526101,8.73835746776305,2
9234,Blue One L,East,5000,0,0.6497573848923553,3248.786924461777,8
9235,Blue One L,Centre,5000,0,0.6173440147193944,3086.720073596972,8
9236,Blue One L,Adamawa,5000,0,0.001647147131275399,8.235735656376995,2
9237,Blue One L,Littoral,5000,0,0.001431966651962101,7.1598332598105054,2
9238,Blue One L,West,5000,1,0.6117035797648518,3058.5178988242587,8
9239,Blue One L,Littoral,5000,0,0.0015484739984418662,7.742369992209331,2
9240,Blue One L,Littoral,5000,1,0.9999998490747034,4999.999245373517,10
9241,Blue One L,West,5000,0,0.6064313850620602,3032.1569253103007,8
9242,Blue One L,Centre,5000,1,0.6027387421354184,3013.6937106770924,8
9243,Blue One L,Far North,5000,1,0.6237373619785691,3118.6868098928453,8
9244,Blue One L,East,5000,1,0.9999998753486294,4999.999376743147,10
9245,Blue One L,Centre,5000,1,0.9999998609873455,4999.999304936728,10
9246,Blue One L,North,5000,1,0.9999998305858909,4999.999152929455,10
9247,Blue One L,North,5000,1,0.5959416696669487,2979.7083483347437,7
9248,Blue One L,West,5000,1,0.9999998702589654,4999.999351294827,10
9249,Blue One L,South,5000,0,0.0015107093692154855,7.5535468460774275,2
9250,Blue One L,North West,5000,1,0.9999998849265989,4999.999424632994,10
9251,Blue One L,North,5000,0,0.0014393390099754159,7.196695049877079,2
9252,Blue One L,West,5000,1,0.999999868972978,4999.99934486489,10
9253,Blue One L,Adamawa,5000,1,0.9999998509990218,4999.9992549951085,10
9254,Blue One L,North West,5000,0,0.6262672282928333,3131.3361414641668,8
9255,Blue One L,Littoral,5000,0,0.5851096160980024,2925.548080490012,7
9256,Blue One L,South,5000,0,0.5942715172293689,2971.3575861468444,7
9257,Blue One M,West,3000,1,0.999999009281976,2999.997027845928,9
9258,Blue One L,Littoral,5000,1,0.5998254960912661,2999.1274804563304,8
9259,Blue One L,Adamawa,5000,1,0.9999998531798122,4999.999265899061,10
9260,Blue One L,Centre,5000,0,0.5936863366116791,2968.4316830583957,7
9261,Blue One M,Centre,3000,1,0.462084727815273,1386.2541834458189,5
9262,Blue One M,Littoral,3000,0,0.4130756531971431,1239.2269595914295,4
9263,Blue One M,East,3000,0,0.5128022299690516,1538.4066899071547,5
9265,Blue One M,Adamawa,3000,0,0.001243713063178315,3.7311391895349453,1
9266,Blue One M,Far North,3000,0,0.0005519694752412144,1.6559084257236432,1
9268,Blue One M,South West,3000,0,0.3964441338211779,1189.3324014635336,4
9269,Blue One M,South West,3000,0,0.30282463624424866,908.4739087327459,3
9270,Blue One M,Centre,3000,0,0.31509922356829767,945.297670704893,4
9271,Blue One M,North,3000,1,0.9999989026491563,2999.9967079474686,8
9273,Blue One M,North West,3000,0,0.0031342892455326257,9.402867736597877,3
9274,Blue One M,South,3000,0,0.48073048243017624,1442.1914472905287,5
9275,Blue One M,East,3000,1,0.9999992970585073,2999.997891175522,9
9276,Blue One M,Adamawa,3000,1,0.4599325366171214,1379.7976098513643,5
9278,Blue One M,South,3000,0,0.5302874808038137,1590.8624424114412,6
9279,Blue One M,North,3000,0,0.00051323692425297,1.5397107727589099,1
9280,Blue One M,South,3000,1,0.30322876574670565,909.6862972401169,3
9281,Blue One M,South,3000,0,0.00042328849086295826,1.2698654725888747,1
9282,Blue One M,West,3000,1,0.999999254266185,2999.997762798555,9
9283,Blue One M,Centre,3000,0,0.0014166337688063183,4.2499013064189555,1
9284,Blue One M,Littoral,3000,0,0.4077475795589907,1223.242738676972,4
9285,Blue One M,Littoral,3000,1,0.9999990356296492,2999.9971068889477,9
9286,Blue One M,Centre,3000,0,0.0012641834188850654,3.792550256655196,1
9287,Blue One M,East,3000,0,0.0017943223652442581,5.382967095732774,2
9288,Blue One M,North,3000,0,0.0003718941319331246,1.1156823957993738,1
9290,Blue One M,North,3000,1,0.4542786771392048,1362.8360314176143,4
9291,Blue One M,South West,3000,1,0.45708427941885593,1371.2528382565679,4
9293,Blue One M,East,3000,1,0.6064435500688548,1819.3306502065643,8
9295,Blue One S,South West,2000,0,0.17653911885165982,353.07823770331964,3
9297,Blue One M,Adamawa,3000,1,0.5398032953072924,1619.4098859218773,6
9298,Blue One M,East,3000,0,0.5436096107011745,1630.8288321035236,6
9299,Blue One M,South West,3000,1,0.9999987826156828,2999.996347847048,8
9300,Blue One M,South West,3000,0,0.545295041706812,1635.885125120436,6
9301,Blue One M,Far North,3000,1,0.999999098909202,2999.997296727606,9
9302,Blue One M,West,3000,0,0.4846780089105699,1454.0340267317097,5
9303,Blue One M,Adamawa,3000,0,0.0005946245197756504,1.7838735593269512,1
9304,Blue One M,Centre,3000,0,0.0004814178943571042,1.4442536830713126,1
9305,Blue One M,South West,3000,1,0.9999992363694323,2999.997709108297,9
9306,Blue One S,South,2000,0,0.0001571602527076886,0.3143205054153772,1
9307,Blue One M,South West,3000,0,0.42258449538139103,1267.7534861441732,4
9308,Blue One M,Littoral,3000,0,0.0016358915015412601,4.90767450462378,2
9309,Blue One M,Adamawa,3000,1,0.4595488053468309,1378.6464160404928,4
9310,Blue One M,North West,3000,0,0.0005607429123660642,1.6822287370981928,1
9312,Blue One L,South West,5000,1,0.9999997831204301,4999.998915602151,10
9313,Blue One M,North West,3000,1,0.9999988894040981,2999.9966682122945,8
9315,Blue One L,North West,5000,0,0.5661467458769673,2830.733729384837,7
9316,Blue One L,South West,5000,1,0.5517017649880462,2758.508824940231,6
9317,Blue One L,East,5000,0,0.0013665994207945455,6.832997103972727,1
9318,Blue One M,North,3000,0,0.0030593134992509827,9.177940497752948,3
9319,Blue One M,Far North,3000,0,0.3401168460341818,1020.3505381025454,4
9320,Blue One M,North,3000,1,0.49443809321282967,1483.314279638489,5
9321,Blue One M,North West,3000,0,0.0018027651009268543,5.408295302780563,2
9322,Blue One L,Centre,5000,1,0.9999997694111143,4999.998847055572,10
9323,Blue One M,Centre,3000,1,0.5672068246035291,1701.6204738105873,7
9324,Blue One L,Adamawa,5000,0,0.001770350577987228,8.85175288993614,2
9325,Blue One L,Centre,5000,0,0.0015617741015385488,7.808870507692744,2
9326,Blue One L,North West,5000,0,0.5910764188449958,2955.382094224979,7
9327,Blue One L,East,5000,1,0.6229338962447514,3114.669481223757,8
9328,Blue One M,Littoral,3000,1,0.9999988947379971,2999.996684213991,8
9329,Blue One L,Littoral,5000,0,0.0011689829014837742,5.844914507418871,1
9330,Blue One M,North West,3000,0,0.0006073460177514738,1.8220380532544216,1
9331,Blue One M,South West,3000,1,0.9999992030118429,2999.9976090355285,9
9332,Blue One M,North,3000,1,0.999998896464077,2999.996689392231,8
9333,Blue One M,North,3000,0,0.2874522603387498,862.3567810162494,3
9334,Blue One M,Adamawa,3000,1,0.5254307002249302,1576.2921006747906,6
9335,Blue One M,East,3000,0,0.45846972904470024,1375.4091871341006,4
9336,Blue One M,West,3000,0,0.27167568405384157,815.0270521615247,3
9338,Blue One L,South,5000,1,0.5582830040048773,2791.4150200243866,6
9339,Blue One L,North West,5000,1,0.5781055734609454,2890.527867304727,7
9340,Blue One L,North West,5000,1,0.9999998856466905,4999.999428233453,10
9341,Blue One L,South,5000,0,0.5520822161928945,2760.4110809644726,6
9342,Blue One L,North,5000,1,0.613899591614199,3069.497958070995,8
9343,Blue One L,Adamawa,5000,0,0.0017489973653815403,8.744986826907702,2
9344,Blue One L,North,5000,1,0.9999998505650433,4999.999252825216,10
9345,Blue One L,East,5000,1,0.6205359516027735,3102.6797580138677,8
9346,Blue One L,West,5000,0,0.0015923195969160552,7.961597984580276,2
9347,Blue One L,Far North,5000,1,0.9999998084092688,4999.999042046345,10
9348,Blue One L,Far North,5000,0,0.0018865962922187168,9.432981461093584,2
9349,Blue One L,Far North,5000,0,0.0017067605896436998,8.533802948218499,2
9350,Blue One L,East,5000,1,0.9999998857699792,4999.9994288498965,10
9351,Blue One L,Adamawa,5000,0,0.5496809933481375,2748.4049667406875,6
9352,Blue One L,South West,5000,0,0.5715106347974007,2857.5531739870034,7
9353,Blue One M,East,3000,0,0.0005860354288232589,1.7581062864697765,1
9354,Blue One M,Littoral,3000,0,0.00045615730561495517,1.3684719168448656,1
9355,Blue One M,Littoral,3000,1,0.4195091943087119,1258.5275829261357,4
9356,Blue One M,East,3000,1,0.27976615322037657,839.2984596611298,3
9357,Blue One M,North,3000,0,0.0010686196643103236,3.205858992930971,1
9358,Blue One M,South,3000,1,0.4269404393182301,1280.8213179546904,4
9359,Blue One M,South West,3000,0,0.40577863990827406,1217.3359197248221,4
9360,Blue One M,Centre,3000,1,0.42865138670209163,1285.954160106275,4
9361,Blue One M,East,3000,0,0.000590663613781787,1.771990841345361,1
9362,Blue One M,Far North,3000,0,0.32647452127353727,979.4235638206118,4
9363,Blue One M,South,3000,0,0.0012533925553026937,3.7601776659080812,1
9364,Blue One M,East,3000,1,0.9999989103499153,2999.996731049746,8
9365,Blue One S,Far North,2000,0,0.1684930231596635,336.986046319327,3
9368,Blue One M,Centre,3000,1,0.5584418885403168,1675.3256656209505,6
9369,Blue One M,North West,3000,1,0.5526611259835207,1657.983377950562,6
9370,Blue One M,East,3000,0,0.002977115963841729,8.931347891525187,3
9371,Blue One M,Centre,3000,1,0.9999989485332996,2999.9968455998987,9
9372,Blue One M,Far North,3000,1,0.9999990493601554,2999.997148080466,9
9373,Blue One M,South,3000,0,0.5172401006312095,1551.7203018936286,5
9374,Blue One M,South West,3000,0,0.5153633738844253,1546.090121653276,5
9375,Blue One M,North,3000,1,0.9999986457575215,2999.9959372725643,8
9376,Blue One M,East,3000,1,0.47019141168115486,1410.5742350434646,5
9377,Blue One M,North West,3000,1,0.5532681861966385,1659.8045585899156,6
9378,Blue One M,Centre,3000,1,0.505150910288156,1515.4527308644679,5
9379,Blue One M,South,3000,1,0.5002650371117007,1500.795111335102,5
9380,Blue One M,Littoral,3000,1,0.4194973144704601,1258.4919434113804,4
9381,Blue One M,South,3000,1,0.9999990826242018,2999.9972478726054,9
9382,Blue One M,Far North,3000,0,0.0017605332900356794,5.281599870107038,2
9383,Blue One M,Centre,3000,1,0.4676614625866587,1402.984387759976,5
9384,Blue One M,Far North,3000,0,0.0017339416537103611,5.201824961131083,2
9385,Blue One M,Far North,3000,1,0.9999991933965313,2999.997580189594,9
9386,Blue One M,West,3000,0,0.0014007306968306695,4.202192090492009,1
9387,Blue One M,Centre,3000,0,0.39890809779884345,1196.7242933965304,4
9388,Blue One M,West,3000,1,0.5586517028250404,1675.9551084751213,6
9389,Blue One M,Centre,3000,0,0.0005304676007464077,1.591402802239223,1
9391,Blue One L,South,5000,0,0.5815305308664925,2907.6526543324626,7
9392,Blue One L,West,5000,0,0.5870649523125664,2935.324761562832,7
9393,Blue One L,Littoral,5000,1,0.5758210342129189,2879.1051710645943,7
9396,Blue One L,Adamawa,5000,1,0.638523424421302,3192.61712210651,8
9397,Blue One L,Adamawa,5000,1,0.618044434514433,3090.222172572165,8
9398,Blue One L,South West,5000,1,0.9999998475954938,4999.9992379774685,10
9399,Blue One L,Littoral,5000,0,0.0015599944966189145,7.799972483094573,2
9400,Blue One L,South West,5000,0,0.6051020816980741,3025.5104084903705,8
9401,Blue One L,Adamawa,5000,1,0.6381554935529588,3190.777467764794,8
9402,Blue One L,Centre,5000,0,0.582079716538709,2910.3985826935454,7
9403,Blue One L,Far North,5000,1,0.9999997402308345,4999.9987011541725,10
9404,Blue One L,North West,5000,0,0.0017614052159147385,8.807026079573692,2
9405,Blue One L,Centre,5000,1,0.999999854111838,4999.99927055919,10
9406,Blue One M,South West,3000,0,0.5538413274254071,1661.5239822762214,6
9407,Blue One L,Far North,5000,0,0.6181086250969414,3090.543125484707,8
9408,Blue One L,North,5000,0,0.5552685393950684,2776.342696975342,6
9409,Blue One L,Centre,5000,0,0.6109218029081132,3054.6090145405656,8
9410,Blue One L,North,5000,1,0.9999997820259117,4999.998910129559,10
9411,Blue One M,Littoral,3000,1,0.4180782236004729,1254.2346708014188,4
9412,Blue One M,North,3000,1,0.45740495304573825,1372.2148591372147,4
9413,Blue One L,Adamawa,5000,0,0.0016731566641347256,8.365783320673629,2
9415,Blue One M,Adamawa,3000,1,0.3403131759714723,1020.939527914417,4
9416,Blue One M,South,3000,0,0.5045866730051205,1513.7600190153614,5
9417,Blue One M,South West,3000,0,0.00039770105601608774,1.1931031680482633,1
9418,Blue One L,Littoral,5000,1,0.5900475134478208,2950.237567239104,7
9419,Blue One M,Adamawa,3000,1,0.44005368776362186,1320.1610632908655,4
9420,Blue One M,Adamawa,3000,1,0.9999993118787366,2999.9979356362096,9
9421,Blue One M,Littoral,3000,0,0.4491062857236115,1347.3188571708345,4
9422,Blue One M,Centre,3000,1,0.4801369775555684,1440.410932666705,5
9423,Blue One L,West,5000,1,0.5435528976854614,2717.7644884273072,6
9424,Blue One L,Adamawa,5000,0,0.0019052231231924104,9.526115615962052,2
9425,Blue One L,East,5000,0,0.5990187769552334,2995.093884776167,8
9426,Blue One L,East,5000,1,0.999999886846041,4999.999434230205,10
9427,Blue One M,Littoral,3000,1,0.3068125531473094,920.4376594419281,4
9428,Blue One L,Littoral,5000,1,0.9999997814803248,4999.998907401624,10
9429,Blue One L,Adamawa,5000,0,0.0017483019712462055,8.741509856231028,2
9431,Blue One M,North,3000,1,0.26391492209013756,791.7447662704127,3
9432,Blue One L,North West,5000,1,0.5969787121209839,2984.8935606049195,7
9433,Blue One L,Far North,5000,1,0.6210792126771144,3105.3960633855722,8
9434,Blue One L,South,5000,1,0.5289350426055903,2644.6752130279515,6
9435,Blue One L,East,5000,1,0.9999998438730451,4999.999219365225,10
9436,Blue One M,South,3000,0,0.0015694651628214728,4.708395488464419,2
9437,Blue One L,Littoral,5000,1,0.999999761449487,4999.998807247435,10
9438,Blue One M,Littoral,3000,1,0.44280798339281435,1328.423950178443,4
9439,Blue One M,Littoral,3000,1,0.9999989992892195,2999.9969978676586,9
9440,Blue One M,Adamawa,3000,0,0.0013427201196063202,4.028160358818961,1
9441,Blue One M,Adamawa,3000,0,0.4866383188110132,1459.9149564330396,5
9442,Blue One M,North,3000,0,0.0004991477019321699,1.4974431057965096,1
9443,Blue One M,Far North,3000,0,0.0005202389369568204,1.5607168108704612,1
9444,Blue One M,South,3000,0,0.0016445462512862227,4.933638753858668,2
9445,Blue One M,Adamawa,3000,0,0.5809223801174956,1742.7671403524869,7
9446,Blue One L,Adamawa,5000,1,0.9999998082808027,4999.999041404014,10
9447,Blue One L,Far North,5000,0,0.6196007873610809,3098.0039368054045,8
9449,Blue One M,South,3000,0,0.00038957883444042384,1.1687365033212715,1
9450,Blue One L,South West,5000,0,0.001587124476302131,7.9356223815106555,2
9451,Blue One L,Littoral,5000,1,0.999999860828515,4999.999304142575,10
9452,Blue One L,Littoral,5000,1,0.9999998527585093,4999.999263792547,10
9453,Blue One L,South,5000,0,0.0015683247279014397,7.8416236395071985,2
9454,Blue One L,Far North,5000,1,0.9999997410575174,4999.998705287587,10
9455,Blue One L,East,5000,1,0.9999997966048321,4999.99898302416,10
9456,Blue One L,Adamawa,5000,0,0.5891983296501309,2945.991648250654,7
9457,Blue One M,Centre,3000,0,0.0016869025742679608,5.060707722803882,2
9458,Blue One L,North,5000,1,0.560601184925574,2803.0059246278697,6
9459,Blue One L,Centre,5000,0,0.001632096338926538,8.16048169463269,2
9460,Blue One L,West,5000,1,0.5683687100298925,2841.8435501494628,7
9461,Blue One L,Far North,5000,0,0.6049647298414017,3024.8236492070087,8
9462,Blue One L,Littoral,5000,0,0.5607705497104298,2803.852748552149,6
9463,Blue One L,West,5000,0,0.0012565569371361506,6.282784685680753,1
9464,Blue One L,East,5000,1,0.9999997443050505,4999.998721525252,10
9465,Blue One L,Far North,5000,1,0.9999997422674665,4999.998711337333,10
9466,Blue One L,North West,5000,1,0.5591958164194143,2795.9790820970716,6
9467,Blue One L,Far North,5000,0,0.5886814944123887,2943.4074720619437,7
9468,Blue One M,Adamawa,3000,1,0.28492708581097975,854.7812574329392,3
9469,Blue One M,South West,3000,0,0.2897026983801975,869.1080951405926,3
9470,Blue One M,South West,3000,1,0.9999993783045048,2999.9981349135146,9
9471,Blue One M,Centre,3000,0,0.00043368573966940093,1.3010572190082028,1
9472,Blue One L,South,5000,0,0.0016084530352748973,8.042265176374487,2
9473,Blue One L,West,5000,0,0.5610213316935931,2805.1066584679656,6
9474,Blue One L,Far North,5000,0,0.0010940402733731441,5.47020136686572,1
9475,Blue One L,East,5000,1,0.6462798981612947,3231.3994908064738,8
9476,Blue One M,South,3000,1,0.5565952821318401,1669.7858463955201,6
9477,Blue One L,North,5000,1,0.9999998512560452,4999.999256280226,10
9480,Blue One M,North,3000,1,0.9999988282057397,2999.9964846172193,8
9481,Blue One L,South,5000,1,0.5816274725373085,2908.1373626865425,7
9482,Blue One L,Far North,5000,0,0.5703136934631948,2851.568467315974,7
9483,Blue One M,Adamawa,3000,0,0.607088489462036,1821.2654683861078,8
9484,Blue One L,North West,5000,1,0.9999998476941477,4999.999238470738,10
9485,Blue One L,Centre,5000,0,0.5870400493367093,2935.2002466835465,7
9487,Blue One L,North West,5000,1,0.9999998715303039,4999.99935765152,10
9488,Blue One L,North,5000,0,0.0015235770474176045,7.617885237088022,2
9489,Blue One L,Adamawa,5000,0,0.535704993180331,2678.5249659016554,6
9490,Blue One L,North,5000,0,0.0015123250833123142,7.561625416561571,2
9491,Blue One L,Centre,5000,0,0.5859889838372856,2929.944919186428,7
9492,Blue One L,Littoral,5000,1,0.5604881219486718,2802.440609743359,6
9493,Blue One M,Adamawa,3000,0,0.5136766127828082,1541.0298383484246,5
9494,Blue One L,North,5000,1,0.9999997694613348,4999.998847306674,10
9495,Blue One L,Far North,5000,1,0.9999998399885318,4999.999199942659,10
9496,Blue One L,South West,5000,1,0.6080980711983865,3040.4903559919326,8
9497,Blue One L,Centre,5000,0,0.0016238365331324325,8.119182665662162,2
9498,Blue One L,North,5000,0,0.6127772846949513,3063.8864234747566,8
9499,Blue One L,East,5000,0,0.6434158239049682,3217.079119524841,8
9500,Blue One L,Littoral,5000,1,0.5984252391220916,2992.1261956104577,7
9501,Blue One L,Littoral,5000,1,0.9999998134350367,4999.999067175184,10
9502,Blue One L,Centre,5000,0,0.6016167389422565,3008.0836947112825,8
9503,Blue One L,North,5000,0,0.001421972630214574,7.10986315107287,2
9504,Blue One L,North West,5000,1,0.9999998212805103,4999.999106402552,10
9505,Blue One L,Far North,5000,1,0.5746301943176311,2873.1509715881552,7
9506,Blue One L,West,5000,1,0.9999998635705181,4999.99931785259,10
9507,Blue One L,North West,5000,1,0.6415094764099261,3207.5473820496304,8
9508,Blue One M,East,3000,1,0.9999988822802434,2999.99664684073,8
9509,Blue One L,North,5000,1,0.9999998169806128,4999.999084903064,10
9510,Blue One L,South West,5000,1,0.9999998561638366,4999.999280819183,10
9511,Blue One L,North,5000,1,0.9999998602949896,4999.999301474948,10
9512,Blue One L,East,5000,1,0.9999998789919946,4999.999394959973,10
9513,Blue One L,South West,5000,1,0.9999998140677783,4999.999070338891,10
9514,Blue One L,North,5000,1,0.536880465130289,2684.4023256514447,6
9515,Blue One L,Centre,5000,1,0.5664274166597923,2832.137083298962,7
9516,Blue One L,Centre,5000,0,0.0012439001527549981,6.219500763774991,1
9517,Blue One L,North West,5000,0,0.0014893398216194928,7.446699108097464,2
9518,Blue One L,Littoral,5000,1,0.9999997717677406,4999.998858838703,10
9519,Blue One L,South,5000,1,0.9999998238238443,4999.999119119222,10
9520,Blue One L,East,5000,1,0.5948143929396951,2974.0719646984753,7
9521,Blue One L,South,5000,1,0.5712344737941579,2856.1723689707896,7
9522,Blue One L,Centre,5000,0,0.5361564385896628,2680.782192948314,6
9523,Blue One L,Centre,5000,1,0.5860008190190151,2930.0040950950756,7
9524,Blue One L,Adamawa,5000,0,0.6051853910981668,3025.926955490834,8
9525,Blue One L,West,5000,0,0.0013100631211337517,6.550315605668758,1
9526,Blue One L,Centre,5000,0,0.0015727957775396823,7.863978887698411,2
9527,Blue One L,East,5000,1,0.6462910501595808,3231.455250797904,8
9528,Blue One L,South,5000,1,0.527382845300863,2636.914226504315,6
9529,Blue One L,Centre,5000,1,0.5637916312194912,2818.9581560974557,7
9530,Blue One L,Far North,5000,1,0.5875351349671439,2937.6756748357197,7
9531,Blue One M,North,3000,1,0.999998936831168,2999.996810493504,9
9533,Blue One L,Centre,5000,1,0.9999998231314182,4999.999115657091,10
9534,Blue One L,South West,5000,0,0.0012518055596172709,6.259027798086354,1
9535,Blue One L,Littoral,5000,0,0.5980421870779058,2990.210935389529,7
9536,Blue One L,South,5000,1,0.6149601458660149,3074.8007293300743,8
9537,Blue One M,Littoral,3000,0,0.2884819003201261,865.4457009603783,3
9538,Blue One L,Far North,5000,1,0.9999998529637547,4999.999264818774,10
9540,Blue One M,South,3000,1,0.5264882414217598,1579.4647242652793,6
9541,Blue One L,Centre,5000,1,0.5626394464269509,2813.1972321347544,7
9542,Blue One L,South West,5000,1,0.5857776850787809,2928.8884253939045,7
9543,Blue One M,North,3000,1,0.9999987326749095,2999.9961980247285,8
9544,Blue One L,East,5000,1,0.643038891245629,3215.1944562281446,8
9545,Blue One L,West,5000,0,0.0014578730211584536,7.289365105792268,2
9546,Blue One M,West,3000,0,0.001703008925771122,5.109026777313367,2
9547,Blue One L,North,5000,1,0.5902666823644405,2951.3334118222024,7
9548,Blue One L,North,5000,0,0.5854144186752737,2927.0720933763682,7
9549,Blue One L,Far North,5000,0,0.5905860185690347,2952.9300928451735,7
9550,Blue One L,North,5000,0,0.0015307932350757355,7.653966175378677,2
9551,Blue One M,Far North,3000,1,0.9999990522467511,2999.9971567402536,9
9552,Blue One L,South,5000,1,0.5457726994051681,2728.863497025841,6
9553,Blue One M,Centre,3000,0,0.002662956111386748,7.9888683341602444,3
9554,Blue One M,West,3000,0,0.0004934830581413347,1.480449174424004,1
9555,Blue One M,South West,3000,0,0.0024989633536288496,7.496890060886549,2
9556,Blue One M,South West,3000,0,0.2865655288410056,859.6965865230169,3
9557,Blue One L,Far North,5000,0,0.6332339608634675,3166.1698043173374,8
9558,Blue One M,Centre,3000,1,0.5752290035317478,1725.6870105952432,7
9559,Blue One L,Far North,5000,1,0.9999998737151576,4999.999368575788,10
9560,Blue One M,West,3000,0,0.0016976811883313903,5.093043564994171,2
9561,Blue One L,South,5000,1,0.9999997822093877,4999.998911046939,10
9562,Blue One M,Centre,3000,1,0.5152474370187092,1545.7423110561276,5
9563,Blue One L,Adamawa,5000,1,0.9999998688323953,4999.999344161976,10
9564,Blue One L,South West,5000,1,0.594237246367759,2971.186231838795,7
9565,Blue One L,North West,5000,1,0.6210208886413627,3105.104443206814,8
9566,Blue One L,West,5000,0,0.001327974783532481,6.639873917662405,1
9567,Blue One L,Centre,5000,1,0.5614284992983658,2807.142496491829,6
9568,Blue One L,North West,5000,0,0.5937466001101154,2968.733000550577,7
9569,Blue One L,North,5000,1,0.5823522502222949,2911.7612511114744,7
9570,Blue One L,East,5000,1,0.9999998751498109,4999.999375749055,10
9571,Blue One L,South,5000,0,0.0013149343763448848,6.574671881724424,1
9572,Blue One L,North,5000,1,0.9999998524881974,4999.999262440987,10
9573,Blue One L,Adamawa,5000,0,0.0013632237738896449,6.816118869448224,1
9574,Blue One L,Far North,5000,0,0.0016822873555711784,8.411436777855892,2
9575,Blue One M,Far North,3000,0,0.0018660456033851658,5.598136810155498,2
9576,Blue One L,South,5000,1,0.9999998383676535,4999.9991918382675,10
9577,Blue One L,South,5000,1,0.5819064492158808,2909.5322460794036,7
9580,Blue One L,North,5000,1,0.9999998633853626,4999.999316926813,10
9581,Blue One M,West,3000,1,0.9999991600462147,2999.9974801386443,9
9582,Blue One M,North West,3000,1,0.9999990715786444,2999.997214735933,9
9583,Blue One M,Centre,3000,0,0.002777335798248766,8.332007394746297,3
9584,Blue One M,North,3000,1,0.4254558995842342,1276.3676987527026,4
9585,Blue One M,Centre,3000,1,0.9999988198294952,2999.996459488486,8
9586,Blue One M,Centre,3000,0,0.0034543544259457108,10.363063277837131,3
9587,Blue One M,Littoral,3000,1,0.5620029162163261,1686.0087486489783,7
9588,Blue One M,Adamawa,3000,1,0.9999989079517109,2999.9967238551326,8
9589,Blue One M,North,3000,1,0.5575311159113948,1672.5933477341844,6
9590,Blue One M,Adamawa,3000,1,0.9999989050800275,2999.9967152400827,8
9591,Blue One M,North,3000,1,0.9999989763556001,2999.9969290668005,9
9592,Blue One M,Adamawa,3000,0,0.5814191534613548,1744.2574603840642,7
9593,Blue One M,South West,3000,0,0.42630899084123874,1278.9269725237161,4
9594,Blue One M,North,3000,0,0.0016354988701279159,4.906496610383748,2
9595,Blue One M,Adamawa,3000,1,0.9999994425011837,2999.998327503551,10
9596,Blue One M,North,3000,0,0.4527229178531372,1358.1687535594115,4
9597,Blue One M,North West,3000,1,0.4982199874860206,1494.6599624580617,5
9598,Blue One M,South West,3000,0,0.41940331754515364,1258.209952635461,4
9599,Blue One M,Centre,3000,1,0.46337241864128614,1390.1172559238585,5
9600,Blue One M,West,3000,0,0.0026248689647723885,7.874606894317165,2
9601,Blue One M,South West,3000,1,0.9999989355603752,2999.9968066811257,9
9602,Blue One M,Adamawa,3000,0,0.5301241346234405,1590.3724038703217,6
9603,Blue One M,East,3000,0,0.00042960930910510193,1.2888279273153058,1
9605,Blue One L,Adamawa,5000,1,0.6358974633347142,3179.487316673571,8
9606,Blue One M,South,3000,1,0.5253083181480248,1575.9249544440745,6
9607,Blue One M,Littoral,3000,1,0.9999989458916168,2999.99683767485,9
9608,Blue One L,South West,5000,1,0.5566010419962222,2783.005209981111,6
9609,Blue One M,North West,3000,0,0.003103269647867626,9.309808943602878,3
9610,Blue One M,North West,3000,1,0.999999334770822,2999.998004312466,9
9612,Blue One L,North,5000,0,0.0011755850924779197,5.877925462389598,1
9614,Blue One M,South,3000,0,0.41320970013769404,1239.6291004130821,4
9615,Blue One L,South,5000,0,0.0012691064720563255,6.345532360281628,1
9616,Blue One L,Littoral,5000,1,0.5806159524664106,2903.079762332053,7
9617,Blue One L,North,5000,1,0.5564489144869705,2782.2445724348527,6
9618,Blue One L,South West,5000,1,0.999999832332333,4999.999161661665,10
9619,Blue One M,North West,3000,0,0.5921596238890124,1776.4788716670373,7
9620,Blue One M,North,3000,1,0.40767773867135176,1223.0332160140554,4
9621,Blue One M,South,3000,0,0.0017257444597992757,5.177233379397827,2
9622,Blue One M,East,3000,1,0.9999991458269648,2999.9974374808944,9
9623,Blue One L,South,5000,0,0.6000242424849743,3000.121212424872,8
9624,Blue One M,North West,3000,0,0.6168850277267371,1850.6550831802115,8
9625,Blue One M,Centre,3000,0,0.4738301296287857,1421.490388886357,5
9626,Blue One M,Centre,3000,1,0.9999992466435339,2999.9977399306017,9
9627,Blue One M,North,3000,0,0.0025205391713770944,7.561617514131283,2
9628,Blue One L,Centre,5000,1,0.9999998569975521,4999.999284987761,10
9629,Blue One L,Centre,5000,1,0.5596252333468139,2798.1261667340696,6
9630,Blue One M,North West,3000,1,0.32177813259052024,965.3343977715607,4
9631,Blue One M,Adamawa,3000,0,0.3228759425759432,968.6278277278296,4
9632,Blue One L,Adamawa,5000,1,0.9999998427038327,4999.999213519163,10
9633,Blue One L,North West,5000,1,0.999999799245843,4999.998996229215,10
9634,Blue One L,West,5000,0,0.001501370458094747,7.506852290473735,2
9635,Blue One L,Adamawa,5000,1,0.6293738180617252,3146.8690903086263,8
9636,Blue One L,South,5000,1,0.9999998560448614,4999.999280224307,10
9637,Blue One L,South West,5000,1,0.9999998513673739,4999.99925683687,10
9638,Blue One L,Centre,5000,1,0.9999998709033731,4999.999354516865,10
9639,Blue One L,Centre,5000,0,0.0015891594589120238,7.945797294560119,2
9640,Blue One L,Littoral,5000,1,0.9999998627770095,4999.999313885048,10
9641,Blue One L,South,5000,1,0.6145711523908685,3072.855761954342,8
9642,Blue One L,Adamawa,5000,1,0.9999998734289219,4999.99936714461,10
9643,Blue One L,North West,5000,0,0.0018793261774998598,9.396630887499299,2
9644,Blue One L,North,5000,1,0.5911218479244064,2955.609239622032,7
9645,Blue One L,North West,5000,1,0.6226690230522464,3113.345115261232,8
9646,Blue One L,East,5000,0,0.6230274640614252,3115.1373203071257,8
9647,Blue One L,East,5000,1,0.9999998836504544,4999.999418252272,10
9648,Blue One L,Adamawa,5000,1,0.99999987127315,4999.99935636575,10
9649,Blue One L,Adamawa,5000,1,0.585560386694936,2927.80193347468,7
9650,Blue One L,North,5000,1,0.9999998533457151,4999.999266728575,10
9651,Blue One L,South West,5000,0,0.0014957191939901798,7.478595969950899,2
9652,Blue One L,Littoral,5000,0,0.0013443791944612372,6.721895972306186,1
9653,Blue One L,North,5000,0,0.0015283592401059162,7.641796200529581,2
9654,Blue One M,North,3000,1,0.9999994230396008,2999.9982691188025,10
9656,Blue One M,South West,3000,0,0.41826327187730516,1254.7898156319154,4
9657,Blue One M,North West,3000,0,0.30130176619535126,903.9052985860537,3
9660,Blue One M,North West,3000,0,0.00038705157126145325,1.1611547137843599,1
9662,Blue One M,Littoral,3000,1,0.2608016934803148,782.4050804409444,3
9663,Blue One L,Centre,5000,1,0.5645053756776198,2822.5268783880992,7
9664,Blue One L,West,5000,1,0.9999998394616565,4999.999197308282,10
9665,Blue One L,South,5000,1,0.5609962677594709,2804.9813387973545,6
9666,Blue One M,North West,3000,0,0.6127912709903961,1838.3738129711883,8
9667,Blue One M,Far North,3000,1,0.9999990581774743,2999.997174532423,9
9668,Blue One L,North,5000,1,0.9999998296967981,4999.99914848399,10
9669,Blue One L,Adamawa,5000,0,0.6316075428732353,3158.0377143661763,8
9670,Blue One L,West,5000,0,0.0016581493732516384,8.290746866258193,2
9671,Blue One L,North,5000,1,0.5945252491142629,2972.6262455713145,7
9672,Blue One M,Littoral,3000,0,0.5730926183118529,1719.2778549355587,7
9673,Blue One L,East,5000,1,0.9999998139894877,4999.999069947438,10
9674,Blue One L,East,5000,1,0.9999997474951472,4999.998737475736,10
9676,Blue One S,South West,2000,0,0.00014521595720256116,0.29043191440512234,1
9678,Blue One M,East,3000,0,0.5308659829292369,1592.5979487877107,6
9681,Blue One M,Littoral,3000,1,0.9999987407777706,2999.996222333312,8
9682,Blue One M,Adamawa,3000,0,0.002874985657999849,8.624956973999547,3
9683,Blue One M,North,3000,0,0.49846079477249217,1495.3823843174764,5
9684,Blue One M,North West,3000,1,0.9999990917542145,2999.9972752626436,9
9685,Blue One L,Adamawa,5000,0,0.0016114105426573,8.057052713286499,2
9686,Blue One L,West,5000,0,0.5867022070525483,2933.511035262741,7
9687,Blue One L,Far North,5000,1,0.9999997882045013,4999.998941022506,10
9688,Blue One L,Far North,5000,1,0.9999998748986748,4999.9993744933745,10
9689,Blue One L,Littoral,5000,0,0.5912762358928373,2956.3811794641865,7
9690,Blue One L,East,5000,1,0.6296384942569004,3148.192471284502,8
9691,Blue One L,South West,5000,1,0.999999852017376,4999.99926008688,10
9692,Blue One L,North,5000,0,0.0014147747234733042,7.073873617366521,1
9693,Blue One M,North,3000,0,0.5730099219714718,1719.0297659144155,7
9694,Blue One M,North,3000,0,0.5474311321646975,1642.2933964940926,6
9695,Blue One M,South,3000,1,0.4257830037995968,1277.3490113987905,4
9696,Blue One M,Adamawa,3000,1,0.9999989422373385,2999.9968267120157,9
9697,Blue One M,Far North,3000,1,0.6037853057311288,1811.3559171933862,8
9698,Blue One L,Adamawa,5000,0,0.0017627079412061326,8.813539706030664,2
9699,Blue One L,Centre,5000,0,0.5748703034620093,2874.3515173100463,7
9700,Blue One L,Far North,5000,1,0.6332339608634675,3166.1698043173374,8
9701,Blue One L,North West,5000,1,0.6143502499127905,3071.7512495639526,8
9702,Blue One L,North West,5000,0,0.0014054734820221188,7.027367410110594,1
9703,Blue One L,East,5000,1,0.9999998102173777,4999.999051086888,10
9704,Blue One L,Adamawa,5000,1,0.6264177281286185,3132.0886406430927,8
9705,Blue One L,South West,5000,1,0.6124937961829765,3062.4689809148826,8
9706,Blue One M,South,3000,0,0.0013740631529730357,4.122189458919107,1
9707,Blue One L,South,5000,1,0.511759173979791,2558.795869898955,5
9708,Blue One L,Centre,5000,1,0.999999871858225,4999.999359291125,10
9709,Blue One L,South,5000,0,0.0016155974175012353,8.077987087506177,2
9710,Blue One L,Littoral,5000,0,0.0014734740506672842,7.3673702533364205,2
9711,Blue One L,North West,5000,1,0.9999998108249439,4999.99905412472,10
9712,Blue One L,West,5000,1,0.6190495205475393,3095.247602737696,8
9713,Blue One M,North West,3000,0,0.3313644205645336,994.0932616936008,4
9714,Blue One M,South,3000,0,0.0005317556285737911,1.5952668857213732,1
9715,Blue One M,Far North,3000,0,0.0035394164136102104,10.61824924083063,3
9716,Blue One L,South,5000,1,0.9999997680598433,4999.998840299217,10
9717,Blue One L,North,5000,0,0.5808247044779388,2904.123522389694,7
9718,Blue One L,North West,5000,1,0.9999998703602487,4999.999351801243,10
9719,Blue One L,South,5000,1,0.9999997868573164,4999.998934286582,10
9720,Blue One L,Adamawa,5000,0,0.5915835260102643,2957.917630051322,7
9721,Blue One L,North West,5000,0,0.592932356726164,2964.6617836308196,7
9722,Blue One M,North West,3000,1,0.44723640922099434,1341.709227662983,4
9723,Blue One M,Littoral,3000,1,0.9999989140141586,2999.996742042476,8
9724,Blue One L,South,5000,0,0.5992707417857797,2996.3537089288984,8
9725,Blue One L,North,5000,1,0.5966972173659701,2983.4860868298506,7
9726,Blue One M,Adamawa,3000,0,0.5866361553873132,1759.9084661619395,7
9727,Blue One L,Centre,5000,0,0.5420563302872494,2710.281651436247,6
9728,Blue One L,North,5000,0,0.5321706733482688,2660.8533667413444,6
9729,Blue One L,North,5000,1,0.9999998132038697,4999.999066019348,10
9730,Blue One L,West,5000,1,0.999999833291698,4999.9991664584895,10
9731,Blue One M,Far North,3000,0,0.6012439914937521,1803.7319744812562,8
9732,Blue One L,North,5000,1,0.5446747782445879,2723.373891222939,6
9733,Blue One L,South West,5000,1,0.9999998296803138,4999.999148401569,10
9734,Blue One L,East,5000,0,0.5800194872433225,2900.0974362166126,7
9735,Blue One L,Far North,5000,0,0.571168300592289,2855.841502961445,7
9736,Blue One L,Littoral,5000,0,0.5363700419540027,2681.850209770014,6
9737,Blue One L,West,5000,0,0.5591715804932683,2795.857902466342,6
9738,Blue One L,Littoral,5000,0,0.0012353961829553253,6.176980914776626,1
9739,Blue One L,Centre,5000,1,0.9999998669398525,4999.999334699262,10
9740,Blue One L,North West,5000,0,0.6487062392698748,3243.531196349374,8
9741,Blue One L,Adamawa,5000,0,0.0014518740835989675,7.2593704179948375,2
9742,Blue One L,Centre,5000,1,0.5922674191904438,2961.337095952219,7
9743,Blue One L,Adamawa,5000,1,0.6235914879870446,3117.9574399352227,8
9744,Blue One L,West,5000,0,0.0016594392144030647,8.297196072015323,2
9745,Blue One L,West,5000,1,0.5625786986031116,2812.893493015558,7
9746,Blue One L,Centre,5000,0,0.0016467759828899587,8.233879914449794,2
9747,Blue One L,Adamawa,5000,1,0.5902075466248959,2951.03773312448,7
9748,Blue One L,South,5000,0,0.5920836335059144,2960.418167529572,7
9749,Blue One L,North West,5000,1,0.6281779243437638,3140.8896217188194,8
9750,Blue One L,West,5000,1,0.9999998598474221,4999.999299237111,10
9751,Blue One L,South West,5000,1,0.6062323392415296,3031.161696207648,8
9752,Blue One L,East,5000,1,0.6490538868665046,3245.269434332523,8
9753,Blue One L,North,5000,1,0.5970806875929678,2985.403437964839,7
9754,Blue One L,Centre,5000,0,0.6199414643039549,3099.7073215197747,8
9755,Blue One L,South,5000,0,0.5988879556625609,2994.4397783128047,8
9756,Blue One L,Adamawa,5000,1,0.9999997902893105,4999.998951446552,10
9758,Blue One L,Littoral,5000,0,0.0014409006695983058,7.204503347991529,2
9759,Blue One L,Far North,5000,0,0.0016580329344373867,8.290164672186933,2
9760,Blue One L,Far North,5000,1,0.9999998691162566,4999.999345581283,10
9761,Blue One L,South,5000,1,0.6193155839929486,3096.577919964743,8
9762,Blue One L,East,5000,0,0.001842185929001592,9.21092964500796,2
9763,Blue One L,South West,5000,1,0.5472869506085353,2736.434753042676,6
9764,Blue One L,Littoral,5000,1,0.5870072499230996,2935.036249615498,7
9765,Blue One L,Littoral,5000,1,0.9999998280329263,4999.999140164631,10
9766,Blue One L,North,5000,1,0.9999998180356671,4999.999090178335,10
9767,Blue One L,Adamawa,5000,1,0.9999998730310334,4999.999365155167,10
9768,Blue One M,Littoral,3000,1,0.9999990757059399,2999.99722711782,9
9769,Blue One M,Far North,3000,0,0.000531789274279555,1.595367822838665,1
9770,Blue One M,West,3000,0,0.3047499903206026,914.2499709618079,4
9771,Blue One M,West,3000,1,0.9999994327931361,2999.9982983794084,10
9772,Blue One M,North,3000,0,0.0004615777859536669,1.3847333578610008,1
9773,Blue One M,North West,3000,0,0.29679012699390206,890.3703809817061,3
9774,Blue One M,Centre,3000,0,0.27296853483368855,818.9056045010657,3
9775,Blue One M,Adamawa,3000,0,0.5479164967894324,1643.7494903682973,6
9776,Blue One M,Adamawa,3000,0,0.001900180805396728,5.700542416190184,2
9777,Blue One M,Littoral,3000,0,0.001508830158420089,4.526490475260267,2
9778,Blue One M,Littoral,3000,0,0.00036767284039340356,1.1030185211802106,1
9780,Blue One M,Far North,3000,1,0.999999118405229,2999.997355215687,9
9781,Blue One M,West,3000,0,0.4839814241998179,1451.9442725994536,5
9782,Blue One M,East,3000,1,0.9999990935444439,2999.9972806333317,9
9783,Blue One M,West,3000,0,0.0005253691311839224,1.576107393551767,1
9784,Blue One M,South,3000,0,0.318655405266833,955.966215800499,4
9785,Blue One M,East,3000,0,0.0004133101190333946,1.2399303571001838,1
9786,Blue One M,South West,3000,0,0.2887198418707972,866.1595256123916,3
9787,Blue One M,Far North,3000,0,0.4495867983611252,1348.7603950833757,4
9788,Blue One M,North West,3000,0,0.277866834000325,833.6005020009751,3
9789,Blue One M,South West,3000,1,0.9999991604851746,2999.9974814555235,9
9790,Blue One M,North West,3000,1,0.5128069931111395,1538.4209793334187,5
9791,Blue One M,South,3000,1,0.9999987818776471,2999.9963456329415,8
9792,Blue One M,Far North,3000,0,0.2905002990499196,871.5008971497588,3
9793,Blue One M,Centre,3000,0,0.00259387428139736,7.78162284419208,2
9794,Blue One M,Centre,3000,1,0.9999992379631297,2999.997713889389,9
9795,Blue One S,North West,2000,0,0.18996978817250124,379.9395763450025,3
9796,Blue One M,South West,3000,1,0.9999989730883817,2999.996919265145,9
9797,Blue One M,Centre,3000,0,0.49062712159137095,1471.8813647741129,5
9798,Blue One M,Centre,3000,1,0.9999987177931544,2999.996153379463,8
9799,Blue One M,North,3000,0,0.30799225689167875,923.9767706750363,4
9800,Blue One M,East,3000,1,0.999999332666888,2999.997998000664,9
9801,Blue One M,North,3000,0,0.4026707704190769,1208.0123112572307,4
9802,Blue One M,Centre,3000,0,0.2912580199471634,873.7740598414902,3
9803,Blue One M,Centre,3000,0,0.2764029420686719,829.2088262060157,3
9805,Blue One M,North,3000,1,0.9999992427809484,2999.997728342845,9
9807,Blue One M,Littoral,3000,1,0.4009324490923577,1202.7973472770732,4
9808,Blue One L,Adamawa,5000,1,0.5915835260102643,2957.917630051322,7
9809,Blue One M,East,3000,1,0.9999989500998824,2999.996850299647,9
9810,Blue One M,Centre,3000,0,0.3246584055638314,973.9752166914942,4
9811,Blue One L,North,5000,0,0.5420418949745811,2710.2094748729055,6
9812,Blue One M,Far North,3000,1,0.9999989148776198,2999.9967446328596,8
9813,Blue One M,Adamawa,3000,1,0.4570880463152191,1371.2641389456574,4
9814,Blue One L,North,5000,0,0.0015265361890211108,7.632680945105554,2
9815,Blue One M,Centre,3000,1,0.9999991976599298,2999.9975929797897,9
9816,Blue One L,West,5000,0,0.001636815136977201,8.184075684886006,2
9817,Blue One L,Littoral,5000,1,0.9999998267688186,4999.999133844093,10
9818,Blue One M,West,3000,0,0.0035189263446043263,10.55677903381298,3
9819,Blue One M,South West,3000,0,0.0012699760539570757,3.8099281618712273,1
9820,Blue One L,South West,5000,0,0.0015255577967194576,7.627788983597288,2
9821,Blue One L,South,5000,1,0.5651597732758677,2825.798866379339,7
9822,Blue One L,Adamawa,5000,1,0.9999997922445435,4999.998961222717,10
9823,Blue One L,Centre,5000,1,0.9999998612639963,4999.999306319982,10
9824,Blue One L,Centre,5000,0,0.5867738942056109,2933.8694710280542,7
9825,Blue One L,Littoral,5000,1,0.9999997599356055,4999.998799678027,10
9826,Blue One L,Far North,5000,1,0.9999998072028075,4999.999036014037,10
9827,Blue One L,Littoral,5000,1,0.9999997661794984,4999.998830897492,10
9828,Blue One L,West,5000,1,0.9999997664288552,4999.998832144276,10
9829,Blue One M,East,3000,1,0.9999988940780433,2999.99668223413,8
9830,Blue One M,Far North,3000,0,0.0017115815163578569,5.13474454907357,2
9831,Blue One M,South,3000,1,0.9999994262189148,2999.9982786567443,10
9832,Blue One M,South,3000,0,0.31697005480318324,950.9101644095497,4
9833,Blue One M,Adamawa,3000,0,0.32736835928077557,982.1050778423268,4
9834,Blue One M,Adamawa,3000,0,0.0005683690526047541,1.7051071578142623,1
9835,Blue One M,Far North,3000,0,0.0005374068674602911,1.6122206023808734,1
9837,Blue One M,North,3000,0,0.0010602503952234206,3.1807511856702617,1
9838,Blue One M,East,3000,0,0.0011674101108393533,3.50223033251806,1
9839,Blue One M,Far North,3000,0,0.31790168414920345,953.7050524476103,4
9842,Blue One M,North West,3000,0,0.0005669747709782633,1.7009243129347897,1
9844,Blue One M,Centre,3000,0,0.2613294253667468,783.9882761002405,3
9845,Blue One M,Far North,3000,0,0.0004719083026152501,1.4157249078457501,1
9846,Blue One M,Adamawa,3000,1,0.9999990355052709,2999.997106515813,9
9847,Blue One M,Far North,3000,0,0.003445107362662632,10.335322087987896,3
9848,Blue One M,Centre,3000,0,0.0026307370439980857,7.892211131994257,2
9849,Blue One M,South,3000,0,0.5256063818667718,1576.8191456003153,6
9850,Blue One M,Centre,3000,1,0.5571643084029002,1671.4929252087006,6
9851,Blue One M,Centre,3000,0,0.5145751577528458,1543.7254732585375,5
9852,Blue One M,North,3000,1,0.9999988912834306,2999.9966738502917,8
9853,Blue One M,Centre,3000,0,0.0026545040798696485,7.963512239608946,3
9854,Blue One M,South West,3000,0,0.5630965173255537,1689.289551976661,7
9855,Blue One M,Littoral,3000,1,0.9999984868312464,2999.9954604937393,8
9856,Blue One M,Littoral,3000,0,0.5060054322981724,1518.0162968945172,5
9857,Blue One M,Littoral,3000,1,0.9999986677605245,2999.9960032815734,8
9858,Blue One M,West,3000,1,0.9999988232373839,2999.996469712152,8
9859,Blue One M,Littoral,3000,1,0.9999986859534565,2999.9960578603695,8
9860,Blue One M,South,3000,1,0.9999991779033862,2999.9975337101587,9
9861,Blue One M,Adamawa,3000,0,0.5522069828919323,1656.6209486757969,6
9862,Blue One M,Far North,3000,0,0.5024516200067471,1507.3548600202414,5
9863,Blue One M,North,3000,0,0.5050489858165766,1515.1469574497298,5
9864,Blue One M,North West,3000,1,0.9999988677850429,2999.9966033551286,8
9865,Blue One M,Littoral,3000,0,0.4900026863878218,1470.0080591634653,5
9866,Blue One M,North West,3000,1,0.4962644808233338,1488.7934424700013,5
9867,Blue One M,Adamawa,3000,0,0.001410204120667524,4.230612362002572,1
9868,Blue One M,Far North,3000,0,0.5076570650509289,1522.9711951527868,5
9869,Blue One M,Centre,3000,0,0.4683437306320974,1405.031191896292,5
9870,Blue One M,Adamawa,3000,1,0.9999993308108974,2999.997992432692,9
9871,Blue One M,West,3000,0,0.0016864868957603837,5.059460687281151,2
9872,Blue One M,North West,3000,1,0.44772893902015876,1343.1868170604762,4
9873,Blue One M,Adamawa,3000,0,0.001454594379127096,4.363783137381288,2
9874,Blue One M,North West,3000,1,0.45729975792614364,1371.8992737784308,4
9875,Blue One M,South West,3000,0,0.00044957824199793104,1.3487347259937932,1
9876,Blue One L,Littoral,5000,1,0.9999997650703459,4999.9988253517295,10
9877,Blue One L,Littoral,5000,1,0.9999998130345301,4999.99906517265,10
9878,Blue One M,East,3000,1,0.6075608266657353,1822.682479997206,8
9879,Blue One L,North West,5000,1,0.9999998831064693,4999.999415532347,10
9881,Blue One L,Adamawa,5000,0,0.0018385808404811717,9.192904202405858,2
9882,Blue One L,Adamawa,5000,1,0.5871710807399377,2935.855403699689,7
9883,Blue One L,North West,5000,0,0.5885090965151126,2942.5454825755633,7
9884,Blue One L,East,5000,0,0.0017572274099828804,8.786137049914402,2
9885,Blue One L,West,5000,1,0.6124488212105565,3062.2441060527826,8
9886,Blue One L,West,5000,1,0.9999998690251651,4999.999345125826,10
9887,Blue One L,North,5000,1,0.5173539525042983,2586.7697625214914,5
9888,Blue One M,North,3000,1,0.5744596291244777,1723.3788873734331,7
9889,Blue One L,North West,5000,1,0.5944916991874488,2972.458495937244,7
9890,Blue One L,Littoral,5000,1,0.5802278288983307,2901.1391444916535,7
9891,Blue One L,West,5000,0,0.001482594633342662,7.41297316671331,2
9892,Blue One L,East,5000,0,0.00181355357791268,9.0677678895634,2
9894,Blue One M,South West,3000,0,0.0015247718720981529,4.5743156162944585,2
9895,Blue One L,South,5000,0,0.001468038126696,7.34019063348,2
9896,Blue One L,North West,5000,0,0.5922957889359656,2961.4789446798277,7
9897,Blue One M,North,3000,1,0.4593348513029388,1378.0045539088164,4
9898,Blue One L,South West,5000,1,0.9999998149456035,4999.999074728018,10
9899,Blue One M,Far North,3000,0,0.0005766478494315574,1.7299435482946723,1
9900,Blue One M,East,3000,0,0.0019370762296618221,5.811228688985467,2
9901,Blue One M,Littoral,3000,1,0.9999990446675343,2999.9971340026027,9
9902,Blue One L,West,5000,0,0.5436895282238084,2718.447641119042,6
9903,Blue One M,South West,3000,1,0.4934545201546233,1480.36356046387,5
9904,Blue One M,South,3000,0,0.5271591825627355,1581.4775476882066,6
9905,Blue One L,East,5000,0,0.6035452550690681,3017.7262753453406,8
9906,Blue One L,North,5000,1,0.9999997630625967,4999.998815312983,10
9907,Blue One M,North,3000,0,0.2935204870138957,880.5614610416872,3
9908,Blue One L,West,5000,0,0.0016737284722974856,8.368642361487428,2
9909,Blue One M,West,3000,0,0.0034334976910962677,10.300493073288804,3
9911,Blue One L,West,5000,0,0.00154304376856223,7.71521884281115,2
9912,Blue One M,Littoral,3000,1,0.5461688380139765,1638.5065140419297,6
9913,Blue One L,West,5000,1,0.6045512156224597,3022.756078112299,8
9914,Blue One L,Far North,5000,0,0.0017196241797142508,8.598120898571255,2
9915,Blue One L,Far North,5000,0,0.5898268920649521,2949.1344603247603,7
9916,Blue One M,Adamawa,3000,0,0.003079341469990869,9.238024409972606,3
9917,Blue One M,South,3000,1,0.9999991704565048,2999.9975113695145,9
9918,Blue One L,North,5000,0,0.5220632358657348,2610.316179328674,6
9919,Blue One M,Centre,3000,1,0.469510109898405,1408.5303296952152,5
9920,Blue One L,South,5000,1,0.9999998179980121,4999.99908999006,10
9921,Blue One M,Centre,3000,1,0.999999393468602,2999.998180405806,10
9922,Blue One L,East,5000,0,0.0016693115223847714,8.346557611923858,2
9923,Blue One L,East,5000,0,0.0015533563934340053,7.766781967170027,2
9924,Blue One M,Littoral,3000,1,0.5692368349125199,1707.7105047375596,7
9925,Blue One L,South West,5000,1,0.6077414570717702,3038.707285358851,8
9926,Blue One L,Littoral,5000,0,0.001454654153175612,7.273270765878061,2
9927,Blue One M,North,3000,1,0.9999990060076617,2999.9970180229852,9
9929,Blue One M,Adamawa,3000,0,0.001472944375422358,4.418833126267074,2
9930,Blue One M,Adamawa,3000,0,0.0038584979193438586,11.575493758031575,3
9931,Blue One M,North West,3000,1,0.5628637206340599,1688.5911619021797,7
9935,Blue One L,Littoral,5000,0,0.5792849240379653,2896.4246201898263,7
9936,Blue One M,South,3000,0,0.00040358358652832396,1.2107507595849718,1
9937,Blue One L,Adamawa,5000,1,0.6380747652725427,3190.3738263627133,8
9938,Blue One L,North,5000,0,0.0015304940984617406,7.652470492308703,2
9939,Blue One L,East,5000,1,0.6372548279235318,3186.2741396176593,8
9940,Blue One M,East,3000,0,0.5869349746447076,1760.8049239341226,7
9941,Blue One M,Centre,3000,0,0.0016047757874134802,4.814327362240441,2
9942,Blue One M,Far North,3000,0,0.5403656634834141,1621.0969904502422,6
9943,Blue One M,Adamawa,3000,0,0.001572863246251886,4.718589738755658,2
9944,Blue One L,Adamawa,5000,0,0.5916405232057207,2958.2026160286036,7
9945,Blue One L,Centre,5000,1,0.9999997765361288,4999.998882680644,10
9946,Blue One L,West,5000,1,0.5870649523125664,2935.324761562832,7
9947,Blue One L,South,5000,1,0.5827667298155967,2913.833649077984,7
9948,Blue One L,South West,5000,0,0.0015877558634088014,7.938779317044007,2
9949,Blue One L,South West,5000,0,0.5507000487948697,2753.5002439743485,6
9950,Blue One L,Littoral,5000,1,0.5175256403935112,2587.6282019675564,5
9951,Blue One L,South,5000,1,0.9999997079551126,4999.998539775563,10
9952,Blue One L,South,5000,1,0.6215330281703466,3107.665140851733,8
9953,Blue One L,South,5000,1,0.5917104453065262,2958.552226532631,7
9954,Blue One M,North,3000,0,0.551438863999225,1654.316591997675,6
9955,Blue One M,Far North,3000,0,0.333717277807717,1001.151833423151,4
9956,Blue One M,Littoral,3000,0,0.2533476118420953,760.0428355262859,3
9957,Blue One M,West,3000,0,0.2631127300869043,789.3381902607128,3
9958,Blue One M,South West,3000,0,0.00041253345748177374,1.2376003724453213,1
9960,Blue One M,Adamawa,3000,0,0.0004378642498500895,1.3135927495502686,1
9961,Blue One L,North West,5000,0,0.001845153899164914,9.22576949582457,2
9964,Blue One M,South West,3000,0,0.3114221914257728,934.2665742773185,4
9967,Blue One L,North West,5000,0,0.001439372485914529,7.196862429572645,2
9970,Blue One M,Adamawa,3000,0,0.32666687466549443,980.0006239964833,4
9971,Blue One L,West,5000,1,0.6139377234019457,3069.6886170097287,8
9972,Blue One L,West,5000,1,0.999999857467282,4999.99928733641,10
9973,Blue One L,South West,5000,0,0.0012177106653426123,6.088553326713061,1
9974,Blue One L,Adamawa,5000,1,0.999999794529352,4999.99897264676,10
9975,Blue One L,Far North,5000,1,0.5691536086832654,2845.7680434163267,7
9976,Blue One L,Far North,5000,1,0.5889984210400093,2944.992105200047,7
9977,Blue One M,Far North,3000,0,0.001419526221668896,4.258578665006688,1
9978,Blue One M,Littoral,3000,1,0.9999986714062513,2999.9960142187538,8
9979,Blue One M,North,3000,0,0.001987356870964211,5.962070612892632,2
9980,Blue One L,Littoral,5000,0,0.5566842655404938,2783.4213277024687,6
9981,Blue One L,Centre,5000,0,0.5863874098299435,2931.9370491497175,7
9982,Blue One L,Far North,5000,0,0.0017303497782891744,8.651748891445871,2
9983,Blue One L,Littoral,5000,0,0.0016032924127388816,8.016462063694409,2
9984,Blue One L,East,5000,0,0.6135902713774316,3067.951356887158,8
9985,Blue One L,North West,5000,0,0.5634405430254035,2817.202715127017,7
9986,Blue One L,Adamawa,5000,1,0.5943095491801557,2971.5477459007784,7
9988,Blue One L,Centre,5000,1,0.9999997754761043,4999.998877380522,10
9989,Blue One L,North,5000,1,0.9999997820152777,4999.998910076389,10
9990,Blue One M,North,3000,0,0.002018727675840943,6.056183027522829,2
9991,Blue One L,Littoral,5000,1,0.9999998155787186,4999.9990778935935,10
9992,Blue One M,Adamawa,3000,1,0.5476445564977329,1642.9336694931987,6
9993,Blue One L,Littoral,5000,1,0.5375466752689017,2687.733376344508,6
9994,Blue One M,North,3000,0,0.4072929480310943,1221.8788440932829,4
9995,Blue One L,South,5000,1,0.9999998606664199,4999.9993033321,10
9996,Blue One L,West,5000,1,0.6027750197392838,3013.875098696419,8
9997,Blue One L,North West,5000,0,0.0017164063907542904,8.582031953771452,2
9998,Blue One L,Far North,5000,0,0.5638440039311041,2819.2200196555204,7
9999,Blue One L,South West,5000,1,0.9999998466357911,4999.999233178955,10
10000,Blue One L,North,5000,1,0.9999998534112777,4999.999267056389,10
10001,Blue One L,North,5000,1,0.9999998541033539,4999.99927051677,10
10002,Blue One L,Far North,5000,1,0.57759883173435,2887.99415867175,7
10003,Blue One L,South,5000,1,0.9999998169616957,4999.999084808479,10
10004,Blue One L,East,5000,1,0.62230148567695,3111.50742838475,8
10005,Blue One L,Littoral,5000,0,0.5379307102818717,2689.6535514093584,6
10006,Blue One L,Centre,5000,0,0.5706798774424141,2853.3993872120705,7
10007,Blue One L,Adamawa,5000,1,0.5907286575026939,2953.643287513469,7
10008,Blue One M,Adamawa,3000,0,0.002919309099899624,8.757927299698872,3
10009,Blue One L,South West,5000,0,0.5983324736120579,2991.6623680602893,7
10010,Blue One L,East,5000,1,0.9999998707703472,4999.9993538517365,10
10011,Blue One M,North,3000,1,0.9999990245985058,2999.9970737955173,9
10012,Blue One M,Centre,3000,0,0.4508040016703874,1352.4120050111624,4
10013,Blue One L,Far North,5000,0,0.0013472715732946608,6.736357866473304,1
10014,Blue One L,West,5000,1,0.9999998622731127,4999.999311365564,10
10015,Blue One L,North West,5000,0,0.5702005132691128,2851.002566345564,7
10016,Blue One L,Littoral,5000,1,0.9999998162388362,4999.999081194181,10
10017,Blue One L,South West,5000,1,0.999999830484429,4999.999152422145,10
10018,Blue One L,North West,5000,1,0.9999998451000587,4999.9992255002935,10
10019,Blue One L,Adamawa,5000,1,0.9999998780857831,4999.999390428915,10
10020,Blue One L,Adamawa,5000,1,0.577532485955647,2887.662429778235,7
10021,Blue One L,Littoral,5000,1,0.99999981449132,4999.9990724566005,10
10022,Blue One L,Adamawa,5000,1,0.999999852012403,4999.999260062015,10
10023,Blue One L,Far North,5000,1,0.5719488412569136,2859.744206284568,7
10024,Blue One M,Centre,3000,1,0.9999987242927656,2999.996172878297,8
10025,Blue One L,Far North,5000,1,0.5925604546949533,2962.8022734747665,7
10026,Blue One L,Centre,5000,1,0.6165196464589505,3082.5982322947525,8
10027,Blue One L,South,5000,1,0.5647680680180438,2823.840340090219,7
10028,Blue One L,Littoral,5000,1,0.561543477013027,2807.7173850651347,6
10029,Blue One L,Centre,5000,0,0.5170392287057219,2585.19614352861,5
10030,Blue One L,West,5000,0,0.587740915362905,2938.704576814525,7
10031,Blue One L,Littoral,5000,1,0.9999997208352367,4999.998604176183,10
10032,Blue One L,Far North,5000,1,0.6273314769099373,3136.6573845496864,8
10033,Blue One L,East,5000,1,0.9999997944550981,4999.998972275491,10
10034,Blue One L,Littoral,5000,0,0.5283088621110846,2641.544310555423,6
10035,Blue One M,Far North,3000,0,0.5845374740548209,1753.6124221644627,7
10036,Blue One M,East,3000,0,0.6038011348512511,1811.4034045537533,8
10037,Blue One M,Far North,3000,1,0.9999988519557139,2999.996555867142,8
10038,Blue One M,South West,3000,1,0.4628366680806813,1388.5100042420438,5
10039,Blue One M,Littoral,3000,1,0.9999986677605245,2999.9960032815734,8
10040,Blue One M,North,3000,1,0.9999987788473446,2999.9963365420335,8
10041,Blue One M,North West,3000,0,0.5667211515315792,1700.1634545947377,7
10042,Blue One M,North West,3000,0,0.003238884918779908,9.716654756339723,3
10043,Blue One M,East,3000,1,0.9999989789855919,2999.9969369567757,9
10044,Blue One M,Centre,3000,1,0.9999992138437054,2999.997641531116,9
10045,Blue One M,South West,3000,1,0.5133220922082828,1539.9662766248484,5
10046,Blue One M,East,3000,1,0.4974427652922447,1492.328295876734,5
10047,Blue One M,Adamawa,3000,1,0.49408364807417954,1482.2509442225387,5
10048,Blue One M,Adamawa,3000,1,0.9999987351992553,2999.9962055977658,8
10049,Blue One M,Adamawa,3000,1,0.5433465060784411,1630.0395182353234,6
10050,Blue One M,West,3000,1,0.5203286615925886,1560.985984777766,6
10051,Blue One M,Centre,3000,0,0.4308493325568195,1292.5479976704585,4
10052,Blue One M,Centre,3000,1,0.46560331524333964,1396.8099457300189,5
10053,Blue One M,Littoral,3000,1,0.48215962598009776,1446.4788779402934,5
10054,Blue One M,Far North,3000,0,0.0027971382411811387,8.391414723543416,3
10055,Blue One M,South West,3000,0,0.0016123248189910306,4.836974456973092,2
10056,Blue One M,North West,3000,0,0.0028640255454959935,8.592076636487981,3
10057,Blue One M,North West,3000,0,0.0019460945930187936,5.838283779056381,2
10058,Blue One M,Adamawa,3000,0,0.496063413804757,1488.190241414271,5
10059,Blue One M,Far North,3000,1,0.9999992733697392,2999.9978201092176,9
10060,Blue One M,Far North,3000,0,0.48299772489161547,1448.9931746748464,5
10061,Blue One M,North West,3000,0,0.5358052116030344,1607.4156348091033,6
10062,Blue One M,North West,3000,0,0.2949504227500831,884.8512682502493,3
10063,Blue One M,Far North,3000,1,0.9999991744926362,2999.9975234779085,9
10064,Blue One M,East,3000,1,0.4970565416462711,1491.1696249388133,5
10065,Blue One M,South,3000,1,0.46630624498213247,1398.9187349463973,5
10066,Blue One M,Centre,3000,0,0.47539541581610534,1426.186247448316,5
10067,Blue One M,North West,3000,1,0.5357061280216084,1607.1183840648252,6
10068,Blue One M,Far North,3000,0,0.001408343970567583,4.225031911702749,1
10069,Blue One M,North West,3000,1,0.5357061280216084,1607.1183840648252,6
10070,Blue One M,Adamawa,3000,1,0.5073777646790615,1522.1332940371844,5
10071,Blue One M,Littoral,3000,1,0.5141904063628484,1542.5712190885451,5
10072,Blue One M,West,3000,0,0.0015998410308714823,4.7995230926144465,2
10073,Blue One M,Centre,3000,0,0.0017222540923031947,5.1667622769095845,2
10074,Blue One M,Adamawa,3000,1,0.9999993339377864,2999.998001813359,9
10075,Blue One M,South,3000,1,0.9999987813922857,2999.9963441768573,8
10076,Blue One M,North West,3000,1,0.9999992937374963,2999.997881212489,9
10077,Blue One M,East,3000,1,0.49951010062843354,1498.5303018853006,5
10078,Blue One M,East,3000,1,0.5193593215979995,1558.0779647939985,6
10079,Blue One M,Adamawa,3000,1,0.9999993225933513,2999.997967780054,9
10080,Blue One M,South,3000,1,0.44557630497317346,1336.7289149195203,4
10081,Blue One M,West,3000,0,0.46750083233266465,1402.502496997994,5
10082,Blue One M,Centre,3000,0,0.0031901460185147163,9.570438055544148,3
10083,Blue One M,Far North,3000,1,0.9999990346613146,2999.997103983944,9
10084,Blue One M,Adamawa,3000,1,0.9999990430670593,2999.997129201178,9
10085,Blue One M,North West,3000,1,0.5495346251202387,1648.6038753607158,6
10086,Blue One M,South,3000,0,0.0033155038728211747,9.946511618463525,3
10087,Blue One M,East,3000,1,0.5503153103954634,1650.9459311863902,6
10088,Blue One M,South West,3000,1,0.5607666283523421,1682.2998850570264,6
10089,Blue One M,Far North,3000,0,0.0034142859129270117,10.242857738781035,3
10090,Blue One M,West,3000,1,0.9999989581810926,2999.996874543278,9
10091,Blue One M,West,3000,1,0.9999990202726359,2999.997060817908,9
10092,Blue One M,South,3000,0,0.002872577531086481,8.617732593259444,3
10093,Blue One M,South,3000,1,0.5221767390735745,1566.5302172207237,6
10094,Blue One M,Centre,3000,0,0.002646336304099363,7.939008912298089,2
10095,Blue One M,North,3000,1,0.9999987726256835,2999.9963178770504,8
10096,Blue One M,Far North,3000,1,0.999998943470221,2999.996830410663,9
10097,Blue One M,Littoral,3000,0,0.002707125240690237,8.121375722070711,3
10098,Blue One M,Adamawa,3000,1,0.5514186774047819,1654.2560322143456,6
10099,Blue One M,South,3000,1,0.5275442620986704,1582.6327862960113,6
10100,Blue One M,North West,3000,1,0.344645271331343,1033.9358139940289,4
10101,Blue One M,North,3000,0,0.002564502754125929,7.693508262377787,2
10102,Blue One M,North,3000,1,0.9999986605855627,2999.9959817566883,8
10103,Blue One M,Adamawa,3000,1,0.5327664741192757,1598.299422357827,6
10104,Blue One M,Adamawa,3000,0,0.0017816301964131307,5.344890589239392,2
10105,Blue One M,East,3000,1,0.5389216015486207,1616.7648046458621,6
10106,Blue One M,East,3000,0,0.5205405354967151,1561.6216064901453,6
10107,Blue One M,North,3000,0,0.46247856287665506,1387.4356886299652,5
10108,Blue One M,Centre,3000,0,0.5094839153774329,1528.4517461322987,5
10109,Blue One M,East,3000,0,0.4965530648232219,1489.6591944696659,5
10110,Blue One M,Centre,3000,0,0.0026349220024599433,7.90476600737983,2
10111,Blue One M,North West,3000,1,0.5384312950687972,1615.2938852063915,6
10112,Blue One M,West,3000,1,0.9999987862006732,2999.9963586020194,8
10113,Blue One M,North West,3000,1,0.5575488960032251,1672.6466880096752,6
10114,Blue One M,North,3000,1,0.9999986773608481,2999.9960320825444,8
10115,Blue One M,Littoral,3000,1,0.999998660972887,2999.995982918661,8
10116,Blue One M,West,3000,0,0.5347189454159045,1604.1568362477135,6
10117,Blue One M,Far North,3000,0,0.5792892010619554,1737.867603185866,7
10118,Blue One M,Centre,3000,0,0.0033544655721690184,10.063396716507055,3
10119,Blue One M,West,3000,0,0.5117507814219856,1535.2523442659567,5
10120,Blue One M,Centre,3000,0,0.002662826551420483,7.988479654261449,3
10121,Blue One M,South West,3000,0,0.002692402861697486,8.077208585092459,3
10122,Blue One M,North West,3000,1,0.9999989757954636,2999.996927386391,9
10123,Blue One M,Littoral,3000,1,0.9999989685650019,2999.996905695006,9
10124,Blue One M,West,3000,0,0.002629044612940629,7.887133838821887,2
10125,Blue One M,Far North,3000,1,0.5497475581013656,1649.2426743040967,6
10126,Blue One M,Far North,3000,0,0.5334412977456128,1600.3238932368383,6
10127,Blue One M,North West,3000,0,0.0017755367169208342,5.3266101507625025,2
10128,Blue One M,South,3000,0,0.471598110107649,1414.794330322947,5
10129,Blue One M,West,3000,0,0.0027765170915337203,8.329551274601162,3
10130,Blue One M,Far North,3000,1,0.4723248754125797,1416.9746262377391,5
10131,Blue One M,West,3000,1,0.47337126561655235,1420.113796849657,5
10132,Blue One M,East,3000,0,0.49310921882767444,1479.3276564830232,5
10133,Blue One M,Adamawa,3000,1,0.9999988489512508,2999.9965468537525,8
10134,Blue One M,South West,3000,1,0.44708839523667404,1341.265185710022,4
10135,Blue One M,Adamawa,3000,0,0.5484219814653633,1645.2659443960897,6
10136,Blue One M,South West,3000,1,0.4754118287182153,1426.235486154646,5
10137,Blue One M,Adamawa,3000,0,0.001878667033030692,5.636001099092076,2
10138,Blue One M,West,3000,0,0.002764677339700993,8.29403201910298,3
10139,Blue One M,Centre,3000,0,0.5234235051237449,1570.2705153712348,6
10140,Blue One M,West,3000,1,0.5234734683296338,1570.4204049889015,6
10141,Blue One M,Adamawa,3000,0,0.0018582255721822827,5.574676716546848,2
10142,Blue One M,Centre,3000,1,0.999999268465807,2999.997805397421,9
10143,Blue One M,North West,3000,0,0.5559997979238579,1667.9993937715738,6
10144,Blue One M,South,3000,0,0.0027894647094971587,8.368394128491476,3
10145,Blue One M,South West,3000,1,0.5169432511307516,1550.8297533922548,5
10146,Blue One M,Adamawa,3000,0,0.5055342943509196,1516.6028830527587,5
10147,Blue One M,Adamawa,3000,1,0.9999992763153899,2999.9978289461696,9
10148,Blue One M,West,3000,0,0.0015694172460478258,4.708251738143478,2
10149,Blue One M,Adamawa,3000,0,0.3164832379101925,949.4497137305775,4
10150,Blue One M,Centre,3000,0,0.29491880041372315,884.7564012411694,3
10151,Blue One M,East,3000,0,0.0003858317647504352,1.1574952942513055,1
10152,Blue One M,North West,3000,1,0.5143629797111445,1543.0889391334335,5
10153,Blue One M,North,3000,0,0.001510048802917196,4.530146408751588,2
10154,Blue One M,Far North,3000,1,0.43674733098458857,1310.2419929537657,4
10155,Blue One M,North West,3000,1,0.9999990050765031,2999.997015229509,9
10156,Blue One M,South West,3000,1,0.9999989697601299,2999.99690928039,9
10157,Blue One M,Adamawa,3000,0,0.0005568153064807895,1.6704459194423686,1
10158,Blue One M,West,3000,1,0.3146810970708817,944.0432912126452,4
10159,Blue One M,South,3000,0,0.0004856242931116709,1.4568728793350125,1
10160,Blue One M,Far North,3000,1,0.31459439749447476,943.7831924834243,4
10161,Blue One M,South,3000,0,0.3091920523780522,927.5761571341566,4
10162,Blue One M,South,3000,0,0.5241281122047926,1572.3843366143778,6
10163,Blue One M,North West,3000,1,0.9999991296053679,2999.9973888161035,9
10164,Blue One M,Centre,3000,1,0.9999990277591366,2999.9970832774097,9
10165,Blue One M,North West,3000,0,0.5514823072218275,1654.4469216654823,6
10166,Blue One M,West,3000,1,0.5748884959229942,1724.6654877689825,7
10167,Blue One M,South West,3000,1,0.9999989751320505,2999.9969253961513,9
10168,Blue One M,Centre,3000,1,0.5571643084029002,1671.4929252087006,6
10169,Blue One M,North West,3000,0,0.6008939752096158,1802.6819256288475,8
10170,Blue One M,Adamawa,3000,1,0.5640161999203561,1692.0485997610683,7
10171,Blue One M,South,3000,0,0.0034037390481969783,10.211217144590934,3
10172,Blue One M,Far North,3000,1,0.999999061220503,2999.997183661509,9
10173,Blue One M,South,3000,0,0.47003412450866966,1410.102373526009,5
10174,Blue One M,Far North,3000,0,0.0017662299377513054,5.298689813253916,2
10175,Blue One M,East,3000,1,0.9999990616565014,2999.9971849695044,9
10176,Blue One M,Centre,3000,0,0.5265664831752921,1579.6994495258762,6
10177,Blue One M,North,3000,0,0.5509460604832822,1652.8381814498466,6
10178,Blue One M,East,3000,0,0.0029817052634912578,8.945115790473773,3
10179,Blue One M,North,3000,0,0.0025099103577834484,7.529731073350345,2
10180,Blue One M,Far North,3000,1,0.9999989229036255,2999.9967687108765,8
10181,Blue One M,South,3000,0,0.002716162839006325,8.148488517018976,3
10182,Blue One M,Far North,3000,1,0.9999993364699671,2999.9980094099014,9
10183,Blue One M,North,3000,1,0.4598417384103219,1379.5252152309656,5
10184,Blue One M,West,3000,0,0.0016143882783954486,4.843164835186346,2
10185,Blue One M,North,3000,0,0.4734733418929784,1420.4200256789352,5
10186,Blue One M,South West,3000,0,0.466115393432993,1398.346180298979,5
10187,Blue One M,Centre,3000,0,0.0013901743699124133,4.17052310973724,1
10188,Blue One M,Adamawa,3000,0,0.4067884478083303,1220.365343424991,4
10189,Blue One M,North,3000,1,0.4049258784786989,1214.7776354360967,4
10190,Blue One M,West,3000,1,0.999999084980265,2999.997254940795,9
10191,Blue One M,North West,3000,1,0.3475085568153141,1042.5256704459423,4
10192,Blue One S,South,2000,0,0.16406548023212944,328.13096046425886,3
10197,Blue One M,North,3000,0,0.0025375024698988885,7.612507409696666,2
10198,Blue One M,North West,3000,0,0.5629617367615836,1688.8852102847507,7
10199,Blue One M,North West,3000,1,0.9999991199696248,2999.9973599088744,9
10200,Blue One M,South,3000,0,0.0031432369168126984,9.429710750438096,3
10201,Blue One M,South,3000,0,0.00259602954077018,7.78808862231054,2
10202,Blue One M,Centre,3000,0,0.5375183997683659,1612.5551993050976,6
10203,Blue One M,North West,3000,1,0.5602510984484619,1680.7532953453856,6
10204,Blue One M,West,3000,1,0.9999987531375282,2999.9962594125845,8
10205,Blue One M,Far North,3000,1,0.49143087621000797,1474.292628630024,5
10206,Blue One M,North West,3000,0,0.0032049630823998403,9.614889247199521,3
10207,Blue One M,Far North,3000,0,0.5372337849705454,1611.7013549116361,6
10208,Blue One M,Far North,3000,1,0.535276368906848,1605.8291067205441,6
10209,Blue One M,Far North,3000,0,0.0028680577243525144,8.604173173057543,3
10210,Blue One M,East,3000,1,0.9999989533899993,2999.996860169998,9
10211,Blue One M,East,3000,1,0.3460712054726689,1038.2136164180067,4
10212,Blue One M,East,3000,0,0.4979285830841827,1493.7857492525482,5
10213,Blue One M,Far North,3000,1,0.9999993323242428,2999.9979969727283,9
10214,Blue One M,Centre,3000,1,0.9999992054571116,2999.997616371335,9
10215,Blue One M,West,3000,0,0.482413864407974,1447.241593223922,5
10216,Blue One M,North,3000,0,0.002688255555188035,8.064766665564104,3
10217,Blue One M,North,3000,1,0.9999986500672244,2999.995950201673,8
10218,Blue One M,West,3000,0,0.4339678160257445,1301.9034480772336,4
10219,Blue One M,South,3000,1,0.9999992194515683,2999.997658354705,9
10220,Blue One M,South West,3000,0,0.002631037736418967,7.893113209256901,2
10221,Blue One M,Centre,3000,0,0.43304594417429804,1299.137832522894,4
10222,Blue One M,Centre,3000,0,0.4828734567050325,1448.6203701150976,5
10223,Blue One M,North West,3000,1,0.9999991295632897,2999.9973886898692,9
10224,Blue One M,South,3000,0,0.001554627852604762,4.663883557814286,2
10225,Blue One M,North West,3000,1,0.9999989335658628,2999.9968006975882,9
10226,Blue One M,Centre,3000,0,0.5035816979571126,1510.7450938713378,5
10227,Blue One M,South,3000,1,0.9999987625501175,2999.9962876503528,8
10228,Blue One M,Centre,3000,1,0.4848391674052458,1454.5175022157373,5
10229,Blue One M,Far North,3000,1,0.43724945039662666,1311.74835118988,4
10230,Blue One M,Centre,3000,0,0.0017108147275947721,5.132444182784316,2
10231,Blue One M,East,3000,1,0.32856296541886415,985.6888962565924,4
10232,Blue One M,Centre,3000,1,0.9999994241932115,2999.9982725796344,10
10233,Blue One M,West,3000,0,0.47337126561655235,1420.113796849657,5
10234,Blue One M,Littoral,3000,0,0.4700196253342135,1410.0588760026405,5
10235,Blue One M,Adamawa,3000,1,0.4780220593339519,1434.0661780018559,5
10236,Blue One M,Littoral,3000,1,0.31082177167701064,932.4653150310319,4
10237,Blue One M,North,3000,0,0.2883307761109395,864.9923283328185,3
10238,Blue One M,Littoral,3000,0,0.0013017671194305738,3.9053013582917213,1
10239,Blue One M,West,3000,0,0.0013730618384013287,4.119185515203986,1
10240,Blue One M,South,3000,1,0.9999985223205585,2999.9955669616756,8
10242,Blue One M,Littoral,3000,0,0.0005024590119355315,1.5073770358065943,1
10243,Blue One M,North,3000,1,0.9999994029807504,2999.998208942251,10
10244,Blue One M,South West,3000,1,0.29587153588191656,887.6146076457496,3
10245,Blue One M,Far North,3000,1,0.9999988278552828,2999.9964835658484,8
10246,Blue One M,Centre,3000,0,0.5136916049815415,1541.0748149446247,5
10249,Blue One M,Littoral,3000,0,0.4716828779463368,1415.0486338390103,5
10250,Blue One M,Adamawa,3000,0,0.5065932513514496,1519.7797540543488,5
10251,Blue One M,Littoral,3000,0,0.0013523563176761496,4.057068953028449,1
10252,Blue One M,West,3000,1,0.9999992499785789,2999.997749935737,9
10253,Blue One M,Centre,3000,0,0.0013203714453966988,3.9611143361900965,1
10254,Blue One M,Far North,3000,1,0.999999026346373,2999.997079039119,9
10255,Blue One M,Centre,3000,0,0.35659037742651284,1069.7711322795385,4
10256,Blue One M,East,3000,0,0.0005391835761180834,1.6175507283542503,1
10257,Blue One M,Adamawa,3000,0,0.0005262200273444909,1.5786600820334729,1
10258,Blue One M,West,3000,1,0.40876360027067715,1226.2908008120314,4
10259,Blue One M,North,3000,1,0.9999988244079194,2999.996473223758,8
10260,Blue One M,North West,3000,1,0.9999992995537986,2999.997898661396,9
10261,Blue One M,South West,3000,0,0.4088093957049492,1226.4281871148476,4
10262,Blue One M,Adamawa,3000,1,0.5556787885323403,1667.036365597021,6
10263,Blue One M,Far North,3000,1,0.4460577742456713,1338.173322737014,4
10264,Blue One M,Adamawa,3000,0,0.6009877504498641,1802.9632513495922,8
10265,Blue One M,Adamawa,3000,0,0.0018971605920278026,5.691481776083408,2
10266,Blue One M,South,3000,0,0.4799592055802714,1439.8776167408141,5
10267,Blue One M,East,3000,1,0.9999989660358667,2999.9968981076,9
10268,Blue One M,Centre,3000,1,0.9999992513943088,2999.997754182926,9
10269,Blue One S,South West,2000,0,0.14490501098849579,289.81002197699155,3
10270,Blue One M,Centre,3000,0,0.48837371247378286,1465.1211374213485,5
10271,Blue One M,Far North,3000,0,0.38447317989858615,1153.4195396957584,4
10272,Blue One M,South,3000,1,0.9999992936509889,2999.9978809529666,9
10273,Blue One M,West,3000,1,0.27322622331514396,819.6786699454319,3
10274,Blue One M,Far North,3000,0,0.0004373074407041075,1.3119223221123224,1
10281,Blue One M,East,3000,0,0.27998740735113953,839.9622220534186,3
10282,Blue One M,South,3000,0,0.0003523358854619043,1.057007656385713,1
10283,Blue One M,Adamawa,3000,0,0.000466431023006203,1.399293069018609,1
10284,Blue One M,South,3000,0,0.2712684485741597,813.8053457224792,3
10285,Blue One M,North West,3000,0,0.4084984534241362,1225.4953602724086,4
10286,Blue One M,Far North,3000,1,0.3289000470607812,986.7001411823436,4
10287,Blue One M,Far North,3000,0,0.4410044806967873,1323.0134420903619,4
10288,Blue One M,Centre,3000,0,0.40807668923747714,1224.2300677124315,4
10289,Blue One M,Adamawa,3000,0,0.4583736781615109,1375.1210344845329,4
10290,Blue One M,Far North,3000,1,0.9999994864673404,2999.998459402021,10
10291,Blue One M,Adamawa,3000,0,0.2807838197766492,842.3514593299475,3
10292,Blue One M,South West,3000,1,0.9999993613387372,2999.9980840162116,9
10293,Blue One M,Adamawa,3000,1,0.9999991502304106,2999.9974506912317,9
10294,Blue One M,South West,3000,0,0.0010408554094070387,3.122566228221116,1
10295,Blue One M,South West,3000,0,0.3097577047812012,929.2731143436035,4
10296,Blue One M,North,3000,1,0.9999993553591028,2999.9980660773085,9
10298,Blue One M,Centre,3000,0,0.0004876912190277933,1.46307365708338,1
10300,Blue One M,Centre,3000,0,0.4152924048989955,1245.8772146969866,4
10301,Blue One M,Littoral,3000,0,0.0012565724624929327,3.769717387478798,1
10302,Blue One M,West,3000,1,0.9999992320949128,2999.9976962847386,9
10303,Blue One S,East,2000,0,0.00021164084565291496,0.42328169130582993,1
10304,Blue One M,Far North,3000,0,0.2512397491349928,753.7192474049784,3
10306,Blue One M,Far North,3000,0,0.00044913688003048185,1.3474106400914456,1
10307,Blue One M,Far North,3000,0,0.45688310964510087,1370.6493289353027,4
10308,Blue One M,Centre,3000,1,0.9999992664942239,2999.997799482672,9
10309,Blue One M,North,3000,1,0.4528216221886094,1358.464866565828,4
10310,Blue One M,South,3000,1,0.9999990641731944,2999.997192519583,9
10311,Blue One M,Far North,3000,1,0.999999268794096,2999.9978063822878,9
10312,Blue One M,South,3000,0,0.002757910320446192,8.273730961338575,3
10313,Blue One M,North West,3000,0,0.0003925453433754691,1.1776360301264073,1
10314,Blue One M,Centre,3000,0,0.0013966915578672357,4.190074673601707,1
10315,Blue One M,Centre,3000,0,0.31951328406901464,958.539852207044,4
10316,Blue One M,North West,3000,0,0.0015989851824781511,4.796955547434453,2
10317,Blue One M,East,3000,1,0.4674496906408717,1402.3490719226152,5
10318,Blue One M,Adamawa,3000,1,0.9999993997922535,2999.9981993767606,10
10319,Blue One M,East,3000,1,0.34928000506463097,1047.840015193893,4
10320,Blue One M,Adamawa,3000,0,0.4521346046611454,1356.4038139834363,4
10321,Blue One M,Adamawa,3000,1,0.343755236413418,1031.265709240254,4
10322,Blue One M,South West,3000,1,0.9999991975956605,2999.9975927869814,9
10323,Blue One M,Centre,3000,1,0.9999993809523751,2999.998142857125,9
10325,Blue One M,North,3000,0,0.2925401086632129,877.6203259896387,3
10326,Blue One M,East,3000,0,0.0015496248575647715,4.648874572694314,2
10327,Blue One M,West,3000,0,0.0014856517197194283,4.4569551591582846,2
10328,Blue One M,South,3000,0,0.3035655952847649,910.6967858542947,3
10330,Blue One M,Far North,3000,0,0.2774599758457793,832.379927537338,3
10331,Blue One M,West,3000,0,0.0004760085124699674,1.4280255374099022,1
10332,Blue One M,South West,3000,1,0.9999994066592727,2999.998219977818,10
10333,Blue One S,East,2000,1,0.20010507829024504,400.2101565804901,3
10334,Blue One M,East,3000,0,0.2834955094289803,850.4865282869408,3
10335,Blue One M,South West,3000,0,0.25128214926955655,753.8464478086696,3
10336,Blue One M,Centre,3000,0,0.31407881282870354,942.2364384861106,4
10337,Blue One M,Littoral,3000,0,0.0003852553433860062,1.1557660301580186,1
10344,Blue One M,Adamawa,3000,1,0.9999991709716928,2999.9975129150785,9
10345,Blue One M,West,3000,1,0.480349376433155,1441.048129299465,5
10346,Blue One M,North,3000,0,0.42265372626715786,1267.9611788014736,4
10347,Blue One M,Littoral,3000,1,0.9999991777763625,2999.9975333290877,9
10348,Blue One M,North West,3000,0,0.001789367826559951,5.368103479679853,2
10349,Blue One M,Adamawa,3000,1,0.9999990333322301,2999.9970999966904,9
10350,Blue One M,Far North,3000,1,0.48878455354989,1466.35366064967,5
10351,Blue One M,North West,3000,0,0.44268387819460614,1328.0516345838184,4
10352,Blue One M,Adamawa,3000,1,0.9999993279371127,2999.997983811338,9
10353,Blue One M,West,3000,0,0.4777133843683211,1433.1401531049632,5
10354,Blue One M,South,3000,0,0.30724305769282273,921.7291730784682,4
10355,Blue One M,South,3000,0,0.0016653696375192664,4.9961089125577995,2
10356,Blue One M,West,3000,0,0.4289693279234118,1286.9079837702354,4
10357,Blue One M,South West,3000,1,0.472269601313657,1416.8088039409708,5
10358,Blue One M,Adamawa,3000,1,0.999999304227223,2999.9979126816693,9
10360,Blue One M,North West,3000,0,0.28316586201985083,849.4975860595525,3
10361,Blue One M,East,3000,1,0.33934922264215966,1018.047667926479,4
10362,Blue One M,Adamawa,3000,0,0.0004591716376991621,1.3775149130974864,1
10363,Blue One M,East,3000,1,0.3320559690909699,996.1679072729097,4
10364,Blue One M,Adamawa,3000,0,0.0015465634438153865,4.639690331446159,2
10365,Blue One M,North West,3000,1,0.9999993337422881,2999.9980012268643,9
10366,Blue One M,South,3000,1,0.46230384370175126,1386.9115311052537,5
10367,Blue One M,North,3000,0,0.0015124536816940608,4.537361045082182,2
10368,Blue One M,North,3000,0,0.2686091142461614,805.8273427384843,3
10370,Blue One M,North,3000,1,0.2541227470555435,762.3682411666305,3
10372,Blue One M,Centre,3000,0,0.00031405691415763105,0.9421707424728931,1
10373,Blue One M,East,3000,1,0.9999992383679491,2999.9977151038474,9
10374,Blue One M,North,3000,0,0.2880955615128667,864.2866845386001,3
10375,Blue One M,Far North,3000,0,0.2937454525938453,881.236357781536,3
10376,Blue One M,South West,3000,0,0.00039808273707365603,1.194248211220968,1
10377,Blue One M,Adamawa,3000,1,0.9999994486323227,2999.998345896968,10
10378,Blue One M,Far North,3000,0,0.0005332477541302085,1.5997432623906256,1
10379,Blue One M,Adamawa,3000,1,0.3204736276773537,961.4208830320612,4
10381,Blue One M,Adamawa,3000,1,0.28110577585301283,843.3173275590385,3
10382,Blue One M,Far North,3000,0,0.00046063109674254526,1.3818932902276357,1
10384,Blue One M,North,3000,1,0.9999992723931944,2999.9978171795833,9
10385,Blue One M,Littoral,3000,0,0.001204954020807094,3.614862062421282,1
10386,Blue One M,North West,3000,0,0.3407732041949862,1022.3196125849586,4
10387,Blue One M,Far North,3000,0,0.0014173379359949186,4.252013807984755,1
10388,Blue One M,East,3000,0,0.35142313193605407,1054.2693958081622,4
10389,Blue One M,West,3000,1,0.3027586282345968,908.2758847037904,3
10390,Blue One M,Centre,3000,1,0.27162312899203894,814.8693869761169,3
10391,Blue One M,Far North,3000,0,0.3442771654755461,1032.8314964266383,4
10392,Blue One M,South,3000,0,0.48534573491556526,1456.0372047466958,5
10393,Blue One M,East,3000,1,0.46002863671179356,1380.0859101353806,5
10394,Blue One M,South,3000,1,0.999999134200003,2999.997402600009,9
10395,Blue One M,North,3000,0,0.418441118170725,1255.323354512175,4
10396,Blue One M,Far North,3000,0,0.4362327657705945,1308.6982973117836,4
10397,Blue One M,North,3000,0,0.4296869499632084,1289.0608498896252,4
10398,Blue One M,South,3000,0,0.0016698505412838496,5.009551623851549,2
10399,Blue One M,Adamawa,3000,0,0.4578670375894976,1373.6011127684928,4
10400,Blue One M,Far North,3000,1,0.43183898682128924,1295.5169604638677,4
10401,Blue One M,Far North,3000,1,0.4549427474494633,1364.82824234839,4
10402,Blue One M,East,3000,1,0.44529871619332556,1335.8961485799766,4
10403,Blue One M,East,3000,1,0.43803819748101114,1314.1145924430334,4
10436,Blue One M,Centre,3000,0,0.0004975276762862196,1.4925830288586588,1
10437,Blue One M,Adamawa,3000,1,0.9999994836853755,2999.9984510561267,10
10438,Blue One M,Centre,3000,0,0.28738592655875683,862.1577796762705,3
10439,Blue One M,Centre,3000,0,0.3205430998769368,961.6292996308104,4
10440,Blue One S,North West,2000,0,0.1990495004570287,398.0990009140574,3
10441,Blue One M,West,3000,0,0.2735428095003445,820.6284285010335,3
10442,Blue One M,Adamawa,3000,1,0.9999994156360366,2999.9982469081096,10
10443,Blue One M,South West,3000,0,0.00047178070014398867,1.415342100431966,1
10444,Blue One M,Adamawa,3000,1,0.9999992158929321,2999.997647678796,9
10445,Blue One M,South West,3000,0,0.2631733569724777,789.520070917433,3
10446,Blue One M,Littoral,3000,0,0.00047794590039236014,1.4338377011770804,1
10448,Blue One M,South West,3000,0,0.0004852048675282594,1.4556146025847783,1
10449,Blue One M,South,3000,1,0.9999994180715288,2999.9982542145863,10
10451,Blue One M,East,3000,0,0.00044722497014487153,1.3416749104346146,1
10452,Blue One M,West,3000,1,0.9999994247391003,2999.998274217301,10
10454,Blue One M,North West,3000,0,0.00041075267890820327,1.2322580367246099,1
10455,Blue One M,East,3000,0,0.00040560262163193806,1.2168078648958143,1
10456,Blue One M,West,3000,0,0.0004274692481063336,1.2824077443190007,1
10457,Blue One M,Centre,3000,0,0.2795723155107155,838.7169465321465,3
10458,Blue One M,South,3000,1,0.9999992397728414,2999.997719318524,9
10459,Blue One M,South,3000,0,0.2560720093344034,768.2160280032101,3
10460,Blue One M,North West,3000,1,0.9999993678732443,2999.998103619733,9
10461,Blue One M,South,3000,0,0.25758364479705226,772.7509343911568,3
10462,Blue One S,North West,2000,1,0.18883001713234907,377.66003426469814,3
10463,Blue One S,Centre,2000,0,0.1641631834248548,328.32636684970964,3
10469,Blue One M,East,3000,0,0.0017635387342225365,5.29061620266761,2
10470,Blue One M,Far North,3000,0,0.49467397126492957,1484.0219137947888,5
10471,Blue One M,East,3000,0,0.45112654634679056,1353.3796390403718,4
10472,Blue One M,East,3000,1,0.4599013369327129,1379.7040107981386,5
10473,Blue One M,West,3000,1,0.4275875456456091,1282.7626369368272,4
10474,Blue One M,West,3000,1,0.4655418923382738,1396.6256770148213,5
10475,Blue One M,East,3000,0,0.001910007657333192,5.730022971999576,2
10476,Blue One M,East,3000,1,0.9999992714595803,2999.997814378741,9
10477,Blue One M,Centre,3000,1,0.999999251357788,2999.997754073364,9
10478,Blue One M,Adamawa,3000,0,0.001878667033030692,5.636001099092076,2
10479,Blue One M,Littoral,3000,0,0.4498950195573608,1349.6850586720823,4
10480,Blue One M,North,3000,1,0.999999042041533,2999.997126124599,9
10481,Blue One M,Adamawa,3000,0,0.5062070793029865,1518.6212379089595,5
10482,Blue One M,North,3000,1,0.4570094402394652,1371.0283207183957,4
10483,Blue One M,South,3000,1,0.9999991881600078,2999.9975644800234,9
10484,Blue One M,Far North,3000,0,0.43237718319853163,1297.1315495955948,4
10485,Blue One M,East,3000,1,0.4935075787390066,1480.5227362170197,5
10486,Blue One M,West,3000,0,0.0016739522954078649,5.021856886223595,2
10487,Blue One M,Littoral,3000,1,0.41439882824580687,1243.1964847374206,4
10488,Blue One M,South,3000,1,0.4798475973440676,1439.542792032203,5
10489,Blue One M,North,3000,1,0.4566260857680906,1369.8782573042718,4
10490,Blue One M,Littoral,3000,1,0.999999143832986,2999.997431498958,9
10491,Blue One M,East,3000,0,0.4939059468941899,1481.7178406825697,5
10492,Blue One M,North,3000,0,0.001499943741755523,4.499831225266569,2
10493,Blue One M,Centre,3000,1,0.4594603452389909,1378.3810357169725,4
10494,Blue One M,Adamawa,3000,0,0.509755453850798,1529.266361552394,5
10495,Blue One S,Centre,2000,0,0.00020052359032510182,0.4010471806502036,1
10496,Blue One M,South,3000,1,0.9999992353646048,2999.9977060938145,9
10497,Blue One M,North West,3000,0,0.4891918994213525,1467.5756982640576,5
10498,Blue One M,South,3000,0,0.45577190469259704,1367.3157140777912,4
10499,Blue One M,South,3000,0,0.4323122859260731,1296.9368577782193,4
10500,Blue One M,West,3000,0,0.0013876215334402621,4.162864600320787,1
10501,Blue One M,South,3000,0,0.4268429756567555,1280.5289269702664,4
10502,Blue One M,Adamawa,3000,1,0.999999406364128,2999.998219092384,10
10503,Blue One M,North West,3000,0,0.44230275201285496,1326.9082560385648,4
10504,Blue One M,South,3000,0,0.4108320789359581,1232.4962368078743,4
10505,Blue One M,West,3000,0,0.0012598547252370585,3.7795641757111755,1
10506,Blue One M,South West,3000,0,0.00047253283282123917,1.4175984984637175,1
10507,Blue One M,South West,3000,0,0.24769058113860137,743.0717434158041,3
10508,Blue One M,Littoral,3000,0,0.4287079773723847,1286.123932117154,4
10509,Blue One M,South West,3000,0,0.001134406192488035,3.403218577464105,1
10510,Blue One M,Centre,3000,1,0.43318375040441615,1299.5512512132484,4
10511,Blue One M,South West,3000,0,0.4266988133270512,1280.0964399811535,4
10512,Blue One M,Littoral,3000,0,0.4115545854108821,1234.6637562326462,4
10513,Blue One M,Far North,3000,0,0.0014312269707863646,4.293680912359093,2
10514,Blue One M,Littoral,3000,0,0.0013439705627530923,4.031911688259277,1
10515,Blue One M,Littoral,3000,0,0.4195943287479565,1258.7829862438696,4
10516,Blue One M,West,3000,0,0.41514757953163833,1245.442738594915,4
10517,Blue One M,Far North,3000,1,0.9999991128537639,2999.9973385612916,9
10518,Blue One M,West,3000,0,0.0013919775848518594,4.175932754555578,1
10519,Blue One M,West,3000,0,0.0013985032145050753,4.195509643515226,1
10520,Blue One M,South West,3000,0,0.41032739238266225,1230.9821771479867,4
10521,Blue One M,North,3000,1,0.25905672118457246,777.1701635537174,3
10522,Blue One M,East,3000,1,0.999999137704409,2999.9974131132267,9
10523,Blue One M,West,3000,0,0.4133225393430702,1239.9676180292106,4
10525,Blue One M,South,3000,1,0.3217457170977839,965.2371512933516,4
10526,Blue One M,Centre,3000,1,0.9999992897437724,2999.997869231317,9
10527,Blue One M,West,3000,0,0.0014184021573113166,4.25520647193395,1
10528,Blue One M,Centre,3000,1,0.4614157878976268,1384.2473636928803,5
10529,Blue One M,East,3000,1,0.3148594770986145,944.5784312958435,4
10530,Blue One M,Adamawa,3000,0,0.33610907533020107,1008.3272259906032,4
10531,Blue One S,South,2000,0,0.15011395283208617,300.22790566417234,3
10532,Blue One M,West,3000,0,0.29871464044301166,896.1439213290349,3
10533,Blue One M,South,3000,1,0.9999988528086117,2999.996558425835,8
10534,Blue One M,Centre,3000,1,0.9999990969790574,2999.9972909371722,9
10535,Blue One M,South,3000,0,0.4184617586283427,1255.385275885028,4
10536,Blue One M,Adamawa,3000,0,0.0015629600384923807,4.688880115477142,2
10537,Blue One M,West,3000,0,0.27510970855506256,825.3291256651877,3
10538,Blue One M,Far North,3000,0,0.001408343970567583,4.225031911702749,1
10539,Blue One M,West,3000,0,0.43271990129138027,1298.1597038741409,4
10546,Blue One M,Centre,3000,0,0.43393059962782854,1301.7917988834856,4
10547,Blue One M,East,3000,0,0.44686185193675076,1340.5855558102523,4
10548,Blue One M,Adamawa,3000,0,0.4404584523108751,1321.3753569326252,4
10549,Blue One M,Far North,3000,0,0.4363673140006117,1309.1019420018351,4
10550,Blue One M,West,3000,1,0.42962875177684223,1288.8862553305266,4
10551,Blue One M,South,3000,1,0.40789288108204863,1223.6786432461458,4
10552,Blue One M,Far North,3000,0,0.43337981031621814,1300.1394309486543,4
10553,Blue One M,Adamawa,3000,0,0.0014035555932403485,4.210666779721046,1
10554,Blue One M,West,3000,0,0.2706295049692664,811.8885149077993,3
10555,Blue One M,North West,3000,1,0.9999992848147184,2999.9978544441556,9
10556,Blue One M,Adamawa,3000,1,0.4548632219385472,1364.5896658156416,4
10557,Blue One M,Littoral,3000,0,0.0012704657436671857,3.811397231001557,1
10558,Blue One M,North,3000,0,0.398233359658075,1194.7000789742249,4
10559,Blue One M,East,3000,1,0.46402833929032644,1392.0850178709793,5
10560,Blue One M,East,3000,0,0.0015740968778142508,4.722290633442753,2
10561,Blue One M,Far North,3000,1,0.9999991263193789,2999.997378958137,9
10562,Blue One M,North,3000,1,0.4129089614550419,1238.7268843651257,4
10563,Blue One M,Littoral,3000,0,0.42304382290282855,1269.1314687084857,4
10564,Blue One M,South,3000,0,0.3983553059082404,1195.0659177247212,4
10565,Blue One M,Centre,3000,0,0.4194110504500892,1258.2331513502677,4
10566,Blue One M,Adamawa,3000,1,0.999999128473283,2999.997385419849,9
10567,Blue One M,Adamawa,3000,0,0.0015629600384923807,4.688880115477142,2
10568,Blue One M,Centre,3000,0,0.0012958339295471243,3.887501788641373,1
10569,Blue One M,North West,3000,0,0.44414683384847664,1332.44050154543,4
10570,Blue One M,Centre,3000,1,0.4601409906114378,1380.4229718343136,5
10571,Blue One M,East,3000,1,0.45046018557073575,1351.3805567122072,4
10572,Blue One M,East,3000,1,0.46665628821492233,1399.968864644767,5
10573,Blue One M,Adamawa,3000,1,0.4305139058573602,1291.5417175720806,4
10574,Blue One M,Adamawa,3000,0,0.4559260045541271,1367.7780136623812,4
10575,Blue One M,Littoral,3000,0,0.42457671571641853,1273.7301471492556,4
10578,Blue One M,Adamawa,3000,0,0.00045557329741017507,1.3667198922305253,1
10579,Blue One M,South West,3000,1,0.29163402807667355,874.9020842300206,3
10580,Blue One M,Littoral,3000,1,0.9999991351232423,2999.997405369727,9
10581,Blue One M,Far North,3000,0,0.27096601807373927,812.8980542212178,3
10582,Blue One M,Adamawa,3000,0,0.0014431362794932998,4.3294088384799,2
10583,Blue One M,South West,3000,0,0.40918283628436225,1227.5485088530868,4
10584,Blue One M,West,3000,0,0.0014012880371591168,4.20386411147735,1
10585,Blue One M,South,3000,0,0.43222649269445323,1296.6794780833598,4
10586,Blue One M,Adamawa,3000,1,0.9999991604979179,2999.9974814937536,9
10587,Blue One M,East,3000,0,0.0014580538914746631,4.3741616744239895,2
10588,Blue One M,East,3000,1,0.4608205069009923,1382.461520702977,5
10589,Blue One M,North West,3000,0,0.0005651714639208927,1.6955143917626783,1
10590,Blue One M,Littoral,3000,1,0.28760311017075646,862.8093305122694,3
10591,Blue One M,North West,3000,0,0.0016090379138795378,4.827113741638613,2
10592,Blue One L,South,5000,0,0.0015856594224935554,7.928297112467777,2
10593,Blue One M,Littoral,3000,0,0.4169273339103184,1250.7820017309552,4
10595,Blue One M,Centre,3000,0,0.0013950933039633027,4.185279911889908,1
10596,Blue One M,North,3000,0,0.4293083938835875,1287.9251816507624,4
10597,Blue One M,South,3000,1,0.41693494658938146,1250.8048397681443,4
10598,Blue One M,North,3000,0,0.0012361213308151621,3.7083639924454865,1
10599,Blue One M,North,3000,0,0.4356810242889792,1307.0430728669376,4
10600,Blue One M,North West,3000,1,0.9999992060624181,2999.9976181872544,9
10601,Blue One M,South,3000,1,0.9999992265539002,2999.9976796617007,9
10602,Blue One M,Far North,3000,1,0.49942476214970877,1498.2742864491263,5
10603,Blue One M,East,3000,1,0.49391814102985643,1481.7544230895692,5
10604,Blue One M,West,3000,1,0.9999990795850605,2999.9972387551816,9
10605,Blue One M,East,3000,1,0.9999992850859414,2999.997855257824,9
10606,Blue One M,Adamawa,3000,0,0.0015092268239399243,4.527680471819773,2
10607,Blue One M,Centre,3000,0,0.0013444460914432362,4.033338274329709,1
10608,Blue One M,North West,3000,0,0.45482470749077214,1364.4741224723164,4
10609,Blue One M,Adamawa,3000,1,0.9999992639895255,2999.9977919685766,9
10610,Blue One M,South West,3000,0,0.0016047249076442773,4.814174722932832,2
10611,Blue One M,East,3000,1,0.5096651580442043,1528.995474132613,5
10612,Blue One M,South West,3000,0,0.40918283628436225,1227.5485088530868,4
10613,Blue One M,North West,3000,0,0.4627693938531828,1388.3081815595483,5
10614,Blue One M,West,3000,1,0.43347854240373734,1300.435627211212,4
10615,Blue One M,South West,3000,1,0.9999989889800444,2999.996966940133,9
10616,Blue One M,South,3000,0,0.2593790416895508,778.1371250686524,3
10617,Blue One M,Littoral,3000,0,0.0004139894652405557,1.241968395721667,1
10618,Blue One M,South,3000,0,0.0004266319388313782,1.2798958164941348,1
10619,Blue One M,West,3000,0,0.00039174511690105127,1.1752353507031539,1
10620,Blue One M,Centre,3000,0,0.25741510716762095,772.2453215028628,3
10621,Blue One M,East,3000,1,0.29670301296302304,890.1090388890691,3
10622,Blue One M,South,3000,0,0.0004108285256813437,1.232485577044031,1
10623,Blue One M,Centre,3000,0,0.0004282773133137538,1.2848319399412615,1
10627,Blue One S,East,2000,0,0.1961239394733396,392.2478789466792,3
10628,Blue One M,North West,3000,0,0.0004885429545120722,1.4656288635362165,1
10629,Blue One M,North,3000,0,0.2893947633042223,868.1842899126669,3
10630,Blue One M,Adamawa,3000,0,0.0005297428013568389,1.5892284040705167,1
10631,Blue One M,Far North,3000,1,0.31798807338246354,953.9642201473906,4
10632,Blue One M,Far North,3000,0,0.000442146536245345,1.3264396087360348,1
10633,Blue One M,Far North,3000,0,0.00044144274821480224,1.3243282446444067,1
10634,Blue One M,East,3000,0,0.2809424238776261,842.8272716328783,3
10635,Blue One M,South,3000,1,0.9999991789603611,2999.9975368810833,9
10636,Blue One M,Littoral,3000,0,0.3041489394784645,912.4468184353935,3
10637,Blue One M,Centre,3000,1,0.31551876386355293,946.5562915906588,4
10638,Blue One M,North West,3000,0,0.0004729431070170763,1.4188293210512288,1
10640,Blue One M,North West,3000,0,0.00044636560964886145,1.3390968289465843,1
10642,Blue One M,East,3000,0,0.44734224237092096,1342.026727112763,4
10643,Blue One M,East,3000,0,0.46598646334682897,1397.9593900404868,5
10644,Blue One M,East,3000,0,0.47019141168115486,1410.5742350434646,5
10645,Blue One M,Littoral,3000,1,0.40736276833444635,1222.088305003339,4
10646,Blue One M,Centre,3000,1,0.999999106510662,2999.9973195319862,9
10647,Blue One M,South,3000,1,0.9999993910987119,2999.998173296136,10
10648,Blue One M,West,3000,0,0.43119160355048197,1293.574810651446,4
10649,Blue One M,Centre,3000,0,0.43586500171611453,1307.5950051483435,4
10650,Blue One M,Far North,3000,0,0.0014329363631079687,4.298809089323906,2
10651,Blue One M,Littoral,3000,1,0.4264033988014673,1279.210196404402,4
10653,Blue One M,South,3000,0,0.001247482405787309,3.742447217361927,1
10654,Blue One M,North,3000,0,0.3974814392409103,1192.4443177227308,4
10655,Blue One M,North West,3000,0,0.4628563073568461,1388.5689220705383,5
10656,Blue One M,South,3000,0,0.42886728866314733,1286.6018659894419,4
10657,Blue One M,West,3000,0,0.0013180108330758415,3.9540324992275244,1
10658,Blue One M,West,3000,0,0.414373876283602,1243.121628850806,4
10659,Blue One M,East,3000,0,0.42946478888370293,1288.3943666511088,4
10661,Blue One M,Centre,3000,1,0.999999098417077,2999.997295251231,9
10662,Blue One M,East,3000,1,0.9999991946950103,2999.997584085031,9
10663,Blue One M,Far North,3000,0,0.442564569108258,1327.6937073247739,4
10664,Blue One M,South West,3000,1,0.9999989762070264,2999.996928621079,9
10665,Blue One M,Littoral,3000,1,0.42333560893105127,1270.0068267931538,4
10666,Blue One M,North West,3000,0,0.0015797725788174435,4.739317736452331,2
10667,Blue One M,Adamawa,3000,0,0.001214842707375861,3.6445281221275834,1
10668,Blue One M,North,3000,0,0.4060667110763959,1218.2001332291877,4
10669,Blue One M,South West,3000,0,0.304394275025145,913.182825075435,4
10670,Blue One M,East,3000,0,0.45074403022303317,1352.2320906690995,4
10671,Blue One M,Littoral,3000,1,0.42152430585418055,1264.5729175625415,4
10672,Blue One M,Adamawa,3000,0,0.4571001524521218,1371.3004573563655,4
10673,Blue One M,West,3000,1,0.9999990014532144,2999.997004359643,9
10674,Blue One M,North,3000,0,0.4012458137663213,1203.7374412989639,4
10676,Blue One M,West,3000,0,0.31368242479568903,941.0472743870671,4
10677,Blue One M,Centre,3000,0,0.0005140849933084537,1.5422549799253609,1
10678,Blue One M,Littoral,3000,0,0.00046387778052156276,1.3916333415646882,1
10679,Blue One M,Centre,3000,0,0.001368557819279831,4.105673457839493,1
10680,Blue One M,North West,3000,0,0.001448970673263298,4.346912019789894,2
10681,Blue One M,East,3000,0,0.0014426156924931088,4.327847077479326,2
10682,Blue One M,North West,3000,1,0.9999991263938421,2999.9973791815264,9
10683,Blue One M,South,3000,0,0.4123523476262462,1237.0570428787385,4
10684,Blue One M,West,3000,1,0.9999990139593607,2999.997041878082,9
10685,Blue One M,Littoral,3000,0,0.0013193913600142932,3.9581740800428795,1
10686,Blue One M,South,3000,0,0.41351139549290833,1240.534186478725,4
10687,Blue One M,West,3000,0,0.40876360027067715,1226.2908008120314,4
10688,Blue One M,Littoral,3000,1,0.3961435216758054,1188.4305650274162,4
10689,Blue One M,North West,3000,0,0.0014631692351083582,4.389507705325075,2
10690,Blue One M,South West,3000,0,0.0003768911470426876,1.1306734411280628,1
10691,Blue One M,East,3000,1,0.9999994635297267,2999.99839058918,10
10692,Blue One M,Centre,3000,1,0.9999994275404986,2999.998282621496,10
10693,Blue One M,Littoral,3000,0,0.2751273831402044,825.3821494206132,3
10694,Blue One M,Littoral,3000,0,0.26282376938655005,788.4713081596501,3
10695,Blue One M,East,3000,0,0.33758683723822475,1012.7605117146743,4
10696,Blue One M,North West,3000,0,0.3223658013849144,967.0974041547431,4
10697,Blue One M,Littoral,3000,1,0.999999356859429,2999.998070578287,9
10698,Blue One M,Littoral,3000,0,0.2872766862693363,861.8300588080089,3
10699,Blue One M,Centre,3000,0,0.0005230445815003658,1.5691337445010975,1
10700,Blue One M,East,3000,0,0.0005839674690093045,1.7519024070279134,1
10702,Blue One M,Littoral,3000,0,0.2353904739956189,706.1714219868568,3
10703,Blue One M,Far North,3000,0,0.251548861420441,754.6465842613229,3
10704,Blue One M,Adamawa,3000,0,0.00043784289905245285,1.3135286971573585,1
10705,Blue One M,North,3000,0,0.00038679731476580834,1.160391944297425,1
10706,Blue One M,East,3000,1,0.2834955094289803,850.4865282869408,3
10707,Blue One M,Far North,3000,0,0.29340481470300206,880.2144441090062,3
10708,Blue One M,South West,3000,0,0.24775572905490884,743.2671871647265,3
10709,Blue One M,North West,3000,0,0.2822968408676302,846.8905226028905,3
10711,Blue One S,North West,2000,1,0.9991851219242132,1998.3702438484263,8
10712,Blue One M,North West,3000,0,0.0036968489871793,11.0905469615379,3
10713,Blue One M,South West,3000,1,0.5704118490454952,1711.2355471364858,7
10714,Blue One M,North,3000,0,0.003110804049228241,9.332412147684723,3
10715,Blue One L,Centre,5000,1,0.5501324252552288,2750.6621262761437,6
10716,Blue One M,South West,3000,1,0.5131732327607474,1539.5196982822424,5
10717,Blue One L,North,5000,0,0.0009921559640584225,4.960779820292112,1
10718,Blue One L,Far North,5000,0,0.5683837853768968,2841.9189268844843,7
10719,Blue One L,Adamawa,5000,1,0.9999998362182527,4999.999181091263,10
10720,Blue One L,South,5000,1,0.9999998317114956,4999.999158557478,10
10721,Blue One L,South West,5000,0,0.0015145872010641369,7.572936005320685,2
10723,Blue One M,South,3000,0,0.00042593206545252883,1.2777961963575866,1
10741,Blue One M,Far North,3000,0,0.0034722364757340833,10.41670942720225,3
10742,Blue One M,South,3000,1,0.9999989847826002,2999.9969543478005,9
10743,Blue One M,East,3000,1,0.9999993079701262,2999.9979239103786,9
10744,Blue One L,North West,5000,1,0.6303745559657976,3151.872779828988,8
10745,Blue One M,East,3000,1,0.9999991030685473,2999.997309205642,9
10746,Blue One L,East,5000,0,0.6313793843605031,3156.8969218025154,8
10747,Blue One L,Centre,5000,1,0.9999998608278662,4999.999304139331,10
10748,Blue One M,North,3000,1,0.45544003491071744,1366.3201047321522,4
10749,Blue One L,East,5000,0,0.001711004247258875,8.555021236294374,2
10750,Blue One M,East,3000,1,0.9999992813734067,2999.99784412022,9
10751,Blue One L,South,5000,1,0.9999998525536362,4999.999262768181,10
10752,Blue One L,South West,5000,0,0.0014563385244800713,7.281692622400357,2
10753,Blue One M,Far North,3000,0,0.2942804412782617,882.841323834785,3
10754,Blue One L,North,5000,1,0.5013257592962347,2506.6287964811736,5
10755,Blue One M,North,3000,0,0.003117139501287587,9.351418503862762,3
10757,Blue One M,East,3000,0,0.0030788497376465405,9.236549212939622,3
10759,Blue One L,North West,5000,0,0.0017741604096349068,8.870802048174534,2
10761,Blue One M,South West,3000,1,0.45836990961530044,1375.1097288459014,4
10762,Blue One L,Adamawa,5000,0,0.610043595576546,3050.21797788273,8
10763,Blue One M,West,3000,0,0.0032650018745981595,9.795005623794479,3
10764,Blue One M,South,3000,0,0.00036302247920130847,1.0890674376039253,1
10765,Blue One L,Centre,5000,1,0.9999998601119722,4999.999300559861,10
10766,Blue One M,West,3000,1,0.9999993906540556,2999.998171962167,10
10769,Blue One M,South West,3000,0,0.42209848526684157,1266.2954558005247,4
10770,Blue One M,North West,3000,1,0.999999237241781,2999.997711725343,9
10771,Blue One M,Littoral,3000,1,0.9999992324618268,2999.9976973854805,9
10772,Blue One L,Adamawa,5000,1,0.9999998809192241,4999.99940459612,10
10773,Blue One M,West,3000,0,0.5078289724066654,1523.486917219996,5
10774,Blue One L,Adamawa,5000,0,0.0017424922856900673,8.712461428450336,2
10775,Blue One M,South West,3000,0,0.002510787691110399,7.532363073331197,2
10776,Blue One L,South,5000,0,0.5894336922517127,2947.1684612585636,7
10777,Blue One L,South,5000,1,0.9999998659934897,4999.999329967448,10
10778,Blue One L,Littoral,5000,0,0.0015908973006023093,7.954486503011546,2
10779,Blue One L,Littoral,5000,1,0.5969040522238027,2984.5202611190134,7
10780,Blue One L,Adamawa,5000,1,0.5893636508320138,2946.818254160069,7
10781,Blue One L,East,5000,1,0.6027939964739971,3013.9699823699857,8
10782,Blue One L,North,5000,0,0.0011736580327004528,5.868290163502264,1
10783,Blue One M,North,3000,0,0.47151153561975556,1414.5346068592667,5
10784,Blue One L,Centre,5000,0,0.0015952484191286956,7.976242095643478,2
10785,Blue One L,West,5000,1,0.999999825564641,4999.999127823205,10
10786,Blue One L,South,5000,1,0.5320827780289535,2660.4138901447677,6
10787,Blue One L,Centre,5000,1,0.9999998182365912,4999.999091182956,10
10788,Blue One S,Centre,2000,0,0.17403763477288284,348.07526954576565,3
10790,Blue One M,North,3000,0,0.40985708447205627,1229.5712534161687,4
10792,Blue One L,Centre,5000,0,0.6091673366430184,3045.836683215092,8
10793,Blue One M,West,3000,0,0.0003850525571821192,1.1551576715463576,1
10794,Blue One L,Far North,5000,0,0.5638440039311041,2819.2200196555204,7
10795,Blue One M,Adamawa,3000,1,0.999999447945919,2999.998343837757,10
10797,Blue One L,Far North,5000,1,0.5634640284449488,2817.320142224744,7
10798,Blue One M,Centre,3000,0,0.2470548638691858,741.1645916075573,3
10800,Blue One L,East,5000,1,0.6158319187835771,3079.1595939178856,8
10801,Blue One L,East,5000,1,0.9999998703641014,4999.999351820507,10
10802,Blue One M,North,3000,0,0.0015747164461328634,4.72414933839859,2
10804,Blue One L,North West,5000,1,0.9999997687021258,4999.998843510629,10
10805,Blue One M,North West,3000,0,0.003020665532555774,9.06199659766732,3
10806,Blue One L,North West,5000,1,0.9999998751521912,4999.999375760956,10
10807,Blue One M,West,3000,1,0.2622732942249855,786.8198826749566,3
10808,Blue One M,East,3000,0,0.3412056127302719,1023.6168381908157,4
10809,Blue One L,East,5000,1,0.6405077598444706,3202.538799222353,8
10813,Blue One L,North West,5000,1,0.9999998436346327,4999.999218173163,10
10814,Blue One M,North West,3000,0,0.5158435628046428,1547.5306884139286,5
10818,Blue One L,North West,5000,1,0.9999998116430582,4999.9990582152905,10
10819,Blue One L,Adamawa,5000,1,0.6070412313714393,3035.206156857196,8
10820,Blue One M,North,3000,0,0.2902767972944916,870.8303918834747,3
10821,Blue One L,Adamawa,5000,1,0.9999998611352683,4999.9993056763415,10
10822,Blue One L,South West,5000,1,0.9999998525326776,4999.999262663388,10
10823,Blue One M,West,3000,1,0.42935976242325974,1288.0792872697791,4
10825,Blue One L,South West,5000,0,0.0015877558634088014,7.938779317044007,2
10826,Blue One L,East,5000,1,0.9999998514935412,4999.999257467706,10
10827,Blue One L,Adamawa,5000,1,0.6409577999127962,3204.788999563981,8
10828,Blue One L,Littoral,5000,0,0.0012017412110868386,6.008706055434193,1
10829,Blue One L,South,5000,1,0.9999997706684285,4999.998853342143,10
10830,Blue One L,Littoral,5000,1,0.9999997027877188,4999.9985139385935,10
10831,Blue One L,East,5000,1,0.9999997934699989,4999.998967349995,10
10832,Blue One M,East,3000,0,0.3128422663872139,938.5267991616417,4
10833,Blue One L,Adamawa,5000,1,0.9999997618920603,4999.998809460301,10
10834,Blue One L,Far North,5000,0,0.0018629211892280467,9.314605946140233,2
10835,Blue One L,South,5000,0,0.0016624996954206009,8.312498477103004,2
10836,Blue One L,South,5000,1,0.9999997680598433,4999.998840299217,10
10837,Blue One L,South,5000,1,0.9999998578547415,4999.999289273707,10
10838,Blue One L,Centre,5000,1,0.5818126418520415,2909.0632092602077,7
10839,Blue One M,South West,3000,0,0.003286678167406753,9.860034502220259,3
10840,Blue One M,North,3000,1,0.5226259952724777,1567.877985817433,6
10841,Blue One L,Centre,5000,1,0.5856259605400844,2928.1298027004223,7
10842,Blue One L,South West,5000,1,0.9999997788878239,4999.99889443912,10
10843,Blue One L,Centre,5000,0,0.5898028727214812,2949.0143636074063,7
10844,Blue One M,Far North,3000,0,0.5876678578911603,1763.0035736734808,7
10845,Blue One L,Far North,5000,1,0.5937142733395937,2968.5713666979686,7
10846,Blue One M,West,3000,1,0.9999988306011695,2999.9964918035084,8
10847,Blue One M,South West,3000,0,0.0031951168862860524,9.585350658858157,3
10849,Blue One M,Littoral,3000,1,0.9999992095655257,2999.997628696577,9
10850,Blue One L,Far North,5000,0,0.001724852653078898,8.62426326539449,2
10851,Blue One M,North West,3000,0,0.001444436525793775,4.333309577381325,2
10852,Blue One M,Centre,3000,0,0.505150910288156,1515.4527308644679,5
10853,Blue One M,North,3000,0,0.5482086213316344,1644.6258639949033,6
10854,Blue One L,Centre,5000,1,0.5656165237346436,2828.082618673218,7
10855,Blue One L,North West,5000,1,0.9999998827275618,4999.999413637809,10
10856,Blue One L,Littoral,5000,1,0.6136963559919928,3068.481779959964,8
10857,Blue One L,South West,5000,0,0.0012493783081746783,6.246891540873391,1
10858,Blue One M,Littoral,3000,0,0.2956301501207925,886.8904503623776,3
10859,Blue One M,West,3000,0,0.0012853078793403903,3.8559236380211708,1
10860,Blue One L,Far North,5000,1,0.6349564411354515,3174.7822056772575,8
10861,Blue One L,North,5000,1,0.5350340900798652,2675.170450399326,6
10862,Blue One L,East,5000,0,0.0017284845439504096,8.642422719752048,2
10863,Blue One M,West,3000,1,0.5610581084344898,1683.1743253034692,6
10864,Blue One L,Littoral,5000,0,0.001239317769399512,6.196588846997559,1
10865,Blue One L,Adamawa,5000,0,0.0013590237887339963,6.795118943669982,1
10866,Blue One M,North West,3000,0,0.5001755486051467,1500.5266458154401,5
10867,Blue One L,Centre,5000,1,0.999999836254515,4999.999181272576,10
10868,Blue One M,Littoral,3000,1,0.9999986503917528,2999.9959511752586,8
10869,Blue One M,Far North,3000,1,0.9999993119990103,2999.9979359970307,9
10870,Blue One M,South West,3000,0,0.2913048999224301,873.9146997672902,3
10871,Blue One M,South,3000,1,0.4275990797744896,1282.7972393234688,4
10872,Blue One M,Far North,3000,0,0.0005866685532134989,1.7600056596404967,1
10873,Blue One M,Littoral,3000,1,0.4111686756548573,1233.506026964572,4
10874,Blue One M,North,3000,1,0.5567687372753441,1670.3062118260325,6
10875,Blue One M,West,3000,0,0.0004315326051347462,1.2945978154042386,1
10876,Blue One M,Adamawa,3000,1,0.6037085799271312,1811.1257397813936,8
10878,Blue One L,Adamawa,5000,1,0.5889778919474775,2944.8894597373874,7
10881,Blue One L,South West,5000,0,0.001411333561550174,7.056667807750871,1
10882,Blue One L,North West,5000,1,0.6263490480013869,3131.7452400069346,8
10883,Blue One L,East,5000,1,0.9999998812437004,4999.999406218502,10
10884,Blue One L,South West,5000,0,0.5899659398699986,2949.829699349993,7
10885,Blue One L,Far North,5000,1,0.9999997357140445,4999.998678570223,10
10886,Blue One L,North,5000,1,0.9999997754122056,4999.998877061028,10
10887,Blue One L,Adamawa,5000,0,0.6213787573961128,3106.893786980564,8
10888,Blue One L,North West,5000,1,0.6368907491281046,3184.4537456405233,8
10889,Blue One M,South West,3000,0,0.00039981108856275205,1.199433265688256,1
10890,Blue One L,Adamawa,5000,1,0.5889207813322817,2944.6039066614085,7
10891,Blue One L,North,5000,0,0.0014282096143719417,7.141048071859709,2
10892,Blue One L,Far North,5000,0,0.6244965660629471,3122.4828303147356,8
10893,Blue One L,Littoral,5000,1,0.9999998500264607,4999.999250132304,10
10894,Blue One L,West,5000,0,0.0012146667315486007,6.073333657743003,1
10895,Blue One M,North,3000,0,0.0032919005945965412,9.875701783789623,3
10896,Blue One M,West,3000,0,0.5219073682456531,1565.7221047369592,6
10897,Blue One L,Centre,5000,1,0.9999998557021776,4999.999278510888,10
10898,Blue One L,Adamawa,5000,0,0.6224800286469443,3112.4001432347213,8
10899,Blue One L,South West,5000,1,0.9999997158576867,4999.998579288434,10
10900,Blue One L,South West,5000,0,0.001590206845249376,7.95103422624688,2
10901,Blue One L,North West,5000,0,0.5982809572542601,2991.4047862713005,7
10902,Blue One M,Far North,3000,0,0.003737763514041957,11.21329054212587,3
10903,Blue One L,Littoral,5000,1,0.5750542293715285,2875.2711468576426,7
10904,Blue One L,Adamawa,5000,0,0.0018471063412147954,9.235531706073978,2
10905,Blue One M,Adamawa,3000,0,0.0014483128900687572,4.344938670206272,2
10906,Blue One M,North,3000,1,0.9999987550761749,2999.9962652285244,8
10907,Blue One L,South West,5000,0,0.5834792804427908,2917.3964022139544,7
10908,Blue One L,Adamawa,5000,1,0.9999997420820689,4999.998710410345,10
10909,Blue One L,Adamawa,5000,1,0.6092966795397563,3046.4833976987816,8
10910,Blue One L,North West,5000,0,0.6150936080126647,3075.4680400633233,8
10911,Blue One M,North West,3000,0,0.5389263389315586,1616.7790167946757,6
10912,Blue One L,North West,5000,1,0.9999998845132256,4999.9994225661285,10
10913,Blue One L,South,5000,1,0.6160570124523878,3080.285062261939,8
10914,Blue One L,Centre,5000,0,0.5908274294596263,2954.1371472981314,7
10915,Blue One L,Far North,5000,0,0.0017068437117801689,8.534218558900845,2
10916,Blue One L,East,5000,0,0.0018896325064768223,9.448162532384112,2
10917,Blue One L,Littoral,5000,0,0.0012047993229180273,6.0239966145901365,1
10918,Blue One L,North,5000,1,0.9999997816675931,4999.998908337965,10
10919,Blue One L,West,5000,0,0.5869802027729325,2934.9010138646627,7
10920,Blue One L,North,5000,1,0.999999768672784,4999.99884336392,10
10921,Blue One L,South West,5000,0,0.5726810764381777,2863.4053821908883,7
10922,Blue One L,East,5000,0,0.6306485920550187,3153.2429602750935,8
10923,Blue One L,East,5000,0,0.6311238493937784,3155.619246968892,8
10924,Blue One L,Adamawa,5000,0,0.0014322936699347046,7.161468349673523,2
10925,Blue One L,South West,5000,0,0.5896649417527358,2948.3247087636787,7
10926,Blue One L,Littoral,5000,0,0.5984135157162244,2992.067578581122,7
10928,Blue One L,North West,5000,0,0.0019135896604231958,9.56794830211598,2
10929,Blue One L,West,5000,1,0.9999998342361617,4999.999171180808,10
10930,Blue One L,North,5000,1,0.5767114323739649,2883.5571618698245,7
10931,Blue One L,East,5000,1,0.6329430508375489,3164.7152541877444,8
10932,Blue One L,North West,5000,0,0.0019076043955807429,9.538021977903714,2
10933,Blue One L,North West,5000,1,0.646648498507931,3233.2424925396554,8
10934,Blue One M,Littoral,3000,1,0.9999986817583215,2999.9960452749647,8
10935,Blue One M,Centre,3000,0,0.00338088333180892,10.14264999542676,3
10936,Blue One M,Centre,3000,0,0.0003348817279977498,1.0046451839932493,1
10937,Blue One M,West,3000,1,0.9999989629985624,2999.996888995687,9
10938,Blue One M,Adamawa,3000,1,0.5885553441117628,1765.6660323352885,7
10939,Blue One M,North West,3000,0,0.5879781274964471,1763.9343824893413,7
10940,Blue One M,North West,3000,1,0.9999991363872682,2999.9974091618046,9
10941,Blue One M,Littoral,3000,0,0.5620029162163261,1686.0087486489783,7
10942,Blue One M,Littoral,3000,0,0.5174132365202676,1552.2397095608028,5
10943,Blue One M,Adamawa,3000,0,0.0038046818834481864,11.414045650344558,3
10944,Blue One M,South,3000,1,0.9999983842947558,2999.9951528842676,8
10945,Blue One M,West,3000,1,0.9999987512097125,2999.9962536291373,8
10946,Blue One M,South,3000,1,0.42387164089268864,1271.614922678066,4
10947,Blue One M,South,3000,0,0.001381121500771476,4.143364502314428,1
10948,Blue One M,Centre,3000,0,0.522366613032745,1567.099839098235,6
10949,Blue One M,Far North,3000,0,0.003505140719693106,10.515422159079318,3
10950,Blue One M,Centre,3000,0,0.0028133060030467102,8.439918009140131,3
10951,Blue One M,South,3000,0,0.5287357693883256,1586.2073081649767,6
10952,Blue One M,Adamawa,3000,0,0.0029022466075528147,8.706739822658443,3
10953,Blue One M,Littoral,3000,0,0.5182090877633891,1554.6272632901673,5
10955,Blue One M,South,3000,1,0.9999988527526461,2999.9965582579384,8
10956,Blue One M,North West,3000,1,0.9999993334443011,2999.9980003329033,9
10957,Blue One M,West,3000,1,0.9999990685020926,2999.997205506278,9
10958,Blue One M,North,3000,0,0.001519012933096471,4.557038799289414,2
10959,Blue One M,Centre,3000,1,0.43317177229054343,1299.5153168716304,4
10960,Blue One M,South,3000,1,0.9999989325153877,2999.996797546163,9
10961,Blue One M,Littoral,3000,1,0.3145474353179365,943.6423059538095,4
10962,Blue One M,Littoral,3000,1,0.9999992276662618,2999.9976829987854,9
10963,Blue One M,North West,3000,0,0.0017999870942203959,5.399961282661188,2
10964,Blue One M,South West,3000,0,0.0026797255210182455,8.039176563054736,3
10965,Blue One M,South,3000,0,0.0013603742030660986,4.081122609198296,1
10966,Blue One M,North West,3000,0,0.0017092003086669097,5.127600926000729,2
10967,Blue One M,East,3000,1,0.9999993025016292,2999.9979075048873,9
10968,Blue One M,South,3000,1,0.528350792748866,1585.052378246598,6
10969,Blue One M,Centre,3000,1,0.5251128324885177,1575.338497465553,6
10970,Blue One M,North,3000,1,0.9999992001277446,2999.997600383234,9
10971,Blue One M,North West,3000,0,0.4844423229968682,1453.3269689906044,5
10972,Blue One M,Adamawa,3000,0,0.003123233715019411,9.369701145058233,3
10973,Blue One L,Littoral,5000,1,0.583948485078055,2919.742425390275,7
10974,Blue One L,East,5000,1,0.6487018945859323,3243.5094729296616,8
10975,Blue One L,East,5000,0,0.0016641700764748531,8.320850382374266,2
10976,Blue One L,South,5000,1,0.9999998203764183,4999.999101882092,10
10977,Blue One L,North West,5000,0,0.0010822190856368604,5.411095428184302,1
10978,Blue One L,Littoral,5000,0,0.001498239968216303,7.4911998410815155,2
10979,Blue One L,East,5000,1,0.9999998850562716,4999.999425281358,10
10980,Blue One L,Centre,5000,1,0.5979452991105303,2989.7264955526516,7
10981,Blue One L,Adamawa,5000,0,0.0013590899985543251,6.795449992771625,1
10982,Blue One L,North West,5000,1,0.9999998795597197,4999.999397798599,10
10983,Blue One L,East,5000,1,0.6237757880942308,3118.8789404711542,8
10984,Blue One L,North,5000,1,0.5048001866294721,2524.0009331473607,5
10985,Blue One L,East,5000,0,0.5823233169563636,2911.6165847818183,7
10986,Blue One L,South West,5000,1,0.5365713024102039,2682.8565120510193,6
10987,Blue One L,East,5000,0,0.0015295547288518322,7.6477736442591615,2
10988,Blue One M,North West,3000,0,0.44452828247710624,1333.5848474313186,4
10989,Blue One M,Far North,3000,1,0.9999988392462413,2999.996517738724,8
10990,Blue One M,Littoral,3000,0,0.0016643696273639225,4.993108882091767,2
10991,Blue One L,North,5000,0,0.5519971973375881,2759.9859866879406,6
10992,Blue One M,South,3000,1,0.999998941158279,2999.996823474837,9
10993,Blue One M,Far North,3000,0,0.003577039327558114,10.731117982674343,3
10994,Blue One L,East,5000,1,0.5735130971581665,2867.565485790832,7
10995,Blue One L,North West,5000,0,0.5241757071762351,2620.878535881175,6
10997,Blue One L,Adamawa,5000,1,0.9999998024733511,4999.999012366756,10
10998,Blue One L,South,5000,1,0.9999998329562269,4999.999164781134,10
10999,Blue One M,West,3000,1,0.9999990201770418,2999.9970605311255,9
11000,Blue One M,Littoral,3000,1,0.99999891060026,2999.9967318007803,8
11001,Blue One L,East,5000,1,0.6511956691679087,3255.9783458395436,8
11002,Blue One L,West,5000,1,0.9999998385150782,4999.999192575391,10
11003,Blue One L,Far North,5000,0,0.6357758877277324,3178.879438638662,8
11004,Blue One L,South West,5000,1,0.9999998527088477,4999.999263544239,10
11005,Blue One L,East,5000,1,0.9999998450971055,4999.999225485528,10
11006,Blue One L,East,5000,0,0.5750358721639655,2875.1793608198273,7
11007,Blue One L,Far North,5000,1,0.6177438746491634,3088.7193732458168,8
11008,Blue One L,Far North,5000,1,0.5700326970345704,2850.163485172852,7
11009,Blue One L,West,5000,1,0.531743099052549,2658.715495262745,6
11010,Blue One M,Adamawa,3000,0,0.48636407233300205,1459.092216999006,5
11011,Blue One M,Adamawa,3000,0,0.0005735146194902175,1.7205438584706525,1
11012,Blue One M,Littoral,3000,1,0.2940663432000367,882.1990296001102,3
11013,Blue One M,Centre,3000,0,0.0005321342899211594,1.5964028697634782,1
11014,Blue One M,Adamawa,3000,0,0.4579780347254841,1373.9341041764524,4
11015,Blue One M,South,3000,0,0.43491835439334003,1304.7550631800202,4
11016,Blue One M,East,3000,0,0.0014856585855301612,4.4569757565904835,2
11017,Blue One M,East,3000,0,0.0005539608186321281,1.6618824558963843,1
11018,Blue One M,Far North,3000,0,0.4419006731576462,1325.7020194729387,4
11019,Blue One M,Centre,3000,0,0.003466551812918324,10.399655438754971,3
11020,Blue One M,Littoral,3000,1,0.9999989246202841,2999.996773860852,8
11021,Blue One M,North,3000,1,0.5490965886521164,1647.2897659563491,6
11022,Blue One M,Adamawa,3000,1,0.9999990722207427,2999.997216662228,9
11023,Blue One M,South,3000,1,0.9999990511919731,2999.997153575919,9
11024,Blue One M,Far North,3000,1,0.9999988694365395,2999.9966083096183,8
11025,Blue One M,South West,3000,1,0.5537428872629908,1661.2286617889724,6
11026,Blue One M,South West,3000,0,0.566464315275034,1699.392945825102,7
11027,Blue One M,Far North,3000,1,0.9999991332533592,2999.9973997600778,9
11028,Blue One M,Centre,3000,0,0.0014099549710559084,4.2298649131677255,1
11029,Blue One M,Centre,3000,1,0.9999989681492165,2999.9969044476497,9
11030,Blue One M,South West,3000,0,0.0027390893544241616,8.217268063272485,3
11031,Blue One M,Centre,3000,0,0.0034075084305649804,10.222525291694941,3
11032,Blue One M,North,3000,1,0.4675906220036272,1402.7718660108817,5
11033,Blue One M,South West,3000,0,0.0027403110696085134,8.22093320882554,3
11034,Blue One L,Far North,5000,1,0.9999998442899904,4999.9992214499525,10
11035,Blue One L,North West,5000,1,0.9999998426576641,4999.99921328832,10
11036,Blue One L,North West,5000,0,0.6407873412031352,3203.936706015676,8
11037,Blue One L,Littoral,5000,1,0.999999856891185,4999.999284455925,10
11038,Blue One L,South,5000,0,0.0011853311752388744,5.9266558761943715,1
11039,Blue One L,Far North,5000,0,0.0010719440956359937,5.359720478179969,1
11040,Blue One L,Centre,5000,1,0.5703013188077068,2851.5065940385343,7
11041,Blue One L,North West,5000,0,0.5758073424076764,2879.036712038382,7
11042,Blue One M,South West,3000,0,0.5354379067939963,1606.3137203819888,6
11043,Blue One L,Far North,5000,0,0.001432464715671671,7.162323578358356,2
11044,Blue One M,West,3000,1,0.9999992380782406,2999.997714234722,9
11045,Blue One M,South West,3000,0,0.0015361911242861637,4.6085733728584914,2
11046,Blue One M,East,3000,1,0.5338543916715721,1601.5631750147163,6
11047,Blue One M,South West,3000,0,0.40956817861343375,1228.7045358403013,4
11048,Blue One M,Adamawa,3000,0,0.0017547204660599241,5.264161398179772,2
11049,Blue One M,North,3000,1,0.9999989842824827,2999.996952847448,9
11050,Blue One M,South,3000,0,0.0014211446939528152,4.2634340818584455,2
11051,Blue One M,North West,3000,0,0.5879899457956912,1763.9698373870735,7
11052,Blue One M,North West,3000,1,0.9999989697564766,2999.99690926943,9
11053,Blue One M,West,3000,1,0.5061725684759066,1518.5177054277199,5
11054,Blue One M,Far North,3000,0,0.0028015871659632396,8.40476149788972,3
11055,Blue One M,Littoral,3000,0,0.549661354416061,1648.984063248183,6
11056,Blue One M,East,3000,0,0.6120417439972963,1836.1252319918888,8
11057,Blue One M,North,3000,0,0.0030116744252460664,9.0350232757382,3
11058,Blue One M,West,3000,1,0.9999990294544436,2999.997088363331,9
11059,Blue One M,Adamawa,3000,1,0.9999991063559969,2999.9973190679907,9
11060,Blue One M,East,3000,1,0.9999990802620885,2999.9972407862656,9
11061,Blue One M,South West,3000,0,0.5433427397461282,1630.0282192383847,6
11062,Blue One M,West,3000,0,0.5331568435326188,1599.4705305978564,6
11063,Blue One M,Adamawa,3000,0,0.5452988054122541,1635.8964162367622,6
11064,Blue One M,Littoral,3000,0,0.00245999807373183,7.379994221195489,2
11070,Blue One M,Centre,3000,1,0.5027970633979106,1508.391190193732,5
11071,Blue One M,North West,3000,1,0.49793334927052757,1493.8000478115828,5
11072,Blue One M,Far North,3000,1,0.5294221437957625,1588.2664313872874,6
11073,Blue One M,South,3000,0,0.311559035324875,934.677105974625,4
11074,Blue One M,North West,3000,0,0.3411093912870422,1023.3281738611266,4
11077,Blue One M,West,3000,1,0.9999990534745891,2999.997160423767,9
11078,Blue One M,West,3000,1,0.9999989044374499,2999.9967133123496,8
11079,Blue One M,South West,3000,0,0.5519076301421015,1655.7228904263045,6
11081,Blue One M,North West,3000,1,0.9999989070514962,2999.9967211544886,8
11082,Blue One M,Centre,3000,1,0.564514140613737,1693.5424218412109,7
11083,Blue One M,North West,3000,1,0.6060676633759122,1818.2029901277367,8
11084,Blue One M,Adamawa,3000,0,0.537550258619331,1612.650775857993,6
11085,Blue One M,West,3000,1,0.5778566549723388,1733.5699649170165,7
11086,Blue One M,Littoral,3000,0,0.5520030896014338,1656.0092688043017,6
11087,Blue One M,Centre,3000,1,0.5067322148817923,1520.1966446453769,5
11088,Blue One M,South West,3000,1,0.49737750349435406,1492.132510483062,5
11089,Blue One M,North West,3000,1,0.9999990773883952,2999.997232165186,9
11090,Blue One M,North,3000,0,0.5493925282872555,1648.1775848617665,6
11091,Blue One M,South,3000,0,0.0026526191700393153,7.957857510117946,3
11092,Blue One L,West,5000,1,0.9999998650039799,4999.9993250198995,10
11093,Blue One L,Centre,5000,1,0.9999998234130735,4999.9991170653675,10
11094,Blue One L,Adamawa,5000,0,0.5981054696256738,2990.527348128369,7
11095,Blue One L,Far North,5000,1,0.9999998691290259,4999.999345645129,10
11096,Blue One L,Far North,5000,1,0.9999998698898069,4999.9993494490345,10
11097,Blue One L,Adamawa,5000,0,0.6319669458498555,3159.834729249277,8
11098,Blue One L,North West,5000,0,0.0014013262398377567,7.006631199188783,1
11099,Blue One L,Littoral,5000,1,0.9999998513727867,4999.999256863934,10
11100,Blue One L,East,5000,0,0.6258782444262655,3129.3912221313276,8
11101,Blue One L,South,5000,0,0.001546250442290029,7.731252211450145,2
11102,Blue One L,East,5000,0,0.001440277142630098,7.20138571315049,2
11103,Blue One L,South,5000,1,0.5950280656994247,2975.1403284971234,7
11104,Blue One L,North West,5000,0,0.001679837619822588,8.39918809911294,2
11105,Blue One L,Far North,5000,0,0.0017354407354661,8.6772036773305,2
11106,Blue One L,Centre,5000,1,0.9999998545690144,4999.9992728450725,10
11107,Blue One L,Littoral,5000,1,0.6006859094764715,3003.4295473823577,8
11108,Blue One L,East,5000,1,0.9999998697491598,4999.999348745799,10
11109,Blue One L,Far North,5000,0,0.6364214956044851,3182.1074780224258,8
11110,Blue One L,East,5000,1,0.5982079497806094,2991.039748903047,7
11111,Blue One L,Littoral,5000,1,0.5969040522238027,2984.5202611190134,7
11112,Blue One L,East,5000,1,0.999999879940717,4999.999399703585,10
11113,Blue One L,South West,5000,1,0.5800367712180663,2900.1838560903316,7
11114,Blue One L,East,5000,0,0.6394398629511505,3197.1993147557528,8
11115,Blue One L,Littoral,5000,0,0.0014052897310779956,7.026448655389978,1
11116,Blue One L,Adamawa,5000,0,0.001449494778595713,7.247473892978565,2
11117,Blue One L,South West,5000,1,0.9999998254191192,4999.999127095596,10
11118,Blue One L,South West,5000,0,0.5587878503448871,2793.9392517244355,6
11119,Blue One L,West,5000,1,0.9999997820730095,4999.998910365048,10
11120,Blue One L,East,5000,1,0.9999998551830779,4999.999275915389,10
11121,Blue One L,North,5000,1,0.545453070858128,2727.26535429064,6
11122,Blue One L,South,5000,0,0.0012742936234172012,6.371468117086006,1
11123,Blue One M,Far North,3000,0,0.0028741970019709666,8.6225910059129,3
11124,Blue One M,Far North,3000,1,0.9999991413344475,2999.9974240033425,9
11125,Blue One M,East,3000,0,0.6128928425384017,1838.6785276152052,8
11126,Blue One L,West,5000,1,0.9999997803616404,4999.998901808202,10
11127,Blue One L,Adamawa,5000,1,0.5889207813322817,2944.6039066614085,7
11128,Blue One L,Adamawa,5000,1,0.5739792951452698,2869.896475726349,7
11129,Blue One L,North,5000,0,0.0011428235417244588,5.714117708622294,1
11130,Blue One L,Far North,5000,0,0.5829916703054423,2914.9583515272116,7
11131,Blue One L,Centre,5000,1,0.5645173685970971,2822.5868429854854,7
11132,Blue One L,Adamawa,5000,1,0.5930031879211415,2965.0159396057074,7
11133,Blue One L,East,5000,1,0.5921464089912821,2960.732044956411,7
11134,Blue One L,South West,5000,1,0.999999830484429,4999.999152422145,10
11135,Blue One L,Littoral,5000,1,0.9999998289300827,4999.999144650414,10
11136,Blue One L,Centre,5000,1,0.9999998261541982,4999.9991307709915,10
11137,Blue One L,North,5000,0,0.001189945956804918,5.949729784024591,1
11138,Blue One L,South West,5000,1,0.9999998265115889,4999.999132557945,10
11139,Blue One M,North,3000,1,0.5637703731116144,1691.3111193348432,7
11140,Blue One L,East,5000,1,0.5932888240731718,2966.4441203658594,7
11141,Blue One L,West,5000,1,0.550071329430574,2750.35664715287,6
11142,Blue One L,South,5000,1,0.5077748566082892,2538.8742830414462,5
11143,Blue One L,South,5000,0,0.5445992644929176,2722.996322464588,6
11144,Blue One L,West,5000,1,0.9999998252949404,4999.999126474701,10
11145,Blue One L,Centre,5000,1,0.5694223648172763,2847.111824086381,7
11146,Blue One L,Adamawa,5000,1,0.5889207813322817,2944.6039066614085,7
11147,Blue One L,Far North,5000,1,0.5745328173332717,2872.6640866663583,7
11148,Blue One L,Littoral,5000,1,0.999999830803185,4999.999154015925,10
11149,Blue One L,West,5000,0,0.0013190865297225875,6.595432648612937,1
11150,Blue One L,North,5000,0,0.5357905510547897,2678.9527552739482,6
11151,Blue One L,North,5000,1,0.9999998285393731,4999.999142696865,10
11152,Blue One M,West,3000,0,0.0026342733339377532,7.90282000181326,2
11153,Blue One L,Adamawa,5000,1,0.9999998349240303,4999.999174620151,10
11154,Blue One M,Centre,3000,0,0.003262233847052849,9.786701541158548,3
11155,Blue One M,Centre,3000,0,0.003255604460045345,9.766813380136036,3
11156,Blue One M,Far North,3000,0,0.5906221258148199,1771.8663774444597,7
11157,Blue One M,South,3000,1,0.5662612524365084,1698.783757309525,7
11158,Blue One M,South West,3000,0,0.5700332321368023,1710.099696410407,7
11159,Blue One M,North,3000,1,0.5707045457093815,1712.1136371281443,7
11160,Blue One M,South,3000,1,0.9999988146687259,2999.9964440061776,8
11161,Blue One M,North West,3000,0,0.00041268019987622474,1.2380405996286743,1
11162,Blue One M,South,3000,1,0.9999989547850372,2999.9968643551115,9
11163,Blue One L,Adamawa,5000,0,0.0010628887139978145,5.314443569989073,1
11164,Blue One M,Centre,3000,1,0.5818489750105622,1745.5469250316867,7
11165,Blue One M,East,3000,0,0.003928396473547683,11.785189420643048,3
11166,Blue One M,Littoral,3000,1,0.9999989717972542,2999.9969153917623,9
11167,Blue One M,West,3000,0,0.0032295247442742235,9.68857423282267,3
11168,Blue One L,Adamawa,5000,0,0.5141752638948379,2570.8763194741896,5
11169,Blue One M,Centre,3000,1,0.5786941906642329,1736.0825719926986,7
11170,Blue One M,Littoral,3000,1,0.9999989690261102,2999.9969070783304,9
11171,Blue One L,South West,5000,0,0.0011626724273989552,5.813362136994776,1
11172,Blue One M,Adamawa,3000,1,0.58891760251415,1766.7528075424502,7
11173,Blue One L,East,5000,0,0.5735011648077056,2867.5058240385283,7
11174,Blue One L,Centre,5000,0,0.5520796294180698,2760.3981470903486,6
11175,Blue One M,Adamawa,3000,0,0.5806432200162815,1741.9296600488447,7
11176,Blue One M,Centre,3000,1,0.5810732642433654,1743.219792730096,7
11177,Blue One M,Centre,3000,0,0.57830558029517,1734.9167408855099,7
11178,Blue One M,North West,3000,1,0.9999990049935515,2999.9970149806545,9
11180,Blue One M,West,3000,0,0.30599703747663504,917.9911124299051,4
11181,Blue One M,Far North,3000,1,0.9999989096770425,2999.9967290311274,8
11182,Blue One M,North,3000,0,0.5167562792891135,1550.2688378673404,5
11183,Blue One M,East,3000,0,0.0038269847612673728,11.480954283802118,3
11184,Blue One M,North West,3000,1,0.5393102101336492,1617.9306304009476,6
11185,Blue One M,West,3000,0,0.28958510776424623,868.7553232927387,3
11186,Blue One M,South,3000,1,0.9999989563985845,2999.9968691957533,9
11187,Blue One L,Littoral,5000,1,0.9999998488487263,4999.999244243631,10
11188,Blue One L,Far North,5000,1,0.9999998674691624,4999.999337345812,10
11189,Blue One L,Littoral,5000,1,0.9999998242189649,4999.999121094825,10
11190,Blue One L,South West,5000,1,0.9999998264424622,4999.999132212311,10
11191,Blue One M,West,3000,1,0.9999989732264738,2999.9969196794214,9
11192,Blue One L,West,5000,1,0.9999998275433082,4999.999137716541,10
11193,Blue One L,East,5000,1,0.9999998542640453,4999.999271320226,10
11194,Blue One L,North,5000,0,0.0011861635933743927,5.930817966871963,1
11195,Blue One L,South West,5000,1,0.9999998297564562,4999.999148782281,10
11196,Blue One L,Adamawa,5000,0,0.588160720321187,2940.8036016059355,7
11197,Blue One L,Littoral,5000,0,0.0012424217707994315,6.212108853997157,1
11198,Blue One L,Far North,5000,1,0.5741551209324871,2870.7756046624354,7
11199,Blue One L,Far North,5000,0,0.5741551209324871,2870.7756046624354,7
11200,Blue One L,Littoral,5000,0,0.5378195629075124,2689.097814537562,6
11201,Blue One L,East,5000,1,0.5772380015422796,2886.190007711398,7
11202,Blue One L,East,5000,0,0.5913881739667809,2956.9408698339043,7
11203,Blue One L,North West,5000,1,0.5731159622538772,2865.579811269386,7
11204,Blue One L,West,5000,0,0.0010545739266273788,5.272869633136894,1
11205,Blue One L,North West,5000,1,0.5787618933960317,2893.8094669801585,7
11206,Blue One L,Littoral,5000,1,0.9999998300682913,4999.999150341457,10
11207,Blue One L,Littoral,5000,1,0.5530417007341181,2765.2085036705903,6
11208,Blue One L,North West,5000,1,0.5936661593181857,2968.3307965909285,7
11209,Blue One M,Adamawa,3000,0,0.5927232635963597,1778.1697907890791,7
11210,Blue One L,Adamawa,5000,1,0.5892947495293848,2946.473747646924,7
11211,Blue One L,Far North,5000,0,0.5354287602638822,2677.143801319411,6
11212,Blue One L,West,5000,1,0.9999998209152926,4999.999104576463,10
11213,Blue One L,South,5000,0,0.5461556707299291,2730.7783536496454,6
11214,Blue One L,North,5000,1,0.5446747782445879,2723.373891222939,6
11215,Blue One L,Far North,5000,1,0.5646157219206595,2823.078609603297,7
11216,Blue One L,North,5000,0,0.48247417735501846,2412.3708867750925,5
11217,Blue One M,East,3000,1,0.9999990806284126,2999.9972418852376,9
11218,Blue One M,Far North,3000,1,0.6019962460607224,1805.9887381821673,8
11219,Blue One M,Centre,3000,0,0.5810732642433654,1743.219792730096,7
11220,Blue One L,South,5000,1,0.9999998641514267,4999.999320757133,10
11221,Blue One L,Adamawa,5000,0,0.6169266576901279,3084.6332884506396,8
11222,Blue One L,Littoral,5000,1,0.999999826570083,4999.999132850415,10
11223,Blue One L,Centre,5000,1,0.5959556724399205,2979.7783621996027,7
11224,Blue One L,West,5000,1,0.9999998397811459,4999.99919890573,10
11225,Blue One L,Far North,5000,1,0.9999998514764691,4999.999257382346,10
11226,Blue One L,Centre,5000,1,0.999999856326214,4999.9992816310705,10
11227,Blue One L,Far North,5000,1,0.5962028157033846,2981.0140785169233,7
11228,Blue One L,West,5000,0,0.5513287604183819,2756.6438020919095,6
11229,Blue One L,North,5000,1,0.9999998192551789,4999.999096275895,10
11230,Blue One L,North,5000,0,0.5396915105792272,2698.457552896136,6
11231,Blue One L,North West,5000,1,0.6372592350152108,3186.2961750760537,8
11232,Blue One L,East,5000,1,0.9999998460664369,4999.999230332184,10
11233,Blue One L,Littoral,5000,0,0.5991792662937167,2995.8963314685834,8
11234,Blue One L,Far North,5000,0,0.6226489971846604,3113.244985923302,8
11235,Blue One L,South,5000,0,0.5954962585663629,2977.4812928318147,7
11236,Blue One L,East,5000,0,0.0017171400629102194,8.585700314551097,2
11237,Blue One L,South West,5000,0,0.5835760939411426,2917.880469705713,7
11238,Blue One M,West,3000,0,0.5613644812142277,1684.093443642683,6
11239,Blue One L,Littoral,5000,0,0.5829070024509339,2914.5350122546693,7
11240,Blue One L,Far North,5000,0,0.5688604625232949,2844.3023126164744,7
11241,Blue One M,Adamawa,3000,0,0.6088579134681338,1826.5737404044014,8
11242,Blue One M,Littoral,3000,1,0.5596837779594533,1679.05133387836,6
11243,Blue One L,Littoral,5000,1,0.9999998597777945,4999.999298888973,10
11244,Blue One L,West,5000,1,0.5638203377698208,2819.101688849104,7
11245,Blue One L,Centre,5000,0,0.5967112116743967,2983.5560583719835,7
11246,Blue One L,West,5000,0,0.001476336230202206,7.38168115101103,2
11247,Blue One L,Littoral,5000,0,0.6050991268335886,3025.495634167943,8
11248,Blue One L,West,5000,0,0.564836458439752,2824.1822921987605,7
11249,Blue One L,South West,5000,1,0.999999813548475,4999.999067742375,10
11250,Blue One L,South,5000,0,0.5951240575234032,2975.6202876170164,7
11251,Blue One L,Adamawa,5000,1,0.9999998769754328,4999.999384877164,10
11252,Blue One L,Littoral,5000,0,0.0009974940356443026,4.987470178221513,1
11253,Blue One L,Littoral,5000,1,0.5337802984020158,2668.901492010079,6
11254,Blue One L,South West,5000,1,0.5339316567212407,2669.6582836062034,6
11255,Blue One L,North West,5000,0,0.5967028223506557,2983.514111753279,7
11256,Blue One L,Centre,5000,1,0.9999998280576945,4999.9991402884725,10
11257,Blue One L,Far North,5000,0,0.0013164600099245143,6.582300049622572,1
11258,Blue One L,Far North,5000,0,0.0012825838593373672,6.4129192966868365,1
11259,Blue One L,North West,5000,0,0.5723598396692339,2861.7991983461693,7
11260,Blue One M,East,3000,1,0.9999991195166776,2999.997358550033,9
11261,Blue One M,East,3000,0,0.5929128111032512,1778.7384333097536,7
11262,Blue One L,South West,5000,1,0.9999998178996125,4999.999089498062,10
11263,Blue One L,North,5000,1,0.9999998164052737,4999.999082026368,10
11264,Blue One L,North,5000,0,0.5342410518388114,2671.2052591940574,6
11265,Blue One L,Far North,5000,0,0.0013478076713447917,6.739038356723959,1
11266,Blue One L,West,5000,1,0.5450111089869683,2725.0555449348412,6
11267,Blue One L,South West,5000,0,0.5524658535378527,2762.3292676892634,6
11268,Blue One L,South West,5000,0,0.001159494412475013,5.797472062375065,1
11269,Blue One L,East,5000,0,0.0013606311214374046,6.803155607187023,1
11270,Blue One L,Centre,5000,1,0.5633536160450815,2816.7680802254076,7
11271,Blue One L,East,5000,1,0.9999998430852466,4999.999215426233,10
11272,Blue One M,West,3000,1,0.5874027158346027,1762.208147503808,7
11273,Blue One M,Centre,3000,0,0.4870917944530079,1461.2753833590236,5
11274,Blue One M,North,3000,0,0.5463692493953108,1639.1077481859325,6
11275,Blue One L,Adamawa,5000,1,0.9999998469666419,4999.99923483321,10
11276,Blue One L,Adamawa,5000,0,0.0013446982401860534,6.723491200930267,1
11277,Blue One M,South West,3000,1,0.9999989322142093,2999.996796642628,9
11278,Blue One M,South,3000,1,0.5693843584400239,1708.1530753200716,7
11279,Blue One L,Far North,5000,0,0.6189431946811506,3094.7159734057527,8
11280,Blue One L,Centre,5000,1,0.5580776428673918,2790.388214336959,6
11281,Blue One L,Centre,5000,1,0.999999814303589,4999.999071517945,10
11282,Blue One L,West,5000,0,0.001231953139296422,6.15976569648211,1
11283,Blue One L,North West,5000,0,0.0017966220280537027,8.983110140268513,2
11284,Blue One M,South,3000,0,0.003435662348699459,10.306987046098376,3
11285,Blue One L,South West,5000,0,0.5389118855417989,2694.5594277089945,6
11286,Blue One M,South,3000,0,0.4256736816028806,1277.0210448086418,4
11287,Blue One M,Littoral,3000,1,0.9999989657851467,2999.99689735544,9
11288,Blue One M,Adamawa,3000,1,0.5335598309991475,1600.6794929974426,6
11289,Blue One M,Centre,3000,0,0.512222852651332,1536.6685579539962,5
11290,Blue One M,South West,3000,0,0.0021427751158020632,6.42832534740619,2
11291,Blue One M,Littoral,3000,0,0.5129959964887623,1538.9879894662868,5
11292,Blue One M,Centre,3000,1,0.3198386732682404,959.5160198047212,4
11293,Blue One M,North,3000,0,0.0012419777223345518,3.7259331670036553,1
11294,Blue One M,East,3000,0,0.5528936498062321,1658.6809494186964,6
11295,Blue One M,Centre,3000,0,0.5665459845510844,1699.6379536532531,7
11296,Blue One M,West,3000,1,0.9999992739865391,2999.9978219596173,9
11297,Blue One M,West,3000,1,0.9999990515871413,2999.997154761424,9
11298,Blue One M,North West,3000,1,0.9999991286549416,2999.997385964825,9
11299,Blue One M,North West,3000,0,0.002967581846269815,8.902745538809445,3
11300,Blue One M,Adamawa,3000,0,0.0035744772564477558,10.723431769343268,3
11301,Blue One M,North West,3000,1,0.9999991524986285,2999.9974574958856,9
11302,Blue One M,Littoral,3000,1,0.9999989279902474,2999.996783970742,9
11303,Blue One M,North,3000,1,0.9999986999654432,2999.9960998963297,8
11304,Blue One M,West,3000,1,0.9999988713063711,2999.9966139191133,8
11305,Blue One M,Centre,3000,1,0.5791560215732833,1737.4680647198497,7
11306,Blue One M,Adamawa,3000,0,0.5863580912826035,1759.0742738478107,7
11307,Blue One M,Littoral,3000,0,0.5730926183118529,1719.2778549355587,7
11308,Blue One M,West,3000,1,0.5606896132464623,1682.0688397393867,6
11309,Blue One M,Littoral,3000,1,0.5320129774488066,1596.0389323464199,6
11310,Blue One M,East,3000,0,0.0035845572228944585,10.753671668683376,3
11311,Blue One M,North West,3000,1,0.999999144139992,2999.997432419976,9
11312,Blue One M,Far North,3000,0,0.5307001973796814,1592.1005921390442,6
11313,Blue One M,South West,3000,1,0.9999986456264394,2999.995936879318,8
11314,Blue One M,Centre,3000,0,0.3970339610211046,1191.1018830633138,4
11315,Blue One M,South,3000,1,0.9999990656178745,2999.997196853624,9
11316,Blue One M,South West,3000,1,0.5219303041509673,1565.790912452902,6
11317,Blue One M,Centre,3000,1,0.9999987298097355,2999.9961894292064,8
11318,Blue One M,West,3000,0,0.0028660687397035413,8.598206219110624,3
11319,Blue One M,Littoral,3000,0,0.46972187204298443,1409.1656161289534,5
11320,Blue One L,Centre,5000,1,0.9999998375462313,4999.999187731157,10
11321,Blue One M,South West,3000,1,0.41940331754515364,1258.209952635461,4
11322,Blue One L,South,5000,0,0.001312843150430897,6.564215752154485,1
11323,Blue One M,Littoral,3000,1,0.9999990067873549,2999.9970203620646,9
11324,Blue One M,Adamawa,3000,1,0.49242529706020033,1477.275891180601,5
11325,Blue One M,South West,3000,0,0.5004043571157585,1501.2130713472754,5
11326,Blue One M,Far North,3000,1,0.4611758291267844,1383.5274873803533,5
11327,Blue One M,West,3000,1,0.5271388147126315,1581.4164441378944,6
11328,Blue One M,Centre,3000,0,0.4098711501468883,1229.6134504406648,4
11329,Blue One M,South West,3000,1,0.9999989272013947,2999.996781604184,8
11330,Blue One M,North,3000,1,0.46160608363792066,1384.818250913762,5
11331,Blue One M,Far North,3000,0,0.0030901298272609104,9.27038948178273,3
11332,Blue One M,Adamawa,3000,1,0.5968234037431127,1790.4702112293382,7
11333,Blue One M,North West,3000,1,0.5350244816697367,1605.0734450092102,6
11334,Blue One M,South,3000,1,0.9999992621598244,2999.9977864794732,9
11336,Blue One M,West,3000,1,0.5054753934870319,1516.4261804610956,5
11337,Blue One M,Littoral,3000,1,0.5185075232960543,1555.522569888163,5
11338,Blue One L,West,5000,0,0.0012470017320146461,6.23500866007323,1
11339,Blue One M,North,3000,0,0.0033333511999301285,10.000053599790386,3
11340,Blue One M,East,3000,0,0.0036680800108923454,11.004240032677036,3
11341,Blue One M,East,3000,1,0.5586872445684847,1676.0617337054541,6
11342,Blue One M,Littoral,3000,0,0.24636335401738726,739.0900620521618,3
11343,Blue One M,North West,3000,1,0.9999988357533417,2999.9965072600253,8
11344,Blue One M,East,3000,0,0.5536573504034156,1660.9720512102467,6
11346,Blue One L,South,5000,0,0.5658849871015709,2829.4249355078546,7
11347,Blue One M,Adamawa,3000,0,0.00379864611061662,11.39593833184986,3
11348,Blue One M,East,3000,1,0.589589814197088,1768.769442591264,7
11349,Blue One M,Centre,3000,1,0.9999989685601942,2999.9969056805826,9
11350,Blue One M,North West,3000,0,0.5045093868199177,1513.5281604597533,5
11352,Blue One M,Centre,3000,1,0.9999994075940543,2999.998222782163,10
11353,Blue One M,North,3000,0,0.0004927270815867799,1.4781812447603395,1
11355,Blue One M,East,3000,1,0.9999993417159961,2999.9980251479883,9
11356,Blue One M,North West,3000,1,0.9999991471206224,2999.9974413618675,9
11357,Blue One M,North West,3000,0,0.0014421396415718582,4.326418924715575,2
11358,Blue One M,East,3000,1,0.999999243207497,2999.997729622491,9
11359,Blue One M,Adamawa,3000,0,0.5070911822308968,1521.2735466926904,5
11360,Blue One M,West,3000,1,0.9999991808609092,2999.997542582728,9
11364,Blue One M,South,3000,1,0.2963163571972363,888.949071591709,3
11365,Blue One M,West,3000,1,0.9999993137111807,2999.997941133542,9
11366,Blue One M,Littoral,3000,0,0.2487017750567032,746.1053251701096,3
11370,Blue One M,West,3000,0,0.0004421737345333594,1.3265212036000782,1
11371,Blue One S,North,2000,0,0.00017141685913183954,0.3428337182636791,1
11372,Blue One M,North West,3000,0,0.5158435628046428,1547.5306884139286,5
11373,Blue One M,North,3000,0,0.0015381743303908688,4.614522991172606,2
11374,Blue One M,Adamawa,3000,1,0.9999994836853755,2999.9984510561267,10
11375,Blue One M,Centre,3000,0,0.5625901677384004,1687.7705032152012,7
11376,Blue One M,South,3000,1,0.9999994280728022,2999.9982842184068,10
11378,Blue One M,Centre,3000,0,0.43097095001072133,1292.912850032164,4
11379,Blue One M,Centre,3000,0,0.5066204459827313,1519.8613379481937,5
11380,Blue One L,Centre,5000,1,0.5937824293523094,2968.912146761547,7
11381,Blue One L,South,5000,1,0.6052428858140135,3026.2144290700676,8
11382,Blue One M,West,3000,0,0.5289509836991262,1586.8529510973785,6
11383,Blue One M,South,3000,0,0.5065419969659833,1519.62599089795,5
11384,Blue One M,Far North,3000,1,0.5818493918587857,1745.5481755763572,7
11385,Blue One M,East,3000,0,0.003622482142934933,10.867446428804799,3
11386,Blue One L,Littoral,5000,1,0.5354660798154882,2677.330399077441,6
11387,Blue One M,North West,3000,1,0.5929174127782897,1778.7522383348692,7
11388,Blue One M,South West,3000,0,0.0026574132853930113,7.9722398561790335,3
11389,Blue One L,South West,5000,1,0.9999998315452017,4999.999157726008,10
11390,Blue One L,Adamawa,5000,1,0.5922454488958324,2961.227244479162,7
11391,Blue One M,Littoral,3000,1,0.4812710832880017,1443.8132498640052,5
11392,Blue One M,Far North,3000,0,0.0031059759241603736,9.31792777248112,3
11393,Blue One M,Adamawa,3000,1,0.5360015464481951,1608.0046393445853,6
11394,Blue One M,North West,3000,0,0.5636358307724284,1690.9074923172852,7
11395,Blue One M,North,3000,1,0.999998650001368,2999.995950004104,8
11396,Blue One M,Littoral,3000,0,0.47626660414513267,1428.799812435398,5
11397,Blue One M,Far North,3000,1,0.5348920352447832,1604.6761057343497,6
11398,Blue One M,South West,3000,0,0.49687949577889395,1490.638487336682,5
11399,Blue One M,Littoral,3000,1,0.513107709145756,1539.3231274372679,5
11400,Blue One M,East,3000,0,0.0018435251392107126,5.530575417632138,2
11401,Blue One M,Centre,3000,1,0.9999988185332106,2999.9964555996316,8
11402,Blue One M,Centre,3000,0,0.5265543216462992,1579.6629649388976,6
11403,Blue One M,Centre,3000,1,0.5576678005103044,1673.0034015309132,6
11404,Blue One M,North West,3000,0,0.003292750514776923,9.87825154433077,3
11405,Blue One M,Adamawa,3000,1,0.5475216946062863,1642.565083818859,6
11406,Blue One M,Adamawa,3000,1,0.9999989427102166,2999.9968281306496,9
11407,Blue One M,South West,3000,1,0.49620665022845656,1488.6199506853698,5
11408,Blue One M,Far North,3000,0,0.0030659769864646485,9.197930959393945,3
11409,Blue One M,South West,3000,0,0.46415719850448445,1392.4715955134534,5
11410,Blue One M,North,3000,1,0.5050367911134337,1515.110373340301,5
11411,Blue One M,East,3000,1,0.9999991346908712,2999.997404072614,9
11412,Blue One M,North,3000,1,0.5119241740186212,1535.7725220558636,5
11413,Blue One M,Far North,3000,1,0.999999111214415,2999.997333643245,9
11414,Blue One M,Far North,3000,1,0.4911254080888896,1473.3762242666687,5
11415,Blue One M,Adamawa,3000,1,0.5320842816273748,1596.2528448821242,6
11416,Blue One M,Centre,3000,1,0.5339994083217289,1601.9982249651866,6
11417,Blue One M,Littoral,3000,1,0.9999986942400193,2999.996082720058,8
11418,Blue One M,Centre,3000,0,0.5090734295710594,1527.2202887131782,5
11419,Blue One M,South West,3000,1,0.5603740440827061,1681.1221322481183,6
11420,Blue One M,Littoral,3000,0,0.001573369059601755,4.720107178805265,2
11421,Blue One M,West,3000,0,0.0031707252546801464,9.512175764040439,3
11422,Blue One M,South,3000,1,0.999998933268298,2999.996799804894,9
11423,Blue One M,North West,3000,1,0.9999989402392506,2999.9968207177517,9
11424,Blue One M,West,3000,1,0.9999987457856915,2999.9962373570743,8
11425,Blue One M,Adamawa,3000,0,0.0031811553087047464,9.543465926114239,3
11426,Blue One M,East,3000,1,0.6068122201793457,1820.436660538037,8
11427,Blue One M,Littoral,3000,1,0.9999986174552903,2999.9958523658706,8
11428,Blue One M,South,3000,1,0.9999989979452664,2999.996993835799,9
11429,Blue One M,North,3000,0,0.0025776604198718966,7.7329812596156895,2
11430,Blue One M,South West,3000,0,0.2473937258883308,742.1811776649924,3
11431,Blue One M,Far North,3000,0,0.453757417704849,1361.272253114547,4
11433,Blue One M,West,3000,1,0.9999992049830658,2999.9976149491977,9
11434,Blue One M,Littoral,3000,0,0.4758934208048944,1427.680262414683,5
11435,Blue One M,South,3000,0,0.001581141585936777,4.743424757810331,2
11436,Blue One M,East,3000,1,0.5112216148228127,1533.664844468438,5
11437,Blue One M,West,3000,1,0.42642966124937604,1279.2889837481282,4
11438,Blue One M,East,3000,1,0.4568995286295288,1370.6985858885864,4
11439,Blue One M,North,3000,0,0.0012361213308151621,3.7083639924454865,1
11440,Blue One M,Centre,3000,0,0.0012958339295471243,3.887501788641373,1
11441,Blue One M,Littoral,3000,1,0.45610471432438476,1368.3141429731543,4
11442,Blue One M,Centre,3000,1,0.3243090705250109,972.9272115750327,4
11443,Blue One M,South,3000,0,0.0016627220194384154,4.9881660583152465,2
11444,Blue One M,West,3000,0,0.4656410135737047,1396.9230407211141,5
11445,Blue One M,South,3000,0,0.2993585060777642,898.0755182332927,3
11446,Blue One M,Adamawa,3000,1,0.4929129445966647,1478.738833789994,5
11447,Blue One M,South West,3000,0,0.39868764537432966,1196.062936122989,4
11448,Blue One M,South West,3000,1,0.9999991591871722,2999.9974775615165,9
11449,Blue One M,North,3000,1,0.9999991592275347,2999.997477682604,9
11450,Blue One M,North,3000,0,0.45399444644050735,1361.983339321522,4
11451,Blue One M,South West,3000,0,0.23958771623568678,718.7631487070604,3
11452,Blue One M,West,3000,0,0.0012813476389126272,3.8440429167378816,1
11453,Blue One M,East,3000,0,0.25602389968041855,768.0716990412557,3
11454,Blue One M,Far North,3000,0,0.001610196292153776,4.830588876461328,2
11455,Blue One M,North West,3000,1,0.999999341760368,2999.9980252811038,9
11456,Blue One M,West,3000,0,0.0013097739563389039,3.9293218690167118,1
11462,Blue One M,Far North,3000,0,0.4501381506651982,1350.4144519955946,4
11463,Blue One M,Adamawa,3000,0,0.46099714736654196,1382.9914420996258,5
11464,Blue One M,East,3000,1,0.9999989725561922,2999.9969176685768,9
11465,Blue One M,South,3000,1,0.9999989399952603,2999.9968199857813,9
11466,Blue One M,Adamawa,3000,1,0.5787254361004738,1736.1763083014214,7
11467,Blue One M,West,3000,0,0.578245377333912,1734.736132001736,7
11468,Blue One M,West,3000,1,0.9999987334775671,2999.9962004327012,8
11469,Blue One M,Adamawa,3000,0,0.255874357255968,767.6230717679041,3
11470,Blue One M,South West,3000,0,0.5156741085993504,1547.022325798051,5
11471,Blue One M,South West,3000,1,0.5173290327952778,1551.9870983858332,5
11472,Blue One M,North West,3000,0,0.45661976056797343,1369.8592817039203,4
11473,Blue One M,North,3000,0,0.50199787716193,1505.99363148579,5
11474,Blue One M,North,3000,1,0.9999986711516037,2999.996013454811,8
11475,Blue One M,North West,3000,1,0.5346401207981208,1603.9203623943624,6
11476,Blue One M,North West,3000,1,0.9999989212776096,2999.996763832829,8
11477,Blue One M,North,3000,1,0.9999990434872957,2999.997130461887,9
11478,Blue One M,South West,3000,0,0.4980503671431983,1494.1511014295947,5
11479,Blue One M,Adamawa,3000,0,0.00292976528910811,8.789295867324329,3
11480,Blue One M,South,3000,0,0.41513131482317256,1245.3939444695177,4
11481,Blue One M,Centre,3000,1,0.9999992154465189,2999.997646339557,9
11482,Blue One M,North,3000,1,0.9999991015564939,2999.9973046694818,9
11485,Blue One M,South,3000,0,0.001709598763905719,5.128796291717157,2
11486,Blue One M,South,3000,0,0.5769653419764211,1730.8960259292635,7
11487,Blue One M,South West,3000,1,0.5625943578025477,1687.7830734076433,7
11488,Blue One M,North West,3000,1,0.9999991254765613,2999.997376429684,9
11489,Blue One M,South West,3000,1,0.5665501659168577,1699.650497750573,7
11490,Blue One M,South,3000,0,0.5786057753001234,1735.8173259003702,7
11491,Blue One M,East,3000,1,0.5915048386353569,1774.5145159060705,7
11492,Blue One M,Adamawa,3000,0,0.5858866767628049,1757.6600302884149,7
11493,Blue One M,South West,3000,1,0.5119873375303581,1535.9620125910742,5
11494,Blue One M,South West,3000,1,0.5498496125918803,1649.5488377756408,6
11495,Blue One M,North West,3000,0,0.0039101864542369,11.7305593627107,3
11496,Blue One M,East,3000,0,0.0036280626707429027,10.884188012228709,3
11497,Blue One M,West,3000,1,0.9999990259204783,2999.997077761435,9
11498,Blue One M,Centre,3000,1,0.4374211359237603,1312.263407771281,4
11499,Blue One M,South West,3000,0,0.0029796926179660316,8.939077853898095,3
11500,Blue One M,North,3000,0,0.0030021189184740757,9.006356755422226,3
11501,Blue One M,West,3000,1,0.533937977671737,1601.813933015211,6
11502,Blue One M,South,3000,0,0.4108320789359581,1232.4962368078743,4
11503,Blue One M,Adamawa,3000,1,0.9999988511298793,2999.996553389638,8
11504,Blue One M,North,3000,1,0.5253842429590224,1576.1527288770671,6
11505,Blue One M,Littoral,3000,0,0.0027531063462882814,8.259319038864843,3
11506,Blue One M,North West,3000,1,0.5563691144034819,1669.1073432104458,6
11507,Blue One M,Centre,3000,0,0.30371618970857706,911.1485691257311,3
11508,Blue One M,South West,3000,1,0.4965806701604483,1489.742010481345,5
11509,Blue One M,Far North,3000,0,0.0029121330161943583,8.736399048583074,3
11510,Blue One M,West,3000,0,0.5069570996947906,1520.871299084372,5
11511,Blue One M,North,3000,1,0.9999986689671676,2999.996006901503,8
11512,Blue One M,South,3000,0,0.4768142410102337,1430.442723030701,5
11513,Blue One M,North,3000,0,0.5176394924521981,1552.9184773565942,5
11514,Blue One M,East,3000,0,0.0031047964847744536,9.314389454323361,3
11515,Blue One M,South West,3000,0,0.001546540004390174,4.639620013170522,2
11516,Blue One M,South,3000,0,0.0015841351943460126,4.752405583038038,2
11517,Blue One M,East,3000,0,0.002930895649788831,8.792686949366493,3
11518,Blue One M,Adamawa,3000,1,0.4944820272561719,1483.4460817685158,5
11519,Blue One M,Centre,3000,0,0.0005346571763809076,1.6039715291427228,1
11520,Blue One M,North,3000,0,0.46246643563574513,1387.3993069072353,5
11521,Blue One M,Far North,3000,0,0.4953535040889088,1486.0605122667264,5
11522,Blue One M,North,3000,0,0.5175400228215108,1552.6200684645323,5
11523,Blue One M,South West,3000,0,0.5141061683820839,1542.3185051462517,5
11524,Blue One M,East,3000,1,0.9999988801606857,2999.996640482057,8
11525,Blue One M,West,3000,1,0.4683814563720703,1405.1443691162108,5
11526,Blue One M,Adamawa,3000,1,0.9999993151609103,2999.997945482731,9
11527,Blue One M,South,3000,0,0.48966477367455985,1468.9943210236795,5
11528,Blue One M,Far North,3000,0,0.29212527307434205,876.3758192230262,3
11529,Blue One M,East,3000,0,0.4975423556742571,1492.6270670227714,5
11530,Blue One M,Centre,3000,1,0.3974038756671938,1192.2116270015815,4
11531,Blue One M,Far North,3000,0,0.49075149155038417,1472.2544746511526,5
11532,Blue One M,West,3000,1,0.9999992648142317,2999.997794442695,9
11533,Blue One M,North West,3000,1,0.9999992928927586,2999.997878678276,9
11534,Blue One M,Adamawa,3000,1,0.9999992639895255,2999.9977919685766,9
11535,Blue One M,Adamawa,3000,0,0.001432477536516637,4.297432609549911,2
11536,Blue One M,West,3000,0,0.0015942789820943242,4.7828369462829725,2
11537,Blue One M,South,3000,0,0.0015400806172487262,4.6202418517461785,2
11538,Blue One M,Adamawa,3000,0,0.0017138414972359636,5.141524491707891,2
11539,Blue One M,Adamawa,3000,1,0.4633497961359512,1390.0493884078535,5
11540,Blue One M,Littoral,3000,1,0.9999993083830918,2999.9979251492755,9
11541,Blue One M,South West,3000,1,0.9999991912944256,2999.997573883277,9
11542,Blue One M,Littoral,3000,1,0.38594557913458577,1157.8367374037573,4
11543,Blue One M,Adamawa,3000,1,0.45719901386559825,1371.5970415967947,4
11544,Blue One M,North,3000,1,0.4675906220036272,1402.7718660108817,5
11545,Blue One M,Adamawa,3000,0,0.0012379088126569053,3.713726437970716,1
11546,Blue One M,North West,3000,0,0.2977685523347637,893.305657004291,3
11547,Blue One L,West,5000,1,0.5404242661248625,2702.1213306243126,6
11548,Blue One L,South,5000,1,0.559694731011371,2798.473655056855,6
11549,Blue One L,Centre,5000,0,0.001279203957422592,6.39601978711296,1
11550,Blue One L,Far North,5000,1,0.9999998486529718,4999.999243264859,10
11551,Blue One L,North,5000,1,0.5384408938122125,2692.2044690610624,6
11552,Blue One M,East,3000,0,0.003977829654438138,11.933488963314414,3
11553,Blue One L,West,5000,0,0.0011976809467904557,5.988404733952279,1
11554,Blue One L,West,5000,0,0.0013211876875496467,6.605938437748233,1
11555,Blue One M,East,3000,0,0.5438940583675215,1631.6821751025643,6
11556,Blue One M,North West,3000,1,0.5974547502307398,1792.3642506922195,7
11557,Blue One M,Far North,3000,0,0.27595462876659915,827.8638862997975,3
11558,Blue One M,South,3000,1,0.999998785635689,2999.996356907067,8
11559,Blue One L,Adamawa,5000,0,0.0013253691266421589,6.626845633210794,1
11560,Blue One L,North,5000,1,0.5482118734496549,2741.0593672482746,6
11561,Blue One M,East,3000,1,0.5933935487927412,1780.1806463782236,7
11562,Blue One M,North West,3000,1,0.5588517762474644,1676.5553287423932,6
11563,Blue One M,Adamawa,3000,1,0.9999990751732823,2999.9972255198472,9
11564,Blue One M,Far North,3000,1,0.5860492976188346,1758.1478928565039,7
11565,Blue One M,North West,3000,1,0.5676775423074469,1703.0326269223408,7
11566,Blue One M,North,3000,1,0.5740699876625267,1722.2099629875802,7
11567,Blue One M,Far North,3000,0,0.546144323944855,1638.432971834565,6
11568,Blue One M,Adamawa,3000,0,0.496063413804757,1488.190241414271,5
11569,Blue One M,South,3000,1,0.9999989197387323,2999.996759216197,8
11570,Blue One M,Far North,3000,1,0.6071649866921274,1821.494960076382,8
11571,Blue One M,Far North,3000,0,0.0037554274105026926,11.266282231508077,3
11572,Blue One M,Adamawa,3000,1,0.5833097889580906,1749.9293668742719,7
11573,Blue One M,North,3000,1,0.5479246279103513,1643.773883731054,6
11574,Blue One M,East,3000,0,0.0028728086586566406,8.618425975969922,3
11575,Blue One M,Centre,3000,0,0.0031865020380315305,9.559506114094592,3
11576,Blue One M,Centre,3000,1,0.5160435192134617,1548.1305576403852,5
11577,Blue One M,Centre,3000,0,0.0016403654774304536,4.921096432291361,2
11578,Blue One M,Far North,3000,0,0.0028817636341555543,8.645290902466662,3
11579,Blue One M,Littoral,3000,0,0.0027114313866156113,8.134294159846833,3
11580,Blue One M,Adamawa,3000,1,0.9999993255557934,2999.99797666738,9
11581,Blue One M,East,3000,0,0.48733218503361514,1461.9965551008454,5
11582,Blue One M,West,3000,1,0.5085138630845024,1525.5415892535073,5
11583,Blue One M,South West,3000,0,0.5055227597114823,1516.5682791344468,5
11584,Blue One M,South West,3000,1,0.5172417403036855,1551.7252209110566,5
11585,Blue One M,East,3000,0,0.0031292541739603172,9.387762521880951,3
11586,Blue One M,South West,3000,1,0.9999987574940665,2999.9962724821994,8
11587,Blue One M,Adamawa,3000,0,0.002887577345013291,8.662732035039873,3
11588,Blue One M,Far North,3000,1,0.5388061683551862,1616.4185050655587,6
11589,Blue One M,North,3000,0,0.0025324653399037508,7.597396019711252,2
11590,Blue One M,Centre,3000,1,0.9999990199812027,2999.997059943608,9
11591,Blue One M,East,3000,1,0.34964231942862467,1048.926958285874,4
11592,Blue One M,Far North,3000,0,0.5112050811947992,1533.6152435843976,5
11593,Blue One M,Littoral,3000,1,0.9999992408658566,2999.99772259757,9
11594,Blue One M,Littoral,3000,1,0.999999390837019,2999.998172511057,10
11595,Blue One M,Centre,3000,0,0.0016028617317877846,4.808585195363354,2
11599,Blue One M,North,3000,0,0.4551556836231587,1365.4670508694762,4
11600,Blue One M,North West,3000,1,0.999999304734585,2999.997914203755,9
11601,Blue One M,Littoral,3000,0,0.00153923069590915,4.61769208772745,2
11602,Blue One M,West,3000,1,0.4838941174487562,1451.6823523462685,5
11603,Blue One M,South,3000,0,0.3162909240615014,948.8727721845041,4
11604,Blue One M,Far North,3000,0,0.43955570850038184,1318.6671255011456,4
11605,Blue One M,East,3000,0,0.5123045197567652,1536.9135592702955,5
11606,Blue One M,Centre,3000,0,0.47857032140384037,1435.710964211521,5
11607,Blue One M,South,3000,0,0.00156876462570645,4.70629387711935,2
11608,Blue One M,West,3000,1,0.9999992332803643,2999.997699841093,9
11609,Blue One M,Littoral,3000,0,0.0003980584049025349,1.1941752147076048,1
11610,Blue One M,Littoral,3000,0,0.2509801009417881,752.9403028253643,3
11611,Blue One M,North West,3000,1,0.5536620617760933,1660.98618532828,6
11612,Blue One M,Far North,3000,0,0.0005408418672707432,1.6225256018122296,1
11613,Blue One M,North,3000,1,0.9999991771706778,2999.997531512033,9
11614,Blue One S,North,2000,0,0.17878781574146554,357.5756314829311,3
11615,Blue One M,Adamawa,3000,1,0.2603432307375299,781.0296922125897,3
11616,Blue One M,North West,3000,0,0.5134915929563328,1540.4747788689986,5
11617,Blue One M,East,3000,1,0.9999993655489412,2999.998096646824,9
11618,Blue One L,Far North,5000,1,0.9999998505557867,4999.999252778934,10
11619,Blue One M,North West,3000,1,0.9999991485199575,2999.9974455598726,9
11620,Blue One M,North West,3000,1,0.58807463354393,1764.22390063179,7
11621,Blue One M,South West,3000,0,0.5521791032892513,1656.537309867754,6
11622,Blue One M,Centre,3000,0,0.5343959757628067,1603.1879272884203,6
11623,Blue One L,Littoral,5000,1,0.9999998281269791,4999.999140634895,10
11624,Blue One M,Littoral,3000,0,0.0013188665497842168,3.9565996493526505,1
11626,Blue One M,Adamawa,3000,0,0.0005406685349030101,1.6220056047090303,1
11627,Blue One M,East,3000,1,0.4260015962010883,1278.0047886032648,4
11629,Blue One M,Adamawa,3000,0,0.34589352014990477,1037.6805604497142,4
11630,Blue One M,East,3000,0,0.4485125075938016,1345.537522781405,4
11631,Blue One M,Adamawa,3000,1,0.9999991202282379,2999.997360684714,9
11632,Blue One M,Far North,3000,1,0.9999991249685517,2999.9973749056553,9
11633,Blue One M,North West,3000,1,0.3885925581492552,1165.7776744477655,4
11634,Blue One M,Far North,3000,0,0.45688310964510087,1370.6493289353027,4
11635,Blue One M,South,3000,1,0.30422956066856094,912.6886820056828,4
11636,Blue One M,North West,3000,0,0.3366334896176506,1009.9004688529518,4
11637,Blue One M,North,3000,1,0.40872472042573127,1226.174161277194,4
11638,Blue One M,South West,3000,0,0.001202095361757176,3.6062860852715275,1
11639,Blue One M,Far North,3000,1,0.9999990917447776,2999.997275234333,9
11640,Blue One M,East,3000,0,0.0005575015690468646,1.6725047071405938,1
11641,Blue One M,East,3000,1,0.9999994352538383,2999.998305761515,10
11646,Blue One M,North,3000,0,0.2538115444702905,761.4346334108715,3
11647,Blue One M,Far North,3000,0,0.00037622477033264526,1.1286743109979358,1
11648,Blue One M,South,3000,0,0.0003579068298462212,1.0737204895386636,1
11649,Blue One M,East,3000,1,0.9999993120780925,2999.9979362342774,9
11651,Blue One M,South,3000,0,0.0012727479263241264,3.8182437789723793,1
11652,Blue One M,Littoral,3000,0,0.4198854670567458,1259.6564011702374,4
11653,Blue One M,South West,3000,0,0.22643590499586477,679.3077149875943,3
11654,Blue One M,Far North,3000,1,0.32925191761836087,987.7557528550826,4
11655,Blue One M,West,3000,0,0.41057079242579225,1231.7123772773768,4
11656,Blue One M,South,3000,0,0.3069405272581567,920.82158177447,4
11657,Blue One M,South,3000,0,0.000526171421777774,1.5785142653333222,1
11658,Blue One M,North,3000,0,0.3066663372993959,919.9990118981877,4
11659,Blue One M,South West,3000,0,0.00047328616401232874,1.419858492036986,1
11660,Blue One M,North,3000,1,0.9999989737034815,2999.9969211104444,9
11661,Blue One M,South West,3000,1,0.4761824892834716,1428.547467850415,5
11662,Blue One M,North,3000,0,0.314742837958356,944.228513875068,4
11663,Blue One M,Far North,3000,0,0.5122757992283309,1536.8273976849925,5
11664,Blue One M,North West,3000,1,0.9999993420225397,2999.9980260676193,9
11665,Blue One M,Far North,3000,0,0.5126739824825788,1538.0219474477362,5
11666,Blue One M,South West,3000,0,0.41432538912309197,1242.9761673692758,4
11667,Blue One M,East,3000,0,0.0016039731543429105,4.811919463028731,2
11668,Blue One M,North,3000,1,0.2936132204792206,880.8396614376619,3
11669,Blue One M,East,3000,0,0.4754836413891394,1426.4509241674182,5
11670,Blue One M,South,3000,0,0.0013505455840334508,4.051636752100352,1
11671,Blue One M,West,3000,0,0.0011181377273964328,3.3544131821892984,1
11672,Blue One M,North West,3000,0,0.0005869807883934967,1.76094236518049,1
11673,Blue One M,South,3000,1,0.29313712565860767,879.411376975823,3
11674,Blue One M,Centre,3000,0,0.3070554662433903,921.166398730171,4
11675,Blue One M,South West,3000,1,0.9999994186841041,2999.9982560523126,10
11676,Blue One M,Far North,3000,0,0.0005643208783183769,1.6929626349551308,1
11678,Blue One M,Centre,3000,0,0.0013729209904308013,4.118762971292404,1
11679,Blue One M,Far North,3000,1,0.9999993550622979,2999.9980651868937,9
11680,Blue One M,North West,3000,0,0.2784970678547534,835.4912035642602,3
11681,Blue One M,East,3000,1,0.2551262332522389,765.3786997567166,3
11682,Blue One M,South West,3000,0,0.25307625808655293,759.2287742596587,3
11683,Blue One M,Littoral,3000,1,0.9999993927756033,2999.99817832681,10
11684,Blue One M,Centre,3000,0,0.272118928758141,816.3567862744229,3
11685,Blue One M,Far North,3000,0,0.29006638000748797,870.1991400224639,3
11686,Blue One M,South West,3000,1,0.30307706101086657,909.2311830325997,3
11687,Blue One M,Adamawa,3000,0,0.0004261410716324344,1.2784232148973032,1
11700,Blue One M,East,3000,1,0.9999992766612714,2999.9978299838144,9
11701,Blue One M,West,3000,0,0.2677310810591078,803.1932431773234,3
11702,Blue One M,Far North,3000,0,0.28061707251632306,841.8512175489692,3
11703,Blue One M,South,3000,0,0.003366595821610709,10.099787464832128,3
11704,Blue One M,West,3000,1,0.5567101285451918,1670.1303856355753,6
11705,Blue One M,Littoral,3000,1,0.9999987796867048,2999.996339060114,8
11706,Blue One M,Littoral,3000,1,0.5631794785055751,1689.5384355167255,7
11707,Blue One M,South West,3000,1,0.5479248207137418,1643.7744621412255,6
11708,Blue One M,South,3000,0,0.567844579822714,1703.533739468142,7
11709,Blue One M,North West,3000,0,0.5597722689005209,1679.3168067015627,6
11710,Blue One M,Centre,3000,0,0.4827739813477759,1448.3219440433277,5
11711,Blue One M,North,3000,1,0.5175400228215108,1552.6200684645323,5
11712,Blue One M,East,3000,1,0.5431153323077823,1629.345996923347,6
11713,Blue One M,West,3000,1,0.9999987531983534,2999.99625959506,8
11714,Blue One M,Adamawa,3000,0,0.0029329738723249963,8.798921616974988,3
11715,Blue One M,Far North,3000,1,0.5283544112657761,1585.0632337973282,6
11716,Blue One M,Far North,3000,1,0.4583139562049121,1374.9418686147362,4
11717,Blue One M,East,3000,1,0.999999241963438,2999.997725890314,9
11718,Blue One M,North West,3000,1,0.5143751655824961,1543.1254967474881,5
11719,Blue One M,North,3000,1,0.41213649028448823,1236.4094708534647,4
11720,Blue One M,North,3000,1,0.9999986726743461,2999.9960180230382,8
11721,Blue One M,Centre,3000,0,0.4695222605091994,1408.566781527598,5
11722,Blue One M,West,3000,0,0.0026664058614052537,7.999217584215761,3
11723,Blue One M,Far North,3000,0,0.002881623459374135,8.644870378122405,3
11724,Blue One M,Centre,3000,1,0.5106421515698695,1531.9264547096084,5
11725,Blue One M,Littoral,3000,0,0.0015489083369737244,4.646725010921173,2
11726,Blue One M,North West,3000,1,0.9999989468195017,2999.996840458505,9
11727,Blue One M,Centre,3000,1,0.5328215935229693,1598.464780568908,6
11728,Blue One M,Far North,3000,1,0.5346067772954222,1603.8203318862666,6
11729,Blue One M,South West,3000,0,0.4993330484874995,1497.9991454624985,5
11730,Blue One M,Centre,3000,0,0.0028432326083713028,8.529697825113908,3
11731,Blue One M,Far North,3000,0,0.5439082027889103,1631.7246083667308,6
11732,Blue One M,West,3000,1,0.9999987433459938,2999.9962300379816,8
11733,Blue One M,Centre,3000,0,0.4878759692567989,1463.6279077703966,5
11734,Blue One M,South West,3000,1,0.4683479703439415,1405.0439110318246,5
11735,Blue One M,Centre,3000,0,0.00279158238793596,8.37474716380788,3
11736,Blue One M,East,3000,1,0.5552201303610992,1665.6603910832976,6
11737,Blue One M,Adamawa,3000,0,0.43105170370842766,1293.155111125283,4
11738,Blue One M,West,3000,1,0.9999988232947894,2999.9964698843683,8
11739,Blue One M,North West,3000,0,0.6001410210929136,1800.4230632787408,8
11740,Blue One M,Adamawa,3000,1,0.9999988403176158,2999.9965209528473,8
11741,Blue One M,West,3000,1,0.9999992682851969,2999.997804855591,9
11742,Blue One M,East,3000,1,0.999998835731145,2999.996507193435,8
11743,Blue One M,South West,3000,1,0.9999990651126995,2999.9971953380987,9
11744,Blue One M,West,3000,0,0.4737564212352048,1421.2692637056143,5
11745,Blue One M,North,3000,0,0.49611906385297855,1488.3571915589357,5
11746,Blue One M,South West,3000,0,0.0024218164912313306,7.265449473693992,2
11747,Blue One M,South West,3000,0,0.4620650250392488,1386.1950751177465,5
11748,Blue One M,South,3000,0,0.002579951881277167,7.739855643831501,2
11749,Blue One M,South West,3000,1,0.5455793170273686,1636.7379510821058,6
11750,Blue One M,North West,3000,0,0.0030097395160554007,9.029218548166202,3
11751,Blue One M,South West,3000,0,0.0025333505372489382,7.600051611746815,2
11752,Blue One M,Far North,3000,1,0.9999988410946882,2999.9965232840646,8
11753,Blue One M,Far North,3000,1,0.999998833796981,2999.9965013909427,8
11754,Blue One M,Centre,3000,0,0.48856738171708614,1465.7021451512585,5
11755,Blue One M,Far North,3000,0,0.003479136311658188,10.437408934974563,3
11756,Blue One M,South West,3000,1,0.5610370031434477,1683.1110094303433,6
11757,Blue One M,North,3000,1,0.5474311321646975,1642.2933964940926,6
11758,Blue One M,South,3000,1,0.9999989466284152,2999.9968398852457,9
11759,Blue One M,South West,3000,1,0.5088535919998189,1526.5607759994568,5
11760,Blue One M,Far North,3000,1,0.5818493918587857,1745.5481755763572,7
11761,Blue One M,Adamawa,3000,0,0.6002348555499561,1800.7045666498684,8
11762,Blue One M,Far North,3000,0,0.5826246977637577,1747.874093291273,7
11763,Blue One M,West,3000,0,0.003337859964324085,10.013579892972254,3
11764,Blue One M,South,3000,1,0.9999987671672674,2999.9963015018025,8
11765,Blue One M,North,3000,1,0.5657051476493635,1697.1154429480905,7
11766,Blue One M,Adamawa,3000,1,0.9999990516575258,2999.9971549725774,9
11767,Blue One M,West,3000,1,0.9999987648831247,2999.996294649374,8
11768,Blue One M,North West,3000,0,0.5594656567463843,1678.3969702391528,6
11769,Blue One M,South,3000,0,0.5296291708792197,1588.887512637659,6
11770,Blue One M,Littoral,3000,0,0.4404860500597076,1321.4581501791229,4
11771,Blue One M,Littoral,3000,0,0.4766519833253614,1429.9559499760842,5
11772,Blue One M,Centre,3000,1,0.4809204540757676,1442.761362227303,5
11773,Blue One M,North,3000,0,0.0025286887795462325,7.586066338638697,2
11774,Blue One M,Littoral,3000,1,0.4965897742203256,1489.7693226609767,5
11775,Blue One M,Centre,3000,1,0.5027970633979106,1508.391190193732,5
11776,Blue One M,North West,3000,0,0.002907897603817985,8.723692811453956,3
11777,Blue One M,South,3000,1,0.99999877609936,2999.9963282980802,8
11778,Blue One M,West,3000,1,0.470923373249938,1412.770119749814,5
11779,Blue One M,North,3000,0,0.4768780284068814,1430.6340852206442,5
11780,Blue One M,East,3000,1,0.9999993522870404,2999.9980568611213,9
11781,Blue One M,South,3000,0,0.5002650371117007,1500.795111335102,5
11782,Blue One M,Adamawa,3000,1,0.999999326596965,2999.997979790895,9
11783,Blue One M,Adamawa,3000,0,0.0019113633821911831,5.734090146573549,2
11784,Blue One M,South West,3000,0,0.4540692047654231,1362.2076142962694,4
11785,Blue One M,South West,3000,1,0.9999992321654956,2999.9976964964867,9
11786,Blue One M,Centre,3000,0,0.40948572045999226,1228.4571613799767,4
11787,Blue One M,Centre,3000,0,0.41749562994786205,1252.4868898435861,4
11788,Blue One M,South,3000,0,0.0015256692978214824,4.577007893464447,2
11789,Blue One M,South,3000,1,0.9999991961671608,2999.9975885014824,9
11790,Blue One M,Far North,3000,1,0.4359993678112847,1307.998103433854,4
11791,Blue One M,South,3000,1,0.4775100559079865,1432.5301677239595,5
11792,Blue One M,Centre,3000,1,0.5078154902049619,1523.4464706148856,5
11793,Blue One M,Centre,3000,0,0.0016691266131007218,5.007379839302166,2
11794,Blue One M,Centre,3000,1,0.9999987137624176,2999.9961412872526,8
11795,Blue One M,South,3000,0,0.5022327868847268,1506.6983606541805,5
11796,Blue One M,Adamawa,3000,1,0.9999992953842369,2999.9978861527106,9
11797,Blue One M,Adamawa,3000,0,0.5459660785384218,1637.8982356152655,6
11798,Blue One M,North West,3000,1,0.9999993438231225,2999.9980314693676,9
11799,Blue One M,North,3000,0,0.0015333614737269635,4.600084421180891,2
11800,Blue One M,Centre,3000,0,0.48680534730261177,1460.4160419078353,5
11801,Blue One M,East,3000,1,0.9999992828035543,2999.9978484106628,9
11802,Blue One M,North,3000,1,0.5660966574878158,1698.2899724634474,7
11803,Blue One M,West,3000,1,0.9999990140551265,2999.9970421653793,9
11804,Blue One M,Littoral,3000,1,0.5653846248387596,1696.1538745162788,7
11805,Blue One M,Littoral,3000,1,0.5446003404043834,1633.8010212131503,6
11806,Blue One M,East,3000,1,0.34678184707187704,1040.345541215631,4
11807,Blue One M,Centre,3000,0,0.002849024682798539,8.547074048395617,3
11808,Blue One M,Adamawa,3000,1,0.5968234037431127,1790.4702112293382,7
11809,Blue One M,Adamawa,3000,0,0.003717879553391336,11.153638660174009,3
11810,Blue One M,Adamawa,3000,1,0.9999991133623051,2999.9973400869153,9
11811,Blue One M,East,3000,0,0.0032438147854768275,9.731444356430483,3
11812,Blue One M,West,3000,1,0.44840076195570794,1345.202285867124,4
11813,Blue One M,West,3000,1,0.9999988218873712,2999.9964656621137,8
11814,Blue One M,North,3000,0,0.002541539489386777,7.624618468160331,2
11815,Blue One M,West,3000,0,0.5296337060646739,1588.9011181940216,6
11816,Blue One M,Adamawa,3000,1,0.549581636745929,1648.7449102377868,6
11817,Blue One M,West,3000,1,0.5293359068503788,1588.0077205511363,6
11818,Blue One M,Centre,3000,0,0.0028211413206263485,8.463423961879046,3
11819,Blue One M,Centre,3000,1,0.5269516122576261,1580.8548367728783,6
11820,Blue One M,West,3000,1,0.9999987294341542,2999.9961883024625,8
11821,Blue One M,Adamawa,3000,1,0.3381133137895214,1014.3399413685643,4
11822,Blue One M,South,3000,0,0.001386267198253387,4.1588015947601615,1
11823,Blue One M,North,3000,0,0.49639349498111807,1489.1804849433543,5
11824,Blue One M,Littoral,3000,1,0.9999986445959609,2999.9959337878827,8
11825,Blue One M,South West,3000,0,0.47656786233419623,1429.7035870025886,5
11826,Blue One M,North,3000,0,0.46247856287665506,1387.4356886299652,5
11827,Blue One M,South West,3000,1,0.9999991774589185,2999.9975323767558,9
11828,Blue One M,Adamawa,3000,0,0.4964618228179781,1489.3854684539344,5
11829,Blue One M,South,3000,0,0.5248237109411019,1574.4711328233057,6
11830,Blue One M,Far North,3000,0,0.5509065968432587,1652.7197905297762,6
11831,Blue One M,North West,3000,0,0.541561984909664,1624.685954728992,6
11832,Blue One M,South West,3000,0,0.29139722212296587,874.1916663688976,3
11833,Blue One M,East,3000,1,0.5838879066621943,1751.6637199865827,7
11834,Blue One M,South West,3000,0,0.002277329523236268,6.831988569708804,2
11835,Blue One M,West,3000,1,0.5601988672440263,1680.596601732079,6
11836,Blue One M,Centre,3000,1,0.9999989390086937,2999.9968170260813,9
11837,Blue One M,North,3000,0,0.0025847153745851906,7.7541461237555716,2
11838,Blue One M,South,3000,0,0.48376571593938844,1451.2971478181653,5
11839,Blue One M,West,3000,0,0.5537081173845034,1661.1243521535102,6
11840,Blue One M,North,3000,1,0.49610686864630443,1488.3206059389133,5
11841,Blue One M,North,3000,0,0.4968914966658629,1490.6744899975888,5
11842,Blue One M,Adamawa,3000,1,0.9999988311536814,2999.9964934610443,8
11843,Blue One M,North West,3000,0,0.0035122332764313934,10.53669982929418,3
11844,Blue One M,East,3000,0,0.0031850657047092453,9.555197114127736,3
11845,Blue One M,North,3000,0,0.503081353840733,1509.2440615221992,5
11846,Blue One M,Adamawa,3000,0,0.002882852028107309,8.648556084321926,3
11847,Blue One M,North West,3000,0,0.001892085177188413,5.676255531565239,2
11849,Blue One M,Littoral,3000,1,0.5216411202860319,1564.9233608580957,6
11850,Blue One M,Centre,3000,0,0.001686820421610519,5.060461264831557,2
11851,Blue One M,Far North,3000,1,0.4837937085264147,1451.381125579244,5
11852,Blue One M,South West,3000,1,0.999998658384802,2999.9959751544056,8
11853,Blue One M,South West,3000,0,0.002410527451727668,7.231582355183003,2
11854,Blue One M,Centre,3000,0,0.002626814321063747,7.880442963191241,2
11855,Blue One M,South,3000,1,0.4673728415665912,1402.1185246997736,5
11856,Blue One M,Littoral,3000,1,0.9999984653450756,2999.995396035227,8
11857,Blue One M,Adamawa,3000,1,0.5479164967894324,1643.7494903682973,6
11858,Blue One M,South,3000,1,0.5030174317417418,1509.0522952252256,5
11859,Blue One M,East,3000,0,0.4978289919899973,1493.4869759699918,5
11860,Blue One M,North,3000,0,0.4979749727438092,1493.9249182314277,5
11861,Blue One M,West,3000,1,0.4362941796600244,1308.8825389800732,4
11862,Blue One M,Centre,3000,0,0.001592214116918763,4.77664235075629,2
11863,Blue One M,Adamawa,3000,0,0.5120961353712766,1536.28840611383,5
11864,Blue One M,North,3000,0,0.0024516005622718493,7.354801686815548,2
11865,Blue One M,South,3000,1,0.46748415600859083,1402.4524680257725,5
11866,Blue One M,North West,3000,0,0.5618090636266507,1685.4271908799521,7
11867,Blue One M,Littoral,3000,1,0.9999991594706646,2999.997478411994,9
11868,Blue One M,West,3000,0,0.0015669219344265613,4.700765803279684,2
11869,Blue One M,Littoral,3000,0,0.0016205061577880277,4.861518473364083,2
11870,Blue One M,Far North,3000,0,0.4005337138965756,1201.6011416897268,4
11871,Blue One M,Adamawa,3000,1,0.48516974759130355,1455.5092427739107,5
11872,Blue One M,Far North,3000,0,0.0012406078546000183,3.7218235638000547,1
11873,Blue One M,North,3000,0,0.405021874084539,1215.065622253617,4
11874,Blue One M,South West,3000,1,0.9999990188736052,2999.997056620816,9
11875,Blue One M,Centre,3000,0,0.001291715425776445,3.875146277329335,1
11876,Blue One M,North West,3000,1,0.3411093912870422,1023.3281738611266,4
11877,Blue One M,South,3000,0,0.311217299909454,933.6518997283621,4
11878,Blue One M,Littoral,3000,1,0.9999989894683818,2999.9969684051457,9
11879,Blue One M,Far North,3000,0,0.5013803270355353,1504.1409811066058,5
11880,Blue One M,South,3000,1,0.5280529050670051,1584.1587152010152,6
11881,Blue One M,East,3000,1,0.5559830484209616,1667.9491452628847,6
11882,Blue One M,Littoral,3000,1,0.9999988903324623,2999.996670997387,8
11883,Blue One M,Centre,3000,0,0.003185236921668962,9.555710765006886,3
11884,Blue One M,East,3000,1,0.9999988642041653,2999.996592612496,8
11885,Blue One M,North West,3000,0,0.003339512080458145,10.018536241374436,3
11886,Blue One M,Adamawa,3000,0,0.596175589799701,1788.526769399103,7
11887,Blue One M,Littoral,3000,0,0.0030076137553571975,9.022841266071593,3
11888,Blue One M,Centre,3000,1,0.47216415405527634,1416.492462165829,5
11889,Blue One M,South,3000,0,0.5064424208701818,1519.3272626105454,5
11890,Blue One M,East,3000,0,0.003560446232886187,10.68133869865856,3
11891,Blue One M,Far North,3000,1,0.5826246977637577,1747.874093291273,7
11892,Blue One M,Far North,3000,0,0.5086474362475214,1525.9423087425641,5
11893,Blue One M,Adamawa,3000,1,0.5247975095504495,1574.3925286513484,6
11894,Blue One M,Littoral,3000,0,0.0012491551311066816,3.7474653933200446,1
11895,Blue One M,North West,3000,1,0.5400030934783354,1620.0092804350063,6
11896,Blue One M,Littoral,3000,0,0.48137600282662063,1444.1280084798618,5
11897,Blue One M,Adamawa,3000,1,0.9999992765683368,2999.99782970501,9
11898,Blue One M,North,3000,1,0.999999094456895,2999.997283370685,9
11899,Blue One M,North West,3000,0,0.4544330767929303,1363.299230378791,4
11900,Blue One M,East,3000,1,0.45112654634679056,1353.3796390403718,4
11901,Blue One M,Littoral,3000,1,0.999998988161447,2999.9969644843413,9
11902,Blue One M,North West,3000,0,0.0014602616138861234,4.38078484165837,2
11903,Blue One M,North West,3000,0,0.4662765350001117,1398.829605000335,5
11904,Blue One M,North,3000,1,0.9999993601271306,2999.998080381392,9
11905,Blue One M,South West,3000,1,0.9999993613387372,2999.9980840162116,9
11906,Blue One M,Centre,3000,1,0.9999993721315995,2999.9981163947987,9
11907,Blue One M,East,3000,1,0.9999994842961349,2999.9984528884047,10
11908,Blue One M,Adamawa,3000,0,0.2936789225886629,881.0367677659888,3
11912,Blue One M,North West,3000,1,0.5443808298982081,1633.1424896946244,6
11913,Blue One M,Littoral,3000,1,0.518196907984101,1554.590723952303,5
11914,Blue One M,South,3000,0,0.002850120244804837,8.550360734414511,3
11915,Blue One M,East,3000,1,0.586451922614784,1759.355767844352,7
11916,Blue One M,North,3000,1,0.5077887626369832,1523.3662879109497,5
11917,Blue One M,West,3000,1,0.9999989581810926,2999.996874543278,9
11918,Blue One M,Centre,3000,1,0.5591054688431919,1677.3164065295757,6
11919,Blue One M,West,3000,0,0.002492702417062443,7.478107251187329,2
11920,Blue One M,Littoral,3000,0,0.40632864575115457,1218.9859372534638,4
11921,Blue One M,South West,3000,0,0.0026849241341050122,8.054772402315036,3
11922,Blue One M,North West,3000,1,0.5579179484784363,1673.7538454353091,6
11923,Blue One M,Littoral,3000,1,0.49784803356919843,1493.5441007075954,5
11924,Blue One M,North West,3000,1,0.9999988923892571,2999.9966771677714,8
11925,Blue One M,West,3000,0,0.5093978386919714,1528.1935160759142,5
11926,Blue One M,North,3000,0,0.4602255059901664,1380.6765179704992,5
11927,Blue One M,South,3000,1,0.4616348588021292,1384.9045764063876,5
11928,Blue One M,South,3000,0,0.4857316471553146,1457.1949414659437,5
11929,Blue One M,East,3000,1,0.5049030169510115,1514.7090508530343,5
11930,Blue One M,Littoral,3000,1,0.5216411202860319,1564.9233608580957,6
11931,Blue One M,East,3000,0,0.5434986701080609,1630.4960103241826,6
11932,Blue One M,North West,3000,1,0.999999299206334,2999.997897619002,9
11933,Blue One M,North West,3000,1,0.999998851596161,2999.996554788483,8
11934,Blue One M,Littoral,3000,1,0.46225331198601954,1386.7599359580586,5
11935,Blue One M,North West,3000,1,0.9999993334443011,2999.9980003329033,9
11936,Blue One M,West,3000,1,0.9999986873548148,2999.9960620644442,8
11937,Blue One M,East,3000,0,0.5551097022995886,1665.3291068987658,6
11938,Blue One M,South West,3000,0,0.002594044549295992,7.782133647887976,2
11939,Blue One M,Adamawa,3000,1,0.34137639997831126,1024.1291999349337,4
11940,Blue One M,South,3000,1,0.5224749816562382,1567.4249449687145,6
11941,Blue One M,Littoral,3000,1,0.9999987268374995,2999.9961805124985,8
11942,Blue One M,South,3000,0,0.5010497022415724,1503.1491067247173,5
11943,Blue One M,North West,3000,0,0.5358173449841463,1607.4520349524391,6
11944,Blue One M,West,3000,0,0.002540937496160701,7.622812488482103,2
11945,Blue One M,North,3000,1,0.4418158048296945,1325.4474144890835,4
11946,Blue One M,Centre,3000,0,0.41482059847680564,1244.461795430417,4
11947,Blue One M,Adamawa,3000,1,0.9999992751964764,2999.997825589429,9
11948,Blue One M,Littoral,3000,1,0.40443135302188443,1213.2940590656533,4
11949,Blue One M,North West,3000,1,0.999999296196826,2999.997888590478,9
11950,Blue One M,Adamawa,3000,0,0.0018647975461119858,5.5943926383359575,2
11951,Blue One M,Adamawa,3000,0,0.4521346046611454,1356.4038139834363,4
11952,Blue One M,Adamawa,3000,1,0.9999993349660183,2999.998004898055,9
11953,Blue One M,South,3000,1,0.4635794876397411,1390.7384629192234,5
11954,Blue One M,Littoral,3000,1,0.4997039960752919,1499.1119882258758,5
11957,Blue One M,South,3000,1,0.9999989316189882,2999.9967948569647,9
11958,Blue One M,North,3000,1,0.5039777644071558,1511.9332932214675,5
11959,Blue One M,South West,3000,0,0.5207615367671504,1562.2846103014513,6
11960,Blue One M,Adamawa,3000,1,0.5394073639219896,1618.2220917659688,6
11963,Blue One M,Littoral,3000,0,0.2754453373114293,826.3360119342879,3
11964,Blue One M,Centre,3000,0,0.0005254987726998302,1.5764963180994906,1
11965,Blue One M,South,3000,1,0.9999994334051512,2999.9983002154536,10
11966,Blue One M,North,3000,1,0.2931901110492597,879.570333147779,3
11967,Blue One M,Far North,3000,0,0.0005408418672707432,1.6225256018122296,1
11968,Blue One M,Far North,3000,0,0.5263925470727203,1579.177641218161,6
11969,Blue One M,Centre,3000,0,0.002769756548007785,8.309269644023354,3
11970,Blue One M,East,3000,0,0.0018118989111392488,5.435696733417746,2
11971,Blue One M,Littoral,3000,1,0.9999991742050982,2999.9975226152947,9
11972,Blue One M,Far North,3000,1,0.4891706011816066,1467.5118035448197,5
11973,Blue One M,Centre,3000,0,0.2619451870922718,785.8355612768155,3
11974,Blue One M,Littoral,3000,0,0.001625592095546009,4.876776286638027,2
11975,Blue One M,North,3000,0,0.0013429171673826402,4.02875150214792,1
11976,Blue One M,South,3000,0,0.4360817638693932,1308.2452916081795,4
11977,Blue One M,West,3000,0,0.0012539752382148524,3.761925714644557,1
11978,Blue One M,North,3000,0,0.001341511071618889,4.0245332148566675,1
11979,Blue One M,North West,3000,0,0.2632234335056062,789.6703005168185,3
11980,Blue One M,East,3000,0,0.29710868486947045,891.3260546084114,3
11981,Blue One M,South,3000,0,0.00039328216158867983,1.1798464847660395,1
11982,Blue One M,Littoral,3000,0,0.2693710798091314,808.1132394273942,3
11983,Blue One M,Adamawa,3000,0,0.4003610698847218,1201.0832096541653,4
11984,Blue One M,South West,3000,1,0.49697908490922116,1490.9372547276635,5
11985,Blue One M,Adamawa,3000,0,0.002838091014444431,8.514273043333294,3
11986,Blue One M,South,3000,1,0.9999994244713347,2999.998273414004,10
11987,Blue One M,North West,3000,0,0.0005766969725280994,1.7300909175842982,1
11988,Blue One M,West,3000,0,0.003401429061246157,10.20428718373847,3
11989,Blue One M,South West,3000,1,0.5199781726114878,1559.9345178344633,6
11990,Blue One M,South,3000,1,0.9999993630163168,2999.99808904895,9
11991,Blue One M,East,3000,0,0.450065696814277,1350.197090442831,4
11992,Blue One M,Centre,3000,1,0.9999992285476923,2999.9976856430767,9
11993,Blue One M,North West,3000,1,0.5135911127943188,1540.7733383829564,5
11994,Blue One M,Far North,3000,1,0.9999988227641655,2999.9964682924965,8
12004,Blue One M,East,3000,1,0.9999991254602741,2999.9973763808225,9
12005,Blue One M,North,3000,1,0.4058019781555348,1217.4059344666045,4
12006,Blue One M,South,3000,0,0.4304055413292072,1291.2166239876217,4
12007,Blue One M,South,3000,1,0.416160282538656,1248.480847615968,4
12008,Blue One M,West,3000,0,0.24641657245673704,739.2497173702111,3
12009,Blue One M,South,3000,0,0.00047502984391831194,1.425089531754936,1
12010,Blue One M,West,3000,0,0.0004208365171302882,1.2625095513908646,1
12011,Blue One M,North West,3000,0,0.0005766969725280994,1.7300909175842982,1
12012,Blue One M,North West,3000,0,0.000542560898675274,1.6276826960258222,1
12013,Blue One M,East,3000,0,0.0004364015256683787,1.3092045770051361,1
12014,Blue One M,South,3000,1,0.3128965624539831,938.6896873619494,4
12015,Blue One M,Adamawa,3000,0,0.33156664803718855,994.6999441115656,4
12017,Blue One M,Far North,3000,1,0.9999991901841631,2999.9975705524894,9
12018,Blue One M,Adamawa,3000,1,0.9999994505522817,2999.998351656845,10
12019,Blue One M,North,3000,0,0.41789908337515974,1253.6972501254793,4
12020,Blue One M,South,3000,0,0.0010110236607029856,3.0330709821089568,1
12021,Blue One M,South,3000,1,0.9999993748997402,2999.9981246992206,9
12022,Blue One M,Adamawa,3000,0,0.2836498476632259,850.9495429896776,3
12023,Blue One M,Adamawa,3000,1,0.9999993623965608,2999.9980871896823,9
12024,Blue One M,East,3000,0,0.0018838821526357616,5.651646457907285,2
12025,Blue One M,Centre,3000,1,0.4164420048423277,1249.326014526983,4
12027,Blue One M,East,3000,1,0.44490508809019674,1334.7152642705903,4
12028,Blue One M,West,3000,0,0.24322951406454626,729.6885421936388,3
12029,Blue One M,North,3000,0,0.0012308420979529296,3.692526293858789,1
12030,Blue One M,Littoral,3000,1,0.9999992279362128,2999.997683808638,9
12031,Blue One M,North West,3000,0,0.0014701713450624143,4.410514035187243,2
12032,Blue One M,Littoral,3000,0,0.0016230076133141574,4.869022839942472,2
12033,Blue One M,South West,3000,0,0.45553903160002535,1366.617094800076,4
12034,Blue One M,North West,3000,0,0.0015716240532249047,4.714872159674714,2
12035,Blue One M,Centre,3000,0,0.37843953512084333,1135.31860536253,4
12036,Blue One M,East,3000,1,0.4256119378043024,1276.835813412907,4
12037,Blue One M,South West,3000,0,0.000373788483407117,1.121365450221351,1
12038,Blue One M,Adamawa,3000,0,0.4709785453390659,1412.9356360171978,5
12039,Blue One M,North,3000,1,0.3026665846804545,907.9997540413634,3
12040,Blue One M,Adamawa,3000,0,0.00047529386752781174,1.4258816025834353,1
12041,Blue One M,Far North,3000,0,0.0004359376276202064,1.3078128828606193,1
12042,Blue One M,Littoral,3000,0,0.00040754593100832717,1.2226377930249814,1
12043,Blue One M,West,3000,0,0.0011145991643276038,3.3437974929828114,1
12045,Blue One M,Far North,3000,0,0.26718715781448354,801.5614734434506,3
12046,Blue One M,South West,3000,0,0.00046757026048893814,1.4027107814668145,1
12048,Blue One M,Far North,3000,0,0.2911476343529053,873.442903058716,3
12049,Blue One M,West,3000,1,0.9999990150892762,2999.9970452678285,9
12051,Blue One M,North,3000,1,0.9999992285978601,2999.9976857935803,9
12052,Blue One M,North West,3000,0,0.0005539713741848939,1.6619141225546816,1
12053,Blue One M,West,3000,0,0.001301588488674171,3.904765466022513,1
12055,Blue One M,Centre,3000,0,0.2739184204905588,821.7552614716765,3
12056,Blue One M,South West,3000,1,0.9999994122199449,2999.9982366598347,10
12057,Blue One M,Far North,3000,0,0.3334732295839123,1000.4196887517369,4
12058,Blue One M,East,3000,1,0.999999504741604,2999.998514224812,10
12059,Blue One M,West,3000,0,0.2576539856036802,772.9619568110405,3
12060,Blue One M,South,3000,0,0.32003046759118736,960.0914027735621,4
12061,Blue One M,Centre,3000,0,0.2967974028253417,890.3922084760252,3
12062,Blue One S,North West,2000,1,0.19935171518495046,398.7034303699009,3
12063,Blue One M,Littoral,3000,0,0.30022561649903856,900.6768494971157,3
12064,Blue One M,Centre,3000,0,0.00039602025339859493,1.1880607601957849,1
12072,Blue One M,Centre,3000,0,0.0012861990671510504,3.858597201453151,1
12073,Blue One M,East,3000,0,0.001913622721346214,5.740868164038642,2
12074,Blue One M,Centre,3000,0,0.0013836201436085254,4.150860430825576,1
12075,Blue One M,North West,3000,0,0.4507487502406913,1352.246250722074,4
12076,Blue One M,South,3000,0,0.26037528012979394,781.1258403893818,3
12077,Blue One M,Adamawa,3000,1,0.9999992581734892,2999.997774520468,9
12078,Blue One M,East,3000,0,0.5123918633954097,1537.1755901862289,5
12079,Blue One M,East,3000,0,0.5001951742219871,1500.5855226659614,5
12080,Blue One M,East,3000,0,0.0015746463923781437,4.723939177134431,2
12081,Blue One M,Centre,3000,1,0.4103530784787878,1231.0592354363635,4
12082,Blue One M,East,3000,1,0.9999992076273366,2999.99762288201,9
12083,Blue One M,North West,3000,0,0.4414184175464764,1324.2552526394293,4
12084,Blue One M,South West,3000,0,0.26775866715000163,803.2760014500049,3
12085,Blue One M,North West,3000,0,0.5197619020577078,1559.2857061731233,6
12086,Blue One M,North,3000,0,0.22254998271778925,667.6499481533677,3
12087,Blue One M,Littoral,3000,1,0.2679124832761722,803.7374498285166,3
12088,Blue One M,Adamawa,3000,0,0.0005726576838098895,1.7179730514296685,1
12089,Blue One M,North,3000,0,0.0012595909418237046,3.7787728254711137,1
12090,Blue One M,Littoral,3000,1,0.42113573809085053,1263.4072142725515,4
12091,Blue One M,Centre,3000,1,0.9999991938539468,2999.9975815618404,9
12093,Blue One M,South West,3000,0,0.0004905976404735632,1.4717929214206897,1
12094,Blue One M,South West,3000,1,0.22397570991920174,671.9271297576053,3
12096,Blue One M,Far North,3000,0,0.28684536323253834,860.536089697615,3
12097,Blue One M,Far North,3000,0,0.0004359376276202064,1.3078128828606193,1
12099,Blue One M,Adamawa,3000,0,0.0003736027120338435,1.1208081361015305,1
12102,Blue One M,Centre,3000,0,0.0013989843092984215,4.196952927895264,1
12103,Blue One M,West,3000,0,0.43580430259713426,1307.4129077914029,4
12104,Blue One M,Adamawa,3000,0,0.3187725662200252,956.3176986600756,4
12105,Blue One M,North,3000,1,0.9999989645103451,2999.9968935310353,9
12106,Blue One M,South,3000,1,0.302660401691451,907.9812050743529,3
12107,Blue One M,South,3000,0,0.37274619710456636,1118.238591313699,4
12108,Blue One M,East,3000,0,0.46120439387751977,1383.6131816325594,5
12109,Blue One M,Centre,3000,0,0.3030631605306653,909.1894815919959,3
12110,Blue One M,Adamawa,3000,0,0.000500443200838814,1.5013296025164422,1
12111,Blue One M,North,3000,0,0.00048290247826179205,1.4487074347853761,1
12112,Blue One M,North,3000,0,0.41443150950182783,1243.2945285054834,4
12113,Blue One M,East,3000,1,0.5103255757928066,1530.9767273784198,5
12114,Blue One M,North,3000,0,0.0012775781101541483,3.832734330462445,1
12115,Blue One M,Centre,3000,0,0.0017002100110867769,5.10063003326033,2
12116,Blue One M,South,3000,0,0.0013718780198847729,4.115634059654319,1
12117,Blue One M,West,3000,1,0.999999199937758,2999.997599813274,9
12118,Blue One M,North,3000,0,0.35190461475182266,1055.713844255468,4
12119,Blue One M,North,3000,0,0.001240062798539369,3.720188395618107,1
12120,Blue One M,East,3000,1,0.4403694053003081,1321.1082159009243,4
12121,Blue One M,South,3000,0,0.43000291551372966,1290.0087465411889,4
12122,Blue One M,North West,3000,0,0.4442331419103814,1332.6994257311442,4
12123,Blue One M,West,3000,0,0.0013495613841486252,4.048684152445876,1
12124,Blue One M,North West,3000,0,0.0015447303911605076,4.634191173481523,2
12134,Blue One M,East,3000,0,0.0003858317647504352,1.1574952942513055,1
12162,Blue One M,Far North,3000,0,0.00046602343094925754,1.3980702928477726,1
12163,Blue One M,North,3000,0,0.00045491495655766863,1.364744869673006,1
12164,Blue One M,Far North,3000,0,0.0004306515898377545,1.2919547695132634,1
12165,Blue One M,Adamawa,3000,0,0.0014957961914834669,4.4873885744504,2
12166,Blue One M,Adamawa,3000,1,0.9999994597538074,2999.9983792614225,10
12167,Blue One M,South West,3000,1,0.29455531008955127,883.6659302686538,3
12168,Blue One M,North West,3000,0,0.0004783667847462737,1.435100354238821,1
12171,Blue One M,Centre,3000,0,0.0004731479489892086,1.4194438469676258,1
12172,Blue One M,South West,3000,0,0.000390906785034774,1.172720355104322,1
12173,Blue One M,Far North,3000,1,0.9999994208273447,2999.998262482034,10
12174,Blue One M,North,3000,0,0.00048525180959522226,1.4557554287856669,1
12175,Blue One M,North West,3000,0,0.28862738494818124,865.8821548445437,3
12176,Blue One M,South West,3000,0,0.26868753778477855,806.0626133543357,3
12177,Blue One M,West,3000,1,0.9999992554537321,2999.997766361196,9
12178,Blue One M,Centre,3000,0,0.00042492097628362314,1.2747629288508695,1
12179,Blue One M,North West,3000,0,0.2524569705982393,757.3709117947179,3
12180,Blue One M,North,3000,0,0.0004137252008192119,1.2411756024576357,1
12181,Blue One M,South West,3000,0,0.25269987996313215,758.0996398893965,3
12190,Blue One M,West,3000,1,0.482413864407974,1447.241593223922,5
12191,Blue One S,South West,2000,0,0.14588733270577486,291.77466541154973,3
12192,Blue One M,East,3000,0,0.41153083752624325,1234.5925125787298,4
12193,Blue One M,East,3000,1,0.9999992768481629,2999.997830544489,9
12194,Blue One M,West,3000,0,0.2764430034019163,829.3290102057489,3
12195,Blue One M,Adamawa,3000,0,0.5034671073278046,1510.401321983414,5
12196,Blue One M,North West,3000,1,0.5166274019665892,1549.8822058997675,5
12197,Blue One M,South,3000,0,0.0017016239884614405,5.104871965384321,2
12198,Blue One M,North,3000,0,0.4566260857680906,1369.8782573042718,4
12199,Blue One M,North West,3000,0,0.5139648681647192,1541.8946044941576,5
12200,Blue One M,Littoral,3000,1,0.9999991594296593,2999.997478288978,9
12201,Blue One S,Far North,2000,1,0.9990175661003377,1998.0351322006752,8
12202,Blue One M,South West,3000,1,0.9999991604851746,2999.9974814555235,9
12203,Blue One M,North,3000,0,0.0016099169601967176,4.829750880590153,2
12204,Blue One M,West,3000,0,0.0012959037407320568,3.8877112221961703,1
12205,Blue One M,South,3000,1,0.9999992365450088,2999.9977096350262,9
12206,Blue One M,North West,3000,1,0.9999991346655369,2999.997403996611,9
12207,Blue One M,Adamawa,3000,1,0.9999992717582956,2999.9978152748868,9
12208,Blue One M,South,3000,0,0.41208636003937626,1236.2590801181288,4
12209,Blue One M,Centre,3000,0,0.4598561827960596,1379.568548388179,5
12210,Blue One M,Littoral,3000,0,0.0016180085513744422,4.854025654123326,2
12211,Blue One M,West,3000,1,0.9999992049830658,2999.9976149491977,9
12212,Blue One M,South West,3000,0,0.46807463316615777,1404.2238994984734,5
12213,Blue One M,East,3000,0,0.0017422675397659236,5.226802619297771,2
12214,Blue One M,West,3000,1,0.47732792972697935,1431.983789180938,5
12215,Blue One M,East,3000,1,0.9999992859051697,2999.9978577155093,9
12216,Blue One M,East,3000,1,0.458342494478927,1375.027483436781,4
12217,Blue One M,South West,3000,0,0.0015076489139775847,4.5229467419327545,2
12218,Blue One M,South West,3000,0,0.4116479384530943,1234.9438153592828,4
12219,Blue One M,West,3000,0,0.0015572077655466247,4.671623296639874,2
12220,Blue One M,Far North,3000,0,0.0015092813971215153,4.5278441913645455,2
12221,Blue One M,East,3000,0,0.0014996925354308606,4.499077606292582,2
12222,Blue One M,North West,3000,1,0.9999993355655303,2999.998006696591,9
12223,Blue One M,Centre,3000,0,0.4613167896058451,1383.9503688175353,5
12224,Blue One M,West,3000,0,0.0012913340851040836,3.874002255312251,1
12225,Blue One M,South West,3000,1,0.9999990413411306,2999.9971240233917,9
12226,Blue One M,Adamawa,3000,0,0.001387656774668897,4.162970324006691,1
12227,Blue One M,Adamawa,3000,0,0.45252941461336643,1357.5882438400993,4
12228,Blue One M,North West,3000,0,0.0015405096807707928,4.621529042312378,2
12229,Blue One M,Far North,3000,0,0.0005307056380636279,1.5921169141908837,1
12230,Blue One M,North,3000,1,0.2868098169053572,860.4294507160715,3
12232,Blue One M,East,3000,0,0.0014909874982475875,4.472962494742762,2
12233,Blue One M,Centre,3000,1,0.9999991093106284,2999.997327931885,9
12234,Blue One M,Far North,3000,0,0.0015591887860283546,4.6775663580850635,2
12235,Blue One M,Far North,3000,1,0.4611758291267844,1383.5274873803533,5
12236,Blue One M,Adamawa,3000,0,0.0014079615946708734,4.22388478401262,1
12237,Blue One M,South West,3000,1,0.4197914460529651,1259.3743381588952,4
12238,Blue One M,Adamawa,3000,0,0.0015581456417732595,4.674436925319778,2
12239,Blue One M,North West,3000,1,0.46589207677415484,1397.6762303224646,5
12240,Blue One M,West,3000,0,0.4319615755374049,1295.8847266122148,4
12241,Blue One M,South West,3000,1,0.9999990199978895,2999.9970599936687,9
12242,Blue One M,East,3000,0,0.44452357487947525,1333.5707246384256,4
12243,Blue One M,South,3000,0,0.0013761847170282776,4.128554151084833,1
12244,Blue One M,East,3000,1,0.4682189643024828,1404.6568929074483,5
12246,Blue One M,South,3000,0,0.3009281959401937,902.7845878205811,3
12247,Blue One M,Littoral,3000,1,0.4540661393953891,1362.1984181861674,4
12248,Blue One M,Centre,3000,1,0.9999991900299096,2999.9975700897285,9
12249,Blue One M,Far North,3000,0,0.00040683040472202364,1.2204912141660709,1
12250,Blue One M,Littoral,3000,1,0.4180782236004729,1254.2346708014188,4
12251,Blue One M,Far North,3000,0,0.43597537571819894,1307.9261271545968,4
12252,Blue One M,West,3000,1,0.9999990910239751,2999.9972730719255,9
12253,Blue One M,Centre,3000,0,0.3623718187911068,1087.1154563733205,4
12254,Blue One M,Littoral,3000,1,0.9999991488515881,2999.9974465547643,9
12255,Blue One M,Centre,3000,0,0.0005263364998959807,1.579009499687942,1
12256,Blue One M,Far North,3000,0,0.3261348969105994,978.4046907317982,4
12257,Blue One S,East,2000,1,0.16787872029433748,335.75744058867497,3
12258,Blue One M,Littoral,3000,0,0.40481528663725996,1214.44585991178,4
12259,Blue One M,Centre,3000,0,0.0013885835633486957,4.165750690046087,1
12260,Blue One M,Littoral,3000,1,0.3125103492954866,937.5310478864598,4
12261,Blue One M,South,3000,0,0.30059302971705526,901.7790891511657,3
12262,Blue One M,Far North,3000,1,0.9999991194154589,2999.9973582463767,9
12263,Blue One M,South,3000,0,0.0013547194033270771,4.0641582099812315,1
12264,Blue One M,Far North,3000,0,0.44294574171021206,1328.8372251306362,4
12265,Blue One M,South,3000,0,0.431456407165749,1294.369221497247,4
12266,Blue One M,West,3000,1,0.999999073743957,2999.997221231871,9
12267,Blue One M,Centre,3000,1,0.4117645020000463,1235.293506000139,4
12273,Blue One M,South West,3000,0,0.41941519664473187,1258.2455899341956,4
12274,Blue One M,West,3000,0,0.433881945355457,1301.645836066371,4
12275,Blue One M,West,3000,0,0.4120789516250779,1236.2368548752338,4
12276,Blue One M,South,3000,0,0.4124725277630822,1237.4175832892465,4
12277,Blue One M,North,3000,0,0.0012264418244013013,3.679325473203904,1
12278,Blue One M,Centre,3000,1,0.9999991878865503,2999.997563659651,9
12279,Blue One M,West,3000,0,0.31918919147794267,957.567574433828,4
12280,Blue One M,North West,3000,1,0.43433091396824747,1302.9927419047424,4
12281,Blue One M,South West,3000,1,0.42372774019888376,1271.1832205966514,4
12282,Blue One M,Adamawa,3000,1,0.4812508583855579,1443.7525751566739,5
12283,Blue One M,East,3000,0,0.5065151308454172,1519.5453925362517,5
12284,Blue One M,South,3000,0,0.4771124450504823,1431.337335151447,5
12285,Blue One M,East,3000,0,0.0015271061685246722,4.581318505574017,2
12286,Blue One M,South West,3000,1,0.9999991485645141,2999.9974456935424,9
12287,Blue One M,Littoral,3000,0,0.0010879803057851306,3.263940917355392,1
12288,Blue One M,Littoral,3000,0,0.0012472291547562678,3.741687464268803,1
12289,Blue One M,Adamawa,3000,0,0.44199407276560176,1325.9822182968053,4
12291,Blue One M,North West,3000,0,0.34252164957438563,1027.564948723157,4
12292,Blue One M,South,3000,0,0.2979704066030228,893.9112198090685,3
12293,Blue One M,Far North,3000,0,0.31995755773137174,959.8726731941152,4
12294,Blue One M,North West,3000,0,0.00045060850719418305,1.3518255215825492,1
12298,Blue One M,North West,3000,1,0.44734695577923006,1342.04086733769,4
12299,Blue One M,West,3000,1,0.4204918068098187,1261.475420429456,4
12300,Blue One M,Centre,3000,1,0.4284283239630209,1285.2849718890627,4
12301,Blue One M,North,3000,0,0.0010923318363609898,3.2769955090829694,1
12302,Blue One M,Centre,3000,1,0.9999990866183308,2999.9972598549925,9
12303,Blue One M,Littoral,3000,0,0.4198973499361596,1259.692049808479,4
12304,Blue One M,South West,3000,1,0.999998792915497,2999.996378746491,8
12305,Blue One M,West,3000,1,0.9999990806397748,2999.9972419193246,9
12306,Blue One M,East,3000,1,0.9999989813339264,2999.9969440017794,9
12307,Blue One M,South,3000,0,0.30399723792104616,911.9917137631385,3
12308,Blue One M,South West,3000,1,0.2532746009505998,759.8238028517993,3
12309,Blue One M,North West,3000,0,0.4903745028304728,1471.1235084914183,5
12310,Blue One L,North,5000,0,0.548360350077626,2741.8017503881297,6
12311,Blue One M,North West,3000,0,0.4442331419103814,1332.6994257311442,4
12312,Blue One M,South,3000,0,0.00044614746379061684,1.3384423913718506,1
12313,Blue One M,East,3000,0,0.0005200747228978004,1.560224168693401,1
12315,Blue One M,East,3000,1,0.32997086199508097,989.9125859852429,4
12316,Blue One M,West,3000,1,0.4590032576197384,1377.0097728592152,4
12317,Blue One M,West,3000,1,0.9999992449180767,2999.99773475423,9
12318,Blue One M,North,3000,0,0.47257949560761386,1417.7384868228417,5
12319,Blue One M,East,3000,0,0.0017699487991467426,5.309846397440228,2
12320,Blue One M,Centre,3000,1,0.9999992406904278,2999.9977220712835,9
12321,Blue One M,North,3000,1,0.9999991562072651,2999.997468621795,9
12322,Blue One M,Centre,3000,0,0.4683558777074372,1405.0676331223117,5
12323,Blue One M,Adamawa,3000,0,0.0015092268239399243,4.527680471819773,2
12324,Blue One M,Littoral,3000,0,0.0016129463016757415,4.838838905027225,2
12325,Blue One M,South,3000,1,0.9999992516828884,2999.997755048665,9
12326,Blue One M,North West,3000,1,0.42946946030509464,1288.408380915284,4
12327,Blue One M,North West,3000,0,0.0017754502554309605,5.326350766292881,2
12328,Blue One M,Adamawa,3000,1,0.9999991738988153,2999.997521696446,9
12329,Blue One M,East,3000,1,0.9999991632467358,2999.997489740207,9
12330,Blue One M,Far North,3000,0,0.28156352851707067,844.690585551212,3
12331,Blue One M,South,3000,0,0.000396369361993719,1.189108085981157,1
12332,Blue One M,South,3000,0,0.000396369361993719,1.189108085981157,1
12333,Blue One M,Centre,3000,0,0.0003754573684870652,1.1263721054611955,1
12334,Blue One M,North,3000,1,0.9999992111097724,2999.997633329317,9
12335,Blue One M,Centre,3000,0,0.00036386025082669603,1.091580752480088,1
12336,Blue One M,East,3000,0,0.2996535915196196,898.9607745588588,3
12337,Blue One M,North West,3000,0,0.2569299852379378,770.7899557138135,3
12338,Blue One M,West,3000,0,0.00039114059747014497,1.1734217924104349,1
12339,Blue One M,Centre,3000,0,0.0003912371293535502,1.1737113880606505,1
12344,Blue One M,Centre,3000,0,0.0005329566031167142,1.5988698093501428,1
12345,Blue One M,South,3000,1,0.42722098520771706,1281.6629556231512,4
12346,Blue One M,Adamawa,3000,1,0.9999994853033736,2999.998455910121,10
12347,Blue One M,North,3000,0,0.2928700556758654,878.6101670275962,3
12348,Blue One M,East,3000,0,0.000581240375341954,1.743721126025862,1
12349,Blue One M,North West,3000,0,0.32616435055756837,978.4930516727051,4
12350,Blue One M,Centre,3000,0,0.27390871813308537,821.7261543992561,3
12351,Blue One M,North,3000,0,0.0004665222806266005,1.3995668418798015,1
12352,Blue One M,North West,3000,0,0.30264550153144765,907.936504594343,3
12353,Blue One M,North West,3000,1,0.3071347979558757,921.4043938676272,4
12354,Blue One M,South West,3000,0,0.2625557352091445,787.6672056274335,3
12355,Blue One M,South,3000,1,0.9999990959756119,2999.9972879268357,9
12356,Blue One M,South West,3000,0,0.2512163837438498,753.6491512315494,3
12357,Blue One M,South West,3000,1,0.9999988891205248,2999.9966673615745,8
12358,Blue One M,Far North,3000,1,0.9999991096669081,2999.997329000724,9
12359,Blue One M,North,3000,1,0.9999990603488015,2999.9971810464044,9
12360,Blue One M,North,3000,0,0.4083278368089777,1224.9835104269332,4
12361,Blue One M,Littoral,3000,1,0.40661702799716687,1219.8510839915007,4
12362,Blue One M,North West,3000,0,0.0015501953507417831,4.650586052225349,2
12363,Blue One M,Littoral,3000,1,0.9999990446675343,2999.9971340026027,9
12364,Blue One M,Littoral,3000,0,0.0013529603478866631,4.058881043659989,1
12365,Blue One M,South West,3000,1,0.9999989665718895,2999.9968997156684,9
12366,Blue One M,North,3000,0,0.0012655583847946549,3.7966751543839647,1
12367,Blue One M,South,3000,1,0.9999988437433822,2999.9965312301465,8
12368,Blue One M,South West,3000,1,0.9999989697601299,2999.99690928039,9
12369,Blue One M,West,3000,0,0.4346530504054244,1303.9591512162733,4
12370,Blue One M,Adamawa,3000,0,0.0015465634438153865,4.639690331446159,2
12371,Blue One M,Centre,3000,1,0.9999991012862502,2999.997303858751,9
12372,Blue One M,Adamawa,3000,1,0.9999989528930622,2999.9968586791865,9
12373,Blue One M,South West,3000,1,0.9999989809908548,2999.9969429725643,9
12374,Blue One M,South West,3000,0,0.40499855012277475,1214.9956503683243,4
12375,Blue One M,North,3000,1,0.9999989886257553,2999.996965877266,9
12376,Blue One M,South,3000,0,0.0013827037703900947,4.148111311170284,1
12377,Blue One M,South West,3000,1,0.38885660812768535,1166.5698243830561,4
12378,Blue One M,Adamawa,3000,0,0.001555668223635355,4.667004670906065,2
12379,Blue One M,Littoral,3000,1,0.3534947224430802,1060.4841673292406,4
12380,Blue One M,South,3000,1,0.9999990729887998,2999.9972189663995,9
12381,Blue One M,North,3000,1,0.9999989890778952,2999.9969672336856,9
12382,Blue One M,North,3000,1,0.37585108363892195,1127.5532509167658,4
12383,Blue One M,North West,3000,1,0.9999991521199533,2999.99745635986,9
12384,Blue One M,West,3000,1,0.41664880945798016,1249.9464283739405,4
12385,Blue One M,West,3000,0,0.43397979929867236,1301.939397896017,4
12386,Blue One M,Adamawa,3000,0,0.0015679420204642593,4.703826061392778,2
12387,Blue One M,West,3000,1,0.9999990150412275,2999.9970451236823,9
12388,Blue One M,West,3000,0,0.001411852584004644,4.235557752013932,1
12389,Blue One M,West,3000,0,0.41704808006847277,1251.1442402054183,4
12390,Blue One M,North West,3000,0,0.44375340940387153,1331.2602282116145,4
12391,Blue One M,South West,3000,0,0.30415155661972404,912.4546698591721,4
12392,Blue One M,West,3000,0,0.4300312915640505,1290.0938746921515,4
12393,Blue One M,Adamawa,3000,1,0.9999990967790793,2999.9972903372377,9
12394,Blue One M,South,3000,0,0.000518601959048572,1.5558058771457162,1
12395,Blue One M,Littoral,3000,0,0.4175936479737279,1252.7809439211837,4
12396,Blue One M,North West,3000,0,0.0005557118693828162,1.6671356081484487,1
12397,Blue One M,West,3000,0,0.3187670435559896,956.3011306679689,4
12398,Blue One M,East,3000,0,0.0014224468307414534,4.267340492224361,2
12399,Blue One M,Far North,3000,1,0.437139425387798,1311.418276163394,4
12400,Blue One M,North West,3000,0,0.4465711194444402,1339.7133583333207,4
12401,Blue One M,North,3000,0,0.2538869999527477,761.6609998582431,3
12402,Blue One M,Centre,3000,0,0.40996751043683866,1229.902531310516,4
12403,Blue One M,West,3000,1,0.39396172935358265,1181.8851880607479,4
12404,Blue One M,West,3000,0,0.0014074344234768987,4.222303270430696,1
12405,Blue One M,East,3000,0,0.4460741237192796,1338.2223711578388,4
12406,Blue One M,North,3000,0,0.0012347667532488706,3.7043002597466117,1
12407,Blue One M,South West,3000,1,0.30682555851541693,920.4766755462508,4
12408,Blue One M,North,3000,0,0.00047037139068988417,1.4111141720696525,1
12409,Blue One M,North West,3000,1,0.9999992275302251,2999.997682590675,9
12410,Blue One M,North West,3000,0,0.0005511916659424798,1.6535749978274394,1
12411,Blue One M,North West,3000,1,0.9999994843059666,2999.9984529179,10
12413,Blue One M,Littoral,3000,0,0.0003864471174992243,1.159341352497673,1
12414,Blue One M,East,3000,0,0.2883063667982334,864.9191003947002,3
12416,Blue One L,North West,5000,0,0.6218261560598202,3109.130780299101,8
12420,Blue One M,Adamawa,3000,0,0.0004615626414397801,1.3846879243193402,1
12421,Blue One M,Far North,3000,0,0.002860805286215324,8.582415858645973,3
12422,Blue One L,Far North,5000,1,0.5545156578765525,2772.5782893827627,6
12423,Blue One L,Centre,5000,0,0.0016036097356194557,8.018048678097278,2
12424,Blue One M,Far North,3000,0,0.0004421249767305333,1.3263749301916,1
12425,Blue One L,Centre,5000,0,0.5478996876092751,2739.4984380463757,6
12427,Blue One M,North,3000,0,0.40720855838989933,1221.625675169698,4
12428,Blue One L,Adamawa,5000,1,0.9999998055490052,4999.999027745026,10
12429,Blue One L,East,5000,1,0.6009195850946117,3004.5979254730587,8
12430,Blue One M,Littoral,3000,0,0.0031524479460614614,9.457343838184384,3
12431,Blue One L,South West,5000,0,0.0015079735760598716,7.539867880299358,2
12432,Blue One L,Adamawa,5000,1,0.999999792575385,4999.998962876924,10
12434,Blue One L,Far North,5000,0,0.619964855989144,3099.82427994572,8
12435,Blue One M,North,3000,0,0.003087866302886505,9.263598908659514,3
12436,Blue One M,West,3000,0,0.0014140324126131476,4.242097237839443,1
12437,Blue One M,Littoral,3000,1,0.9999992396921332,2999.9977190764,9
12438,Blue One L,North West,5000,1,0.9999997989256411,4999.998994628205,10
12440,Blue One L,South,5000,0,0.5466871592622697,2733.435796311349,6
12441,Blue One M,Adamawa,3000,1,0.9999994514272524,2999.998354281757,10
12442,Blue One L,Centre,5000,1,0.590365291512589,2951.826457562945,7
12443,Blue One M,East,3000,0,0.0015914952702881923,4.774485810864577,2
12444,Blue One L,East,5000,1,0.6183162530437836,3091.581265218918,8
12445,Blue One M,South,3000,1,0.4888804683757752,1466.6414051273257,5
12446,Blue One L,South West,5000,0,0.001449543418168596,7.24771709084298,2
12447,Blue One L,South West,5000,0,0.6002109520581476,3001.0547602907377,8
12448,Blue One L,North West,5000,1,0.6469104390190119,3234.5521950950597,8
12449,Blue One M,Far North,3000,0,0.5357840125921476,1607.3520377764428,6
12450,Blue One M,North,3000,1,0.5000301232047579,1500.0903696142739,5
12451,Blue One L,North West,5000,1,0.9999998701598083,4999.999350799041,10
12452,Blue One L,Littoral,5000,1,0.9999998201605335,4999.999100802667,10
12453,Blue One M,North,3000,1,0.5559820051561289,1667.9460154683868,6
12454,Blue One L,Adamawa,5000,1,0.577046361914915,2885.231809574575,7
12455,Blue One M,North,3000,0,0.003087866302886505,9.263598908659514,3
12456,Blue One M,West,3000,0,0.003394517770381962,10.183553311145886,3
12457,Blue One L,Adamawa,5000,1,0.6179503883098608,3089.7519415493043,8
12458,Blue One L,North West,5000,0,0.0016692619961587974,8.346309980793986,2
12459,Blue One M,North,3000,0,0.5509460604832822,1652.8381814498466,6
12460,Blue One L,East,5000,1,0.621563483430345,3107.817417151725,8
12461,Blue One L,Adamawa,5000,0,0.001309376050148289,6.546880250741445,1
12462,Blue One L,Centre,5000,0,0.5633416158667401,2816.708079333701,7
12463,Blue One M,Adamawa,3000,1,0.5269957188653092,1580.9871565959274,6
12464,Blue One L,South,5000,1,0.5101905980678725,2550.9529903393623,5
12465,Blue One M,North West,3000,1,0.5575368615914771,1672.6105847744313,6
12466,Blue One M,Littoral,3000,1,0.9999987925674032,2999.9963777022094,8
12467,Blue One M,Far North,3000,0,0.0013930128738972587,4.1790386216917765,1
12468,Blue One L,North,5000,1,0.5830185888052108,2915.0929440260543,7
12469,Blue One M,Centre,3000,1,0.5067200211450531,1520.1600634351594,5
12470,Blue One L,Littoral,5000,0,0.5612491445075554,2806.2457225377766,6
12471,Blue One L,West,5000,1,0.5574757671285816,2787.378835642908,6
12472,Blue One L,North West,5000,1,0.6001595156257934,3000.797578128967,8
12473,Blue One L,South West,5000,0,0.0011828647263287188,5.914323631643594,1
12474,Blue One L,North,5000,0,0.5571993694390829,2785.9968471954144,6
12475,Blue One L,Centre,5000,0,0.0014237768888681777,7.118884444340889,2
12476,Blue One L,Centre,5000,1,0.5852510028701758,2926.2550143508793,7
12477,Blue One L,North,5000,1,0.5625271034591623,2812.635517295812,7
12478,Blue One L,South,5000,0,0.568523853700353,2842.619268501765,7
12479,Blue One L,Centre,5000,0,0.0016585580788444306,8.292790394222154,2
12480,Blue One L,West,5000,1,0.571446010776588,2857.23005388294,7
12481,Blue One L,Littoral,5000,1,0.9999997813932555,4999.998906966278,10
12482,Blue One L,Far North,5000,1,0.9999998113173448,4999.999056586724,10
12483,Blue One L,North West,5000,1,0.5937466001101154,2968.733000550577,7
12484,Blue One L,Centre,5000,1,0.999999787104286,4999.99893552143,10
12485,Blue One L,South West,5000,1,0.5548751339721142,2774.3756698605707,6
12486,Blue One L,North,5000,0,0.0016370734132628458,8.185367066314228,2
12487,Blue One L,West,5000,1,0.9999998679966265,4999.999339983133,10
12488,Blue One M,Adamawa,3000,1,0.9999989123650387,2999.9967370951163,8
12489,Blue One M,North,3000,1,0.5012132187665389,1503.6396562996167,5
12490,Blue One L,North,5000,0,0.0015075195518795721,7.537597759397861,2
12492,Blue One L,South West,5000,1,0.611748586396449,3058.742931982245,8
12493,Blue One L,South,5000,0,0.5606037279135064,2803.0186395675323,6
12494,Blue One M,Adamawa,3000,0,0.5360015464481951,1608.0046393445853,6
12495,Blue One M,South West,3000,0,0.25982553802753766,779.476614082613,3
12496,Blue One M,South,3000,0,0.0005185766734237146,1.5557300202711437,1
12497,Blue One M,Centre,3000,0,0.4839679525504288,1451.9038576512864,5
12498,Blue One L,West,5000,1,0.9999998522250327,4999.999261125164,10
12499,Blue One L,North West,5000,1,0.5804123071395468,2902.061535697734,7
12500,Blue One L,East,5000,0,0.6422377988757788,3211.188994378894,8
12501,Blue One M,Adamawa,3000,1,0.9999989805829874,2999.9969417489624,9
12503,Blue One M,Littoral,3000,1,0.9999991751916248,2999.9975255748745,9
12504,Blue One L,West,5000,1,0.9999997900433851,4999.998950216926,10
12506,Blue One L,Adamawa,5000,1,0.9999997900384822,4999.998950192411,10
12507,Blue One L,North,5000,0,0.587601337253065,2938.006686265325,7
12508,Blue One L,West,5000,0,0.5485172509107435,2742.586254553718,6
12509,Blue One L,Adamawa,5000,1,0.577046361914915,2885.231809574575,7
12510,Blue One M,Littoral,3000,0,0.5666329760111514,1699.898928033454,7
12511,Blue One M,West,3000,0,0.5640496050950126,1692.1488152850377,7
12512,Blue One L,South West,5000,1,0.5707537984186722,2853.7689920933612,7
12513,Blue One L,West,5000,1,0.5882117026474271,2941.0585132371352,7
12514,Blue One L,Littoral,5000,1,0.574579278957682,2872.89639478841,7
12515,Blue One L,Littoral,5000,1,0.5271294008581305,2635.6470042906526,6
12516,Blue One L,Adamawa,5000,0,0.5924103921045693,2962.0519605228465,7
12517,Blue One L,North West,5000,0,0.5997887217127749,2998.9436085638745,8
12518,Blue One L,South,5000,1,0.9999997822093877,4999.998911046939,10
12519,Blue One L,Adamawa,5000,1,0.9999998716191538,4999.999358095769,10
12520,Blue One L,Littoral,5000,0,0.0015141250165450568,7.570625082725284,2
12521,Blue One M,North,3000,0,0.00040705733852302065,1.221172015569062,1
12522,Blue One M,Far North,3000,0,0.0014024668778706757,4.207400633612027,1
12523,Blue One M,West,3000,1,0.41781134758146815,1253.4340427444045,4
12524,Blue One M,Far North,3000,0,0.5489826173266275,1646.9478519798824,6
12525,Blue One M,North,3000,1,0.9999988860241203,2999.9966580723612,8
12526,Blue One M,South West,3000,0,0.002667237480433942,8.001712441301827,3
12527,Blue One M,Centre,3000,0,0.2613294253667468,783.9882761002405,3
12528,Blue One M,Far North,3000,0,0.0030768072398444043,9.230421719533213,3
12529,Blue One L,Littoral,5000,0,0.5314363148933285,2657.181574466643,6
12530,Blue One L,Littoral,5000,1,0.5393795421399614,2696.8977106998072,6
12531,Blue One M,South West,3000,1,0.5538533819187667,1661.5601457563,6
12534,Blue One L,West,5000,1,0.999999858352295,4999.9992917614745,10
12535,Blue One L,East,5000,0,0.0018508182361382625,9.254091180691313,2
12536,Blue One L,Centre,5000,0,0.5840899862746539,2920.4499313732695,7
12537,Blue One L,Adamawa,5000,0,0.0016259044343537503,8.129522171768752,2
12538,Blue One M,North,3000,0,0.0031208561776744147,9.362568533023245,3
12539,Blue One L,Far North,5000,0,0.0016297424288267573,8.148712144133787,2
12540,Blue One L,Far North,5000,0,0.0017219418817311161,8.609709408655581,2
12541,Blue One L,Littoral,5000,0,0.0011264961799276564,5.632480899638282,1
12542,Blue One L,West,5000,0,0.563966869271938,2819.83434635969,7
12543,Blue One L,North,5000,1,0.5955578496927293,2977.7892484636463,7
12544,Blue One M,Far North,3000,1,0.9999992813609138,2999.9978440827413,9
12545,Blue One L,North,5000,1,0.5865625246483737,2932.812623241868,7
12546,Blue One L,West,5000,0,0.0015714757449391227,7.8573787246956135,2
12547,Blue One L,Far North,5000,0,0.6182141706927139,3091.0708534635696,8
12548,Blue One L,South West,5000,0,0.001148640335170946,5.7432016758547295,1
12549,Blue One L,South,5000,0,0.0015101085740822791,7.5505428704113955,2
12550,Blue One L,Littoral,5000,1,0.5357264168205705,2678.632084102853,6
12551,Blue One M,South,3000,0,0.002841214067988902,8.523642203966707,3
12552,Blue One M,Far North,3000,1,0.2880011620712336,864.0034862137009,3
12553,Blue One M,Far North,3000,0,0.2730576249038941,819.1728747116824,3
12554,Blue One M,North West,3000,0,0.00389952778399957,11.69858335199871,3
12555,Blue One L,West,5000,0,0.5481104576862494,2740.5522884312472,6
12556,Blue One L,North,5000,0,0.0013911146317566805,6.955573158783403,1
12557,Blue One L,Far North,5000,0,0.5902006095466636,2951.0030477333185,7
12558,Blue One L,East,5000,0,0.001762741688017984,8.81370844008992,2
12560,Blue One L,North West,5000,1,0.999999872936962,4999.99936468481,10
12561,Blue One L,North West,5000,0,0.5626803597717678,2813.401798858839,7
12562,Blue One L,West,5000,1,0.9999997334272335,4999.998667136168,10
12563,Blue One L,Adamawa,5000,1,0.6144197778266776,3072.0988891333877,8
12564,Blue One L,North,5000,0,0.5648309188257623,2824.1545941288114,7
12565,Blue One M,Littoral,3000,1,0.40065709080702683,1201.9712724210806,4
12566,Blue One M,East,3000,0,0.4571678426443614,1371.5035279330841,4
12567,Blue One M,West,3000,1,0.9999990308585962,2999.9970925757884,9
12568,Blue One M,East,3000,1,0.9999989318445422,2999.996795533627,9
12569,Blue One L,Centre,5000,1,0.9999998640316229,4999.999320158115,10
12570,Blue One L,Centre,5000,0,0.0013569856381744935,6.784928190872468,1
12571,Blue One L,Adamawa,5000,1,0.9999997420820689,4999.998710410345,10
12572,Blue One L,South West,5000,1,0.9999997775949359,4999.998887974679,10
12573,Blue One L,Adamawa,5000,0,0.6133096001756935,3066.5480008784675,8
12574,Blue One L,West,5000,1,0.5657430763398918,2828.715381699459,7
12575,Blue One L,Littoral,5000,1,0.5542815240296255,2771.4076201481275,6
12576,Blue One L,East,5000,0,0.0017475863866113733,8.737931933056867,2
12577,Blue One L,South West,5000,1,0.5571995614835683,2785.9978074178416,6
12578,Blue One L,South,5000,1,0.9999998697905316,4999.999348952658,10
12579,Blue One L,West,5000,1,0.9999997678791431,4999.998839395716,10
12580,Blue One M,North West,3000,1,0.5896062317314363,1768.818695194309,7
12581,Blue One L,Adamawa,5000,0,0.5980876321261149,2990.4381606305747,7
12582,Blue One M,Adamawa,3000,0,0.44162509955117263,1324.8752986535178,4
12583,Blue One L,Centre,5000,1,0.9999997772364076,4999.998886182038,10
12584,Blue One L,North West,5000,1,0.9999997966897187,4999.998983448593,10
12585,Blue One L,North,5000,1,0.9999997661118639,4999.99883055932,10
12586,Blue One L,Adamawa,5000,1,0.5972253741454253,2986.1268707271265,7
12587,Blue One L,West,5000,1,0.9999997671608079,4999.998835804039,10
12588,Blue One L,West,5000,0,0.0015625078254337082,7.812539127168542,2
12589,Blue One L,Far North,5000,1,0.6280649616583439,3140.3248082917194,8
12590,Blue One L,South West,5000,0,0.0014910389785672867,7.455194892836434,2
12591,Blue One L,South West,5000,1,0.5740952863319936,2870.476431659968,7
12592,Blue One L,Adamawa,5000,0,0.610043595576546,3050.21797788273,8
12593,Blue One L,Adamawa,5000,1,0.6121866616684002,3060.933308342001,8
12594,Blue One L,Adamawa,5000,1,0.5931680351688576,2965.8401758442883,7
12595,Blue One L,Adamawa,5000,1,0.9999998512290419,4999.999256145209,10
12596,Blue One L,Centre,5000,1,0.9999997721972512,4999.998860986256,10
12597,Blue One L,Centre,5000,0,0.001538669833533858,7.69334916766929,2
12598,Blue One L,Centre,5000,1,0.5649551178857531,2824.7755894287657,7
12599,Blue One L,Littoral,5000,1,0.9999997768930251,4999.998884465125,10
12600,Blue One L,Far North,5000,1,0.9999998365966105,4999.999182983052,10
12601,Blue One L,Far North,5000,1,0.9999997937030779,4999.99896851539,10
12602,Blue One L,South,5000,1,0.6145827079074193,3072.9135395370968,8
12603,Blue One L,South,5000,1,0.9999998553690506,4999.999276845253,10
12604,Blue One L,North,5000,1,0.59036302582486,2951.8151291243,7
12605,Blue One M,Far North,3000,1,0.5887058406263089,1766.1175218789267,7
12606,Blue One M,Littoral,3000,0,0.00333447430656784,10.003422919703521,3
12607,Blue One M,West,3000,1,0.5335413606389205,1600.6240819167617,6
12608,Blue One M,East,3000,0,0.002927262147702548,8.781786443107643,3
12609,Blue One M,North,3000,0,0.5253842429590224,1576.1527288770671,6
12610,Blue One M,Littoral,3000,1,0.5065844423843174,1519.7533271529524,5
12611,Blue One M,North,3000,1,0.5034797679633454,1510.4393038900362,5
12612,Blue One M,South,3000,0,0.0026568388457089954,7.970516537126986,3
12613,Blue One M,East,3000,1,0.9999989166244612,2999.9967498733836,8
12614,Blue One M,South,3000,0,0.4544549977293169,1363.3649931879506,4
12615,Blue One M,Far North,3000,1,0.9999986585704763,2999.995975711429,8
12616,Blue One M,Far North,3000,0,0.0014357197125216409,4.3071591375649225,2
12617,Blue One M,South,3000,0,0.002807117431464323,8.42135229439297,3
12618,Blue One M,South,3000,1,0.9999990058500303,2999.997017550091,9
12619,Blue One M,Far North,3000,0,0.0029674740035608234,8.90242201068247,3
12620,Blue One M,Centre,3000,1,0.9999990397957258,2999.9971193871775,9
12621,Blue One M,West,3000,0,0.0012954513745857955,3.8863541237573864,1
12622,Blue One M,Adamawa,3000,1,0.999999172621552,2999.997517864656,9
12623,Blue One M,East,3000,0,0.4670529685977104,1401.1589057931312,5
12624,Blue One M,Adamawa,3000,1,0.46188827168689284,1385.6648150606786,5
12625,Blue One M,Adamawa,3000,1,0.4633497961359512,1390.0493884078535,5
12626,Blue One M,East,3000,1,0.5150426988405254,1545.1280965215763,5
12627,Blue One M,Centre,3000,0,0.00171899992405882,5.15699977217646,2
12628,Blue One M,East,3000,1,0.9999993409605044,2999.998022881513,9
12629,Blue One M,Littoral,3000,0,0.47902569837796927,1437.0770951339077,5
12630,Blue One M,Centre,3000,0,0.4636575348336882,1390.9726045010646,5
12631,Blue One M,Centre,3000,1,0.5097704515671706,1529.3113547015118,5
12632,Blue One M,West,3000,0,0.0027821736360428575,8.346520908128573,3
12633,Blue One M,South,3000,1,0.46698827031518375,1400.9648109455513,5
12634,Blue One M,West,3000,0,0.002847053723766349,8.541161171299047,3
12635,Blue One M,Far North,3000,1,0.32303317350814176,969.0995205244253,4
12636,Blue One M,North West,3000,0,0.5388152257251189,1616.4456771753566,6
12637,Blue One M,Littoral,3000,0,0.0026974614932614867,8.09238447978446,3
12638,Blue One M,Adamawa,3000,1,0.9999991461771918,2999.9974385315754,9
12639,Blue One L,Adamawa,5000,0,0.6228430190215934,3114.215095107967,8
12640,Blue One L,South,5000,1,0.613378236551965,3066.891182759825,8
12641,Blue One L,North,5000,0,0.0014530068272228026,7.2650341361140125,2
12642,Blue One L,South,5000,0,0.5939950346129547,2969.975173064773,7
12643,Blue One L,West,5000,0,0.507106678068587,2535.533390342935,5
12644,Blue One L,Adamawa,5000,1,0.6198069152469808,3099.0345762349043,8
12645,Blue One L,South,5000,1,0.6119715578643543,3059.8577893217716,8
12646,Blue One M,South,3000,1,0.5651105590646623,1695.331677193987,7
12647,Blue One L,Littoral,5000,0,0.0015052630079711755,7.526315039855878,2
12648,Blue One L,West,5000,1,0.5959921542763286,2979.9607713816426,7
12649,Blue One L,Littoral,5000,1,0.5999328241685987,2999.6641208429937,8
12650,Blue One L,West,5000,1,0.5670396706696508,2835.198353348254,7
12651,Blue One M,North,3000,0,0.003087866302886505,9.263598908659514,3
12652,Blue One L,West,5000,1,0.5674308973756907,2837.1544868784536,7
12653,Blue One L,West,5000,0,0.0013441947242716775,6.720973621358388,1
12654,Blue One L,North West,5000,1,0.5978411425749798,2989.205712874899,7
12655,Blue One L,South West,5000,1,0.9999998077188837,4999.999038594418,10
12656,Blue One M,East,3000,1,0.9999990624895326,2999.997187468598,9
12657,Blue One M,Far North,3000,1,0.9999992691209851,2999.9978073629554,9
12658,Blue One M,South,3000,0,0.24199054358377367,725.971630751321,3
12659,Blue One M,East,3000,0,0.0038091706904086736,11.42751207122602,3
12660,Blue One L,Littoral,5000,0,0.001498239968216303,7.4911998410815155,2
12661,Blue One M,North West,3000,1,0.6099029233868135,1829.7087701604405,8
12662,Blue One L,South,5000,0,0.5585401981848576,2792.700990924288,6
12663,Blue One M,North West,3000,0,0.5911125127846848,1773.3375383540545,7
12664,Blue One M,Adamawa,3000,1,0.4709785453390659,1412.9356360171978,5
12665,Blue One L,East,5000,1,0.9999998521285646,4999.999260642823,10
12666,Blue One M,South,3000,1,0.9999993891845725,2999.9981675537174,10
12667,Blue One M,Centre,3000,0,0.5641342976393652,1692.4028929180956,7
12668,Blue One M,West,3000,1,0.5698469918848537,1709.540975654561,7
12669,Blue One L,Littoral,5000,0,0.5549985471454508,2774.992735727254,6
12670,Blue One L,Centre,5000,1,0.9999998356823318,4999.999178411659,10
12671,Blue One M,East,3000,1,0.9999991471455919,2999.9974414367757,9
12672,Blue One L,Far North,5000,1,0.9999998352973436,4999.999176486718,10
12673,Blue One L,Far North,5000,1,0.5706922494026636,2853.461247013318,7
12675,Blue One L,North West,5000,0,0.5758073424076764,2879.036712038382,7
12676,Blue One L,North,5000,0,0.0015972571022195379,7.986285511097689,2
12677,Blue One L,West,5000,0,0.596651803673754,2983.2590183687703,7
12678,Blue One L,South West,5000,1,0.4998440206481433,2499.2201032407165,5
12679,Blue One M,East,3000,0,0.5139601056135144,1541.880316840543,5
12680,Blue One L,South,5000,1,0.9999997846045587,4999.998923022794,10
12681,Blue One L,North,5000,1,0.609532868258869,3047.664341294345,8
12682,Blue One L,Adamawa,5000,1,0.6427559551586127,3213.7797757930634,8
12683,Blue One L,North West,5000,1,0.999999809642981,4999.999048214905,10
12684,Blue One M,North West,3000,0,0.5400899297793794,1620.2697893381383,6
12685,Blue One L,North,5000,1,0.9999998180445437,4999.999090222719,10
12686,Blue One M,Adamawa,3000,1,0.5855117880347969,1756.5353641043905,7
12687,Blue One L,North,5000,1,0.9999998201085133,4999.999100542566,10
12688,Blue One L,West,5000,0,0.0014510000811971343,7.255000405985672,2
12689,Blue One M,North,3000,0,0.49600728195297433,1488.021845858923,5
12690,Blue One L,North West,5000,1,0.9999998425872919,4999.999212936459,10
12691,Blue One M,North West,3000,0,0.003577517027353417,10.732551082060251,3
12692,Blue One M,Far North,3000,0,0.5781354238371489,1734.4062715114467,7
12693,Blue One L,East,5000,0,0.581826844898615,2909.134224493075,7
12694,Blue One L,Adamawa,5000,0,0.6206285652768513,3103.1428263842563,8
12695,Blue One L,South,5000,0,0.615231599642509,3076.157998212545,8
12696,Blue One L,Far North,5000,1,0.9999998794897028,4999.999397448514,10
12697,Blue One L,Centre,5000,1,0.6095350980453939,3047.6754902269695,8
12698,Blue One L,Centre,5000,0,0.0013023052824639053,6.511526412319526,1
12699,Blue One L,South West,5000,0,0.5344652584125807,2672.3262920629036,6
12700,Blue One M,Far North,3000,0,0.0038793195159625886,11.637958547887767,3
12701,Blue One L,Far North,5000,1,0.9999998401397421,4999.99920069871,10
12702,Blue One L,North,5000,0,0.0015279861495529048,7.639930747764525,2
12703,Blue One L,South West,5000,1,0.9999998515521782,4999.999257760891,10
12704,Blue One M,Far North,3000,0,0.0014217178811159025,4.265153643347707,2
12705,Blue One S,South,2000,0,0.0001749088352719965,0.349817670543993,1
12706,Blue One M,Adamawa,3000,0,0.0004330720017068204,1.299216005120461,1
12707,Blue One M,North West,3000,1,0.5100560075739083,1530.168022721725,5
12708,Blue One M,East,3000,0,0.44529871619332556,1335.8961485799766,4
12709,Blue One M,East,3000,0,0.44231008276847095,1326.9302483054128,4
12710,Blue One M,South,3000,0,0.41397093134150015,1241.9127940245005,4
12711,Blue One M,North West,3000,0,0.0013736758705504587,4.121027611651376,1
12712,Blue One M,Littoral,3000,0,0.41003520567960006,1230.1056170388001,4
12713,Blue One M,South,3000,1,0.4109285078274603,1232.785523482381,4
12714,Blue One M,Littoral,3000,0,0.0012389410320918805,3.7168230962756414,1
12715,Blue One M,Adamawa,3000,1,0.6088695312602406,1826.6085937807218,8
12716,Blue One M,East,3000,0,0.0036466571812958874,10.939971543887662,3
12717,Blue One M,East,3000,0,0.5509350366735822,1652.8051100207467,6
12718,Blue One M,Littoral,3000,1,0.9999989376137666,2999.9968128412997,9
12719,Blue One M,Centre,3000,0,0.555602891940153,1666.808675820459,6
12720,Blue One M,North West,3000,1,0.5899800105021136,1769.9400315063408,7
12721,Blue One M,South,3000,0,0.0032280270525199156,9.684081157559747,3
12722,Blue One M,South West,3000,1,0.5502561248468728,1650.7683745406184,6
12723,Blue One M,Centre,3000,0,0.003416660753777541,10.249982261332622,3
12724,Blue One M,East,3000,0,0.5567697801653043,1670.309340495913,6
12725,Blue One M,South West,3000,1,0.5494792635588649,1648.4377906765947,6
12726,Blue One M,Centre,3000,1,0.4860090738063769,1458.0272214191307,5
12727,Blue One L,South,5000,0,0.5875275514557239,2937.6377572786196,7
12728,Blue One L,Adamawa,5000,1,0.9999998407877919,4999.99920393896,10
12729,Blue One M,Far North,3000,0,0.0017662299377513054,5.298689813253916,2
12730,Blue One L,North West,5000,1,0.9999998719328953,4999.999359664476,10
12731,Blue One L,North,5000,1,0.9999998468188868,4999.999234094434,10
12732,Blue One L,North,5000,1,0.9999998331400785,4999.999165700392,10
12733,Blue One L,North,5000,1,0.9999998181170151,4999.9990905850755,10
12734,Blue One L,South,5000,0,0.0013122570070398846,6.561285035199423,1
12735,Blue One L,South,5000,0,0.5469456260627904,2734.728130313952,6
12736,Blue One L,South,5000,1,0.5410881521253851,2705.4407606269256,6
12737,Blue One M,Far North,3000,0,0.5431294805930775,1629.3884417792326,6
12738,Blue One M,West,3000,0,0.002780933309280288,8.342799927840865,3
12739,Blue One M,East,3000,0,0.4669254058685764,1400.7762176057292,5
12740,Blue One M,Littoral,3000,0,0.0015205868370284465,4.56176051108534,2
12741,Blue One M,East,3000,1,0.49715613119726615,1491.4683935917985,5
12742,Blue One M,West,3000,1,0.9999992717397749,2999.997815219325,9
12743,Blue One M,North,3000,0,0.43991185868136423,1319.7355760440928,4
12744,Blue One M,South,3000,1,0.503702474458822,1511.107423376466,5
12745,Blue One M,West,3000,1,0.9999992830793859,2999.997849238158,9
12746,Blue One M,North West,3000,0,0.4654833833363443,1396.450150009033,5
12747,Blue One M,South,3000,0,0.000483332666196139,1.449997998588417,1
12748,Blue One M,East,3000,1,0.9999990857366917,2999.997257210075,9
12749,Blue One M,South West,3000,0,0.428235119973938,1284.7053599218139,4
12750,Blue One M,South West,3000,0,0.0033124027883048458,9.937208364914538,3
12751,Blue One M,Centre,3000,1,0.9999990127263002,2999.9970381789008,9
12752,Blue One M,North,3000,1,0.5567687372753441,1670.3062118260325,6
12753,Blue One M,North West,3000,1,0.5161366279260937,1548.4098837782813,5
12754,Blue One M,Far North,3000,0,0.5262810684016367,1578.84320520491,6
12755,Blue One M,West,3000,1,0.9999989320639572,2999.9967961918715,9
12756,Blue One M,South,3000,1,0.5708252045314185,1712.4756135942555,7
12757,Blue One M,North West,3000,0,0.5389263389315586,1616.7790167946757,6
12758,Blue One M,Centre,3000,0,0.5254859142508799,1576.4577427526397,6
12759,Blue One M,East,3000,0,0.0030722746691741448,9.216824007522435,3
12760,Blue One M,Littoral,3000,0,0.002453402086023001,7.360206258069003,2
12761,Blue One M,West,3000,0,0.002820172543387016,8.460517630161048,3
12762,Blue One M,Littoral,3000,0,0.0016212297627401207,4.863689288220362,2
12766,Blue One M,West,3000,0,0.003154396462683627,9.46318938805088,3
12767,Blue One M,Centre,3000,1,0.3154222011831317,946.2666035493951,4
12769,Blue One M,South,3000,1,0.5773423807070615,1732.0271421211844,7
12770,Blue One M,South,3000,1,0.9999990330603953,2999.997099181186,9
12771,Blue One M,South West,3000,0,0.5646162586153253,1693.8487758459758,7
12772,Blue One M,North West,3000,1,0.9999991404645633,2999.99742139369,9
12773,Blue One M,Far North,3000,0,0.5833877387273732,1750.1632161821194,7
12774,Blue One M,North West,3000,1,0.5877121523439439,1763.1364570318317,7
12775,Blue One M,West,3000,1,0.5082273009639185,1524.6819028917557,5
12776,Blue One M,North West,3000,0,0.4248613980333066,1274.5841940999198,4
12777,Blue One L,Far North,5000,1,0.9999998514764691,4999.999257382346,10
12778,Blue One L,South West,5000,1,0.5330513648490391,2665.2568242451957,6
12779,Blue One M,West,3000,0,0.00260952288341881,7.82856865025643,2
12780,Blue One L,South West,5000,1,0.9999998140587075,4999.999070293537,10
12781,Blue One L,Far North,5000,0,0.5849039630132782,2924.519815066391,7
12782,Blue One L,East,5000,1,0.5885079174458021,2942.5395872290105,7
12783,Blue One L,Littoral,5000,1,0.5587607467540688,2793.803733770344,6
12784,Blue One L,Centre,5000,1,0.9999998665747285,4999.999332873643,10
12785,Blue One L,Littoral,5000,0,0.5329991311320428,2664.9956556602137,6
12786,Blue One L,Far North,5000,0,0.6356836338680196,3178.4181693400983,8
12787,Blue One L,Adamawa,5000,1,0.9999998691849596,4999.999345924798,10
12788,Blue One L,Centre,5000,0,0.6142910572980586,3071.4552864902926,8
12789,Blue One M,South,3000,0,0.573227877021453,1719.683631064359,7
12790,Blue One M,Littoral,3000,0,0.566914506219472,1700.7435186584162,7
12791,Blue One L,Centre,5000,1,0.999999856390444,4999.9992819522195,10
12792,Blue One M,Far North,3000,1,0.49506016589291635,1485.1804976787491,5
12793,Blue One L,North,5000,1,0.9999998601278928,4999.999300639463,10
12794,Blue One L,South West,5000,1,0.5873000062400235,2936.5000312001175,7
12795,Blue One L,Far North,5000,1,0.6189547003904818,3094.7735019524093,8
12796,Blue One L,Littoral,5000,1,0.5432881555241356,2716.4407776206776,6
12797,Blue One L,Centre,5000,1,0.4883747260140301,2441.8736300701503,5
12798,Blue One L,West,5000,0,0.6087174178334186,3043.587089167093,8
12799,Blue One L,East,5000,1,0.9999998703577772,4999.999351788886,10
12800,Blue One L,South West,5000,1,0.9999998489636429,4999.999244818215,10
12801,Blue One L,South,5000,1,0.5373500485359042,2686.750242679521,6
12802,Blue One L,Littoral,5000,0,0.0012926283836189674,6.463141918094837,1
12803,Blue One L,South,5000,0,0.6063730025134273,3031.8650125671365,8
12804,Blue One L,North,5000,1,0.5831272917658803,2915.6364588294014,7
12805,Blue One L,Far North,5000,1,0.616366215739796,3081.83107869898,8
12806,Blue One L,West,5000,0,0.5404242661248625,2702.1213306243126,6
12807,Blue One L,North West,5000,1,0.9999998812044423,4999.999406022212,10
12808,Blue One L,Adamawa,5000,1,0.6297742196491437,3148.8710982457187,8
12809,Blue One L,East,5000,1,0.6251544530009918,3125.772265004959,8
12810,Blue One M,Adamawa,3000,0,0.5405828913234204,1621.7486739702613,6
12811,Blue One L,East,5000,1,0.9999998787447797,4999.999393723899,10
12812,Blue One L,Littoral,5000,0,0.5340277124592144,2670.138562296072,6
12813,Blue One M,East,3000,0,0.0031390604098224446,9.417181229467333,3
12814,Blue One L,Adamawa,5000,1,0.9999998407800248,4999.999203900124,10
12815,Blue One L,Far North,5000,0,0.0010787394957419544,5.393697478709772,1
12816,Blue One L,Centre,5000,0,0.0012126103524969492,6.063051762484746,1
12817,Blue One M,South West,3000,0,0.5737659414584105,1721.2978243752316,7
12818,Blue One L,East,5000,0,0.522990486108583,2614.952430542915,6
12819,Blue One L,East,5000,1,0.999999854887222,4999.99927443611,10
12820,Blue One L,Adamawa,5000,0,0.5694537862893232,2847.268931446616,7
12821,Blue One L,North West,5000,0,0.0013866229470851782,6.933114735425891,1
12822,Blue One L,Centre,5000,0,0.5438985914740135,2719.492957370068,6
12823,Blue One L,Littoral,5000,0,0.0011722440105943553,5.861220052971777,1
12824,Blue One L,North West,5000,1,0.9999998521974892,4999.999260987446,10
12825,Blue One L,North West,5000,1,0.5921745765209797,2960.8728826048987,7
12826,Blue One M,Littoral,3000,0,0.5704825271229296,1711.4475813687886,7
12827,Blue One L,West,5000,1,0.9999998338803099,4999.99916940155,10
12828,Blue One L,South,5000,1,0.9999998073366405,4999.999036683203,10
12829,Blue One L,Centre,5000,0,0.5676012380798965,2838.0061903994824,7
12830,Blue One L,Centre,5000,0,0.0013034904889305415,6.517452444652707,1
12831,Blue One L,South,5000,1,0.5430419865379089,2715.2099326895445,6
12832,Blue One L,South West,5000,1,0.5323570783631971,2661.785391815986,6
12833,Blue One L,Adamawa,5000,1,0.9999998392737294,4999.999196368647,10
12834,Blue One L,West,5000,1,0.9999998341367569,4999.9991706837845,10
12835,Blue One L,West,5000,0,0.0013088219758656903,6.544109879328452,1
12836,Blue One M,South,3000,0,0.5635672120718103,1690.7016362154309,7
12837,Blue One M,Adamawa,3000,0,0.44133035506636126,1323.9910651990838,4
12838,Blue One L,Centre,5000,1,0.5667329358402163,2833.6646792010815,7
12839,Blue One M,South,3000,1,0.5585369605437538,1675.6108816312615,6
12840,Blue One M,North West,3000,1,0.9999991227274141,2999.997368182242,9
12841,Blue One L,Centre,5000,0,0.0012912902007515142,6.456451003757571,1
12842,Blue One L,South West,5000,1,0.5463485145299628,2731.742572649814,6
12843,Blue One M,Centre,3000,1,0.5650038104480319,1695.0114313440959,7
12844,Blue One M,Littoral,3000,0,0.0032992337955252537,9.897701386575761,3
12845,Blue One L,South West,5000,0,0.5392957584904552,2696.478792452276,6
12846,Blue One L,Adamawa,5000,1,0.9999998402158607,4999.999201079304,10
12847,Blue One L,Littoral,5000,1,0.5409508644753342,2704.754322376671,6
12848,Blue One L,South,5000,1,0.5604560500074401,2802.280250037201,6
12849,Blue One M,East,3000,1,0.999999319947726,2999.997959843178,9
12850,Blue One L,Littoral,5000,0,0.5569416518461745,2784.7082592308725,6
12851,Blue One L,Littoral,5000,0,0.001269542297187426,6.34771148593713,1
12852,Blue One M,Far North,3000,1,0.9999991240497742,2999.9973721493225,9
12853,Blue One M,South West,3000,0,0.0030828166327127706,9.248449898138311,3
12854,Blue One M,South,3000,1,0.9999987214100373,2999.996164230112,8
12855,Blue One M,South West,3000,1,0.5147291565521052,1544.1874696563154,5
12856,Blue One M,South West,3000,0,0.5692398670905393,1707.7196012716179,7
12857,Blue One M,South West,3000,0,0.5123768905375562,1537.1306716126685,5
12858,Blue One M,South,3000,1,0.9999990274065051,2999.9970822195155,9
12859,Blue One M,South,3000,1,0.9999989802967693,2999.996940890308,9
12860,Blue One M,West,3000,1,0.562113164119969,1686.3394923599071,7
12861,Blue One M,Centre,3000,1,0.9999990548386974,2999.997164516092,9
12863,Blue One M,East,3000,0,0.5932856557054633,1779.85696711639,7
12864,Blue One L,Centre,5000,1,0.9999998234130735,4999.9991170653675,10
12865,Blue One L,North,5000,1,0.9999998140026227,4999.999070013114,10
12866,Blue One M,North West,3000,0,0.6135357437616783,1840.607231285035,8
12868,Blue One L,South West,5000,1,0.9999998245909761,4999.9991229548805,10
12869,Blue One M,Centre,3000,1,0.9999990522913611,2999.9971568740834,9
12870,Blue One M,North West,3000,0,0.003501265365507138,10.503796096521414,3
12871,Blue One M,Centre,3000,0,0.5806852582514145,1742.0557747542434,7
12872,Blue One M,West,3000,0,0.5794723755330167,1738.41712659905,7
12873,Blue One L,Far North,5000,1,0.5703136934631948,2851.568467315974,7
12874,Blue One M,South,3000,0,0.5643270473585684,1692.9811420757053,7
12875,Blue One M,Far North,3000,1,0.9999990570969908,2999.9971712909723,9
12876,Blue One L,North West,5000,0,0.5249584793443259,2624.7923967216298,6
12877,Blue One L,East,5000,0,0.001489311469807125,7.446557349035625,2
12878,Blue One M,Centre,3000,0,0.00353642954811908,10.609288644357239,3
12879,Blue One L,Littoral,5000,1,0.9999998276553506,4999.999138276753,10
12880,Blue One L,Littoral,5000,1,0.9999998170246114,4999.999085123057,10
12881,Blue One M,West,3000,1,0.5798606918206005,1739.5820754618017,7
12882,Blue One M,North,3000,0,0.0026649431753031703,7.994829525909511,3
12883,Blue One M,South West,3000,1,0.9999991851676093,2999.997555502828,9
12884,Blue One L,Littoral,5000,0,0.0015029427527706637,7.514713763853319,2
12885,Blue One L,South West,5000,1,0.5839751934394077,2919.875967197039,7
12886,Blue One L,North West,5000,1,0.6376275597224552,3188.137798612276,8
12887,Blue One L,Adamawa,5000,1,0.6143214222041438,3071.607111020719,8
12888,Blue One M,South West,3000,1,0.3004215690219847,901.2647070659541,3
12889,Blue One L,Centre,5000,0,0.6087878326323387,3043.9391631616936,8
12890,Blue One L,Adamawa,5000,1,0.593483892058109,2967.419460290545,7
12891,Blue One L,South West,5000,0,0.0014108409587900797,7.054204793950398,1
12892,Blue One M,North West,3000,0,0.3296120337639446,988.8361012918338,4
12893,Blue One M,Adamawa,3000,1,0.581783230304624,1745.3496909138719,7
12894,Blue One L,South,5000,1,0.566643890045437,2833.219450227185,7
12895,Blue One L,North,5000,1,0.5640132739212249,2820.0663696061247,7
12896,Blue One L,West,5000,1,0.999999823624941,4999.999118124705,10
12897,Blue One L,Far North,5000,1,0.5696300793873715,2848.1503969368578,7
12898,Blue One L,Far North,5000,0,0.0013621663005849174,6.810831502924587,1
12899,Blue One L,West,5000,1,0.5461601831134398,2730.8009155671994,6
12900,Blue One L,South,5000,1,0.9999997935925693,4999.998967962846,10
12901,Blue One L,South West,5000,1,0.55519842706987,2775.99213534935,6
12902,Blue One L,Littoral,5000,0,0.49829647324739784,2491.482366236989,5
12903,Blue One L,West,5000,0,0.0012314630662106862,6.1573153310534305,1
12904,Blue One L,East,5000,1,0.5791457424350802,2895.728712175401,7
12905,Blue One L,Adamawa,5000,0,0.5702231442017616,2851.1157210088077,7
12906,Blue One L,Littoral,5000,1,0.9999998305333168,4999.9991526665835,10
12907,Blue One L,Centre,5000,1,0.9999998251291554,4999.999125645777,10
12908,Blue One L,Centre,5000,0,0.0012361860854556784,6.180930427278391,1
12909,Blue One L,West,5000,0,0.0012391476974193232,6.195738487096616,1
12910,Blue One L,Centre,5000,1,0.9999998253295422,4999.999126647711,10
12911,Blue One L,West,5000,1,0.9999998256341172,4999.999128170586,10
12912,Blue One M,Far North,3000,0,0.58757132337963,1762.71397013889,7
12913,Blue One M,East,3000,0,0.003946957692781619,11.840873078344856,3
12914,Blue One M,South West,3000,0,0.003017517405682574,9.052552217047722,3
12915,Blue One L,North,5000,0,0.0009189295948498263,4.594647974249131,1
12916,Blue One L,South West,5000,1,0.9999998269779069,4999.999134889535,10
12917,Blue One L,Adamawa,5000,1,0.9999998417840895,4999.999208920448,10
12918,Blue One M,North West,3000,0,0.5616869697781048,1685.0609093343146,6
12919,Blue One L,South West,5000,1,0.9999998501477922,4999.999250738962,10
12920,Blue One M,West,3000,0,0.0017436299647313636,5.230889894194091,2
12921,Blue One L,Far North,5000,0,0.0010906155680216218,5.453077840108109,1
12922,Blue One M,Far North,3000,0,0.003528535440197083,10.585606320591248,3
12923,Blue One L,East,5000,0,0.5856519644140121,2928.2598220700606,7
12924,Blue One M,Far North,3000,0,0.0036164959256398967,10.84948777691969,3
12925,Blue One L,Centre,5000,0,0.0012989573996651507,6.494786998325753,1
12926,Blue One L,Adamawa,5000,0,0.0016445284357600048,8.222642178800024,2
12927,Blue One L,Adamawa,5000,0,0.6247016479414551,3123.5082397072756,8
12928,Blue One L,South West,5000,1,0.9999998554815344,4999.999277407672,10
12929,Blue One L,East,5000,0,0.001449262934037507,7.246314670187536,2
12930,Blue One L,South West,5000,1,0.6024916149069988,3012.458074534994,8
12931,Blue One M,South West,3000,1,0.9999986715522999,2999.9960146568997,8
12932,Blue One L,South,5000,1,0.9999998640906675,4999.9993204533375,10
12933,Blue One L,Littoral,5000,0,0.0011907634561984276,5.953817280992138,1
12934,Blue One L,Littoral,5000,1,0.5530537593973166,2765.268796986583,6
12935,Blue One M,North,3000,0,0.5023841050780663,1507.1523152341988,5
12936,Blue One M,Littoral,3000,1,0.572312603706077,1716.937811118231,7
12937,Blue One M,North West,3000,0,0.0038493489001555758,11.548046700466728,3
12938,Blue One M,Adamawa,3000,1,0.9999993453530824,2999.998036059247,9
12939,Blue One L,North West,5000,1,0.6387090487877879,3193.5452439389396,8
12940,Blue One L,North West,5000,1,0.6379844558491362,3189.9222792456812,8
12941,Blue One L,Littoral,5000,1,0.9999998612646431,4999.999306323216,10
12942,Blue One L,Far North,5000,0,0.001650217927815417,8.251089639077085,2
12943,Blue One M,North,3000,0,0.40390547150408235,1211.716414512247,4
12944,Blue One L,Far North,5000,1,0.5190454190068808,2595.227095034404,6
12945,Blue One L,South,5000,0,0.0015659074200164577,7.829537100082288,2
12946,Blue One L,Littoral,5000,0,0.5393916624090672,2696.9583120453362,6
12947,Blue One L,South,5000,1,0.9999998514621821,4999.99925731091,10
12948,Blue One L,Adamawa,5000,1,0.636623854280242,3183.1192714012104,8
12949,Blue One L,Littoral,5000,1,0.6013430213638505,3006.7151068192525,8
12950,Blue One L,North West,5000,1,0.9999998425872919,4999.999212936459,10
12951,Blue One M,West,3000,0,0.0032446368563501665,9.733910569050499,3
12952,Blue One L,North,5000,1,0.9999998348932724,4999.999174466362,10
12953,Blue One L,Littoral,5000,0,0.0012425428461329915,6.212714230664957,1
12954,Blue One M,Littoral,3000,1,0.9999988104314947,2999.9964312944844,8
12955,Blue One M,Far North,3000,1,0.5158100922146687,1547.430276644006,5
12956,Blue One M,East,3000,1,0.5921668011324216,1776.5004033972648,7
12957,Blue One L,Centre,5000,0,0.0012492961909289202,6.246480954644602,1
12958,Blue One L,South,5000,1,0.9999998324896785,4999.999162448393,10
12959,Blue One L,East,5000,0,0.0014189781881550566,7.094890940775283,1
12960,Blue One M,East,3000,0,0.3327416443094922,998.2249329284766,4
12961,Blue One L,Far North,5000,1,0.5299560977984304,2649.780488992152,6
12962,Blue One M,South,3000,1,0.9999988034549485,2999.9964103648454,8
12963,Blue One M,Centre,3000,1,0.5803209150807619,1740.9627452422856,7
12964,Blue One L,North West,5000,1,0.5974579081566843,2987.2895407834217,7
12965,Blue One M,Centre,3000,1,0.9999989826950688,2999.9969480852064,9
12966,Blue One M,Littoral,3000,0,0.2504653069824169,751.3959209472508,3
12967,Blue One M,Far North,3000,1,0.5864240435866382,1759.2721307599147,7
12968,Blue One M,East,3000,1,0.999999101681771,2999.9973050453127,9
12969,Blue One L,Far North,5000,1,0.9999998689138926,4999.999344569463,10
12970,Blue One L,West,5000,1,0.9999998652189552,4999.999326094776,10
12971,Blue One L,South,5000,0,0.0010166935444676341,5.08346772233817,1
12972,Blue One L,Adamawa,5000,1,0.6165614786401001,3082.807393200501,8
12973,Blue One M,North West,3000,0,0.608396762969175,1825.190288907525,8
12974,Blue One L,Littoral,5000,1,0.5798514909977404,2899.2574549887017,7
12975,Blue One L,East,5000,0,0.0011961884254987557,5.980942127493779,1
12976,Blue One M,Far North,3000,0,0.003158556534252193,9.475669602756579,3
12977,Blue One L,Adamawa,5000,1,0.5904396275622129,2952.1981378110645,7
12978,Blue One L,North,5000,0,0.6041844606086026,3020.922303043013,8
12979,Blue One M,North,3000,1,0.9999986768338422,2999.9960305015265,8
12980,Blue One L,Adamawa,5000,0,0.5667763827032029,2833.8819135160143,7
12981,Blue One M,West,3000,1,0.5281567200777618,1584.4701602332855,6
12982,Blue One M,West,3000,1,0.9999990259679964,2999.997077903989,9
12983,Blue One M,Far North,3000,1,0.5307001973796814,1592.1005921390442,6
12984,Blue One M,Centre,3000,0,0.0025857667564388,7.757300269316399,2
12985,Blue One M,Adamawa,3000,0,0.002901094018838601,8.703282056515803,3
12986,Blue One M,South West,3000,1,0.45787537904031667,1373.62613712095,4
12987,Blue One M,East,3000,1,0.45833038321660663,1374.9911496498198,4
12988,Blue One M,East,3000,1,0.4974427652922447,1492.328295876734,5
12989,Blue One M,South West,3000,0,0.4020960618958302,1206.2881856874906,4
12990,Blue One M,North,3000,0,0.4038095609159101,1211.4286827477301,4
12991,Blue One M,North West,3000,0,0.001971608354280866,5.914825062842598,2
12992,Blue One M,South West,3000,0,0.5710712574453687,1713.213772336106,7
12993,Blue One M,East,3000,1,0.9999993530292624,2999.998059087787,9
12994,Blue One M,North,3000,0,0.4612902156567665,1383.8706469702995,5
12995,Blue One M,East,3000,1,0.559080149935253,1677.240449805759,6
12996,Blue One M,East,3000,1,0.9999990542416087,2999.997162724826,9
12997,Blue One M,Centre,3000,0,0.003211288953541135,9.633866860623405,3
12998,Blue One M,South,3000,0,0.003207891917599016,9.623675752797048,3
12999,Blue One M,South West,3000,0,0.003049461356806596,9.148384070419787,3
13000,Blue One M,North,3000,1,0.5544318052518212,1663.2954157554636,6
13001,Blue One M,West,3000,0,0.5787073420599133,1736.1220261797398,7
13002,Blue One M,Littoral,3000,1,0.571153857599274,1713.4615727978219,7
13003,Blue One M,East,3000,0,0.0036969584481950832,11.09087534458525,3
13004,Blue One M,Far North,3000,0,0.5806975537296234,1742.0926611888701,7
13005,Blue One M,Far North,3000,0,0.5811825270652108,1743.5475811956323,7
13006,Blue One M,West,3000,0,0.0034173428178503567,10.25202845355107,3
13007,Blue One M,Littoral,3000,1,0.9999989657851467,2999.99689735544,9
13008,Blue One M,West,3000,1,0.9999990456614755,2999.9971369844266,9
13009,Blue One M,South West,3000,1,0.5638445408422057,1691.5336225266171,7
13010,Blue One M,Littoral,3000,0,0.5208335215470749,1562.5005646412246,6
13011,Blue One M,Adamawa,3000,0,0.4783586520461438,1435.0759561384314,5
13012,Blue One M,Adamawa,3000,1,0.9999991039475062,2999.9973118425187,9
13013,Blue One M,Adamawa,3000,1,0.547237626006487,1641.712878019461,6
13014,Blue One M,Littoral,3000,0,0.49432336225991974,1482.9700867797592,5
13015,Blue One M,East,3000,1,0.9999991414750297,2999.997424425089,9
13016,Blue One M,West,3000,0,0.002621868980073773,7.865606940221318,2
13017,Blue One L,Adamawa,5000,0,0.0013532203746437948,6.7661018732189735,1
13018,Blue One M,Centre,3000,0,0.002688081206814995,8.064243620444985,3
13019,Blue One L,Adamawa,5000,0,0.5652224108900579,2826.112054450289,7
13020,Blue One M,South,3000,0,0.519578725726425,1558.736177179275,6
13021,Blue One M,West,3000,0,0.37542160128048346,1126.2648038414504,4
13022,Blue One M,East,3000,1,0.9999993259868547,2999.997977960564,9
13023,Blue One M,South,3000,1,0.45577190469259704,1367.3157140777912,4
13024,Blue One M,North,3000,0,0.5475419126732238,1642.6257380196714,6
13025,Blue One M,Littoral,3000,1,0.9999987925084987,2999.996377525496,8
13026,Blue One M,South West,3000,1,0.5550104066306892,1665.0312198920676,6
13027,Blue One L,South West,5000,0,0.0009893820899548851,4.946910449774426,1
13028,Blue One M,North West,3000,0,0.0017894549645975266,5.36836489379258,2
13029,Blue One M,North West,3000,1,0.9999992737564855,2999.9978212694564,9
13030,Blue One M,West,3000,1,0.5568084380316102,1670.4253140948306,6
13031,Blue One M,Centre,3000,1,0.999998731708717,2999.996195126151,8
13032,Blue One M,Centre,3000,0,0.5141892419878737,1542.5677259636213,5
13033,Blue One M,South,3000,1,0.5697750739531011,1709.3252218593034,7
13034,Blue One M,South,3000,1,0.50723913413176,1521.71740239528,5
13035,Blue One M,North,3000,0,0.2642246417254228,792.6739251762684,3
13036,Blue One M,North,3000,0,0.00308679034279389,9.26037102838167,3
13037,Blue One M,South West,3000,1,0.5745333510151648,1723.6000530454944,7
13038,Blue One M,West,3000,0,0.5603090326596933,1680.92709797908,6
13039,Blue One M,Adamawa,3000,0,0.5285602071776709,1585.6806215330128,6
13040,Blue One L,East,5000,1,0.5735011648077056,2867.5058240385283,7
13041,Blue One M,South,3000,1,0.5781199841106448,1734.3599523319344,7
13042,Blue One M,South West,3000,1,0.9999986356008621,2999.9959068025864,8
13043,Blue One M,West,3000,0,0.38430518697264815,1152.9155609179445,4
13045,Blue One M,Littoral,3000,1,0.5255556939240883,1576.667081772265,6
13046,Blue One L,South West,5000,1,0.553647687733348,2768.2384386667404,6
13047,Blue One M,South West,3000,1,0.9999989225417788,2999.9967676253364,8
13048,Blue One M,South,3000,1,0.5590160752206835,1677.0482256620505,6
13049,Blue One M,South,3000,0,0.5627950746984456,1688.3852240953368,7
13050,Blue One M,West,3000,1,0.4787948395111552,1436.3845185334656,5
13051,Blue One L,Centre,5000,0,0.5520796294180698,2760.3981470903486,6
13052,Blue One M,Far North,3000,0,0.00051917882483727,1.55753647451181,1
13053,Blue One M,West,3000,0,0.0012858820009136807,3.857646002741042,1
13054,Blue One M,South,3000,1,0.9999994280728022,2999.9982842184068,10
13055,Blue One M,North,3000,0,0.29614080100908724,888.4224030272617,3
13057,Blue One M,Adamawa,3000,1,0.9999993339702786,2999.9980019108357,9
13058,Blue One M,North West,3000,1,0.9999991444395152,2999.9974333185455,9
13059,Blue One M,South West,3000,0,0.0015218161453539234,4.56544843606177,2
13060,Blue One M,West,3000,1,0.9999987255021879,2999.9961765065636,8
13061,Blue One M,Littoral,3000,1,0.9999989909303847,2999.996972791154,9
13062,Blue One M,South West,3000,1,0.24805287551614477,744.1586265484343,3
13063,Blue One M,Adamawa,3000,1,0.9999989225581338,2999.9967676744013,8
13064,Blue One M,West,3000,1,0.2739291489921946,821.7874469765839,3
13065,Blue One M,Littoral,3000,1,0.27061793978428395,811.8538193528518,3
13067,Blue One M,West,3000,0,0.2733247148290286,819.9741444870858,3
13070,Blue One M,Centre,3000,0,0.0004255776820675452,1.2767330462026356,1
13071,Blue One M,Adamawa,3000,0,0.00043564564432433674,1.3069369329730103,1
13075,Blue One M,East,3000,1,0.5926360372811804,1777.9081118435413,7
13076,Blue One M,West,3000,0,0.003337859964324085,10.013579892972254,3
13077,Blue One M,South West,3000,1,0.46845931276571284,1405.3779382971386,5
13078,Blue One M,Far North,3000,1,0.9999988537839217,2999.996561351765,8
13079,Blue One M,Littoral,3000,0,0.0026113419754864534,7.83402592645936,2
13080,Blue One M,North,3000,0,0.00037365759244641555,1.1209727773392466,1
13081,Blue One L,West,5000,1,0.999999864849109,4999.999324245545,10
13082,Blue One M,East,3000,1,0.9999993590925442,2999.9980772776325,9
13083,Blue One M,East,3000,1,0.9999988752967524,2999.996625890257,8
13084,Blue One M,South West,3000,0,0.0032202837660629097,9.66085129818873,3
13085,Blue One M,Adamawa,3000,0,0.5269957188653092,1580.9871565959274,6
13086,Blue One M,Adamawa,3000,1,0.5168123514140234,1550.4370542420702,5
13087,Blue One M,North,3000,1,0.9999990033768995,2999.9970101306985,9
13088,Blue One M,Adamawa,3000,1,0.5988233535242856,1796.470060572857,7
13089,Blue One L,South,5000,0,0.5465627679028767,2732.8138395143837,6
13090,Blue One L,East,5000,1,0.5992492092454089,2996.2460462270446,8
13091,Blue One M,Adamawa,3000,0,0.0014940847004219888,4.4822541012659665,2
13092,Blue One M,Adamawa,3000,1,0.9999989422889389,2999.9968268668167,9
13093,Blue One M,East,3000,1,0.5385255600904097,1615.5766802712292,6
13094,Blue One M,North West,3000,0,0.5589986713472699,1676.9960140418098,6
13096,Blue One M,South,3000,0,0.0027894647094971587,8.368394128491476,3
13097,Blue One M,Adamawa,3000,0,0.0028570463413937434,8.57113902418123,3
13098,Blue One M,North West,3000,0,0.0029261552771438163,8.778465831431449,3
13099,Blue One M,Littoral,3000,1,0.5106433163554229,1531.9299490662688,5
13100,Blue One M,South,3000,1,0.5263767650087141,1579.1302950261422,6
13101,Blue One M,North,3000,0,0.0024630814814140577,7.389244444242173,2
13102,Blue One M,Adamawa,3000,1,0.9999988579199365,2999.9965737598095,8
13103,Blue One M,South West,3000,1,0.9999986611200824,2999.995983360247,8
13104,Blue One M,North West,3000,1,0.9999988521095604,2999.9965563286814,8
13105,Blue One M,East,3000,1,0.5346232399611491,1603.8697198834475,6
13106,Blue One M,South,3000,0,0.002547845933472863,7.643537800418589,2
13107,Blue One M,West,3000,1,0.5090117342593864,1527.0352027781591,5
13108,Blue One M,South West,3000,0,0.0031715594308038293,9.514678292411487,3
13109,Blue One M,South,3000,0,0.5180324269960478,1554.0972809881434,5
13110,Blue One M,South,3000,0,0.5719841731876046,1715.952519562814,7
13111,Blue One M,South West,3000,0,0.0025028174192173094,7.508452257651928,2
13112,Blue One M,West,3000,0,0.5293480607936392,1588.0441823809174,6
13113,Blue One M,South,3000,0,0.00259512451396649,7.78537354189947,2
13114,Blue One M,North West,3000,0,0.0019862706688869225,5.958812006660767,2
13115,Blue One M,South West,3000,0,0.002594044549295992,7.782133647887976,2
13116,Blue One M,South West,3000,1,0.9999989050634072,2999.9967151902215,8
13117,Blue One M,Centre,3000,0,0.5197686826146166,1559.30604784385,6
13118,Blue One M,North West,3000,1,0.5879899457956912,1763.9698373870735,7
13119,Blue One M,North,3000,0,0.5042399972681796,1512.7199918045387,5
13120,Blue One M,South,3000,0,0.47235953479897547,1417.0786043969265,5
13121,Blue One M,South,3000,0,0.5057696435045864,1517.3089305137592,5
13122,Blue One M,West,3000,1,0.9999988232373839,2999.996469712152,8
13123,Blue One M,North,3000,0,0.002486325453157695,7.458976359473086,2
13124,Blue One M,South West,3000,1,0.4993330484874995,1497.9991454624985,5
13125,Blue One M,Littoral,3000,0,0.0026859579459544134,8.05787383786324,3
13126,Blue One M,Far North,3000,0,0.0017250833010718767,5.17524990321563,2
13127,Blue One M,Far North,3000,0,0.5330324849944259,1599.0974549832777,6
13128,Blue One M,Littoral,3000,1,0.5097344553893957,1529.203366168187,5
13129,Blue One M,North West,3000,0,0.6086931388756288,1826.0794166268865,8
13130,Blue One M,Littoral,3000,1,0.9999987064773354,2999.9961194320063,8
13131,Blue One M,Littoral,3000,0,0.0030123964359143863,9.037189307743159,3
13132,Blue One M,Centre,3000,1,0.5356723684181406,1607.0171052544217,6
13133,Blue One M,South West,3000,0,0.0029985455497669364,8.99563664930081,3
13134,Blue One M,Far North,3000,0,0.0034613930319258713,10.384179095777615,3
13135,Blue One M,South West,3000,0,0.0016224612796628124,4.867383838988437,2
13136,Blue One M,Far North,3000,1,0.4849512821503962,1454.8538464511885,5
13137,Blue One M,Littoral,3000,1,0.9999992203596274,2999.997661078882,9
13138,Blue One M,Far North,3000,0,0.4341507073380974,1302.4521220142922,4
13139,Blue One M,East,3000,0,0.46236845596866855,1387.1053679060055,5
13140,Blue One M,Centre,3000,0,0.3236216656730279,970.8649970190837,4
13141,Blue One M,Centre,3000,0,0.4259571454602627,1277.871436380788,4
13142,Blue One M,Littoral,3000,1,0.9999990625357291,2999.9971876071872,9
13143,Blue One M,Littoral,3000,1,0.9999989640855025,2999.9968922565076,9
13144,Blue One M,North West,3000,1,0.4530809742642348,1359.2429227927046,4
13145,Blue One M,Adamawa,3000,1,0.9999992931692103,2999.997879507631,9
13146,Blue One M,East,3000,0,0.4477242248477023,1343.172674543107,4
13147,Blue One M,South West,3000,1,0.4512427592575942,1353.7282777727826,4
13148,Blue One M,Littoral,3000,1,0.9999989956454163,2999.996986936249,9
13149,Blue One M,Adamawa,3000,0,0.4561856465842138,1368.5569397526413,4
13150,Blue One M,Littoral,3000,0,0.0016180085513744422,4.854025654123326,2
13151,Blue One M,Adamawa,3000,1,0.9999992648329288,2999.9977944987863,9
13152,Blue One M,North West,3000,0,0.0017774834801907223,5.332450440572167,2
13153,Blue One M,Far North,3000,1,0.9999991580328299,2999.99747409849,9
13154,Blue One M,Littoral,3000,0,0.0015248273174832659,4.574481952449798,2
13156,Blue One S,Far North,2000,0,0.00017016216919173556,0.34032433838347115,1
13162,Blue One M,North,3000,0,0.0015141124286490518,4.542337285947156,2
13163,Blue One M,South West,3000,0,0.40765436655677756,1222.9630996703327,4
13164,Blue One M,East,3000,0,0.5887454854972404,1766.2364564917211,7
13165,Blue One M,North,3000,0,0.0030916985388165564,9.275095616449669,3
13166,Blue One M,Littoral,3000,1,0.47128574260102424,1413.8572278030726,5
13167,Blue One M,Far North,3000,1,0.5295213906628589,1588.5641719885766,6
13168,Blue One M,North West,3000,1,0.9999989660555791,2999.9968981667375,9
13169,Blue One M,North,3000,0,0.0025295706962328362,7.588712088698509,2
13170,Blue One M,West,3000,0,0.5759354346195367,1727.80630385861,7
13171,Blue One M,West,3000,1,0.48693731303533816,1460.8119391060145,5
13172,Blue One M,Adamawa,3000,1,0.9999988969212092,2999.9966907636276,8
13173,Blue One M,Far North,3000,0,0.552360662672047,1657.081988016141,6
13174,Blue One M,Far North,3000,0,0.001453253739399818,4.359761218199454,2
13175,Blue One M,Littoral,3000,0,0.47078938947569504,1412.368168427085,5
13177,Blue One M,East,3000,1,0.9999991044968698,2999.9973134906095,9
13178,Blue One M,Far North,3000,0,0.5365524411391295,1609.6573234173884,6
13179,Blue One M,East,3000,0,0.003971906265150978,11.915718795452936,3
13180,Blue One M,South West,3000,0,0.5514028556692799,1654.2085670078397,6
13181,Blue One M,East,3000,0,0.5420517942873098,1626.1553828619292,6
13182,Blue One M,North,3000,1,0.9999989903836463,2999.996971150939,9
13183,Blue One M,Far North,3000,1,0.5850093365759103,1755.0280097277307,7
13184,Blue One M,North West,3000,1,0.9999990921159614,2999.997276347884,9
13185,Blue One M,East,3000,0,0.5921432378419903,1776.429713525971,7
13186,Blue One M,Adamawa,3000,0,0.003526007987285111,10.578023961855333,3
13187,Blue One M,South West,3000,1,0.5104223409010484,1531.2670227031454,5
13188,Blue One M,Littoral,3000,1,0.9999990130025476,2999.997039007643,9
13189,Blue One M,West,3000,1,0.5648332309983487,1694.4996929950462,7
13190,Blue One M,Far North,3000,0,0.0035939464148123604,10.781839244437082,3
13191,Blue One M,East,3000,1,0.5749932508309815,1724.9797524929445,7
13192,Blue One M,East,3000,0,0.002929154891900738,8.787464675702214,3
13193,Blue One M,East,3000,1,0.999999076267279,2999.997228801837,9
13194,Blue One M,Littoral,3000,0,0.5449955733000217,1634.986719900065,6
13195,Blue One M,East,3000,1,0.5674870043148497,1702.4610129445489,7
13196,Blue One M,Adamawa,3000,1,0.6044709073478725,1813.4127220436174,8
13197,Blue One M,South,3000,1,0.5811908669821223,1743.572600946367,7
13198,Blue One M,North,3000,1,0.5257694676286024,1577.3084028858073,6
13199,Blue One M,North West,3000,1,0.999999365220558,2999.998095661674,9
13200,Blue One M,West,3000,0,0.5315819439879326,1594.7458319637976,6
13201,Blue One M,South,3000,0,0.5268733769635803,1580.620130890741,6
13202,Blue One M,South West,3000,1,0.5015874498127887,1504.762349438366,5
13203,Blue One M,North West,3000,0,0.0032454803706438813,9.736441111931644,3
13204,Blue One M,West,3000,1,0.9999987414030389,2999.996224209117,8
13205,Blue One M,East,3000,1,0.3443820430016148,1033.1461290048444,4
13206,Blue One M,Centre,3000,1,0.4917048164658834,1475.11444939765,5
13207,Blue One M,North,3000,1,0.5008269850416786,1502.4809551250357,5
13208,Blue One M,Centre,3000,1,0.9999987182413193,2999.9961547239577,8
13209,Blue One M,West,3000,0,0.0025771752903702384,7.7315258711107155,2
13210,Blue One M,East,3000,0,0.0029503254687837746,8.850976406351323,3
13211,Blue One M,Littoral,3000,1,0.999998636060889,2999.995908182667,8
13212,Blue One M,South,3000,0,0.47051153646015165,1411.5346093804549,5
13213,Blue One M,South West,3000,1,0.999999212955207,2999.997638865621,9
13214,Blue One M,Far North,3000,0,0.532275453050644,1596.8263591519321,6
13215,Blue One M,North West,3000,0,0.5346401207981208,1603.9203623943624,6
13216,Blue One M,North West,3000,1,0.9999993017147535,2999.9979051442606,9
13217,Blue One M,North,3000,0,0.0026424332049219484,7.927299614765845,2
13218,Blue One M,Adamawa,3000,1,0.9999991821995116,2999.997546598535,9
13219,Blue One M,Far North,3000,1,0.5287515432197226,1586.254629659168,6
13220,Blue One M,Far North,3000,1,0.4942633943021028,1482.7901829063085,5
13221,Blue One M,East,3000,1,0.9999993049982535,2999.9979149947603,9
13222,Blue One M,Far North,3000,1,0.9999991092231552,2999.9973276694654,9
13223,Blue One M,Centre,3000,1,0.4473036411740755,1341.9109235222265,4
13224,Blue One M,South West,3000,0,0.00158789086573772,4.76367259721316,2
13225,Blue One M,South,3000,0,0.001571811393955005,4.715434181865015,2
13226,Blue One M,North West,3000,0,0.0015487861742885668,4.6463585228657,2
13227,Blue One M,Far North,3000,1,0.4399603748972474,1319.8811246917421,4
13228,Blue One M,Adamawa,3000,0,0.0012535287091502147,3.7605861274506442,1
13229,Blue One M,East,3000,0,0.4652055119011222,1395.6165357033665,5
13230,Blue One M,East,3000,0,0.29856426910706824,895.6928073212047,3
13231,Blue One M,North West,3000,0,0.001889829089223241,5.669487267669723,2
13232,Blue One M,Centre,3000,1,0.9999991963802018,2999.9975891406057,9
13233,Blue One M,Far North,3000,0,0.4248286508359159,1274.4859525077477,4
13234,Blue One M,South West,3000,1,0.40803926358171044,1224.1177907451313,4
13235,Blue One M,Centre,3000,0,0.001684972788142908,5.054918364428724,2
13236,Blue One M,South West,3000,1,0.9999991511912875,2999.9974535738625,9
13237,Blue One M,East,3000,0,0.0017943223652442581,5.382967095732774,2
13238,Blue One M,West,3000,0,0.2582547698588294,774.7643095764881,3
13239,Blue One M,North West,3000,1,0.615765967324549,1847.2979019736472,8
13240,Blue One M,Adamawa,3000,1,0.9999990460193037,2999.997138057911,9
13241,Blue One M,Adamawa,3000,1,0.9999990608735652,2999.9971826206956,9
13242,Blue One M,Adamawa,3000,1,0.5277780312221562,1583.3340936664686,6
13243,Blue One L,Adamawa,5000,1,0.5896922217519818,2948.4611087599087,7
13244,Blue One M,Far North,3000,0,0.002409985541945305,7.229956625835915,2
13245,Blue One L,Far North,5000,0,0.5688604625232949,2844.3023126164744,7
13246,Blue One L,South West,5000,1,0.5347126258272458,2673.563129136229,6
13247,Blue One L,North West,5000,1,0.9999998551929031,4999.999275964516,10
13248,Blue One M,South,3000,1,0.9999990452172617,2999.997135651785,9
13250,Blue One M,North,3000,0,0.0030387247085252055,9.116174125575617,3
13251,Blue One M,West,3000,1,0.5036698522105915,1511.0095566317743,5
13252,Blue One M,Littoral,3000,1,0.5461688380139765,1638.5065140419297,6
13253,Blue One M,South,3000,0,0.0027980730041006906,8.394219012302072,3
13254,Blue One M,Centre,3000,0,0.0035253863450208176,10.576159035062453,3
13255,Blue One M,West,3000,0,0.003369495110623114,10.108485331869343,3
13256,Blue One M,North,3000,0,0.0025295706962328362,7.588712088698509,2
13257,Blue One M,East,3000,1,0.5324290277704743,1597.287083311423,6
13258,Blue One M,Far North,3000,1,0.58758314516295,1762.74943548885,7
13259,Blue One M,East,3000,1,0.6083089278676568,1824.9267836029703,8
13260,Blue One M,North West,3000,1,0.9999989534099529,2999.9968602298586,9
13261,Blue One M,Far North,3000,1,0.5581917371518141,1674.5752114554425,6
13262,Blue One M,Centre,3000,0,0.513305651157377,1539.9169534721311,5
13263,Blue One M,Far North,3000,1,0.9999994287364758,2999.9982862094275,10
13264,Blue One M,West,3000,1,0.432973359504943,1298.920078514829,4
13265,Blue One M,East,3000,1,0.6068122201793457,1820.436660538037,8
13266,Blue One M,West,3000,1,0.5718054480191969,1715.4163440575905,7
13267,Blue One M,South West,3000,1,0.9999986840022405,2999.9960520067216,8
13268,Blue One M,East,3000,1,0.4789523120265583,1436.8569360796748,5
13269,Blue One M,North West,3000,0,0.2699832941214888,809.9498823644664,3
13270,Blue One M,Far North,3000,1,0.5279572434181129,1583.8717302543387,6
13271,Blue One M,Adamawa,3000,0,0.0016525138612701465,4.95754158381044,2
13272,Blue One M,North,3000,1,0.9999986479140901,2999.9959437422704,8
13273,Blue One M,South West,3000,1,0.9999984158021787,2999.9952474065362,8
13274,Blue One M,Centre,3000,1,0.47186816989112396,1415.604509673372,5
13275,Blue One M,Centre,3000,0,0.0017413720017555932,5.224116005266779,2
13276,Blue One M,North,3000,0,0.0024400542796101103,7.320162838830331,2
13277,Blue One M,Adamawa,3000,1,0.5280637798395457,1584.191339518637,6
13278,Blue One M,North,3000,1,0.38691617674330175,1160.7485302299053,4
13279,Blue One M,South,3000,1,0.31695949320829053,950.8784796248716,4
13283,Blue One M,Far North,3000,0,0.0005723572580902701,1.7170717742708101,1
13284,Blue One M,South,3000,1,0.9999994135016772,2999.9982405050314,10
13285,Blue One M,Littoral,3000,0,0.4727508788640269,1418.2526365920808,5
13286,Blue One M,Centre,3000,1,0.4894566845717883,1468.370053715365,5
13287,Blue One M,North West,3000,0,0.0019523904966025456,5.857171489807636,2
13288,Blue One M,Far North,3000,0,0.001731185208327448,5.193555624982344,2
13289,Blue One M,Centre,3000,1,0.9999992026418095,2999.9976079254284,9
13290,Blue One M,North West,3000,1,0.9999993357977679,2999.998007393304,9
13291,Blue One M,South West,3000,0,0.40955638167126135,1228.6691450137841,4
13292,Blue One M,South West,3000,0,0.46729324447810044,1401.8797334343014,5
13293,Blue One M,West,3000,0,0.0015456325283323006,4.636897584996902,2
13294,Blue One M,North,3000,1,0.9999990012925573,2999.997003877672,9
13295,Blue One M,Far North,3000,0,0.46195585922198285,1385.8675776659486,5
13296,Blue One M,Adamawa,3000,1,0.440544611689519,1321.633835068557,4
13297,Blue One M,East,3000,0,0.4484019067029569,1345.2057201088705,4
13298,Blue One M,Adamawa,3000,0,0.0004369719226057118,1.3109157678171355,1
13299,Blue One M,West,3000,1,0.9999990935114257,2999.9972805342773,9
13300,Blue One M,West,3000,1,0.9999991413876665,2999.997424163,9
13301,Blue One M,South,3000,1,0.9999992551795148,2999.9977655385446,9
13302,Blue One M,North West,3000,0,0.0019461893484037794,5.838568045211338,2
13303,Blue One M,North West,3000,0,0.5189662348250569,1556.8987044751707,6
13304,Blue One M,West,3000,0,0.26463215501116316,793.8964650334894,3
13305,Blue One S,South,2000,0,0.0001770476760421252,0.3540953520842504,1
13306,Blue One S,Far North,2000,0,0.17978608480146085,359.5721696029217,3
13308,Blue One M,West,3000,1,0.9999990166097292,2999.9970498291877,9
13309,Blue One M,Far North,3000,0,0.5769807930398183,1730.942379119455,7
13310,Blue One L,North West,5000,0,0.0013736456337337824,6.868228168668912,1
13311,Blue One M,North West,3000,0,0.0029216512268567113,8.764953680570134,3
13312,Blue One M,Adamawa,3000,0,0.0038602169913275848,11.580650973982754,3
13313,Blue One M,West,3000,0,0.5751567636631086,1725.4702909893258,7
13314,Blue One M,North,3000,0,0.0027468500394330817,8.240550118299245,3
13315,Blue One M,Far North,3000,0,0.5096242394395245,1528.8727183185736,5
13316,Blue One L,North,5000,0,0.0011974301654701608,5.987150827350804,1
13317,Blue One M,South,3000,0,0.00047728212343046614,1.4318463702913984,1
13318,Blue One M,East,3000,1,0.34687209337438163,1040.6162801231449,4
13319,Blue One M,South West,3000,0,0.001213513075177946,3.640539225533838,1
13322,Blue One M,Adamawa,3000,0,0.33321406160993144,999.6421848297944,4
13323,Blue One M,West,3000,1,0.9999993935309052,2999.9981805927155,10
13324,Blue One M,North West,3000,1,0.9999994992439399,2999.99849773182,10
13325,Blue One M,West,3000,0,0.4270423629166815,1281.1270887500445,4
13326,Blue One M,Far North,3000,0,0.4577609265484259,1373.2827796452775,4
13327,Blue One M,South,3000,1,0.9999988706713185,2999.9966120139557,8
13328,Blue One M,North,3000,0,0.4042774957790274,1212.832487337082,4
13329,Blue One M,Centre,3000,1,0.9999990276647022,2999.9970829941067,9
13330,Blue One M,North,3000,0,0.406439368701641,1219.318106104923,4
13331,Blue One M,East,3000,0,0.001542320034415191,4.626960103245573,2
13333,Blue One M,North,3000,1,0.23924258923675504,717.7277677102651,3
13334,Blue One S,Littoral,2000,0,0.00014641266068248808,0.2928253213649762,1
13336,Blue One M,Adamawa,3000,1,0.431283585256832,1293.850755770496,4
13337,Blue One M,South,3000,0,0.4093253059847617,1227.975917954285,4
13338,Blue One M,Adamawa,3000,0,0.4335946015901804,1300.783804770541,4
13339,Blue One M,Far North,3000,0,0.0014150840817827714,4.245252245348314,1
13340,Blue One M,North,3000,0,0.29744073511968866,892.322205359066,3
13341,Blue One M,North,3000,0,0.2990881662578669,897.2644987736006,3
13342,Blue One M,Centre,3000,1,0.30604946430285024,918.1483929085507,4
13343,Blue One M,East,3000,0,0.33204514919187805,996.1354475756342,4
13344,Blue One M,Far North,3000,0,0.001395231623636852,4.185694870910556,1
13345,Blue One M,North,3000,0,0.0004577782796659594,1.3733348389978781,1
13346,Blue One M,Centre,3000,1,0.9999992638233708,2999.9977914701126,9
13347,Blue One M,Littoral,3000,1,0.9999993665595881,2999.9980996787644,9
13348,Blue One M,Littoral,3000,0,0.0003721498346394758,1.1164495039184275,1
13349,Blue One M,North,3000,0,0.45856758721510493,1375.7027616453147,4
13350,Blue One M,Centre,3000,1,0.43470172475047214,1304.1051742514164,4
13351,Blue One M,North West,3000,1,0.9999992018873777,2999.997605662133,9
13352,Blue One M,South West,3000,0,0.46651201620129473,1399.5360486038842,5
13353,Blue One M,Centre,3000,1,0.417883263689776,1253.649791069328,4
13354,Blue One M,West,3000,1,0.48074720469129967,1442.241614073899,5
13355,Blue One M,Centre,3000,0,0.48160456562864995,1444.8136968859499,5
13356,Blue One M,Centre,3000,1,0.9999990153804177,2999.997046141253,9
13357,Blue One M,West,3000,0,0.00038709142406377433,1.161274272191323,1
13358,Blue One M,East,3000,0,0.32822222722557914,984.6666816767374,4
13359,Blue One M,South,3000,0,0.2687937575063687,806.3812725191061,3
13360,Blue One M,East,3000,0,0.0005545959852173743,1.663787955652123,1
13361,Blue One M,Adamawa,3000,0,0.3252983520725113,975.8950562175338,4
13362,Blue One M,East,3000,0,0.34535022092035467,1036.050662761064,4
13363,Blue One M,North West,3000,1,0.32348761653854924,970.4628496156478,4
13364,Blue One M,Centre,3000,0,0.0003929166101342728,1.1787498304028183,1
13365,Blue One M,Far North,3000,0,0.27681165625249055,830.4349687574717,3
13366,Blue One M,South West,3000,0,0.24914193234597376,747.4257970379213,3
13367,Blue One M,East,3000,0,0.00047986071140734604,1.439582134222038,1
13368,Blue One M,East,3000,1,0.2993192370837941,897.9577112513823,3
13369,Blue One M,East,3000,1,0.9999994457896156,2999.998337368847,10
13370,Blue One M,South West,3000,0,0.0004975604037988465,1.4926812113965395,1
13371,Blue One M,North,3000,0,0.0004929233123656528,1.4787699370969585,1
13372,Blue One M,Adamawa,3000,1,0.32184218208556775,965.5265462567032,4
13373,Blue One M,South,3000,0,0.27408406883243586,822.2522064973076,3
13374,Blue One M,West,3000,0,0.24380771052980113,731.4231315894034,3
13375,Blue One M,South West,3000,0,0.26775866715000163,803.2760014500049,3
13377,Blue One M,Adamawa,3000,0,0.0004342386830856059,1.3027160492568177,1
13379,Blue One M,South West,3000,0,0.001234647394512198,3.703942183536594,1
13383,Blue One M,North,3000,0,0.00039984977235128723,1.1995493170538616,1
13394,Blue One M,Far North,3000,0,0.00047067119406671553,1.4120135822001465,1
13395,Blue One M,Far North,3000,0,0.5992714638175561,1797.8143914526684,8
13396,Blue One M,Adamawa,3000,0,0.0029793717705355045,8.938115311606513,3
13397,Blue One M,Littoral,3000,0,0.003211303874140858,9.633911622422575,3
13398,Blue One M,West,3000,1,0.9999992027626078,2999.9976082878234,9
13399,Blue One M,South West,3000,0,0.5195803648334649,1558.7410945003949,6
13400,Blue One M,South,3000,1,0.9999988301139249,2999.9964903417745,8
13401,Blue One M,Centre,3000,1,0.9999985257031494,2999.9955771094483,8
13402,Blue One M,Far North,3000,0,0.002801450880169474,8.40435264050842,3
13403,Blue One M,North West,3000,0,0.001695822624886718,5.087467874660153,2
13404,Blue One M,West,3000,0,0.471794493037469,1415.383479112407,5
13405,Blue One M,Littoral,3000,1,0.4809781362134224,1442.934408640267,5
13406,Blue One M,Littoral,3000,0,0.0014524437625326066,4.35733128759782,2
13407,Blue One M,Centre,3000,0,0.00137003633117718,4.11010899353154,1
13408,Blue One M,South West,3000,0,0.4567130194801216,1370.1390584403648,4
13409,Blue One M,West,3000,1,0.4174118694660826,1252.235608398248,4
13410,Blue One M,North West,3000,1,0.3320601976383525,996.1805929150574,4
13411,Blue One M,Adamawa,3000,0,0.002960783040210578,8.882349120631735,3
13412,Blue One M,South,3000,1,0.5073265125328255,1521.9795375984763,5
13413,Blue One M,Littoral,3000,1,0.9999986844459484,2999.9960533378453,8
13414,Blue One M,South West,3000,0,0.520089781971405,1560.269345914215,6
13416,Blue One M,North,3000,0,0.002490281256249189,7.470843768747567,2
13417,Blue One M,Far North,3000,1,0.9999987557882453,2999.996267364736,8
13418,Blue One M,East,3000,1,0.999999338888751,2999.998016666253,9
13419,Blue One M,West,3000,0,0.0016100559629352296,4.830167888805689,2
13420,Blue One M,East,3000,0,0.0015584182242898235,4.67525467286947,2
13421,Blue One M,East,3000,1,0.532279780943349,1596.8393428300471,6
13422,Blue One M,Adamawa,3000,1,0.5351096244075754,1605.328873222726,6
13423,Blue One M,Adamawa,3000,0,0.003723787473732372,11.171362421197117,3
13424,Blue One M,Adamawa,3000,0,0.0029957657590997714,8.987297277299314,3
13425,Blue One M,South,3000,0,0.4654382443974515,1396.3147331923547,5
13426,Blue One M,Centre,3000,0,0.4933788417771033,1480.13652533131,5
13427,Blue One M,Far North,3000,0,0.545860107863667,1637.580323591001,6
13428,Blue One M,North,3000,0,0.0021556648539370095,6.4669945618110285,2
13429,Blue One M,North West,3000,0,0.6068167689274909,1820.4503067824728,8
13430,Blue One M,South,3000,1,0.5554390774891113,1666.3172324673337,6
13431,Blue One M,South West,3000,0,0.0031865561224594567,9.55966836737837,3
13432,Blue One M,South,3000,1,0.5573817926883692,1672.1453780651075,6
13433,Blue One M,East,3000,0,0.5613018825702153,1683.9056477106458,6
13434,Blue One M,Adamawa,3000,0,0.003112089201596519,9.336267604789558,3
13435,Blue One M,South,3000,1,0.5057696435045864,1517.3089305137592,5
13436,Blue One M,East,3000,0,0.5555032586760954,1666.5097760282863,6
13437,Blue One M,South,3000,0,0.5724718047929077,1717.4154143787232,7
13438,Blue One M,Far North,3000,1,0.999999053802165,2999.9971614064953,9
13439,Blue One M,Adamawa,3000,1,0.9999990400120197,2999.997120036059,9
13440,Blue One M,South,3000,1,0.5543806891929106,1663.142067578732,6
13441,Blue One M,Far North,3000,1,0.5845374740548209,1753.6124221644627,7
13442,Blue One M,South West,3000,0,0.5425638640586474,1627.6915921759423,6
13443,Blue One M,South West,3000,0,0.0032558180236488543,9.767454070946563,3
13444,Blue One M,South West,3000,1,0.9999988916718188,2999.9966750154563,8
13445,Blue One M,Littoral,3000,1,0.9999989041768649,2999.996712530595,8
13446,Blue One M,South,3000,1,0.9999989947952129,2999.996984385639,9
13447,Blue One M,South,3000,1,0.9999987112436146,2999.9961337308437,8
13448,Blue One M,East,3000,0,0.6042892615751464,1812.8677847254392,8
13449,Blue One M,North West,3000,1,0.5534369596276828,1660.3108788830484,6
13450,Blue One M,Adamawa,3000,1,0.6007127694975589,1802.1383084926767,8
13451,Blue One M,West,3000,1,0.9999987452859491,2999.9962358578473,8
13452,Blue One M,Littoral,3000,0,0.0027229112594850877,8.168733778455262,3
13453,Blue One M,Adamawa,3000,1,0.5352087248402627,1605.6261745207883,6
13454,Blue One M,South,3000,1,0.9999987112436146,2999.9961337308437,8
13455,Blue One M,South,3000,0,0.002665168617718563,7.995505853155689,3
13456,Blue One M,Far North,3000,0,0.5501299405370847,1650.3898216112543,6
13457,Blue One M,Littoral,3000,0,0.5142777324763441,1542.8331974290325,5
13458,Blue One M,Littoral,3000,1,0.4537698393911869,1361.3095181735607,4
13459,Blue One M,South,3000,0,0.5233695527934789,1570.1086583804365,6
13460,Blue One M,South,3000,1,0.9999992023915192,2999.9976071745577,9
13461,Blue One M,North West,3000,1,0.9999992926110112,2999.9978778330337,9
13462,Blue One M,South,3000,1,0.503702474458822,1511.107423376466,5
13463,Blue One M,South,3000,1,0.9999985878957726,2999.995763687318,8
13464,Blue One M,Centre,3000,1,0.9999988049777656,2999.996414933297,8
13465,Blue One M,North West,3000,0,0.0005922947514571404,1.7768842543714212,1
13466,Blue One M,Littoral,3000,1,0.508788043504012,1526.364130512036,5
13467,Blue One M,North,3000,0,0.0015430022701211654,4.629006810363496,2
13468,Blue One M,West,3000,1,0.46916306211789693,1407.489186353691,5
13469,Blue One M,West,3000,1,0.5089243654322725,1526.7730962968174,5
13470,Blue One M,North,3000,1,0.9999983233773986,2999.9949701321957,8
13471,Blue One M,Centre,3000,1,0.52235444148055,1567.06332444165,6
13472,Blue One M,East,3000,1,0.5189614754134263,1556.8844262402788,6
13473,Blue One M,Adamawa,3000,1,0.4906591497737781,1471.9774493213342,5
13474,Blue One M,South,3000,1,0.9999992011193379,2999.9976033580137,9
13475,Blue One M,Adamawa,3000,0,0.5480393399706764,1644.1180199120292,6
13476,Blue One M,North,3000,0,0.0024401730270993886,7.3205190812981655,2
13477,Blue One M,Far North,3000,0,0.001904572264501853,5.713716793505559,2
13478,Blue One M,Littoral,3000,0,0.4583426169151615,1375.0278507454846,4
13479,Blue One M,South,3000,0,0.45966716351897846,1379.0014905569353,4
13480,Blue One M,West,3000,1,0.4515079740532497,1354.5239221597492,4
13481,Blue One M,Littoral,3000,1,0.4010398541271142,1203.1195623813426,4
13482,Blue One M,Centre,3000,0,0.0015680080770696034,4.70402423120881,2
13483,Blue One M,East,3000,1,0.28252533541455355,847.5760062436607,3
13484,Blue One M,North West,3000,1,0.9999989166451154,2999.996749935346,8
13485,Blue One M,Adamawa,3000,0,0.0017787980756853263,5.336394227055979,2
13486,Blue One M,North West,3000,0,0.5509518228017227,1652.8554684051683,6
13487,Blue One M,Littoral,3000,1,0.45797119706411255,1373.9135911923377,4
13488,Blue One M,Centre,3000,0,0.48475185127870496,1454.2555538361148,5
13489,Blue One M,North,3000,0,0.0015047251601144312,4.514175480343294,2
13490,Blue One M,Littoral,3000,0,0.0014298603388476785,4.2895810165430355,2
13491,Blue One M,Adamawa,3000,0,0.5059204790048051,1517.7614370144152,5
13492,Blue One M,North West,3000,0,0.003797351165716417,11.392053497149252,3
13493,Blue One M,Adamawa,3000,0,0.0037295234808745158,11.188570442623547,3
13494,Blue One M,North,3000,0,0.2961306325505398,888.3918976516194,3
13495,Blue One M,South West,3000,0,0.0031814978167884348,9.544493450365305,3
13496,Blue One M,North,3000,1,0.5470483445127382,1641.1450335382146,6
13497,Blue One M,South,3000,1,0.5536051726660861,1660.8155179982584,6
13498,Blue One M,South West,3000,1,0.4761019987163591,1428.3059961490774,5
13499,Blue One M,East,3000,0,0.0025659226410567676,7.697767923170303,2
13500,Blue One M,North,3000,1,0.9999987801871717,2999.996340561515,8
13501,Blue One M,West,3000,0,0.533937977671737,1601.813933015211,6
13502,Blue One M,West,3000,1,0.9999987354327569,2999.9962062982704,8
13503,Blue One M,South West,3000,0,0.4976641389040495,1492.9924167121485,5
13504,Blue One M,East,3000,1,0.5575441928712477,1672.6325786137431,6
13505,Blue One M,North,3000,0,0.2961306325505398,888.3918976516194,3
13506,Blue One M,South,3000,1,0.9999987908873733,2999.99637266212,8
13507,Blue One M,Centre,3000,0,0.002817780570432485,8.453341711297455,3
13508,Blue One M,Centre,3000,1,0.9999988351313505,2999.9965053940514,8
13509,Blue One M,Centre,3000,1,0.9999987317705875,2999.9961953117627,8
13510,Blue One M,North,3000,0,0.0026789196495793964,8.03675894873819,3
13511,Blue One M,South,3000,1,0.9999988060307161,2999.9964180921484,8
13512,Blue One M,West,3000,1,0.5230759003936671,1569.2277011810015,6
13513,Blue One M,Far North,3000,1,0.5360691751481399,1608.2075254444196,6
13514,Blue One M,Littoral,3000,0,0.0016390684258894182,4.917205277668255,2
13515,Blue One M,Adamawa,3000,0,0.0030639288490536126,9.191786547160838,3
13516,Blue One M,West,3000,0,0.0027604211543159184,8.281263462947756,3
13517,Blue One M,West,3000,0,0.4851633952303709,1455.4901856911126,5
13518,Blue One M,Adamawa,3000,1,0.9999994554847215,2999.9983664541646,10
13519,Blue One M,South,3000,0,0.0025707409401183132,7.71222282035494,2
13520,Blue One M,South West,3000,1,0.4933427508104751,1480.0282524314252,5
13521,Blue One M,Far North,3000,0,0.0028681972411353745,8.604591723406124,3
13522,Blue One M,Centre,3000,0,0.5157571666334173,1547.271499900252,5
13523,Blue One M,East,3000,1,0.9999988592709262,2999.996577812779,8
13524,Blue One M,East,3000,1,0.5575441928712477,1672.6325786137431,6
13525,Blue One M,North,3000,1,0.49767613999609184,1493.0284199882756,5
13526,Blue One M,East,3000,1,0.9999991255025504,2999.997376507651,9
13527,Blue One M,Far North,3000,0,0.002931724006252232,8.795172018756697,3
13528,Blue One M,North West,3000,0,0.002981761940954087,8.945285822862262,3
13529,Blue One M,West,3000,1,0.5086256190754976,1525.8768572264928,5
13530,Blue One M,West,3000,1,0.9999987453471574,2999.996236041472,8
13531,Blue One M,West,3000,1,0.9999985067814509,2999.9955203443524,8
13532,Blue One M,West,3000,0,0.0015767734043157045,4.730320212947113,2
13533,Blue One M,North West,3000,1,0.9999989301612372,2999.9967904837117,9
13534,Blue One M,Littoral,3000,1,0.5115515199153816,1534.6545597461447,5
13535,Blue One M,East,3000,0,0.5535589023693376,1660.6767071080128,6
13536,Blue One M,North,3000,1,0.47569759189083105,1427.0927756724932,5
13537,Blue One M,South,3000,0,0.0014459602880618485,4.3378808641855455,2
13538,Blue One M,Littoral,3000,1,0.2669948611597063,800.9845834791188,3
13539,Blue One M,North,3000,0,0.0024824967201932677,7.447490160579803,2
13540,Blue One M,North,3000,1,0.519505084422741,1558.515253268223,6
13541,Blue One M,South West,3000,0,0.5134094266997219,1540.2282800991657,5
13542,Blue One M,Littoral,3000,1,0.9999992432447884,2999.9977297343653,9
13543,Blue One M,Far North,3000,0,0.0017662299377513054,5.298689813253916,2
13544,Blue One M,North,3000,1,0.9999991592685497,2999.997477805649,9
13545,Blue One M,Littoral,3000,0,0.001653971774589445,4.961915323768335,2
13546,Blue One M,Far North,3000,1,0.9999988443224594,2999.9965329673782,8
13547,Blue One M,Littoral,3000,1,0.9999991995402887,2999.997598620866,9
13548,Blue One M,Centre,3000,1,0.5273610281795932,1582.0830845387795,6
13549,Blue One M,East,3000,1,0.9999995070798227,2999.998521239468,10
13550,Blue One M,Adamawa,3000,0,0.45931047485273846,1377.9314245582154,4
13551,Blue One M,South,3000,1,0.5044748933540343,1513.4246800621029,5
13552,Blue One M,East,3000,1,0.534238836151239,1602.716508453717,6
13553,Blue One M,Far North,3000,1,0.5114793864828083,1534.438159448425,5
13554,Blue One M,Centre,3000,0,0.47924200153041074,1437.7260045912321,5
13555,Blue One M,Adamawa,3000,1,0.5050241311484717,1515.072393445415,5
13557,Blue One M,Littoral,3000,1,0.9999991558610721,2999.9974675832163,9
13558,Blue One M,East,3000,1,0.4605235173437724,1381.5705520313172,5
13559,Blue One M,South West,3000,0,0.38327148380455467,1149.814451413664,4
13560,Blue One M,West,3000,1,0.3076711055401811,923.0133166205434,4
13561,Blue One M,Centre,3000,0,0.3212270711493192,963.6812134479576,4
13562,Blue One M,Far North,3000,0,0.0004631085597555108,1.3893256792665325,1
13563,Blue One M,North,3000,1,0.999999355133705,2999.998065401115,9
13564,Blue One M,Centre,3000,1,0.5560947025551575,1668.2841076654724,6
13565,Blue One M,South,3000,0,0.003118518620559199,9.355555861677596,3
13566,Blue One M,North West,3000,0,0.0035342719127552254,10.602815738265676,3
13567,Blue One M,South,3000,0,0.0014504992117377112,4.351497635213134,2
13568,Blue One M,Centre,3000,0,0.0013614747655949144,4.084424296784743,1
13569,Blue One M,North,3000,0,0.47019705773599596,1410.5911732079878,5
13570,Blue One M,North West,3000,0,0.003308318355570039,9.924955066710117,3
13571,Blue One M,North,3000,1,0.5003411575040929,1501.0234725122787,5
13572,Blue One M,Littoral,3000,1,0.9999989608792428,2999.9968826377285,9
13573,Blue One M,North,3000,1,0.9999989839764567,2999.99695192937,9
13574,Blue One M,Adamawa,3000,1,0.27636841337226725,829.1052401168017,3
13575,Blue One M,Far North,3000,1,0.5318786616201802,1595.6359848605405,6
13576,Blue One M,Centre,3000,1,0.999998795534572,2999.996386603716,8
13577,Blue One M,Far North,3000,0,0.5103212316413193,1530.9636949239577,5
13578,Blue One M,North,3000,1,0.9999991562072651,2999.997468621795,9
13579,Blue One M,South,3000,1,0.4143576204116924,1243.0728612350772,4
13580,Blue One M,North,3000,1,0.41214830966833327,1236.4449290049997,4
13581,Blue One M,Adamawa,3000,0,0.0014213318792709855,4.263995637812957,2
13582,Blue One M,South West,3000,0,0.0011894799915381467,3.5684399746144404,1
13583,Blue One M,Far North,3000,0,0.0005821000334080558,1.7463001002241676,1
13584,Blue One M,West,3000,0,0.30044983375242706,901.3495012572812,3
13585,Blue One M,Far North,3000,0,0.31798807338246354,953.9642201473906,4
13586,Blue One M,South,3000,0,0.00039265612301381356,1.1779683690414406,1
13587,Blue One S,Far North,2000,0,0.00018316605286680115,0.3663321057336023,1
13588,Blue One S,Adamawa,2000,0,0.00020854026537354479,0.41708053074708956,1
13589,Blue One M,Adamawa,3000,1,0.5402981240067201,1620.8943720201603,6
13590,Blue One M,East,3000,0,0.0032235814915036218,9.670744474510865,3
13591,Blue One M,Littoral,3000,1,0.999998800123111,2999.996400369333,8
13592,Blue One M,East,3000,0,0.0032149447076607147,9.644834122982145,3
13593,Blue One M,East,3000,1,0.5835006390055885,1750.5019170167654,7
13594,Blue One M,Centre,3000,1,0.9999987671543713,2999.996301463114,8
13595,Blue One M,Adamawa,3000,0,0.001740294908547167,5.220884725641501,2
13596,Blue One M,Littoral,3000,0,0.002735792344352986,8.20737703305896,3
13597,Blue One M,Centre,3000,0,0.47185601257153337,1415.5680377146,5
13598,Blue One M,South West,3000,0,0.5160477716023573,1548.1433148070719,5
13599,Blue One M,Littoral,3000,1,0.9999990581347198,2999.9971744041595,9
13600,Blue One M,South,3000,0,0.0011053944399873723,3.316183319962117,1
13601,Blue One M,Far North,3000,1,0.9999991698209278,2999.9975094627835,9
13602,Blue One M,North,3000,1,0.504363972863667,1513.0919185910009,5
13603,Blue One M,West,3000,1,0.5347189454159045,1604.1568362477135,6
13604,Blue One M,North,3000,0,0.4826788826066946,1448.0366478200838,5
13605,Blue One M,Adamawa,3000,0,0.0005481232546304531,1.6443697638913592,1
13606,Blue One M,Adamawa,3000,0,0.5120839465582069,1536.2518396746207,5
13607,Blue One M,East,3000,1,0.5521055726675201,1656.3167180025605,6
13608,Blue One M,South West,3000,1,0.9999986291286972,2999.9958873860915,8
13609,Blue One M,North,3000,1,0.49679190775288223,1490.3757232586468,5
13610,Blue One M,Littoral,3000,1,0.437382197043887,1312.146591131661,4
13611,Blue One M,South,3000,1,0.9999992539915302,2999.9977619745905,9
13612,Blue One M,Centre,3000,0,0.001602146311899548,4.806438935698644,2
13613,Blue One M,Littoral,3000,0,0.4590418042173403,1377.125412652021,4
13614,Blue One M,South West,3000,0,0.000499123752676582,1.4973712580297458,1
13615,Blue One M,East,3000,0,0.0006025757141591867,1.80772714247756,1
13616,Blue One M,West,3000,0,0.0012939688211387962,3.8819064634163887,1
13617,Blue One M,South West,3000,0,0.0016507863911204435,4.952359173361331,2
13618,Blue One M,Adamawa,3000,0,0.492925138094397,1478.775414283191,5
13619,Blue One M,North,3000,1,0.9999991535547227,2999.997460664168,9
13620,Blue One M,Centre,3000,0,0.0016046976279260083,4.814092883778025,2
13621,Blue One M,North West,3000,1,0.9999992904218834,2999.9978712656502,9
13622,Blue One M,Centre,3000,1,0.99999933352831,2999.99800058493,9
13623,Blue One M,South West,3000,0,0.27632336939094143,828.9701081728243,3
13624,Blue One M,South West,3000,1,0.9999986567801405,2999.9959703404215,8
13625,Blue One M,North,3000,1,0.5038659824546036,1511.5979473638106,5
13631,Blue One M,Centre,3000,0,0.3191668688142374,957.5006064427122,4
13632,Blue One M,West,3000,0,0.5109787099536702,1532.9361298610106,5
13633,Blue One M,North,3000,0,0.5111399249381036,1533.4197748143106,5
13634,Blue One M,South West,3000,1,0.5199781726114878,1559.9345178344633,6
13636,Blue One S,Littoral,2000,0,0.1699094450078245,339.818890015649,3
13637,Blue One M,West,3000,1,0.9999993652769262,2999.9980958307788,9
13638,Blue One M,East,3000,1,0.9999994686092694,2999.9984058278083,10
13639,Blue One M,Centre,3000,0,0.0005304934658611593,1.5914803975834777,1
13641,Blue One M,West,3000,1,0.9999988361789194,2999.996508536758,8
13642,Blue One M,North,3000,1,0.9999986918428547,2999.9960755285642,8
13643,Blue One M,North West,3000,0,0.001791416960955736,5.374250882867209,2
13644,Blue One M,West,3000,1,0.9999990910239751,2999.9972730719255,9
13645,Blue One M,South West,3000,0,0.0013107043738557714,3.932113121567314,1
13646,Blue One M,Littoral,3000,1,0.9999990360607757,2999.997108182327,9
13647,Blue One M,North West,3000,0,0.0015496543557726621,4.648963067317986,2
13648,Blue One M,Adamawa,3000,1,0.9999989310054443,2999.996793016333,9
13649,Blue One M,Adamawa,3000,0,0.00043374129925041174,1.3012238977512351,1
13650,Blue One M,Centre,3000,0,0.001436790315434865,4.3103709463045945,2
13651,Blue One M,Littoral,3000,1,0.5141904063628484,1542.5712190885451,5
13652,Blue One M,West,3000,0,0.0012281841294951342,3.6845523884854026,1
13653,Blue One M,Adamawa,3000,1,0.9999989010369967,2999.99670311099,8
13654,Blue One M,Adamawa,3000,0,0.3180913720318851,954.2741160956552,4
13655,Blue One M,Far North,3000,0,0.6004073891065524,1801.2221673196573,8
13656,Blue One M,West,3000,1,0.5246416590762385,1573.9249772287155,6
13657,Blue One M,Far North,3000,1,0.27399799941140707,821.9939982342212,3
13660,Blue One M,South,3000,0,0.00041343463507182587,1.2403039052154776,1
13669,Blue One M,North,3000,0,0.24740266412747552,742.2079923824266,3
13670,Blue One M,Adamawa,3000,0,0.00045938450758146456,1.3781535227443937,1
13671,Blue One M,East,3000,0,0.0012446888567796243,3.734066570338873,1
13672,Blue One M,South West,3000,0,0.0004581433459602674,1.3744300378808023,1
13673,Blue One M,North West,3000,0,0.3344957519199524,1003.4872557598572,4
13674,Blue One M,East,3000,1,0.4248448189677878,1274.5344569033634,4
13676,Blue One M,Adamawa,3000,0,0.00042769208090804705,1.2830762427241411,1
13677,Blue One M,Littoral,3000,0,0.28049453199584345,841.4835959875304,3
13678,Blue One M,Adamawa,3000,0,0.0004598653541799788,1.3795960625399364,1
13679,Blue One M,South,3000,0,0.2753250556451622,825.9751669354865,3
13680,Blue One M,South West,3000,1,0.3014171068756832,904.2513206270495,3
13681,Blue One M,South West,3000,0,0.001306018965159971,3.918056895479913,1
13682,Blue One M,Adamawa,3000,0,0.3427104361424113,1028.131308427234,4
13683,Blue One M,Centre,3000,0,0.3191668688142374,957.5006064427122,4
13684,Blue One M,North West,3000,0,0.0005408879418016783,1.622663825405035,1
13685,Blue One M,East,3000,1,0.999999451666193,2999.998354998579,10
13687,Blue One M,East,3000,0,0.0004692279542683969,1.4076838628051906,1
13688,Blue One M,South West,3000,0,0.29488658259248907,884.6597477774671,3
13690,Blue One M,East,3000,1,0.9999993842023343,2999.998152607003,9
13691,Blue One M,Adamawa,3000,0,0.4890031063161705,1467.0093189485115,5
13692,Blue One M,Littoral,3000,1,0.9999989343538144,2999.996803061443,9
13693,Blue One M,Adamawa,3000,0,0.00048651126035288163,1.4595337810586448,1
13694,Blue One M,East,3000,1,0.2973685700153083,892.105710045925,3
13696,Blue One M,South West,3000,0,0.0004267035801317632,1.2801107403952896,1
13697,Blue One M,North West,3000,1,0.999998846720688,2999.996540162064,8
13698,Blue One M,North West,3000,1,0.9999993438231225,2999.9980314693676,9
13699,Blue One M,Centre,3000,1,0.9999992394054632,2999.99771821639,9
13700,Blue One M,North,3000,1,0.2990881662578669,897.2644987736006,3
13701,Blue One M,North,3000,0,0.2514503402649054,754.3510207947163,3
13702,Blue One M,North,3000,0,0.0016149697176532137,4.844909152959641,2
13703,Blue One M,Centre,3000,0,0.4321079328114882,1296.3237984344646,4
13704,Blue One M,Far North,3000,0,0.0005528493775337976,1.6585481326013929,1
13705,Blue One M,Littoral,3000,0,0.0012375833684439967,3.71275010533199,1
13706,Blue One M,Far North,3000,0,0.0015062822796838265,4.51884683905148,2
13707,Blue One M,East,3000,1,0.44917834218538377,1347.5350265561513,4
13708,Blue One M,Adamawa,3000,0,0.00044812162875327736,1.344364886259832,1
13710,Blue One M,South,3000,0,0.0027246780966123196,8.174034289836959,3
13711,Blue One M,South West,3000,1,0.4590381973461322,1377.1145920383967,4
13712,Blue One M,Far North,3000,1,0.9999994190066601,2999.9982570199804,10
13713,Blue One M,North,3000,1,0.2812918425194459,843.8755275583377,3
13715,Blue One M,Adamawa,3000,1,0.9999994571910931,2999.998371573279,10
13716,Blue One M,South West,3000,0,0.00047178070014398867,1.415342100431966,1
13717,Blue One M,North West,3000,0,0.3292707411518927,987.8122234556781,4
13718,Blue One M,Centre,3000,0,0.0013777789600838359,4.133336880251507,1
13719,Blue One M,Far North,3000,1,0.9999990945910164,2999.9972837730493,9
13720,Blue One M,South West,3000,0,0.0013184224603046797,3.955267380914039,1
13721,Blue One M,North,3000,1,0.9999992036465062,2999.9976109395184,9
13722,Blue One M,North,3000,0,0.40493763351610396,1214.812900548312,4
13723,Blue One M,South,3000,0,0.00128880685445477,3.8664205633643096,1
13724,Blue One M,Adamawa,3000,0,0.43708452203214687,1311.2535660964406,4
13726,Blue One M,South,3000,1,0.9999989899780956,2999.996969934287,9
13727,Blue One M,East,3000,1,0.5127027018677041,1538.108105603112,5
13728,Blue One M,West,3000,1,0.9999992148635357,2999.9976445906073,9
13729,Blue One M,Far North,3000,1,0.4391751532242308,1317.5254596726923,4
13730,Blue One M,South West,3000,1,0.45641643626215705,1369.2493087864711,4
13731,Blue One M,South West,3000,0,0.24914193234597376,747.4257970379213,3
13732,Blue One M,South,3000,1,0.2739724118863892,821.9172356591677,3
13735,Blue One M,Centre,3000,0,0.27925143350875653,837.7543005262696,3
13736,Blue One M,East,3000,0,0.46012759469108266,1380.382784073248,5
13737,Blue One M,Adamawa,3000,0,0.0005253824854308247,1.576147456292474,1
13738,Blue One M,Littoral,3000,0,0.31329176735435726,939.8753020630718,4
13742,Blue One M,South West,3000,1,0.9999992638362304,2999.997791508691,9
13743,Blue One M,Adamawa,3000,1,0.2748861827057792,824.6585481173375,3
13750,Blue One M,West,3000,0,0.0003996666580559186,1.1989999741677557,1
13751,Blue One M,North,3000,1,0.9999991015564939,2999.9973046694818,9
13752,Blue One M,South,3000,1,0.999999193600898,2999.997580802694,9
13753,Blue One M,South,3000,1,0.9999992413224559,2999.9977239673676,9
13754,Blue One M,Far North,3000,1,0.4927065225858713,1478.1195677576138,5
13755,Blue One M,Adamawa,3000,1,0.45228310979837993,1356.8493293951399,4
13756,Blue One M,Centre,3000,1,0.4363668926118856,1309.1006778356568,4
13757,Blue One M,South,3000,0,0.22819325371087407,684.5797611326223,3
13758,Blue One M,South West,3000,0,0.0015129091896494012,4.538727568948204,2
13759,Blue One M,West,3000,1,0.2760544664534879,828.1633993604637,3
13760,Blue One M,South,3000,0,0.2759614746955785,827.8844240867355,3
13761,Blue One M,Far North,3000,0,0.24771372708506154,743.1411812551846,3
13762,Blue One M,South West,3000,0,0.0004898167680498887,1.469450304149666,1
13763,Blue One M,Centre,3000,1,0.9999992933785938,2999.9978801357815,9
13764,Blue One M,Far North,3000,1,0.3389771883257605,1016.9315649772816,4
13765,Blue One M,South West,3000,0,0.30515406332768985,915.4621899830696,4
13766,Blue One M,Adamawa,3000,1,0.9999991787812434,2999.99753634373,9
13767,Blue One M,North,3000,0,0.0012575876213498612,3.7727628640495836,1
13768,Blue One M,Littoral,3000,0,0.4111686756548573,1233.506026964572,4
13771,Blue One M,East,3000,0,0.25692634540909615,770.7790362272884,3
13772,Blue One M,East,3000,0,0.2993192370837941,897.9577112513823,3
13774,Blue One M,East,3000,1,0.9999993302372792,2999.9979907118377,9
13775,Blue One M,Adamawa,3000,0,0.00040974927912362395,1.229247837370872,1
13776,Blue One M,North,3000,0,0.0004515517365870549,1.3546552097611646,1
13777,Blue One M,South,3000,0,0.3095325633242172,928.5976899726516,4
13778,Blue One M,Littoral,3000,0,0.2633160230627665,789.9480691882995,3
13779,Blue One M,Adamawa,3000,0,0.34059254043284043,1021.7776212985212,4
13780,Blue One M,Littoral,3000,0,0.2524626722992202,757.3880168976606,3
13783,Blue One M,South,3000,0,0.25576852411060536,767.305572331816,3
13785,Blue One M,Far North,3000,1,0.9999991111280865,2999.9973333842595,9
13786,Blue One M,North West,3000,0,0.0015790674482219797,4.737202344665939,2
13787,Blue One M,North West,3000,1,0.9999991102276015,2999.997330682804,9
13788,Blue One M,Littoral,3000,0,0.3125208304698344,937.5624914095033,4
13789,Blue One M,East,3000,0,0.0014246429929924876,4.273928978977462,2
13790,Blue One M,West,3000,0,0.41514757953163833,1245.442738594915,4
13791,Blue One M,Far North,3000,0,0.0005399810655287741,1.6199431965863222,1
13792,Blue One M,North West,3000,0,0.00041463698096232013,1.2439109428869604,1
13793,Blue One M,South West,3000,1,0.39934477424152015,1198.0343227245605,4
13794,Blue One M,Adamawa,3000,0,0.0018699050810666977,5.609715243200093,2
13795,Blue One M,Far North,3000,0,0.001444172887621592,4.332518662864776,2
13796,Blue One M,South,3000,0,0.0012747132585714106,3.8241397757142317,1
13797,Blue One M,South,3000,0,0.001255389201491657,3.766167604474971,1
13801,Blue One L,South West,5000,0,0.0010082208505667674,5.041104252833837,1
13802,Blue One L,Centre,5000,1,0.5688201964600114,2844.100982300057,7
13805,Blue One M,South West,3000,0,0.00040611257605828547,1.2183377281748564,1
13807,Blue One M,Centre,3000,0,0.00353642954811908,10.609288644357239,3
13808,Blue One M,Far North,3000,1,0.9999991413763354,2999.997424129006,9
13809,Blue One L,West,5000,0,0.5910644453269206,2955.322226634603,7
13810,Blue One L,North,5000,1,0.9999998217234154,4999.999108617077,10
13811,Blue One M,West,3000,1,0.9999990864373921,2999.9972593121765,9
13812,Blue One M,North,3000,1,0.9999988095557338,2999.9964286672016,8
13813,Blue One L,South West,5000,1,0.5797693335171186,2898.846667585593,7
13814,Blue One L,North,5000,1,0.5273431031919452,2636.715515959726,6
13815,Blue One L,Littoral,5000,0,0.0012661342246468696,6.330671123234348,1
13816,Blue One L,Littoral,5000,1,0.9999998252081471,4999.999126040736,10
13817,Blue One L,South West,5000,1,0.9999998103065104,4999.999051532552,10
13818,Blue One L,Centre,5000,0,0.0012832826209023132,6.416413104511566,1
13819,Blue One L,North West,5000,1,0.5932090674138978,2966.045337069489,7
13820,Blue One L,Littoral,5000,1,0.564760322683666,2823.8016134183304,7
13821,Blue One L,East,5000,0,0.6397959824842965,3198.9799124214824,8
13822,Blue One L,Littoral,5000,1,0.999999761722845,4999.998808614225,10
13823,Blue One M,South,3000,0,0.001126384804783708,3.379154414351124,1
13824,Blue One M,Littoral,3000,1,0.9999992094501852,2999.9976283505557,9
13846,Blue One M,North West,3000,1,0.5032456913108907,1509.737073932672,5
13848,Blue One L,North West,5000,1,0.5425396252435257,2712.6981262176287,6
13849,Blue One M,South West,3000,1,0.4753874958763192,1426.1624876289575,5
13853,Blue One M,Centre,3000,1,0.9999990876053815,2999.9972628161445,9
13855,Blue One L,Centre,5000,1,0.5614745738366705,2807.3728691833526,6
13858,Blue One M,North,3000,0,0.00047631114155344604,1.428933424660338,1
13859,Blue One M,Littoral,3000,1,0.3114945093598168,934.4835280794505,4
13861,Blue One M,North,3000,0,0.00032963381905677566,0.988901457170327,1
13862,Blue One M,North,3000,0,0.49573285416308627,1487.1985624892588,5
13863,Blue One L,North,5000,0,0.5605891681048902,2802.9458405244513,6
13864,Blue One M,Littoral,3000,0,0.5669384610868649,1700.8153832605947,7
13866,Blue One L,Far North,5000,1,0.9999997406445054,4999.998703222527,10
13869,Blue One L,North,5000,0,0.001018929444056937,5.094647220284686,1
13870,Blue One M,Littoral,3000,1,0.999998898978716,2999.996696936148,8
13871,Blue One M,Littoral,3000,1,0.9999989878565897,2999.996963569769,9
13872,Blue One L,South West,5000,0,0.001146757393461886,5.73378696730943,1
13873,Blue One L,Far North,5000,1,0.9999998502577827,4999.999251288914,10
13874,Blue One L,West,5000,1,0.9999998669600109,4999.999334800054,10
13875,Blue One L,West,5000,1,0.9999998457662911,4999.999228831455,10
13876,Blue One L,East,5000,1,0.9999998793653181,4999.999396826591,10
13877,Blue One L,Centre,5000,1,0.5629615419494873,2814.8077097474365,7
13878,Blue One L,Centre,5000,1,0.9999998680292091,4999.999340146046,10
13880,Blue One L,North West,5000,0,0.590272315352293,2951.3615767614647,7
13881,Blue One L,East,5000,0,0.5898822038513544,2949.411019256772,7
13882,Blue One M,North West,3000,1,0.9999990946004238,2999.9972838012714,9
13883,Blue One L,North,5000,1,0.999999854560557,4999.999272802785,10
13884,Blue One L,South West,5000,1,0.9999998534042405,4999.999267021202,10
13888,Blue One M,North,3000,0,0.0003916821233574589,1.1750463700723768,1
13889,Blue One M,North,3000,0,0.40693181765344505,1220.795452960335,4
13890,Blue One L,West,5000,1,0.6087290371168383,3043.645185584192,8
13891,Blue One M,East,3000,1,0.999999194773578,2999.997584320734,9
13892,Blue One L,North West,5000,1,0.6339424791746707,3169.7123958733537,8
13893,Blue One L,South,5000,1,0.9999997680598433,4999.998840299217,10
13895,Blue One M,Far North,3000,0,0.000528252898475396,1.5847586954261879,1
13898,Blue One M,East,3000,1,0.2986818252992875,896.0454758978625,3
13899,Blue One M,North,3000,0,0.0032971338505157492,9.891401551547247,3
13900,Blue One L,Centre,5000,1,0.9999998568265115,4999.9992841325575,10
13901,Blue One M,West,3000,0,0.001637353957667044,4.912061873001132,2
13902,Blue One L,North,5000,1,0.9999998133067127,4999.999066533564,10
13903,Blue One M,Far North,3000,0,0.4912371621440286,1473.7114864320858,5
13904,Blue One M,Far North,3000,1,0.9999990361985723,2999.997108595717,9
13905,Blue One M,Littoral,3000,0,0.0004081956997305188,1.2245870991915564,1
13906,Blue One L,East,5000,0,0.0018335938094091579,9.167969047045789,2
13907,Blue One L,Littoral,5000,1,0.5708483648793621,2854.2418243968104,7
13910,Blue One L,Far North,5000,1,0.9999998062977031,4999.999031488515,10
13911,Blue One L,South West,5000,0,0.0015279873370662419,7.639936685331209,2
13914,Blue One L,South West,5000,0,0.547903905311954,2739.51952655977,6
13915,Blue One M,West,3000,1,0.5144017991119446,1543.2053973358338,5
13916,Blue One L,North West,5000,0,0.0018515328813760357,9.257664406880178,2
13917,Blue One M,North,3000,0,0.40378607200244193,1211.3582160073258,4
13919,Blue One M,Littoral,3000,0,0.00038103865907739465,1.143115977232184,1
13922,Blue One M,Far North,3000,0,0.003789500865325881,11.368502595977644,3
13923,Blue One M,South,3000,0,0.31704574541202674,951.1372362360802,4
13924,Blue One M,Far North,3000,0,0.31687639682087454,950.6291904626236,4
13926,Blue One L,West,5000,1,0.9999997887212724,4999.9989436063615,10
13927,Blue One L,Littoral,5000,1,0.999999758423902,4999.99879211951,10
13928,Blue One M,East,3000,0,0.32589750056450273,977.6925016935082,4
13931,Blue One L,West,5000,1,0.9999997671494487,4999.998835747244,10
13934,Blue One M,South West,3000,1,0.5623001808777071,1686.9005426331212,7
13937,Blue One M,North West,3000,0,0.3290067993818379,987.0203981455137,4
