date,offre,brut,corrige,aberrant,manquant
2022-04-01,Blue One S,15.0,15.0,False,False
2022-04-02,Blue One S,9.0,9.0,False,False
2022-04-03,Blue One S,8.0,8.0,False,False
2022-04-04,Blue One S,12.0,12.0,False,False
2022-04-05,Blue One S,11.0,11.0,False,False
2022-04-06,Blue One S,9.0,9.0,False,False
2022-04-07,Blue One S,18.0,18.0,False,False
2022-04-08,Blue One S,18.0,18.0,False,False
2022-04-09,Blue One S,5.0,5.0,False,False
2022-04-10,Blue One S,11.0,11.0,False,False
2022-04-11,Blue One S,17.0,17.0,False,False
2022-04-12,Blue One S,12.0,12.0,False,False
2022-04-13,Blue One S,13.0,13.0,False,False
2022-04-14,Blue One S,,12.0,False,True
2022-04-15,Blue One S,12.0,12.0,False,False
2022-04-16,Blue One S,16.0,16.0,False,False
2022-04-17,Blue One S,5.0,15.0,True,False
2022-04-18,Blue One S,19.0,19.0,False,False
2022-04-19,Blue One S,16.0,16.0,False,False
2022-04-20,Blue One S,14.0,14.0,False,False
2022-04-21,Blue One S,8.0,8.0,False,False
2022-04-22,Blue One S,18.0,18.0,False,False
2022-04-23,Blue One S,22.0,22.0,False,False
2022-04-24,Blue One S,18.0,18.0,False,False
2022-04-25,Blue One S,10.0,10.0,False,False
2022-04-26,Blue One S,14.0,14.0,False,False
2022-04-27,Blue One S,,18.0,False,True
2022-04-28,Blue One S,21.0,21.0,False,False
2022-04-29,Blue One S,16.0,16.0,False,False
2022-04-30,Blue One S,16.0,16.0,False,False
2022-05-01,Blue One S,9.0,9.0,False,False
2022-05-02,Blue One S,16.0,16.0,False,False
2022-05-03,Blue One S,15.0,15.0,False,False
2022-05-04,Blue One S,13.0,13.0,False,False
2022-05-05,Blue One S,19.0,19.0,False,False
2022-05-06,Blue One S,22.0,22.0,False,False
2022-05-07,Blue One S,14.0,14.0,False,False
2022-05-08,Blue One S,16.0,16.0,False,False
2022-05-09,Blue One S,18.0,18.0,False,False
2022-05-10,Blue One S,17.0,17.0,False,False
2022-05-11,Blue One S,15.0,15.0,False,False
2022-05-12,Blue One S,25.0,25.0,False,False
2022-05-13,Blue One S,16.0,16.0,False,False
2022-05-14,Blue One S,8.0,8.0,False,False
2022-05-15,Blue One S,9.0,9.0,False,False
2022-05-16,Blue One S,17.0,17.0,False,False
2022-05-17,Blue One S,17.0,17.0,False,False
2022-05-18,Blue One S,21.0,21.0,False,False
2022-05-19,Blue One S,20.0,20.0,False,False
2022-05-20,Blue One S,13.0,13.0,False,False
2022-05-21,Blue One S,10.0,10.0,False,False
2022-05-22,Blue One S,5.0,5.0,False,False
2022-05-23,Blue One S,22.0,22.0,False,False
2022-05-24,Blue One S,21.0,21.0,False,False
2022-05-25,Blue One S,17.0,17.0,False,False
2022-05-26,Blue One S,20.0,20.0,False,False
2022-05-27,Blue One S,13.0,13.0,False,False
2022-05-28,Blue One S,12.0,12.0,False,False
2022-05-29,Blue One S,8.0,8.0,False,False
2022-05-30,Blue One S,27.0,27.0,False,False
2022-05-31,Blue One S,19.0,19.0,False,False
2022-06-01,Blue One S,21.0,21.0,False,False
2022-06-02,Blue One S,18.0,18.0,False,False
2022-06-03,Blue One S,22.0,22.0,False,False
2022-06-04,Blue One S,4.0,4.0,False,False
2022-06-05,Blue One S,11.0,11.0,False,False
2022-06-06,Blue One S,20.0,20.0,False,False
2022-06-07,Blue One S,23.0,23.0,False,False
2022-06-08,Blue One S,27.0,27.0,False,False
2022-06-09,Blue One S,14.0,14.0,False,False
2022-06-10,Blue One S,20.0,20.0,False,False
2022-06-11,Blue One S,14.0,14.0,False,False
2022-06-12,Blue One S,8.0,8.0,False,False
2022-06-13,Blue One S,13.0,13.0,False,False
2022-06-14,Blue One S,18.0,18.0,False,False
2022-06-15,Blue One S,19.0,19.0,False,False
2022-06-16,Blue One S,17.0,17.0,False,False
2022-06-17,Blue One S,17.0,17.0,False,False
2022-06-18,Blue One S,20.0,20.0,False,False
2022-06-19,Blue One S,15.0,15.0,False,False
2022-06-20,Blue One S,14.0,14.0,False,False
2022-06-21,Blue One S,20.0,20.0,False,False
2022-06-22,Blue One S,15.0,15.0,False,False
2022-06-23,Blue One S,18.0,18.0,False,False
2022-06-24,Blue One S,21.0,21.0,False,False
2022-06-25,Blue One S,19.0,19.0,False,False
2022-06-26,Blue One S,10.0,10.0,False,False
2022-06-27,Blue One S,30.0,18.0,True,False
2022-06-28,Blue One S,16.0,16.0,False,False
2022-06-29,Blue One S,15.0,15.0,False,False
2022-06-30,Blue One S,18.0,18.0,False,False
2022-07-01,Blue One S,20.0,20.0,False,False
2022-07-02,Blue One S,15.0,15.0,False,False
2022-07-03,Blue One S,12.0,12.0,False,False
2022-07-04,Blue One S,28.0,28.0,False,False
2022-07-05,Blue One S,26.0,16.0,True,False
2022-07-06,Blue One S,20.0,20.0,False,False
2022-07-07,Blue One S,16.0,16.0,False,False
2022-07-08,Blue One S,11.0,11.0,False,False
2022-07-09,Blue One S,10.0,10.0,False,False
2022-07-10,Blue One S,10.0,10.0,False,False
2022-07-11,Blue One S,20.0,20.0,False,False
2022-07-12,Blue One S,18.0,18.0,False,False
2022-07-13,Blue One S,20.0,20.0,False,False
2022-07-14,Blue One S,12.0,12.0,False,False
2022-07-15,Blue One S,18.0,18.0,False,False
2022-07-16,Blue One S,10.0,10.0,False,False
2022-07-17,Blue One S,15.0,15.0,False,False
2022-07-18,Blue One S,22.0,22.0,False,False
2022-07-19,Blue One S,19.0,19.0,False,False
2022-07-20,Blue One S,13.0,13.0,False,False
2022-07-21,Blue One S,14.0,14.0,False,False
2022-07-22,Blue One S,24.0,24.0,False,False
2022-07-23,Blue One S,15.0,15.0,False,False
2022-07-24,Blue One S,13.0,13.0,False,False
2022-07-25,Blue One S,24.0,24.0,False,False
2022-07-26,Blue One S,18.0,18.0,False,False
2022-07-27,Blue One S,19.0,19.0,False,False
2022-07-28,Blue One S,19.0,19.0,False,False
2022-07-29,Blue One S,25.0,25.0,False,False
2022-07-30,Blue One S,25.0,25.0,False,False
2022-07-31,Blue One S,9.0,9.0,False,False
2022-08-01,Blue One S,30.0,30.0,False,False
2022-08-02,Blue One S,30.0,30.0,False,False
2022-08-03,Blue One S,21.0,21.0,False,False
2022-08-04,Blue One S,19.0,19.0,False,False
2022-08-05,Blue One S,22.0,22.0,False,False
2022-08-06,Blue One S,16.0,16.0,False,False
2022-08-07,Blue One S,20.0,20.0,False,False
2022-08-08,Blue One S,34.0,34.0,False,False
2022-08-09,Blue One S,23.0,23.0,False,False
2022-08-10,Blue One S,29.0,29.0,False,False
2022-08-11,Blue One S,30.0,30.0,False,False
2022-08-12,Blue One S,21.0,21.0,False,False
2022-08-13,Blue One S,19.0,19.0,False,False
2022-08-14,Blue One S,12.0,12.0,False,False
2022-08-15,Blue One S,19.0,19.0,False,False
2022-08-16,Blue One S,32.0,32.0,False,False
2022-08-17,Blue One S,23.0,23.0,False,False
2022-08-18,Blue One S,31.0,31.0,False,False
2022-08-19,Blue One S,23.0,23.0,False,False
2022-08-20,Blue One S,29.0,29.0,False,False
2022-08-21,Blue One S,12.0,12.0,False,False
2022-08-22,Blue One S,27.0,27.0,False,False
2022-08-23,Blue One S,32.0,32.0,False,False
2022-08-24,Blue One S,38.0,38.0,False,False
2022-08-25,Blue One S,27.0,27.0,False,False
2022-08-26,Blue One S,34.0,34.0,False,False
2022-08-27,Blue One S,31.0,31.0,False,False
2022-08-28,Blue One S,21.0,21.0,False,False
2022-08-29,Blue One S,36.0,36.0,False,False
2022-08-30,Blue One S,35.0,35.0,False,False
2022-08-31,Blue One S,43.0,43.0,False,False
2022-09-01,Blue One S,32.0,32.0,False,False
2022-09-02,Blue One S,42.0,42.0,False,False
2022-09-03,Blue One S,37.0,37.0,False,False
2022-09-04,Blue One S,18.0,37.0,True,False
2022-09-05,Blue One S,42.0,42.0,False,False
2022-09-06,Blue One S,35.0,35.0,False,False
2022-09-07,Blue One S,39.0,39.0,False,False
2022-09-08,Blue One S,42.0,42.0,False,False
2022-09-09,Blue One S,47.0,47.0,False,False
2022-09-10,Blue One S,37.0,37.0,False,False
2022-09-11,Blue One S,14.0,14.0,False,False
2022-09-12,Blue One S,45.0,45.0,False,False
2022-09-13,Blue One S,14.0,14.0,False,False
2022-09-14,Blue One S,56.0,56.0,False,False
2022-09-15,Blue One S,48.0,48.0,False,False
2022-09-16,Blue One S,37.0,37.0,False,False
2022-09-17,Blue One S,33.0,33.0,False,False
2022-09-18,Blue One S,24.0,24.0,False,False
2022-09-19,Blue One S,36.0,36.0,False,False
2022-09-20,Blue One S,25.0,25.0,False,False
2022-09-21,Blue One S,43.0,43.0,False,False
2022-09-22,Blue One S,50.0,50.0,False,False
2022-09-23,Blue One S,59.0,59.0,False,False
2022-09-24,Blue One S,49.0,49.0,False,False
2022-09-25,Blue One S,32.0,32.0,False,False
2022-09-26,Blue One S,46.0,46.0,False,False
2022-09-27,Blue One S,59.0,59.0,False,False
2022-09-28,Blue One S,62.0,62.0,False,False
2022-09-29,Blue One S,47.0,47.0,False,False
2022-09-30,Blue One S,60.0,60.0,False,False
2022-10-01,Blue One S,44.0,44.0,False,False
2022-10-02,Blue One S,28.0,28.0,False,False
2022-10-03,Blue One S,54.0,54.0,False,False
2022-10-04,Blue One S,46.0,46.0,False,False
2022-10-05,Blue One S,55.0,55.0,False,False
2022-10-06,Blue One S,58.0,58.0,False,False
2022-10-07,Blue One S,52.0,52.0,False,False
2022-10-08,Blue One S,35.0,35.0,False,False
2022-10-09,Blue One S,27.0,27.0,False,False
2022-10-10,Blue One S,39.0,39.0,False,False
2022-10-11,Blue One S,57.0,57.0,False,False
2022-10-12,Blue One S,45.0,45.0,False,False
2022-10-13,Blue One S,57.0,57.0,False,False
2022-10-14,Blue One S,58.0,58.0,False,False
2022-10-15,Blue One S,34.0,34.0,False,False
2022-10-16,Blue One S,29.0,29.0,False,False
2022-10-17,Blue One S,57.0,57.0,False,False
2022-10-18,Blue One S,47.0,47.0,False,False
2022-10-19,Blue One S,56.0,56.0,False,False
2022-10-20,Blue One S,61.0,61.0,False,False
2022-10-21,Blue One S,56.0,56.0,False,False
2022-10-22,Blue One S,50.0,50.0,False,False
2022-10-23,Blue One S,25.0,25.0,False,False
2022-10-24,Blue One S,45.0,45.0,False,False
2022-10-25,Blue One S,61.0,61.0,False,False
2022-10-26,Blue One S,62.0,62.0,False,False
2022-10-27,Blue One S,70.0,70.0,False,False
2022-10-28,Blue One S,51.0,51.0,False,False
2022-10-29,Blue One S,41.0,41.0,False,False
2022-10-30,Blue One S,24.0,54.0,True,False
2022-10-31,Blue One S,66.0,66.0,False,False
2022-11-01,Blue One S,66.0,66.0,False,False
2022-11-02,Blue One S,63.0,63.0,False,False
2022-11-03,Blue One S,66.0,66.0,False,False
2022-11-04,Blue One S,54.0,54.0,False,False
2022-11-05,Blue One S,52.0,52.0,False,False
2022-11-06,Blue One S,35.0,35.0,False,False
2022-11-07,Blue One S,75.0,75.0,False,False
2022-11-08,Blue One S,60.0,60.0,False,False
2022-11-09,Blue One S,57.0,57.0,False,False
2022-11-10,Blue One S,65.0,65.0,False,False
2022-11-11,Blue One S,73.0,73.0,False,False
2022-11-12,Blue One S,52.0,52.0,False,False
2022-11-13,Blue One S,28.0,60.0,True,False
2022-11-14,Blue One S,60.0,60.0,False,False
2022-11-15,Blue One S,51.0,51.0,False,False
2022-11-16,Blue One S,54.0,54.0,False,False
2022-11-17,Blue One S,60.0,60.0,False,False
2022-11-18,Blue One S,61.0,61.0,False,False
2022-11-19,Blue One S,26.0,55.0,True,False
2022-11-20,Blue One S,63.0,63.0,False,False
2022-11-21,Blue One S,54.0,54.0,False,False
2022-11-22,Blue One S,58.0,58.0,False,False
2022-11-23,Blue One S,62.0,62.0,False,False
2022-11-24,Blue One S,55.0,55.0,False,False
2022-11-25,Blue One S,68.0,68.0,False,False
2022-11-26,Blue One S,40.0,40.0,False,False
2022-11-27,Blue One S,39.0,39.0,False,False
2022-11-28,Blue One S,54.0,54.0,False,False
2022-11-29,Blue One S,73.0,73.0,False,False
2022-11-30,Blue One S,62.0,62.0,False,False
2022-12-01,Blue One S,71.0,71.0,False,False
2022-12-02,Blue One S,74.0,74.0,False,False
2022-12-03,Blue One S,65.0,65.0,False,False
2022-12-04,Blue One S,45.0,45.0,False,False
2022-12-05,Blue One S,79.0,79.0,False,False
2022-12-06,Blue One S,67.0,67.0,False,False
2022-12-07,Blue One S,67.0,67.0,False,False
2022-12-08,Blue One S,54.0,54.0,False,False
2022-12-09,Blue One S,80.0,80.0,False,False
2022-12-10,Blue One S,46.0,46.0,False,False
2022-12-11,Blue One S,39.0,39.0,False,False
2022-12-12,Blue One S,66.0,66.0,False,False
2022-12-13,Blue One S,77.0,77.0,False,False
2022-12-14,Blue One S,69.0,69.0,False,False
2022-12-15,Blue One S,85.0,85.0,False,False
2022-12-16,Blue One S,143.0,85.0,True,False
2022-12-17,Blue One S,107.0,107.0,False,False
2022-12-18,Blue One S,77.0,77.0,False,False
2022-12-19,Blue One S,127.0,127.0,False,False
2022-12-20,Blue One S,134.0,134.0,False,False
2022-12-21,Blue One S,134.0,134.0,False,False
2022-12-22,Blue One S,118.0,118.0,False,False
2022-12-23,Blue One S,123.0,123.0,False,False
2022-12-24,Blue One S,94.0,94.0,False,False
2022-12-25,Blue One S,84.0,84.0,False,False
2022-12-26,Blue One S,114.0,114.0,False,False
2022-12-27,Blue One S,126.0,126.0,False,False
2022-12-28,Blue One S,135.0,135.0,False,False
2022-12-29,Blue One S,153.0,94.0,True,False
2022-12-30,Blue One S,90.0,90.0,False,False
2022-12-31,Blue One S,85.0,85.0,False,False
2023-01-01,Blue One S,43.0,43.0,False,False
2023-01-02,Blue One S,68.0,68.0,False,False
2023-01-03,Blue One S,83.0,83.0,False,False
2023-01-04,Blue One S,90.0,90.0,False,False
2023-01-05,Blue One S,115.0,115.0,False,False
2023-01-06,Blue One S,102.0,102.0,False,False
2023-01-07,Blue One S,90.0,90.0,False,False
2023-01-08,Blue One S,53.0,53.0,False,False
2023-01-09,Blue One S,109.0,109.0,False,False
2023-01-10,Blue One S,63.0,63.0,False,False
2023-01-11,Blue One S,93.0,93.0,False,False
2023-01-12,Blue One S,85.0,85.0,False,False
2023-01-13,Blue One S,96.0,96.0,False,False
2023-01-14,Blue One S,58.0,58.0,False,False
2023-01-15,Blue One S,63.0,63.0,False,False
2023-01-16,Blue One S,96.0,96.0,False,False
2023-01-17,Blue One S,97.0,97.0,False,False
2023-01-18,Blue One S,76.0,76.0,False,False
2023-01-19,Blue One S,90.0,90.0,False,False
2023-01-20,Blue One S,79.0,79.0,False,False
2023-01-21,Blue One S,75.0,75.0,False,False
2023-01-22,Blue One S,43.0,43.0,False,False
2023-01-23,Blue One S,98.0,98.0,False,False
2023-01-24,Blue One S,75.0,75.0,False,False
2023-01-25,Blue One S,85.0,85.0,False,False
2023-01-26,Blue One S,88.0,88.0,False,False
2023-01-27,Blue One S,100.0,100.0,False,False
2023-01-28,Blue One S,80.0,80.0,False,False
2023-01-29,Blue One S,59.0,59.0,False,False
2023-01-30,Blue One S,98.0,98.0,False,False
2023-01-31,Blue One S,74.0,74.0,False,False
2023-02-01,Blue One S,83.0,83.0,False,False
2023-02-02,Blue One S,95.0,95.0,False,False
2023-02-03,Blue One S,107.0,107.0,False,False
2023-02-04,Blue One S,71.0,71.0,False,False
2023-02-05,Blue One S,77.0,77.0,False,False
2023-02-06,Blue One S,121.0,121.0,False,False
2023-02-07,Blue One S,118.0,118.0,False,False
2023-02-08,Blue One S,88.0,88.0,False,False
2023-02-09,Blue One S,79.0,79.0,False,False
2023-02-10,Blue One S,85.0,85.0,False,False
2023-02-11,Blue One S,95.0,95.0,False,False
2023-02-12,Blue One S,63.0,63.0,False,False
2023-02-13,Blue One S,112.0,112.0,False,False
2023-02-14,Blue One S,97.0,97.0,False,False
2023-02-15,Blue One S,70.0,70.0,False,False
2023-02-16,Blue One S,82.0,82.0,False,False
2023-02-17,Blue One S,78.0,78.0,False,False
2023-02-18,Blue One S,69.0,69.0,False,False
2023-02-19,Blue One S,68.0,68.0,False,False
2023-02-20,Blue One S,95.0,95.0,False,False
2023-02-21,Blue One S,92.0,92.0,False,False
2023-02-22,Blue One S,75.0,75.0,False,False
2023-02-23,Blue One S,84.0,84.0,False,False
2023-02-24,Blue One S,82.0,82.0,False,False
2023-02-25,Blue One S,83.0,83.0,False,False
2023-02-26,Blue One S,72.0,72.0,False,False
2023-02-27,Blue One S,108.0,108.0,False,False
2023-02-28,Blue One S,88.0,88.0,False,False
2023-03-01,Blue One S,80.0,80.0,False,False
2023-03-02,Blue One S,85.0,85.0,False,False
2023-03-03,Blue One S,80.0,80.0,False,False
2023-03-04,Blue One S,89.0,89.0,False,False
2023-03-05,Blue One S,70.0,70.0,False,False
2023-03-06,Blue One S,96.0,96.0,False,False
2023-03-07,Blue One S,79.0,79.0,False,False
2023-03-08,Blue One S,74.0,74.0,False,False
2023-03-09,Blue One S,73.0,73.0,False,False
2023-03-10,Blue One S,103.0,103.0,False,False
2023-03-11,Blue One S,90.0,90.0,False,False
2023-03-12,Blue One S,69.0,69.0,False,False
2023-03-13,Blue One S,112.0,112.0,False,False
2023-03-14,Blue One S,106.0,106.0,False,False
2023-03-15,Blue One S,108.0,108.0,False,False
2023-03-16,Blue One S,114.0,114.0,False,False
2023-03-17,Blue One S,105.0,105.0,False,False
2023-03-18,Blue One S,115.0,115.0,False,False
2023-03-19,Blue One S,89.0,89.0,False,False
2023-03-20,Blue One S,120.0,120.0,False,False
2023-03-21,Blue One S,107.0,107.0,False,False
2023-03-22,Blue One S,103.0,103.0,False,False
2023-03-23,Blue One S,103.0,103.0,False,False
2023-03-24,Blue One S,122.0,122.0,False,False
2023-03-25,Blue One S,96.0,96.0,False,False
2023-03-26,Blue One S,101.0,101.0,False,False
2023-03-27,Blue One S,126.0,126.0,False,False
2023-03-28,Blue One S,115.0,115.0,False,False
2023-03-29,Blue One S,144.0,144.0,False,False
2023-03-30,Blue One S,124.0,124.0,False,False
2023-03-31,Blue One S,139.0,139.0,False,False
2023-04-01,Blue One S,116.0,116.0,False,False
2023-04-02,Blue One S,108.0,108.0,False,False
2023-04-03,Blue One S,152.0,152.0,False,False
2023-04-04,Blue One S,133.0,133.0,False,False
2023-04-05,Blue One S,129.0,129.0,False,False
2023-04-06,Blue One S,133.0,133.0,False,False
2023-04-07,Blue One S,110.0,110.0,False,False
2023-04-08,Blue One S,113.0,113.0,False,False
2023-04-09,Blue One S,78.0,78.0,False,False
2023-04-10,Blue One S,136.0,136.0,False,False
2023-04-11,Blue One S,116.0,116.0,False,False
2023-04-12,Blue One S,147.0,147.0,False,False
2023-04-13,Blue One S,102.0,102.0,False,False
2023-04-14,Blue One S,114.0,114.0,False,False
2023-04-15,Blue One S,104.0,104.0,False,False
2023-04-16,Blue One S,100.0,100.0,False,False
2023-04-17,Blue One S,112.0,112.0,False,False
2023-04-18,Blue One S,136.0,136.0,False,False
2023-04-19,Blue One S,85.0,85.0,False,False
2023-04-20,Blue One S,102.0,102.0,False,False
2023-04-21,Blue One S,117.0,117.0,False,False
2023-04-22,Blue One S,101.0,101.0,False,False
2023-04-23,Blue One S,88.0,88.0,False,False
2023-04-24,Blue One S,157.0,157.0,False,False
2023-04-25,Blue One S,179.0,179.0,False,False
2023-04-26,Blue One S,148.0,148.0,False,False
2023-04-27,Blue One S,173.0,173.0,False,False
2023-04-28,Blue One S,171.0,171.0,False,False
2023-04-29,Blue One S,151.0,151.0,False,False
2023-04-30,Blue One S,143.0,143.0,False,False
2023-05-01,Blue One S,136.0,136.0,False,False
2023-05-02,Blue One S,198.0,198.0,False,False
2023-05-03,Blue One S,168.0,168.0,False,False
2023-05-04,Blue One S,157.0,157.0,False,False
2023-05-05,Blue One S,153.0,153.0,False,False
2023-05-06,Blue One S,190.0,190.0,False,False
2023-05-07,Blue One S,90.0,153.0,True,False
2023-05-08,Blue One S,167.0,167.0,False,False
2023-05-09,Blue One S,158.0,158.0,False,False
2023-05-10,Blue One S,137.0,137.0,False,False
2023-05-11,Blue One S,157.0,157.0,False,False
2023-05-12,Blue One S,150.0,150.0,False,False
2023-05-13,Blue One S,127.0,127.0,False,False
2023-05-14,Blue One S,117.0,117.0,False,False
2023-05-15,Blue One S,154.0,117.0,True,False
2023-05-16,Blue One S,108.0,108.0,False,False
2023-05-17,Blue One S,98.0,98.0,False,False
2023-05-18,Blue One S,108.0,108.0,False,False
2023-05-19,Blue One S,104.0,104.0,False,False
2023-05-20,Blue One S,68.0,104.0,True,False
2023-05-21,Blue One S,76.0,76.0,False,False
2023-05-22,Blue One S,95.0,95.0,False,False
2023-05-23,Blue One S,108.0,108.0,False,False
2023-05-24,Blue One S,117.0,117.0,False,False
2023-05-25,Blue One S,98.0,98.0,False,False
2023-05-26,Blue One S,102.0,102.0,False,False
2023-05-27,Blue One S,92.0,92.0,False,False
2023-05-28,Blue One S,72.0,72.0,False,False
2023-05-29,Blue One S,115.0,115.0,False,False
2023-05-30,Blue One S,96.0,96.0,False,False
2023-05-31,Blue One S,91.0,91.0,False,False
2023-06-01,Blue One S,107.0,107.0,False,False
2023-06-02,Blue One S,116.0,116.0,False,False
2023-06-03,Blue One S,74.0,74.0,False,False
2023-06-04,Blue One S,76.0,76.0,False,False
2023-06-05,Blue One S,93.0,93.0,False,False
2023-06-06,Blue One S,104.0,104.0,False,False
2023-06-07,Blue One S,91.0,91.0,False,False
2023-06-08,Blue One S,110.0,110.0,False,False
2023-06-09,Blue One S,105.0,105.0,False,False
2023-06-10,Blue One S,76.0,76.0,False,False
2023-06-11,Blue One S,82.0,82.0,False,False
2023-06-12,Blue One S,118.0,118.0,False,False
2023-06-13,Blue One S,99.0,99.0,False,False
2023-06-14,Blue One S,113.0,113.0,False,False
2023-06-15,Blue One S,93.0,93.0,False,False
2023-06-16,Blue One S,104.0,104.0,False,False
2023-06-17,Blue One S,86.0,86.0,False,False
2023-06-18,Blue One S,52.0,93.0,True,False
2023-06-19,Blue One S,101.0,101.0,False,False
2023-06-20,Blue One S,94.0,94.0,False,False
2023-06-21,Blue One S,96.0,96.0,False,False
2023-06-22,Blue One S,91.0,91.0,False,False
2023-06-23,Blue One S,82.0,82.0,False,False
2023-06-24,Blue One S,90.0,90.0,False,False
2023-06-25,Blue One S,79.0,79.0,False,False
2023-06-26,Blue One S,112.0,112.0,False,False
2023-06-27,Blue One S,99.0,99.0,False,False
2023-06-28,Blue One S,101.0,101.0,False,False
2023-06-29,Blue One S,93.0,93.0,False,False
2023-06-30,Blue One S,107.0,107.0,False,False
2023-07-01,Blue One S,81.0,81.0,False,False
2023-07-02,Blue One S,63.0,63.0,False,False
2023-07-03,Blue One S,135.0,135.0,False,False
2023-07-04,Blue One S,100.0,100.0,False,False
2023-07-05,Blue One S,88.0,88.0,False,False
2023-07-06,Blue One S,104.0,104.0,False,False
2023-07-07,Blue One S,72.0,72.0,False,False
2023-07-08,Blue One S,98.0,98.0,False,False
2023-07-09,Blue One S,77.0,77.0,False,False
2023-07-10,Blue One S,108.0,108.0,False,False
2023-07-11,Blue One S,104.0,104.0,False,False
2023-07-12,Blue One S,100.0,100.0,False,False
2023-07-13,Blue One S,77.0,77.0,False,False
2023-07-14,Blue One S,85.0,85.0,False,False
2023-07-15,Blue One S,78.0,78.0,False,False
2023-07-16,Blue One S,70.0,70.0,False,False
2023-07-17,Blue One S,89.0,89.0,False,False
2023-07-18,Blue One S,93.0,93.0,False,False
2023-07-19,Blue One S,86.0,86.0,False,False
2023-07-20,Blue One S,105.0,105.0,False,False
2023-07-21,Blue One S,105.0,105.0,False,False
2023-07-22,Blue One S,75.0,75.0,False,False
2023-07-23,Blue One S,61.0,61.0,False,False
2023-07-24,Blue One S,99.0,99.0,False,False
2023-07-25,Blue One S,106.0,106.0,False,False
2023-07-26,Blue One S,99.0,99.0,False,False
2023-07-27,Blue One S,94.0,94.0,False,False
2023-07-28,Blue One S,114.0,114.0,False,False
2023-07-29,Blue One S,84.0,84.0,False,False
2023-07-30,Blue One S,66.0,99.0,True,False
2023-07-31,Blue One S,103.0,103.0,False,False
2023-08-01,Blue One S,103.0,103.0,False,False
2023-08-02,Blue One S,100.0,100.0,False,False
2023-08-03,Blue One S,91.0,91.0,False,False
2023-08-04,Blue One S,102.0,102.0,False,False
2023-08-05,Blue One S,101.0,101.0,False,False
2023-08-06,Blue One S,73.0,73.0,False,False
2023-08-07,Blue One S,108.0,108.0,False,False
2023-08-08,Blue One S,88.0,88.0,False,False
2023-08-09,Blue One S,104.0,104.0,False,False
2023-08-10,Blue One S,81.0,81.0,False,False
2023-08-11,Blue One S,100.0,100.0,False,False
2023-08-12,Blue One S,92.0,92.0,False,False
2023-08-13,Blue One S,77.0,77.0,False,False
2023-08-14,Blue One S,82.0,82.0,False,False
2023-08-15,Blue One S,76.0,76.0,False,False
2023-08-16,Blue One S,109.0,109.0,False,False
2023-08-17,Blue One S,88.0,88.0,False,False
2023-08-18,Blue One S,83.0,83.0,False,False
2023-08-19,Blue One S,86.0,86.0,False,False
2023-08-20,Blue One S,49.0,49.0,False,False
2023-08-21,Blue One S,103.0,103.0,False,False
2023-08-22,Blue One S,95.0,95.0,False,False
2023-08-23,Blue One S,98.0,98.0,False,False
2023-08-24,Blue One S,77.0,77.0,False,False
2023-08-25,Blue One S,78.0,78.0,False,False
2023-08-26,Blue One S,99.0,99.0,False,False
2023-08-27,Blue One S,83.0,83.0,False,False
2023-08-28,Blue One S,132.0,132.0,False,False
2023-08-29,Blue One S,112.0,112.0,False,False
2023-08-30,Blue One S,111.0,111.0,False,False
2023-08-31,Blue One S,90.0,90.0,False,False
2023-09-01,Blue One S,89.0,89.0,False,False
2023-09-02,Blue One S,78.0,78.0,False,False
2023-09-03,Blue One S,62.0,62.0,False,False
2023-09-04,Blue One S,99.0,99.0,False,False
2023-09-05,Blue One S,93.0,93.0,False,False
2023-09-06,Blue One S,94.0,94.0,False,False
2023-09-07,Blue One S,77.0,77.0,False,False
2023-09-08,Blue One S,36.0,79.0,True,False
2023-09-09,Blue One S,64.0,64.0,False,False
2023-09-10,Blue One S,81.0,81.0,False,False
2023-09-11,Blue One S,121.0,79.0,True,False
2023-09-12,Blue One S,79.0,79.0,False,False
2023-09-13,Blue One S,83.0,83.0,False,False
2023-09-14,Blue One S,71.0,71.0,False,False
2023-09-15,Blue One S,73.0,73.0,False,False
2023-09-16,Blue One S,76.0,76.0,False,False
2023-09-17,Blue One S,72.0,72.0,False,False
2023-09-18,Blue One S,102.0,102.0,False,False
2023-09-19,Blue One S,83.0,83.0,False,False
2023-09-20,Blue One S,59.0,59.0,False,False
2023-09-21,Blue One S,78.0,78.0,False,False
2023-09-22,Blue One S,82.0,82.0,False,False
2023-09-23,Blue One S,73.0,73.0,False,False
2023-09-24,Blue One S,63.0,63.0,False,False
2023-09-25,Blue One S,94.0,94.0,False,False
2023-09-26,Blue One S,70.0,70.0,False,False
2023-09-27,Blue One S,84.0,84.0,False,False
2023-09-28,Blue One S,105.0,78.0,True,False
2023-09-29,Blue One S,88.0,88.0,False,False
2023-09-30,Blue One S,72.0,72.0,False,False
2023-10-01,Blue One S,55.0,55.0,False,False
2023-10-02,Blue One S,91.0,91.0,False,False
2023-10-03,Blue One S,81.0,81.0,False,False
2023-10-04,Blue One S,75.0,75.0,False,False
2023-10-05,Blue One S,74.0,74.0,False,False
2023-10-06,Blue One S,62.0,62.0,False,False
2023-10-07,Blue One S,58.0,58.0,False,False
2023-10-08,Blue One S,47.0,47.0,False,False
2023-10-09,Blue One S,85.0,85.0,False,False
2023-10-10,Blue One S,94.0,94.0,False,False
2023-10-11,Blue One S,83.0,83.0,False,False
2023-10-12,Blue One S,69.0,69.0,False,False
2023-10-13,Blue One S,75.0,75.0,False,False
2023-10-14,Blue One S,79.0,79.0,False,False
2023-10-15,Blue One S,52.0,52.0,False,False
2023-10-16,Blue One S,79.0,79.0,False,False
2023-10-17,Blue One S,75.0,75.0,False,False
2023-10-18,Blue One S,84.0,84.0,False,False
2023-10-19,Blue One S,72.0,72.0,False,False
2023-10-20,Blue One S,76.0,76.0,False,False
2023-10-21,Blue One S,69.0,69.0,False,False
2023-10-22,Blue One S,59.0,59.0,False,False
2023-10-23,Blue One S,84.0,84.0,False,False
2023-10-24,Blue One S,68.0,68.0,False,False
2023-10-25,Blue One S,71.0,71.0,False,False
2023-10-26,Blue One S,87.0,87.0,False,False
2023-10-27,Blue One S,74.0,74.0,False,False
2023-10-28,Blue One S,73.0,73.0,False,False
2023-10-29,Blue One S,63.0,63.0,False,False
2023-10-30,Blue One S,69.0,69.0,False,False
2023-10-31,Blue One S,75.0,75.0,False,False
2023-11-01,Blue One S,85.0,85.0,False,False
2023-11-02,Blue One S,61.0,61.0,False,False
2023-11-03,Blue One S,67.0,67.0,False,False
2023-11-04,Blue One S,65.0,65.0,False,False
2023-11-05,Blue One S,52.0,52.0,False,False
2023-11-06,Blue One S,69.0,69.0,False,False
2023-11-07,Blue One S,67.0,67.0,False,False
2023-11-08,Blue One S,83.0,83.0,False,False
2023-11-09,Blue One S,72.0,72.0,False,False
2023-11-10,Blue One S,72.0,72.0,False,False
2023-11-11,Blue One S,78.0,78.0,False,False
2023-11-12,Blue One S,59.0,59.0,False,False
2023-11-13,Blue One S,58.0,58.0,False,False
2023-11-14,Blue One S,53.0,53.0,False,False
2023-11-15,Blue One S,65.0,65.0,False,False
2023-11-16,Blue One S,62.0,62.0,False,False
2023-11-17,Blue One S,62.0,62.0,False,False
2023-11-18,Blue One S,96.0,65.0,True,False
2023-11-19,Blue One S,56.0,56.0,False,False
2023-11-20,Blue One S,70.0,70.0,False,False
2023-11-21,Blue One S,90.0,90.0,False,False
2023-11-22,Blue One S,81.0,81.0,False,False
2023-11-23,Blue One S,65.0,65.0,False,False
2023-11-24,Blue One S,68.0,68.0,False,False
2023-11-25,Blue One S,71.0,71.0,False,False
2023-11-26,Blue One S,66.0,66.0,False,False
2023-11-27,Blue One S,104.0,71.0,True,False
2023-11-28,Blue One S,71.0,71.0,False,False
2023-11-29,Blue One S,75.0,75.0,False,False
2023-11-30,Blue One S,77.0,77.0,False,False
2023-12-01,Blue One S,73.0,73.0,False,False
2023-12-02,Blue One S,56.0,56.0,False,False
2023-12-03,Blue One S,70.0,70.0,False,False
2023-12-04,Blue One S,79.0,79.0,False,False
2023-12-05,Blue One S,86.0,86.0,False,False
2023-12-06,Blue One S,80.0,80.0,False,False
2023-12-07,Blue One S,78.0,78.0,False,False
2023-12-08,Blue One S,67.0,67.0,False,False
2023-12-09,Blue One S,62.0,62.0,False,False
2023-12-10,Blue One S,74.0,74.0,False,False
2023-12-11,Blue One S,77.0,77.0,False,False
2023-12-12,Blue One S,62.0,62.0,False,False
2023-12-13,Blue One S,81.0,81.0,False,False
2023-12-14,Blue One S,82.0,82.0,False,False
2023-12-15,Blue One S,78.0,78.0,False,False
2023-12-16,Blue One S,80.0,80.0,False,False
2023-12-17,Blue One S,65.0,65.0,False,False
2023-12-18,Blue One S,80.0,80.0,False,False
2023-12-19,Blue One S,89.0,89.0,False,False
2023-12-20,Blue One S,75.0,75.0,False,False
2023-12-21,Blue One S,83.0,83.0,False,False
2023-12-22,Blue One S,98.0,98.0,False,False
2023-12-23,Blue One S,67.0,67.0,False,False
2023-12-24,Blue One S,69.0,69.0,False,False
2023-12-25,Blue One S,65.0,65.0,False,False
2023-12-26,Blue One S,89.0,89.0,False,False
2023-12-27,Blue One S,87.0,87.0,False,False
2023-12-28,Blue One S,85.0,85.0,False,False
2023-12-29,Blue One S,75.0,75.0,False,False
2023-12-30,Blue One S,78.0,78.0,False,False
2023-12-31,Blue One S,54.0,54.0,False,False
2024-01-01,Blue One S,47.0,47.0,False,False
2024-01-02,Blue One S,67.0,67.0,False,False
2024-01-03,Blue One S,88.0,88.0,False,False
2024-01-04,Blue One S,63.0,63.0,False,False
2024-01-05,Blue One S,68.0,68.0,False,False
2024-01-06,Blue One S,64.0,64.0,False,False
2024-01-07,Blue One S,56.0,56.0,False,False
2024-01-08,Blue One S,75.0,75.0,False,False
2024-01-09,Blue One S,61.0,61.0,False,False
2024-01-10,Blue One S,96.0,96.0,False,False
2024-01-11,Blue One S,69.0,69.0,False,False
2024-01-12,Blue One S,76.0,76.0,False,False
2024-01-13,Blue One S,62.0,62.0,False,False
2024-01-14,Blue One S,46.0,46.0,False,False
2024-01-15,Blue One S,69.0,69.0,False,False
2024-01-16,Blue One S,68.0,68.0,False,False
2024-01-17,Blue One S,60.0,60.0,False,False
2024-01-18,Blue One S,52.0,52.0,False,False
2024-01-19,Blue One S,68.0,68.0,False,False
2024-01-20,Blue One S,74.0,74.0,False,False
2024-01-21,Blue One S,52.0,52.0,False,False
2024-01-22,Blue One S,71.0,71.0,False,False
2024-01-23,Blue One S,75.0,75.0,False,False
2024-01-24,Blue One S,65.0,65.0,False,False
2024-01-25,Blue One S,68.0,68.0,False,False
2024-01-26,Blue One S,74.0,74.0,False,False
2024-01-27,Blue One S,67.0,67.0,False,False
2024-01-28,Blue One S,50.0,68.0,True,False
2024-01-29,Blue One S,64.0,64.0,False,False
2024-01-30,Blue One S,69.0,69.0,False,False
2024-01-31,Blue One S,69.0,69.0,False,False
2024-02-01,Blue One S,89.0,89.0,False,False
2024-02-02,Blue One S,69.0,69.0,False,False
2024-02-03,Blue One S,66.0,66.0,False,False
2024-02-04,Blue One S,45.0,45.0,False,False
2024-02-05,Blue One S,83.0,83.0,False,False
2024-02-06,Blue One S,61.0,61.0,False,False
2024-02-07,Blue One S,69.0,69.0,False,False
2024-02-08,Blue One S,55.0,55.0,False,False
2024-02-09,Blue One S,64.0,64.0,False,False
2024-02-10,Blue One S,69.0,69.0,False,False
2024-02-11,Blue One S,57.0,57.0,False,False
2024-02-12,Blue One S,76.0,76.0,False,False
2024-02-13,Blue One S,70.0,70.0,False,False
2024-02-14,Blue One S,79.0,79.0,False,False
2024-02-15,Blue One S,60.0,60.0,False,False
2024-02-16,Blue One S,55.0,55.0,False,False
2024-02-17,Blue One S,52.0,52.0,False,False
2024-02-18,Blue One S,50.0,50.0,False,False
2024-02-19,Blue One S,71.0,71.0,False,False
2024-02-20,Blue One S,76.0,76.0,False,False
2024-02-21,Blue One S,70.0,70.0,False,False
2024-02-22,Blue One S,61.0,61.0,False,False
2024-02-23,Blue One S,72.0,72.0,False,False
2024-02-24,Blue One S,57.0,57.0,False,False
2024-02-25,Blue One S,62.0,62.0,False,False
2024-02-26,Blue One S,83.0,83.0,False,False
2024-02-27,Blue One S,59.0,59.0,False,False
2024-02-28,Blue One S,54.0,54.0,False,False
2024-02-29,Blue One S,52.0,52.0,False,False
2024-03-01,Blue One S,62.0,62.0,False,False
2024-03-02,Blue One S,65.0,65.0,False,False
2024-03-03,Blue One S,55.0,55.0,False,False
2024-03-04,Blue One S,61.0,61.0,False,False
2024-03-05,Blue One S,76.0,76.0,False,False
2024-03-06,Blue One S,74.0,74.0,False,False
2024-03-07,Blue One S,66.0,66.0,False,False
2024-03-08,Blue One S,64.0,64.0,False,False
2024-03-09,Blue One S,64.0,64.0,False,False
2024-03-10,Blue One S,64.0,64.0,False,False
2024-03-11,Blue One S,68.0,68.0,False,False
2024-03-12,Blue One S,69.0,69.0,False,False
2024-03-13,Blue One S,55.0,67.0,True,False
2024-03-14,Blue One S,80.0,67.0,True,False
2024-03-15,Blue One S,67.0,67.0,False,False
2024-03-16,Blue One S,70.0,70.0,False,False
2024-03-17,Blue One S,59.0,59.0,False,False
2024-03-18,Blue One S,71.0,71.0,False,False
2024-03-19,Blue One S,52.0,52.0,False,False
2024-03-20,Blue One S,70.0,70.0,False,False
2024-03-21,Blue One S,71.0,71.0,False,False
2024-03-22,Blue One S,75.0,75.0,False,False
2024-03-23,Blue One S,61.0,61.0,False,False
2024-03-24,Blue One S,56.0,56.0,False,False
2024-03-25,Blue One S,61.0,61.0,False,False
2024-03-26,Blue One S,77.0,63.0,True,False
2024-03-27,Blue One S,61.0,61.0,False,False
2024-03-28,Blue One S,63.0,63.0,False,False
2024-03-29,Blue One S,64.0,64.0,False,False
2024-03-30,Blue One S,63.0,63.0,False,False
2024-03-31,Blue One S,46.0,62.0,True,False
2024-04-01,Blue One S,69.0,69.0,False,False
2024-04-02,Blue One S,66.0,66.0,False,False
2024-04-03,Blue One S,58.0,58.0,False,False
2024-04-04,Blue One S,62.0,62.0,False,False
2024-04-05,Blue One S,59.0,59.0,False,False
2024-04-06,Blue One S,64.0,64.0,False,False
2024-04-07,Blue One S,38.0,62.0,True,False
2024-04-08,Blue One S,70.0,70.0,False,False
2024-04-09,Blue One S,54.0,54.0,False,False
2024-04-10,Blue One S,64.0,64.0,False,False
2024-04-11,Blue One S,54.0,54.0,False,False
2024-04-12,Blue One S,49.0,49.0,False,False
2024-04-13,Blue One S,65.0,65.0,False,False
2024-04-14,Blue One S,62.0,62.0,False,False
2024-04-15,Blue One S,69.0,69.0,False,False
2024-04-16,Blue One S,59.0,59.0,False,False
2024-04-17,Blue One S,63.0,63.0,False,False
2024-04-18,Blue One S,69.0,69.0,False,False
2024-04-19,Blue One S,54.0,54.0,False,False
2024-04-20,Blue One S,62.0,62.0,False,False
2024-04-21,Blue One S,59.0,59.0,False,False
2024-04-22,Blue One S,71.0,71.0,False,False
2024-04-23,Blue One S,63.0,63.0,False,False
2024-04-24,Blue One S,60.0,60.0,False,False
2024-04-25,Blue One S,50.0,50.0,False,False
2024-04-26,Blue One S,78.0,78.0,False,False
2024-04-27,Blue One S,73.0,73.0,False,False
2024-04-28,Blue One S,43.0,43.0,False,False
2024-04-29,Blue One S,69.0,69.0,False,False
2024-04-30,Blue One S,63.0,63.0,False,False
2024-05-01,Blue One S,52.0,52.0,False,False
2024-05-02,Blue One S,78.0,78.0,False,False
2024-05-03,Blue One S,76.0,76.0,False,False
2024-05-04,Blue One S,62.0,62.0,False,False
2024-05-05,Blue One S,56.0,56.0,False,False
2024-05-06,Blue One S,91.0,64.0,True,False
2024-05-07,Blue One S,64.0,64.0,False,False
2024-05-08,Blue One S,68.0,68.0,False,False
2024-05-09,Blue One S,67.0,67.0,False,False
2024-05-10,Blue One S,76.0,76.0,False,False
2024-05-11,Blue One S,62.0,62.0,False,False
2024-05-12,Blue One S,54.0,54.0,False,False
2024-05-13,Blue One S,57.0,57.0,False,False
2024-05-14,Blue One S,39.0,39.0,False,False
2024-05-15,Blue One S,74.0,74.0,False,False
2024-05-16,Blue One S,83.0,83.0,False,False
2024-05-17,Blue One S,63.0,63.0,False,False
2024-05-18,Blue One S,48.0,48.0,False,False
2024-05-19,Blue One S,61.0,61.0,False,False
2024-05-20,Blue One S,52.0,52.0,False,False
2024-05-21,Blue One S,70.0,70.0,False,False
2024-05-22,Blue One S,60.0,60.0,False,False
2024-05-23,Blue One S,79.0,79.0,False,False
2024-05-24,Blue One S,80.0,80.0,False,False
2024-05-25,Blue One S,66.0,66.0,False,False
2024-05-26,Blue One S,68.0,68.0,False,False
2024-05-27,Blue One S,78.0,78.0,False,False
2024-05-28,Blue One S,71.0,71.0,False,False
2024-05-29,Blue One S,76.0,76.0,False,False
2024-05-30,Blue One S,72.0,72.0,False,False
2024-05-31,Blue One S,69.0,69.0,False,False
2024-06-01,Blue One S,60.0,60.0,False,False
2024-06-02,Blue One S,47.0,47.0,False,False
2024-06-03,Blue One S,91.0,91.0,False,False
2024-06-04,Blue One S,65.0,65.0,False,False
2024-06-05,Blue One S,69.0,69.0,False,False
2024-06-06,Blue One S,76.0,76.0,False,False
2024-06-07,Blue One S,75.0,75.0,False,False
2024-06-08,Blue One S,68.0,68.0,False,False
2024-06-09,Blue One S,56.0,56.0,False,False
2024-06-10,Blue One S,79.0,79.0,False,False
2024-06-11,Blue One S,75.0,75.0,False,False
2024-06-12,Blue One S,58.0,58.0,False,False
2024-06-13,Blue One S,63.0,63.0,False,False
2024-06-14,Blue One S,57.0,57.0,False,False
2024-06-15,Blue One S,56.0,56.0,False,False
2024-06-16,Blue One S,51.0,51.0,False,False
2024-06-17,Blue One S,74.0,74.0,False,False
2024-06-18,Blue One S,63.0,63.0,False,False
2024-06-19,Blue One S,57.0,57.0,False,False
2024-06-20,Blue One S,50.0,50.0,False,False
2024-06-21,Blue One S,50.0,50.0,False,False
2024-06-22,Blue One S,54.0,54.0,False,False
2024-06-23,Blue One S,44.0,44.0,False,False
2024-06-24,Blue One S,67.0,67.0,False,False
2024-06-25,Blue One S,65.0,50.0,True,False
2024-06-26,Blue One S,47.0,47.0,False,False
2024-06-27,Blue One S,47.0,47.0,False,False
2024-06-28,Blue One S,49.0,49.0,False,False
2024-06-29,Blue One S,50.0,50.0,False,False
2024-06-30,Blue One S,33.0,33.0,False,False
2024-07-01,Blue One S,51.0,51.0,False,False
2024-07-02,Blue One S,53.0,53.0,False,False
2024-07-03,Blue One S,56.0,56.0,False,False
2024-07-04,Blue One S,52.0,52.0,False,False
2024-07-05,Blue One S,41.0,41.0,False,False
2024-07-06,Blue One S,56.0,56.0,False,False
2024-07-07,Blue One S,42.0,42.0,False,False
2024-07-08,Blue One S,67.0,67.0,False,False
2024-07-09,Blue One S,54.0,54.0,False,False
2024-07-10,Blue One S,57.0,57.0,False,False
2024-07-11,Blue One S,53.0,53.0,False,False
2024-07-12,Blue One S,46.0,46.0,False,False
2024-07-13,Blue One S,39.0,39.0,False,False
2024-07-14,Blue One S,37.0,37.0,False,False
2024-07-15,Blue One S,51.0,51.0,False,False
2024-07-16,Blue One S,55.0,55.0,False,False
2024-07-17,Blue One S,54.0,54.0,False,False
2024-07-18,Blue One S,54.0,54.0,False,False
2024-07-19,Blue One S,67.0,67.0,False,False
2024-07-20,Blue One S,50.0,50.0,False,False
2024-07-21,Blue One S,44.0,44.0,False,False
2024-07-22,Blue One S,43.0,43.0,False,False
2024-07-23,Blue One S,71.0,53.0,True,False
2024-07-24,Blue One S,61.0,61.0,False,False
2024-07-25,Blue One S,46.0,46.0,False,False
2024-07-26,Blue One S,53.0,53.0,False,False
2024-07-27,Blue One S,50.0,50.0,False,False
2024-07-28,Blue One S,39.0,39.0,False,False
2024-07-29,Blue One S,52.0,52.0,False,False
2024-07-30,Blue One S,53.0,53.0,False,False
2024-07-31,Blue One S,64.0,64.0,False,False
2024-08-01,Blue One S,58.0,58.0,False,False
2024-08-02,Blue One S,58.0,58.0,False,False
2024-08-03,Blue One S,60.0,60.0,False,False
2024-08-04,Blue One S,49.0,49.0,False,False
2024-08-05,Blue One S,64.0,64.0,False,False
2024-08-06,Blue One S,49.0,49.0,False,False
2024-08-07,Blue One S,56.0,56.0,False,False
2024-08-08,Blue One S,46.0,46.0,False,False
2024-08-09,Blue One S,51.0,51.0,False,False
2024-08-10,Blue One S,51.0,51.0,False,False
2024-08-11,Blue One S,48.0,48.0,False,False
2024-08-12,Blue One S,61.0,61.0,False,False
2024-08-13,Blue One S,55.0,55.0,False,False
2024-08-14,Blue One S,48.0,48.0,False,False
2024-08-15,Blue One S,44.0,44.0,False,False
2024-08-16,Blue One S,63.0,63.0,False,False
2024-08-17,Blue One S,45.0,45.0,False,False
2024-08-18,Blue One S,47.0,47.0,False,False
2024-08-19,Blue One S,49.0,49.0,False,False
2024-08-20,Blue One S,58.0,58.0,False,False
2024-08-21,Blue One S,57.0,57.0,False,False
2024-08-22,Blue One S,42.0,42.0,False,False
2024-08-23,Blue One S,56.0,56.0,False,False
2024-08-24,Blue One S,54.0,54.0,False,False
2024-08-25,Blue One S,50.0,50.0,False,False
2024-08-26,Blue One S,66.0,66.0,False,False
2024-08-27,Blue One S,62.0,62.0,False,False
2024-08-28,Blue One S,76.0,76.0,False,False
2024-08-29,Blue One S,66.0,66.0,False,False
2024-08-30,Blue One S,62.0,62.0,False,False
2024-08-31,Blue One S,54.0,54.0,False,False
2024-09-01,Blue One S,59.0,59.0,False,False
2024-09-02,Blue One S,76.0,76.0,False,False
2024-09-03,Blue One S,49.0,49.0,False,False
2024-09-04,Blue One S,57.0,57.0,False,False
2024-09-05,Blue One S,60.0,60.0,False,False
2024-09-06,Blue One S,54.0,54.0,False,False
2024-09-07,Blue One S,58.0,58.0,False,False
2024-09-08,Blue One S,44.0,44.0,False,False
2024-09-09,Blue One S,69.0,69.0,False,False
2024-09-10,Blue One S,66.0,66.0,False,False
2024-09-11,Blue One S,71.0,71.0,False,False
2024-09-12,Blue One S,44.0,44.0,False,False
2024-09-13,Blue One S,56.0,56.0,False,False
2024-09-14,Blue One S,56.0,56.0,False,False
2024-09-15,Blue One S,44.0,44.0,False,False
2024-09-16,Blue One S,69.0,69.0,False,False
2024-09-17,Blue One S,62.0,62.0,False,False
2024-09-18,Blue One S,58.0,58.0,False,False
2024-09-19,Blue One S,40.0,40.0,False,False
2024-09-20,Blue One S,49.0,49.0,False,False
2024-09-21,Blue One S,60.0,60.0,False,False
2024-09-22,Blue One S,37.0,37.0,False,False
2024-09-23,Blue One S,76.0,76.0,False,False
2024-09-24,Blue One S,58.0,58.0,False,False
2024-09-25,Blue One S,70.0,70.0,False,False
2024-09-26,Blue One S,60.0,60.0,False,False
2024-09-27,Blue One S,70.0,70.0,False,False
2024-09-28,Blue One S,56.0,56.0,False,False
2024-09-29,Blue One S,37.0,37.0,False,False
2024-09-30,Blue One S,55.0,55.0,False,False
2024-10-01,Blue One S,59.0,59.0,False,False
2024-10-02,Blue One S,71.0,71.0,False,False
2024-10-03,Blue One S,45.0,45.0,False,False
2024-10-04,Blue One S,47.0,47.0,False,False
2024-10-05,Blue One S,62.0,62.0,False,False
2024-10-06,Blue One S,46.0,46.0,False,False
2024-10-07,Blue One S,69.0,69.0,False,False
2024-10-08,Blue One S,55.0,55.0,False,False
2024-10-09,Blue One S,66.0,66.0,False,False
2024-10-10,Blue One S,58.0,58.0,False,False
2024-10-11,Blue One S,51.0,51.0,False,False
2024-10-12,Blue One S,48.0,48.0,False,False
2024-10-13,Blue One S,33.0,33.0,False,False
2024-10-14,Blue One S,55.0,55.0,False,False
2024-10-15,Blue One S,41.0,41.0,False,False
2024-10-16,Blue One S,48.0,48.0,False,False
2024-10-17,Blue One S,54.0,54.0,False,False
2024-10-18,Blue One S,32.0,32.0,False,False
2024-10-19,Blue One S,49.0,49.0,False,False
2024-10-20,Blue One S,46.0,46.0,False,False
2024-10-21,Blue One S,70.0,70.0,False,False
2024-10-22,Blue One S,42.0,42.0,False,False
2024-10-23,Blue One S,57.0,57.0,False,False
2024-10-24,Blue One S,52.0,52.0,False,False
2024-10-25,Blue One S,69.0,69.0,False,False
2024-10-26,Blue One S,58.0,58.0,False,False
2024-10-27,Blue One S,49.0,49.0,False,False
2024-10-28,Blue One S,71.0,71.0,False,False
2024-10-29,Blue One S,56.0,56.0,False,False
2024-10-30,Blue One S,53.0,53.0,False,False
2024-10-31,Blue One S,64.0,64.0,False,False
2024-11-01,Blue One S,62.0,62.0,False,False
2024-11-02,Blue One S,60.0,60.0,False,False
2024-11-03,Blue One S,46.0,46.0,False,False
2024-11-04,Blue One S,60.0,60.0,False,False
2024-11-05,Blue One S,60.0,60.0,False,False
2024-11-06,Blue One S,69.0,69.0,False,False
2024-11-07,Blue One S,51.0,51.0,False,False
2024-11-08,Blue One S,36.0,36.0,False,False
2024-11-09,Blue One S,58.0,58.0,False,False
2024-11-10,Blue One S,31.0,31.0,False,False
2024-11-11,Blue One S,48.0,48.0,False,False
2024-11-12,Blue One S,58.0,58.0,False,False
2024-11-13,Blue One S,62.0,62.0,False,False
2024-11-14,Blue One S,58.0,58.0,False,False
2024-11-15,Blue One S,54.0,54.0,False,False
2024-11-16,Blue One S,46.0,46.0,False,False
2024-11-17,Blue One S,42.0,42.0,False,False
2024-11-18,Blue One S,57.0,57.0,False,False
2024-11-19,Blue One S,45.0,45.0,False,False
2024-11-20,Blue One S,39.0,39.0,False,False
2024-11-21,Blue One S,49.0,49.0,False,False
2024-11-22,Blue One S,50.0,50.0,False,False
2024-11-23,Blue One S,50.0,50.0,False,False
2024-11-24,Blue One S,44.0,44.0,False,False
2024-11-25,Blue One S,55.0,55.0,False,False
2024-11-26,Blue One S,51.0,51.0,False,False
2024-11-27,Blue One S,57.0,57.0,False,False
2024-11-28,Blue One S,49.0,49.0,False,False
2024-11-29,Blue One S,46.0,46.0,False,False
2024-11-30,Blue One S,46.0,46.0,False,False
2024-12-01,Blue One S,40.0,40.0,False,False
2024-12-02,Blue One S,51.0,51.0,False,False
2024-12-03,Blue One S,61.0,61.0,False,False
2024-12-04,Blue One S,38.0,38.0,False,False
2024-12-05,Blue One S,46.0,46.0,False,False
2024-12-06,Blue One S,51.0,51.0,False,False
2024-12-07,Blue One S,50.0,50.0,False,False
2024-12-08,Blue One S,32.0,32.0,False,False
2024-12-09,Blue One S,55.0,55.0,False,False
2024-12-10,Blue One S,39.0,39.0,False,False
2024-12-11,Blue One S,36.0,36.0,False,False
2024-12-12,Blue One S,35.0,35.0,False,False
2024-12-13,Blue One S,52.0,52.0,False,False
2024-12-14,Blue One S,54.0,54.0,False,False
2024-12-15,Blue One S,43.0,43.0,False,False
2024-12-16,Blue One S,59.0,59.0,False,False
2024-12-17,Blue One S,55.0,55.0,False,False
2024-12-18,Blue One S,49.0,49.0,False,False
2024-12-19,Blue One S,49.0,49.0,False,False
2024-12-20,Blue One S,45.0,45.0,False,False
2024-12-21,Blue One S,44.0,44.0,False,False
2024-12-22,Blue One S,42.0,42.0,False,False
2024-12-23,Blue One S,43.0,43.0,False,False
2024-12-24,Blue One S,53.0,53.0,False,False
2024-12-25,Blue One S,41.0,41.0,False,False
2024-12-26,Blue One S,56.0,56.0,False,False
2024-12-27,Blue One S,51.0,51.0,False,False
2024-12-28,Blue One S,49.0,49.0,False,False
2024-12-29,Blue One S,42.0,42.0,False,False
2024-12-30,Blue One S,49.0,49.0,False,False
2024-12-31,Blue One S,57.0,57.0,False,False
2025-01-01,Blue One S,42.0,42.0,False,False
2025-01-02,Blue One S,39.0,39.0,False,False
2025-01-03,Blue One S,61.0,61.0,False,False
2025-01-04,Blue One S,34.0,34.0,False,False
2025-01-05,Blue One S,36.0,36.0,False,False
2025-01-06,Blue One S,60.0,60.0,False,False
2025-01-07,Blue One S,39.0,39.0,False,False
2025-01-08,Blue One S,48.0,48.0,False,False
2025-01-09,Blue One S,55.0,55.0,False,False
2025-01-10,Blue One S,47.0,47.0,False,False
2025-01-11,Blue One S,33.0,33.0,False,False
2025-01-12,Blue One S,36.0,36.0,False,False
2025-01-13,Blue One S,55.0,55.0,False,False
2025-01-14,Blue One S,38.0,38.0,False,False
2025-01-15,Blue One S,46.0,46.0,False,False
2025-01-16,Blue One S,54.0,54.0,False,False
2025-01-17,Blue One S,45.0,45.0,False,False
2025-01-18,Blue One S,30.0,30.0,False,False
2025-01-19,Blue One S,38.0,38.0,False,False
2025-01-20,Blue One S,47.0,47.0,False,False
2025-01-21,Blue One S,55.0,55.0,False,False
2025-01-22,Blue One S,55.0,55.0,False,False
2025-01-23,Blue One S,56.0,56.0,False,False
2025-01-24,Blue One S,46.0,46.0,False,False
2025-01-25,Blue One S,51.0,51.0,False,False
2025-01-26,Blue One S,32.0,32.0,False,False
2025-01-27,Blue One S,47.0,47.0,False,False
2025-01-28,Blue One S,51.0,51.0,False,False
2025-01-29,Blue One S,51.0,51.0,False,False
2025-01-30,Blue One S,43.0,43.0,False,False
2025-01-31,Blue One S,50.0,50.0,False,False
2025-02-01,Blue One S,43.0,43.0,False,False
2025-02-02,Blue One S,40.0,40.0,False,False
2025-02-03,Blue One S,53.0,53.0,False,False
2025-02-04,Blue One S,55.0,55.0,False,False
2025-02-05,Blue One S,52.0,52.0,False,False
2025-02-06,Blue One S,42.0,42.0,False,False
2025-02-07,Blue One S,51.0,51.0,False,False
2025-02-08,Blue One S,51.0,51.0,False,False
2025-02-09,Blue One S,48.0,48.0,False,False
2025-02-10,Blue One S,46.0,46.0,False,False
2025-02-11,Blue One S,44.0,44.0,False,False
2025-02-12,Blue One S,39.0,39.0,False,False
2025-02-13,Blue One S,56.0,56.0,False,False
2025-02-14,Blue One S,54.0,54.0,False,False
2025-02-15,Blue One S,41.0,41.0,False,False
2025-02-16,Blue One S,43.0,43.0,False,False
2025-02-17,Blue One S,50.0,50.0,False,False
2025-02-18,Blue One S,44.0,44.0,False,False
2025-02-19,Blue One S,50.0,50.0,False,False
2025-02-20,Blue One S,43.0,43.0,False,False
2025-02-21,Blue One S,46.0,46.0,False,False
2025-02-22,Blue One S,59.0,59.0,False,False
2025-02-23,Blue One S,28.0,28.0,False,False
2025-02-24,Blue One S,39.0,39.0,False,False
2025-02-25,Blue One S,42.0,42.0,False,False
2025-02-26,Blue One S,58.0,58.0,False,False
2025-02-27,Blue One S,52.0,52.0,False,False
2025-02-28,Blue One S,46.0,46.0,False,False
2025-03-01,Blue One S,32.0,32.0,False,False
2025-03-02,Blue One S,32.0,32.0,False,False
2025-03-03,Blue One S,60.0,60.0,False,False
2025-03-04,Blue One S,47.0,47.0,False,False
2025-03-05,Blue One S,47.0,47.0,False,False
2025-03-06,Blue One S,51.0,51.0,False,False
2025-03-07,Blue One S,46.0,46.0,False,False
2025-03-08,Blue One S,38.0,38.0,False,False
2025-03-09,Blue One S,41.0,41.0,False,False
2025-03-10,Blue One S,52.0,52.0,False,False
2025-03-11,Blue One S,44.0,44.0,False,False
2025-03-12,Blue One S,62.0,62.0,False,False
2025-03-13,Blue One S,64.0,64.0,False,False
2025-03-14,Blue One S,58.0,58.0,False,False
2025-03-15,Blue One S,41.0,41.0,False,False
2025-03-16,Blue One S,43.0,43.0,False,False
2025-03-17,Blue One S,57.0,57.0,False,False
2025-03-18,Blue One S,34.0,34.0,False,False
2025-03-19,Blue One S,62.0,62.0,False,False
2025-03-20,Blue One S,50.0,50.0,False,False
2025-03-21,Blue One S,49.0,49.0,False,False
2025-03-22,Blue One S,53.0,53.0,False,False
2025-03-23,Blue One S,38.0,38.0,False,False
2025-03-24,Blue One S,47.0,47.0,False,False
2025-03-25,Blue One S,46.0,46.0,False,False
2025-03-26,Blue One S,42.0,42.0,False,False
2025-03-27,Blue One S,39.0,39.0,False,False
2025-03-28,Blue One S,53.0,53.0,False,False
2025-03-29,Blue One S,41.0,41.0,False,False
2025-03-30,Blue One S,48.0,48.0,False,False
2025-03-31,Blue One S,44.0,44.0,False,False
2025-04-01,Blue One S,57.0,57.0,False,False
2025-04-02,Blue One S,49.0,49.0,False,False
2025-04-03,Blue One S,49.0,49.0,False,False
2025-04-04,Blue One S,58.0,58.0,False,False
2025-04-05,Blue One S,42.0,42.0,False,False
2025-04-06,Blue One S,38.0,38.0,False,False
2025-04-07,Blue One S,55.0,55.0,False,False
2025-04-08,Blue One S,50.0,50.0,False,False
2025-04-09,Blue One S,42.0,42.0,False,False
2025-04-10,Blue One S,38.0,38.0,False,False
2025-04-11,Blue One S,59.0,59.0,False,False
2025-04-12,Blue One S,34.0,34.0,False,False
2025-04-13,Blue One S,43.0,43.0,False,False
2025-04-14,Blue One S,63.0,63.0,False,False
2025-04-15,Blue One S,44.0,44.0,False,False
2025-04-16,Blue One S,42.0,42.0,False,False
2025-04-17,Blue One S,47.0,47.0,False,False
2025-04-18,Blue One S,43.0,43.0,False,False
2025-04-19,Blue One S,31.0,31.0,False,False
2025-04-20,Blue One S,31.0,31.0,False,False
2025-04-21,Blue One S,54.0,54.0,False,False
2025-04-22,Blue One S,43.0,43.0,False,False
2025-04-23,Blue One S,43.0,43.0,False,False
2025-04-24,Blue One S,45.0,45.0,False,False
2025-04-25,Blue One S,38.0,38.0,False,False
2025-04-26,Blue One S,31.0,31.0,False,False
2025-04-27,Blue One S,31.0,31.0,False,False
2025-04-28,Blue One S,54.0,54.0,False,False
2025-04-29,Blue One S,54.0,54.0,False,False
2025-04-30,Blue One S,59.0,59.0,False,False
2025-05-01,Blue One S,49.0,49.0,False,False
2025-05-02,Blue One S,55.0,55.0,False,False
2025-05-03,Blue One S,46.0,46.0,False,False
2025-05-04,Blue One S,42.0,42.0,False,False
2025-05-05,Blue One S,46.0,46.0,False,False
2025-05-06,Blue One S,44.0,44.0,False,False
2025-05-07,Blue One S,46.0,46.0,False,False
2025-05-08,Blue One S,45.0,45.0,False,False
2025-05-09,Blue One S,34.0,34.0,False,False
2025-05-10,Blue One S,42.0,42.0,False,False
2025-05-11,Blue One S,36.0,36.0,False,False
2025-05-12,Blue One S,48.0,48.0,False,False
2025-05-13,Blue One S,44.0,44.0,False,False
2025-05-14,Blue One S,32.0,32.0,False,False
2025-05-15,Blue One S,43.0,43.0,False,False
2025-05-16,Blue One S,14.0,14.0,False,False
2025-05-17,Blue One S,15.0,39.0,True,False
2025-05-18,Blue One S,91.0,38.0,True,False
2025-05-19,Blue One S,82.0,82.0,False,False
2025-05-20,Blue One S,37.0,37.0,False,False
2025-05-21,Blue One S,39.0,39.0,False,False
2025-05-22,Blue One S,38.0,38.0,False,False
2025-05-23,Blue One S,22.0,22.0,False,False
2025-05-24,Blue One S,43.0,43.0,False,False
2025-05-25,Blue One S,4.0,4.0,False,False
2025-05-26,Blue One S,71.0,71.0,False,False
2025-05-27,Blue One S,97.0,42.0,True,False
2025-05-28,Blue One S,54.0,54.0,False,False
2025-05-29,Blue One S,43.0,43.0,False,False
2025-05-30,Blue One S,32.0,32.0,False,False
2025-05-31,Blue One S,42.0,42.0,False,False
2025-06-01,Blue One S,27.0,27.0,False,False
2025-06-02,Blue One S,49.0,49.0,False,False
2025-06-03,Blue One S,43.0,43.0,False,False
2025-06-04,Blue One S,50.0,50.0,False,False
2025-06-05,Blue One S,53.0,53.0,False,False
2025-06-06,Blue One S,42.0,42.0,False,False
2025-06-07,Blue One S,44.0,44.0,False,False
2025-06-08,Blue One S,32.0,32.0,False,False
2025-06-09,Blue One S,51.0,51.0,False,False
2025-06-10,Blue One S,46.0,46.0,False,False
2025-06-11,Blue One S,42.0,42.0,False,False
2025-06-12,Blue One S,47.0,47.0,False,False
2025-06-13,Blue One S,40.0,40.0,False,False
2025-06-14,Blue One S,38.0,38.0,False,False
2025-06-15,Blue One S,33.0,33.0,False,False
2025-06-16,Blue One S,41.0,41.0,False,False
2025-06-17,Blue One S,42.0,42.0,False,False
2025-06-18,Blue One S,59.0,59.0,False,False
2025-06-19,Blue One S,46.0,46.0,False,False
2025-06-20,Blue One S,48.0,48.0,False,False
2025-06-21,Blue One S,38.0,38.0,False,False
2025-06-22,Blue One S,26.0,26.0,False,False
2025-06-23,Blue One S,33.0,33.0,False,False
2025-06-24,Blue One S,37.0,37.0,False,False
2025-06-25,Blue One S,44.0,44.0,False,False
2025-06-26,Blue One S,46.0,46.0,False,False
2025-06-27,Blue One S,47.0,47.0,False,False
2025-06-28,Blue One S,46.0,46.0,False,False
2025-06-29,Blue One S,35.0,35.0,False,False
2025-06-30,Blue One S,46.0,46.0,False,False
2025-07-01,Blue One S,31.0,31.0,False,False
2025-07-02,Blue One S,60.0,60.0,False,False
2025-07-03,Blue One S,26.0,26.0,False,False
2025-07-04,Blue One S,32.0,32.0,False,False
2025-07-05,Blue One S,36.0,36.0,False,False
2025-07-06,Blue One S,42.0,42.0,False,False
2025-07-07,Blue One S,38.0,38.0,False,False
2025-07-08,Blue One S,39.0,39.0,False,False
2025-07-09,Blue One S,28.0,28.0,False,False
2025-07-10,Blue One S,37.0,37.0,False,False
2025-07-11,Blue One S,36.0,36.0,False,False
2025-07-12,Blue One S,35.0,35.0,False,False
2025-07-13,Blue One S,30.0,30.0,False,False
2025-07-14,Blue One S,31.0,31.0,False,False
2025-07-15,Blue One S,33.0,33.0,False,False
2025-07-16,Blue One S,39.0,39.0,False,False
2025-07-17,Blue One S,40.0,40.0,False,False
2025-07-18,Blue One S,50.0,36.0,True,False
2025-07-19,Blue One S,27.0,27.0,False,False
2025-07-20,Blue One S,33.0,33.0,False,False
2025-07-21,Blue One S,48.0,48.0,False,False
2025-07-22,Blue One S,36.0,36.0,False,False
2025-07-23,Blue One S,62.0,62.0,False,False
2025-07-24,Blue One S,70.0,70.0,False,False
2025-07-25,Blue One S,70.0,70.0,False,False
2025-07-26,Blue One S,87.0,70.0,True,False
2025-07-27,Blue One S,67.0,67.0,False,False
2025-07-28,Blue One S,92.0,70.0,True,False
2025-07-29,Blue One S,81.0,81.0,False,False
2025-07-30,Blue One S,73.0,73.0,False,False
2025-07-31,Blue One S,75.0,75.0,False,False
2025-08-01,Blue One S,73.0,73.0,False,False
2025-08-02,Blue One S,53.0,53.0,False,False
2025-08-03,Blue One S,57.0,57.0,False,False
2025-08-04,Blue One S,76.0,76.0,False,False
2025-08-05,Blue One S,79.0,79.0,False,False
2025-08-06,Blue One S,67.0,67.0,False,False
2025-08-07,Blue One S,66.0,66.0,False,False
2025-08-08,Blue One S,72.0,72.0,False,False
2025-08-09,Blue One S,58.0,58.0,False,False
2025-08-10,Blue One S,64.0,64.0,False,False
2025-08-11,Blue One S,83.0,83.0,False,False
2025-08-12,Blue One S,80.0,80.0,False,False
2025-08-13,Blue One S,57.0,57.0,False,False
2025-08-14,Blue One S,74.0,74.0,False,False
2025-08-15,Blue One S,57.0,57.0,False,False
2025-08-16,Blue One S,57.0,57.0,False,False
2025-08-17,Blue One S,38.0,38.0,False,False
2025-08-18,Blue One S,80.0,80.0,False,False
2025-08-19,Blue One S,68.0,68.0,False,False
2025-08-20,Blue One S,71.0,71.0,False,False
2025-08-21,Blue One S,41.0,41.0,False,False
2025-08-22,Blue One S,40.0,40.0,False,False
2025-08-23,Blue One S,52.0,52.0,False,False
2025-08-24,Blue One S,34.0,34.0,False,False
2025-08-25,Blue One S,47.0,47.0,False,False
2025-08-26,Blue One S,40.0,40.0,False,False
2022-04-01,Blue One M,121.0,121.0,False,False
2022-04-02,Blue One M,72.0,72.0,False,False
2022-04-03,Blue One M,48.0,104.0,True,False
2022-04-04,Blue One M,120.0,120.0,False,False
2022-04-05,Blue One M,116.0,116.0,False,False
2022-04-06,Blue One M,98.0,98.0,False,False
2022-04-07,Blue One M,111.0,111.0,False,False
2022-04-08,Blue One M,114.0,114.0,False,False
2022-04-09,Blue One M,81.0,81.0,False,False
2022-04-10,Blue One M,55.0,55.0,False,False
2022-04-11,Blue One M,120.0,120.0,False,False
2022-04-12,Blue One M,117.0,117.0,False,False
2022-04-13,Blue One M,123.0,123.0,False,False
2022-04-14,Blue One M,,106.0,False,True
2022-04-15,Blue One M,89.0,89.0,False,False
2022-04-16,Blue One M,67.0,67.0,False,False
2022-04-17,Blue One M,48.0,48.0,False,False
2022-04-18,Blue One M,124.0,124.0,False,False
2022-04-19,Blue One M,99.0,99.0,False,False
2022-04-20,Blue One M,113.0,113.0,False,False
2022-04-21,Blue One M,104.0,104.0,False,False
2022-04-22,Blue One M,129.0,129.0,False,False
2022-04-23,Blue One M,71.0,71.0,False,False
2022-04-24,Blue One M,70.0,70.0,False,False
2022-04-25,Blue One M,127.0,127.0,False,False
2022-04-26,Blue One M,99.0,99.0,False,False
2022-04-27,Blue One M,128.0,128.0,False,False
2022-04-28,Blue One M,119.0,119.0,False,False
2022-04-29,Blue One M,122.0,122.0,False,False
2022-04-30,Blue One M,103.0,103.0,False,False
2022-05-01,Blue One M,66.0,66.0,False,False
2022-05-02,Blue One M,85.0,85.0,False,False
2022-05-03,Blue One M,106.0,106.0,False,False
2022-05-04,Blue One M,162.0,162.0,False,False
2022-05-05,Blue One M,150.0,150.0,False,False
2022-05-06,Blue One M,167.0,167.0,False,False
2022-05-07,Blue One M,100.0,100.0,False,False
2022-05-08,Blue One M,84.0,84.0,False,False
2022-05-09,Blue One M,138.0,138.0,False,False
2022-05-10,Blue One M,137.0,137.0,False,False
2022-05-11,Blue One M,113.0,113.0,False,False
2022-05-12,Blue One M,135.0,135.0,False,False
2022-05-13,Blue One M,106.0,106.0,False,False
2022-05-14,Blue One M,102.0,102.0,False,False
2022-05-15,Blue One M,64.0,64.0,False,False
2022-05-16,Blue One M,120.0,120.0,False,False
2022-05-17,Blue One M,114.0,114.0,False,False
2022-05-18,Blue One M,111.0,111.0,False,False
2022-05-19,Blue One M,116.0,116.0,False,False
2022-05-20,Blue One M,76.0,76.0,False,False
2022-05-21,Blue One M,78.0,78.0,False,False
2022-05-22,Blue One M,59.0,59.0,False,False
2022-05-23,Blue One M,121.0,121.0,False,False
2022-05-24,Blue One M,168.0,168.0,False,False
2022-05-25,Blue One M,131.0,131.0,False,False
2022-05-26,Blue One M,83.0,83.0,False,False
2022-05-27,Blue One M,134.0,134.0,False,False
2022-05-28,Blue One M,99.0,99.0,False,False
2022-05-29,Blue One M,68.0,68.0,False,False
2022-05-30,Blue One M,152.0,152.0,False,False
2022-05-31,Blue One M,129.0,129.0,False,False
2022-06-01,Blue One M,143.0,143.0,False,False
2022-06-02,Blue One M,113.0,113.0,False,False
2022-06-03,Blue One M,143.0,143.0,False,False
2022-06-04,Blue One M,95.0,95.0,False,False
2022-06-05,Blue One M,92.0,92.0,False,False
2022-06-06,Blue One M,148.0,148.0,False,False
2022-06-07,Blue One M,110.0,110.0,False,False
2022-06-08,Blue One M,138.0,138.0,False,False
2022-06-09,Blue One M,125.0,125.0,False,False
2022-06-10,Blue One M,115.0,115.0,False,False
2022-06-11,Blue One M,103.0,103.0,False,False
2022-06-12,Blue One M,56.0,56.0,False,False
2022-06-13,Blue One M,128.0,128.0,False,False
2022-06-14,Blue One M,101.0,101.0,False,False
2022-06-15,Blue One M,111.0,111.0,False,False
2022-06-16,Blue One M,124.0,124.0,False,False
2022-06-17,Blue One M,115.0,115.0,False,False
2022-06-18,Blue One M,98.0,98.0,False,False
2022-06-19,Blue One M,80.0,80.0,False,False
2022-06-20,Blue One M,128.0,128.0,False,False
2022-06-21,Blue One M,114.0,114.0,False,False
2022-06-22,Blue One M,11.0,114.0,True,False
2022-06-23,Blue One M,13.0,115.0,True,False
2022-06-24,Blue One M,99.0,99.0,False,False
2022-06-25,Blue One M,116.0,116.0,False,False
2022-06-26,Blue One M,83.0,83.0,False,False
2022-06-27,Blue One M,179.0,179.0,False,False
2022-06-28,Blue One M,137.0,137.0,False,False
2022-06-29,Blue One M,121.0,121.0,False,False
2022-06-30,Blue One M,124.0,124.0,False,False
2022-07-01,Blue One M,148.0,148.0,False,False
2022-07-02,Blue One M,130.0,130.0,False,False
2022-07-03,Blue One M,81.0,81.0,False,False
2022-07-04,Blue One M,181.0,181.0,False,False
2022-07-05,Blue One M,156.0,156.0,False,False
2022-07-06,Blue One M,165.0,165.0,False,False
2022-07-07,Blue One M,132.0,132.0,False,False
2022-07-08,Blue One M,138.0,138.0,False,False
2022-07-09,Blue One M,103.0,103.0,False,False
2022-07-10,Blue One M,78.0,78.0,False,False
2022-07-11,Blue One M,164.0,164.0,False,False
2022-07-12,Blue One M,126.0,126.0,False,False
2022-07-13,Blue One M,150.0,150.0,False,False
2022-07-14,Blue One M,169.0,169.0,False,False
2022-07-15,Blue One M,164.0,164.0,False,False
2022-07-16,Blue One M,142.0,142.0,False,False
2022-07-17,Blue One M,85.0,85.0,False,False
2022-07-18,Blue One M,158.0,158.0,False,False
2022-07-19,Blue One M,167.0,167.0,False,False
2022-07-20,Blue One M,6.0,158.0,True,False
2022-07-21,Blue One M,165.0,165.0,False,False
2022-07-22,Blue One M,151.0,151.0,False,False
2022-07-23,Blue One M,122.0,122.0,False,False
2022-07-24,Blue One M,95.0,95.0,False,False
2022-07-25,Blue One M,223.0,223.0,False,False
2022-07-26,Blue One M,178.0,178.0,False,False
2022-07-27,Blue One M,208.0,208.0,False,False
2022-07-28,Blue One M,207.0,207.0,False,False
2022-07-29,Blue One M,218.0,218.0,False,False
2022-07-30,Blue One M,172.0,172.0,False,False
2022-07-31,Blue One M,175.0,175.0,False,False
2022-08-01,Blue One M,286.0,286.0,False,False
2022-08-02,Blue One M,251.0,251.0,False,False
2022-08-03,Blue One M,257.0,257.0,False,False
2022-08-04,Blue One M,244.0,244.0,False,False
2022-08-05,Blue One M,244.0,244.0,False,False
2022-08-06,Blue One M,200.0,200.0,False,False
2022-08-07,Blue One M,157.0,157.0,False,False
2022-08-08,Blue One M,295.0,295.0,False,False
2022-08-09,Blue One M,266.0,266.0,False,False
2022-08-10,Blue One M,284.0,284.0,False,False
2022-08-11,Blue One M,288.0,288.0,False,False
2022-08-12,Blue One M,263.0,263.0,False,False
2022-08-13,Blue One M,254.0,254.0,False,False
2022-08-14,Blue One M,212.0,212.0,False,False
2022-08-15,Blue One M,277.0,277.0,False,False
2022-08-16,Blue One M,357.0,357.0,False,False
2022-08-17,Blue One M,235.0,235.0,False,False
2022-08-18,Blue One M,305.0,305.0,False,False
2022-08-19,Blue One M,255.0,255.0,False,False
2022-08-20,Blue One M,241.0,241.0,False,False
2022-08-21,Blue One M,172.0,172.0,False,False
2022-08-22,Blue One M,356.0,356.0,False,False
2022-08-23,Blue One M,301.0,301.0,False,False
2022-08-24,Blue One M,391.0,391.0,False,False
2022-08-25,Blue One M,420.0,420.0,False,False
2022-08-26,Blue One M,386.0,386.0,False,False
2022-08-27,Blue One M,316.0,316.0,False,False
2022-08-28,Blue One M,239.0,239.0,False,False
2022-08-29,Blue One M,487.0,487.0,False,False
2022-08-30,Blue One M,495.0,495.0,False,False
2022-08-31,Blue One M,472.0,472.0,False,False
2022-09-01,Blue One M,526.0,526.0,False,False
2022-09-02,Blue One M,558.0,558.0,False,False
2022-09-03,Blue One M,440.0,440.0,False,False
2022-09-04,Blue One M,303.0,303.0,False,False
2022-09-05,Blue One M,604.0,604.0,False,False
2022-09-06,Blue One M,544.0,544.0,False,False
2022-09-07,Blue One M,574.0,574.0,False,False
2022-09-08,Blue One M,567.0,567.0,False,False
2022-09-09,Blue One M,553.0,553.0,False,False
2022-09-10,Blue One M,481.0,481.0,False,False
2022-09-11,Blue One M,334.0,334.0,False,False
2022-09-12,Blue One M,596.0,596.0,False,False
2022-09-13,Blue One M,178.0,567.0,True,False
2022-09-14,Blue One M,866.0,574.0,True,False
2022-09-15,Blue One M,578.0,578.0,False,False
2022-09-16,Blue One M,608.0,608.0,False,False
2022-09-17,Blue One M,524.0,524.0,False,False
2022-09-18,Blue One M,414.0,414.0,False,False
2022-09-19,Blue One M,668.0,668.0,False,False
2022-09-20,Blue One M,616.0,616.0,False,False
2022-09-21,Blue One M,664.0,664.0,False,False
2022-09-22,Blue One M,608.0,608.0,False,False
2022-09-23,Blue One M,679.0,679.0,False,False
2022-09-24,Blue One M,692.0,692.0,False,False
2022-09-25,Blue One M,472.0,472.0,False,False
2022-09-26,Blue One M,906.0,906.0,False,False
2022-09-27,Blue One M,930.0,930.0,False,False
2022-09-28,Blue One M,916.0,916.0,False,False
2022-09-29,Blue One M,839.0,839.0,False,False
2022-09-30,Blue One M,962.0,962.0,False,False
2022-10-01,Blue One M,788.0,788.0,False,False
2022-10-02,Blue One M,561.0,561.0,False,False
2022-10-03,Blue One M,1047.0,1047.0,False,False
2022-10-04,Blue One M,905.0,905.0,False,False
2022-10-05,Blue One M,993.0,993.0,False,False
2022-10-06,Blue One M,869.0,869.0,False,False
2022-10-07,Blue One M,1036.0,1036.0,False,False
2022-10-08,Blue One M,873.0,873.0,False,False
2022-10-09,Blue One M,600.0,600.0,False,False
2022-10-10,Blue One M,1168.0,1168.0,False,False
2022-10-11,Blue One M,924.0,924.0,False,False
2022-10-12,Blue One M,928.0,928.0,False,False
2022-10-13,Blue One M,876.0,876.0,False,False
2022-10-14,Blue One M,869.0,869.0,False,False
2022-10-15,Blue One M,764.0,764.0,False,False
2022-10-16,Blue One M,571.0,571.0,False,False
2022-10-17,Blue One M,1066.0,1066.0,False,False
2022-10-18,Blue One M,952.0,952.0,False,False
2022-10-19,Blue One M,1038.0,1038.0,False,False
2022-10-20,Blue One M,936.0,936.0,False,False
2022-10-21,Blue One M,1059.0,1059.0,False,False
2022-10-22,Blue One M,855.0,855.0,False,False
2022-10-23,Blue One M,655.0,655.0,False,False
2022-10-24,Blue One M,1161.0,1161.0,False,False
2022-10-25,Blue One M,1041.0,1041.0,False,False
2022-10-26,Blue One M,1117.0,1117.0,False,False
2022-10-27,Blue One M,1360.0,1360.0,False,False
2022-10-28,Blue One M,1322.0,1322.0,False,False
2022-10-29,Blue One M,1223.0,1223.0,False,False
2022-10-30,Blue One M,865.0,865.0,False,False
2022-10-31,Blue One M,1565.0,1565.0,False,False
2022-11-01,Blue One M,1428.0,1428.0,False,False
2022-11-02,Blue One M,1306.0,1306.0,False,False
2022-11-03,Blue One M,1570.0,1570.0,False,False
2022-11-04,Blue One M,1441.0,1441.0,False,False
2022-11-05,Blue One M,1271.0,1271.0,False,False
2022-11-06,Blue One M,952.0,952.0,False,False
2022-11-07,Blue One M,1740.0,1740.0,False,False
2022-11-08,Blue One M,1575.0,1575.0,False,False
2022-11-09,Blue One M,1628.0,1628.0,False,False
2022-11-10,Blue One M,1521.0,1521.0,False,False
2022-11-11,Blue One M,1559.0,1559.0,False,False
2022-11-12,Blue One M,1148.0,1148.0,False,False
2022-11-13,Blue One M,943.0,1521.0,True,False
2022-11-14,Blue One M,1657.0,1657.0,False,False
2022-11-15,Blue One M,1450.0,1450.0,False,False
2022-11-16,Blue One M,1364.0,1364.0,False,False
2022-11-17,Blue One M,1567.0,1567.0,False,False
2022-11-18,Blue One M,1576.0,1576.0,False,False
2022-11-19,Blue One M,614.0,1518.0,True,False
2022-11-20,Blue One M,1518.0,1518.0,False,False
2022-11-21,Blue One M,1721.0,1721.0,False,False
2022-11-22,Blue One M,1798.0,1798.0,False,False
2022-11-23,Blue One M,1550.0,1550.0,False,False
2022-11-24,Blue One M,1406.0,1406.0,False,False
2022-11-25,Blue One M,1571.0,1571.0,False,False
2022-11-26,Blue One M,1458.0,1458.0,False,False
2022-11-27,Blue One M,1145.0,1145.0,False,False
2022-11-28,Blue One M,2000.0,2000.0,False,False
2022-11-29,Blue One M,1782.0,1782.0,False,False
2022-11-30,Blue One M,1864.0,1864.0,False,False
2022-12-01,Blue One M,1894.0,1894.0,False,False
2022-12-02,Blue One M,1949.0,1949.0,False,False
2022-12-03,Blue One M,1704.0,1704.0,False,False
2022-12-04,Blue One M,1252.0,1252.0,False,False
2022-12-05,Blue One M,2370.0,2370.0,False,False
2022-12-06,Blue One M,2083.0,2083.0,False,False
2022-12-07,Blue One M,2198.0,2198.0,False,False
2022-12-08,Blue One M,2066.0,2066.0,False,False
2022-12-09,Blue One M,2060.0,2060.0,False,False
2022-12-10,Blue One M,1763.0,1763.0,False,False
2022-12-11,Blue One M,1269.0,1964.0,True,False
2022-12-12,Blue One M,2251.0,2251.0,False,False
2022-12-13,Blue One M,1960.0,1960.0,False,False
2022-12-14,Blue One M,1947.0,1947.0,False,False
2022-12-15,Blue One M,1965.0,1965.0,False,False
2022-12-16,Blue One M,1964.0,1964.0,False,False
2022-12-17,Blue One M,1818.0,1818.0,False,False
2022-12-18,Blue One M,1278.0,1965.0,True,False
2022-12-19,Blue One M,2118.0,2118.0,False,False
2022-12-20,Blue One M,2060.0,2060.0,False,False
2022-12-21,Blue One M,2194.0,2194.0,False,False
2022-12-22,Blue One M,2094.0,2094.0,False,False
2022-12-23,Blue One M,2179.0,2179.0,False,False
2022-12-24,Blue One M,1970.0,1970.0,False,False
2022-12-25,Blue One M,1190.0,2094.0,True,False
2022-12-26,Blue One M,1914.0,1914.0,False,False
2022-12-27,Blue One M,2542.0,2542.0,False,False
2022-12-28,Blue One M,2493.0,2493.0,False,False
2022-12-29,Blue One M,2278.0,2278.0,False,False
2022-12-30,Blue One M,2192.0,2192.0,False,False
2022-12-31,Blue One M,2049.0,2049.0,False,False
2023-01-01,Blue One M,1173.0,1173.0,False,False
2023-01-02,Blue One M,2086.0,2086.0,False,False
2023-01-03,Blue One M,3002.0,3002.0,False,False
2023-01-04,Blue One M,3122.0,3122.0,False,False
2023-01-05,Blue One M,2872.0,2872.0,False,False
2023-01-06,Blue One M,2814.0,2814.0,False,False
2023-01-07,Blue One M,2428.0,2428.0,False,False
2023-01-08,Blue One M,1704.0,1704.0,False,False
2023-01-09,Blue One M,2969.0,2969.0,False,False
2023-01-10,Blue One M,2111.0,2111.0,False,False
2023-01-11,Blue One M,2916.0,2916.0,False,False
2023-01-12,Blue One M,2594.0,2594.0,False,False
2023-01-13,Blue One M,2554.0,2554.0,False,False
2023-01-14,Blue One M,2160.0,2160.0,False,False
2023-01-15,Blue One M,1587.0,1587.0,False,False
2023-01-16,Blue One M,2869.0,2869.0,False,False
2023-01-17,Blue One M,2494.0,2494.0,False,False
2023-01-18,Blue One M,2398.0,2398.0,False,False
2023-01-19,Blue One M,2314.0,2314.0,False,False
2023-01-20,Blue One M,2448.0,2448.0,False,False
2023-01-21,Blue One M,2083.0,2083.0,False,False
2023-01-22,Blue One M,1544.0,2448.0,True,False
2023-01-23,Blue One M,2825.0,2825.0,False,False
2023-01-24,Blue One M,2424.0,2424.0,False,False
2023-01-25,Blue One M,2513.0,2513.0,False,False
2023-01-26,Blue One M,2591.0,2591.0,False,False
2023-01-27,Blue One M,2693.0,2693.0,False,False
2023-01-28,Blue One M,2460.0,2460.0,False,False
2023-01-29,Blue One M,1800.0,1800.0,False,False
2023-01-30,Blue One M,3245.0,3245.0,False,False
2023-01-31,Blue One M,2675.0,2675.0,False,False
2023-02-01,Blue One M,3248.0,3248.0,False,False
2023-02-02,Blue One M,3151.0,3151.0,False,False
2023-02-03,Blue One M,3341.0,3341.0,False,False
2023-02-04,Blue One M,2799.0,2799.0,False,False
2023-02-05,Blue One M,2150.0,2150.0,False,False
2023-02-06,Blue One M,3950.0,3950.0,False,False
2023-02-07,Blue One M,3241.0,3241.0,False,False
2023-02-08,Blue One M,3282.0,3282.0,False,False
2023-02-09,Blue One M,3112.0,3112.0,False,False
2023-02-10,Blue One M,3291.0,3291.0,False,False
2023-02-11,Blue One M,2497.0,2497.0,False,False
2023-02-12,Blue One M,2005.0,3009.0,True,False
2023-02-13,Blue One M,3466.0,3466.0,False,False
2023-02-14,Blue One M,3009.0,3009.0,False,False
2023-02-15,Blue One M,3069.0,3069.0,False,False
2023-02-16,Blue One M,2897.0,2897.0,False,False
2023-02-17,Blue One M,2975.0,2975.0,False,False
2023-02-18,Blue One M,2552.0,2950.0,True,False
2023-02-19,Blue One M,2025.0,2950.0,True,False
2023-02-20,Blue One M,3285.0,3285.0,False,False
2023-02-21,Blue One M,2990.0,2990.0,False,False
2023-02-22,Blue One M,2950.0,2950.0,False,False
2023-02-23,Blue One M,2915.0,2915.0,False,False
2023-02-24,Blue One M,2997.0,2997.0,False,False
2023-02-25,Blue One M,2864.0,2864.0,False,False
2023-02-26,Blue One M,2227.0,2227.0,False,False
2023-02-27,Blue One M,4017.0,4017.0,False,False
2023-02-28,Blue One M,3453.0,3453.0,False,False
2023-03-01,Blue One M,3948.0,3948.0,False,False
2023-03-02,Blue One M,3620.0,3620.0,False,False
2023-03-03,Blue One M,3869.0,3869.0,False,False
2023-03-04,Blue One M,3372.0,3372.0,False,False
2023-03-05,Blue One M,2704.0,2704.0,False,False
2023-03-06,Blue One M,4578.0,4578.0,False,False
2023-03-07,Blue One M,3909.0,3909.0,False,False
2023-03-08,Blue One M,3521.0,3521.0,False,False
2023-03-09,Blue One M,3729.0,3729.0,False,False
2023-03-10,Blue One M,3895.0,3895.0,False,False
2023-03-11,Blue One M,3383.0,3383.0,False,False
2023-03-12,Blue One M,2600.0,3722.0,True,False
2023-03-13,Blue One M,4312.0,4312.0,False,False
2023-03-14,Blue One M,3801.0,3801.0,False,False
2023-03-15,Blue One M,3680.0,3680.0,False,False
2023-03-16,Blue One M,3740.0,3740.0,False,False
2023-03-17,Blue One M,3722.0,3722.0,False,False
2023-03-18,Blue One M,3126.0,3126.0,False,False
2023-03-19,Blue One M,2387.0,2387.0,False,False
2023-03-20,Blue One M,3964.0,3964.0,False,False
2023-03-21,Blue One M,3545.0,3545.0,False,False
2023-03-22,Blue One M,3749.0,3749.0,False,False
2023-03-23,Blue One M,3373.0,3373.0,False,False
2023-03-24,Blue One M,3514.0,3514.0,False,False
2023-03-25,Blue One M,3149.0,3149.0,False,False
2023-03-26,Blue One M,2501.0,2501.0,False,False
2023-03-27,Blue One M,4356.0,4356.0,False,False
2023-03-28,Blue One M,3840.0,3840.0,False,False
2023-03-29,Blue One M,4189.0,4189.0,False,False
2023-03-30,Blue One M,4184.0,4184.0,False,False
2023-03-31,Blue One M,4268.0,4268.0,False,False
2023-04-01,Blue One M,3795.0,3795.0,False,False
2023-04-02,Blue One M,3074.0,3074.0,False,False
2023-04-03,Blue One M,4820.0,4820.0,False,False
2023-04-04,Blue One M,4661.0,4661.0,False,False
2023-04-05,Blue One M,4551.0,4551.0,False,False
2023-04-06,Blue One M,4428.0,4428.0,False,False
2023-04-07,Blue One M,3996.0,3996.0,False,False
2023-04-08,Blue One M,3586.0,3586.0,False,False
2023-04-09,Blue One M,2737.0,2737.0,False,False
2023-04-10,Blue One M,4900.0,4900.0,False,False
2023-04-11,Blue One M,3954.0,3954.0,False,False
2023-04-12,Blue One M,4295.0,4295.0,False,False
2023-04-13,Blue One M,4246.0,4246.0,False,False
2023-04-14,Blue One M,4114.0,4114.0,False,False
2023-04-15,Blue One M,3526.0,3526.0,False,False
2023-04-16,Blue One M,2725.0,2725.0,False,False
2023-04-17,Blue One M,4791.0,4791.0,False,False
2023-04-18,Blue One M,3964.0,3964.0,False,False
2023-04-19,Blue One M,3687.0,3687.0,False,False
2023-04-20,Blue One M,4001.0,4001.0,False,False
2023-04-21,Blue One M,3558.0,3558.0,False,False
2023-04-22,Blue One M,3354.0,3354.0,False,False
2023-04-23,Blue One M,2577.0,2577.0,False,False
2023-04-24,Blue One M,4934.0,4934.0,False,False
2023-04-25,Blue One M,5038.0,5038.0,False,False
2023-04-26,Blue One M,5048.0,5048.0,False,False
2023-04-27,Blue One M,5130.0,5130.0,False,False
2023-04-28,Blue One M,5498.0,5498.0,False,False
2023-04-29,Blue One M,4616.0,4616.0,False,False
2023-04-30,Blue One M,3542.0,3542.0,False,False
2023-05-01,Blue One M,4344.0,4344.0,False,False
2023-05-02,Blue One M,5943.0,5943.0,False,False
2023-05-03,Blue One M,6014.0,6014.0,False,False
2023-05-04,Blue One M,4943.0,4943.0,False,False
2023-05-05,Blue One M,6004.0,6004.0,False,False
2023-05-06,Blue One M,4954.0,4954.0,False,False
2023-05-07,Blue One M,3544.0,3544.0,False,False
2023-05-08,Blue One M,6173.0,6173.0,False,False
2023-05-09,Blue One M,5455.0,5455.0,False,False
2023-05-10,Blue One M,5569.0,5569.0,False,False
2023-05-11,Blue One M,4989.0,4989.0,False,False
2023-05-12,Blue One M,5547.0,5547.0,False,False
2023-05-13,Blue One M,4553.0,4553.0,False,False
2023-05-14,Blue One M,3405.0,3405.0,False,False
2023-05-15,Blue One M,6022.0,6022.0,False,False
2023-05-16,Blue One M,5285.0,5285.0,False,False
2023-05-17,Blue One M,5000.0,5000.0,False,False
2023-05-18,Blue One M,4688.0,4688.0,False,False
2023-05-19,Blue One M,4444.0,4444.0,False,False
2023-05-20,Blue One M,2944.0,5055.0,True,False
2023-05-21,Blue One M,3055.0,5055.0,True,False
2023-05-22,Blue One M,5055.0,5055.0,False,False
2023-05-23,Blue One M,5353.0,5353.0,False,False
2023-05-24,Blue One M,5349.0,5349.0,False,False
2023-05-25,Blue One M,5532.0,5532.0,False,False
2023-05-26,Blue One M,5953.0,5953.0,False,False
2023-05-27,Blue One M,5231.0,5231.0,False,False
2023-05-28,Blue One M,4104.0,5532.0,True,False
2023-05-29,Blue One M,6756.0,6756.0,False,False
2023-05-30,Blue One M,5894.0,5894.0,False,False
2023-05-31,Blue One M,5902.0,5902.0,False,False
2023-06-01,Blue One M,6464.0,6464.0,False,False
2023-06-02,Blue One M,6414.0,6414.0,False,False
2023-06-03,Blue One M,5711.0,5711.0,False,False
2023-06-04,Blue One M,4285.0,4285.0,False,False
2023-06-05,Blue One M,6130.0,6130.0,False,False
2023-06-06,Blue One M,6904.0,6904.0,False,False
2023-06-07,Blue One M,6540.0,6540.0,False,False
2023-06-08,Blue One M,6457.0,6457.0,False,False
2023-06-09,Blue One M,6641.0,6641.0,False,False
2023-06-10,Blue One M,5269.0,5269.0,False,False
2023-06-11,Blue One M,4182.0,4182.0,False,False
2023-06-12,Blue One M,7173.0,7173.0,False,False
2023-06-13,Blue One M,6213.0,6213.0,False,False
2023-06-14,Blue One M,5960.0,5960.0,False,False
2023-06-15,Blue One M,5728.0,5728.0,False,False
2023-06-16,Blue One M,5959.0,5959.0,False,False
2023-06-17,Blue One M,5151.0,5151.0,False,False
2023-06-18,Blue One M,3677.0,5704.0,True,False
2023-06-19,Blue One M,6064.0,6064.0,False,False
2023-06-20,Blue One M,5704.0,5704.0,False,False
2023-06-21,Blue One M,5581.0,5581.0,False,False
2023-06-22,Blue One M,5520.0,5520.0,False,False
2023-06-23,Blue One M,5717.0,5717.0,False,False
2023-06-24,Blue One M,5268.0,5268.0,False,False
2023-06-25,Blue One M,4244.0,4244.0,False,False
2023-06-26,Blue One M,7214.0,7214.0,False,False
2023-06-27,Blue One M,6759.0,6759.0,False,False
2023-06-28,Blue One M,5735.0,5735.0,False,False
2023-06-29,Blue One M,7071.0,7071.0,False,False
2023-06-30,Blue One M,6754.0,6754.0,False,False
2023-07-01,Blue One M,6183.0,6183.0,False,False
2023-07-02,Blue One M,4712.0,4712.0,False,False
2023-07-03,Blue One M,8112.0,8112.0,False,False
2023-07-04,Blue One M,7476.0,7476.0,False,False
2023-07-05,Blue One M,7074.0,7074.0,False,False
2023-07-06,Blue One M,7440.0,7440.0,False,False
2023-07-07,Blue One M,5155.0,5155.0,False,False
2023-07-08,Blue One M,6585.0,6585.0,False,False
2023-07-09,Blue One M,4696.0,4696.0,False,False
2023-07-10,Blue One M,7735.0,7735.0,False,False
2023-07-11,Blue One M,7410.0,7410.0,False,False
2023-07-12,Blue One M,7161.0,7161.0,False,False
2023-07-13,Blue One M,6753.0,6753.0,False,False
2023-07-14,Blue One M,6646.0,6646.0,False,False
2023-07-15,Blue One M,5718.0,5718.0,False,False
2023-07-16,Blue One M,4264.0,4264.0,False,False
2023-07-17,Blue One M,7142.0,7142.0,False,False
2023-07-18,Blue One M,6473.0,6473.0,False,False
2023-07-19,Blue One M,6288.0,6288.0,False,False
2023-07-20,Blue One M,6077.0,6077.0,False,False
2023-07-21,Blue One M,6077.0,6077.0,False,False
2023-07-22,Blue One M,5246.0,5246.0,False,False
2023-07-23,Blue One M,4074.0,4074.0,False,False
2023-07-24,Blue One M,7174.0,7174.0,False,False
2023-07-25,Blue One M,7254.0,7254.0,False,False
2023-07-26,Blue One M,7521.0,7521.0,False,False
2023-07-27,Blue One M,7449.0,7449.0,False,False
2023-07-28,Blue One M,7139.0,7139.0,False,False
2023-07-29,Blue One M,6312.0,6312.0,False,False
2023-07-30,Blue One M,5086.0,5086.0,False,False
2023-07-31,Blue One M,8035.0,8035.0,False,False
2023-08-01,Blue One M,8087.0,8087.0,False,False
2023-08-02,Blue One M,8148.0,8148.0,False,False
2023-08-03,Blue One M,8003.0,8003.0,False,False
2023-08-04,Blue One M,7835.0,7835.0,False,False
2023-08-05,Blue One M,6776.0,6776.0,False,False
2023-08-06,Blue One M,4604.0,7470.0,True,False
2023-08-07,Blue One M,8728.0,8728.0,False,False
2023-08-08,Blue One M,7470.0,7470.0,False,False
2023-08-09,Blue One M,7242.0,7242.0,False,False
2023-08-10,Blue One M,7526.0,7526.0,False,False
2023-08-11,Blue One M,7219.0,7219.0,False,False
2023-08-12,Blue One M,6372.0,6372.0,False,False
2023-08-13,Blue One M,4822.0,4822.0,False,False
2023-08-14,Blue One M,6969.0,6969.0,False,False
2023-08-15,Blue One M,6160.0,6160.0,False,False
2023-08-16,Blue One M,7576.0,7576.0,False,False
2023-08-17,Blue One M,7010.0,7010.0,False,False
2023-08-18,Blue One M,6440.0,6440.0,False,False
2023-08-19,Blue One M,5613.0,5613.0,False,False
2023-08-20,Blue One M,4246.0,4246.0,False,False
2023-08-21,Blue One M,7093.0,7093.0,False,False
2023-08-22,Blue One M,6393.0,6393.0,False,False
2023-08-23,Blue One M,6507.0,6507.0,False,False
2023-08-24,Blue One M,6370.0,6370.0,False,False
2023-08-25,Blue One M,6282.0,6282.0,False,False
2023-08-26,Blue One M,6990.0,6990.0,False,False
2023-08-27,Blue One M,5144.0,6990.0,True,False
2023-08-28,Blue One M,9691.0,7093.0,True,False
2023-08-29,Blue One M,8489.0,8489.0,False,False
2023-08-30,Blue One M,7972.0,7972.0,False,False
2023-08-31,Blue One M,7628.0,7628.0,False,False
2023-09-01,Blue One M,7510.0,7510.0,False,False
2023-09-02,Blue One M,7582.0,7582.0,False,False
2023-09-03,Blue One M,5448.0,5448.0,False,False
2023-09-04,Blue One M,9179.0,9179.0,False,False
2023-09-05,Blue One M,7975.0,7975.0,False,False
2023-09-06,Blue One M,7675.0,7675.0,False,False
2023-09-07,Blue One M,7089.0,7089.0,False,False
2023-09-08,Blue One M,1438.0,7475.0,True,False
2023-09-09,Blue One M,5892.0,5892.0,False,False
2023-09-10,Blue One M,5604.0,5604.0,False,False
2023-09-11,Blue One M,8728.0,8728.0,False,False
2023-09-12,Blue One M,7475.0,7475.0,False,False
2023-09-13,Blue One M,7761.0,7761.0,False,False
2023-09-14,Blue One M,7120.0,7120.0,False,False
2023-09-15,Blue One M,7040.0,7040.0,False,False
2023-09-16,Blue One M,6715.0,6715.0,False,False
2023-09-17,Blue One M,4980.0,4980.0,False,False
2023-09-18,Blue One M,7856.0,7856.0,False,False
2023-09-19,Blue One M,7030.0,7030.0,False,False
2023-09-20,Blue One M,7111.0,7111.0,False,False
2023-09-21,Blue One M,6332.0,6332.0,False,False
2023-09-22,Blue One M,6785.0,6785.0,False,False
2023-09-23,Blue One M,6207.0,6207.0,False,False
2023-09-24,Blue One M,4406.0,4406.0,False,False
2023-09-25,Blue One M,8417.0,8417.0,False,False
2023-09-26,Blue One M,7857.0,7857.0,False,False
2023-09-27,Blue One M,8073.0,8073.0,False,False
2023-09-28,Blue One M,8096.0,8096.0,False,False
2023-09-29,Blue One M,8037.0,8037.0,False,False
2023-09-30,Blue One M,7297.0,7297.0,False,False
2023-10-01,Blue One M,5540.0,5540.0,False,False
2023-10-02,Blue One M,9529.0,9529.0,False,False
2023-10-03,Blue One M,8534.0,8534.0,False,False
2023-10-04,Blue One M,8318.0,8318.0,False,False
2023-10-05,Blue One M,8569.0,8569.0,False,False
2023-10-06,Blue One M,7403.0,7403.0,False,False
2023-10-07,Blue One M,6831.0,6831.0,False,False
2023-10-08,Blue One M,4103.0,7615.0,True,False
2023-10-09,Blue One M,8948.0,8948.0,False,False
2023-10-10,Blue One M,8095.0,8095.0,False,False
2023-10-11,Blue One M,8245.0,8245.0,False,False
2023-10-12,Blue One M,7086.0,7086.0,False,False
2023-10-13,Blue One M,6779.0,6779.0,False,False
2023-10-14,Blue One M,7615.0,7615.0,False,False
2023-10-15,Blue One M,5207.0,5207.0,False,False
2023-10-16,Blue One M,8559.0,8559.0,False,False
2023-10-17,Blue One M,7754.0,7754.0,False,False
2023-10-18,Blue One M,7785.0,7785.0,False,False
2023-10-19,Blue One M,7163.0,7163.0,False,False
2023-10-20,Blue One M,6728.0,6728.0,False,False
2023-10-21,Blue One M,6230.0,6230.0,False,False
2023-10-22,Blue One M,4749.0,4749.0,False,False
2023-10-23,Blue One M,7488.0,7488.0,False,False
2023-10-24,Blue One M,6867.0,6867.0,False,False
2023-10-25,Blue One M,7559.0,7559.0,False,False
2023-10-26,Blue One M,8116.0,8116.0,False,False
2023-10-27,Blue One M,8283.0,8283.0,False,False
2023-10-28,Blue One M,7544.0,7544.0,False,False
2023-10-29,Blue One M,5321.0,5321.0,False,False
2023-10-30,Blue One M,8924.0,8924.0,False,False
2023-10-31,Blue One M,8124.0,8124.0,False,False
2023-11-01,Blue One M,8717.0,8717.0,False,False
2023-11-02,Blue One M,8225.0,8225.0,False,False
2023-11-03,Blue One M,7892.0,7892.0,False,False
2023-11-04,Blue One M,7500.0,7500.0,False,False
2023-11-05,Blue One M,5371.0,7850.0,True,False
2023-11-06,Blue One M,8991.0,8991.0,False,False
2023-11-07,Blue One M,7415.0,7415.0,False,False
2023-11-08,Blue One M,7850.0,7850.0,False,False
2023-11-09,Blue One M,7978.0,7978.0,False,False
2023-11-10,Blue One M,7703.0,7703.0,False,False
2023-11-11,Blue One M,6787.0,6787.0,False,False
2023-11-12,Blue One M,5055.0,7415.0,True,False
2023-11-13,Blue One M,8049.0,8049.0,False,False
2023-11-14,Blue One M,7582.0,7582.0,False,False
2023-11-15,Blue One M,7831.0,7831.0,False,False
2023-11-16,Blue One M,7189.0,7189.0,False,False
2023-11-17,Blue One M,6940.0,6940.0,False,False
2023-11-18,Blue One M,6233.0,6233.0,False,False
2023-11-19,Blue One M,4945.0,4945.0,False,False
2023-11-20,Blue One M,7600.0,7600.0,False,False
2023-11-21,Blue One M,7139.0,7139.0,False,False
2023-11-22,Blue One M,6936.0,6936.0,False,False
2023-11-23,Blue One M,6447.0,6447.0,False,False
2023-11-24,Blue One M,6749.0,6749.0,False,False
2023-11-25,Blue One M,6779.0,6779.0,False,False
2023-11-26,Blue One M,6220.0,6220.0,False,False
2023-11-27,Blue One M,9558.0,7416.0,True,False
2023-11-28,Blue One M,7816.0,7816.0,False,False
2023-11-29,Blue One M,7800.0,7800.0,False,False
2023-11-30,Blue One M,7742.0,7742.0,False,False
2023-12-01,Blue One M,7953.0,7953.0,False,False
2023-12-02,Blue One M,7416.0,7416.0,False,False
2023-12-03,Blue One M,5964.0,5964.0,False,False
2023-12-04,Blue One M,9194.0,9194.0,False,False
2023-12-05,Blue One M,8749.0,8749.0,False,False
2023-12-06,Blue One M,8009.0,8009.0,False,False
2023-12-07,Blue One M,7405.0,7405.0,False,False
2023-12-08,Blue One M,7552.0,7552.0,False,False
2023-12-09,Blue One M,6854.0,6854.0,False,False
2023-12-10,Blue One M,5437.0,5437.0,False,False
2023-12-11,Blue One M,8204.0,8204.0,False,False
2023-12-12,Blue One M,7283.0,7283.0,False,False
2023-12-13,Blue One M,7093.0,7093.0,False,False
2023-12-14,Blue One M,6849.0,6849.0,False,False
2023-12-15,Blue One M,7045.0,7045.0,False,False
2023-12-16,Blue One M,6377.0,6377.0,False,False
2023-12-17,Blue One M,4957.0,6891.0,True,False
2023-12-18,Blue One M,7738.0,7738.0,False,False
2023-12-19,Blue One M,6954.0,6954.0,False,False
2023-12-20,Blue One M,6789.0,6789.0,False,False
2023-12-21,Blue One M,6891.0,6891.0,False,False
2023-12-22,Blue One M,7349.0,7349.0,False,False
2023-12-23,Blue One M,6528.0,6528.0,False,False
2023-12-24,Blue One M,5734.0,5734.0,False,False
2023-12-25,Blue One M,4517.0,4517.0,False,False
2023-12-26,Blue One M,7766.0,7766.0,False,False
2023-12-27,Blue One M,8674.0,8674.0,False,False
2023-12-28,Blue One M,8012.0,8012.0,False,False
2023-12-29,Blue One M,7890.0,7890.0,False,False
2023-12-30,Blue One M,7219.0,7219.0,False,False
2023-12-31,Blue One M,6506.0,6506.0,False,False
2024-01-01,Blue One M,4427.0,4427.0,False,False
2024-01-02,Blue One M,8477.0,8477.0,False,False
2024-01-03,Blue One M,9958.0,9958.0,False,False
2024-01-04,Blue One M,9080.0,9080.0,False,False
2024-01-05,Blue One M,8902.0,8902.0,False,False
2024-01-06,Blue One M,7471.0,7471.0,False,False
2024-01-07,Blue One M,5289.0,5289.0,False,False
2024-01-08,Blue One M,9151.0,9151.0,False,False
2024-01-09,Blue One M,7911.0,7911.0,False,False
2024-01-10,Blue One M,8073.0,8073.0,False,False
2024-01-11,Blue One M,7356.0,7356.0,False,False
2024-01-12,Blue One M,7684.0,7684.0,False,False
2024-01-13,Blue One M,6655.0,6655.0,False,False
2024-01-14,Blue One M,4788.0,6780.0,True,False
2024-01-15,Blue One M,7278.0,7278.0,False,False
2024-01-16,Blue One M,6579.0,6579.0,False,False
2024-01-17,Blue One M,6780.0,6780.0,False,False
2024-01-18,Blue One M,6851.0,6851.0,False,False
2024-01-19,Blue One M,6482.0,6482.0,False,False
2024-01-20,Blue One M,6260.0,6260.0,False,False
2024-01-21,Blue One M,4915.0,4915.0,False,False
2024-01-22,Blue One M,7718.0,7718.0,False,False
2024-01-23,Blue One M,6793.0,6793.0,False,False
2024-01-24,Blue One M,6673.0,6673.0,False,False
2024-01-25,Blue One M,7530.0,7530.0,False,False
2024-01-26,Blue One M,7874.0,7874.0,False,False
2024-01-27,Blue One M,7058.0,7058.0,False,False
2024-01-28,Blue One M,5347.0,5347.0,False,False
2024-01-29,Blue One M,8642.0,8642.0,False,False
2024-01-30,Blue One M,8220.0,8220.0,False,False
2024-01-31,Blue One M,7258.0,7258.0,False,False
2024-02-01,Blue One M,7999.0,7999.0,False,False
2024-02-02,Blue One M,8435.0,8435.0,False,False
2024-02-03,Blue One M,7577.0,7577.0,False,False
2024-02-04,Blue One M,5964.0,5964.0,False,False
2024-02-05,Blue One M,9566.0,9566.0,False,False
2024-02-06,Blue One M,8309.0,8309.0,False,False
2024-02-07,Blue One M,8214.0,8214.0,False,False
2024-02-08,Blue One M,7851.0,7851.0,False,False
2024-02-09,Blue One M,7754.0,7754.0,False,False
2024-02-10,Blue One M,6747.0,6747.0,False,False
2024-02-11,Blue One M,5684.0,5684.0,False,False
2024-02-12,Blue One M,7534.0,7534.0,False,False
2024-02-13,Blue One M,7616.0,7616.0,False,False
2024-02-14,Blue One M,7485.0,7485.0,False,False
2024-02-15,Blue One M,6891.0,6891.0,False,False
2024-02-16,Blue One M,7350.0,7350.0,False,False
2024-02-17,Blue One M,6544.0,6544.0,False,False
2024-02-18,Blue One M,4992.0,6891.0,True,False
2024-02-19,Blue One M,8018.0,8018.0,False,False
2024-02-20,Blue One M,7100.0,7100.0,False,False
2024-02-21,Blue One M,6889.0,6889.0,False,False
2024-02-22,Blue One M,6338.0,6338.0,False,False
2024-02-23,Blue One M,6563.0,6563.0,False,False
2024-02-24,Blue One M,6935.0,6935.0,False,False
2024-02-25,Blue One M,5513.0,5513.0,False,False
2024-02-26,Blue One M,8894.0,8894.0,False,False
2024-02-27,Blue One M,8306.0,8306.0,False,False
2024-02-28,Blue One M,8156.0,8156.0,False,False
2024-02-29,Blue One M,7676.0,7676.0,False,False
2024-03-01,Blue One M,8266.0,8266.0,False,False
2024-03-02,Blue One M,7370.0,7370.0,False,False
2024-03-03,Blue One M,6209.0,6209.0,False,False
2024-03-04,Blue One M,9458.0,9458.0,False,False
2024-03-05,Blue One M,8790.0,8790.0,False,False
2024-03-06,Blue One M,8353.0,8353.0,False,False
2024-03-07,Blue One M,8551.0,8551.0,False,False
2024-03-08,Blue One M,7368.0,7368.0,False,False
2024-03-09,Blue One M,7069.0,7069.0,False,False
2024-03-10,Blue One M,5829.0,5829.0,False,False
2024-03-11,Blue One M,8528.0,8528.0,False,False
2024-03-12,Blue One M,7512.0,7512.0,False,False
2024-03-13,Blue One M,7238.0,7238.0,False,False
2024-03-14,Blue One M,6720.0,6720.0,False,False
2024-03-15,Blue One M,6040.0,6040.0,False,False
2024-03-16,Blue One M,5235.0,5235.0,False,False
2024-03-17,Blue One M,3972.0,3972.0,False,False
2024-03-18,Blue One M,7605.0,7605.0,False,False
2024-03-19,Blue One M,6747.0,6747.0,False,False
2024-03-20,Blue One M,6672.0,6672.0,False,False
2024-03-21,Blue One M,6765.0,6765.0,False,False
2024-03-22,Blue One M,5849.0,5849.0,False,False
2024-03-23,Blue One M,5713.0,5713.0,False,False
2024-03-24,Blue One M,4406.0,4406.0,False,False
2024-03-25,Blue One M,7311.0,7311.0,False,False
2024-03-26,Blue One M,7297.0,7297.0,False,False
2024-03-27,Blue One M,7143.0,7143.0,False,False
2024-03-28,Blue One M,7519.0,7519.0,False,False
2024-03-29,Blue One M,6936.0,6936.0,False,False
2024-03-30,Blue One M,6466.0,6466.0,False,False
2024-03-31,Blue One M,4890.0,4890.0,False,False
2024-04-01,Blue One M,8614.0,8614.0,False,False
2024-04-02,Blue One M,8026.0,8026.0,False,False
2024-04-03,Blue One M,8088.0,8088.0,False,False
2024-04-04,Blue One M,7419.0,7419.0,False,False
2024-04-05,Blue One M,7529.0,7529.0,False,False
2024-04-06,Blue One M,6789.0,6789.0,False,False
2024-04-07,Blue One M,5336.0,5336.0,False,False
2024-04-08,Blue One M,8157.0,8157.0,False,False
2024-04-09,Blue One M,6989.0,6989.0,False,False
2024-04-10,Blue One M,6535.0,6535.0,False,False
2024-04-11,Blue One M,6874.0,6874.0,False,False
2024-04-12,Blue One M,6624.0,6624.0,False,False
2024-04-13,Blue One M,6019.0,6019.0,False,False
2024-04-14,Blue One M,4560.0,6257.0,True,False
2024-04-15,Blue One M,7657.0,6481.0,True,False
2024-04-16,Blue One M,6191.0,6191.0,False,False
2024-04-17,Blue One M,6481.0,6481.0,False,False
2024-04-18,Blue One M,6257.0,6257.0,False,False
2024-04-19,Blue One M,6187.0,6187.0,False,False
2024-04-20,Blue One M,5946.0,5946.0,False,False
2024-04-21,Blue One M,4734.0,6332.0,True,False
2024-04-22,Blue One M,6573.0,6573.0,False,False
2024-04-23,Blue One M,6371.0,6371.0,False,False
2024-04-24,Blue One M,6332.0,6332.0,False,False
2024-04-25,Blue One M,7275.0,7275.0,False,False
2024-04-26,Blue One M,7262.0,7262.0,False,False
2024-04-27,Blue One M,6682.0,6682.0,False,False
2024-04-28,Blue One M,4916.0,4916.0,False,False
2024-04-29,Blue One M,8624.0,8624.0,False,False
2024-04-30,Blue One M,7575.0,7575.0,False,False
2024-05-01,Blue One M,5866.0,5866.0,False,False
2024-05-02,Blue One M,8136.0,8136.0,False,False
2024-05-03,Blue One M,8035.0,8035.0,False,False
2024-05-04,Blue One M,6999.0,6999.0,False,False
2024-05-05,Blue One M,5470.0,5470.0,False,False
2024-05-06,Blue One M,8845.0,8845.0,False,False
2024-05-07,Blue One M,7277.0,7277.0,False,False
2024-05-08,Blue One M,7440.0,7440.0,False,False
2024-05-09,Blue One M,6483.0,6483.0,False,False
2024-05-10,Blue One M,7228.0,7228.0,False,False
2024-05-11,Blue One M,6065.0,6065.0,False,False
2024-05-12,Blue One M,5111.0,5111.0,False,False
2024-05-13,Blue One M,5803.0,5803.0,False,False
2024-05-14,Blue One M,5373.0,5373.0,False,False
2024-05-15,Blue One M,7547.0,7547.0,False,False
2024-05-16,Blue One M,6870.0,6870.0,False,False
2024-05-17,Blue One M,6374.0,6374.0,False,False
2024-05-18,Blue One M,5763.0,5763.0,False,False
2024-05-19,Blue One M,5056.0,5056.0,False,False
2024-05-20,Blue One M,4741.0,4741.0,False,False
2024-05-21,Blue One M,7814.0,7814.0,False,False
2024-05-22,Blue One M,6858.0,6858.0,False,False
2024-05-23,Blue One M,6290.0,6290.0,False,False
2024-05-24,Blue One M,6379.0,6379.0,False,False
2024-05-25,Blue One M,6364.0,6364.0,False,False
2024-05-26,Blue One M,5692.0,5692.0,False,False
2024-05-27,Blue One M,8509.0,8509.0,False,False
2024-05-28,Blue One M,7080.0,7080.0,False,False
2024-05-29,Blue One M,7520.0,7520.0,False,False
2024-05-30,Blue One M,7040.0,7040.0,False,False
2024-05-31,Blue One M,7294.0,7294.0,False,False
2024-06-01,Blue One M,6790.0,6790.0,False,False
2024-06-02,Blue One M,5788.0,5788.0,False,False
2024-06-03,Blue One M,9081.0,9081.0,False,False
2024-06-04,Blue One M,7715.0,7715.0,False,False
2024-06-05,Blue One M,7655.0,7655.0,False,False
2024-06-06,Blue One M,7649.0,7649.0,False,False
2024-06-07,Blue One M,7416.0,7416.0,False,False
2024-06-08,Blue One M,6542.0,6542.0,False,False
2024-06-09,Blue One M,5333.0,5333.0,False,False
2024-06-10,Blue One M,7674.0,7674.0,False,False
2024-06-11,Blue One M,6947.0,6947.0,False,False
2024-06-12,Blue One M,6621.0,6621.0,False,False
2024-06-13,Blue One M,5861.0,5861.0,False,False
2024-06-14,Blue One M,6328.0,6328.0,False,False
2024-06-15,Blue One M,6401.0,6401.0,False,False
2024-06-16,Blue One M,4694.0,6402.0,True,False
2024-06-17,Blue One M,6402.0,6402.0,False,False
2024-06-18,Blue One M,6954.0,6954.0,False,False
2024-06-19,Blue One M,6731.0,6731.0,False,False
2024-06-20,Blue One M,6719.0,6719.0,False,False
2024-06-21,Blue One M,6490.0,6490.0,False,False
2024-06-22,Blue One M,5830.0,5830.0,False,False
2024-06-23,Blue One M,4576.0,6719.0,True,False
2024-06-24,Blue One M,7215.0,7215.0,False,False
2024-06-25,Blue One M,7797.0,7797.0,False,False
2024-06-26,Blue One M,7474.0,7474.0,False,False
2024-06-27,Blue One M,7474.0,7474.0,False,False
2024-06-28,Blue One M,7467.0,7467.0,False,False
2024-06-29,Blue One M,6561.0,6561.0,False,False
2024-06-30,Blue One M,5528.0,5528.0,False,False
2024-07-01,Blue One M,8704.0,8704.0,False,False
2024-07-02,Blue One M,8088.0,8088.0,False,False
2024-07-03,Blue One M,8698.0,8698.0,False,False
2024-07-04,Blue One M,7430.0,7430.0,False,False
2024-07-05,Blue One M,7319.0,7319.0,False,False
2024-07-06,Blue One M,6783.0,6783.0,False,False
2024-07-07,Blue One M,5388.0,5388.0,False,False
2024-07-08,Blue One M,8152.0,8152.0,False,False
2024-07-09,Blue One M,7117.0,7117.0,False,False
2024-07-10,Blue One M,7261.0,7261.0,False,False
2024-07-11,Blue One M,6149.0,6149.0,False,False
2024-07-12,Blue One M,6929.0,6929.0,False,False
2024-07-13,Blue One M,5646.0,5646.0,False,False
2024-07-14,Blue One M,4747.0,4747.0,False,False
2024-07-15,Blue One M,7201.0,7201.0,False,False
2024-07-16,Blue One M,6661.0,6661.0,False,False
2024-07-17,Blue One M,6178.0,6178.0,False,False
2024-07-18,Blue One M,6093.0,6093.0,False,False
2024-07-19,Blue One M,5961.0,5961.0,False,False
2024-07-20,Blue One M,6008.0,6008.0,False,False
2024-07-21,Blue One M,4772.0,4772.0,False,False
2024-07-22,Blue One M,7099.0,7099.0,False,False
2024-07-23,Blue One M,6364.0,6364.0,False,False
2024-07-24,Blue One M,6284.0,6284.0,False,False
2024-07-25,Blue One M,7027.0,7027.0,False,False
2024-07-26,Blue One M,7270.0,7270.0,False,False
2024-07-27,Blue One M,6544.0,6544.0,False,False
2024-07-28,Blue One M,5347.0,5347.0,False,False
2024-07-29,Blue One M,8545.0,8545.0,False,False
2024-07-30,Blue One M,7815.0,7815.0,False,False
2024-07-31,Blue One M,8343.0,8343.0,False,False
2024-08-01,Blue One M,8650.0,8650.0,False,False
2024-08-02,Blue One M,8794.0,8794.0,False,False
2024-08-03,Blue One M,7422.0,7422.0,False,False
2024-08-04,Blue One M,6052.0,6052.0,False,False
2024-08-05,Blue One M,8835.0,8835.0,False,False
2024-08-06,Blue One M,7978.0,7978.0,False,False
2024-08-07,Blue One M,8081.0,8081.0,False,False
2024-08-08,Blue One M,7726.0,7726.0,False,False
2024-08-09,Blue One M,7557.0,7557.0,False,False
2024-08-10,Blue One M,6297.0,6297.0,False,False
2024-08-11,Blue One M,5157.0,7340.0,True,False
2024-08-12,Blue One M,7927.0,7927.0,False,False
2024-08-13,Blue One M,7340.0,7340.0,False,False
2024-08-14,Blue One M,7623.0,7623.0,False,False
2024-08-15,Blue One M,6047.0,6047.0,False,False
2024-08-16,Blue One M,7172.0,7172.0,False,False
2024-08-17,Blue One M,6086.0,6086.0,False,False
2024-08-18,Blue One M,4622.0,4622.0,False,False
2024-08-19,Blue One M,7514.0,7514.0,False,False
2024-08-20,Blue One M,6911.0,6911.0,False,False
2024-08-21,Blue One M,7183.0,7183.0,False,False
2024-08-22,Blue One M,6472.0,6472.0,False,False
2024-08-23,Blue One M,6632.0,6632.0,False,False
2024-08-24,Blue One M,6367.0,6367.0,False,False
2024-08-25,Blue One M,5386.0,5386.0,False,False
2024-08-26,Blue One M,9182.0,9182.0,False,False
2024-08-27,Blue One M,7761.0,7761.0,False,False
2024-08-28,Blue One M,8286.0,8286.0,False,False
2024-08-29,Blue One M,7635.0,7635.0,False,False
2024-08-30,Blue One M,7565.0,7565.0,False,False
2024-08-31,Blue One M,7899.0,7899.0,False,False
2024-09-01,Blue One M,6552.0,6552.0,False,False
2024-09-02,Blue One M,10472.0,10472.0,False,False
2024-09-03,Blue One M,8657.0,8657.0,False,False
2024-09-04,Blue One M,8515.0,8515.0,False,False
2024-09-05,Blue One M,8096.0,8096.0,False,False
2024-09-06,Blue One M,7943.0,7943.0,False,False
2024-09-07,Blue One M,7501.0,7501.0,False,False
2024-09-08,Blue One M,5867.0,5867.0,False,False
2024-09-09,Blue One M,8486.0,8486.0,False,False
2024-09-10,Blue One M,7730.0,7730.0,False,False
2024-09-11,Blue One M,7524.0,7524.0,False,False
2024-09-12,Blue One M,5087.0,7491.0,True,False
2024-09-13,Blue One M,7491.0,7491.0,False,False
2024-09-14,Blue One M,6791.0,6791.0,False,False
2024-09-15,Blue One M,5562.0,5562.0,False,False
2024-09-16,Blue One M,8475.0,8475.0,False,False
2024-09-17,Blue One M,7025.0,7025.0,False,False
2024-09-18,Blue One M,6842.0,6842.0,False,False
2024-09-19,Blue One M,6472.0,6472.0,False,False
2024-09-20,Blue One M,6947.0,6947.0,False,False
2024-09-21,Blue One M,6413.0,6413.0,False,False
2024-09-22,Blue One M,5039.0,5039.0,False,False
2024-09-23,Blue One M,7851.0,7851.0,False,False
2024-09-24,Blue One M,7268.0,7268.0,False,False
2024-09-25,Blue One M,8022.0,8022.0,False,False
2024-09-26,Blue One M,8548.0,8548.0,False,False
2024-09-27,Blue One M,8670.0,8670.0,False,False
2024-09-28,Blue One M,7974.0,7974.0,False,False
2024-09-29,Blue One M,6344.0,6344.0,False,False
2024-09-30,Blue One M,10323.0,10323.0,False,False
2024-10-01,Blue One M,9082.0,9082.0,False,False
2024-10-02,Blue One M,9960.0,9960.0,False,False
2024-10-03,Blue One M,8702.0,8702.0,False,False
2024-10-04,Blue One M,8969.0,8969.0,False,False
2024-10-05,Blue One M,8683.0,8683.0,False,False
2024-10-06,Blue One M,6757.0,6757.0,False,False
2024-10-07,Blue One M,9383.0,9383.0,False,False
2024-10-08,Blue One M,8596.0,8596.0,False,False
2024-10-09,Blue One M,9188.0,9188.0,False,False
2024-10-10,Blue One M,8453.0,8453.0,False,False
2024-10-11,Blue One M,7666.0,7666.0,False,False
2024-10-12,Blue One M,6650.0,6650.0,False,False
2024-10-13,Blue One M,5626.0,5626.0,False,False
2024-10-14,Blue One M,8736.0,8736.0,False,False
2024-10-15,Blue One M,7563.0,7563.0,False,False
2024-10-16,Blue One M,8218.0,8218.0,False,False
2024-10-17,Blue One M,7550.0,7550.0,False,False
2024-10-18,Blue One M,7296.0,7296.0,False,False
2024-10-19,Blue One M,6026.0,6026.0,False,False
2024-10-20,Blue One M,5385.0,5385.0,False,False
2024-10-21,Blue One M,8738.0,8738.0,False,False
2024-10-22,Blue One M,7221.0,7221.0,False,False
2024-10-23,Blue One M,7306.0,7306.0,False,False
2024-10-24,Blue One M,7049.0,7049.0,False,False
2024-10-25,Blue One M,8339.0,8339.0,False,False
2024-10-26,Blue One M,7693.0,7693.0,False,False
2024-10-27,Blue One M,5944.0,5944.0,False,False
2024-10-28,Blue One M,9712.0,9712.0,False,False
2024-10-29,Blue One M,8709.0,8709.0,False,False
2024-10-30,Blue One M,9046.0,9046.0,False,False
2024-10-31,Blue One M,9005.0,9005.0,False,False
2024-11-01,Blue One M,9159.0,9159.0,False,False
2024-11-02,Blue One M,7903.0,7903.0,False,False
2024-11-03,Blue One M,6320.0,6320.0,False,False
2024-11-04,Blue One M,9829.0,9829.0,False,False
2024-11-05,Blue One M,9614.0,9614.0,False,False
2024-11-06,Blue One M,8626.0,8626.0,False,False
2024-11-07,Blue One M,8459.0,8459.0,False,False
2024-11-08,Blue One M,7912.0,7912.0,False,False
2024-11-09,Blue One M,6840.0,6840.0,False,False
2024-11-10,Blue One M,5207.0,5207.0,False,False
2024-11-11,Blue One M,8713.0,8713.0,False,False
2024-11-12,Blue One M,8714.0,8714.0,False,False
2024-11-13,Blue One M,8083.0,8083.0,False,False
2024-11-14,Blue One M,7471.0,7471.0,False,False
2024-11-15,Blue One M,7591.0,7591.0,False,False
2024-11-16,Blue One M,6760.0,6760.0,False,False
2024-11-17,Blue One M,5677.0,5677.0,False,False
2024-11-18,Blue One M,8317.0,8317.0,False,False
2024-11-19,Blue One M,7346.0,7346.0,False,False
2024-11-20,Blue One M,7370.0,7370.0,False,False
2024-11-21,Blue One M,7027.0,7027.0,False,False
2024-11-22,Blue One M,7165.0,7165.0,False,False
2024-11-23,Blue One M,6529.0,6529.0,False,False
2024-11-24,Blue One M,5319.0,5319.0,False,False
2024-11-25,Blue One M,8936.0,8936.0,False,False
2024-11-26,Blue One M,8435.0,8435.0,False,False
2024-11-27,Blue One M,8476.0,8476.0,False,False
2024-11-28,Blue One M,8301.0,8301.0,False,False
2024-11-29,Blue One M,8499.0,8499.0,False,False
2024-11-30,Blue One M,7518.0,7518.0,False,False
2024-12-01,Blue One M,6292.0,6292.0,False,False
2024-12-02,Blue One M,9879.0,9879.0,False,False
2024-12-03,Blue One M,9045.0,9045.0,False,False
2024-12-04,Blue One M,9236.0,9236.0,False,False
2024-12-05,Blue One M,8777.0,8777.0,False,False
2024-12-06,Blue One M,8719.0,8719.0,False,False
2024-12-07,Blue One M,7372.0,7372.0,False,False
2024-12-08,Blue One M,6045.0,6045.0,False,False
2024-12-09,Blue One M,9168.0,9168.0,False,False
2024-12-10,Blue One M,8185.0,8185.0,False,False
2024-12-11,Blue One M,8110.0,8110.0,False,False
2024-12-12,Blue One M,7542.0,7542.0,False,False
2024-12-13,Blue One M,7698.0,7698.0,False,False
2024-12-14,Blue One M,6679.0,6679.0,False,False
2024-12-15,Blue One M,5773.0,5773.0,False,False
2024-12-16,Blue One M,8350.0,8350.0,False,False
2024-12-17,Blue One M,7413.0,7413.0,False,False
2024-12-18,Blue One M,7356.0,7356.0,False,False
2024-12-19,Blue One M,7242.0,7242.0,False,False
2024-12-20,Blue One M,7528.0,7528.0,False,False
2024-12-21,Blue One M,6889.0,6889.0,False,False
2024-12-22,Blue One M,5779.0,5779.0,False,False
2024-12-23,Blue One M,8466.0,8466.0,False,False
2024-12-24,Blue One M,7585.0,7585.0,False,False
2024-12-25,Blue One M,5212.0,7528.0,True,False
2024-12-26,Blue One M,8039.0,8039.0,False,False
2024-12-27,Blue One M,8966.0,8966.0,False,False
2024-12-28,Blue One M,7608.0,7608.0,False,False
2024-12-29,Blue One M,5954.0,5954.0,False,False
2024-12-30,Blue One M,8866.0,8866.0,False,False
2024-12-31,Blue One M,8358.0,8358.0,False,False
2025-01-01,Blue One M,4805.0,4805.0,False,False
2025-01-02,Blue One M,8623.0,8623.0,False,False
2025-01-03,Blue One M,9833.0,9833.0,False,False
2025-01-04,Blue One M,8543.0,8543.0,False,False
2025-01-05,Blue One M,6722.0,6722.0,False,False
2025-01-06,Blue One M,10568.0,10568.0,False,False
2025-01-07,Blue One M,9370.0,9370.0,False,False
2025-01-08,Blue One M,8730.0,8730.0,False,False
2025-01-09,Blue One M,8293.0,8293.0,False,False
2025-01-10,Blue One M,8390.0,8390.0,False,False
2025-01-11,Blue One M,7401.0,7401.0,False,False
2025-01-12,Blue One M,6068.0,6068.0,False,False
2025-01-13,Blue One M,9061.0,9061.0,False,False
2025-01-14,Blue One M,8372.0,8372.0,False,False
2025-01-15,Blue One M,8091.0,8091.0,False,False
2025-01-16,Blue One M,7654.0,7654.0,False,False
2025-01-17,Blue One M,7448.0,7448.0,False,False
2025-01-18,Blue One M,6537.0,6537.0,False,False
2025-01-19,Blue One M,5255.0,7448.0,True,False
2025-01-20,Blue One M,8136.0,8136.0,False,False
2025-01-21,Blue One M,7450.0,7450.0,False,False
2025-01-22,Blue One M,7695.0,7695.0,False,False
2025-01-23,Blue One M,7001.0,7001.0,False,False
2025-01-24,Blue One M,6865.0,6865.0,False,False
2025-01-25,Blue One M,7238.0,7238.0,False,False
2025-01-26,Blue One M,5969.0,5969.0,False,False
2025-01-27,Blue One M,9513.0,9513.0,False,False
2025-01-28,Blue One M,8825.0,8825.0,False,False
2025-01-29,Blue One M,8827.0,8827.0,False,False
2025-01-30,Blue One M,8644.0,8644.0,False,False
2025-01-31,Blue One M,8229.0,8229.0,False,False
2025-02-01,Blue One M,7902.0,7902.0,False,False
2025-02-02,Blue One M,6749.0,6749.0,False,False
2025-02-03,Blue One M,10449.0,10449.0,False,False
2025-02-04,Blue One M,9183.0,9183.0,False,False
2025-02-05,Blue One M,8858.0,8858.0,False,False
2025-02-06,Blue One M,8951.0,8951.0,False,False
2025-02-07,Blue One M,8385.0,8385.0,False,False
2025-02-08,Blue One M,7879.0,7879.0,False,False
2025-02-09,Blue One M,6147.0,6147.0,False,False
2025-02-10,Blue One M,9015.0,9015.0,False,False
2025-02-11,Blue One M,7093.0,7093.0,False,False
2025-02-12,Blue One M,9099.0,9099.0,False,False
2025-02-13,Blue One M,8001.0,8001.0,False,False
2025-02-14,Blue One M,8069.0,8069.0,False,False
2025-02-15,Blue One M,7003.0,7003.0,False,False
2025-02-16,Blue One M,5685.0,5685.0,False,False
2025-02-17,Blue One M,8630.0,8630.0,False,False
2025-02-18,Blue One M,7822.0,7822.0,False,False
2025-02-19,Blue One M,7372.0,7372.0,False,False
2025-02-20,Blue One M,6967.0,6967.0,False,False
2025-02-21,Blue One M,7179.0,7179.0,False,False
2025-02-22,Blue One M,6358.0,6358.0,False,False
2025-02-23,Blue One M,5079.0,5079.0,False,False
2025-02-24,Blue One M,8087.0,8087.0,False,False
2025-02-25,Blue One M,8726.0,8726.0,False,False
2025-02-26,Blue One M,8283.0,8283.0,False,False
2025-02-27,Blue One M,8993.0,8993.0,False,False
2025-02-28,Blue One M,9410.0,9410.0,False,False
2025-03-01,Blue One M,8179.0,8179.0,False,False
2025-03-02,Blue One M,6690.0,6690.0,False,False
2025-03-03,Blue One M,10736.0,10736.0,False,False
2025-03-04,Blue One M,9405.0,9405.0,False,False
2025-03-05,Blue One M,9378.0,9378.0,False,False
2025-03-06,Blue One M,9348.0,9348.0,False,False
2025-03-07,Blue One M,9400.0,9400.0,False,False
2025-03-08,Blue One M,7857.0,7857.0,False,False
2025-03-09,Blue One M,6031.0,6031.0,False,False
2025-03-10,Blue One M,10257.0,10257.0,False,False
2025-03-11,Blue One M,8467.0,8467.0,False,False
2025-03-12,Blue One M,8717.0,8717.0,False,False
2025-03-13,Blue One M,7941.0,7941.0,False,False
2025-03-14,Blue One M,8315.0,8315.0,False,False
2025-03-15,Blue One M,7275.0,7275.0,False,False
2025-03-16,Blue One M,6022.0,6022.0,False,False
2025-03-17,Blue One M,8911.0,8911.0,False,False
2025-03-18,Blue One M,8196.0,8196.0,False,False
2025-03-19,Blue One M,7803.0,7803.0,False,False
2025-03-20,Blue One M,6919.0,6919.0,False,False
2025-03-21,Blue One M,6750.0,6750.0,False,False
2025-03-22,Blue One M,6789.0,6789.0,False,False
2025-03-23,Blue One M,5471.0,5471.0,False,False
2025-03-24,Blue One M,8312.0,8312.0,False,False
2025-03-25,Blue One M,8212.0,8212.0,False,False
2025-03-26,Blue One M,8197.0,8197.0,False,False
2025-03-27,Blue One M,8340.0,8340.0,False,False
2025-03-28,Blue One M,8571.0,8571.0,False,False
2025-03-29,Blue One M,7766.0,7766.0,False,False
2025-03-30,Blue One M,6892.0,6892.0,False,False
2025-03-31,Blue One M,8533.0,8533.0,False,False
2025-04-01,Blue One M,9965.0,9965.0,False,False
2025-04-02,Blue One M,9495.0,9495.0,False,False
2025-04-03,Blue One M,9564.0,9564.0,False,False
2025-04-04,Blue One M,9546.0,9546.0,False,False
2025-04-05,Blue One M,8558.0,8558.0,False,False
2025-04-06,Blue One M,6843.0,6843.0,False,False
2025-04-07,Blue One M,10047.0,10047.0,False,False
2025-04-08,Blue One M,9180.0,9180.0,False,False
2025-04-09,Blue One M,9016.0,9016.0,False,False
2025-04-10,Blue One M,8160.0,8160.0,False,False
2025-04-11,Blue One M,8475.0,8475.0,False,False
2025-04-12,Blue One M,7387.0,7387.0,False,False
2025-04-13,Blue One M,5969.0,5969.0,False,False
2025-04-14,Blue One M,9416.0,9416.0,False,False
2025-04-15,Blue One M,8409.0,8409.0,False,False
2025-04-16,Blue One M,7535.0,7535.0,False,False
2025-04-17,Blue One M,7647.0,7647.0,False,False
2025-04-18,Blue One M,7339.0,7339.0,False,False
2025-04-19,Blue One M,6672.0,6672.0,False,False
2025-04-20,Blue One M,5078.0,5078.0,False,False
2025-04-21,Blue One M,8288.0,8288.0,False,False
2025-04-22,Blue One M,7793.0,7793.0,False,False
2025-04-23,Blue One M,7403.0,7403.0,False,False
2025-04-24,Blue One M,6807.0,6807.0,False,False
2025-04-25,Blue One M,8193.0,8193.0,False,False
2025-04-26,Blue One M,6594.0,6594.0,False,False
2025-04-27,Blue One M,6983.0,6983.0,False,False
2025-04-28,Blue One M,10124.0,10124.0,False,False
2025-04-29,Blue One M,8994.0,8994.0,False,False
2025-04-30,Blue One M,9029.0,9029.0,False,False
2025-05-01,Blue One M,7601.0,7601.0,False,False
2025-05-02,Blue One M,9937.0,9937.0,False,False
2025-05-03,Blue One M,8781.0,8781.0,False,False
2025-05-04,Blue One M,7085.0,7085.0,False,False
2025-05-05,Blue One M,10601.0,10601.0,False,False
2025-05-06,Blue One M,9703.0,9703.0,False,False
2025-05-07,Blue One M,9108.0,9108.0,False,False
2025-05-08,Blue One M,8766.0,8766.0,False,False
2025-05-09,Blue One M,8878.0,8878.0,False,False
2025-05-10,Blue One M,8008.0,8008.0,False,False
2025-05-11,Blue One M,6253.0,6253.0,False,False
2025-05-12,Blue One M,9414.0,9414.0,False,False
2025-05-13,Blue One M,8206.0,8206.0,False,False
2025-05-14,Blue One M,4292.0,4292.0,False,False
2025-05-15,Blue One M,9212.0,9212.0,False,False
2025-05-16,Blue One M,2156.0,2156.0,False,False
2025-05-17,Blue One M,1772.0,1772.0,False,False
2025-05-18,Blue One M,8861.0,8861.0,False,False
2025-05-19,Blue One M,10257.0,10257.0,False,False
2025-05-20,Blue One M,5198.0,5198.0,False,False
2025-05-21,Blue One M,7422.0,7422.0,False,False
2025-05-22,Blue One M,5979.0,5979.0,False,False
2025-05-23,Blue One M,4654.0,4654.0,False,False
2025-05-24,Blue One M,5501.0,5501.0,False,False
2025-05-25,Blue One M,258.0,258.0,False,False
2025-05-26,Blue One M,11912.0,11912.0,False,False
2025-05-27,Blue One M,11737.0,11737.0,False,False
2025-05-28,Blue One M,9651.0,9651.0,False,False
2025-05-29,Blue One M,7715.0,7715.0,False,False
2025-05-30,Blue One M,9031.0,9031.0,False,False
2025-05-31,Blue One M,7705.0,7705.0,False,False
2025-06-01,Blue One M,6571.0,6571.0,False,False
2025-06-02,Blue One M,10037.0,10037.0,False,False
2025-06-03,Blue One M,9255.0,9255.0,False,False
2025-06-04,Blue One M,9337.0,9337.0,False,False
2025-06-05,Blue One M,8872.0,8872.0,False,False
2025-06-06,Blue One M,7868.0,7868.0,False,False
2025-06-07,Blue One M,8058.0,8058.0,False,False
2025-06-08,Blue One M,6497.0,6497.0,False,False
2025-06-09,Blue One M,9892.0,9892.0,False,False
2025-06-10,Blue One M,8939.0,8939.0,False,False
2025-06-11,Blue One M,8659.0,8659.0,False,False
2025-06-12,Blue One M,8102.0,8102.0,False,False
2025-06-13,Blue One M,7257.0,7257.0,False,False
2025-06-14,Blue One M,6998.0,6998.0,False,False
2025-06-15,Blue One M,4761.0,4761.0,False,False
2025-06-16,Blue One M,6193.0,6193.0,False,False
2025-06-17,Blue One M,7913.0,7913.0,False,False
2025-06-18,Blue One M,8011.0,8011.0,False,False
2025-06-19,Blue One M,7525.0,7525.0,False,False
2025-06-20,Blue One M,6737.0,6737.0,False,False
2025-06-21,Blue One M,5918.0,5918.0,False,False
2025-06-22,Blue One M,4542.0,4542.0,False,False
2025-06-23,Blue One M,6733.0,6733.0,False,False
2025-06-24,Blue One M,5575.0,5575.0,False,False
2025-06-25,Blue One M,7365.0,7365.0,False,False
2025-06-26,Blue One M,8300.0,8300.0,False,False
2025-06-27,Blue One M,9277.0,9277.0,False,False
2025-06-28,Blue One M,8273.0,8273.0,False,False
2025-06-29,Blue One M,6397.0,6397.0,False,False
2025-06-30,Blue One M,9665.0,9665.0,False,False
2025-07-01,Blue One M,7863.0,7863.0,False,False
2025-07-02,Blue One M,8924.0,8924.0,False,False
2025-07-03,Blue One M,8536.0,8536.0,False,False
2025-07-04,Blue One M,8572.0,8572.0,False,False
2025-07-05,Blue One M,7399.0,7399.0,False,False
2025-07-06,Blue One M,6378.0,6378.0,False,False
2025-07-07,Blue One M,9414.0,9414.0,False,False
2025-07-08,Blue One M,8370.0,8370.0,False,False
2025-07-09,Blue One M,8025.0,8025.0,False,False
2025-07-10,Blue One M,8031.0,8031.0,False,False
2025-07-11,Blue One M,7357.0,7357.0,False,False
2025-07-12,Blue One M,6653.0,6653.0,False,False
2025-07-13,Blue One M,5352.0,5352.0,False,False
2025-07-14,Blue One M,8306.0,8306.0,False,False
2025-07-15,Blue One M,6861.0,6861.0,False,False
2025-07-16,Blue One M,6267.0,6267.0,False,False
2025-07-17,Blue One M,6894.0,6894.0,False,False
2025-07-18,Blue One M,7363.0,7363.0,False,False
2025-07-19,Blue One M,6486.0,6486.0,False,False
2025-07-20,Blue One M,4924.0,4924.0,False,False
2025-07-21,Blue One M,7386.0,7386.0,False,False
2025-07-22,Blue One M,6638.0,6638.0,False,False
2025-07-23,Blue One M,6583.0,6583.0,False,False
2025-07-24,Blue One M,5640.0,5640.0,False,False
2025-07-25,Blue One M,7115.0,7115.0,False,False
2025-07-26,Blue One M,7210.0,7210.0,False,False
2025-07-27,Blue One M,6766.0,6766.0,False,False
2025-07-28,Blue One M,9909.0,7386.0,True,False
2025-07-29,Blue One M,8578.0,8578.0,False,False
2025-07-30,Blue One M,8795.0,8795.0,False,False
2025-07-31,Blue One M,8086.0,8086.0,False,False
2025-08-01,Blue One M,8159.0,8159.0,False,False
2025-08-02,Blue One M,7468.0,7468.0,False,False
2025-08-03,Blue One M,6186.0,6186.0,False,False
2025-08-04,Blue One M,9555.0,9555.0,False,False
2025-08-05,Blue One M,8776.0,8776.0,False,False
2025-08-06,Blue One M,8946.0,8946.0,False,False
2025-08-07,Blue One M,8129.0,8129.0,False,False
2025-08-08,Blue One M,8118.0,8118.0,False,False
2025-08-09,Blue One M,7285.0,7285.0,False,False
2025-08-10,Blue One M,5728.0,5728.0,False,False
2025-08-11,Blue One M,8907.0,8907.0,False,False
2025-08-12,Blue One M,7797.0,7797.0,False,False
2025-08-13,Blue One M,7137.0,7137.0,False,False
2025-08-14,Blue One M,7451.0,7451.0,False,False
2025-08-15,Blue One M,6121.0,6121.0,False,False
2025-08-16,Blue One M,6460.0,6460.0,False,False
2025-08-17,Blue One M,3499.0,6995.0,True,False
2025-08-18,Blue One M,9522.0,9522.0,False,False
2025-08-19,Blue One M,7146.0,7146.0,False,False
2025-08-20,Blue One M,6995.0,6995.0,False,False
2025-08-21,Blue One M,6511.0,6511.0,False,False
2025-08-22,Blue One M,4521.0,4521.0,False,False
2025-08-23,Blue One M,7741.0,7741.0,False,False
2025-08-24,Blue One M,4909.0,4909.0,False,False
2025-08-25,Blue One M,8393.0,8393.0,False,False
2025-08-26,Blue One M,8042.0,8042.0,False,False
2022-04-01,Blue One L,25.0,25.0,False,False
2022-04-02,Blue One L,15.0,15.0,False,False
2022-04-03,Blue One L,13.0,13.0,False,False
2022-04-04,Blue One L,37.0,37.0,False,False
2022-04-05,Blue One L,32.0,32.0,False,False
2022-04-06,Blue One L,28.0,28.0,False,False
2022-04-07,Blue One L,25.0,25.0,False,False
2022-04-08,Blue One L,35.0,35.0,False,False
2022-04-09,Blue One L,19.0,19.0,False,False
2022-04-10,Blue One L,6.0,6.0,False,False
2022-04-11,Blue One L,38.0,38.0,False,False
2022-04-12,Blue One L,27.0,27.0,False,False
2022-04-13,Blue One L,27.0,27.0,False,False
2022-04-14,Blue One L,,24.0,False,True
2022-04-15,Blue One L,20.0,20.0,False,False
2022-04-16,Blue One L,14.0,14.0,False,False
2022-04-17,Blue One L,13.0,13.0,False,False
2022-04-18,Blue One L,28.0,28.0,False,False
2022-04-19,Blue One L,24.0,24.0,False,False
2022-04-20,Blue One L,21.0,21.0,False,False
2022-04-21,Blue One L,25.0,25.0,False,False
2022-04-22,Blue One L,20.0,20.0,False,False
2022-04-23,Blue One L,14.0,14.0,False,False
2022-04-24,Blue One L,9.0,9.0,False,False
2022-04-25,Blue One L,24.0,24.0,False,False
2022-04-26,Blue One L,27.0,27.0,False,False
2022-04-27,Blue One L,20.0,20.0,False,False
2022-04-28,Blue One L,23.0,23.0,False,False
2022-04-29,Blue One L,39.0,39.0,False,False
2022-04-30,Blue One L,18.0,18.0,False,False
2022-05-01,Blue One L,10.0,10.0,False,False
2022-05-02,Blue One L,24.0,24.0,False,False
2022-05-03,Blue One L,27.0,27.0,False,False
2022-05-04,Blue One L,42.0,42.0,False,False
2022-05-05,Blue One L,39.0,39.0,False,False
2022-05-06,Blue One L,35.0,35.0,False,False
2022-05-07,Blue One L,22.0,22.0,False,False
2022-05-08,Blue One L,12.0,12.0,False,False
2022-05-09,Blue One L,35.0,35.0,False,False
2022-05-10,Blue One L,35.0,35.0,False,False
2022-05-11,Blue One L,19.0,19.0,False,False
2022-05-12,Blue One L,26.0,26.0,False,False
2022-05-13,Blue One L,20.0,20.0,False,False
2022-05-14,Blue One L,23.0,23.0,False,False
2022-05-15,Blue One L,9.0,9.0,False,False
2022-05-16,Blue One L,30.0,30.0,False,False
2022-05-17,Blue One L,14.0,14.0,False,False
2022-05-18,Blue One L,26.0,26.0,False,False
2022-05-19,Blue One L,26.0,26.0,False,False
2022-05-20,Blue One L,10.0,10.0,False,False
2022-05-21,Blue One L,15.0,15.0,False,False
2022-05-22,Blue One L,10.0,10.0,False,False
2022-05-23,Blue One L,28.0,28.0,False,False
2022-05-24,Blue One L,21.0,21.0,False,False
2022-05-25,Blue One L,15.0,15.0,False,False
2022-05-26,Blue One L,16.0,16.0,False,False
2022-05-27,Blue One L,44.0,44.0,False,False
2022-05-28,Blue One L,23.0,23.0,False,False
2022-05-29,Blue One L,8.0,8.0,False,False
2022-05-30,Blue One L,26.0,26.0,False,False
2022-05-31,Blue One L,28.0,28.0,False,False
2022-06-01,Blue One L,26.0,26.0,False,False
2022-06-02,Blue One L,82.0,26.0,True,False
2022-06-03,Blue One L,43.0,43.0,False,False
2022-06-04,Blue One L,26.0,26.0,False,False
2022-06-05,Blue One L,15.0,15.0,False,False
2022-06-06,Blue One L,30.0,30.0,False,False
2022-06-07,Blue One L,34.0,34.0,False,False
2022-06-08,Blue One L,31.0,31.0,False,False
2022-06-09,Blue One L,23.0,23.0,False,False
2022-06-10,Blue One L,23.0,23.0,False,False
2022-06-11,Blue One L,20.0,20.0,False,False
2022-06-12,Blue One L,16.0,16.0,False,False
2022-06-13,Blue One L,31.0,31.0,False,False
2022-06-14,Blue One L,28.0,28.0,False,False
2022-06-15,Blue One L,22.0,22.0,False,False
2022-06-16,Blue One L,10.0,10.0,False,False
2022-06-17,Blue One L,34.0,34.0,False,False
2022-06-18,Blue One L,23.0,23.0,False,False
2022-06-19,Blue One L,15.0,15.0,False,False
2022-06-20,Blue One L,26.0,26.0,False,False
2022-06-21,Blue One L,39.0,39.0,False,False
2022-06-22,Blue One L,28.0,28.0,False,False
2022-06-23,Blue One L,137.0,23.0,True,False
2022-06-24,Blue One L,19.0,19.0,False,False
2022-06-25,Blue One L,17.0,17.0,False,False
2022-06-26,Blue One L,19.0,19.0,False,False
2022-06-27,Blue One L,31.0,31.0,False,False
2022-06-28,Blue One L,16.0,16.0,False,False
2022-06-29,Blue One L,25.0,25.0,False,False
2022-06-30,Blue One L,18.0,18.0,False,False
2022-07-01,Blue One L,34.0,34.0,False,False
2022-07-02,Blue One L,21.0,21.0,False,False
2022-07-03,Blue One L,16.0,16.0,False,False
2022-07-04,Blue One L,48.0,48.0,False,False
2022-07-05,Blue One L,25.0,25.0,False,False
2022-07-06,Blue One L,43.0,43.0,False,False
2022-07-07,Blue One L,29.0,29.0,False,False
2022-07-08,Blue One L,30.0,30.0,False,False
2022-07-09,Blue One L,20.0,20.0,False,False
2022-07-10,Blue One L,11.0,11.0,False,False
2022-07-11,Blue One L,38.0,38.0,False,False
2022-07-12,Blue One L,26.0,26.0,False,False
2022-07-13,Blue One L,26.0,26.0,False,False
2022-07-14,Blue One L,36.0,36.0,False,False
2022-07-15,Blue One L,37.0,37.0,False,False
2022-07-16,Blue One L,26.0,26.0,False,False
2022-07-17,Blue One L,18.0,18.0,False,False
2022-07-18,Blue One L,28.0,28.0,False,False
2022-07-19,Blue One L,131.0,28.0,True,False
2022-07-20,Blue One L,103.0,31.0,True,False
2022-07-21,Blue One L,31.0,31.0,False,False
2022-07-22,Blue One L,25.0,25.0,False,False
2022-07-23,Blue One L,24.0,24.0,False,False
2022-07-24,Blue One L,16.0,16.0,False,False
2022-07-25,Blue One L,31.0,31.0,False,False
2022-07-26,Blue One L,42.0,42.0,False,False
2022-07-27,Blue One L,43.0,43.0,False,False
2022-07-28,Blue One L,35.0,35.0,False,False
2022-07-29,Blue One L,41.0,41.0,False,False
2022-07-30,Blue One L,26.0,26.0,False,False
2022-07-31,Blue One L,20.0,20.0,False,False
2022-08-01,Blue One L,52.0,52.0,False,False
2022-08-02,Blue One L,42.0,42.0,False,False
2022-08-03,Blue One L,70.0,70.0,False,False
2022-08-04,Blue One L,47.0,47.0,False,False
2022-08-05,Blue One L,48.0,48.0,False,False
2022-08-06,Blue One L,24.0,24.0,False,False
2022-08-07,Blue One L,23.0,23.0,False,False
2022-08-08,Blue One L,50.0,50.0,False,False
2022-08-09,Blue One L,59.0,59.0,False,False
2022-08-10,Blue One L,43.0,43.0,False,False
2022-08-11,Blue One L,57.0,57.0,False,False
2022-08-12,Blue One L,40.0,40.0,False,False
2022-08-13,Blue One L,41.0,41.0,False,False
2022-08-14,Blue One L,26.0,26.0,False,False
2022-08-15,Blue One L,46.0,46.0,False,False
2022-08-16,Blue One L,60.0,60.0,False,False
2022-08-17,Blue One L,35.0,35.0,False,False
2022-08-18,Blue One L,46.0,46.0,False,False
2022-08-19,Blue One L,38.0,38.0,False,False
2022-08-20,Blue One L,39.0,39.0,False,False
2022-08-21,Blue One L,28.0,28.0,False,False
2022-08-22,Blue One L,62.0,62.0,False,False
2022-08-23,Blue One L,47.0,47.0,False,False
2022-08-24,Blue One L,50.0,50.0,False,False
2022-08-25,Blue One L,67.0,67.0,False,False
2022-08-26,Blue One L,61.0,61.0,False,False
2022-08-27,Blue One L,44.0,44.0,False,False
2022-08-28,Blue One L,27.0,27.0,False,False
2022-08-29,Blue One L,73.0,73.0,False,False
2022-08-30,Blue One L,55.0,55.0,False,False
2022-08-31,Blue One L,73.0,73.0,False,False
2022-09-01,Blue One L,60.0,60.0,False,False
2022-09-02,Blue One L,70.0,70.0,False,False
2022-09-03,Blue One L,60.0,60.0,False,False
2022-09-04,Blue One L,43.0,43.0,False,False
2022-09-05,Blue One L,94.0,94.0,False,False
2022-09-06,Blue One L,79.0,79.0,False,False
2022-09-07,Blue One L,75.0,75.0,False,False
2022-09-08,Blue One L,84.0,84.0,False,False
2022-09-09,Blue One L,78.0,78.0,False,False
2022-09-10,Blue One L,67.0,67.0,False,False
2022-09-11,Blue One L,44.0,44.0,False,False
2022-09-12,Blue One L,81.0,81.0,False,False
2022-09-13,Blue One L,17.0,77.0,True,False
2022-09-14,Blue One L,135.0,77.0,True,False
2022-09-15,Blue One L,86.0,86.0,False,False
2022-09-16,Blue One L,77.0,77.0,False,False
2022-09-17,Blue One L,69.0,69.0,False,False
2022-09-18,Blue One L,34.0,79.0,True,False
2022-09-19,Blue One L,87.0,87.0,False,False
2022-09-20,Blue One L,75.0,75.0,False,False
2022-09-21,Blue One L,80.0,80.0,False,False
2022-09-22,Blue One L,105.0,105.0,False,False
2022-09-23,Blue One L,79.0,79.0,False,False
2022-09-24,Blue One L,89.0,89.0,False,False
2022-09-25,Blue One L,54.0,54.0,False,False
2022-09-26,Blue One L,126.0,89.0,True,False
2022-09-27,Blue One L,96.0,96.0,False,False
2022-09-28,Blue One L,145.0,145.0,False,False
2022-09-29,Blue One L,116.0,116.0,False,False
2022-09-30,Blue One L,115.0,115.0,False,False
2022-10-01,Blue One L,84.0,84.0,False,False
2022-10-02,Blue One L,61.0,61.0,False,False
2022-10-03,Blue One L,135.0,135.0,False,False
2022-10-04,Blue One L,123.0,123.0,False,False
2022-10-05,Blue One L,136.0,136.0,False,False
2022-10-06,Blue One L,121.0,121.0,False,False
2022-10-07,Blue One L,132.0,132.0,False,False
2022-10-08,Blue One L,97.0,97.0,False,False
2022-10-09,Blue One L,64.0,64.0,False,False
2022-10-10,Blue One L,156.0,156.0,False,False
2022-10-11,Blue One L,142.0,142.0,False,False
2022-10-12,Blue One L,94.0,94.0,False,False
2022-10-13,Blue One L,74.0,74.0,False,False
2022-10-14,Blue One L,115.0,115.0,False,False
2022-10-15,Blue One L,79.0,79.0,False,False
2022-10-16,Blue One L,55.0,55.0,False,False
2022-10-17,Blue One L,111.0,111.0,False,False
2022-10-18,Blue One L,115.0,115.0,False,False
2022-10-19,Blue One L,99.0,99.0,False,False
2022-10-20,Blue One L,121.0,121.0,False,False
2022-10-21,Blue One L,114.0,114.0,False,False
2022-10-22,Blue One L,97.0,97.0,False,False
2022-10-23,Blue One L,56.0,115.0,True,False
2022-10-24,Blue One L,145.0,145.0,False,False
2022-10-25,Blue One L,131.0,131.0,False,False
2022-10-26,Blue One L,131.0,131.0,False,False
2022-10-27,Blue One L,162.0,162.0,False,False
2022-10-28,Blue One L,145.0,145.0,False,False
2022-10-29,Blue One L,121.0,121.0,False,False
2022-10-30,Blue One L,84.0,84.0,False,False
2022-10-31,Blue One L,171.0,171.0,False,False
2022-11-01,Blue One L,167.0,167.0,False,False
2022-11-02,Blue One L,163.0,163.0,False,False
2022-11-03,Blue One L,163.0,163.0,False,False
2022-11-04,Blue One L,151.0,151.0,False,False
2022-11-05,Blue One L,139.0,139.0,False,False
2022-11-06,Blue One L,86.0,86.0,False,False
2022-11-07,Blue One L,190.0,190.0,False,False
2022-11-08,Blue One L,177.0,177.0,False,False
2022-11-09,Blue One L,175.0,175.0,False,False
2022-11-10,Blue One L,146.0,146.0,False,False
2022-11-11,Blue One L,143.0,143.0,False,False
2022-11-12,Blue One L,109.0,109.0,False,False
2022-11-13,Blue One L,52.0,52.0,False,False
2022-11-14,Blue One L,159.0,159.0,False,False
2022-11-15,Blue One L,123.0,123.0,False,False
2022-11-16,Blue One L,143.0,143.0,False,False
2022-11-17,Blue One L,147.0,147.0,False,False
2022-11-18,Blue One L,149.0,149.0,False,False
2022-11-19,Blue One L,63.0,143.0,True,False
2022-11-20,Blue One L,124.0,124.0,False,False
2022-11-21,Blue One L,172.0,172.0,False,False
2022-11-22,Blue One L,147.0,147.0,False,False
2022-11-23,Blue One L,164.0,164.0,False,False
2022-11-24,Blue One L,134.0,134.0,False,False
2022-11-25,Blue One L,160.0,160.0,False,False
2022-11-26,Blue One L,114.0,114.0,False,False
2022-11-27,Blue One L,78.0,78.0,False,False
2022-11-28,Blue One L,165.0,165.0,False,False
2022-11-29,Blue One L,196.0,196.0,False,False
2022-11-30,Blue One L,184.0,184.0,False,False
2022-12-01,Blue One L,191.0,191.0,False,False
2022-12-02,Blue One L,197.0,197.0,False,False
2022-12-03,Blue One L,155.0,155.0,False,False
2022-12-04,Blue One L,96.0,96.0,False,False
2022-12-05,Blue One L,221.0,221.0,False,False
2022-12-06,Blue One L,191.0,191.0,False,False
2022-12-07,Blue One L,189.0,189.0,False,False
2022-12-08,Blue One L,207.0,96.0,True,False
2022-12-09,Blue One L,31.0,31.0,False,False
2022-12-10,Blue One L,13.0,13.0,False,False
2022-12-11,Blue One L,5.0,5.0,False,False
2022-12-12,Blue One L,48.0,48.0,False,False
2022-12-13,Blue One L,27.0,27.0,False,False
2022-12-14,Blue One L,27.0,27.0,False,False
2022-12-15,Blue One L,22.0,22.0,False,False
2022-12-16,Blue One L,25.0,25.0,False,False
2022-12-17,Blue One L,20.0,20.0,False,False
2022-12-18,Blue One L,4.0,22.0,True,False
2022-12-19,Blue One L,26.0,26.0,False,False
2022-12-20,Blue One L,28.0,28.0,False,False
2022-12-21,Blue One L,20.0,20.0,False,False
2022-12-22,Blue One L,17.0,17.0,False,False
2022-12-23,Blue One L,26.0,26.0,False,False
2022-12-24,Blue One L,11.0,11.0,False,False
2022-12-25,Blue One L,3.0,3.0,False,False
2022-12-26,Blue One L,10.0,10.0,False,False
2022-12-27,Blue One L,28.0,28.0,False,False
2022-12-28,Blue One L,33.0,33.0,False,False
2022-12-29,Blue One L,24.0,24.0,False,False
2022-12-30,Blue One L,29.0,29.0,False,False
2022-12-31,Blue One L,10.0,10.0,False,False
2023-01-01,Blue One L,9.0,9.0,False,False
2023-01-02,Blue One L,9.0,9.0,False,False
2023-01-03,Blue One L,28.0,28.0,False,False
2023-01-04,Blue One L,29.0,29.0,False,False
2023-01-05,Blue One L,34.0,34.0,False,False
2023-01-06,Blue One L,33.0,33.0,False,False
2023-01-07,Blue One L,12.0,12.0,False,False
2023-01-08,Blue One L,2.0,2.0,False,False
2023-01-09,Blue One L,32.0,32.0,False,False
2023-01-10,Blue One L,20.0,20.0,False,False
2023-01-11,Blue One L,35.0,35.0,False,False
2023-01-12,Blue One L,21.0,21.0,False,False
2023-01-13,Blue One L,26.0,26.0,False,False
2023-01-14,Blue One L,5.0,5.0,False,False
2023-01-15,Blue One L,5.0,5.0,False,False
2023-01-16,Blue One L,29.0,29.0,False,False
2023-01-17,Blue One L,21.0,21.0,False,False
2023-01-18,Blue One L,20.0,20.0,False,False
2023-01-19,Blue One L,19.0,19.0,False,False
2023-01-20,Blue One L,19.0,19.0,False,False
2023-01-21,Blue One L,5.0,5.0,False,False
2023-01-22,Blue One L,6.0,6.0,False,False
2023-01-23,Blue One L,19.0,19.0,False,False
2023-01-24,Blue One L,201.0,117.0,True,False
2023-01-25,Blue One L,176.0,176.0,False,False
2023-01-26,Blue One L,178.0,178.0,False,False
2023-01-27,Blue One L,196.0,196.0,False,False
2023-01-28,Blue One L,150.0,150.0,False,False
2023-01-29,Blue One L,117.0,117.0,False,False
2023-01-30,Blue One L,245.0,245.0,False,False
2023-01-31,Blue One L,227.0,227.0,False,False
2023-02-01,Blue One L,255.0,255.0,False,False
2023-02-02,Blue One L,240.0,240.0,False,False
2023-02-03,Blue One L,248.0,248.0,False,False
2023-02-04,Blue One L,213.0,213.0,False,False
2023-02-05,Blue One L,128.0,128.0,False,False
2023-02-06,Blue One L,284.0,284.0,False,False
2023-02-07,Blue One L,232.0,232.0,False,False
2023-02-08,Blue One L,247.0,247.0,False,False
2023-02-09,Blue One L,209.0,209.0,False,False
2023-02-10,Blue One L,248.0,248.0,False,False
2023-02-11,Blue One L,160.0,160.0,False,False
2023-02-12,Blue One L,99.0,99.0,False,False
2023-02-13,Blue One L,219.0,219.0,False,False
2023-02-14,Blue One L,212.0,212.0,False,False
2023-02-15,Blue One L,222.0,222.0,False,False
2023-02-16,Blue One L,183.0,183.0,False,False
2023-02-17,Blue One L,195.0,195.0,False,False
2023-02-18,Blue One L,158.0,158.0,False,False
2023-02-19,Blue One L,87.0,190.0,True,False
2023-02-20,Blue One L,223.0,223.0,False,False
2023-02-21,Blue One L,185.0,185.0,False,False
2023-02-22,Blue One L,190.0,190.0,False,False
2023-02-23,Blue One L,216.0,216.0,False,False
2023-02-24,Blue One L,188.0,188.0,False,False
2023-02-25,Blue One L,212.0,212.0,False,False
2023-02-26,Blue One L,124.0,124.0,False,False
2023-02-27,Blue One L,239.0,239.0,False,False
2023-02-28,Blue One L,249.0,249.0,False,False
2023-03-01,Blue One L,311.0,311.0,False,False
2023-03-02,Blue One L,269.0,269.0,False,False
2023-03-03,Blue One L,310.0,310.0,False,False
2023-03-04,Blue One L,212.0,212.0,False,False
2023-03-05,Blue One L,145.0,145.0,False,False
2023-03-06,Blue One L,326.0,326.0,False,False
2023-03-07,Blue One L,252.0,252.0,False,False
2023-03-08,Blue One L,207.0,207.0,False,False
2023-03-09,Blue One L,248.0,248.0,False,False
2023-03-10,Blue One L,286.0,286.0,False,False
2023-03-11,Blue One L,192.0,192.0,False,False
2023-03-12,Blue One L,133.0,133.0,False,False
2023-03-13,Blue One L,288.0,288.0,False,False
2023-03-14,Blue One L,242.0,242.0,False,False
2023-03-15,Blue One L,238.0,238.0,False,False
2023-03-16,Blue One L,237.0,237.0,False,False
2023-03-17,Blue One L,250.0,250.0,False,False
2023-03-18,Blue One L,183.0,183.0,False,False
2023-03-19,Blue One L,108.0,233.0,True,False
2023-03-20,Blue One L,252.0,252.0,False,False
2023-03-21,Blue One L,233.0,233.0,False,False
2023-03-22,Blue One L,251.0,251.0,False,False
2023-03-23,Blue One L,231.0,231.0,False,False
2023-03-24,Blue One L,225.0,225.0,False,False
2023-03-25,Blue One L,188.0,188.0,False,False
2023-03-26,Blue One L,128.0,233.0,True,False
2023-03-27,Blue One L,288.0,288.0,False,False
2023-03-28,Blue One L,263.0,263.0,False,False
2023-03-29,Blue One L,277.0,277.0,False,False
2023-03-30,Blue One L,272.0,272.0,False,False
2023-03-31,Blue One L,267.0,267.0,False,False
2023-04-01,Blue One L,225.0,225.0,False,False
2023-04-02,Blue One L,163.0,163.0,False,False
2023-04-03,Blue One L,355.0,355.0,False,False
2023-04-04,Blue One L,348.0,348.0,False,False
2023-04-05,Blue One L,326.0,326.0,False,False
2023-04-06,Blue One L,298.0,298.0,False,False
2023-04-07,Blue One L,237.0,237.0,False,False
2023-04-08,Blue One L,223.0,223.0,False,False
2023-04-09,Blue One L,131.0,131.0,False,False
2023-04-10,Blue One L,328.0,328.0,False,False
2023-04-11,Blue One L,266.0,266.0,False,False
2023-04-12,Blue One L,274.0,274.0,False,False
2023-04-13,Blue One L,289.0,289.0,False,False
2023-04-14,Blue One L,239.0,239.0,False,False
2023-04-15,Blue One L,204.0,204.0,False,False
2023-04-16,Blue One L,129.0,129.0,False,False
2023-04-17,Blue One L,326.0,326.0,False,False
2023-04-18,Blue One L,245.0,245.0,False,False
2023-04-19,Blue One L,259.0,259.0,False,False
2023-04-20,Blue One L,259.0,259.0,False,False
2023-04-21,Blue One L,174.0,174.0,False,False
2023-04-22,Blue One L,169.0,169.0,False,False
2023-04-23,Blue One L,136.0,136.0,False,False
2023-04-24,Blue One L,327.0,327.0,False,False
2023-04-25,Blue One L,337.0,337.0,False,False
2023-04-26,Blue One L,377.0,377.0,False,False
2023-04-27,Blue One L,346.0,346.0,False,False
2023-04-28,Blue One L,372.0,372.0,False,False
2023-04-29,Blue One L,284.0,284.0,False,False
2023-04-30,Blue One L,220.0,220.0,False,False
2023-05-01,Blue One L,228.0,228.0,False,False
2023-05-02,Blue One L,434.0,434.0,False,False
2023-05-03,Blue One L,400.0,400.0,False,False
2023-05-04,Blue One L,341.0,341.0,False,False
2023-05-05,Blue One L,427.0,427.0,False,False
2023-05-06,Blue One L,301.0,301.0,False,False
2023-05-07,Blue One L,188.0,188.0,False,False
2023-05-08,Blue One L,390.0,390.0,False,False
2023-05-09,Blue One L,370.0,370.0,False,False
2023-05-10,Blue One L,360.0,360.0,False,False
2023-05-11,Blue One L,328.0,328.0,False,False
2023-05-12,Blue One L,345.0,345.0,False,False
2023-05-13,Blue One L,245.0,245.0,False,False
2023-05-14,Blue One L,152.0,152.0,False,False
2023-05-15,Blue One L,337.0,337.0,False,False
2023-05-16,Blue One L,330.0,330.0,False,False
2023-05-17,Blue One L,319.0,319.0,False,False
2023-05-18,Blue One L,263.0,263.0,False,False
2023-05-19,Blue One L,262.0,262.0,False,False
2023-05-20,Blue One L,129.0,129.0,False,False
2023-05-21,Blue One L,139.0,139.0,False,False
2023-05-22,Blue One L,291.0,291.0,False,False
2023-05-23,Blue One L,342.0,342.0,False,False
2023-05-24,Blue One L,357.0,357.0,False,False
2023-05-25,Blue One L,330.0,330.0,False,False
2023-05-26,Blue One L,384.0,384.0,False,False
2023-05-27,Blue One L,285.0,285.0,False,False
2023-05-28,Blue One L,209.0,209.0,False,False
2023-05-29,Blue One L,426.0,426.0,False,False
2023-05-30,Blue One L,440.0,440.0,False,False
2023-05-31,Blue One L,302.0,302.0,False,False
2023-06-01,Blue One L,354.0,354.0,False,False
2023-06-02,Blue One L,412.0,412.0,False,False
2023-06-03,Blue One L,298.0,298.0,False,False
2023-06-04,Blue One L,218.0,218.0,False,False
2023-06-05,Blue One L,356.0,356.0,False,False
2023-06-06,Blue One L,413.0,413.0,False,False
2023-06-07,Blue One L,368.0,368.0,False,False
2023-06-08,Blue One L,351.0,351.0,False,False
2023-06-09,Blue One L,404.0,404.0,False,False
2023-06-10,Blue One L,240.0,240.0,False,False
2023-06-11,Blue One L,175.0,175.0,False,False
2023-06-12,Blue One L,390.0,390.0,False,False
2023-06-13,Blue One L,364.0,364.0,False,False
2023-06-14,Blue One L,327.0,327.0,False,False
2023-06-15,Blue One L,333.0,333.0,False,False
2023-06-16,Blue One L,327.0,327.0,False,False
2023-06-17,Blue One L,239.0,239.0,False,False
2023-06-18,Blue One L,193.0,193.0,False,False
2023-06-19,Blue One L,336.0,336.0,False,False
2023-06-20,Blue One L,304.0,304.0,False,False
2023-06-21,Blue One L,317.0,317.0,False,False
2023-06-22,Blue One L,339.0,339.0,False,False
2023-06-23,Blue One L,372.0,372.0,False,False
2023-06-24,Blue One L,282.0,282.0,False,False
2023-06-25,Blue One L,174.0,174.0,False,False
2023-06-26,Blue One L,372.0,372.0,False,False
2023-06-27,Blue One L,369.0,369.0,False,False
2023-06-28,Blue One L,293.0,293.0,False,False
2023-06-29,Blue One L,455.0,455.0,False,False
2023-06-30,Blue One L,391.0,391.0,False,False
2023-07-01,Blue One L,317.0,317.0,False,False
2023-07-02,Blue One L,227.0,227.0,False,False
2023-07-03,Blue One L,492.0,492.0,False,False
2023-07-04,Blue One L,455.0,455.0,False,False
2023-07-05,Blue One L,385.0,385.0,False,False
2023-07-06,Blue One L,394.0,394.0,False,False
2023-07-07,Blue One L,267.0,267.0,False,False
2023-07-08,Blue One L,345.0,345.0,False,False
2023-07-09,Blue One L,204.0,204.0,False,False
2023-07-10,Blue One L,443.0,443.0,False,False
2023-07-11,Blue One L,429.0,429.0,False,False
2023-07-12,Blue One L,385.0,385.0,False,False
2023-07-13,Blue One L,349.0,349.0,False,False
2023-07-14,Blue One L,333.0,333.0,False,False
2023-07-15,Blue One L,270.0,270.0,False,False
2023-07-16,Blue One L,159.0,333.0,True,False
2023-07-17,Blue One L,369.0,369.0,False,False
2023-07-18,Blue One L,371.0,371.0,False,False
2023-07-19,Blue One L,341.0,341.0,False,False
2023-07-20,Blue One L,331.0,331.0,False,False
2023-07-21,Blue One L,331.0,331.0,False,False
2023-07-22,Blue One L,253.0,253.0,False,False
2023-07-23,Blue One L,177.0,177.0,False,False
2023-07-24,Blue One L,369.0,369.0,False,False
2023-07-25,Blue One L,379.0,379.0,False,False
2023-07-26,Blue One L,413.0,413.0,False,False
2023-07-27,Blue One L,380.0,380.0,False,False
2023-07-28,Blue One L,330.0,330.0,False,False
2023-07-29,Blue One L,313.0,313.0,False,False
2023-07-30,Blue One L,189.0,189.0,False,False
2023-07-31,Blue One L,437.0,437.0,False,False
2023-08-01,Blue One L,474.0,474.0,False,False
2023-08-02,Blue One L,489.0,489.0,False,False
2023-08-03,Blue One L,465.0,465.0,False,False
2023-08-04,Blue One L,410.0,410.0,False,False
2023-08-05,Blue One L,297.0,297.0,False,False
2023-08-06,Blue One L,185.0,185.0,False,False
2023-08-07,Blue One L,448.0,448.0,False,False
2023-08-08,Blue One L,413.0,413.0,False,False
2023-08-09,Blue One L,344.0,344.0,False,False
2023-08-10,Blue One L,416.0,416.0,False,False
2023-08-11,Blue One L,369.0,369.0,False,False
2023-08-12,Blue One L,302.0,302.0,False,False
2023-08-13,Blue One L,188.0,188.0,False,False
2023-08-14,Blue One L,286.0,286.0,False,False
2023-08-15,Blue One L,266.0,266.0,False,False
2023-08-16,Blue One L,433.0,433.0,False,False
2023-08-17,Blue One L,373.0,373.0,False,False
2023-08-18,Blue One L,363.0,363.0,False,False
2023-08-19,Blue One L,291.0,291.0,False,False
2023-08-20,Blue One L,176.0,176.0,False,False
2023-08-21,Blue One L,420.0,420.0,False,False
2023-08-22,Blue One L,355.0,355.0,False,False
2023-08-23,Blue One L,338.0,338.0,False,False
2023-08-24,Blue One L,343.0,343.0,False,False
2023-08-25,Blue One L,335.0,335.0,False,False
2023-08-26,Blue One L,372.0,372.0,False,False
2023-08-27,Blue One L,204.0,204.0,False,False
2023-08-28,Blue One L,485.0,485.0,False,False
2023-08-29,Blue One L,466.0,466.0,False,False
2023-08-30,Blue One L,433.0,433.0,False,False
2023-08-31,Blue One L,410.0,410.0,False,False
2023-09-01,Blue One L,455.0,455.0,False,False
2023-09-02,Blue One L,377.0,377.0,False,False
2023-09-03,Blue One L,241.0,241.0,False,False
2023-09-04,Blue One L,473.0,473.0,False,False
2023-09-05,Blue One L,421.0,421.0,False,False
2023-09-06,Blue One L,445.0,445.0,False,False
2023-09-07,Blue One L,416.0,416.0,False,False
2023-09-08,Blue One L,134.0,388.0,True,False
2023-09-09,Blue One L,304.0,304.0,False,False
2023-09-10,Blue One L,248.0,248.0,False,False
2023-09-11,Blue One L,485.0,485.0,False,False
2023-09-12,Blue One L,388.0,388.0,False,False
2023-09-13,Blue One L,385.0,385.0,False,False
2023-09-14,Blue One L,395.0,395.0,False,False
2023-09-15,Blue One L,357.0,357.0,False,False
2023-09-16,Blue One L,359.0,359.0,False,False
2023-09-17,Blue One L,219.0,383.0,True,False
2023-09-18,Blue One L,466.0,466.0,False,False
2023-09-19,Blue One L,403.0,403.0,False,False
2023-09-20,Blue One L,388.0,388.0,False,False
2023-09-21,Blue One L,376.0,376.0,False,False
2023-09-22,Blue One L,383.0,383.0,False,False
2023-09-23,Blue One L,367.0,367.0,False,False
2023-09-24,Blue One L,206.0,206.0,False,False
2023-09-25,Blue One L,535.0,535.0,False,False
2023-09-26,Blue One L,449.0,449.0,False,False
2023-09-27,Blue One L,466.0,466.0,False,False
2023-09-28,Blue One L,488.0,488.0,False,False
2023-09-29,Blue One L,497.0,497.0,False,False
2023-09-30,Blue One L,385.0,385.0,False,False
2023-10-01,Blue One L,269.0,269.0,False,False
2023-10-02,Blue One L,525.0,525.0,False,False
2023-10-03,Blue One L,470.0,470.0,False,False
2023-10-04,Blue One L,480.0,480.0,False,False
2023-10-05,Blue One L,437.0,437.0,False,False
2023-10-06,Blue One L,443.0,443.0,False,False
2023-10-07,Blue One L,354.0,354.0,False,False
2023-10-08,Blue One L,166.0,432.0,True,False
2023-10-09,Blue One L,525.0,525.0,False,False
2023-10-10,Blue One L,432.0,432.0,False,False
2023-10-11,Blue One L,465.0,465.0,False,False
2023-10-12,Blue One L,403.0,403.0,False,False
2023-10-13,Blue One L,367.0,367.0,False,False
2023-10-14,Blue One L,344.0,344.0,False,False
2023-10-15,Blue One L,232.0,232.0,False,False
2023-10-16,Blue One L,457.0,457.0,False,False
2023-10-17,Blue One L,439.0,439.0,False,False
2023-10-18,Blue One L,484.0,484.0,False,False
2023-10-19,Blue One L,408.0,408.0,False,False
2023-10-20,Blue One L,417.0,417.0,False,False
2023-10-21,Blue One L,309.0,439.0,True,False
2023-10-22,Blue One L,214.0,439.0,True,False
2023-10-23,Blue One L,449.0,449.0,False,False
2023-10-24,Blue One L,447.0,447.0,False,False
2023-10-25,Blue One L,478.0,478.0,False,False
2023-10-26,Blue One L,471.0,471.0,False,False
2023-10-27,Blue One L,461.0,461.0,False,False
2023-10-28,Blue One L,393.0,393.0,False,False
2023-10-29,Blue One L,263.0,461.0,True,False
2023-10-30,Blue One L,536.0,536.0,False,False
2023-10-31,Blue One L,466.0,466.0,False,False
2023-11-01,Blue One L,493.0,493.0,False,False
2023-11-02,Blue One L,490.0,490.0,False,False
2023-11-03,Blue One L,475.0,475.0,False,False
2023-11-04,Blue One L,372.0,372.0,False,False
2023-11-05,Blue One L,261.0,455.0,True,False
2023-11-06,Blue One L,521.0,521.0,False,False
2023-11-07,Blue One L,455.0,455.0,False,False
2023-11-08,Blue One L,426.0,426.0,False,False
2023-11-09,Blue One L,455.0,455.0,False,False
2023-11-10,Blue One L,473.0,473.0,False,False
2023-11-11,Blue One L,347.0,347.0,False,False
2023-11-12,Blue One L,179.0,426.0,True,False
2023-11-13,Blue One L,462.0,462.0,False,False
2023-11-14,Blue One L,452.0,452.0,False,False
2023-11-15,Blue One L,443.0,443.0,False,False
2023-11-16,Blue One L,408.0,408.0,False,False
2023-11-17,Blue One L,380.0,380.0,False,False
2023-11-18,Blue One L,405.0,405.0,False,False
2023-11-19,Blue One L,215.0,405.0,True,False
2023-11-20,Blue One L,462.0,462.0,False,False
2023-11-21,Blue One L,382.0,382.0,False,False
2023-11-22,Blue One L,409.0,409.0,False,False
2023-11-23,Blue One L,435.0,435.0,False,False
2023-11-24,Blue One L,402.0,402.0,False,False
2023-11-25,Blue One L,396.0,396.0,False,False
2023-11-26,Blue One L,281.0,281.0,False,False
2023-11-27,Blue One L,624.0,624.0,False,False
2023-11-28,Blue One L,522.0,522.0,False,False
2023-11-29,Blue One L,505.0,505.0,False,False
2023-11-30,Blue One L,514.0,514.0,False,False
2023-12-01,Blue One L,451.0,451.0,False,False
2023-12-02,Blue One L,416.0,416.0,False,False
2023-12-03,Blue One L,315.0,315.0,False,False
2023-12-04,Blue One L,548.0,548.0,False,False
2023-12-05,Blue One L,503.0,503.0,False,False
2023-12-06,Blue One L,465.0,465.0,False,False
2023-12-07,Blue One L,451.0,451.0,False,False
2023-12-08,Blue One L,447.0,447.0,False,False
2023-12-09,Blue One L,382.0,382.0,False,False
2023-12-10,Blue One L,281.0,281.0,False,False
2023-12-11,Blue One L,485.0,485.0,False,False
2023-12-12,Blue One L,465.0,465.0,False,False
2023-12-13,Blue One L,420.0,420.0,False,False
2023-12-14,Blue One L,411.0,411.0,False,False
2023-12-15,Blue One L,400.0,400.0,False,False
2023-12-16,Blue One L,335.0,335.0,False,False
2023-12-17,Blue One L,244.0,244.0,False,False
2023-12-18,Blue One L,454.0,454.0,False,False
2023-12-19,Blue One L,406.0,406.0,False,False
2023-12-20,Blue One L,456.0,456.0,False,False
2023-12-21,Blue One L,411.0,411.0,False,False
2023-12-22,Blue One L,428.0,428.0,False,False
2023-12-23,Blue One L,412.0,412.0,False,False
2023-12-24,Blue One L,304.0,304.0,False,False
2023-12-25,Blue One L,267.0,267.0,False,False
2023-12-26,Blue One L,471.0,471.0,False,False
2023-12-27,Blue One L,517.0,517.0,False,False
2023-12-28,Blue One L,479.0,479.0,False,False
2023-12-29,Blue One L,516.0,516.0,False,False
2023-12-30,Blue One L,415.0,415.0,False,False
2023-12-31,Blue One L,315.0,315.0,False,False
2024-01-01,Blue One L,223.0,223.0,False,False
2024-01-02,Blue One L,518.0,518.0,False,False
2024-01-03,Blue One L,595.0,595.0,False,False
2024-01-04,Blue One L,590.0,590.0,False,False
2024-01-05,Blue One L,528.0,528.0,False,False
2024-01-06,Blue One L,451.0,451.0,False,False
2024-01-07,Blue One L,248.0,248.0,False,False
2024-01-08,Blue One L,559.0,559.0,False,False
2024-01-09,Blue One L,465.0,465.0,False,False
2024-01-10,Blue One L,523.0,523.0,False,False
2024-01-11,Blue One L,442.0,442.0,False,False
2024-01-12,Blue One L,493.0,493.0,False,False
2024-01-13,Blue One L,368.0,368.0,False,False
2024-01-14,Blue One L,219.0,377.0,True,False
2024-01-15,Blue One L,367.0,367.0,False,False
2024-01-16,Blue One L,399.0,399.0,False,False
2024-01-17,Blue One L,407.0,407.0,False,False
2024-01-18,Blue One L,377.0,377.0,False,False
2024-01-19,Blue One L,376.0,376.0,False,False
2024-01-20,Blue One L,355.0,355.0,False,False
2024-01-21,Blue One L,248.0,248.0,False,False
2024-01-22,Blue One L,478.0,478.0,False,False
2024-01-23,Blue One L,405.0,405.0,False,False
2024-01-24,Blue One L,450.0,450.0,False,False
2024-01-25,Blue One L,451.0,451.0,False,False
2024-01-26,Blue One L,521.0,521.0,False,False
2024-01-27,Blue One L,383.0,383.0,False,False
2024-01-28,Blue One L,294.0,294.0,False,False
2024-01-29,Blue One L,526.0,526.0,False,False
2024-01-30,Blue One L,538.0,538.0,False,False
2024-01-31,Blue One L,426.0,426.0,False,False
2024-02-01,Blue One L,493.0,493.0,False,False
2024-02-02,Blue One L,509.0,509.0,False,False
2024-02-03,Blue One L,440.0,440.0,False,False
2024-02-04,Blue One L,308.0,308.0,False,False
2024-02-05,Blue One L,672.0,477.0,True,False
2024-02-06,Blue One L,477.0,477.0,False,False
2024-02-07,Blue One L,505.0,505.0,False,False
2024-02-08,Blue One L,495.0,495.0,False,False
2024-02-09,Blue One L,470.0,470.0,False,False
2024-02-10,Blue One L,329.0,329.0,False,False
2024-02-11,Blue One L,272.0,272.0,False,False
2024-02-12,Blue One L,397.0,397.0,False,False
2024-02-13,Blue One L,506.0,506.0,False,False
2024-02-14,Blue One L,440.0,440.0,False,False
2024-02-15,Blue One L,417.0,417.0,False,False
2024-02-16,Blue One L,406.0,406.0,False,False
2024-02-17,Blue One L,338.0,338.0,False,False
2024-02-18,Blue One L,236.0,406.0,True,False
2024-02-19,Blue One L,445.0,445.0,False,False
2024-02-20,Blue One L,417.0,417.0,False,False
2024-02-21,Blue One L,417.0,417.0,False,False
2024-02-22,Blue One L,397.0,397.0,False,False
2024-02-23,Blue One L,462.0,462.0,False,False
2024-02-24,Blue One L,399.0,399.0,False,False
2024-02-25,Blue One L,298.0,298.0,False,False
2024-02-26,Blue One L,526.0,526.0,False,False
2024-02-27,Blue One L,529.0,529.0,False,False
2024-02-28,Blue One L,524.0,524.0,False,False
2024-02-29,Blue One L,539.0,539.0,False,False
2024-03-01,Blue One L,492.0,492.0,False,False
2024-03-02,Blue One L,431.0,431.0,False,False
2024-03-03,Blue One L,315.0,315.0,False,False
2024-03-04,Blue One L,608.0,608.0,False,False
2024-03-05,Blue One L,568.0,568.0,False,False
2024-03-06,Blue One L,515.0,515.0,False,False
2024-03-07,Blue One L,479.0,479.0,False,False
2024-03-08,Blue One L,398.0,398.0,False,False
2024-03-09,Blue One L,430.0,430.0,False,False
2024-03-10,Blue One L,294.0,294.0,False,False
2024-03-11,Blue One L,521.0,521.0,False,False
2024-03-12,Blue One L,517.0,517.0,False,False
2024-03-13,Blue One L,417.0,417.0,False,False
2024-03-14,Blue One L,487.0,487.0,False,False
2024-03-15,Blue One L,403.0,403.0,False,False
2024-03-16,Blue One L,312.0,312.0,False,False
2024-03-17,Blue One L,204.0,204.0,False,False
2024-03-18,Blue One L,444.0,444.0,False,False
2024-03-19,Blue One L,434.0,434.0,False,False
2024-03-20,Blue One L,390.0,390.0,False,False
2024-03-21,Blue One L,454.0,454.0,False,False
2024-03-22,Blue One L,364.0,364.0,False,False
2024-03-23,Blue One L,311.0,311.0,False,False
2024-03-24,Blue One L,247.0,247.0,False,False
2024-03-25,Blue One L,466.0,466.0,False,False
2024-03-26,Blue One L,492.0,492.0,False,False
2024-03-27,Blue One L,463.0,463.0,False,False
2024-03-28,Blue One L,520.0,520.0,False,False
2024-03-29,Blue One L,381.0,381.0,False,False
2024-03-30,Blue One L,386.0,386.0,False,False
2024-03-31,Blue One L,196.0,466.0,True,False
2024-04-01,Blue One L,557.0,557.0,False,False
2024-04-02,Blue One L,521.0,521.0,False,False
2024-04-03,Blue One L,487.0,487.0,False,False
2024-04-04,Blue One L,488.0,488.0,False,False
2024-04-05,Blue One L,481.0,481.0,False,False
2024-04-06,Blue One L,374.0,374.0,False,False
2024-04-07,Blue One L,286.0,286.0,False,False
2024-04-08,Blue One L,495.0,495.0,False,False
2024-04-09,Blue One L,424.0,424.0,False,False
2024-04-10,Blue One L,339.0,339.0,False,False
2024-04-11,Blue One L,455.0,455.0,False,False
2024-04-12,Blue One L,402.0,402.0,False,False
2024-04-13,Blue One L,337.0,337.0,False,False
2024-04-14,Blue One L,211.0,211.0,False,False
2024-04-15,Blue One L,433.0,433.0,False,False
2024-04-16,Blue One L,357.0,357.0,False,False
2024-04-17,Blue One L,444.0,444.0,False,False
2024-04-18,Blue One L,385.0,385.0,False,False
2024-04-19,Blue One L,387.0,387.0,False,False
2024-04-20,Blue One L,337.0,337.0,False,False
2024-04-21,Blue One L,194.0,194.0,False,False
2024-04-22,Blue One L,409.0,409.0,False,False
2024-04-23,Blue One L,453.0,453.0,False,False
2024-04-24,Blue One L,370.0,370.0,False,False
2024-04-25,Blue One L,421.0,421.0,False,False
2024-04-26,Blue One L,511.0,511.0,False,False
2024-04-27,Blue One L,412.0,412.0,False,False
2024-04-28,Blue One L,267.0,267.0,False,False
2024-04-29,Blue One L,562.0,562.0,False,False
2024-04-30,Blue One L,429.0,429.0,False,False
2024-05-01,Blue One L,310.0,310.0,False,False
2024-05-02,Blue One L,562.0,562.0,False,False
2024-05-03,Blue One L,515.0,515.0,False,False
2024-05-04,Blue One L,409.0,409.0,False,False
2024-05-05,Blue One L,284.0,284.0,False,False
2024-05-06,Blue One L,554.0,554.0,False,False
2024-05-07,Blue One L,446.0,446.0,False,False
2024-05-08,Blue One L,480.0,480.0,False,False
2024-05-09,Blue One L,389.0,389.0,False,False
2024-05-10,Blue One L,452.0,452.0,False,False
2024-05-11,Blue One L,353.0,353.0,False,False
2024-05-12,Blue One L,242.0,242.0,False,False
2024-05-13,Blue One L,396.0,396.0,False,False
2024-05-14,Blue One L,330.0,330.0,False,False
2024-05-15,Blue One L,494.0,494.0,False,False
2024-05-16,Blue One L,424.0,424.0,False,False
2024-05-17,Blue One L,403.0,403.0,False,False
2024-05-18,Blue One L,349.0,349.0,False,False
2024-05-19,Blue One L,241.0,241.0,False,False
2024-05-20,Blue One L,258.0,258.0,False,False
2024-05-21,Blue One L,503.0,503.0,False,False
2024-05-22,Blue One L,437.0,437.0,False,False
2024-05-23,Blue One L,395.0,395.0,False,False
2024-05-24,Blue One L,430.0,430.0,False,False
2024-05-25,Blue One L,374.0,374.0,False,False
2024-05-26,Blue One L,314.0,314.0,False,False
2024-05-27,Blue One L,562.0,562.0,False,False
2024-05-28,Blue One L,442.0,442.0,False,False
2024-05-29,Blue One L,474.0,474.0,False,False
2024-05-30,Blue One L,453.0,453.0,False,False
2024-05-31,Blue One L,400.0,400.0,False,False
2024-06-01,Blue One L,407.0,407.0,False,False
2024-06-02,Blue One L,291.0,291.0,False,False
2024-06-03,Blue One L,611.0,611.0,False,False
2024-06-04,Blue One L,517.0,517.0,False,False
2024-06-05,Blue One L,548.0,548.0,False,False
2024-06-06,Blue One L,539.0,539.0,False,False
2024-06-07,Blue One L,498.0,498.0,False,False
2024-06-08,Blue One L,364.0,364.0,False,False
2024-06-09,Blue One L,285.0,285.0,False,False
2024-06-10,Blue One L,474.0,474.0,False,False
2024-06-11,Blue One L,452.0,452.0,False,False
2024-06-12,Blue One L,429.0,429.0,False,False
2024-06-13,Blue One L,402.0,402.0,False,False
2024-06-14,Blue One L,398.0,398.0,False,False
2024-06-15,Blue One L,370.0,370.0,False,False
2024-06-16,Blue One L,235.0,395.0,True,False
2024-06-17,Blue One L,359.0,359.0,False,False
2024-06-18,Blue One L,497.0,497.0,False,False
2024-06-19,Blue One L,401.0,401.0,False,False
2024-06-20,Blue One L,372.0,372.0,False,False
2024-06-21,Blue One L,395.0,395.0,False,False
2024-06-22,Blue One L,335.0,335.0,False,False
2024-06-23,Blue One L,240.0,240.0,False,False
2024-06-24,Blue One L,497.0,497.0,False,False
2024-06-25,Blue One L,513.0,513.0,False,False
2024-06-26,Blue One L,452.0,452.0,False,False
2024-06-27,Blue One L,452.0,452.0,False,False
2024-06-28,Blue One L,456.0,456.0,False,False
2024-06-29,Blue One L,421.0,421.0,False,False
2024-06-30,Blue One L,294.0,294.0,False,False
2024-07-01,Blue One L,587.0,587.0,False,False
2024-07-02,Blue One L,510.0,510.0,False,False
2024-07-03,Blue One L,599.0,599.0,False,False
2024-07-04,Blue One L,525.0,525.0,False,False
2024-07-05,Blue One L,502.0,502.0,False,False
2024-07-06,Blue One L,432.0,432.0,False,False
2024-07-07,Blue One L,281.0,281.0,False,False
2024-07-08,Blue One L,527.0,527.0,False,False
2024-07-09,Blue One L,472.0,472.0,False,False
2024-07-10,Blue One L,448.0,448.0,False,False
2024-07-11,Blue One L,391.0,391.0,False,False
2024-07-12,Blue One L,448.0,448.0,False,False
2024-07-13,Blue One L,350.0,350.0,False,False
2024-07-14,Blue One L,246.0,246.0,False,False
2024-07-15,Blue One L,465.0,465.0,False,False
2024-07-16,Blue One L,444.0,444.0,False,False
2024-07-17,Blue One L,391.0,391.0,False,False
2024-07-18,Blue One L,447.0,447.0,False,False
2024-07-19,Blue One L,402.0,402.0,False,False
2024-07-20,Blue One L,341.0,341.0,False,False
2024-07-21,Blue One L,261.0,434.0,True,False
2024-07-22,Blue One L,449.0,449.0,False,False
2024-07-23,Blue One L,422.0,422.0,False,False
2024-07-24,Blue One L,459.0,459.0,False,False
2024-07-25,Blue One L,453.0,453.0,False,False
2024-07-26,Blue One L,479.0,479.0,False,False
2024-07-27,Blue One L,434.0,434.0,False,False
2024-07-28,Blue One L,274.0,453.0,True,False
2024-07-29,Blue One L,585.0,585.0,False,False
2024-07-30,Blue One L,511.0,511.0,False,False
2024-07-31,Blue One L,576.0,576.0,False,False
2024-08-01,Blue One L,575.0,575.0,False,False
2024-08-02,Blue One L,543.0,543.0,False,False
2024-08-03,Blue One L,423.0,423.0,False,False
2024-08-04,Blue One L,337.0,337.0,False,False
2024-08-05,Blue One L,543.0,543.0,False,False
2024-08-06,Blue One L,538.0,538.0,False,False
2024-08-07,Blue One L,516.0,516.0,False,False
2024-08-08,Blue One L,466.0,466.0,False,False
2024-08-09,Blue One L,497.0,497.0,False,False
2024-08-10,Blue One L,339.0,339.0,False,False
2024-08-11,Blue One L,259.0,472.0,True,False
2024-08-12,Blue One L,488.0,488.0,False,False
2024-08-13,Blue One L,472.0,472.0,False,False
2024-08-14,Blue One L,493.0,493.0,False,False
2024-08-15,Blue One L,318.0,470.0,True,False
2024-08-16,Blue One L,481.0,481.0,False,False
2024-08-17,Blue One L,386.0,386.0,False,False
2024-08-18,Blue One L,251.0,470.0,True,False
2024-08-19,Blue One L,475.0,475.0,False,False
2024-08-20,Blue One L,470.0,470.0,False,False
2024-08-21,Blue One L,497.0,497.0,False,False
2024-08-22,Blue One L,414.0,414.0,False,False
2024-08-23,Blue One L,472.0,472.0,False,False
2024-08-24,Blue One L,422.0,422.0,False,False
2024-08-25,Blue One L,291.0,475.0,True,False
2024-08-26,Blue One L,556.0,556.0,False,False
2024-08-27,Blue One L,499.0,499.0,False,False
2024-08-28,Blue One L,585.0,585.0,False,False
2024-08-29,Blue One L,545.0,545.0,False,False
2024-08-30,Blue One L,557.0,557.0,False,False
2024-08-31,Blue One L,511.0,511.0,False,False
2024-09-01,Blue One L,340.0,545.0,True,False
2024-09-02,Blue One L,681.0,550.0,True,False
2024-09-03,Blue One L,558.0,558.0,False,False
2024-09-04,Blue One L,568.0,568.0,False,False
2024-09-05,Blue One L,550.0,550.0,False,False
2024-09-06,Blue One L,525.0,525.0,False,False
2024-09-07,Blue One L,467.0,467.0,False,False
2024-09-08,Blue One L,288.0,470.0,True,False
2024-09-09,Blue One L,571.0,571.0,False,False
2024-09-10,Blue One L,463.0,463.0,False,False
2024-09-11,Blue One L,476.0,476.0,False,False
2024-09-12,Blue One L,324.0,463.0,True,False
2024-09-13,Blue One L,470.0,470.0,False,False
2024-09-14,Blue One L,425.0,425.0,False,False
2024-09-15,Blue One L,286.0,286.0,False,False
2024-09-16,Blue One L,531.0,531.0,False,False
2024-09-17,Blue One L,436.0,436.0,False,False
2024-09-18,Blue One L,451.0,451.0,False,False
2024-09-19,Blue One L,379.0,379.0,False,False
2024-09-20,Blue One L,454.0,454.0,False,False
2024-09-21,Blue One L,412.0,412.0,False,False
2024-09-22,Blue One L,267.0,454.0,True,False
2024-09-23,Blue One L,528.0,528.0,False,False
2024-09-24,Blue One L,490.0,490.0,False,False
2024-09-25,Blue One L,562.0,562.0,False,False
2024-09-26,Blue One L,577.0,577.0,False,False
2024-09-27,Blue One L,524.0,524.0,False,False
2024-09-28,Blue One L,506.0,506.0,False,False
2024-09-29,Blue One L,348.0,348.0,False,False
2024-09-30,Blue One L,681.0,681.0,False,False
2024-10-01,Blue One L,630.0,630.0,False,False
2024-10-02,Blue One L,654.0,654.0,False,False
2024-10-03,Blue One L,562.0,562.0,False,False
2024-10-04,Blue One L,606.0,606.0,False,False
2024-10-05,Blue One L,548.0,548.0,False,False
2024-10-06,Blue One L,350.0,350.0,False,False
2024-10-07,Blue One L,605.0,605.0,False,False
2024-10-08,Blue One L,531.0,531.0,False,False
2024-10-09,Blue One L,590.0,590.0,False,False
2024-10-10,Blue One L,542.0,542.0,False,False
2024-10-11,Blue One L,467.0,467.0,False,False
2024-10-12,Blue One L,427.0,427.0,False,False
2024-10-13,Blue One L,310.0,310.0,False,False
2024-10-14,Blue One L,541.0,541.0,False,False
2024-10-15,Blue One L,482.0,482.0,False,False
2024-10-16,Blue One L,556.0,556.0,False,False
2024-10-17,Blue One L,453.0,453.0,False,False
2024-10-18,Blue One L,467.0,467.0,False,False
2024-10-19,Blue One L,375.0,375.0,False,False
2024-10-20,Blue One L,274.0,274.0,False,False
2024-10-21,Blue One L,542.0,542.0,False,False
2024-10-22,Blue One L,449.0,449.0,False,False
2024-10-23,Blue One L,507.0,507.0,False,False
2024-10-24,Blue One L,473.0,473.0,False,False
2024-10-25,Blue One L,619.0,619.0,False,False
2024-10-26,Blue One L,464.0,464.0,False,False
2024-10-27,Blue One L,310.0,310.0,False,False
2024-10-28,Blue One L,673.0,673.0,False,False
2024-10-29,Blue One L,560.0,560.0,False,False
2024-10-30,Blue One L,670.0,670.0,False,False
2024-10-31,Blue One L,640.0,640.0,False,False
2024-11-01,Blue One L,636.0,636.0,False,False
2024-11-02,Blue One L,491.0,491.0,False,False
2024-11-03,Blue One L,347.0,347.0,False,False
2024-11-04,Blue One L,655.0,655.0,False,False
2024-11-05,Blue One L,659.0,659.0,False,False
2024-11-06,Blue One L,535.0,535.0,False,False
2024-11-07,Blue One L,525.0,525.0,False,False
2024-11-08,Blue One L,521.0,521.0,False,False
2024-11-09,Blue One L,414.0,414.0,False,False
2024-11-10,Blue One L,291.0,291.0,False,False
2024-11-11,Blue One L,533.0,533.0,False,False
2024-11-12,Blue One L,554.0,554.0,False,False
2024-11-13,Blue One L,501.0,501.0,False,False
2024-11-14,Blue One L,492.0,492.0,False,False
2024-11-15,Blue One L,476.0,476.0,False,False
2024-11-16,Blue One L,391.0,391.0,False,False
2024-11-17,Blue One L,290.0,477.0,True,False
2024-11-18,Blue One L,510.0,510.0,False,False
2024-11-19,Blue One L,477.0,477.0,False,False
2024-11-20,Blue One L,481.0,481.0,False,False
2024-11-21,Blue One L,457.0,457.0,False,False
2024-11-22,Blue One L,477.0,477.0,False,False
2024-11-23,Blue One L,404.0,404.0,False,False
2024-11-24,Blue One L,272.0,272.0,False,False
2024-11-25,Blue One L,597.0,597.0,False,False
2024-11-26,Blue One L,580.0,580.0,False,False
2024-11-27,Blue One L,571.0,571.0,False,False
2024-11-28,Blue One L,517.0,517.0,False,False
2024-11-29,Blue One L,677.0,677.0,False,False
2024-11-30,Blue One L,472.0,472.0,False,False
2024-12-01,Blue One L,383.0,383.0,False,False
2024-12-02,Blue One L,713.0,713.0,False,False
2024-12-03,Blue One L,643.0,643.0,False,False
2024-12-04,Blue One L,613.0,613.0,False,False
2024-12-05,Blue One L,548.0,548.0,False,False
2024-12-06,Blue One L,555.0,555.0,False,False
2024-12-07,Blue One L,454.0,454.0,False,False
2024-12-08,Blue One L,312.0,312.0,False,False
2024-12-09,Blue One L,576.0,576.0,False,False
2024-12-10,Blue One L,523.0,523.0,False,False
2024-12-11,Blue One L,526.0,526.0,False,False
2024-12-12,Blue One L,482.0,482.0,False,False
2024-12-13,Blue One L,443.0,443.0,False,False
2024-12-14,Blue One L,365.0,365.0,False,False
2024-12-15,Blue One L,308.0,468.0,True,False
2024-12-16,Blue One L,535.0,535.0,False,False
2024-12-17,Blue One L,476.0,476.0,False,False
2024-12-18,Blue One L,465.0,465.0,False,False
2024-12-19,Blue One L,499.0,499.0,False,False
2024-12-20,Blue One L,468.0,468.0,False,False
2024-12-21,Blue One L,446.0,446.0,False,False
2024-12-22,Blue One L,319.0,319.0,False,False
2024-12-23,Blue One L,543.0,543.0,False,False
2024-12-24,Blue One L,530.0,530.0,False,False
2024-12-25,Blue One L,288.0,288.0,False,False
2024-12-26,Blue One L,529.0,529.0,False,False
2024-12-27,Blue One L,533.0,533.0,False,False
2024-12-28,Blue One L,472.0,472.0,False,False
2024-12-29,Blue One L,325.0,325.0,False,False
2024-12-30,Blue One L,611.0,611.0,False,False
2024-12-31,Blue One L,559.0,559.0,False,False
2025-01-01,Blue One L,243.0,533.0,True,False
2025-01-02,Blue One L,580.0,580.0,False,False
2025-01-03,Blue One L,674.0,674.0,False,False
2025-01-04,Blue One L,517.0,517.0,False,False
2025-01-05,Blue One L,365.0,365.0,False,False
2025-01-06,Blue One L,723.0,723.0,False,False
2025-01-07,Blue One L,554.0,554.0,False,False
2025-01-08,Blue One L,550.0,550.0,False,False
2025-01-09,Blue One L,529.0,529.0,False,False
2025-01-10,Blue One L,543.0,543.0,False,False
2025-01-11,Blue One L,453.0,453.0,False,False
2025-01-12,Blue One L,294.0,494.0,True,False
2025-01-13,Blue One L,550.0,550.0,False,False
2025-01-14,Blue One L,551.0,551.0,False,False
2025-01-15,Blue One L,494.0,494.0,False,False
2025-01-16,Blue One L,488.0,488.0,False,False
2025-01-17,Blue One L,482.0,482.0,False,False
2025-01-18,Blue One L,388.0,388.0,False,False
2025-01-19,Blue One L,268.0,485.0,True,False
2025-01-20,Blue One L,528.0,528.0,False,False
2025-01-21,Blue One L,527.0,527.0,False,False
2025-01-22,Blue One L,488.0,488.0,False,False
2025-01-23,Blue One L,462.0,462.0,False,False
2025-01-24,Blue One L,415.0,415.0,False,False
2025-01-25,Blue One L,485.0,485.0,False,False
2025-01-26,Blue One L,318.0,504.0,True,False
2025-01-27,Blue One L,647.0,647.0,False,False
2025-01-28,Blue One L,576.0,576.0,False,False
2025-01-29,Blue One L,578.0,578.0,False,False
2025-01-30,Blue One L,563.0,563.0,False,False
2025-01-31,Blue One L,566.0,566.0,False,False
2025-02-01,Blue One L,504.0,504.0,False,False
2025-02-02,Blue One L,400.0,400.0,False,False
2025-02-03,Blue One L,675.0,675.0,False,False
2025-02-04,Blue One L,632.0,632.0,False,False
2025-02-05,Blue One L,593.0,593.0,False,False
2025-02-06,Blue One L,589.0,589.0,False,False
2025-02-07,Blue One L,494.0,494.0,False,False
2025-02-08,Blue One L,464.0,464.0,False,False
2025-02-09,Blue One L,300.0,300.0,False,False
2025-02-10,Blue One L,501.0,501.0,False,False
2025-02-11,Blue One L,383.0,383.0,False,False
2025-02-12,Blue One L,604.0,604.0,False,False
2025-02-13,Blue One L,538.0,538.0,False,False
2025-02-14,Blue One L,470.0,470.0,False,False
2025-02-15,Blue One L,403.0,403.0,False,False
2025-02-16,Blue One L,295.0,295.0,False,False
2025-02-17,Blue One L,524.0,524.0,False,False
2025-02-18,Blue One L,511.0,511.0,False,False
2025-02-19,Blue One L,522.0,522.0,False,False
2025-02-20,Blue One L,454.0,454.0,False,False
2025-02-21,Blue One L,467.0,467.0,False,False
2025-02-22,Blue One L,383.0,383.0,False,False
2025-02-23,Blue One L,240.0,522.0,True,False
2025-02-24,Blue One L,548.0,548.0,False,False
2025-02-25,Blue One L,603.0,603.0,False,False
2025-02-26,Blue One L,561.0,561.0,False,False
2025-02-27,Blue One L,603.0,603.0,False,False
2025-02-28,Blue One L,649.0,649.0,False,False
2025-03-01,Blue One L,530.0,530.0,False,False
2025-03-02,Blue One L,348.0,348.0,False,False
2025-03-03,Blue One L,786.0,786.0,False,False
2025-03-04,Blue One L,669.0,669.0,False,False
2025-03-05,Blue One L,658.0,658.0,False,False
2025-03-06,Blue One L,627.0,627.0,False,False
2025-03-07,Blue One L,620.0,620.0,False,False
2025-03-08,Blue One L,447.0,447.0,False,False
2025-03-09,Blue One L,311.0,311.0,False,False
2025-03-10,Blue One L,653.0,653.0,False,False
2025-03-11,Blue One L,553.0,553.0,False,False
2025-03-12,Blue One L,545.0,545.0,False,False
2025-03-13,Blue One L,563.0,563.0,False,False
2025-03-14,Blue One L,516.0,516.0,False,False
2025-03-15,Blue One L,402.0,402.0,False,False
2025-03-16,Blue One L,291.0,291.0,False,False
2025-03-17,Blue One L,558.0,558.0,False,False
2025-03-18,Blue One L,486.0,486.0,False,False
2025-03-19,Blue One L,515.0,515.0,False,False
2025-03-20,Blue One L,475.0,475.0,False,False
2025-03-21,Blue One L,465.0,465.0,False,False
2025-03-22,Blue One L,409.0,409.0,False,False
2025-03-23,Blue One L,303.0,303.0,False,False
2025-03-24,Blue One L,528.0,528.0,False,False
2025-03-25,Blue One L,541.0,541.0,False,False
2025-03-26,Blue One L,562.0,562.0,False,False
2025-03-27,Blue One L,537.0,537.0,False,False
2025-03-28,Blue One L,606.0,606.0,False,False
2025-03-29,Blue One L,462.0,462.0,False,False
2025-03-30,Blue One L,379.0,379.0,False,False
2025-03-31,Blue One L,498.0,498.0,False,False
2025-04-01,Blue One L,638.0,638.0,False,False
2025-04-02,Blue One L,705.0,705.0,False,False
2025-04-03,Blue One L,622.0,622.0,False,False
2025-04-04,Blue One L,687.0,687.0,False,False
2025-04-05,Blue One L,546.0,546.0,False,False
2025-04-06,Blue One L,386.0,386.0,False,False
2025-04-07,Blue One L,614.0,614.0,False,False
2025-04-08,Blue One L,569.0,569.0,False,False
2025-04-09,Blue One L,556.0,556.0,False,False
2025-04-10,Blue One L,498.0,498.0,False,False
2025-04-11,Blue One L,516.0,516.0,False,False
2025-04-12,Blue One L,435.0,435.0,False,False
2025-04-13,Blue One L,327.0,327.0,False,False
2025-04-14,Blue One L,560.0,560.0,False,False
2025-04-15,Blue One L,535.0,535.0,False,False
2025-04-16,Blue One L,473.0,473.0,False,False
2025-04-17,Blue One L,495.0,495.0,False,False
2025-04-18,Blue One L,409.0,409.0,False,False
2025-04-19,Blue One L,368.0,368.0,False,False
2025-04-20,Blue One L,276.0,276.0,False,False
2025-04-21,Blue One L,489.0,489.0,False,False
2025-04-22,Blue One L,525.0,525.0,False,False
2025-04-23,Blue One L,489.0,489.0,False,False
2025-04-24,Blue One L,474.0,474.0,False,False
2025-04-25,Blue One L,541.0,541.0,False,False
2025-04-26,Blue One L,419.0,419.0,False,False
2025-04-27,Blue One L,349.0,349.0,False,False
2025-04-28,Blue One L,666.0,666.0,False,False
2025-04-29,Blue One L,613.0,613.0,False,False
2025-04-30,Blue One L,603.0,603.0,False,False
2025-05-01,Blue One L,456.0,456.0,False,False
2025-05-02,Blue One L,693.0,693.0,False,False
2025-05-03,Blue One L,580.0,580.0,False,False
2025-05-04,Blue One L,408.0,408.0,False,False
2025-05-05,Blue One L,717.0,717.0,False,False
2025-05-06,Blue One L,662.0,662.0,False,False
2025-05-07,Blue One L,576.0,576.0,False,False
2025-05-08,Blue One L,586.0,586.0,False,False
2025-05-09,Blue One L,510.0,510.0,False,False
2025-05-10,Blue One L,472.0,472.0,False,False
2025-05-11,Blue One L,352.0,352.0,False,False
2025-05-12,Blue One L,570.0,570.0,False,False
2025-05-13,Blue One L,483.0,483.0,False,False
2025-05-14,Blue One L,268.0,268.0,False,False
2025-05-15,Blue One L,520.0,520.0,False,False
2025-05-16,Blue One L,132.0,132.0,False,False
2025-05-17,Blue One L,97.0,97.0,False,False
2025-05-18,Blue One L,484.0,484.0,False,False
2025-05-19,Blue One L,595.0,595.0,False,False
2025-05-20,Blue One L,282.0,282.0,False,False
2025-05-21,Blue One L,470.0,470.0,False,False
2025-05-22,Blue One L,399.0,399.0,False,False
2025-05-23,Blue One L,319.0,319.0,False,False
2025-05-24,Blue One L,370.0,370.0,False,False
2025-05-25,Blue One L,15.0,15.0,False,False
2025-05-26,Blue One L,735.0,735.0,False,False
2025-05-27,Blue One L,777.0,777.0,False,False
2025-05-28,Blue One L,633.0,633.0,False,False
2025-05-29,Blue One L,464.0,464.0,False,False
2025-05-30,Blue One L,616.0,616.0,False,False
2025-05-31,Blue One L,477.0,477.0,False,False
2025-06-01,Blue One L,369.0,369.0,False,False
2025-06-02,Blue One L,690.0,690.0,False,False
2025-06-03,Blue One L,648.0,648.0,False,False
2025-06-04,Blue One L,614.0,614.0,False,False
2025-06-05,Blue One L,595.0,595.0,False,False
2025-06-06,Blue One L,479.0,479.0,False,False
2025-06-07,Blue One L,495.0,495.0,False,False
2025-06-08,Blue One L,333.0,333.0,False,False
2025-06-09,Blue One L,623.0,623.0,False,False
2025-06-10,Blue One L,611.0,611.0,False,False
2025-06-11,Blue One L,551.0,551.0,False,False
2025-06-12,Blue One L,539.0,539.0,False,False
2025-06-13,Blue One L,437.0,437.0,False,False
2025-06-14,Blue One L,369.0,369.0,False,False
2025-06-15,Blue One L,223.0,223.0,False,False
2025-06-16,Blue One L,418.0,418.0,False,False
2025-06-17,Blue One L,543.0,543.0,False,False
2025-06-18,Blue One L,569.0,569.0,False,False
2025-06-19,Blue One L,458.0,458.0,False,False
2025-06-20,Blue One L,436.0,436.0,False,False
2025-06-21,Blue One L,327.0,327.0,False,False
2025-06-22,Blue One L,259.0,259.0,False,False
2025-06-23,Blue One L,459.0,459.0,False,False
2025-06-24,Blue One L,406.0,406.0,False,False
2025-06-25,Blue One L,542.0,542.0,False,False
2025-06-26,Blue One L,613.0,613.0,False,False
2025-06-27,Blue One L,645.0,645.0,False,False
2025-06-28,Blue One L,519.0,519.0,False,False
2025-06-29,Blue One L,382.0,382.0,False,False
2025-06-30,Blue One L,683.0,683.0,False,False
2025-07-01,Blue One L,587.0,587.0,False,False
2025-07-02,Blue One L,676.0,676.0,False,False
2025-07-03,Blue One L,637.0,637.0,False,False
2025-07-04,Blue One L,621.0,621.0,False,False
2025-07-05,Blue One L,498.0,498.0,False,False
2025-07-06,Blue One L,393.0,393.0,False,False
2025-07-07,Blue One L,696.0,696.0,False,False
2025-07-08,Blue One L,594.0,594.0,False,False
2025-07-09,Blue One L,549.0,549.0,False,False
2025-07-10,Blue One L,560.0,560.0,False,False
2025-07-11,Blue One L,509.0,509.0,False,False
2025-07-12,Blue One L,390.0,390.0,False,False
2025-07-13,Blue One L,298.0,298.0,False,False
2025-07-14,Blue One L,551.0,551.0,False,False
2025-07-15,Blue One L,465.0,465.0,False,False
2025-07-16,Blue One L,479.0,479.0,False,False
2025-07-17,Blue One L,485.0,485.0,False,False
2025-07-18,Blue One L,547.0,547.0,False,False
2025-07-19,Blue One L,445.0,445.0,False,False
2025-07-20,Blue One L,271.0,485.0,True,False
2025-07-21,Blue One L,486.0,486.0,False,False
2025-07-22,Blue One L,509.0,509.0,False,False
2025-07-23,Blue One L,506.0,506.0,False,False
2025-07-24,Blue One L,415.0,415.0,False,False
2025-07-25,Blue One L,577.0,577.0,False,False
2025-07-26,Blue One L,543.0,543.0,False,False
2025-07-27,Blue One L,412.0,412.0,False,False
2025-07-28,Blue One L,782.0,782.0,False,False
2025-07-29,Blue One L,658.0,658.0,False,False
2025-07-30,Blue One L,658.0,658.0,False,False
2025-07-31,Blue One L,641.0,641.0,False,False
2025-08-01,Blue One L,601.0,601.0,False,False
2025-08-02,Blue One L,489.0,489.0,False,False
2025-08-03,Blue One L,353.0,353.0,False,False
2025-08-04,Blue One L,768.0,768.0,False,False
2025-08-05,Blue One L,668.0,668.0,False,False
2025-08-06,Blue One L,651.0,651.0,False,False
2025-08-07,Blue One L,544.0,544.0,False,False
2025-08-08,Blue One L,586.0,586.0,False,False
2025-08-09,Blue One L,452.0,452.0,False,False
2025-08-10,Blue One L,380.0,380.0,False,False
2025-08-11,Blue One L,580.0,580.0,False,False
2025-08-12,Blue One L,541.0,541.0,False,False
2025-08-13,Blue One L,514.0,514.0,False,False
2025-08-14,Blue One L,481.0,481.0,False,False
2025-08-15,Blue One L,412.0,412.0,False,False
2025-08-16,Blue One L,432.0,432.0,False,False
2025-08-17,Blue One L,209.0,481.0,True,False
2025-08-18,Blue One L,695.0,490.0,True,False
2025-08-19,Blue One L,519.0,519.0,False,False
2025-08-20,Blue One L,490.0,490.0,False,False
2025-08-21,Blue One L,521.0,521.0,False,False
2025-08-22,Blue One L,383.0,383.0,False,False
2025-08-23,Blue One L,472.0,472.0,False,False
2025-08-24,Blue One L,311.0,311.0,False,False
2025-08-25,Blue One L,633.0,633.0,False,False
2025-08-26,Blue One L,624.0,624.0,False,False
